kp0_x,kp0_y,kp1_x,kp1_y,kp2_x,kp2_y,kp3_x,kp3_y,kp4_x,kp4_y,kp5_x,kp5_y,kp6_x,kp6_y,kp7_x,kp7_y,kp8_x,kp8_y,kp9_x,kp9_y,kp10_x,kp10_y,kp11_x,kp11_y,kp12_x,kp12_y,kp13_x,kp13_y,kp14_x,kp14_y,kp15_x,kp15_y,kp16_x,kp16_y,kp17_x,kp17_y,kp18_x,kp18_y,kp19_x,kp19_y,kp20_x,kp20_y,kp21_x,kp21_y,kp22_x,kp22_y,kp23_x,kp23_y,kp24_x,kp24_y,kp25_x,kp25_y,kp26_x,kp26_y,kp27_x,kp27_y,kp28_x,kp28_y,kp29_x,kp29_y,kp30_x,kp30_y,kp31_x,kp31_y,kp32_x,kp32_y,label
0.0,0.0,0.0,0.0,0.0,0.0,0.0,0.0,0.0,0.0,0.0,0.0,0.0,0.0,0.0,0.0,0.0,0.0,0.0,0.0,0.0,0.0,0.0,0.0,0.0,0.0,0.0,0.0,0.0,0.0,0.0,0.0,0.0,0.0,0.0,0.0,0.0,0.0,0.0,0.0,0.0,0.0,0.0,0.0,0.0,0.0,0.0,0.0,0.0,0.0,0.0,0.0,0.0,0.0,0.0,0.0,0.0,0.0,0.0,0.0,0.0,0.0,0.0,0.0,0.0,0.0,0
0.0,0.0,0.0,0.0,0.0,0.0,0.0,0.0,0.0,0.0,0.0,0.0,0.0,0.0,0.0,0.0,0.0,0.0,0.0,0.0,0.0,0.0,0.0,0.0,0.0,0.0,0.0,0.0,0.0,0.0,0.0,0.0,0.0,0.0,0.0,0.0,0.0,0.0,0.0,0.0,0.0,0.0,0.0,0.0,0.0,0.0,0.0,0.0,0.0,0.0,0.0,0.0,0.0,0.0,0.0,0.0,0.0,0.0,0.0,0.0,0.0,0.0,0.0,0.0,0.0,0.0,0
0.0,0.0,0.0,0.0,0.0,0.0,0.0,0.0,0.0,0.0,0.0,0.0,0.0,0.0,0.0,0.0,0.0,0.0,0.0,0.0,0.0,0.0,0.0,0.0,0.0,0.0,0.0,0.0,0.0,0.0,0.0,0.0,0.0,0.0,0.0,0.0,0.0,0.0,0.0,0.0,0.0,0.0,0.0,0.0,0.0,0.0,0.0,0.0,0.0,0.0,0.0,0.0,0.0,0.0,0.0,0.0,0.0,0.0,0.0,0.0,0.0,0.0,0.0,0.0,0.0,0.0,0
0.0,0.0,0.0,0.0,0.0,0.0,0.0,0.0,0.0,0.0,0.0,0.0,0.0,0.0,0.0,0.0,0.0,0.0,0.0,0.0,0.0,0.0,0.0,0.0,0.0,0.0,0.0,0.0,0.0,0.0,0.0,0.0,0.0,0.0,0.0,0.0,0.0,0.0,0.0,0.0,0.0,0.0,0.0,0.0,0.0,0.0,0.0,0.0,0.0,0.0,0.0,0.0,0.0,0.0,0.0,0.0,0.0,0.0,0.0,0.0,0.0,0.0,0.0,0.0,0.0,0.0,0
0.0,0.0,0.0,0.0,0.0,0.0,0.0,0.0,0.0,0.0,0.0,0.0,0.0,0.0,0.0,0.0,0.0,0.0,0.0,0.0,0.0,0.0,0.0,0.0,0.0,0.0,0.0,0.0,0.0,0.0,0.0,0.0,0.0,0.0,0.0,0.0,0.0,0.0,0.0,0.0,0.0,0.0,0.0,0.0,0.0,0.0,0.0,0.0,0.0,0.0,0.0,0.0,0.0,0.0,0.0,0.0,0.0,0.0,0.0,0.0,0.0,0.0,0.0,0.0,0.0,0.0,0
0.0,0.0,0.0,0.0,0.0,0.0,0.0,0.0,0.0,0.0,0.0,0.0,0.0,0.0,0.0,0.0,0.0,0.0,0.0,0.0,0.0,0.0,0.0,0.0,0.0,0.0,0.0,0.0,0.0,0.0,0.0,0.0,0.0,0.0,0.0,0.0,0.0,0.0,0.0,0.0,0.0,0.0,0.0,0.0,0.0,0.0,0.0,0.0,0.0,0.0,0.0,0.0,0.0,0.0,0.0,0.0,0.0,0.0,0.0,0.0,0.0,0.0,0.0,0.0,0.0,0.0,0
0.0,0.0,0.0,0.0,0.0,0.0,0.0,0.0,0.0,0.0,0.0,0.0,0.0,0.0,0.0,0.0,0.0,0.0,0.0,0.0,0.0,0.0,0.0,0.0,0.0,0.0,0.0,0.0,0.0,0.0,0.0,0.0,0.0,0.0,0.0,0.0,0.0,0.0,0.0,0.0,0.0,0.0,0.0,0.0,0.0,0.0,0.0,0.0,0.0,0.0,0.0,0.0,0.0,0.0,0.0,0.0,0.0,0.0,0.0,0.0,0.0,0.0,0.0,0.0,0.0,0.0,0
0.0,0.0,0.0,0.0,0.0,0.0,0.0,0.0,0.0,0.0,0.0,0.0,0.0,0.0,0.0,0.0,0.0,0.0,0.0,0.0,0.0,0.0,0.0,0.0,0.0,0.0,0.0,0.0,0.0,0.0,0.0,0.0,0.0,0.0,0.0,0.0,0.0,0.0,0.0,0.0,0.0,0.0,0.0,0.0,0.0,0.0,0.0,0.0,0.0,0.0,0.0,0.0,0.0,0.0,0.0,0.0,0.0,0.0,0.0,0.0,0.0,0.0,0.0,0.0,0.0,0.0,0
0.0,0.0,0.0,0.0,0.0,0.0,0.0,0.0,0.0,0.0,0.0,0.0,0.0,0.0,0.0,0.0,0.0,0.0,0.0,0.0,0.0,0.0,0.0,0.0,0.0,0.0,0.0,0.0,0.0,0.0,0.0,0.0,0.0,0.0,0.0,0.0,0.0,0.0,0.0,0.0,0.0,0.0,0.0,0.0,0.0,0.0,0.0,0.0,0.0,0.0,0.0,0.0,0.0,0.0,0.0,0.0,0.0,0.0,0.0,0.0,0.0,0.0,0.0,0.0,0.0,0.0,0
0.0,0.0,0.0,0.0,0.0,0.0,0.0,0.0,0.0,0.0,0.0,0.0,0.0,0.0,0.0,0.0,0.0,0.0,0.0,0.0,0.0,0.0,0.0,0.0,0.0,0.0,0.0,0.0,0.0,0.0,0.0,0.0,0.0,0.0,0.0,0.0,0.0,0.0,0.0,0.0,0.0,0.0,0.0,0.0,0.0,0.0,0.0,0.0,0.0,0.0,0.0,0.0,0.0,0.0,0.0,0.0,0.0,0.0,0.0,0.0,0.0,0.0,0.0,0.0,0.0,0.0,0
0.0,0.0,0.0,0.0,0.0,0.0,0.0,0.0,0.0,0.0,0.0,0.0,0.0,0.0,0.0,0.0,0.0,0.0,0.0,0.0,0.0,0.0,0.0,0.0,0.0,0.0,0.0,0.0,0.0,0.0,0.0,0.0,0.0,0.0,0.0,0.0,0.0,0.0,0.0,0.0,0.0,0.0,0.0,0.0,0.0,0.0,0.0,0.0,0.0,0.0,0.0,0.0,0.0,0.0,0.0,0.0,0.0,0.0,0.0,0.0,0.0,0.0,0.0,0.0,0.0,0.0,0
0.0,0.0,0.0,0.0,0.0,0.0,0.0,0.0,0.0,0.0,0.0,0.0,0.0,0.0,0.0,0.0,0.0,0.0,0.0,0.0,0.0,0.0,0.0,0.0,0.0,0.0,0.0,0.0,0.0,0.0,0.0,0.0,0.0,0.0,0.0,0.0,0.0,0.0,0.0,0.0,0.0,0.0,0.0,0.0,0.0,0.0,0.0,0.0,0.0,0.0,0.0,0.0,0.0,0.0,0.0,0.0,0.0,0.0,0.0,0.0,0.0,0.0,0.0,0.0,0.0,0.0,0
0.0,0.0,0.0,0.0,0.0,0.0,0.0,0.0,0.0,0.0,0.0,0.0,0.0,0.0,0.0,0.0,0.0,0.0,0.0,0.0,0.0,0.0,0.0,0.0,0.0,0.0,0.0,0.0,0.0,0.0,0.0,0.0,0.0,0.0,0.0,0.0,0.0,0.0,0.0,0.0,0.0,0.0,0.0,0.0,0.0,0.0,0.0,0.0,0.0,0.0,0.0,0.0,0.0,0.0,0.0,0.0,0.0,0.0,0.0,0.0,0.0,0.0,0.0,0.0,0.0,0.0,0
0.0,0.0,0.0,0.0,0.0,0.0,0.0,0.0,0.0,0.0,0.0,0.0,0.0,0.0,0.0,0.0,0.0,0.0,0.0,0.0,0.0,0.0,0.0,0.0,0.0,0.0,0.0,0.0,0.0,0.0,0.0,0.0,0.0,0.0,0.0,0.0,0.0,0.0,0.0,0.0,0.0,0.0,0.0,0.0,0.0,0.0,0.0,0.0,0.0,0.0,0.0,0.0,0.0,0.0,0.0,0.0,0.0,0.0,0.0,0.0,0.0,0.0,0.0,0.0,0.0,0.0,0
0.0,0.0,0.0,0.0,0.0,0.0,0.0,0.0,0.0,0.0,0.0,0.0,0.0,0.0,0.0,0.0,0.0,0.0,0.0,0.0,0.0,0.0,0.0,0.0,0.0,0.0,0.0,0.0,0.0,0.0,0.0,0.0,0.0,0.0,0.0,0.0,0.0,0.0,0.0,0.0,0.0,0.0,0.0,0.0,0.0,0.0,0.0,0.0,0.0,0.0,0.0,0.0,0.0,0.0,0.0,0.0,0.0,0.0,0.0,0.0,0.0,0.0,0.0,0.0,0.0,0.0,0
0.0,0.0,0.0,0.0,0.0,0.0,0.0,0.0,0.0,0.0,0.0,0.0,0.0,0.0,0.0,0.0,0.0,0.0,0.0,0.0,0.0,0.0,0.0,0.0,0.0,0.0,0.0,0.0,0.0,0.0,0.0,0.0,0.0,0.0,0.0,0.0,0.0,0.0,0.0,0.0,0.0,0.0,0.0,0.0,0.0,0.0,0.0,0.0,0.0,0.0,0.0,0.0,0.0,0.0,0.0,0.0,0.0,0.0,0.0,0.0,0.0,0.0,0.0,0.0,0.0,0.0,0
0.0,0.0,0.0,0.0,0.0,0.0,0.0,0.0,0.0,0.0,0.0,0.0,0.0,0.0,0.0,0.0,0.0,0.0,0.0,0.0,0.0,0.0,0.0,0.0,0.0,0.0,0.0,0.0,0.0,0.0,0.0,0.0,0.0,0.0,0.0,0.0,0.0,0.0,0.0,0.0,0.0,0.0,0.0,0.0,0.0,0.0,0.0,0.0,0.0,0.0,0.0,0.0,0.0,0.0,0.0,0.0,0.0,0.0,0.0,0.0,0.0,0.0,0.0,0.0,0.0,0.0,0
0.0,0.0,0.0,0.0,0.0,0.0,0.0,0.0,0.0,0.0,0.0,0.0,0.0,0.0,0.0,0.0,0.0,0.0,0.0,0.0,0.0,0.0,0.0,0.0,0.0,0.0,0.0,0.0,0.0,0.0,0.0,0.0,0.0,0.0,0.0,0.0,0.0,0.0,0.0,0.0,0.0,0.0,0.0,0.0,0.0,0.0,0.0,0.0,0.0,0.0,0.0,0.0,0.0,0.0,0.0,0.0,0.0,0.0,0.0,0.0,0.0,0.0,0.0,0.0,0.0,0.0,0
0.0,0.0,0.0,0.0,0.0,0.0,0.0,0.0,0.0,0.0,0.0,0.0,0.0,0.0,0.0,0.0,0.0,0.0,0.0,0.0,0.0,0.0,0.0,0.0,0.0,0.0,0.0,0.0,0.0,0.0,0.0,0.0,0.0,0.0,0.0,0.0,0.0,0.0,0.0,0.0,0.0,0.0,0.0,0.0,0.0,0.0,0.0,0.0,0.0,0.0,0.0,0.0,0.0,0.0,0.0,0.0,0.0,0.0,0.0,0.0,0.0,0.0,0.0,0.0,0.0,0.0,0
0.0,0.0,0.0,0.0,0.0,0.0,0.0,0.0,0.0,0.0,0.0,0.0,0.0,0.0,0.0,0.0,0.0,0.0,0.0,0.0,0.0,0.0,0.0,0.0,0.0,0.0,0.0,0.0,0.0,0.0,0.0,0.0,0.0,0.0,0.0,0.0,0.0,0.0,0.0,0.0,0.0,0.0,0.0,0.0,0.0,0.0,0.0,0.0,0.0,0.0,0.0,0.0,0.0,0.0,0.0,0.0,0.0,0.0,0.0,0.0,0.0,0.0,0.0,0.0,0.0,0.0,0
0.0,0.0,0.0,0.0,0.0,0.0,0.0,0.0,0.0,0.0,0.0,0.0,0.0,0.0,0.0,0.0,0.0,0.0,0.0,0.0,0.0,0.0,0.0,0.0,0.0,0.0,0.0,0.0,0.0,0.0,0.0,0.0,0.0,0.0,0.0,0.0,0.0,0.0,0.0,0.0,0.0,0.0,0.0,0.0,0.0,0.0,0.0,0.0,0.0,0.0,0.0,0.0,0.0,0.0,0.0,0.0,0.0,0.0,0.0,0.0,0.0,0.0,0.0,0.0,0.0,0.0,0
0.0,0.0,0.0,0.0,0.0,0.0,0.0,0.0,0.0,0.0,0.0,0.0,0.0,0.0,0.0,0.0,0.0,0.0,0.0,0.0,0.0,0.0,0.0,0.0,0.0,0.0,0.0,0.0,0.0,0.0,0.0,0.0,0.0,0.0,0.0,0.0,0.0,0.0,0.0,0.0,0.0,0.0,0.0,0.0,0.0,0.0,0.0,0.0,0.0,0.0,0.0,0.0,0.0,0.0,0.0,0.0,0.0,0.0,0.0,0.0,0.0,0.0,0.0,0.0,0.0,0.0,0
0.0,0.0,0.0,0.0,0.0,0.0,0.0,0.0,0.0,0.0,0.0,0.0,0.0,0.0,0.0,0.0,0.0,0.0,0.0,0.0,0.0,0.0,0.0,0.0,0.0,0.0,0.0,0.0,0.0,0.0,0.0,0.0,0.0,0.0,0.0,0.0,0.0,0.0,0.0,0.0,0.0,0.0,0.0,0.0,0.0,0.0,0.0,0.0,0.0,0.0,0.0,0.0,0.0,0.0,0.0,0.0,0.0,0.0,0.0,0.0,0.0,0.0,0.0,0.0,0.0,0.0,0
0.0,0.0,0.0,0.0,0.0,0.0,0.0,0.0,0.0,0.0,0.0,0.0,0.0,0.0,0.0,0.0,0.0,0.0,0.0,0.0,0.0,0.0,0.0,0.0,0.0,0.0,0.0,0.0,0.0,0.0,0.0,0.0,0.0,0.0,0.0,0.0,0.0,0.0,0.0,0.0,0.0,0.0,0.0,0.0,0.0,0.0,0.0,0.0,0.0,0.0,0.0,0.0,0.0,0.0,0.0,0.0,0.0,0.0,0.0,0.0,0.0,0.0,0.0,0.0,0.0,0.0,0
0.0,0.0,0.0,0.0,0.0,0.0,0.0,0.0,0.0,0.0,0.0,0.0,0.0,0.0,0.0,0.0,0.0,0.0,0.0,0.0,0.0,0.0,0.0,0.0,0.0,0.0,0.0,0.0,0.0,0.0,0.0,0.0,0.0,0.0,0.0,0.0,0.0,0.0,0.0,0.0,0.0,0.0,0.0,0.0,0.0,0.0,0.0,0.0,0.0,0.0,0.0,0.0,0.0,0.0,0.0,0.0,0.0,0.0,0.0,0.0,0.0,0.0,0.0,0.0,0.0,0.0,0
0.0,0.0,0.0,0.0,0.0,0.0,0.0,0.0,0.0,0.0,0.0,0.0,0.0,0.0,0.0,0.0,0.0,0.0,0.0,0.0,0.0,0.0,0.0,0.0,0.0,0.0,0.0,0.0,0.0,0.0,0.0,0.0,0.0,0.0,0.0,0.0,0.0,0.0,0.0,0.0,0.0,0.0,0.0,0.0,0.0,0.0,0.0,0.0,0.0,0.0,0.0,0.0,0.0,0.0,0.0,0.0,0.0,0.0,0.0,0.0,0.0,0.0,0.0,0.0,0.0,0.0,0
0.0,0.0,0.0,0.0,0.0,0.0,0.0,0.0,0.0,0.0,0.0,0.0,0.0,0.0,0.0,0.0,0.0,0.0,0.0,0.0,0.0,0.0,0.0,0.0,0.0,0.0,0.0,0.0,0.0,0.0,0.0,0.0,0.0,0.0,0.0,0.0,0.0,0.0,0.0,0.0,0.0,0.0,0.0,0.0,0.0,0.0,0.0,0.0,0.0,0.0,0.0,0.0,0.0,0.0,0.0,0.0,0.0,0.0,0.0,0.0,0.0,0.0,0.0,0.0,0.0,0.0,0
0.0,0.0,0.0,0.0,0.0,0.0,0.0,0.0,0.0,0.0,0.0,0.0,0.0,0.0,0.0,0.0,0.0,0.0,0.0,0.0,0.0,0.0,0.0,0.0,0.0,0.0,0.0,0.0,0.0,0.0,0.0,0.0,0.0,0.0,0.0,0.0,0.0,0.0,0.0,0.0,0.0,0.0,0.0,0.0,0.0,0.0,0.0,0.0,0.0,0.0,0.0,0.0,0.0,0.0,0.0,0.0,0.0,0.0,0.0,0.0,0.0,0.0,0.0,0.0,0.0,0.0,0
0.0,0.0,0.0,0.0,0.0,0.0,0.0,0.0,0.0,0.0,0.0,0.0,0.0,0.0,0.0,0.0,0.0,0.0,0.0,0.0,0.0,0.0,0.0,0.0,0.0,0.0,0.0,0.0,0.0,0.0,0.0,0.0,0.0,0.0,0.0,0.0,0.0,0.0,0.0,0.0,0.0,0.0,0.0,0.0,0.0,0.0,0.0,0.0,0.0,0.0,0.0,0.0,0.0,0.0,0.0,0.0,0.0,0.0,0.0,0.0,0.0,0.0,0.0,0.0,0.0,0.0,0
0.0,0.0,0.0,0.0,0.0,0.0,0.0,0.0,0.0,0.0,0.0,0.0,0.0,0.0,0.0,0.0,0.0,0.0,0.0,0.0,0.0,0.0,0.0,0.0,0.0,0.0,0.0,0.0,0.0,0.0,0.0,0.0,0.0,0.0,0.0,0.0,0.0,0.0,0.0,0.0,0.0,0.0,0.0,0.0,0.0,0.0,0.0,0.0,0.0,0.0,0.0,0.0,0.0,0.0,0.0,0.0,0.0,0.0,0.0,0.0,0.0,0.0,0.0,0.0,0.0,0.0,0
0.0,0.0,0.0,0.0,0.0,0.0,0.0,0.0,0.0,0.0,0.0,0.0,0.0,0.0,0.0,0.0,0.0,0.0,0.0,0.0,0.0,0.0,0.0,0.0,0.0,0.0,0.0,0.0,0.0,0.0,0.0,0.0,0.0,0.0,0.0,0.0,0.0,0.0,0.0,0.0,0.0,0.0,0.0,0.0,0.0,0.0,0.0,0.0,0.0,0.0,0.0,0.0,0.0,0.0,0.0,0.0,0.0,0.0,0.0,0.0,0.0,0.0,0.0,0.0,0.0,0.0,0
0.0,0.0,0.0,0.0,0.0,0.0,0.0,0.0,0.0,0.0,0.0,0.0,0.0,0.0,0.0,0.0,0.0,0.0,0.0,0.0,0.0,0.0,0.0,0.0,0.0,0.0,0.0,0.0,0.0,0.0,0.0,0.0,0.0,0.0,0.0,0.0,0.0,0.0,0.0,0.0,0.0,0.0,0.0,0.0,0.0,0.0,0.0,0.0,0.0,0.0,0.0,0.0,0.0,0.0,0.0,0.0,0.0,0.0,0.0,0.0,0.0,0.0,0.0,0.0,0.0,0.0,0
0.0,0.0,0.0,0.0,0.0,0.0,0.0,0.0,0.0,0.0,0.0,0.0,0.0,0.0,0.0,0.0,0.0,0.0,0.0,0.0,0.0,0.0,0.0,0.0,0.0,0.0,0.0,0.0,0.0,0.0,0.0,0.0,0.0,0.0,0.0,0.0,0.0,0.0,0.0,0.0,0.0,0.0,0.0,0.0,0.0,0.0,0.0,0.0,0.0,0.0,0.0,0.0,0.0,0.0,0.0,0.0,0.0,0.0,0.0,0.0,0.0,0.0,0.0,0.0,0.0,0.0,0
0.0,0.0,0.0,0.0,0.0,0.0,0.0,0.0,0.0,0.0,0.0,0.0,0.0,0.0,0.0,0.0,0.0,0.0,0.0,0.0,0.0,0.0,0.0,0.0,0.0,0.0,0.0,0.0,0.0,0.0,0.0,0.0,0.0,0.0,0.0,0.0,0.0,0.0,0.0,0.0,0.0,0.0,0.0,0.0,0.0,0.0,0.0,0.0,0.0,0.0,0.0,0.0,0.0,0.0,0.0,0.0,0.0,0.0,0.0,0.0,0.0,0.0,0.0,0.0,0.0,0.0,0
0.0,0.0,0.0,0.0,0.0,0.0,0.0,0.0,0.0,0.0,0.0,0.0,0.0,0.0,0.0,0.0,0.0,0.0,0.0,0.0,0.0,0.0,0.0,0.0,0.0,0.0,0.0,0.0,0.0,0.0,0.0,0.0,0.0,0.0,0.0,0.0,0.0,0.0,0.0,0.0,0.0,0.0,0.0,0.0,0.0,0.0,0.0,0.0,0.0,0.0,0.0,0.0,0.0,0.0,0.0,0.0,0.0,0.0,0.0,0.0,0.0,0.0,0.0,0.0,0.0,0.0,0
0.0,0.0,0.0,0.0,0.0,0.0,0.0,0.0,0.0,0.0,0.0,0.0,0.0,0.0,0.0,0.0,0.0,0.0,0.0,0.0,0.0,0.0,0.0,0.0,0.0,0.0,0.0,0.0,0.0,0.0,0.0,0.0,0.0,0.0,0.0,0.0,0.0,0.0,0.0,0.0,0.0,0.0,0.0,0.0,0.0,0.0,0.0,0.0,0.0,0.0,0.0,0.0,0.0,0.0,0.0,0.0,0.0,0.0,0.0,0.0,0.0,0.0,0.0,0.0,0.0,0.0,0
0.0,0.0,0.0,0.0,0.0,0.0,0.0,0.0,0.0,0.0,0.0,0.0,0.0,0.0,0.0,0.0,0.0,0.0,0.0,0.0,0.0,0.0,0.0,0.0,0.0,0.0,0.0,0.0,0.0,0.0,0.0,0.0,0.0,0.0,0.0,0.0,0.0,0.0,0.0,0.0,0.0,0.0,0.0,0.0,0.0,0.0,0.0,0.0,0.0,0.0,0.0,0.0,0.0,0.0,0.0,0.0,0.0,0.0,0.0,0.0,0.0,0.0,0.0,0.0,0.0,0.0,0
0.0,0.0,0.0,0.0,0.0,0.0,0.0,0.0,0.0,0.0,0.0,0.0,0.0,0.0,0.0,0.0,0.0,0.0,0.0,0.0,0.0,0.0,0.0,0.0,0.0,0.0,0.0,0.0,0.0,0.0,0.0,0.0,0.0,0.0,0.0,0.0,0.0,0.0,0.0,0.0,0.0,0.0,0.0,0.0,0.0,0.0,0.0,0.0,0.0,0.0,0.0,0.0,0.0,0.0,0.0,0.0,0.0,0.0,0.0,0.0,0.0,0.0,0.0,0.0,0.0,0.0,0
0.0,0.0,0.0,0.0,0.0,0.0,0.0,0.0,0.0,0.0,0.0,0.0,0.0,0.0,0.0,0.0,0.0,0.0,0.0,0.0,0.0,0.0,0.0,0.0,0.0,0.0,0.0,0.0,0.0,0.0,0.0,0.0,0.0,0.0,0.0,0.0,0.0,0.0,0.0,0.0,0.0,0.0,0.0,0.0,0.0,0.0,0.0,0.0,0.0,0.0,0.0,0.0,0.0,0.0,0.0,0.0,0.0,0.0,0.0,0.0,0.0,0.0,0.0,0.0,0.0,0.0,0
0.0,0.0,0.0,0.0,0.0,0.0,0.0,0.0,0.0,0.0,0.0,0.0,0.0,0.0,0.0,0.0,0.0,0.0,0.0,0.0,0.0,0.0,0.0,0.0,0.0,0.0,0.0,0.0,0.0,0.0,0.0,0.0,0.0,0.0,0.0,0.0,0.0,0.0,0.0,0.0,0.0,0.0,0.0,0.0,0.0,0.0,0.0,0.0,0.0,0.0,0.0,0.0,0.0,0.0,0.0,0.0,0.0,0.0,0.0,0.0,0.0,0.0,0.0,0.0,0.0,0.0,0
0.0,0.0,0.0,0.0,0.0,0.0,0.0,0.0,0.0,0.0,0.0,0.0,0.0,0.0,0.0,0.0,0.0,0.0,0.0,0.0,0.0,0.0,0.0,0.0,0.0,0.0,0.0,0.0,0.0,0.0,0.0,0.0,0.0,0.0,0.0,0.0,0.0,0.0,0.0,0.0,0.0,0.0,0.0,0.0,0.0,0.0,0.0,0.0,0.0,0.0,0.0,0.0,0.0,0.0,0.0,0.0,0.0,0.0,0.0,0.0,0.0,0.0,0.0,0.0,0.0,0.0,0
0.0,0.0,0.0,0.0,0.0,0.0,0.0,0.0,0.0,0.0,0.0,0.0,0.0,0.0,0.0,0.0,0.0,0.0,0.0,0.0,0.0,0.0,0.0,0.0,0.0,0.0,0.0,0.0,0.0,0.0,0.0,0.0,0.0,0.0,0.0,0.0,0.0,0.0,0.0,0.0,0.0,0.0,0.0,0.0,0.0,0.0,0.0,0.0,0.0,0.0,0.0,0.0,0.0,0.0,0.0,0.0,0.0,0.0,0.0,0.0,0.0,0.0,0.0,0.0,0.0,0.0,0
0.0,0.0,0.0,0.0,0.0,0.0,0.0,0.0,0.0,0.0,0.0,0.0,0.0,0.0,0.0,0.0,0.0,0.0,0.0,0.0,0.0,0.0,0.0,0.0,0.0,0.0,0.0,0.0,0.0,0.0,0.0,0.0,0.0,0.0,0.0,0.0,0.0,0.0,0.0,0.0,0.0,0.0,0.0,0.0,0.0,0.0,0.0,0.0,0.0,0.0,0.0,0.0,0.0,0.0,0.0,0.0,0.0,0.0,0.0,0.0,0.0,0.0,0.0,0.0,0.0,0.0,0
0.0,0.0,0.0,0.0,0.0,0.0,0.0,0.0,0.0,0.0,0.0,0.0,0.0,0.0,0.0,0.0,0.0,0.0,0.0,0.0,0.0,0.0,0.0,0.0,0.0,0.0,0.0,0.0,0.0,0.0,0.0,0.0,0.0,0.0,0.0,0.0,0.0,0.0,0.0,0.0,0.0,0.0,0.0,0.0,0.0,0.0,0.0,0.0,0.0,0.0,0.0,0.0,0.0,0.0,0.0,0.0,0.0,0.0,0.0,0.0,0.0,0.0,0.0,0.0,0.0,0.0,0
0.0,0.0,0.0,0.0,0.0,0.0,0.0,0.0,0.0,0.0,0.0,0.0,0.0,0.0,0.0,0.0,0.0,0.0,0.0,0.0,0.0,0.0,0.0,0.0,0.0,0.0,0.0,0.0,0.0,0.0,0.0,0.0,0.0,0.0,0.0,0.0,0.0,0.0,0.0,0.0,0.0,0.0,0.0,0.0,0.0,0.0,0.0,0.0,0.0,0.0,0.0,0.0,0.0,0.0,0.0,0.0,0.0,0.0,0.0,0.0,0.0,0.0,0.0,0.0,0.0,0.0,0
0.0,0.0,0.0,0.0,0.0,0.0,0.0,0.0,0.0,0.0,0.0,0.0,0.0,0.0,0.0,0.0,0.0,0.0,0.0,0.0,0.0,0.0,0.0,0.0,0.0,0.0,0.0,0.0,0.0,0.0,0.0,0.0,0.0,0.0,0.0,0.0,0.0,0.0,0.0,0.0,0.0,0.0,0.0,0.0,0.0,0.0,0.0,0.0,0.0,0.0,0.0,0.0,0.0,0.0,0.0,0.0,0.0,0.0,0.0,0.0,0.0,0.0,0.0,0.0,0.0,0.0,0
0.0,0.0,0.0,0.0,0.0,0.0,0.0,0.0,0.0,0.0,0.0,0.0,0.0,0.0,0.0,0.0,0.0,0.0,0.0,0.0,0.0,0.0,0.0,0.0,0.0,0.0,0.0,0.0,0.0,0.0,0.0,0.0,0.0,0.0,0.0,0.0,0.0,0.0,0.0,0.0,0.0,0.0,0.0,0.0,0.0,0.0,0.0,0.0,0.0,0.0,0.0,0.0,0.0,0.0,0.0,0.0,0.0,0.0,0.0,0.0,0.0,0.0,0.0,0.0,0.0,0.0,0
0.0,0.0,0.0,0.0,0.0,0.0,0.0,0.0,0.0,0.0,0.0,0.0,0.0,0.0,0.0,0.0,0.0,0.0,0.0,0.0,0.0,0.0,0.0,0.0,0.0,0.0,0.0,0.0,0.0,0.0,0.0,0.0,0.0,0.0,0.0,0.0,0.0,0.0,0.0,0.0,0.0,0.0,0.0,0.0,0.0,0.0,0.0,0.0,0.0,0.0,0.0,0.0,0.0,0.0,0.0,0.0,0.0,0.0,0.0,0.0,0.0,0.0,0.0,0.0,0.0,0.0,0
0.0,0.0,0.0,0.0,0.0,0.0,0.0,0.0,0.0,0.0,0.0,0.0,0.0,0.0,0.0,0.0,0.0,0.0,0.0,0.0,0.0,0.0,0.0,0.0,0.0,0.0,0.0,0.0,0.0,0.0,0.0,0.0,0.0,0.0,0.0,0.0,0.0,0.0,0.0,0.0,0.0,0.0,0.0,0.0,0.0,0.0,0.0,0.0,0.0,0.0,0.0,0.0,0.0,0.0,0.0,0.0,0.0,0.0,0.0,0.0,0.0,0.0,0.0,0.0,0.0,0.0,0
0.0,0.0,0.0,0.0,0.0,0.0,0.0,0.0,0.0,0.0,0.0,0.0,0.0,0.0,0.0,0.0,0.0,0.0,0.0,0.0,0.0,0.0,0.0,0.0,0.0,0.0,0.0,0.0,0.0,0.0,0.0,0.0,0.0,0.0,0.0,0.0,0.0,0.0,0.0,0.0,0.0,0.0,0.0,0.0,0.0,0.0,0.0,0.0,0.0,0.0,0.0,0.0,0.0,0.0,0.0,0.0,0.0,0.0,0.0,0.0,0.0,0.0,0.0,0.0,0.0,0.0,0
0.0,0.0,0.0,0.0,0.0,0.0,0.0,0.0,0.0,0.0,0.0,0.0,0.0,0.0,0.0,0.0,0.0,0.0,0.0,0.0,0.0,0.0,0.0,0.0,0.0,0.0,0.0,0.0,0.0,0.0,0.0,0.0,0.0,0.0,0.0,0.0,0.0,0.0,0.0,0.0,0.0,0.0,0.0,0.0,0.0,0.0,0.0,0.0,0.0,0.0,0.0,0.0,0.0,0.0,0.0,0.0,0.0,0.0,0.0,0.0,0.0,0.0,0.0,0.0,0.0,0.0,0
0.0,0.0,0.0,0.0,0.0,0.0,0.0,0.0,0.0,0.0,0.0,0.0,0.0,0.0,0.0,0.0,0.0,0.0,0.0,0.0,0.0,0.0,0.0,0.0,0.0,0.0,0.0,0.0,0.0,0.0,0.0,0.0,0.0,0.0,0.0,0.0,0.0,0.0,0.0,0.0,0.0,0.0,0.0,0.0,0.0,0.0,0.0,0.0,0.0,0.0,0.0,0.0,0.0,0.0,0.0,0.0,0.0,0.0,0.0,0.0,0.0,0.0,0.0,0.0,0.0,0.0,0
0.0,0.0,0.0,0.0,0.0,0.0,0.0,0.0,0.0,0.0,0.0,0.0,0.0,0.0,0.0,0.0,0.0,0.0,0.0,0.0,0.0,0.0,0.0,0.0,0.0,0.0,0.0,0.0,0.0,0.0,0.0,0.0,0.0,0.0,0.0,0.0,0.0,0.0,0.0,0.0,0.0,0.0,0.0,0.0,0.0,0.0,0.0,0.0,0.0,0.0,0.0,0.0,0.0,0.0,0.0,0.0,0.0,0.0,0.0,0.0,0.0,0.0,0.0,0.0,0.0,0.0,0
0.0,0.0,0.0,0.0,0.0,0.0,0.0,0.0,0.0,0.0,0.0,0.0,0.0,0.0,0.0,0.0,0.0,0.0,0.0,0.0,0.0,0.0,0.0,0.0,0.0,0.0,0.0,0.0,0.0,0.0,0.0,0.0,0.0,0.0,0.0,0.0,0.0,0.0,0.0,0.0,0.0,0.0,0.0,0.0,0.0,0.0,0.0,0.0,0.0,0.0,0.0,0.0,0.0,0.0,0.0,0.0,0.0,0.0,0.0,0.0,0.0,0.0,0.0,0.0,0.0,0.0,0
0.0,0.0,0.0,0.0,0.0,0.0,0.0,0.0,0.0,0.0,0.0,0.0,0.0,0.0,0.0,0.0,0.0,0.0,0.0,0.0,0.0,0.0,0.0,0.0,0.0,0.0,0.0,0.0,0.0,0.0,0.0,0.0,0.0,0.0,0.0,0.0,0.0,0.0,0.0,0.0,0.0,0.0,0.0,0.0,0.0,0.0,0.0,0.0,0.0,0.0,0.0,0.0,0.0,0.0,0.0,0.0,0.0,0.0,0.0,0.0,0.0,0.0,0.0,0.0,0.0,0.0,0
0.0,0.0,0.0,0.0,0.0,0.0,0.0,0.0,0.0,0.0,0.0,0.0,0.0,0.0,0.0,0.0,0.0,0.0,0.0,0.0,0.0,0.0,0.0,0.0,0.0,0.0,0.0,0.0,0.0,0.0,0.0,0.0,0.0,0.0,0.0,0.0,0.0,0.0,0.0,0.0,0.0,0.0,0.0,0.0,0.0,0.0,0.0,0.0,0.0,0.0,0.0,0.0,0.0,0.0,0.0,0.0,0.0,0.0,0.0,0.0,0.0,0.0,0.0,0.0,0.0,0.0,0
0.0,0.0,0.0,0.0,0.0,0.0,0.0,0.0,0.0,0.0,0.0,0.0,0.0,0.0,0.0,0.0,0.0,0.0,0.0,0.0,0.0,0.0,0.0,0.0,0.0,0.0,0.0,0.0,0.0,0.0,0.0,0.0,0.0,0.0,0.0,0.0,0.0,0.0,0.0,0.0,0.0,0.0,0.0,0.0,0.0,0.0,0.0,0.0,0.0,0.0,0.0,0.0,0.0,0.0,0.0,0.0,0.0,0.0,0.0,0.0,0.0,0.0,0.0,0.0,0.0,0.0,0
0.0,0.0,0.0,0.0,0.0,0.0,0.0,0.0,0.0,0.0,0.0,0.0,0.0,0.0,0.0,0.0,0.0,0.0,0.0,0.0,0.0,0.0,0.0,0.0,0.0,0.0,0.0,0.0,0.0,0.0,0.0,0.0,0.0,0.0,0.0,0.0,0.0,0.0,0.0,0.0,0.0,0.0,0.0,0.0,0.0,0.0,0.0,0.0,0.0,0.0,0.0,0.0,0.0,0.0,0.0,0.0,0.0,0.0,0.0,0.0,0.0,0.0,0.0,0.0,0.0,0.0,0
0.0,0.0,0.0,0.0,0.0,0.0,0.0,0.0,0.0,0.0,0.0,0.0,0.0,0.0,0.0,0.0,0.0,0.0,0.0,0.0,0.0,0.0,0.0,0.0,0.0,0.0,0.0,0.0,0.0,0.0,0.0,0.0,0.0,0.0,0.0,0.0,0.0,0.0,0.0,0.0,0.0,0.0,0.0,0.0,0.0,0.0,0.0,0.0,0.0,0.0,0.0,0.0,0.0,0.0,0.0,0.0,0.0,0.0,0.0,0.0,0.0,0.0,0.0,0.0,0.0,0.0,0
0.0,0.0,0.0,0.0,0.0,0.0,0.0,0.0,0.0,0.0,0.0,0.0,0.0,0.0,0.0,0.0,0.0,0.0,0.0,0.0,0.0,0.0,0.0,0.0,0.0,0.0,0.0,0.0,0.0,0.0,0.0,0.0,0.0,0.0,0.0,0.0,0.0,0.0,0.0,0.0,0.0,0.0,0.0,0.0,0.0,0.0,0.0,0.0,0.0,0.0,0.0,0.0,0.0,0.0,0.0,0.0,0.0,0.0,0.0,0.0,0.0,0.0,0.0,0.0,0.0,0.0,0
0.0,0.0,0.0,0.0,0.0,0.0,0.0,0.0,0.0,0.0,0.0,0.0,0.0,0.0,0.0,0.0,0.0,0.0,0.0,0.0,0.0,0.0,0.0,0.0,0.0,0.0,0.0,0.0,0.0,0.0,0.0,0.0,0.0,0.0,0.0,0.0,0.0,0.0,0.0,0.0,0.0,0.0,0.0,0.0,0.0,0.0,0.0,0.0,0.0,0.0,0.0,0.0,0.0,0.0,0.0,0.0,0.0,0.0,0.0,0.0,0.0,0.0,0.0,0.0,0.0,0.0,0
0.0,0.0,0.0,0.0,0.0,0.0,0.0,0.0,0.0,0.0,0.0,0.0,0.0,0.0,0.0,0.0,0.0,0.0,0.0,0.0,0.0,0.0,0.0,0.0,0.0,0.0,0.0,0.0,0.0,0.0,0.0,0.0,0.0,0.0,0.0,0.0,0.0,0.0,0.0,0.0,0.0,0.0,0.0,0.0,0.0,0.0,0.0,0.0,0.0,0.0,0.0,0.0,0.0,0.0,0.0,0.0,0.0,0.0,0.0,0.0,0.0,0.0,0.0,0.0,0.0,0.0,0
0.0,0.0,0.0,0.0,0.0,0.0,0.0,0.0,0.0,0.0,0.0,0.0,0.0,0.0,0.0,0.0,0.0,0.0,0.0,0.0,0.0,0.0,0.0,0.0,0.0,0.0,0.0,0.0,0.0,0.0,0.0,0.0,0.0,0.0,0.0,0.0,0.0,0.0,0.0,0.0,0.0,0.0,0.0,0.0,0.0,0.0,0.0,0.0,0.0,0.0,0.0,0.0,0.0,0.0,0.0,0.0,0.0,0.0,0.0,0.0,0.0,0.0,0.0,0.0,0.0,0.0,0
0.0,0.0,0.0,0.0,0.0,0.0,0.0,0.0,0.0,0.0,0.0,0.0,0.0,0.0,0.0,0.0,0.0,0.0,0.0,0.0,0.0,0.0,0.0,0.0,0.0,0.0,0.0,0.0,0.0,0.0,0.0,0.0,0.0,0.0,0.0,0.0,0.0,0.0,0.0,0.0,0.0,0.0,0.0,0.0,0.0,0.0,0.0,0.0,0.0,0.0,0.0,0.0,0.0,0.0,0.0,0.0,0.0,0.0,0.0,0.0,0.0,0.0,0.0,0.0,0.0,0.0,0
0.0,0.0,0.0,0.0,0.0,0.0,0.0,0.0,0.0,0.0,0.0,0.0,0.0,0.0,0.0,0.0,0.0,0.0,0.0,0.0,0.0,0.0,0.0,0.0,0.0,0.0,0.0,0.0,0.0,0.0,0.0,0.0,0.0,0.0,0.0,0.0,0.0,0.0,0.0,0.0,0.0,0.0,0.0,0.0,0.0,0.0,0.0,0.0,0.0,0.0,0.0,0.0,0.0,0.0,0.0,0.0,0.0,0.0,0.0,0.0,0.0,0.0,0.0,0.0,0.0,0.0,0
0.0,0.0,0.0,0.0,0.0,0.0,0.0,0.0,0.0,0.0,0.0,0.0,0.0,0.0,0.0,0.0,0.0,0.0,0.0,0.0,0.0,0.0,0.0,0.0,0.0,0.0,0.0,0.0,0.0,0.0,0.0,0.0,0.0,0.0,0.0,0.0,0.0,0.0,0.0,0.0,0.0,0.0,0.0,0.0,0.0,0.0,0.0,0.0,0.0,0.0,0.0,0.0,0.0,0.0,0.0,0.0,0.0,0.0,0.0,0.0,0.0,0.0,0.0,0.0,0.0,0.0,0
0.0,0.0,0.0,0.0,0.0,0.0,0.0,0.0,0.0,0.0,0.0,0.0,0.0,0.0,0.0,0.0,0.0,0.0,0.0,0.0,0.0,0.0,0.0,0.0,0.0,0.0,0.0,0.0,0.0,0.0,0.0,0.0,0.0,0.0,0.0,0.0,0.0,0.0,0.0,0.0,0.0,0.0,0.0,0.0,0.0,0.0,0.0,0.0,0.0,0.0,0.0,0.0,0.0,0.0,0.0,0.0,0.0,0.0,0.0,0.0,0.0,0.0,0.0,0.0,0.0,0.0,0
0.0,0.0,0.0,0.0,0.0,0.0,0.0,0.0,0.0,0.0,0.0,0.0,0.0,0.0,0.0,0.0,0.0,0.0,0.0,0.0,0.0,0.0,0.0,0.0,0.0,0.0,0.0,0.0,0.0,0.0,0.0,0.0,0.0,0.0,0.0,0.0,0.0,0.0,0.0,0.0,0.0,0.0,0.0,0.0,0.0,0.0,0.0,0.0,0.0,0.0,0.0,0.0,0.0,0.0,0.0,0.0,0.0,0.0,0.0,0.0,0.0,0.0,0.0,0.0,0.0,0.0,0
0.0,0.0,0.0,0.0,0.0,0.0,0.0,0.0,0.0,0.0,0.0,0.0,0.0,0.0,0.0,0.0,0.0,0.0,0.0,0.0,0.0,0.0,0.0,0.0,0.0,0.0,0.0,0.0,0.0,0.0,0.0,0.0,0.0,0.0,0.0,0.0,0.0,0.0,0.0,0.0,0.0,0.0,0.0,0.0,0.0,0.0,0.0,0.0,0.0,0.0,0.0,0.0,0.0,0.0,0.0,0.0,0.0,0.0,0.0,0.0,0.0,0.0,0.0,0.0,0.0,0.0,0
0.0,0.0,0.0,0.0,0.0,0.0,0.0,0.0,0.0,0.0,0.0,0.0,0.0,0.0,0.0,0.0,0.0,0.0,0.0,0.0,0.0,0.0,0.0,0.0,0.0,0.0,0.0,0.0,0.0,0.0,0.0,0.0,0.0,0.0,0.0,0.0,0.0,0.0,0.0,0.0,0.0,0.0,0.0,0.0,0.0,0.0,0.0,0.0,0.0,0.0,0.0,0.0,0.0,0.0,0.0,0.0,0.0,0.0,0.0,0.0,0.0,0.0,0.0,0.0,0.0,0.0,0
0.0,0.0,0.0,0.0,0.0,0.0,0.0,0.0,0.0,0.0,0.0,0.0,0.0,0.0,0.0,0.0,0.0,0.0,0.0,0.0,0.0,0.0,0.0,0.0,0.0,0.0,0.0,0.0,0.0,0.0,0.0,0.0,0.0,0.0,0.0,0.0,0.0,0.0,0.0,0.0,0.0,0.0,0.0,0.0,0.0,0.0,0.0,0.0,0.0,0.0,0.0,0.0,0.0,0.0,0.0,0.0,0.0,0.0,0.0,0.0,0.0,0.0,0.0,0.0,0.0,0.0,0
0.0,0.0,0.0,0.0,0.0,0.0,0.0,0.0,0.0,0.0,0.0,0.0,0.0,0.0,0.0,0.0,0.0,0.0,0.0,0.0,0.0,0.0,0.0,0.0,0.0,0.0,0.0,0.0,0.0,0.0,0.0,0.0,0.0,0.0,0.0,0.0,0.0,0.0,0.0,0.0,0.0,0.0,0.0,0.0,0.0,0.0,0.0,0.0,0.0,0.0,0.0,0.0,0.0,0.0,0.0,0.0,0.0,0.0,0.0,0.0,0.0,0.0,0.0,0.0,0.0,0.0,0
0.0,0.0,0.0,0.0,0.0,0.0,0.0,0.0,0.0,0.0,0.0,0.0,0.0,0.0,0.0,0.0,0.0,0.0,0.0,0.0,0.0,0.0,0.0,0.0,0.0,0.0,0.0,0.0,0.0,0.0,0.0,0.0,0.0,0.0,0.0,0.0,0.0,0.0,0.0,0.0,0.0,0.0,0.0,0.0,0.0,0.0,0.0,0.0,0.0,0.0,0.0,0.0,0.0,0.0,0.0,0.0,0.0,0.0,0.0,0.0,0.0,0.0,0.0,0.0,0.0,0.0,0
0.0,0.0,0.0,0.0,0.0,0.0,0.0,0.0,0.0,0.0,0.0,0.0,0.0,0.0,0.0,0.0,0.0,0.0,0.0,0.0,0.0,0.0,0.0,0.0,0.0,0.0,0.0,0.0,0.0,0.0,0.0,0.0,0.0,0.0,0.0,0.0,0.0,0.0,0.0,0.0,0.0,0.0,0.0,0.0,0.0,0.0,0.0,0.0,0.0,0.0,0.0,0.0,0.0,0.0,0.0,0.0,0.0,0.0,0.0,0.0,0.0,0.0,0.0,0.0,0.0,0.0,0
0.0,0.0,0.0,0.0,0.0,0.0,0.0,0.0,0.0,0.0,0.0,0.0,0.0,0.0,0.0,0.0,0.0,0.0,0.0,0.0,0.0,0.0,0.0,0.0,0.0,0.0,0.0,0.0,0.0,0.0,0.0,0.0,0.0,0.0,0.0,0.0,0.0,0.0,0.0,0.0,0.0,0.0,0.0,0.0,0.0,0.0,0.0,0.0,0.0,0.0,0.0,0.0,0.0,0.0,0.0,0.0,0.0,0.0,0.0,0.0,0.0,0.0,0.0,0.0,0.0,0.0,0
0.0,0.0,0.0,0.0,0.0,0.0,0.0,0.0,0.0,0.0,0.0,0.0,0.0,0.0,0.0,0.0,0.0,0.0,0.0,0.0,0.0,0.0,0.0,0.0,0.0,0.0,0.0,0.0,0.0,0.0,0.0,0.0,0.0,0.0,0.0,0.0,0.0,0.0,0.0,0.0,0.0,0.0,0.0,0.0,0.0,0.0,0.0,0.0,0.0,0.0,0.0,0.0,0.0,0.0,0.0,0.0,0.0,0.0,0.0,0.0,0.0,0.0,0.0,0.0,0.0,0.0,0
0.0,0.0,0.0,0.0,0.0,0.0,0.0,0.0,0.0,0.0,0.0,0.0,0.0,0.0,0.0,0.0,0.0,0.0,0.0,0.0,0.0,0.0,0.0,0.0,0.0,0.0,0.0,0.0,0.0,0.0,0.0,0.0,0.0,0.0,0.0,0.0,0.0,0.0,0.0,0.0,0.0,0.0,0.0,0.0,0.0,0.0,0.0,0.0,0.0,0.0,0.0,0.0,0.0,0.0,0.0,0.0,0.0,0.0,0.0,0.0,0.0,0.0,0.0,0.0,0.0,0.0,0
0.0,0.0,0.0,0.0,0.0,0.0,0.0,0.0,0.0,0.0,0.0,0.0,0.0,0.0,0.0,0.0,0.0,0.0,0.0,0.0,0.0,0.0,0.0,0.0,0.0,0.0,0.0,0.0,0.0,0.0,0.0,0.0,0.0,0.0,0.0,0.0,0.0,0.0,0.0,0.0,0.0,0.0,0.0,0.0,0.0,0.0,0.0,0.0,0.0,0.0,0.0,0.0,0.0,0.0,0.0,0.0,0.0,0.0,0.0,0.0,0.0,0.0,0.0,0.0,0.0,0.0,0
0.0,0.0,0.0,0.0,0.0,0.0,0.0,0.0,0.0,0.0,0.0,0.0,0.0,0.0,0.0,0.0,0.0,0.0,0.0,0.0,0.0,0.0,0.0,0.0,0.0,0.0,0.0,0.0,0.0,0.0,0.0,0.0,0.0,0.0,0.0,0.0,0.0,0.0,0.0,0.0,0.0,0.0,0.0,0.0,0.0,0.0,0.0,0.0,0.0,0.0,0.0,0.0,0.0,0.0,0.0,0.0,0.0,0.0,0.0,0.0,0.0,0.0,0.0,0.0,0.0,0.0,0
0.0,0.0,0.0,0.0,0.0,0.0,0.0,0.0,0.0,0.0,0.0,0.0,0.0,0.0,0.0,0.0,0.0,0.0,0.0,0.0,0.0,0.0,0.0,0.0,0.0,0.0,0.0,0.0,0.0,0.0,0.0,0.0,0.0,0.0,0.0,0.0,0.0,0.0,0.0,0.0,0.0,0.0,0.0,0.0,0.0,0.0,0.0,0.0,0.0,0.0,0.0,0.0,0.0,0.0,0.0,0.0,0.0,0.0,0.0,0.0,0.0,0.0,0.0,0.0,0.0,0.0,0
0.0,0.0,0.0,0.0,0.0,0.0,0.0,0.0,0.0,0.0,0.0,0.0,0.0,0.0,0.0,0.0,0.0,0.0,0.0,0.0,0.0,0.0,0.0,0.0,0.0,0.0,0.0,0.0,0.0,0.0,0.0,0.0,0.0,0.0,0.0,0.0,0.0,0.0,0.0,0.0,0.0,0.0,0.0,0.0,0.0,0.0,0.0,0.0,0.0,0.0,0.0,0.0,0.0,0.0,0.0,0.0,0.0,0.0,0.0,0.0,0.0,0.0,0.0,0.0,0.0,0.0,0
0.0,0.0,0.0,0.0,0.0,0.0,0.0,0.0,0.0,0.0,0.0,0.0,0.0,0.0,0.0,0.0,0.0,0.0,0.0,0.0,0.0,0.0,0.0,0.0,0.0,0.0,0.0,0.0,0.0,0.0,0.0,0.0,0.0,0.0,0.0,0.0,0.0,0.0,0.0,0.0,0.0,0.0,0.0,0.0,0.0,0.0,0.0,0.0,0.0,0.0,0.0,0.0,0.0,0.0,0.0,0.0,0.0,0.0,0.0,0.0,0.0,0.0,0.0,0.0,0.0,0.0,0
0.0,0.0,0.0,0.0,0.0,0.0,0.0,0.0,0.0,0.0,0.0,0.0,0.0,0.0,0.0,0.0,0.0,0.0,0.0,0.0,0.0,0.0,0.0,0.0,0.0,0.0,0.0,0.0,0.0,0.0,0.0,0.0,0.0,0.0,0.0,0.0,0.0,0.0,0.0,0.0,0.0,0.0,0.0,0.0,0.0,0.0,0.0,0.0,0.0,0.0,0.0,0.0,0.0,0.0,0.0,0.0,0.0,0.0,0.0,0.0,0.0,0.0,0.0,0.0,0.0,0.0,0
0.0,0.0,0.0,0.0,0.0,0.0,0.0,0.0,0.0,0.0,0.0,0.0,0.0,0.0,0.0,0.0,0.0,0.0,0.0,0.0,0.0,0.0,0.0,0.0,0.0,0.0,0.0,0.0,0.0,0.0,0.0,0.0,0.0,0.0,0.0,0.0,0.0,0.0,0.0,0.0,0.0,0.0,0.0,0.0,0.0,0.0,0.0,0.0,0.0,0.0,0.0,0.0,0.0,0.0,0.0,0.0,0.0,0.0,0.0,0.0,0.0,0.0,0.0,0.0,0.0,0.0,0
0.6312705874443054,0.30207663774490356,0.6317898035049438,0.2907208800315857,0.6327643990516663,0.2902056872844696,0.6336528062820435,0.2897426187992096,0.6279363036155701,0.29232415556907654,0.626208484172821,0.29236268997192383,0.624537467956543,0.29278141260147095,0.6328647136688232,0.2951247990131378,0.6211240887641907,0.29903751611709595,0.6332228779792786,0.313381165266037,0.6286888122558594,0.3141712546348572,0.6369649767875671,0.34815436601638794,0.6098442673683167,0.3551841378211975,0.6370788216590881,0.4036622941493988,0.601820707321167,0.4370676279067993,0.6306063532829285,0.42943212389945984,0.6102558374404907,0.4895605444908142,0.6299189329147339,0.4410313665866852,0.6103475093841553,0.5074959397315979,0.6288803815841675,0.437416136264801,0.6076416969299316,0.5047809481620789,0.6287432312965393,0.433663010597229,0.6142475605010986,0.49704456329345703,0.6569464206695557,0.49157899618148804,0.6416659355163574,0.503097414970398,0.660160481929779,0.5721397399902344,0.6488660573959351,0.6011146306991577,0.6619489192962646,0.6780459880828857,0.6540951132774353,0.7028806209564209,0.6593623161315918,0.6972129344940186,0.6525517106056213,0.7200320959091187,0.6736907362937927,0.701805591583252,0.6647509336471558,0.7297931909561157,0
0.0,0.0,0.0,0.0,0.0,0.0,0.0,0.0,0.0,0.0,0.0,0.0,0.0,0.0,0.0,0.0,0.0,0.0,0.0,0.0,0.0,0.0,0.0,0.0,0.0,0.0,0.0,0.0,0.0,0.0,0.0,0.0,0.0,0.0,0.0,0.0,0.0,0.0,0.0,0.0,0.0,0.0,0.0,0.0,0.0,0.0,0.0,0.0,0.0,0.0,0.0,0.0,0.0,0.0,0.0,0.0,0.0,0.0,0.0,0.0,0.0,0.0,0.0,0.0,0.0,0.0,0
0.0,0.0,0.0,0.0,0.0,0.0,0.0,0.0,0.0,0.0,0.0,0.0,0.0,0.0,0.0,0.0,0.0,0.0,0.0,0.0,0.0,0.0,0.0,0.0,0.0,0.0,0.0,0.0,0.0,0.0,0.0,0.0,0.0,0.0,0.0,0.0,0.0,0.0,0.0,0.0,0.0,0.0,0.0,0.0,0.0,0.0,0.0,0.0,0.0,0.0,0.0,0.0,0.0,0.0,0.0,0.0,0.0,0.0,0.0,0.0,0.0,0.0,0.0,0.0,0.0,0.0,0
0.0,0.0,0.0,0.0,0.0,0.0,0.0,0.0,0.0,0.0,0.0,0.0,0.0,0.0,0.0,0.0,0.0,0.0,0.0,0.0,0.0,0.0,0.0,0.0,0.0,0.0,0.0,0.0,0.0,0.0,0.0,0.0,0.0,0.0,0.0,0.0,0.0,0.0,0.0,0.0,0.0,0.0,0.0,0.0,0.0,0.0,0.0,0.0,0.0,0.0,0.0,0.0,0.0,0.0,0.0,0.0,0.0,0.0,0.0,0.0,0.0,0.0,0.0,0.0,0.0,0.0,0
0.0,0.0,0.0,0.0,0.0,0.0,0.0,0.0,0.0,0.0,0.0,0.0,0.0,0.0,0.0,0.0,0.0,0.0,0.0,0.0,0.0,0.0,0.0,0.0,0.0,0.0,0.0,0.0,0.0,0.0,0.0,0.0,0.0,0.0,0.0,0.0,0.0,0.0,0.0,0.0,0.0,0.0,0.0,0.0,0.0,0.0,0.0,0.0,0.0,0.0,0.0,0.0,0.0,0.0,0.0,0.0,0.0,0.0,0.0,0.0,0.0,0.0,0.0,0.0,0.0,0.0,0
0.0,0.0,0.0,0.0,0.0,0.0,0.0,0.0,0.0,0.0,0.0,0.0,0.0,0.0,0.0,0.0,0.0,0.0,0.0,0.0,0.0,0.0,0.0,0.0,0.0,0.0,0.0,0.0,0.0,0.0,0.0,0.0,0.0,0.0,0.0,0.0,0.0,0.0,0.0,0.0,0.0,0.0,0.0,0.0,0.0,0.0,0.0,0.0,0.0,0.0,0.0,0.0,0.0,0.0,0.0,0.0,0.0,0.0,0.0,0.0,0.0,0.0,0.0,0.0,0.0,0.0,0
0.0,0.0,0.0,0.0,0.0,0.0,0.0,0.0,0.0,0.0,0.0,0.0,0.0,0.0,0.0,0.0,0.0,0.0,0.0,0.0,0.0,0.0,0.0,0.0,0.0,0.0,0.0,0.0,0.0,0.0,0.0,0.0,0.0,0.0,0.0,0.0,0.0,0.0,0.0,0.0,0.0,0.0,0.0,0.0,0.0,0.0,0.0,0.0,0.0,0.0,0.0,0.0,0.0,0.0,0.0,0.0,0.0,0.0,0.0,0.0,0.0,0.0,0.0,0.0,0.0,0.0,0
0.0,0.0,0.0,0.0,0.0,0.0,0.0,0.0,0.0,0.0,0.0,0.0,0.0,0.0,0.0,0.0,0.0,0.0,0.0,0.0,0.0,0.0,0.0,0.0,0.0,0.0,0.0,0.0,0.0,0.0,0.0,0.0,0.0,0.0,0.0,0.0,0.0,0.0,0.0,0.0,0.0,0.0,0.0,0.0,0.0,0.0,0.0,0.0,0.0,0.0,0.0,0.0,0.0,0.0,0.0,0.0,0.0,0.0,0.0,0.0,0.0,0.0,0.0,0.0,0.0,0.0,0
0.0,0.0,0.0,0.0,0.0,0.0,0.0,0.0,0.0,0.0,0.0,0.0,0.0,0.0,0.0,0.0,0.0,0.0,0.0,0.0,0.0,0.0,0.0,0.0,0.0,0.0,0.0,0.0,0.0,0.0,0.0,0.0,0.0,0.0,0.0,0.0,0.0,0.0,0.0,0.0,0.0,0.0,0.0,0.0,0.0,0.0,0.0,0.0,0.0,0.0,0.0,0.0,0.0,0.0,0.0,0.0,0.0,0.0,0.0,0.0,0.0,0.0,0.0,0.0,0.0,0.0,0
0.6362132430076599,0.28883105516433716,0.638418436050415,0.27738869190216064,0.6402310729026794,0.2768719494342804,0.6418970227241516,0.27639448642730713,0.6336936354637146,0.2794347107410431,0.6323872208595276,0.2804291546344757,0.6312044858932495,0.28149014711380005,0.6445014476776123,0.2829512059688568,0.6302748322486877,0.28790193796157837,0.6404773592948914,0.2995389699935913,0.6344625949859619,0.30070751905441284,0.6604865193367004,0.3539395034313202,0.6203426122665405,0.35244327783584595,0.6701229214668274,0.43020498752593994,0.6151558756828308,0.44513562321662903,0.6709315180778503,0.49611279368400574,0.6144551038742065,0.4866645634174347,0.6732227206230164,0.5170691013336182,0.6114647388458252,0.5100494623184204,0.6718465685844421,0.5157029628753662,0.614144504070282,0.5056793093681335,0.6685546636581421,0.5071606636047363,0.6147078275680542,0.5004539489746094,0.6527440547943115,0.5158155560493469,0.6293994784355164,0.5158903002738953,0.6538274884223938,0.6412526965141296,0.6232069134712219,0.6378852128982544,0.6506626605987549,0.7416995763778687,0.6279757618904114,0.7403314113616943,0.6487589478492737,0.7556922435760498,0.6303523778915405,0.7532325983047485,0.6520423889160156,0.7785264253616333,0.6266719102859497,0.7808920741081238,0
0.6369169354438782,0.28892582654953003,0.6389590501785278,0.27808481454849243,0.6407608389854431,0.2780401408672333,0.6425248384475708,0.2781069874763489,0.6344531774520874,0.2791404724121094,0.6331113576889038,0.2798410952091217,0.6318987607955933,0.2806469202041626,0.6451461315155029,0.2836094796657562,0.6307578086853027,0.28599756956100464,0.6409631371498108,0.3010241985321045,0.6351496577262878,0.30180051922798157,0.6616502404212952,0.35195687413215637,0.6206585168838501,0.3557722568511963,0.671660840511322,0.4343072175979614,0.6111859083175659,0.4428090453147888,0.673448920249939,0.4885925352573395,0.6126197576522827,0.4877413213253021,0.6756969690322876,0.511809229850769,0.6096473336219788,0.5095091462135315,0.6733084917068481,0.5089148879051208,0.6123977303504944,0.5014956593513489,0.670425295829773,0.4995042085647583,0.6129277348518372,0.49568960070610046,0.6529442667961121,0.5289512872695923,0.6285193562507629,0.5294402241706848,0.6524266600608826,0.6642071604728699,0.6269009113311768,0.6615480780601501,0.6516208648681641,0.7648639678955078,0.6261522769927979,0.7715190649032593,0.649952232837677,0.778907299041748,0.6276815533638,0.7859494686126709,0.6523770093917847,0.8044891357421875,0.6241329312324524,0.8145054578781128,0
0.6369873881340027,0.28694939613342285,0.6389628648757935,0.2759989798069,0.6407924294471741,0.2757645547389984,0.6424524188041687,0.27569958567619324,0.6343048214912415,0.2776399552822113,0.6329782009124756,0.2785281240940094,0.6317448019981384,0.2795758843421936,0.6449461579322815,0.2816607654094696,0.6308640837669373,0.2851802110671997,0.6412765383720398,0.2989109754562378,0.6351699829101562,0.29984718561172485,0.660895049571991,0.35086748003959656,0.6210940480232239,0.3562164008617401,0.6658556461334229,0.4335511326789856,0.6109492182731628,0.44231116771698,0.6711269617080688,0.4940071403980255,0.6137692928314209,0.4834487736225128,0.6749732494354248,0.5262883901596069,0.6131752729415894,0.506555438041687,0.6710997819900513,0.5151116847991943,0.6135843992233276,0.4981543719768524,0.6701154112815857,0.5057764053344727,0.6159813404083252,0.49216800928115845,0.6548946499824524,0.5258633494377136,0.6305065155029297,0.5268350839614868,0.657172679901123,0.6515536904335022,0.627515435218811,0.6499993801116943,0.6567898392677307,0.7499905824661255,0.6266838312149048,0.756322979927063,0.6549069881439209,0.7640211582183838,0.6286207437515259,0.7707715034484863,0.6585342884063721,0.7885338068008423,0.6234090924263,0.7969412803649902,0
0.6368018388748169,0.28321266174316406,0.6388596892356873,0.2722574770450592,0.6405969858169556,0.27199408411979675,0.6421604752540588,0.27183789014816284,0.6343725323677063,0.27407029271125793,0.6330029368400574,0.27506592869758606,0.6317898631095886,0.27614301443099976,0.6449505090713501,0.2790839374065399,0.6312077045440674,0.2834882438182831,0.6410784721374512,0.2946825325489044,0.6351124048233032,0.2961406409740448,0.6612671613693237,0.34879326820373535,0.6215813159942627,0.3565768003463745,0.668327271938324,0.4345725178718567,0.6146799325942993,0.43901151418685913,0.6727920174598694,0.4861869812011719,0.6121828556060791,0.4841194152832031,0.674495279788971,0.5070038437843323,0.6107601523399353,0.5006181001663208,0.6729857921600342,0.50505131483078,0.6117820739746094,0.4982250928878784,0.6699454188346863,0.4986872673034668,0.6141695976257324,0.4867679476737976,0.6567206978797913,0.5229635238647461,0.6309405565261841,0.5290575623512268,0.6570027470588684,0.6469244956970215,0.6262444853782654,0.648100733757019,0.6561371088027954,0.7504469156265259,0.6244839429855347,0.7492009997367859,0.6544286012649536,0.7650579214096069,0.6269042491912842,0.7622265815734863,0.6563933491706848,0.7918468713760376,0.6191858053207397,0.7922333478927612,0
0.6378393769264221,0.2836695611476898,0.639605700969696,0.27191466093063354,0.6412302851676941,0.27156317234039307,0.6429266929626465,0.2714552581310272,0.635106086730957,0.27351924777030945,0.6335430145263672,0.27429431676864624,0.6320658922195435,0.2751322388648987,0.646269679069519,0.2772095203399658,0.6303264498710632,0.2817028760910034,0.641228437423706,0.29470324516296387,0.6356947422027588,0.297363817691803,0.6639658212661743,0.3561190366744995,0.6191840171813965,0.36132389307022095,0.6708022952079773,0.4546700716018677,0.6101186275482178,0.4574868083000183,0.6725914478302002,0.4939673840999603,0.608973503112793,0.4903409779071808,0.6732683777809143,0.5178428292274475,0.6090964674949646,0.5074805617332458,0.6717064380645752,0.5050244331359863,0.6123661994934082,0.49889683723449707,0.6707026362419128,0.5015578269958496,0.6124727725982666,0.49480608105659485,0.655323326587677,0.5422717928886414,0.6285771727561951,0.53841233253479,0.6513260006904602,0.6869024038314819,0.6245945692062378,0.6816079616546631,0.6464856863021851,0.779808521270752,0.6225854754447937,0.7891094088554382,0.6444482207298279,0.7915581464767456,0.6236775517463684,0.8019998669624329,0.6459810733795166,0.8241835832595825,0.6217525601387024,0.8379032015800476,0
0.637783944606781,0.2793407142162323,0.6397846341133118,0.26726219058036804,0.6415505409240723,0.2671779692173004,0.6433576941490173,0.26726192235946655,0.6350672245025635,0.2694074213504791,0.6334809064865112,0.27078574895858765,0.6318426728248596,0.27225810289382935,0.646440863609314,0.2759288251399994,0.6305642127990723,0.28133583068847656,0.6416845321655273,0.29137662053108215,0.6356704831123352,0.29238855838775635,0.6637817025184631,0.35112351179122925,0.6203842163085938,0.35266152024269104,0.6723293662071228,0.44199714064598083,0.608971357345581,0.4436745345592499,0.6738881468772888,0.49569252133369446,0.6088619232177734,0.4926685690879822,0.6765373349189758,0.5184877514839172,0.6083029508590698,0.513337254524231,0.6727718114852905,0.50725919008255,0.6111528873443604,0.5063648223876953,0.6718926429748535,0.5039703845977783,0.6114411354064941,0.5019068121910095,0.655182421207428,0.530832052230835,0.6288365125656128,0.5300248265266418,0.6521990299224854,0.6689522862434387,0.6252682209014893,0.6624067425727844,0.6479901075363159,0.7766498327255249,0.6218128204345703,0.7760254144668579,0.6460203528404236,0.7909509539604187,0.6227566003799438,0.7900627851486206,0.6475586295127869,0.8200424909591675,0.6201911568641663,0.822976291179657,0
0.6366949677467346,0.2800423502922058,0.6391358971595764,0.26920196413993835,0.6409817934036255,0.26895207166671753,0.6428161263465881,0.2687656581401825,0.6344918012619019,0.2707923352718353,0.6330787539482117,0.27164003252983093,0.6316539645195007,0.2724936902523041,0.6463295221328735,0.2755141258239746,0.6310175657272339,0.2804225981235504,0.6403427124023438,0.2924472391605377,0.6347113847732544,0.2930910587310791,0.6646491289138794,0.3557518720626831,0.6221756339073181,0.35021108388900757,0.6708955764770508,0.4432707726955414,0.6090763211250305,0.4348564147949219,0.6720614433288574,0.4931752681732178,0.6092328429222107,0.4876798093318939,0.6749507784843445,0.5093508958816528,0.6099141240119934,0.510709285736084,0.671318769454956,0.5030864477157593,0.611990213394165,0.5045322775840759,0.670871376991272,0.49466851353645325,0.6130377054214478,0.4951750934123993,0.6528796553611755,0.5223088264465332,0.6276534199714661,0.5211392641067505,0.6525903344154358,0.6449591517448425,0.6243178248405457,0.6428539156913757,0.6521522998809814,0.7386546730995178,0.6181885600090027,0.758621096611023,0.6499426364898682,0.7523816823959351,0.6181060671806335,0.7741829752922058,0.6559441685676575,0.7761443853378296,0.6185879707336426,0.8020563125610352,0
0.0,0.0,0.0,0.0,0.0,0.0,0.0,0.0,0.0,0.0,0.0,0.0,0.0,0.0,0.0,0.0,0.0,0.0,0.0,0.0,0.0,0.0,0.0,0.0,0.0,0.0,0.0,0.0,0.0,0.0,0.0,0.0,0.0,0.0,0.0,0.0,0.0,0.0,0.0,0.0,0.0,0.0,0.0,0.0,0.0,0.0,0.0,0.0,0.0,0.0,0.0,0.0,0.0,0.0,0.0,0.0,0.0,0.0,0.0,0.0,0.0,0.0,0.0,0.0,0.0,0.0,0
0.0,0.0,0.0,0.0,0.0,0.0,0.0,0.0,0.0,0.0,0.0,0.0,0.0,0.0,0.0,0.0,0.0,0.0,0.0,0.0,0.0,0.0,0.0,0.0,0.0,0.0,0.0,0.0,0.0,0.0,0.0,0.0,0.0,0.0,0.0,0.0,0.0,0.0,0.0,0.0,0.0,0.0,0.0,0.0,0.0,0.0,0.0,0.0,0.0,0.0,0.0,0.0,0.0,0.0,0.0,0.0,0.0,0.0,0.0,0.0,0.0,0.0,0.0,0.0,0.0,0.0,0
0.0,0.0,0.0,0.0,0.0,0.0,0.0,0.0,0.0,0.0,0.0,0.0,0.0,0.0,0.0,0.0,0.0,0.0,0.0,0.0,0.0,0.0,0.0,0.0,0.0,0.0,0.0,0.0,0.0,0.0,0.0,0.0,0.0,0.0,0.0,0.0,0.0,0.0,0.0,0.0,0.0,0.0,0.0,0.0,0.0,0.0,0.0,0.0,0.0,0.0,0.0,0.0,0.0,0.0,0.0,0.0,0.0,0.0,0.0,0.0,0.0,0.0,0.0,0.0,0.0,0.0,0
0.0,0.0,0.0,0.0,0.0,0.0,0.0,0.0,0.0,0.0,0.0,0.0,0.0,0.0,0.0,0.0,0.0,0.0,0.0,0.0,0.0,0.0,0.0,0.0,0.0,0.0,0.0,0.0,0.0,0.0,0.0,0.0,0.0,0.0,0.0,0.0,0.0,0.0,0.0,0.0,0.0,0.0,0.0,0.0,0.0,0.0,0.0,0.0,0.0,0.0,0.0,0.0,0.0,0.0,0.0,0.0,0.0,0.0,0.0,0.0,0.0,0.0,0.0,0.0,0.0,0.0,0
0.0,0.0,0.0,0.0,0.0,0.0,0.0,0.0,0.0,0.0,0.0,0.0,0.0,0.0,0.0,0.0,0.0,0.0,0.0,0.0,0.0,0.0,0.0,0.0,0.0,0.0,0.0,0.0,0.0,0.0,0.0,0.0,0.0,0.0,0.0,0.0,0.0,0.0,0.0,0.0,0.0,0.0,0.0,0.0,0.0,0.0,0.0,0.0,0.0,0.0,0.0,0.0,0.0,0.0,0.0,0.0,0.0,0.0,0.0,0.0,0.0,0.0,0.0,0.0,0.0,0.0,0
0.0,0.0,0.0,0.0,0.0,0.0,0.0,0.0,0.0,0.0,0.0,0.0,0.0,0.0,0.0,0.0,0.0,0.0,0.0,0.0,0.0,0.0,0.0,0.0,0.0,0.0,0.0,0.0,0.0,0.0,0.0,0.0,0.0,0.0,0.0,0.0,0.0,0.0,0.0,0.0,0.0,0.0,0.0,0.0,0.0,0.0,0.0,0.0,0.0,0.0,0.0,0.0,0.0,0.0,0.0,0.0,0.0,0.0,0.0,0.0,0.0,0.0,0.0,0.0,0.0,0.0,0
0.0,0.0,0.0,0.0,0.0,0.0,0.0,0.0,0.0,0.0,0.0,0.0,0.0,0.0,0.0,0.0,0.0,0.0,0.0,0.0,0.0,0.0,0.0,0.0,0.0,0.0,0.0,0.0,0.0,0.0,0.0,0.0,0.0,0.0,0.0,0.0,0.0,0.0,0.0,0.0,0.0,0.0,0.0,0.0,0.0,0.0,0.0,0.0,0.0,0.0,0.0,0.0,0.0,0.0,0.0,0.0,0.0,0.0,0.0,0.0,0.0,0.0,0.0,0.0,0.0,0.0,0
0.0,0.0,0.0,0.0,0.0,0.0,0.0,0.0,0.0,0.0,0.0,0.0,0.0,0.0,0.0,0.0,0.0,0.0,0.0,0.0,0.0,0.0,0.0,0.0,0.0,0.0,0.0,0.0,0.0,0.0,0.0,0.0,0.0,0.0,0.0,0.0,0.0,0.0,0.0,0.0,0.0,0.0,0.0,0.0,0.0,0.0,0.0,0.0,0.0,0.0,0.0,0.0,0.0,0.0,0.0,0.0,0.0,0.0,0.0,0.0,0.0,0.0,0.0,0.0,0.0,0.0,0
0.0,0.0,0.0,0.0,0.0,0.0,0.0,0.0,0.0,0.0,0.0,0.0,0.0,0.0,0.0,0.0,0.0,0.0,0.0,0.0,0.0,0.0,0.0,0.0,0.0,0.0,0.0,0.0,0.0,0.0,0.0,0.0,0.0,0.0,0.0,0.0,0.0,0.0,0.0,0.0,0.0,0.0,0.0,0.0,0.0,0.0,0.0,0.0,0.0,0.0,0.0,0.0,0.0,0.0,0.0,0.0,0.0,0.0,0.0,0.0,0.0,0.0,0.0,0.0,0.0,0.0,0
0.0,0.0,0.0,0.0,0.0,0.0,0.0,0.0,0.0,0.0,0.0,0.0,0.0,0.0,0.0,0.0,0.0,0.0,0.0,0.0,0.0,0.0,0.0,0.0,0.0,0.0,0.0,0.0,0.0,0.0,0.0,0.0,0.0,0.0,0.0,0.0,0.0,0.0,0.0,0.0,0.0,0.0,0.0,0.0,0.0,0.0,0.0,0.0,0.0,0.0,0.0,0.0,0.0,0.0,0.0,0.0,0.0,0.0,0.0,0.0,0.0,0.0,0.0,0.0,0.0,0.0,0
0.0,0.0,0.0,0.0,0.0,0.0,0.0,0.0,0.0,0.0,0.0,0.0,0.0,0.0,0.0,0.0,0.0,0.0,0.0,0.0,0.0,0.0,0.0,0.0,0.0,0.0,0.0,0.0,0.0,0.0,0.0,0.0,0.0,0.0,0.0,0.0,0.0,0.0,0.0,0.0,0.0,0.0,0.0,0.0,0.0,0.0,0.0,0.0,0.0,0.0,0.0,0.0,0.0,0.0,0.0,0.0,0.0,0.0,0.0,0.0,0.0,0.0,0.0,0.0,0.0,0.0,0
0.0,0.0,0.0,0.0,0.0,0.0,0.0,0.0,0.0,0.0,0.0,0.0,0.0,0.0,0.0,0.0,0.0,0.0,0.0,0.0,0.0,0.0,0.0,0.0,0.0,0.0,0.0,0.0,0.0,0.0,0.0,0.0,0.0,0.0,0.0,0.0,0.0,0.0,0.0,0.0,0.0,0.0,0.0,0.0,0.0,0.0,0.0,0.0,0.0,0.0,0.0,0.0,0.0,0.0,0.0,0.0,0.0,0.0,0.0,0.0,0.0,0.0,0.0,0.0,0.0,0.0,0
0.0,0.0,0.0,0.0,0.0,0.0,0.0,0.0,0.0,0.0,0.0,0.0,0.0,0.0,0.0,0.0,0.0,0.0,0.0,0.0,0.0,0.0,0.0,0.0,0.0,0.0,0.0,0.0,0.0,0.0,0.0,0.0,0.0,0.0,0.0,0.0,0.0,0.0,0.0,0.0,0.0,0.0,0.0,0.0,0.0,0.0,0.0,0.0,0.0,0.0,0.0,0.0,0.0,0.0,0.0,0.0,0.0,0.0,0.0,0.0,0.0,0.0,0.0,0.0,0.0,0.0,0
0.0,0.0,0.0,0.0,0.0,0.0,0.0,0.0,0.0,0.0,0.0,0.0,0.0,0.0,0.0,0.0,0.0,0.0,0.0,0.0,0.0,0.0,0.0,0.0,0.0,0.0,0.0,0.0,0.0,0.0,0.0,0.0,0.0,0.0,0.0,0.0,0.0,0.0,0.0,0.0,0.0,0.0,0.0,0.0,0.0,0.0,0.0,0.0,0.0,0.0,0.0,0.0,0.0,0.0,0.0,0.0,0.0,0.0,0.0,0.0,0.0,0.0,0.0,0.0,0.0,0.0,0
0.0,0.0,0.0,0.0,0.0,0.0,0.0,0.0,0.0,0.0,0.0,0.0,0.0,0.0,0.0,0.0,0.0,0.0,0.0,0.0,0.0,0.0,0.0,0.0,0.0,0.0,0.0,0.0,0.0,0.0,0.0,0.0,0.0,0.0,0.0,0.0,0.0,0.0,0.0,0.0,0.0,0.0,0.0,0.0,0.0,0.0,0.0,0.0,0.0,0.0,0.0,0.0,0.0,0.0,0.0,0.0,0.0,0.0,0.0,0.0,0.0,0.0,0.0,0.0,0.0,0.0,0
0.0,0.0,0.0,0.0,0.0,0.0,0.0,0.0,0.0,0.0,0.0,0.0,0.0,0.0,0.0,0.0,0.0,0.0,0.0,0.0,0.0,0.0,0.0,0.0,0.0,0.0,0.0,0.0,0.0,0.0,0.0,0.0,0.0,0.0,0.0,0.0,0.0,0.0,0.0,0.0,0.0,0.0,0.0,0.0,0.0,0.0,0.0,0.0,0.0,0.0,0.0,0.0,0.0,0.0,0.0,0.0,0.0,0.0,0.0,0.0,0.0,0.0,0.0,0.0,0.0,0.0,0
0.0,0.0,0.0,0.0,0.0,0.0,0.0,0.0,0.0,0.0,0.0,0.0,0.0,0.0,0.0,0.0,0.0,0.0,0.0,0.0,0.0,0.0,0.0,0.0,0.0,0.0,0.0,0.0,0.0,0.0,0.0,0.0,0.0,0.0,0.0,0.0,0.0,0.0,0.0,0.0,0.0,0.0,0.0,0.0,0.0,0.0,0.0,0.0,0.0,0.0,0.0,0.0,0.0,0.0,0.0,0.0,0.0,0.0,0.0,0.0,0.0,0.0,0.0,0.0,0.0,0.0,0
0.0,0.0,0.0,0.0,0.0,0.0,0.0,0.0,0.0,0.0,0.0,0.0,0.0,0.0,0.0,0.0,0.0,0.0,0.0,0.0,0.0,0.0,0.0,0.0,0.0,0.0,0.0,0.0,0.0,0.0,0.0,0.0,0.0,0.0,0.0,0.0,0.0,0.0,0.0,0.0,0.0,0.0,0.0,0.0,0.0,0.0,0.0,0.0,0.0,0.0,0.0,0.0,0.0,0.0,0.0,0.0,0.0,0.0,0.0,0.0,0.0,0.0,0.0,0.0,0.0,0.0,0
0.0,0.0,0.0,0.0,0.0,0.0,0.0,0.0,0.0,0.0,0.0,0.0,0.0,0.0,0.0,0.0,0.0,0.0,0.0,0.0,0.0,0.0,0.0,0.0,0.0,0.0,0.0,0.0,0.0,0.0,0.0,0.0,0.0,0.0,0.0,0.0,0.0,0.0,0.0,0.0,0.0,0.0,0.0,0.0,0.0,0.0,0.0,0.0,0.0,0.0,0.0,0.0,0.0,0.0,0.0,0.0,0.0,0.0,0.0,0.0,0.0,0.0,0.0,0.0,0.0,0.0,0
0.0,0.0,0.0,0.0,0.0,0.0,0.0,0.0,0.0,0.0,0.0,0.0,0.0,0.0,0.0,0.0,0.0,0.0,0.0,0.0,0.0,0.0,0.0,0.0,0.0,0.0,0.0,0.0,0.0,0.0,0.0,0.0,0.0,0.0,0.0,0.0,0.0,0.0,0.0,0.0,0.0,0.0,0.0,0.0,0.0,0.0,0.0,0.0,0.0,0.0,0.0,0.0,0.0,0.0,0.0,0.0,0.0,0.0,0.0,0.0,0.0,0.0,0.0,0.0,0.0,0.0,0
0.0,0.0,0.0,0.0,0.0,0.0,0.0,0.0,0.0,0.0,0.0,0.0,0.0,0.0,0.0,0.0,0.0,0.0,0.0,0.0,0.0,0.0,0.0,0.0,0.0,0.0,0.0,0.0,0.0,0.0,0.0,0.0,0.0,0.0,0.0,0.0,0.0,0.0,0.0,0.0,0.0,0.0,0.0,0.0,0.0,0.0,0.0,0.0,0.0,0.0,0.0,0.0,0.0,0.0,0.0,0.0,0.0,0.0,0.0,0.0,0.0,0.0,0.0,0.0,0.0,0.0,0
0.0,0.0,0.0,0.0,0.0,0.0,0.0,0.0,0.0,0.0,0.0,0.0,0.0,0.0,0.0,0.0,0.0,0.0,0.0,0.0,0.0,0.0,0.0,0.0,0.0,0.0,0.0,0.0,0.0,0.0,0.0,0.0,0.0,0.0,0.0,0.0,0.0,0.0,0.0,0.0,0.0,0.0,0.0,0.0,0.0,0.0,0.0,0.0,0.0,0.0,0.0,0.0,0.0,0.0,0.0,0.0,0.0,0.0,0.0,0.0,0.0,0.0,0.0,0.0,0.0,0.0,0
0.0,0.0,0.0,0.0,0.0,0.0,0.0,0.0,0.0,0.0,0.0,0.0,0.0,0.0,0.0,0.0,0.0,0.0,0.0,0.0,0.0,0.0,0.0,0.0,0.0,0.0,0.0,0.0,0.0,0.0,0.0,0.0,0.0,0.0,0.0,0.0,0.0,0.0,0.0,0.0,0.0,0.0,0.0,0.0,0.0,0.0,0.0,0.0,0.0,0.0,0.0,0.0,0.0,0.0,0.0,0.0,0.0,0.0,0.0,0.0,0.0,0.0,0.0,0.0,0.0,0.0,0
0.0,0.0,0.0,0.0,0.0,0.0,0.0,0.0,0.0,0.0,0.0,0.0,0.0,0.0,0.0,0.0,0.0,0.0,0.0,0.0,0.0,0.0,0.0,0.0,0.0,0.0,0.0,0.0,0.0,0.0,0.0,0.0,0.0,0.0,0.0,0.0,0.0,0.0,0.0,0.0,0.0,0.0,0.0,0.0,0.0,0.0,0.0,0.0,0.0,0.0,0.0,0.0,0.0,0.0,0.0,0.0,0.0,0.0,0.0,0.0,0.0,0.0,0.0,0.0,0.0,0.0,0
0.0,0.0,0.0,0.0,0.0,0.0,0.0,0.0,0.0,0.0,0.0,0.0,0.0,0.0,0.0,0.0,0.0,0.0,0.0,0.0,0.0,0.0,0.0,0.0,0.0,0.0,0.0,0.0,0.0,0.0,0.0,0.0,0.0,0.0,0.0,0.0,0.0,0.0,0.0,0.0,0.0,0.0,0.0,0.0,0.0,0.0,0.0,0.0,0.0,0.0,0.0,0.0,0.0,0.0,0.0,0.0,0.0,0.0,0.0,0.0,0.0,0.0,0.0,0.0,0.0,0.0,0
0.0,0.0,0.0,0.0,0.0,0.0,0.0,0.0,0.0,0.0,0.0,0.0,0.0,0.0,0.0,0.0,0.0,0.0,0.0,0.0,0.0,0.0,0.0,0.0,0.0,0.0,0.0,0.0,0.0,0.0,0.0,0.0,0.0,0.0,0.0,0.0,0.0,0.0,0.0,0.0,0.0,0.0,0.0,0.0,0.0,0.0,0.0,0.0,0.0,0.0,0.0,0.0,0.0,0.0,0.0,0.0,0.0,0.0,0.0,0.0,0.0,0.0,0.0,0.0,0.0,0.0,0
0.0,0.0,0.0,0.0,0.0,0.0,0.0,0.0,0.0,0.0,0.0,0.0,0.0,0.0,0.0,0.0,0.0,0.0,0.0,0.0,0.0,0.0,0.0,0.0,0.0,0.0,0.0,0.0,0.0,0.0,0.0,0.0,0.0,0.0,0.0,0.0,0.0,0.0,0.0,0.0,0.0,0.0,0.0,0.0,0.0,0.0,0.0,0.0,0.0,0.0,0.0,0.0,0.0,0.0,0.0,0.0,0.0,0.0,0.0,0.0,0.0,0.0,0.0,0.0,0.0,0.0,0
0.0,0.0,0.0,0.0,0.0,0.0,0.0,0.0,0.0,0.0,0.0,0.0,0.0,0.0,0.0,0.0,0.0,0.0,0.0,0.0,0.0,0.0,0.0,0.0,0.0,0.0,0.0,0.0,0.0,0.0,0.0,0.0,0.0,0.0,0.0,0.0,0.0,0.0,0.0,0.0,0.0,0.0,0.0,0.0,0.0,0.0,0.0,0.0,0.0,0.0,0.0,0.0,0.0,0.0,0.0,0.0,0.0,0.0,0.0,0.0,0.0,0.0,0.0,0.0,0.0,0.0,0
0.0,0.0,0.0,0.0,0.0,0.0,0.0,0.0,0.0,0.0,0.0,0.0,0.0,0.0,0.0,0.0,0.0,0.0,0.0,0.0,0.0,0.0,0.0,0.0,0.0,0.0,0.0,0.0,0.0,0.0,0.0,0.0,0.0,0.0,0.0,0.0,0.0,0.0,0.0,0.0,0.0,0.0,0.0,0.0,0.0,0.0,0.0,0.0,0.0,0.0,0.0,0.0,0.0,0.0,0.0,0.0,0.0,0.0,0.0,0.0,0.0,0.0,0.0,0.0,0.0,0.0,0
0.0,0.0,0.0,0.0,0.0,0.0,0.0,0.0,0.0,0.0,0.0,0.0,0.0,0.0,0.0,0.0,0.0,0.0,0.0,0.0,0.0,0.0,0.0,0.0,0.0,0.0,0.0,0.0,0.0,0.0,0.0,0.0,0.0,0.0,0.0,0.0,0.0,0.0,0.0,0.0,0.0,0.0,0.0,0.0,0.0,0.0,0.0,0.0,0.0,0.0,0.0,0.0,0.0,0.0,0.0,0.0,0.0,0.0,0.0,0.0,0.0,0.0,0.0,0.0,0.0,0.0,0
0.0,0.0,0.0,0.0,0.0,0.0,0.0,0.0,0.0,0.0,0.0,0.0,0.0,0.0,0.0,0.0,0.0,0.0,0.0,0.0,0.0,0.0,0.0,0.0,0.0,0.0,0.0,0.0,0.0,0.0,0.0,0.0,0.0,0.0,0.0,0.0,0.0,0.0,0.0,0.0,0.0,0.0,0.0,0.0,0.0,0.0,0.0,0.0,0.0,0.0,0.0,0.0,0.0,0.0,0.0,0.0,0.0,0.0,0.0,0.0,0.0,0.0,0.0,0.0,0.0,0.0,0
0.0,0.0,0.0,0.0,0.0,0.0,0.0,0.0,0.0,0.0,0.0,0.0,0.0,0.0,0.0,0.0,0.0,0.0,0.0,0.0,0.0,0.0,0.0,0.0,0.0,0.0,0.0,0.0,0.0,0.0,0.0,0.0,0.0,0.0,0.0,0.0,0.0,0.0,0.0,0.0,0.0,0.0,0.0,0.0,0.0,0.0,0.0,0.0,0.0,0.0,0.0,0.0,0.0,0.0,0.0,0.0,0.0,0.0,0.0,0.0,0.0,0.0,0.0,0.0,0.0,0.0,0
0.653489887714386,0.22316023707389832,0.6574802398681641,0.21274834871292114,0.6592921614646912,0.21365079283714294,0.6611783504486084,0.21464803814888,0.6526992321014404,0.211207777261734,0.6512196063995361,0.21110141277313232,0.6498474478721619,0.21108737587928772,0.6649195551872253,0.2239648997783661,0.6485162973403931,0.21721398830413818,0.6566771864891052,0.23889803886413574,0.6505957841873169,0.23575589060783386,0.6773902177810669,0.314009428024292,0.6304939389228821,0.29332658648490906,0.6788039803504944,0.4154393970966339,0.6158956289291382,0.3790569305419922,0.6779594421386719,0.4765876531600952,0.6194395422935486,0.4554891586303711,0.6802517771720886,0.5046230554580688,0.6186479926109314,0.4821765422821045,0.6764326691627502,0.498626708984375,0.6221389770507812,0.47577330470085144,0.6741588115692139,0.4906773269176483,0.6248663663864136,0.46956443786621094,0.6617541909217834,0.49177178740501404,0.6340494155883789,0.489228755235672,0.6762659549713135,0.6406841278076172,0.6278754472732544,0.6332138180732727,0.68581622838974,0.7611923813819885,0.6194558143615723,0.7659937739372253,0.6837981939315796,0.7772058248519897,0.6202873587608337,0.7839319109916687,0.6937333941459656,0.8119062781333923,0.6149724721908569,0.8060282468795776,0
0.0,0.0,0.0,0.0,0.0,0.0,0.0,0.0,0.0,0.0,0.0,0.0,0.0,0.0,0.0,0.0,0.0,0.0,0.0,0.0,0.0,0.0,0.0,0.0,0.0,0.0,0.0,0.0,0.0,0.0,0.0,0.0,0.0,0.0,0.0,0.0,0.0,0.0,0.0,0.0,0.0,0.0,0.0,0.0,0.0,0.0,0.0,0.0,0.0,0.0,0.0,0.0,0.0,0.0,0.0,0.0,0.0,0.0,0.0,0.0,0.0,0.0,0.0,0.0,0.0,0.0,0
0.6613075137138367,0.22558841109275818,0.664676308631897,0.21481040120124817,0.6666115522384644,0.21547982096672058,0.6685526967048645,0.21626496315002441,0.6599116921424866,0.21404412388801575,0.6584062576293945,0.21405848860740662,0.6568942070007324,0.21399441361427307,0.6714784502983093,0.22572949528694153,0.6548871397972107,0.22090205550193787,0.6643339991569519,0.24135535955429077,0.6583078503608704,0.239333838224411,0.6832163333892822,0.3150135576725006,0.636001706123352,0.28504931926727295,0.6834526658058167,0.4066365361213684,0.6216111183166504,0.3753374218940735,0.6882168650627136,0.48233723640441895,0.6259728670120239,0.4569054841995239,0.6879459619522095,0.5025467872619629,0.6241475939750671,0.4873509407043457,0.6876504421234131,0.49779707193374634,0.6291167736053467,0.4838487207889557,0.6839566230773926,0.4849066734313965,0.6308542490005493,0.47125527262687683,0.6721814870834351,0.4830370247364044,0.6411701440811157,0.48497533798217773,0.6838107109069824,0.5825855135917664,0.6319082379341125,0.6395492553710938,0.6832196116447449,0.7370454668998718,0.6257593035697937,0.7934942245483398,0.6737959980964661,0.7603795528411865,0.6275787949562073,0.8147100806236267,0.6852649450302124,0.7948115468025208,0.6203404664993286,0.8271801471710205,0
0.0,0.0,0.0,0.0,0.0,0.0,0.0,0.0,0.0,0.0,0.0,0.0,0.0,0.0,0.0,0.0,0.0,0.0,0.0,0.0,0.0,0.0,0.0,0.0,0.0,0.0,0.0,0.0,0.0,0.0,0.0,0.0,0.0,0.0,0.0,0.0,0.0,0.0,0.0,0.0,0.0,0.0,0.0,0.0,0.0,0.0,0.0,0.0,0.0,0.0,0.0,0.0,0.0,0.0,0.0,0.0,0.0,0.0,0.0,0.0,0.0,0.0,0.0,0.0,0.0,0.0,0
0.0,0.0,0.0,0.0,0.0,0.0,0.0,0.0,0.0,0.0,0.0,0.0,0.0,0.0,0.0,0.0,0.0,0.0,0.0,0.0,0.0,0.0,0.0,0.0,0.0,0.0,0.0,0.0,0.0,0.0,0.0,0.0,0.0,0.0,0.0,0.0,0.0,0.0,0.0,0.0,0.0,0.0,0.0,0.0,0.0,0.0,0.0,0.0,0.0,0.0,0.0,0.0,0.0,0.0,0.0,0.0,0.0,0.0,0.0,0.0,0.0,0.0,0.0,0.0,0.0,0.0,0
0.0,0.0,0.0,0.0,0.0,0.0,0.0,0.0,0.0,0.0,0.0,0.0,0.0,0.0,0.0,0.0,0.0,0.0,0.0,0.0,0.0,0.0,0.0,0.0,0.0,0.0,0.0,0.0,0.0,0.0,0.0,0.0,0.0,0.0,0.0,0.0,0.0,0.0,0.0,0.0,0.0,0.0,0.0,0.0,0.0,0.0,0.0,0.0,0.0,0.0,0.0,0.0,0.0,0.0,0.0,0.0,0.0,0.0,0.0,0.0,0.0,0.0,0.0,0.0,0.0,0.0,0
0.6743834614753723,0.22414135932922363,0.677261471748352,0.21233773231506348,0.679215133190155,0.21323826909065247,0.6811469793319702,0.21436110138893127,0.6726276278495789,0.21102076768875122,0.6712194085121155,0.21084272861480713,0.6698186993598938,0.21084502339363098,0.6836936473846436,0.2241910696029663,0.6677993535995483,0.21753832697868347,0.677134096622467,0.23789644241333008,0.6714058518409729,0.2364410161972046,0.6939231753349304,0.30936041474342346,0.6507663130760193,0.2876136004924774,0.693874716758728,0.4027581810951233,0.6388044357299805,0.38857951760292053,0.7039924263954163,0.4657427966594696,0.6369605660438538,0.4668915271759033,0.7077401280403137,0.4908578395843506,0.6335546970367432,0.49458542466163635,0.7061610817909241,0.48948949575424194,0.6372807621955872,0.4919513165950775,0.702904999256134,0.4784528315067291,0.6394551992416382,0.48162922263145447,0.683489203453064,0.48968505859375,0.6582245230674744,0.48778095841407776,0.6961895823478699,0.6200147271156311,0.655249834060669,0.629966139793396,0.6923878192901611,0.7339202761650085,0.6359297633171082,0.7511572241783142,0.6872093081474304,0.74850994348526,0.6325770616531372,0.7671549320220947,0.7042934894561768,0.7813735008239746,0.633338451385498,0.792682945728302,0
0.6792919039726257,0.22579610347747803,0.6816694140434265,0.21498683094978333,0.6834061145782471,0.21546632051467896,0.6849616765975952,0.21604472398757935,0.6767528057098389,0.21369436383247375,0.6751696467399597,0.21322980523109436,0.6735534071922302,0.21290910243988037,0.6865031719207764,0.22436997294425964,0.6706951856613159,0.21823954582214355,0.6815323233604431,0.24093899130821228,0.676069438457489,0.23936393857002258,0.6958166360855103,0.31183797121047974,0.6533675789833069,0.2881113886833191,0.6986719965934753,0.4045560956001282,0.6421457529067993,0.38025951385498047,0.7084113955497742,0.47081148624420166,0.6431195139884949,0.46741876006126404,0.7123242020606995,0.4942353665828705,0.6399092674255371,0.49452415108680725,0.7107158303260803,0.49296730756759644,0.6423212289810181,0.49352771043777466,0.7078111171722412,0.48370203375816345,0.6460601091384888,0.48350873589515686,0.683806300163269,0.4905434548854828,0.6612593531608582,0.48714807629585266,0.698254406452179,0.6183557510375977,0.6608688235282898,0.6309280395507812,0.6931584477424622,0.7359105348587036,0.6417198777198792,0.7511754035949707,0.6874231696128845,0.7512086629867554,0.6374791264533997,0.7669159173965454,0.7044426798820496,0.7797173261642456,0.6467816233634949,0.7991311550140381,0
0.0,0.0,0.0,0.0,0.0,0.0,0.0,0.0,0.0,0.0,0.0,0.0,0.0,0.0,0.0,0.0,0.0,0.0,0.0,0.0,0.0,0.0,0.0,0.0,0.0,0.0,0.0,0.0,0.0,0.0,0.0,0.0,0.0,0.0,0.0,0.0,0.0,0.0,0.0,0.0,0.0,0.0,0.0,0.0,0.0,0.0,0.0,0.0,0.0,0.0,0.0,0.0,0.0,0.0,0.0,0.0,0.0,0.0,0.0,0.0,0.0,0.0,0.0,0.0,0.0,0.0,0
0.0,0.0,0.0,0.0,0.0,0.0,0.0,0.0,0.0,0.0,0.0,0.0,0.0,0.0,0.0,0.0,0.0,0.0,0.0,0.0,0.0,0.0,0.0,0.0,0.0,0.0,0.0,0.0,0.0,0.0,0.0,0.0,0.0,0.0,0.0,0.0,0.0,0.0,0.0,0.0,0.0,0.0,0.0,0.0,0.0,0.0,0.0,0.0,0.0,0.0,0.0,0.0,0.0,0.0,0.0,0.0,0.0,0.0,0.0,0.0,0.0,0.0,0.0,0.0,0.0,0.0,0
0.0,0.0,0.0,0.0,0.0,0.0,0.0,0.0,0.0,0.0,0.0,0.0,0.0,0.0,0.0,0.0,0.0,0.0,0.0,0.0,0.0,0.0,0.0,0.0,0.0,0.0,0.0,0.0,0.0,0.0,0.0,0.0,0.0,0.0,0.0,0.0,0.0,0.0,0.0,0.0,0.0,0.0,0.0,0.0,0.0,0.0,0.0,0.0,0.0,0.0,0.0,0.0,0.0,0.0,0.0,0.0,0.0,0.0,0.0,0.0,0.0,0.0,0.0,0.0,0.0,0.0,0
0.689468264579773,0.22229376435279846,0.6914395093917847,0.2110576331615448,0.6930407285690308,0.2117498815059662,0.6944765448570251,0.2123819887638092,0.6863905191421509,0.20912185311317444,0.6847400069236755,0.20833349227905273,0.683108389377594,0.2074013650417328,0.6947755217552185,0.2183893322944641,0.6806254386901855,0.21135735511779785,0.6916224956512451,0.2369835376739502,0.6857506632804871,0.2335262894630432,0.7010789513587952,0.2990480661392212,0.6602234244346619,0.2834232449531555,0.709402322769165,0.3903205394744873,0.6454967856407166,0.3674064874649048,0.7194592356681824,0.45203474164009094,0.6506871581077576,0.4483317732810974,0.7232736945152283,0.4742838144302368,0.6531227231025696,0.47454479336738586,0.7210376262664795,0.467023640871048,0.6570596098899841,0.4701662063598633,0.7214699983596802,0.46142715215682983,0.6574405431747437,0.4647110402584076,0.7054390907287598,0.47675466537475586,0.6797581315040588,0.4829614460468292,0.7145531177520752,0.6053154468536377,0.6714926958084106,0.630207359790802,0.717214822769165,0.7080003619194031,0.6670039296150208,0.7368561029434204,0.7150712013244629,0.7218597531318665,0.6670705676078796,0.7506937980651855,0.7235451340675354,0.7519165277481079,0.6659292578697205,0.7786638140678406,0
0.6899275183677673,0.2239381968975067,0.6927148103713989,0.21297627687454224,0.6943754553794861,0.21387696266174316,0.6959090232849121,0.21472659707069397,0.6875673532485962,0.209713876247406,0.6860460638999939,0.20866039395332336,0.6845554709434509,0.2077886462211609,0.6963575482368469,0.22038975358009338,0.6823301911354065,0.21159785985946655,0.6915693879127502,0.23702290654182434,0.6861922144889832,0.2342802882194519,0.7041841149330139,0.3013038635253906,0.6608774065971375,0.28592753410339355,0.7155501842498779,0.38755685091018677,0.6492254137992859,0.3719840347766876,0.7228137254714966,0.4529525935649872,0.6539066433906555,0.45280325412750244,0.7272181510925293,0.47932347655296326,0.6553857922554016,0.47961801290512085,0.7247666120529175,0.4782794415950775,0.6573356986045837,0.4781534671783447,0.7212156653404236,0.4691215455532074,0.6605595946311951,0.4711243510246277,0.7040093541145325,0.47189661860466003,0.6795738339424133,0.47897040843963623,0.7177329063415527,0.6063451170921326,0.6718997359275818,0.6177489757537842,0.7277929782867432,0.7332451343536377,0.6692146062850952,0.7543050050735474,0.7271713614463806,0.7513942718505859,0.6711816787719727,0.7732464671134949,0.7319633960723877,0.7749266028404236,0.6644373536109924,0.7960515022277832,0
0.0,0.0,0.0,0.0,0.0,0.0,0.0,0.0,0.0,0.0,0.0,0.0,0.0,0.0,0.0,0.0,0.0,0.0,0.0,0.0,0.0,0.0,0.0,0.0,0.0,0.0,0.0,0.0,0.0,0.0,0.0,0.0,0.0,0.0,0.0,0.0,0.0,0.0,0.0,0.0,0.0,0.0,0.0,0.0,0.0,0.0,0.0,0.0,0.0,0.0,0.0,0.0,0.0,0.0,0.0,0.0,0.0,0.0,0.0,0.0,0.0,0.0,0.0,0.0,0.0,0.0,0
0.6942912340164185,0.22044238448143005,0.696622908115387,0.20838317275047302,0.698208212852478,0.2092674970626831,0.6996887922286987,0.21011638641357422,0.691898763179779,0.2050572633743286,0.6903355121612549,0.20397880673408508,0.6887593269348145,0.2029852569103241,0.700414776802063,0.2170596420764923,0.6864832639694214,0.20924565196037292,0.6965112686157227,0.2335970401763916,0.6907455325126648,0.23250311613082886,0.7102696895599365,0.3090938329696655,0.6670623421669006,0.2826305627822876,0.7152907252311707,0.41220712661743164,0.6553189754486084,0.3805142641067505,0.7260680794715881,0.46687132120132446,0.6638519167900085,0.4592139422893524,0.7305296659469604,0.4844765067100525,0.6645633578300476,0.48512184619903564,0.7288166284561157,0.4731196165084839,0.6671167612075806,0.48226141929626465,0.7251906991004944,0.47075918316841125,0.6673943400382996,0.472233384847641,0.7117049694061279,0.49485430121421814,0.6839860677719116,0.4998490512371063,0.7107201814651489,0.6521108746528625,0.6856074333190918,0.6686602234840393,0.7197218537330627,0.7029891610145569,0.7103208303451538,0.6810365915298462,0.7197709083557129,0.7046817541122437,0.7135089635848999,0.6740680932998657,0.7228342890739441,0.7389551997184753,0.7169135808944702,0.7158388495445251,0
0.6959620714187622,0.2224699854850769,0.6986209154129028,0.209623783826828,0.7002385854721069,0.2102789580821991,0.7017599940299988,0.2110598385334015,0.6937506198883057,0.20674487948417664,0.6921173334121704,0.20553389191627502,0.690519392490387,0.20376715064048767,0.702476978302002,0.2177845537662506,0.6883090138435364,0.20961669087409973,0.698013186454773,0.23556575179100037,0.6923487782478333,0.2338857352733612,0.7106946110725403,0.3085833489894867,0.6691135764122009,0.2793266773223877,0.7153742909431458,0.4109729528427124,0.6592272520065308,0.3791893422603607,0.7299782037734985,0.4629870057106018,0.6715692281723022,0.4548206925392151,0.7353570461273193,0.47984638810157776,0.6725714206695557,0.4819753170013428,0.7351608872413635,0.47351741790771484,0.6770798563957214,0.4789987802505493,0.7316504716873169,0.46894675493240356,0.6812753677368164,0.4727773070335388,0.7110925316810608,0.49200108647346497,0.6834078431129456,0.5002908110618591,0.734054446220398,0.6200382113456726,0.7026601433753967,0.6634851098060608,0.7225770950317383,0.7102624177932739,0.6954680681228638,0.708934485912323,0.7180885076522827,0.7173932194709778,0.6923025846481323,0.7076217532157898,0.7280660271644592,0.7608596086502075,0.6996050477027893,0.7560766339302063,0
0.6978785991668701,0.21854370832443237,0.7009777426719666,0.20663002133369446,0.7027763724327087,0.207755446434021,0.7046281099319458,0.2090071141719818,0.6960092186927795,0.20338302850723267,0.6944688558578491,0.20236894488334656,0.6928488612174988,0.2014467418193817,0.7064573764801025,0.2162160873413086,0.6903008818626404,0.20637762546539307,0.7004870176315308,0.23243942856788635,0.6944894790649414,0.23019015789031982,0.7148256897926331,0.303690642118454,0.67289137840271,0.2768775224685669,0.7176107168197632,0.39801716804504395,0.6592077016830444,0.3689623773097992,0.7298679351806641,0.4574897289276123,0.6705292463302612,0.45207032561302185,0.7346978783607483,0.47520506381988525,0.6727316379547119,0.4772338271141052,0.7343134880065918,0.4695030748844147,0.6775515675544739,0.4738978147506714,0.7309855222702026,0.46406489610671997,0.6781368851661682,0.4630172848701477,0.7131175994873047,0.48597195744514465,0.6875215768814087,0.49187514185905457,0.7251424193382263,0.6457523107528687,0.7049192190170288,0.6662159562110901,0.7054563164710999,0.7294406294822693,0.6869133114814758,0.728522777557373,0.7002217173576355,0.7335973381996155,0.6820488572120667,0.728962779045105,0.7076878547668457,0.7801921367645264,0.6904281973838806,0.7780653238296509,0
0.6995704174041748,0.21579167246818542,0.702216386795044,0.20450541377067566,0.7038047313690186,0.20570266246795654,0.7053902745246887,0.20702561736106873,0.6978006958961487,0.2015710175037384,0.6963623762130737,0.20019668340682983,0.6948296427726746,0.1993752419948578,0.706432044506073,0.2161020040512085,0.6924391984939575,0.20584431290626526,0.7018157839775085,0.2312961220741272,0.6960576772689819,0.2283271849155426,0.7130893468856812,0.30327779054641724,0.6726211905479431,0.2775503098964691,0.7148337960243225,0.4027079939842224,0.6599387526512146,0.37559059262275696,0.7247819304466248,0.4512344002723694,0.6733635067939758,0.4547714293003082,0.7290961742401123,0.4684920012950897,0.6739791035652161,0.4825727939605713,0.7293925881385803,0.4630400538444519,0.6791127324104309,0.4720076322555542,0.7262917160987854,0.4580727815628052,0.6791090965270996,0.4675569236278534,0.713668942451477,0.4920366108417511,0.6864754557609558,0.48866575956344604,0.720390260219574,0.6325258016586304,0.6980158686637878,0.6611680388450623,0.7044883370399475,0.7278201580047607,0.6934138536453247,0.7358789443969727,0.7008877992630005,0.7355073690414429,0.6916479468345642,0.7411413788795471,0.7037386298179626,0.7759353518486023,0.6954346895217896,0.7800090909004211,0
0.7027119398117065,0.2157232165336609,0.7050641775131226,0.20497983694076538,0.7065889239311218,0.20645156502723694,0.7081770300865173,0.20808455348014832,0.7011414766311646,0.20174500346183777,0.6997682452201843,0.20094731450080872,0.6983314752578735,0.20033586025238037,0.7090003490447998,0.2189359962940216,0.6958144903182983,0.20821908116340637,0.70452880859375,0.2313871681690216,0.6993023157119751,0.22831419110298157,0.7150689363479614,0.3057408928871155,0.676144540309906,0.27767688035964966,0.7152361869812012,0.3999454975128174,0.6616755127906799,0.36882340908050537,0.7245612144470215,0.43782544136047363,0.6749926209449768,0.44853919744491577,0.7283233404159546,0.45392194390296936,0.6758913397789001,0.47790515422821045,0.7286507487297058,0.4480243921279907,0.6814035177230835,0.47362151741981506,0.7258994579315186,0.44346123933792114,0.6816160678863525,0.46131372451782227,0.7121171355247498,0.49472784996032715,0.6870015263557434,0.48577672243118286,0.7260714769363403,0.6421350836753845,0.7051470875740051,0.6593492031097412,0.6994019150733948,0.7132980823516846,0.6893726587295532,0.7226012349128723,0.6932183504104614,0.7133522033691406,0.6846567392349243,0.7226625680923462,0.7000950574874878,0.7655771374702454,0.694121778011322,0.7767795920372009,0
0.7069651484489441,0.21966814994812012,0.709122896194458,0.20710355043411255,0.7108046412467957,0.20893922448158264,0.7124423980712891,0.2105615735054016,0.7042689323425293,0.20179319381713867,0.7025945782661438,0.20014691352844238,0.7007938027381897,0.19882944226264954,0.7127071022987366,0.21921691298484802,0.696254551410675,0.20335569977760315,0.7084455490112305,0.23362991213798523,0.7029398083686829,0.23057657480239868,0.7162058353424072,0.3013119399547577,0.6763567924499512,0.28126630187034607,0.7194295525550842,0.39060550928115845,0.6666354537010193,0.3823516070842743,0.7268639206886292,0.43475985527038574,0.6780695915222168,0.4548042118549347,0.7302818894386292,0.45061835646629333,0.681637167930603,0.4788561761379242,0.729386031627655,0.4435795247554779,0.6863276362419128,0.4734792411327362,0.7265781760215759,0.4387039840221405,0.6860664486885071,0.4633467495441437,0.715232253074646,0.4774574935436249,0.692306399345398,0.4832446873188019,0.7231760025024414,0.6166858673095703,0.6982126832008362,0.6366572976112366,0.7149745225906372,0.7245375514030457,0.6932985782623291,0.7341396808624268,0.7106460332870483,0.7383068203926086,0.6895893812179565,0.7453194856643677,0.7236717939376831,0.7699341773986816,0.7031479477882385,0.7774518132209778,0
0.708108127117157,0.22199323773384094,0.7108389139175415,0.2085341513156891,0.7122747302055359,0.2092822790145874,0.7137619256973267,0.21025016903877258,0.7064166069030762,0.20625218749046326,0.704809844493866,0.20527905225753784,0.7030114531517029,0.20426547527313232,0.7140485644340515,0.21883472800254822,0.6992713212966919,0.20798993110656738,0.709684431552887,0.2357257902622223,0.704343855381012,0.23279929161071777,0.7181485295295715,0.30117785930633545,0.6827265024185181,0.27126264572143555,0.7169149518013,0.38180774450302124,0.6685355305671692,0.357532799243927,0.7252165079116821,0.43077826499938965,0.6785790324211121,0.44747912883758545,0.7277265191078186,0.44605839252471924,0.6789085865020752,0.46554315090179443,0.7275408506393433,0.43993353843688965,0.6835640072822571,0.4651847183704376,0.7253575921058655,0.4356939494609833,0.6841142773628235,0.4528859257698059,0.7110081315040588,0.483547568321228,0.689655601978302,0.4757540822029114,0.721961259841919,0.6170520782470703,0.7099841833114624,0.626334547996521,0.6934666037559509,0.7245633006095886,0.6875923275947571,0.7293339371681213,0.6857354640960693,0.7332100868225098,0.6809629201889038,0.7379264235496521,0.6980790495872498,0.7771430611610413,0.694094181060791,0.7814648151397705,0
0.7131983041763306,0.22270217537879944,0.7153388261795044,0.21137762069702148,0.7167003154754639,0.21251952648162842,0.7179513573646545,0.21361708641052246,0.7107617855072021,0.20744949579238892,0.708931028842926,0.20586219429969788,0.7071062922477722,0.20446550846099854,0.7170940041542053,0.22012242674827576,0.7024679183959961,0.20869749784469604,0.7138507962226868,0.235105961561203,0.7088169455528259,0.23255255818367004,0.7194985747337341,0.3005674183368683,0.6827053427696228,0.27230602502822876,0.7202702164649963,0.38825416564941406,0.6697933673858643,0.36620664596557617,0.7278963923454285,0.43542391061782837,0.6773955225944519,0.4413336217403412,0.73398357629776,0.44846785068511963,0.6784932613372803,0.4648135006427765,0.7341302633285522,0.44168734550476074,0.6829866170883179,0.46386289596557617,0.7314901351928711,0.4367845356464386,0.6829453706741333,0.45318636298179626,0.7159155607223511,0.47568845748901367,0.6941785216331482,0.4754205048084259,0.721325695514679,0.6135765314102173,0.70339435338974,0.6253811717033386,0.704393744468689,0.7298439741134644,0.6930413246154785,0.7281516194343567,0.6984204053878784,0.7442070245742798,0.688111424446106,0.7398538589477539,0.7127912640571594,0.7759070992469788,0.7031293511390686,0.7722619771957397,0
0.7160851359367371,0.22653362154960632,0.7177307605743408,0.21630245447158813,0.7185874581336975,0.21654874086380005,0.7193427681922913,0.21671193838119507,0.71392422914505,0.21311569213867188,0.7120060920715332,0.21060672402381897,0.7098971605300903,0.20780226588249207,0.7175626158714294,0.21984946727752686,0.7055932283401489,0.20726296305656433,0.7161953449249268,0.23729920387268066,0.7116574645042419,0.23444324731826782,0.7170383930206299,0.2914310693740845,0.6820900440216064,0.27630168199539185,0.723976731300354,0.3755645155906677,0.6723349690437317,0.37344884872436523,0.7309555411338806,0.3953568637371063,0.6834481954574585,0.4512890577316284,0.733707070350647,0.40476033091545105,0.6877351999282837,0.47801536321640015,0.7333512902259827,0.3983789384365082,0.6906704306602478,0.47067150473594666,0.7305811047554016,0.3963467478752136,0.6901916265487671,0.461479514837265,0.7153630256652832,0.4410831034183502,0.6939271092414856,0.4440043568611145,0.732035756111145,0.5484827756881714,0.7012444138526917,0.5773958563804626,0.7279314398765564,0.6549347043037415,0.6987638473510742,0.6847467422485352,0.7236524224281311,0.6697651147842407,0.6962599754333496,0.6982108354568481,0.739872932434082,0.6925780177116394,0.7083828449249268,0.7222329378128052,0
0.7188452482223511,0.2252553105354309,0.7208491563796997,0.21378228068351746,0.7218794822692871,0.21441206336021423,0.7228716015815735,0.2152107059955597,0.7169492244720459,0.21048679947853088,0.7152935862541199,0.20867154002189636,0.7134971618652344,0.20679867267608643,0.7210198044776917,0.21921232342720032,0.7079988121986389,0.20783692598342896,0.7188423275947571,0.23805022239685059,0.7146944999694824,0.23475679755210876,0.7233128547668457,0.30161577463150024,0.6858386993408203,0.277388334274292,0.7233695387840271,0.3882198929786682,0.6739037036895752,0.37739577889442444,0.724822461605072,0.3603717088699341,0.6822433471679688,0.44900479912757874,0.7251021862030029,0.3573627471923828,0.6831931471824646,0.47344884276390076,0.7265674471855164,0.34585440158843994,0.6878604888916016,0.4730134606361389,0.7249614596366882,0.3482685089111328,0.6878928542137146,0.4617256820201874,0.7182292938232422,0.4785102307796478,0.6961158514022827,0.47760137915611267,0.726263701915741,0.6174853444099426,0.7017039060592651,0.6364520192146301,0.7181738615036011,0.7399119734764099,0.6902849078178406,0.7287629246711731,0.7136959433555603,0.7557406425476074,0.6873511075973511,0.7388049364089966,0.7249755859375,0.7869061231613159,0.6938974261283875,0.7747628688812256,0
0.722023069858551,0.22500953078269958,0.7235498428344727,0.21325740218162537,0.7245416045188904,0.2137622833251953,0.7255017161369324,0.21428769826889038,0.7198846340179443,0.21050825715065002,0.7183089852333069,0.20895901322364807,0.716502845287323,0.20736056566238403,0.7235314846038818,0.21755197644233704,0.7110434770584106,0.20825061202049255,0.7220701575279236,0.23859310150146484,0.718056857585907,0.23582735657691956,0.7261520624160767,0.30370980501174927,0.6884992122650146,0.2755747139453888,0.7293205857276917,0.3835468888282776,0.6756406426429749,0.37151801586151123,0.7278434634208679,0.3390076756477356,0.6860507726669312,0.4598395824432373,0.7278783321380615,0.3292067050933838,0.6871070265769958,0.48750558495521545,0.7292625904083252,0.31588447093963623,0.6910473704338074,0.4820665419101715,0.7280807495117188,0.3206298351287842,0.6912967562675476,0.47176358103752136,0.7203722596168518,0.47752341628074646,0.6980753540992737,0.4795058071613312,0.7265925407409668,0.6249580383300781,0.700259804725647,0.635736346244812,0.7145715355873108,0.7447658777236938,0.691238284111023,0.7296436429023743,0.709665834903717,0.7600929737091064,0.688256025314331,0.7391995787620544,0.7206580638885498,0.7931593656539917,0.696152925491333,0.7767115831375122,0
0.7238643169403076,0.22102266550064087,0.7251889109611511,0.20812121033668518,0.7262992262840271,0.20895227789878845,0.7273938059806824,0.20976877212524414,0.7214138507843018,0.20538556575775146,0.7197117209434509,0.20413798093795776,0.7179139852523804,0.20293089747428894,0.726485013961792,0.21649181842803955,0.7125657200813293,0.20617300271987915,0.7246282696723938,0.23538950085639954,0.7199997901916504,0.2324342429637909,0.729400634765625,0.29977312684059143,0.6899574995040894,0.2762964963912964,0.7242529988288879,0.3930700123310089,0.6797302961349487,0.3830242455005646,0.7280451059341431,0.43201538920402527,0.6869421601295471,0.4649204611778259,0.7297716736793518,0.4492664635181427,0.6872532963752747,0.4909197688102722,0.729573130607605,0.44248753786087036,0.6919105648994446,0.4833739399909973,0.727463960647583,0.4368134140968323,0.6926349997520447,0.4782863259315491,0.7221794724464417,0.4876379072666168,0.6995897889137268,0.4852772057056427,0.7243661880493164,0.6263229846954346,0.7024613618850708,0.6456607580184937,0.7131064534187317,0.752167284488678,0.6913626790046692,0.7467843890190125,0.7082471251487732,0.7685830593109131,0.6880457997322083,0.7577280402183533,0.7201082110404968,0.7995184659957886,0.6973419785499573,0.7954188585281372,0
0.7283775806427002,0.21785792708396912,0.7295302748680115,0.2055014967918396,0.7305978536605835,0.20644161105155945,0.7316777110099792,0.20739597082138062,0.7257973551750183,0.20262330770492554,0.7242680788040161,0.2014775574207306,0.7224429249763489,0.20029032230377197,0.7300139665603638,0.21364670991897583,0.7165632843971252,0.20342624187469482,0.7286222577095032,0.23137587308883667,0.7241723537445068,0.22857365012168884,0.7314333319664001,0.293969988822937,0.6928306221961975,0.27481648325920105,0.7267611622810364,0.3912205100059509,0.6804594993591309,0.3761422634124756,0.7339457273483276,0.43641674518585205,0.6883313655853271,0.47036173939704895,0.7367334961891174,0.4557691216468811,0.6886929869651794,0.49839815497398376,0.736625075340271,0.45042532682418823,0.6927741765975952,0.4950034022331238,0.7341125011444092,0.44409286975860596,0.6933237314224243,0.483945369720459,0.7233805060386658,0.4848853349685669,0.7011659145355225,0.48399627208709717,0.7205537557601929,0.6270571947097778,0.7006752490997314,0.6346166133880615,0.7135423421859741,0.7587997913360596,0.6949142217636108,0.7419662475585938,0.7094587087631226,0.7777139544487,0.6926988363265991,0.7563080787658691,0.7207792401313782,0.8017577528953552,0.7009226083755493,0.7852293252944946,0
0.729856014251709,0.21781876683235168,0.7312058806419373,0.2052440047264099,0.7322043180465698,0.2059401571750641,0.7332058548927307,0.2066475749015808,0.7276481986045837,0.20239213109016418,0.7260974645614624,0.20108675956726074,0.7245560884475708,0.19983354210853577,0.7311840653419495,0.21096569299697876,0.7194552421569824,0.20316439867019653,0.7302316427230835,0.23044216632843018,0.7257328033447266,0.22712284326553345,0.7327142953872681,0.290123850107193,0.6958013772964478,0.2732657790184021,0.7257635593414307,0.38051068782806396,0.6839652061462402,0.37837302684783936,0.7303914427757263,0.44516223669052124,0.691123902797699,0.4720478951931,0.7323381900787354,0.46961021423339844,0.6897457242012024,0.5012669563293457,0.7322165966033936,0.46578797698020935,0.6947402954101562,0.4991227388381958,0.7302683591842651,0.4579114317893982,0.6961869597434998,0.4864749610424042,0.724696695804596,0.49419087171554565,0.7025178074836731,0.49497005343437195,0.7250562310218811,0.6218328475952148,0.7049540281295776,0.6431434750556946,0.7161955237388611,0.7500369548797607,0.6993951797485352,0.7453325390815735,0.7118491530418396,0.7686300277709961,0.6965879797935486,0.7575433254241943,0.7239445447921753,0.7929614186286926,0.7078040242195129,0.7932612895965576,0
0.7336788773536682,0.22400487959384918,0.7344194054603577,0.21093329787254333,0.7352729439735413,0.21141251921653748,0.7360520958900452,0.211862251162529,0.7311109900474548,0.20819233357906342,0.7294731736183167,0.20665912330150604,0.7277200818061829,0.20512712001800537,0.7334621548652649,0.2147260159254074,0.721450686454773,0.20670872926712036,0.7332918643951416,0.23636433482170105,0.7290047407150269,0.23324865102767944,0.7344856858253479,0.29784706234931946,0.6979793906211853,0.2723233699798584,0.7313311696052551,0.3746238052845001,0.6876207590103149,0.37253251671791077,0.7318059802055359,0.3647662401199341,0.6932727098464966,0.46654701232910156,0.730475127696991,0.3676542043685913,0.693069577217102,0.49274206161499023,0.733773410320282,0.33975887298583984,0.69748854637146,0.4908497929573059,0.7332885265350342,0.3409324884414673,0.6986711621284485,0.4810720384120941,0.7226805686950684,0.489672988653183,0.7029504179954529,0.48585957288742065,0.7189816236495972,0.6108273863792419,0.7035916447639465,0.6309005618095398,0.7047854661941528,0.7263942956924438,0.6949949860572815,0.7303544282913208,0.6998233795166016,0.7423200607299805,0.691018283367157,0.7412528991699219,0.7119598984718323,0.7669409513473511,0.7043007612228394,0.7748011350631714,0
0.7349926829338074,0.21414312720298767,0.7366619110107422,0.202216237783432,0.7378703951835632,0.20305445790290833,0.7390221357345581,0.20388129353523254,0.7326772212982178,0.19925028085708618,0.7309457063674927,0.19798609614372253,0.7292007207870483,0.1969372034072876,0.7372910976409912,0.2085723578929901,0.7239675521850586,0.20140144228935242,0.7357274293899536,0.22868064045906067,0.7307959198951721,0.22598600387573242,0.7366255521774292,0.3019353151321411,0.704501748085022,0.27445656061172485,0.734184980392456,0.39148491621017456,0.6905308961868286,0.3776437044143677,0.733302891254425,0.444622665643692,0.7006658911705017,0.47172942757606506,0.7332032918930054,0.4656059443950653,0.6992827653884888,0.49713823199272156,0.7337192296981812,0.4601314961910248,0.7037788033485413,0.4960232973098755,0.7326549291610718,0.4537838399410248,0.7047607898712158,0.4859113395214081,0.7264637351036072,0.5091909766197205,0.7063294649124146,0.5046851634979248,0.723635196685791,0.6442503333091736,0.7097535133361816,0.6660416126251221,0.7053583264350891,0.7407053709030151,0.6986775994300842,0.7315083742141724,0.6998844742774963,0.752579927444458,0.6936774253845215,0.7349683046340942,0.7116153240203857,0.7813724279403687,0.7081800103187561,0.7763465642929077,0
0.7389140725135803,0.21849313378334045,0.740299642086029,0.20399868488311768,0.7412704825401306,0.20429441332817078,0.7421901226043701,0.2045556604862213,0.736595094203949,0.2017245888710022,0.7349053621292114,0.20040899515151978,0.7332074046134949,0.19913768768310547,0.7394829392433167,0.2091822326183319,0.7278856635093689,0.2017916440963745,0.7389811873435974,0.2322556972503662,0.7344933152198792,0.22947052121162415,0.7377439737319946,0.2943079471588135,0.7076418399810791,0.26939189434051514,0.7312349677085876,0.3735067844390869,0.6955758333206177,0.3707811236381531,0.7353966236114502,0.40782880783081055,0.7043923735618591,0.4730643928050995,0.7363418936729431,0.42228031158447266,0.7026376724243164,0.49803289771080017,0.7384348511695862,0.4183444678783417,0.7094509601593018,0.49712324142456055,0.7371280193328857,0.41474220156669617,0.7101220488548279,0.4926239252090454,0.7267997860908508,0.5041264891624451,0.7070431113243103,0.5013793110847473,0.7206891775131226,0.6398621797561646,0.7073324918746948,0.6563017964363098,0.7047263383865356,0.734996497631073,0.7009639143943787,0.7258349061012268,0.6989495754241943,0.7496827840805054,0.6962855458259583,0.733234167098999,0.7130352258682251,0.767577052116394,0.712419331073761,0.7643502950668335,0
0.7397615909576416,0.21236389875411987,0.7419965863227844,0.1993875801563263,0.7431330680847168,0.20009681582450867,0.7442140579223633,0.2008463442325592,0.7378844618797302,0.19645079970359802,0.7360919713973999,0.19506853818893433,0.7341970205307007,0.19379451870918274,0.7418477535247803,0.20590859651565552,0.7289584875106812,0.19709503650665283,0.7399070858955383,0.22793325781822205,0.7349550127983093,0.22484251856803894,0.7369142174720764,0.2945539057254791,0.7094780206680298,0.2692945599555969,0.7258462309837341,0.3968713879585266,0.6997853517532349,0.37802600860595703,0.7318763136863708,0.48373886942863464,0.7157827615737915,0.46582716703414917,0.7348436117172241,0.5125835537910461,0.7126336693763733,0.4996412992477417,0.7353922724723816,0.5108087658882141,0.7180349826812744,0.4895744323730469,0.7333768606185913,0.5017364025115967,0.7180845141410828,0.48666390776634216,0.728188157081604,0.5103057026863098,0.7104820013046265,0.5192885398864746,0.732330322265625,0.6517123579978943,0.722557008266449,0.6823002099990845,0.7121511101722717,0.6992262005805969,0.7124715447425842,0.6936373114585876,0.7064904570579529,0.704111635684967,0.7086045742034912,0.6847357749938965,0.7182958126068115,0.7282220125198364,0.7189642190933228,0.7358009219169617,0
0.743809700012207,0.21391111612319946,0.745243489742279,0.20029377937316895,0.7461166977882385,0.2005777657032013,0.7469586730003357,0.20090588927268982,0.7413663268089294,0.19781416654586792,0.7396873831748962,0.1963992416858673,0.7380233407020569,0.1950761079788208,0.7436510324478149,0.20408844947814941,0.7327641248703003,0.19744056463241577,0.7431109547615051,0.22755613923072815,0.7387976050376892,0.22478249669075012,0.7371180653572083,0.287927508354187,0.7120611071586609,0.266639769077301,0.7278711199760437,0.3865208923816681,0.7031614184379578,0.37837064266204834,0.7343353629112244,0.44981634616851807,0.7158244848251343,0.470401793718338,0.736764132976532,0.4714239537715912,0.7158415913581848,0.49689751863479614,0.7387561202049255,0.469559907913208,0.7211622595787048,0.4960501492023468,0.7369193434715271,0.46301841735839844,0.7213757634162903,0.4846471846103668,0.7294976711273193,0.5042732954025269,0.7126436233520508,0.5115044713020325,0.741724967956543,0.6174873113632202,0.7316392660140991,0.6706805229187012,0.7259303331375122,0.6812600493431091,0.7229905724525452,0.6925078630447388,0.7208541631698608,0.6899133920669556,0.7187991142272949,0.6855423450469971,0.7334704995155334,0.7088576555252075,0.7315383553504944,0.7364116907119751,0
0.7483133673667908,0.21602103114128113,0.7487514615058899,0.20233666896820068,0.7491151690483093,0.20230898261070251,0.7494619488716125,0.20252084732055664,0.7463597059249878,0.20057320594787598,0.7449995279312134,0.199210524559021,0.7435927391052246,0.19778570532798767,0.7450671195983887,0.20519286394119263,0.7374429702758789,0.19899463653564453,0.7462433576583862,0.2286122441291809,0.7434183955192566,0.2276953160762787,0.7391582727432251,0.28537335991859436,0.7151707410812378,0.26324033737182617,0.7306400537490845,0.38651344180107117,0.7075250744819641,0.33908918499946594,0.7351316809654236,0.4802524745464325,0.733443558216095,0.3760830760002136,0.7384035587310791,0.5103258490562439,0.7377330660820007,0.39101627469062805,0.7340773940086365,0.5063308477401733,0.7426117062568665,0.38598883152008057,0.7359718680381775,0.4999536871910095,0.7404811978340149,0.38165244460105896,0.733092188835144,0.5139408111572266,0.7137105464935303,0.5115036368370056,0.74521404504776,0.662995457649231,0.7250300049781799,0.6864298582077026,0.723389744758606,0.6819466948509216,0.714767336845398,0.6746402978897095,0.7181110382080078,0.6766176819801331,0.7117267847061157,0.6566811203956604,0.7279802560806274,0.7155511379241943,0.7196577787399292,0.7216178774833679,0
0.7426507472991943,0.20228064060211182,0.745727002620697,0.19129347801208496,0.7470066547393799,0.19273418188095093,0.748370885848999,0.19435864686965942,0.7417637705802917,0.18723547458648682,0.7403932809829712,0.18586570024490356,0.7389822006225586,0.18455356359481812,0.7475327849388123,0.2022610604763031,0.7354766726493835,0.18983379006385803,0.7436171770095825,0.21871104836463928,0.7383641600608826,0.21223184466362,0.7462313771247864,0.28832927346229553,0.7152207493782043,0.2610282897949219,0.7430552840232849,0.378669798374176,0.7096453309059143,0.338809609413147,0.7456002831459045,0.474978506565094,0.7290284037590027,0.4201127290725708,0.7480483651161194,0.5075703859329224,0.7301506400108337,0.4478948414325714,0.7471903562545776,0.5090952515602112,0.7275626063346863,0.45620134472846985,0.7449942231178284,0.4983084499835968,0.7353090643882751,0.4381565451622009,0.7373078465461731,0.5260794758796692,0.7119779586791992,0.5250496864318848,0.729187548160553,0.6901212930679321,0.7091616988182068,0.7187443971633911,0.7247914671897888,0.7358012199401855,0.7110061049461365,0.7305564880371094,0.7226774096488953,0.7359960079193115,0.7099786400794983,0.7217613458633423,0.7287782430648804,0.7756202816963196,0.717928946018219,0.7763707041740417,0
0.7473511695861816,0.2105594277381897,0.7490079402923584,0.1971513330936432,0.7497556805610657,0.19795620441436768,0.7505079507827759,0.1987987458705902,0.7459896206855774,0.19400662183761597,0.7447546124458313,0.19265145063400269,0.7434325218200684,0.19139432907104492,0.7469564080238342,0.20400384068489075,0.7383086085319519,0.1953142285346985,0.7463022470474243,0.22611114382743835,0.7428056001663208,0.22182953357696533,0.7417077422142029,0.2888602018356323,0.718755841255188,0.2636173367500305,0.7400988340377808,0.37136709690093994,0.7150054574012756,0.308918297290802,0.7440670132637024,0.45493918657302856,0.7361591458320618,0.32041552662849426,0.7464876770973206,0.48288026452064514,0.7388878464698792,0.32857945561408997,0.7470346689224243,0.4848042130470276,0.742511510848999,0.32504934072494507,0.7454519271850586,0.47463181614875793,0.7411974668502808,0.3238765001296997,0.7382727265357971,0.5373148918151855,0.7172607779502869,0.5391324162483215,0.733860433101654,0.6939570903778076,0.7176103591918945,0.7250550389289856,0.7197332978248596,0.6950172781944275,0.7078611254692078,0.6854027509689331,0.7169661521911621,0.6886621117591858,0.70589280128479,0.6650211811065674,0.7202449440956116,0.7205395102500916,0.7084932923316956,0.7252414226531982,0
0.7507182359695435,0.20739871263504028,0.7526240944862366,0.1939326822757721,0.7534288167953491,0.19442901015281677,0.7542747855186462,0.19517606496810913,0.7494679093360901,0.19209200143814087,0.7480591535568237,0.19115665555000305,0.7467551231384277,0.19035524129867554,0.7511053085327148,0.2009599506855011,0.7417791485786438,0.19400635361671448,0.7499372363090515,0.22174575924873352,0.7459276914596558,0.2181929349899292,0.7448828220367432,0.27947691082954407,0.7169603109359741,0.2580444812774658,0.7413198351860046,0.3602343797683716,0.7159914970397949,0.3417092561721802,0.7471907138824463,0.44618821144104004,0.7374308109283447,0.4167017340660095,0.7503265142440796,0.4735639691352844,0.7306879758834839,0.4491814970970154,0.7505874037742615,0.47683146595954895,0.7357465624809265,0.4498860239982605,0.7484352588653564,0.4685194194316864,0.7453559637069702,0.43110984563827515,0.7392129302024841,0.5236914157867432,0.716499924659729,0.5266433954238892,0.7397736310958862,0.6645360589027405,0.7257302403450012,0.7015896439552307,0.7356519103050232,0.7288517355918884,0.7197629809379578,0.7225863933563232,0.7331318259239197,0.7349803447723389,0.716323733329773,0.7163518667221069,0.7421860694885254,0.7631828784942627,0.7279332876205444,0.767410397529602,0
0.0,0.0,0.0,0.0,0.0,0.0,0.0,0.0,0.0,0.0,0.0,0.0,0.0,0.0,0.0,0.0,0.0,0.0,0.0,0.0,0.0,0.0,0.0,0.0,0.0,0.0,0.0,0.0,0.0,0.0,0.0,0.0,0.0,0.0,0.0,0.0,0.0,0.0,0.0,0.0,0.0,0.0,0.0,0.0,0.0,0.0,0.0,0.0,0.0,0.0,0.0,0.0,0.0,0.0,0.0,0.0,0.0,0.0,0.0,0.0,0.0,0.0,0.0,0.0,0.0,0.0,0
0.7567622065544128,0.2133711874485016,0.7569771409034729,0.19850167632102966,0.7573097348213196,0.19850307703018188,0.7576982378959656,0.19869035482406616,0.7548943758010864,0.19732216000556946,0.7538532018661499,0.19648751616477966,0.7527387142181396,0.19572803378105164,0.7528699040412903,0.20253387093544006,0.7469884753227234,0.19823411107063293,0.7545177340507507,0.22841677069664001,0.7523273825645447,0.2262411117553711,0.7452194094657898,0.2822662591934204,0.7282784581184387,0.2673819661140442,0.736914873123169,0.3745238184928894,0.7252229452133179,0.3438706398010254,0.7498489618301392,0.4416796565055847,0.7448450326919556,0.39963680505752563,0.75269615650177,0.4627894163131714,0.7473999857902527,0.4176692068576813,0.7538626194000244,0.46367764472961426,0.7518720626831055,0.41332465410232544,0.7521019577980042,0.4566810727119446,0.7503662705421448,0.40759989619255066,0.7397343516349792,0.5493960976600647,0.7197064161300659,0.5454237461090088,0.7390756011009216,0.6970503926277161,0.7284114360809326,0.7312264442443848,0.7208412885665894,0.6910513043403625,0.7067915797233582,0.6991845369338989,0.7173780798912048,0.6818521022796631,0.7021292448043823,0.6766085624694824,0.7224830985069275,0.7190099358558655,0.7086383700370789,0.7453334927558899,0
0.7571748495101929,0.20635268092155457,0.7586030960083008,0.19275164604187012,0.7593665719032288,0.19350320100784302,0.7601321935653687,0.19443830847740173,0.7554980516433716,0.19049286842346191,0.7540745735168457,0.18957120180130005,0.7525840401649475,0.188478022813797,0.7571128010749817,0.20194897055625916,0.74764484167099,0.19249942898750305,0.7566206455230713,0.22168821096420288,0.752512514591217,0.21807530522346497,0.748274564743042,0.28754621744155884,0.7272300720214844,0.25990673899650574,0.740057647228241,0.3842316269874573,0.7216562032699585,0.3621811270713806,0.7433723211288452,0.4593898057937622,0.7436701059341431,0.43917614221572876,0.7451463341712952,0.4867417812347412,0.7457873821258545,0.46448251605033875,0.7427604794502258,0.4855304956436157,0.7458155155181885,0.4604244530200958,0.7429937124252319,0.4694904088973999,0.7425500750541687,0.45651692152023315,0.7433875203132629,0.5253662467002869,0.7214177846908569,0.5335617065429688,0.7935647964477539,0.5989452600479126,0.7242351770401001,0.7024933695793152,0.8145360350608826,0.6684613227844238,0.7294504642486572,0.6908369064331055,0.8120192885398865,0.6857957243919373,0.727715253829956,0.68135666847229,0.8389524221420288,0.6815482378005981,0.7414225935935974,0.7254223227500916,0
0.757708728313446,0.20315703749656677,0.759429931640625,0.18988630175590515,0.7604385018348694,0.19079533219337463,0.7614196538925171,0.19188815355300903,0.7558339238166809,0.18747514486312866,0.7543010115623474,0.1865222454071045,0.7527931928634644,0.185689777135849,0.7591121196746826,0.2012985646724701,0.748417854309082,0.1898365318775177,0.7580564022064209,0.22070297598838806,0.7535348534584045,0.21644467115402222,0.753258228302002,0.2957042455673218,0.7273457050323486,0.2635660469532013,0.7489884495735168,0.39183199405670166,0.7238536477088928,0.36769983172416687,0.7539684176445007,0.47315794229507446,0.7524734139442444,0.4345012307167053,0.7570769786834717,0.5006228089332581,0.7570074200630188,0.4580157399177551,0.7568870186805725,0.5011635422706604,0.7520886659622192,0.459868848323822,0.7545561790466309,0.4919548034667969,0.7514581084251404,0.45896708965301514,0.7477234601974487,0.5264310836791992,0.7213031053543091,0.5268194675445557,0.7913172245025635,0.6074239611625671,0.7166344523429871,0.6904763579368591,0.7923527956008911,0.6796241998672485,0.7083903551101685,0.6854468584060669,0.7869479060173035,0.6920936107635498,0.7065752148628235,0.6738083362579346,0.8104218244552612,0.709125816822052,0.7115515470504761,0.7342534065246582,0
0.7625965476036072,0.21218347549438477,0.7636301517486572,0.1974802315235138,0.7640723586082458,0.19766971468925476,0.764517068862915,0.1979835331439972,0.7612013220787048,0.1958039104938507,0.7600092887878418,0.19486284255981445,0.7587281465530396,0.1935420036315918,0.7601383924484253,0.20115312933921814,0.7524534463882446,0.19544830918312073,0.7607883214950562,0.2285783588886261,0.7579570412635803,0.22332894802093506,0.7512177228927612,0.2834053635597229,0.7300800085067749,0.26012668013572693,0.7488806843757629,0.396032452583313,0.7265347838401794,0.3152009844779968,0.7534985542297363,0.4896053671836853,0.7471601963043213,0.35533541440963745,0.7566127777099609,0.5225415825843811,0.7492525577545166,0.37206918001174927,0.756148099899292,0.5201331377029419,0.7540721893310547,0.3681020140647888,0.7540007829666138,0.5077221989631653,0.7530762553215027,0.3636862337589264,0.7510014772415161,0.5350682139396667,0.7253633141517639,0.5351015329360962,0.7715827822685242,0.6694684028625488,0.7168712615966797,0.71602463722229,0.7687904238700867,0.6772544384002686,0.7008747458457947,0.6605421304702759,0.7656611204147339,0.6747331619262695,0.7002230882644653,0.6378458142280579,0.7754517793655396,0.7028623819351196,0.6958046555519104,0.7021759152412415,0
0.7602788209915161,0.20673328638076782,0.7630565762519836,0.19527259469032288,0.7640904188156128,0.19655698537826538,0.7650972008705139,0.19801804423332214,0.7593441605567932,0.19147101044654846,0.7579120993614197,0.19011396169662476,0.7563923597335815,0.18881526589393616,0.7629088163375854,0.20421656966209412,0.7515243887901306,0.19163325428962708,0.7599369883537292,0.22179707884788513,0.7552553415298462,0.21529680490493774,0.7580604553222656,0.28017574548721313,0.7308053374290466,0.2511599063873291,0.7647746205329895,0.3576256036758423,0.7284761667251587,0.2599802017211914,0.7615801692008972,0.44233444333076477,0.7526302337646484,0.2772590219974518,0.7626301646232605,0.4722647964954376,0.7566953897476196,0.28600674867630005,0.7602736949920654,0.4732779860496521,0.7586597204208374,0.2883024513721466,0.7589942216873169,0.46229520440101624,0.7570482492446899,0.28785425424575806,0.7526291012763977,0.5162709355354309,0.7263407707214355,0.5147001147270203,0.7548543214797974,0.6866035461425781,0.7134011387825012,0.7003517150878906,0.7389994263648987,0.7159433960914612,0.7137061953544617,0.7069029808044434,0.7352206110954285,0.711825966835022,0.7142364382743835,0.693341851234436,0.7398776412010193,0.7582051157951355,0.715399980545044,0.7621440887451172,0
0.7606598734855652,0.20818942785263062,0.7634110450744629,0.19688016176223755,0.7647135257720947,0.19850781559944153,0.7659920454025269,0.20037928223609924,0.759245753288269,0.19248837232589722,0.7578611373901367,0.19076141715049744,0.7563866376876831,0.18946698307991028,0.7645624876022339,0.20787948369979858,0.7527874708175659,0.19293230772018433,0.7617523670196533,0.224980890750885,0.7562291026115417,0.21721413731575012,0.7639129161834717,0.2952434718608856,0.7281251549720764,0.2549061179161072,0.7656297087669373,0.39723002910614014,0.7299624085426331,0.27075645327568054,0.7659726142883301,0.4851810336112976,0.7525875568389893,0.2533157467842102,0.7688615322113037,0.5159262418746948,0.7595953941345215,0.27647876739501953,0.766393780708313,0.5150655508041382,0.761100172996521,0.27675876021385193,0.7635160684585571,0.503098726272583,0.759598433971405,0.2773265838623047,0.7554911971092224,0.53313809633255,0.7229908108711243,0.5344454646110535,0.7934322953224182,0.6868079304695129,0.7017446756362915,0.7267037034034729,0.7762103080749512,0.7151851654052734,0.7039879560470581,0.6669923663139343,0.7697756290435791,0.7111467123031616,0.706261932849884,0.6401753425598145,0.783690333366394,0.7608193159103394,0.7005875706672668,0.7227640748023987,0
0.0,0.0,0.0,0.0,0.0,0.0,0.0,0.0,0.0,0.0,0.0,0.0,0.0,0.0,0.0,0.0,0.0,0.0,0.0,0.0,0.0,0.0,0.0,0.0,0.0,0.0,0.0,0.0,0.0,0.0,0.0,0.0,0.0,0.0,0.0,0.0,0.0,0.0,0.0,0.0,0.0,0.0,0.0,0.0,0.0,0.0,0.0,0.0,0.0,0.0,0.0,0.0,0.0,0.0,0.0,0.0,0.0,0.0,0.0,0.0,0.0,0.0,0.0,0.0,0.0,0.0,0
0.7712265253067017,0.21442314982414246,0.7719148993492126,0.20077642798423767,0.7725277543067932,0.20133215188980103,0.7731708884239197,0.20198875665664673,0.769084095954895,0.19830065965652466,0.7678041458129883,0.19704818725585938,0.7664905786514282,0.195778489112854,0.7693023085594177,0.20674404501914978,0.7613143920898438,0.19830867648124695,0.7701939940452576,0.22882160544395447,0.766943633556366,0.22497877478599548,0.7624456882476807,0.2880004048347473,0.7399869561195374,0.26915937662124634,0.7625930309295654,0.37573879957199097,0.7409018874168396,0.3615691661834717,0.7631498575210571,0.44801026582717896,0.7583943605422974,0.4483897089958191,0.7648086547851562,0.47382766008377075,0.7586134672164917,0.46675828099250793,0.7638040781021118,0.47437429428100586,0.7636609077453613,0.4669756293296814,0.7623205780982971,0.4658186137676239,0.76402348279953,0.44990864396095276,0.7590059638023376,0.52747642993927,0.7313462495803833,0.527952253818512,0.7898280620574951,0.6398149728775024,0.714762270450592,0.6930148601531982,0.7960255146026611,0.7065337896347046,0.7124981880187988,0.6950389742851257,0.7919834852218628,0.7191170454025269,0.7124063968658447,0.6870524883270264,0.8129419088363647,0.7319595813751221,0.7162885665893555,0.7384181022644043,0
0.7732653617858887,0.21340084075927734,0.7749631404876709,0.20068252086639404,0.7758464813232422,0.2012632191181183,0.7767964601516724,0.20196759700775146,0.7719390988349915,0.19825568795204163,0.7708171010017395,0.19705542922019958,0.7697317004203796,0.19586947560310364,0.7740523815155029,0.20683681964874268,0.7657685875892639,0.19869306683540344,0.7733837366104126,0.22816166281700134,0.76954185962677,0.2238084375858307,0.7677773833274841,0.29281651973724365,0.7439696192741394,0.2660306394100189,0.7724367380142212,0.3872816562652588,0.737908124923706,0.34823912382125854,0.7683473825454712,0.4519765377044678,0.7582170963287354,0.403425395488739,0.7681687474250793,0.4755063056945801,0.760455310344696,0.42324501276016235,0.7671508193016052,0.4739554524421692,0.7648201584815979,0.4193646013736725,0.7663609385490417,0.46621182560920715,0.763716995716095,0.4139622449874878,0.7596240639686584,0.5351974964141846,0.7330175638198853,0.5284082889556885,0.777104377746582,0.6494371294975281,0.7205891013145447,0.6909974217414856,0.76713627576828,0.6952309608459473,0.708384096622467,0.7003939151763916,0.762306272983551,0.7002591490745544,0.7067899107933044,0.6921406984329224,0.7745452523231506,0.7269021272659302,0.7067402005195618,0.7477931976318359,0
0.0,0.0,0.0,0.0,0.0,0.0,0.0,0.0,0.0,0.0,0.0,0.0,0.0,0.0,0.0,0.0,0.0,0.0,0.0,0.0,0.0,0.0,0.0,0.0,0.0,0.0,0.0,0.0,0.0,0.0,0.0,0.0,0.0,0.0,0.0,0.0,0.0,0.0,0.0,0.0,0.0,0.0,0.0,0.0,0.0,0.0,0.0,0.0,0.0,0.0,0.0,0.0,0.0,0.0,0.0,0.0,0.0,0.0,0.0,0.0,0.0,0.0,0.0,0.0,0.0,0.0,0
0.0,0.0,0.0,0.0,0.0,0.0,0.0,0.0,0.0,0.0,0.0,0.0,0.0,0.0,0.0,0.0,0.0,0.0,0.0,0.0,0.0,0.0,0.0,0.0,0.0,0.0,0.0,0.0,0.0,0.0,0.0,0.0,0.0,0.0,0.0,0.0,0.0,0.0,0.0,0.0,0.0,0.0,0.0,0.0,0.0,0.0,0.0,0.0,0.0,0.0,0.0,0.0,0.0,0.0,0.0,0.0,0.0,0.0,0.0,0.0,0.0,0.0,0.0,0.0,0.0,0.0,0
0.0,0.0,0.0,0.0,0.0,0.0,0.0,0.0,0.0,0.0,0.0,0.0,0.0,0.0,0.0,0.0,0.0,0.0,0.0,0.0,0.0,0.0,0.0,0.0,0.0,0.0,0.0,0.0,0.0,0.0,0.0,0.0,0.0,0.0,0.0,0.0,0.0,0.0,0.0,0.0,0.0,0.0,0.0,0.0,0.0,0.0,0.0,0.0,0.0,0.0,0.0,0.0,0.0,0.0,0.0,0.0,0.0,0.0,0.0,0.0,0.0,0.0,0.0,0.0,0.0,0.0,0
0.0,0.0,0.0,0.0,0.0,0.0,0.0,0.0,0.0,0.0,0.0,0.0,0.0,0.0,0.0,0.0,0.0,0.0,0.0,0.0,0.0,0.0,0.0,0.0,0.0,0.0,0.0,0.0,0.0,0.0,0.0,0.0,0.0,0.0,0.0,0.0,0.0,0.0,0.0,0.0,0.0,0.0,0.0,0.0,0.0,0.0,0.0,0.0,0.0,0.0,0.0,0.0,0.0,0.0,0.0,0.0,0.0,0.0,0.0,0.0,0.0,0.0,0.0,0.0,0.0,0.0,0
0.0,0.0,0.0,0.0,0.0,0.0,0.0,0.0,0.0,0.0,0.0,0.0,0.0,0.0,0.0,0.0,0.0,0.0,0.0,0.0,0.0,0.0,0.0,0.0,0.0,0.0,0.0,0.0,0.0,0.0,0.0,0.0,0.0,0.0,0.0,0.0,0.0,0.0,0.0,0.0,0.0,0.0,0.0,0.0,0.0,0.0,0.0,0.0,0.0,0.0,0.0,0.0,0.0,0.0,0.0,0.0,0.0,0.0,0.0,0.0,0.0,0.0,0.0,0.0,0.0,0.0,0
0.0,0.0,0.0,0.0,0.0,0.0,0.0,0.0,0.0,0.0,0.0,0.0,0.0,0.0,0.0,0.0,0.0,0.0,0.0,0.0,0.0,0.0,0.0,0.0,0.0,0.0,0.0,0.0,0.0,0.0,0.0,0.0,0.0,0.0,0.0,0.0,0.0,0.0,0.0,0.0,0.0,0.0,0.0,0.0,0.0,0.0,0.0,0.0,0.0,0.0,0.0,0.0,0.0,0.0,0.0,0.0,0.0,0.0,0.0,0.0,0.0,0.0,0.0,0.0,0.0,0.0,0
0.3169013559818268,0.1873897910118103,0.3144707679748535,0.16882655024528503,0.31394970417022705,0.16819024085998535,0.3134463131427765,0.1675950288772583,0.3147217035293579,0.16788488626480103,0.31439051032066345,0.1667552888393402,0.31408852338790894,0.1656414270401001,0.3063991963863373,0.16950267553329468,0.3080754578113556,0.16705048084259033,0.31331467628479004,0.20179152488708496,0.3137369155883789,0.19925439357757568,0.27841469645500183,0.2359781265258789,0.29419952630996704,0.21436390280723572,0.26289284229278564,0.34582453966140747,0.2847553789615631,0.3504621982574463,0.2595576047897339,0.452708899974823,0.28707656264305115,0.4790140986442566,0.2579421103000641,0.462434321641922,0.2846076488494873,0.512467086315155,0.25814878940582275,0.4830685257911682,0.2873572111129761,0.5144988894462585,0.2591400444507599,0.4740545451641083,0.28786686062812805,0.5039529204368591,0.2678740918636322,0.4510941207408905,0.2816126346588135,0.42504316568374634,0.25714588165283203,0.6292644143104553,0.3119118809700012,0.5724969506263733,0.22741807997226715,0.7986907958984375,0.30929476022720337,0.7969074845314026,0.22473661601543427,0.8011863231658936,0.29976484179496765,0.8342047929763794,0.2505638301372528,0.8265000581741333,0.34072059392929077,0.8592365980148315,0
0.0,0.0,0.0,0.0,0.0,0.0,0.0,0.0,0.0,0.0,0.0,0.0,0.0,0.0,0.0,0.0,0.0,0.0,0.0,0.0,0.0,0.0,0.0,0.0,0.0,0.0,0.0,0.0,0.0,0.0,0.0,0.0,0.0,0.0,0.0,0.0,0.0,0.0,0.0,0.0,0.0,0.0,0.0,0.0,0.0,0.0,0.0,0.0,0.0,0.0,0.0,0.0,0.0,0.0,0.0,0.0,0.0,0.0,0.0,0.0,0.0,0.0,0.0,0.0,0.0,0.0,0
0.8097357749938965,0.23991429805755615,0.8133599758148193,0.2297721803188324,0.8146001696586609,0.23092126846313477,0.8157609701156616,0.2321780025959015,0.809035062789917,0.22568130493164062,0.8076099157333374,0.22421681880950928,0.8055912852287292,0.2220262587070465,0.8143371343612671,0.24058766663074493,0.8025273680686951,0.22618013620376587,0.8110988140106201,0.2557365596294403,0.8050146102905273,0.24971430003643036,0.8171802759170532,0.33096855878829956,0.7806108593940735,0.28861528635025024,0.8115652203559875,0.4427708089351654,0.7659801840782166,0.39161229133605957,0.8025683164596558,0.48600149154663086,0.7736029028892517,0.47260987758636475,0.8016008734703064,0.5046795606613159,0.7722392678260803,0.5000704526901245,0.8000513315200806,0.4973871409893036,0.7771337032318115,0.49751877784729004,0.7991485595703125,0.4907524883747101,0.7785800099372864,0.4893008768558502,0.7958644032478333,0.5356717109680176,0.7641130089759827,0.5111513137817383,0.8046807050704956,0.6143662929534912,0.7043229341506958,0.5614151954650879,0.7812758684158325,0.6548783183097839,0.7161145806312561,0.6913149356842041,0.7757242918014526,0.6565887928009033,0.7237296104431152,0.7111669778823853,0.7776715159416199,0.6862463355064392,0.701262354850769,0.7294838428497314,0
0.8155261874198914,0.24603956937789917,0.8192316889762878,0.23540106415748596,0.820399820804596,0.23652639985084534,0.8214918375015259,0.2375902235507965,0.8153306841850281,0.23065465688705444,0.8139034509658813,0.2285608947277069,0.812188446521759,0.22618678212165833,0.8201751112937927,0.2416219413280487,0.8078995943069458,0.2265104055404663,0.8158992528915405,0.2600274682044983,0.8100408315658569,0.2536439299583435,0.820553183555603,0.32609128952026367,0.7828177809715271,0.28684502840042114,0.817955732345581,0.425615131855011,0.7634831070899963,0.38792890310287476,0.8128878474235535,0.5059728622436523,0.764215350151062,0.4806521236896515,0.8122320771217346,0.5330287218093872,0.760310173034668,0.5167651772499084,0.8095290064811707,0.5274771451950073,0.7659822702407837,0.510873556137085,0.8082812428474426,0.5181947946548462,0.7668347358703613,0.5081800222396851,0.8008827567100525,0.5236052870750427,0.774080753326416,0.5027761459350586,0.7973974347114563,0.640047013759613,0.7311251163482666,0.5711761116981506,0.7781949639320374,0.7628819942474365,0.7125974893569946,0.7075724005699158,0.7725659608840942,0.7793253660202026,0.7136000990867615,0.7333632111549377,0.7764298319816589,0.8095465898513794,0.6928538084030151,0.7336674332618713,0
0.8200085163116455,0.2361922562122345,0.8233504891395569,0.22760775685310364,0.8245877027511597,0.22880518436431885,0.8262917995452881,0.23066401481628418,0.8189542889595032,0.2217692732810974,0.8175776600837708,0.22002005577087402,0.816128134727478,0.21819797158241272,0.8245039582252502,0.23702490329742432,0.811651349067688,0.2201644480228424,0.8201169967651367,0.2528645694255829,0.8143139481544495,0.24491757154464722,0.8255289793014526,0.33033037185668945,0.7824922204017639,0.2903614342212677,0.8236390948295593,0.4489807188510895,0.7654970288276672,0.39893418550491333,0.8078893423080444,0.4652516841888428,0.7645277380943298,0.5024526119232178,0.8041189312934875,0.4762946665287018,0.7612729072570801,0.536605954170227,0.8033323884010315,0.46678197383880615,0.7678241729736328,0.5362493991851807,0.8033021092414856,0.46366947889328003,0.7704404592514038,0.5264210104942322,0.8072207570075989,0.5588576793670654,0.7754598259925842,0.5291780829429626,0.79624342918396,0.6695976853370667,0.714871346950531,0.5741782188415527,0.7618401050567627,0.7174216508865356,0.7153857350349426,0.6721988320350647,0.7565563917160034,0.7180598974227905,0.7206162810325623,0.6879674196243286,0.7509709596633911,0.7579062581062317,0.6997275352478027,0.7075265049934387,0
0.8238691091537476,0.24048274755477905,0.8272837996482849,0.23055154085159302,0.828492283821106,0.23166301846504211,0.8301501870155334,0.2332099974155426,0.8230144381523132,0.22533953189849854,0.8217852115631104,0.22324255108833313,0.8203740119934082,0.2210114598274231,0.8286761045455933,0.2398998737335205,0.8160591125488281,0.22269153594970703,0.823314368724823,0.2553763687610626,0.81819748878479,0.2487468123435974,0.8303267359733582,0.3394126296043396,0.7871822714805603,0.2898385524749756,0.8242512345314026,0.45626965165138245,0.7677347660064697,0.39927226305007935,0.8165413737297058,0.5235123634338379,0.7646158933639526,0.5146529078483582,0.8156178593635559,0.5465933084487915,0.761650800704956,0.5499092936515808,0.8133368492126465,0.5407635569572449,0.767987847328186,0.5501335859298706,0.8121610879898071,0.5324700474739075,0.7703993916511536,0.5396946668624878,0.8100848197937012,0.5508766174316406,0.776504397392273,0.5208659768104553,0.8133774995803833,0.6586318016052246,0.7197102904319763,0.566214382648468,0.7962834239006042,0.6894275546073914,0.7055690288543701,0.6821639537811279,0.7923407554626465,0.6921577453613281,0.7090445756912231,0.7055614590644836,0.7904945611953735,0.7185097336769104,0.685688853263855,0.7083632946014404,0
0.8259055614471436,0.2413666844367981,0.8291717171669006,0.23226872086524963,0.8303849101066589,0.2333408147096634,0.8316356539726257,0.2344147115945816,0.8255448937416077,0.22748425602912903,0.8242993354797363,0.22532813251018524,0.8226991295814514,0.2227860391139984,0.8305040597915649,0.23910410702228546,0.8195100426673889,0.2234383225440979,0.8258560299873352,0.25535035133361816,0.8212138414382935,0.24829094111919403,0.8328340649604797,0.3275149464607239,0.7922386527061462,0.2875475287437439,0.8345558047294617,0.41883325576782227,0.7729112505912781,0.3679269552230835,0.8347563147544861,0.44504863023757935,0.7677456140518188,0.4599919617176056,0.8341081738471985,0.4565451443195343,0.7637502551078796,0.49316057562828064,0.8331714272499084,0.4497934579849243,0.767437219619751,0.49603626132011414,0.8319055438041687,0.44656527042388916,0.7692756652832031,0.4845097064971924,0.803960382938385,0.5021200180053711,0.7799782752990723,0.4814811646938324,0.8041532039642334,0.6238065958023071,0.7457642555236816,0.5782821178436279,0.7932860255241394,0.7679425477981567,0.7217430472373962,0.710625410079956,0.7893795371055603,0.7871946096420288,0.7218230962753296,0.7336359024047852,0.793355405330658,0.81061851978302,0.7077714204788208,0.7384594678878784,0
0.8332118988037109,0.25217509269714355,0.8357312679290771,0.24278034269809723,0.8366268873214722,0.24362969398498535,0.837638258934021,0.24457505345344543,0.8318904042243958,0.23849044740200043,0.8304423093795776,0.23639097809791565,0.8288992643356323,0.23406442999839783,0.8344582915306091,0.2476990520954132,0.8226286172866821,0.23270902037620544,0.8317375183105469,0.26404517889022827,0.8272613883018494,0.25935986638069153,0.836207389831543,0.33142346143722534,0.7928234338760376,0.29415571689605713,0.8388949036598206,0.4325169026851654,0.7737780213356018,0.38704630732536316,0.8439137935638428,0.4965665936470032,0.7698900699615479,0.47353440523147583,0.8463454246520996,0.5167034864425659,0.7646598815917969,0.4972570240497589,0.8428484797477722,0.5073018074035645,0.7703308463096619,0.4990001618862152,0.8428792953491211,0.49733656644821167,0.7716506719589233,0.4962709844112396,0.8138747811317444,0.5174115300178528,0.7854785323143005,0.5036013126373291,0.8310800194740295,0.6463595032691956,0.7619374990463257,0.6074903607368469,0.8443729877471924,0.7962952852249146,0.743579089641571,0.7353895902633667,0.8424078822135925,0.8193849325180054,0.7437734603881836,0.7579441070556641,0.8528294563293457,0.8392707109451294,0.73429274559021,0.7664188146591187,0
0.8308337330818176,0.2435910701751709,0.8338780403137207,0.2357305884361267,0.8350106477737427,0.23675861954689026,0.8360733389854431,0.23782102763652802,0.8304896950721741,0.2320074439048767,0.8290652632713318,0.2301677018404007,0.8278501629829407,0.22874325513839722,0.8349664211273193,0.2433333694934845,0.8242168426513672,0.23098471760749817,0.8309350609779358,0.2588803768157959,0.8260526061058044,0.2528848946094513,0.8376185297966003,0.32928940653800964,0.7960019707679749,0.2889198660850525,0.8413794636726379,0.42044690251350403,0.7773482799530029,0.372542142868042,0.8392974734306335,0.4574982523918152,0.7683484554290771,0.4603797197341919,0.8397180438041687,0.47327202558517456,0.7662109732627869,0.4795534610748291,0.8374345898628235,0.46704795956611633,0.7704610228538513,0.4836909770965576,0.8357812166213989,0.46180179715156555,0.7724032998085022,0.4717196524143219,0.8061617016792297,0.48726075887680054,0.7797431945800781,0.4647662341594696,0.8155370354652405,0.5775272250175476,0.7471672296524048,0.5483943223953247,0.8071525692939758,0.6938209533691406,0.7176798582077026,0.6776362061500549,0.802819013595581,0.7101026773452759,0.7159574031829834,0.700892448425293,0.8103859424591064,0.7351511716842651,0.705233633518219,0.7054331302642822,0
0.8314312100410461,0.25267162919044495,0.835402250289917,0.2420446276664734,0.836936354637146,0.2432795614004135,0.8384075164794922,0.2444784939289093,0.8307074904441833,0.23714900016784668,0.8292571902275085,0.23526111245155334,0.8276441097259521,0.2331690639257431,0.8386811017990112,0.2502972185611725,0.8241356611251831,0.23460938036441803,0.8321208953857422,0.26595544815063477,0.826514482498169,0.2600838541984558,0.842277467250824,0.33361169695854187,0.7973771691322327,0.29151594638824463,0.8451521992683411,0.4314955174922943,0.7792508006095886,0.3756251633167267,0.8469058275222778,0.48559895157814026,0.7701314687728882,0.46166354417800903,0.8457661271095276,0.4993665814399719,0.7659187316894531,0.4889707565307617,0.8456512689590454,0.4895406663417816,0.7680450677871704,0.48825737833976746,0.8428465127944946,0.4833545386791229,0.77213054895401,0.47982800006866455,0.808717668056488,0.5074008107185364,0.782444179058075,0.4888167977333069,0.8183795809745789,0.6387901902198792,0.7511345744132996,0.596416711807251,0.8168884515762329,0.7833787202835083,0.7281200289726257,0.7326648235321045,0.8136654496192932,0.8027408123016357,0.7286770343780518,0.7562650442123413,0.8207144141197205,0.82929527759552,0.7135053277015686,0.7623817920684814,0
0.8336079120635986,0.25279200077056885,0.8367464542388916,0.24255096912384033,0.8381564617156982,0.2440580278635025,0.8392616510391235,0.24521595239639282,0.8323928117752075,0.23855072259902954,0.8308178782463074,0.23733879625797272,0.8284689784049988,0.23489762842655182,0.8383420705795288,0.25178635120391846,0.8246361017227173,0.23697829246520996,0.8341578841209412,0.26669514179229736,0.8288037776947021,0.26137179136276245,0.8425958156585693,0.3337734341621399,0.7992626428604126,0.2900394797325134,0.8443328738212585,0.42329728603363037,0.782825231552124,0.3708624243736267,0.8462603688240051,0.4529070258140564,0.7754491567611694,0.46353158354759216,0.846780002117157,0.46439287066459656,0.7716277837753296,0.48676377534866333,0.8443090915679932,0.4543728232383728,0.7765181064605713,0.490643709897995,0.8426809310913086,0.4503789246082306,0.7775041460990906,0.48484352231025696,0.8087103366851807,0.4774993062019348,0.7820209264755249,0.4598289430141449,0.8328332901000977,0.548979640007019,0.7827749848365784,0.5603240728378296,0.8184593915939331,0.6204448342323303,0.7783423662185669,0.6335623860359192,0.8130179047584534,0.6292928457260132,0.7774635553359985,0.635688841342926,0.8257383704185486,0.65999835729599,0.779451847076416,0.6833042502403259,0
0.8326893448829651,0.25582462549209595,0.835663914680481,0.24445068836212158,0.8370662927627563,0.24552278220653534,0.8382248282432556,0.24627022445201874,0.8323382139205933,0.24138306081295013,0.8314342498779297,0.24020333588123322,0.8299893140792847,0.2381114363670349,0.8389860391616821,0.250885546207428,0.828193724155426,0.24048958718776703,0.8335651159286499,0.267527312040329,0.8282782435417175,0.26338908076286316,0.8435223698616028,0.32814064621925354,0.80279541015625,0.29260683059692383,0.8497635722160339,0.41292351484298706,0.7901576161384583,0.36357444524765015,0.8497896790504456,0.4732356667518616,0.7847570180892944,0.4390217661857605,0.8486895561218262,0.4903254806995392,0.7811911106109619,0.4585508406162262,0.8455299139022827,0.4870357811450958,0.7844769358634949,0.46061092615127563,0.8435255289077759,0.480383038520813,0.7866395711898804,0.4556848406791687,0.8089600801467896,0.4604937434196472,0.7858466506004333,0.4440086781978607,0.8174271583557129,0.5272073149681091,0.793783962726593,0.510800838470459,0.8049241304397583,0.5897362232208252,0.7883914113044739,0.5864585041999817,0.800683319568634,0.5974037647247314,0.7867750525474548,0.5904999375343323,0.8087305426597595,0.6230877041816711,0.7916282415390015,0.6293801665306091,0
0.8283166885375977,0.26271510124206543,0.8332395553588867,0.2484409511089325,0.8348771333694458,0.2499154508113861,0.8361240029335022,0.2503472864627838,0.8293963074684143,0.24637985229492188,0.8288276195526123,0.24564431607723236,0.8276107907295227,0.2424163520336151,0.8386061787605286,0.2567172646522522,0.827280580997467,0.2441197782754898,0.830687403678894,0.27435553073883057,0.8259039521217346,0.27018946409225464,0.8453342914581299,0.3322446942329407,0.8156881332397461,0.30003106594085693,0.8583663702011108,0.425476610660553,0.8093449473381042,0.359809011220932,0.856992781162262,0.4951699376106262,0.8112455010414124,0.41815710067749023,0.8583366870880127,0.5165020227432251,0.8094633221626282,0.4325152337551117,0.8559356927871704,0.5091385841369629,0.813429594039917,0.43101999163627625,0.8537529110908508,0.5019805431365967,0.8140144944190979,0.4262966215610504,0.8027055859565735,0.41757968068122864,0.787952184677124,0.3960757851600647,0.8156031966209412,0.48287463188171387,0.8050565123558044,0.46507179737091064,0.8027603030204773,0.5415676832199097,0.7957346439361572,0.5371044874191284,0.7982650995254517,0.5475029945373535,0.793216347694397,0.5460932850837708,0.8047288060188293,0.5707027912139893,0.7970404624938965,0.5705803632736206,0
0.0,0.0,0.0,0.0,0.0,0.0,0.0,0.0,0.0,0.0,0.0,0.0,0.0,0.0,0.0,0.0,0.0,0.0,0.0,0.0,0.0,0.0,0.0,0.0,0.0,0.0,0.0,0.0,0.0,0.0,0.0,0.0,0.0,0.0,0.0,0.0,0.0,0.0,0.0,0.0,0.0,0.0,0.0,0.0,0.0,0.0,0.0,0.0,0.0,0.0,0.0,0.0,0.0,0.0,0.0,0.0,0.0,0.0,0.0,0.0,0.0,0.0,0.0,0.0,0.0,0.0,0
0.8333528637886047,0.2766248881816864,0.8369764685630798,0.2633836269378662,0.8382043838500977,0.26352062821388245,0.8398133516311646,0.2645307183265686,0.833308756351471,0.26046741008758545,0.8314904570579529,0.2588578462600708,0.8304436802864075,0.257771760225296,0.8399777412414551,0.2655535936355591,0.8273723125457764,0.2575334906578064,0.8350082039833069,0.2883369028568268,0.8298479914665222,0.28599417209625244,0.8479017019271851,0.34514084458351135,0.8032290935516357,0.3106040954589844,0.8592787384986877,0.44638410210609436,0.7856813073158264,0.4084843397140503,0.8517032265663147,0.5022296905517578,0.7830089926719666,0.5089277625083923,0.8503333330154419,0.5232906937599182,0.7793720960617065,0.540662944316864,0.846895694732666,0.5126461386680603,0.7845511436462402,0.5393216609954834,0.8459286093711853,0.5058534145355225,0.78675776720047,0.5295509099960327,0.8098375201225281,0.5030298233032227,0.7843649387359619,0.47983720898628235,0.8227125406265259,0.6271083354949951,0.7527918219566345,0.58331298828125,0.8060600757598877,0.7364072203636169,0.716934084892273,0.6921824216842651,0.7999908924102783,0.748975396156311,0.7140068411827087,0.7103649973869324,0.8088293075561523,0.7862005829811096,0.7030578255653381,0.7276178598403931,0
0.8290797472000122,0.28258877992630005,0.8321386575698853,0.26527565717697144,0.8348010182380676,0.2660553455352783,0.8360795974731445,0.26566773653030396,0.8283202648162842,0.2641230523586273,0.8277744650840759,0.2634977400302887,0.8268277645111084,0.2606799900531769,0.8394038081169128,0.2675051689147949,0.8281240463256836,0.2613435387611389,0.8316599726676941,0.29327213764190674,0.8265941143035889,0.28995320200920105,0.8503298759460449,0.3483777642250061,0.8115018010139465,0.3007482886314392,0.8585165143013,0.43198326230049133,0.8052952289581299,0.38366079330444336,0.844450831413269,0.47525325417518616,0.8086890578269958,0.45404213666915894,0.8411267995834351,0.4893227815628052,0.805810272693634,0.47307953238487244,0.8383974432945251,0.48263901472091675,0.8093229532241821,0.4710524082183838,0.8381623029708862,0.4771426320075989,0.811059832572937,0.46527934074401855,0.8079689145088196,0.4183785021305084,0.788577675819397,0.38974443078041077,0.8136762380599976,0.48882848024368286,0.7944074273109436,0.4595884084701538,0.7886308431625366,0.5460355281829834,0.7797098755836487,0.5369938611984253,0.7832044959068298,0.5531878471374512,0.7775092124938965,0.5472306609153748,0.7867100834846497,0.5774208307266235,0.7752718329429626,0.5760588645935059,0
0.8228299617767334,0.598955512046814,0.8265162706375122,0.5869040489196777,0.8291252255439758,0.5840694904327393,0.8317248821258545,0.5814352035522461,0.8191432952880859,0.5913985967636108,0.8166429400444031,0.5919516086578369,0.8142142295837402,0.5924539566040039,0.8362148404121399,0.5565255880355835,0.8103240728378296,0.5713762044906616,0.8272712826728821,0.5849459171295166,0.8199158906936646,0.5892356634140015,0.8597349524497986,0.4940551817417145,0.7815386652946472,0.5415416955947876,0.8656714558601379,0.5369079113006592,0.7742257118225098,0.5845258235931396,0.8648600578308105,0.6339887380599976,0.7860113382339478,0.6706423759460449,0.868593692779541,0.654927134513855,0.7829244136810303,0.6955015063285828,0.8608728051185608,0.6565642356872559,0.7883313298225403,0.6919460296630859,0.8579787015914917,0.6473090648651123,0.7920957803726196,0.6788219213485718,0.8333492875099182,0.3492445647716522,0.7939712405204773,0.3669325113296509,0.8380290865898132,0.368349552154541,0.7926859259605408,0.392395555973053,0.8331524729728699,0.30985939502716064,0.8133979439735413,0.3435412645339966,0.8338509798049927,0.2972787618637085,0.8170129656791687,0.3357974588871002,0.8346623182296753,0.331201434135437,0.8143077492713928,0.34879857301712036,0
0.0,0.0,0.0,0.0,0.0,0.0,0.0,0.0,0.0,0.0,0.0,0.0,0.0,0.0,0.0,0.0,0.0,0.0,0.0,0.0,0.0,0.0,0.0,0.0,0.0,0.0,0.0,0.0,0.0,0.0,0.0,0.0,0.0,0.0,0.0,0.0,0.0,0.0,0.0,0.0,0.0,0.0,0.0,0.0,0.0,0.0,0.0,0.0,0.0,0.0,0.0,0.0,0.0,0.0,0.0,0.0,0.0,0.0,0.0,0.0,0.0,0.0,0.0,0.0,0.0,0.0,0
0.7911958694458008,0.6025159358978271,0.7909520864486694,0.6009528636932373,0.792478084564209,0.5988839864730835,0.7939496636390686,0.5968960523605347,0.7862036228179932,0.6045659780502319,0.7845543026924133,0.6051406860351562,0.78298419713974,0.6057819724082947,0.798227071762085,0.5804246664047241,0.7815530300140381,0.5909826755523682,0.7971116304397583,0.5891073346138,0.7925578951835632,0.5938409566879272,0.8260708451271057,0.5334999561309814,0.7779057025909424,0.5406278967857361,0.8470958471298218,0.562048077583313,0.7808398604393005,0.5438200831413269,0.8481545448303223,0.6321737766265869,0.7802830338478088,0.6009775400161743,0.8512316346168518,0.6469464302062988,0.7760528922080994,0.6134787797927856,0.8453167676925659,0.6471265554428101,0.7783232927322388,0.6191266775131226,0.8431986570358276,0.6405609250068665,0.7816703915596008,0.6134065389633179,0.8328966498374939,0.35535210371017456,0.8077166080474854,0.3566296696662903,0.8552753329277039,0.38165080547332764,0.816178560256958,0.384460985660553,0.8424384593963623,0.3645916283130646,0.8268624544143677,0.3772532641887665,0.8391770124435425,0.36141106486320496,0.8288087844848633,0.3745817542076111,0.8417026400566101,0.3638887405395508,0.8279902935028076,0.3802875280380249,0
0.0,0.0,0.0,0.0,0.0,0.0,0.0,0.0,0.0,0.0,0.0,0.0,0.0,0.0,0.0,0.0,0.0,0.0,0.0,0.0,0.0,0.0,0.0,0.0,0.0,0.0,0.0,0.0,0.0,0.0,0.0,0.0,0.0,0.0,0.0,0.0,0.0,0.0,0.0,0.0,0.0,0.0,0.0,0.0,0.0,0.0,0.0,0.0,0.0,0.0,0.0,0.0,0.0,0.0,0.0,0.0,0.0,0.0,0.0,0.0,0.0,0.0,0.0,0.0,0.0,0.0,0
0.842815101146698,0.4103231728076935,0.844346821308136,0.40912729501724243,0.8448240160942078,0.4098663330078125,0.8453108072280884,0.4105813503265381,0.8430596590042114,0.4072730541229248,0.8426666259765625,0.4067321717739105,0.8417105674743652,0.40651488304138184,0.8455504775047302,0.41336575150489807,0.8407477140426636,0.40698373317718506,0.8428733348846436,0.4152178466320038,0.8412522673606873,0.41279515624046326,0.8456495404243469,0.4342522621154785,0.8347145915031433,0.4210413694381714,0.8483178019523621,0.4612659513950348,0.8306403756141663,0.43864792585372925,0.8495970368385315,0.4827021062374115,0.8292841911315918,0.4443148076534271,0.8505840301513672,0.4894629716873169,0.8284041285514832,0.44692137837409973,0.8498679399490356,0.48812058568000793,0.8289544582366943,0.4456389546394348,0.8490468859672546,0.48582756519317627,0.8294551968574524,0.4453198313713074,0.8371987342834473,0.4804877042770386,0.8307980298995972,0.4753588140010834,0.8318024277687073,0.49665695428848267,0.8227928876876831,0.49064987897872925,0.8251609802246094,0.5257498621940613,0.8204106688499451,0.5282223224639893,0.8248074650764465,0.5293709635734558,0.82133948802948,0.5347894430160522,0.8199995756149292,0.5344207882881165,0.8149930834770203,0.5352943539619446,0
0.0,0.0,0.0,0.0,0.0,0.0,0.0,0.0,0.0,0.0,0.0,0.0,0.0,0.0,0.0,0.0,0.0,0.0,0.0,0.0,0.0,0.0,0.0,0.0,0.0,0.0,0.0,0.0,0.0,0.0,0.0,0.0,0.0,0.0,0.0,0.0,0.0,0.0,0.0,0.0,0.0,0.0,0.0,0.0,0.0,0.0,0.0,0.0,0.0,0.0,0.0,0.0,0.0,0.0,0.0,0.0,0.0,0.0,0.0,0.0,0.0,0.0,0.0,0.0,0.0,0.0,0
0.7565650343894958,0.6004067063331604,0.7525856494903564,0.5996925234794617,0.752335786819458,0.5971367359161377,0.7520365118980408,0.5945873260498047,0.7493959069252014,0.6112752556800842,0.7496899366378784,0.6114250421524048,0.7484249472618103,0.6153457164764404,0.7525631785392761,0.5869265794754028,0.7517752647399902,0.6103575825691223,0.7597982287406921,0.5912644863128662,0.76035076379776,0.598913848400116,0.7644517421722412,0.5432941913604736,0.7782688140869141,0.591022253036499,0.7787736654281616,0.5114879608154297,0.8063966631889343,0.548019289970398,0.7803585529327393,0.5612409114837646,0.814922571182251,0.5163209438323975,0.7800966501235962,0.5724972486495972,0.8186065554618835,0.5078769326210022,0.778624415397644,0.5750922560691833,0.8165463805198669,0.5055023431777954,0.7793111801147461,0.5719490647315979,0.8146728277206421,0.5075316429138184,0.8058435320854187,0.43410399556159973,0.8148854374885559,0.46895748376846313,0.8404217958450317,0.35346269607543945,0.8598814010620117,0.4441691040992737,0.8305466771125793,0.3926521837711334,0.8407350182533264,0.42628276348114014,0.8283613920211792,0.40577805042266846,0.837261974811554,0.4235687553882599,0.8327050805091858,0.38871198892593384,0.8423773646354675,0.4269988536834717,0
0.0,0.0,0.0,0.0,0.0,0.0,0.0,0.0,0.0,0.0,0.0,0.0,0.0,0.0,0.0,0.0,0.0,0.0,0.0,0.0,0.0,0.0,0.0,0.0,0.0,0.0,0.0,0.0,0.0,0.0,0.0,0.0,0.0,0.0,0.0,0.0,0.0,0.0,0.0,0.0,0.0,0.0,0.0,0.0,0.0,0.0,0.0,0.0,0.0,0.0,0.0,0.0,0.0,0.0,0.0,0.0,0.0,0.0,0.0,0.0,0.0,0.0,0.0,0.0,0.0,0.0,0
0.0,0.0,0.0,0.0,0.0,0.0,0.0,0.0,0.0,0.0,0.0,0.0,0.0,0.0,0.0,0.0,0.0,0.0,0.0,0.0,0.0,0.0,0.0,0.0,0.0,0.0,0.0,0.0,0.0,0.0,0.0,0.0,0.0,0.0,0.0,0.0,0.0,0.0,0.0,0.0,0.0,0.0,0.0,0.0,0.0,0.0,0.0,0.0,0.0,0.0,0.0,0.0,0.0,0.0,0.0,0.0,0.0,0.0,0.0,0.0,0.0,0.0,0.0,0.0,0.0,0.0,0
0.0,0.0,0.0,0.0,0.0,0.0,0.0,0.0,0.0,0.0,0.0,0.0,0.0,0.0,0.0,0.0,0.0,0.0,0.0,0.0,0.0,0.0,0.0,0.0,0.0,0.0,0.0,0.0,0.0,0.0,0.0,0.0,0.0,0.0,0.0,0.0,0.0,0.0,0.0,0.0,0.0,0.0,0.0,0.0,0.0,0.0,0.0,0.0,0.0,0.0,0.0,0.0,0.0,0.0,0.0,0.0,0.0,0.0,0.0,0.0,0.0,0.0,0.0,0.0,0.0,0.0,0
0.0,0.0,0.0,0.0,0.0,0.0,0.0,0.0,0.0,0.0,0.0,0.0,0.0,0.0,0.0,0.0,0.0,0.0,0.0,0.0,0.0,0.0,0.0,0.0,0.0,0.0,0.0,0.0,0.0,0.0,0.0,0.0,0.0,0.0,0.0,0.0,0.0,0.0,0.0,0.0,0.0,0.0,0.0,0.0,0.0,0.0,0.0,0.0,0.0,0.0,0.0,0.0,0.0,0.0,0.0,0.0,0.0,0.0,0.0,0.0,0.0,0.0,0.0,0.0,0.0,0.0,0
0.0,0.0,0.0,0.0,0.0,0.0,0.0,0.0,0.0,0.0,0.0,0.0,0.0,0.0,0.0,0.0,0.0,0.0,0.0,0.0,0.0,0.0,0.0,0.0,0.0,0.0,0.0,0.0,0.0,0.0,0.0,0.0,0.0,0.0,0.0,0.0,0.0,0.0,0.0,0.0,0.0,0.0,0.0,0.0,0.0,0.0,0.0,0.0,0.0,0.0,0.0,0.0,0.0,0.0,0.0,0.0,0.0,0.0,0.0,0.0,0.0,0.0,0.0,0.0,0.0,0.0,0
0.0,0.0,0.0,0.0,0.0,0.0,0.0,0.0,0.0,0.0,0.0,0.0,0.0,0.0,0.0,0.0,0.0,0.0,0.0,0.0,0.0,0.0,0.0,0.0,0.0,0.0,0.0,0.0,0.0,0.0,0.0,0.0,0.0,0.0,0.0,0.0,0.0,0.0,0.0,0.0,0.0,0.0,0.0,0.0,0.0,0.0,0.0,0.0,0.0,0.0,0.0,0.0,0.0,0.0,0.0,0.0,0.0,0.0,0.0,0.0,0.0,0.0,0.0,0.0,0.0,0.0,0
0.0,0.0,0.0,0.0,0.0,0.0,0.0,0.0,0.0,0.0,0.0,0.0,0.0,0.0,0.0,0.0,0.0,0.0,0.0,0.0,0.0,0.0,0.0,0.0,0.0,0.0,0.0,0.0,0.0,0.0,0.0,0.0,0.0,0.0,0.0,0.0,0.0,0.0,0.0,0.0,0.0,0.0,0.0,0.0,0.0,0.0,0.0,0.0,0.0,0.0,0.0,0.0,0.0,0.0,0.0,0.0,0.0,0.0,0.0,0.0,0.0,0.0,0.0,0.0,0.0,0.0,0
0.0,0.0,0.0,0.0,0.0,0.0,0.0,0.0,0.0,0.0,0.0,0.0,0.0,0.0,0.0,0.0,0.0,0.0,0.0,0.0,0.0,0.0,0.0,0.0,0.0,0.0,0.0,0.0,0.0,0.0,0.0,0.0,0.0,0.0,0.0,0.0,0.0,0.0,0.0,0.0,0.0,0.0,0.0,0.0,0.0,0.0,0.0,0.0,0.0,0.0,0.0,0.0,0.0,0.0,0.0,0.0,0.0,0.0,0.0,0.0,0.0,0.0,0.0,0.0,0.0,0.0,0
0.0,0.0,0.0,0.0,0.0,0.0,0.0,0.0,0.0,0.0,0.0,0.0,0.0,0.0,0.0,0.0,0.0,0.0,0.0,0.0,0.0,0.0,0.0,0.0,0.0,0.0,0.0,0.0,0.0,0.0,0.0,0.0,0.0,0.0,0.0,0.0,0.0,0.0,0.0,0.0,0.0,0.0,0.0,0.0,0.0,0.0,0.0,0.0,0.0,0.0,0.0,0.0,0.0,0.0,0.0,0.0,0.0,0.0,0.0,0.0,0.0,0.0,0.0,0.0,0.0,0.0,0
0.0,0.0,0.0,0.0,0.0,0.0,0.0,0.0,0.0,0.0,0.0,0.0,0.0,0.0,0.0,0.0,0.0,0.0,0.0,0.0,0.0,0.0,0.0,0.0,0.0,0.0,0.0,0.0,0.0,0.0,0.0,0.0,0.0,0.0,0.0,0.0,0.0,0.0,0.0,0.0,0.0,0.0,0.0,0.0,0.0,0.0,0.0,0.0,0.0,0.0,0.0,0.0,0.0,0.0,0.0,0.0,0.0,0.0,0.0,0.0,0.0,0.0,0.0,0.0,0.0,0.0,0
0.0,0.0,0.0,0.0,0.0,0.0,0.0,0.0,0.0,0.0,0.0,0.0,0.0,0.0,0.0,0.0,0.0,0.0,0.0,0.0,0.0,0.0,0.0,0.0,0.0,0.0,0.0,0.0,0.0,0.0,0.0,0.0,0.0,0.0,0.0,0.0,0.0,0.0,0.0,0.0,0.0,0.0,0.0,0.0,0.0,0.0,0.0,0.0,0.0,0.0,0.0,0.0,0.0,0.0,0.0,0.0,0.0,0.0,0.0,0.0,0.0,0.0,0.0,0.0,0.0,0.0,0
0.0,0.0,0.0,0.0,0.0,0.0,0.0,0.0,0.0,0.0,0.0,0.0,0.0,0.0,0.0,0.0,0.0,0.0,0.0,0.0,0.0,0.0,0.0,0.0,0.0,0.0,0.0,0.0,0.0,0.0,0.0,0.0,0.0,0.0,0.0,0.0,0.0,0.0,0.0,0.0,0.0,0.0,0.0,0.0,0.0,0.0,0.0,0.0,0.0,0.0,0.0,0.0,0.0,0.0,0.0,0.0,0.0,0.0,0.0,0.0,0.0,0.0,0.0,0.0,0.0,0.0,0
0.0,0.0,0.0,0.0,0.0,0.0,0.0,0.0,0.0,0.0,0.0,0.0,0.0,0.0,0.0,0.0,0.0,0.0,0.0,0.0,0.0,0.0,0.0,0.0,0.0,0.0,0.0,0.0,0.0,0.0,0.0,0.0,0.0,0.0,0.0,0.0,0.0,0.0,0.0,0.0,0.0,0.0,0.0,0.0,0.0,0.0,0.0,0.0,0.0,0.0,0.0,0.0,0.0,0.0,0.0,0.0,0.0,0.0,0.0,0.0,0.0,0.0,0.0,0.0,0.0,0.0,0
0.0,0.0,0.0,0.0,0.0,0.0,0.0,0.0,0.0,0.0,0.0,0.0,0.0,0.0,0.0,0.0,0.0,0.0,0.0,0.0,0.0,0.0,0.0,0.0,0.0,0.0,0.0,0.0,0.0,0.0,0.0,0.0,0.0,0.0,0.0,0.0,0.0,0.0,0.0,0.0,0.0,0.0,0.0,0.0,0.0,0.0,0.0,0.0,0.0,0.0,0.0,0.0,0.0,0.0,0.0,0.0,0.0,0.0,0.0,0.0,0.0,0.0,0.0,0.0,0.0,0.0,0
0.0,0.0,0.0,0.0,0.0,0.0,0.0,0.0,0.0,0.0,0.0,0.0,0.0,0.0,0.0,0.0,0.0,0.0,0.0,0.0,0.0,0.0,0.0,0.0,0.0,0.0,0.0,0.0,0.0,0.0,0.0,0.0,0.0,0.0,0.0,0.0,0.0,0.0,0.0,0.0,0.0,0.0,0.0,0.0,0.0,0.0,0.0,0.0,0.0,0.0,0.0,0.0,0.0,0.0,0.0,0.0,0.0,0.0,0.0,0.0,0.0,0.0,0.0,0.0,0.0,0.0,0
0.0,0.0,0.0,0.0,0.0,0.0,0.0,0.0,0.0,0.0,0.0,0.0,0.0,0.0,0.0,0.0,0.0,0.0,0.0,0.0,0.0,0.0,0.0,0.0,0.0,0.0,0.0,0.0,0.0,0.0,0.0,0.0,0.0,0.0,0.0,0.0,0.0,0.0,0.0,0.0,0.0,0.0,0.0,0.0,0.0,0.0,0.0,0.0,0.0,0.0,0.0,0.0,0.0,0.0,0.0,0.0,0.0,0.0,0.0,0.0,0.0,0.0,0.0,0.0,0.0,0.0,0
0.0,0.0,0.0,0.0,0.0,0.0,0.0,0.0,0.0,0.0,0.0,0.0,0.0,0.0,0.0,0.0,0.0,0.0,0.0,0.0,0.0,0.0,0.0,0.0,0.0,0.0,0.0,0.0,0.0,0.0,0.0,0.0,0.0,0.0,0.0,0.0,0.0,0.0,0.0,0.0,0.0,0.0,0.0,0.0,0.0,0.0,0.0,0.0,0.0,0.0,0.0,0.0,0.0,0.0,0.0,0.0,0.0,0.0,0.0,0.0,0.0,0.0,0.0,0.0,0.0,0.0,0
0.7652991414070129,0.5839650630950928,0.7613368630409241,0.578898549079895,0.7618069648742676,0.5761598944664001,0.762260913848877,0.573289155960083,0.7597754597663879,0.5876005291938782,0.7591221332550049,0.5915735960006714,0.7584619522094727,0.5958458185195923,0.7637217044830322,0.5790188312530518,0.7587480545043945,0.6093778014183044,0.7699251770973206,0.5856632590293884,0.7679829597473145,0.5979176163673401,0.7858038544654846,0.5774312019348145,0.7760648727416992,0.6560584902763367,0.8140450119972229,0.5258071422576904,0.7990624308586121,0.6477475166320801,0.8178709149360657,0.5314751863479614,0.7922840118408203,0.5954627394676208,0.8211709260940552,0.5311203002929688,0.7920210957527161,0.5845388174057007,0.8175186514854431,0.5411356091499329,0.7882665991783142,0.580310046672821,0.8166249990463257,0.545357346534729,0.7895347476005554,0.5840461850166321,0.8497588038444519,0.6340141296386719,0.848753035068512,0.6812241673469543,0.8347660303115845,0.4888131618499756,0.8293680548667908,0.5600385665893555,0.841126561164856,0.5693826079368591,0.8453924059867859,0.5810729265213013,0.8425589799880981,0.5901405215263367,0.8475115299224854,0.5901415348052979,0.8415930867195129,0.5637879967689514,0.8464964628219604,0.5746827721595764,0
0.7631882429122925,0.5753160119056702,0.7590436935424805,0.5754059553146362,0.759286105632782,0.5741645693778992,0.7595104575157166,0.5728297233581543,0.7584379315376282,0.5804893970489502,0.7581623196601868,0.5834212303161621,0.75786292552948,0.5866255760192871,0.7613429427146912,0.5810658931732178,0.7545498609542847,0.604479968547821,0.7678539752960205,0.5766165256500244,0.7669122815132141,0.5849747061729431,0.7830770015716553,0.5928667187690735,0.7800569534301758,0.6210354566574097,0.811633825302124,0.5563953518867493,0.8048467636108398,0.6012145280838013,0.8285045027732849,0.5371729731559753,0.8105610609054565,0.5429481863975525,0.8329756855964661,0.5340420007705688,0.8125612139701843,0.529193639755249,0.831179678440094,0.536518394947052,0.8087318539619446,0.5262812376022339,0.8301384449005127,0.5391261577606201,0.808708131313324,0.5323002338409424,0.8361963629722595,0.6405612826347351,0.8377140164375305,0.6594025492668152,0.8210856318473816,0.5528189539909363,0.8231937289237976,0.5719878673553467,0.8505332469940186,0.6095551252365112,0.8577368855476379,0.6243991255760193,0.8533610105514526,0.6270788908004761,0.8601915836334229,0.6448376178741455,0.862249493598938,0.5960767269134521,0.8724439740180969,0.606663703918457,0
0.7724494934082031,0.576272189617157,0.7677351832389832,0.575366199016571,0.7677668929100037,0.5734862685203552,0.7677935361862183,0.5714850425720215,0.7674004435539246,0.5817527770996094,0.767146646976471,0.5848720669746399,0.7668758034706116,0.5882794260978699,0.7688475847244263,0.576949417591095,0.7677886486053467,0.5993297696113586,0.7765848636627197,0.5757675766944885,0.7760758399963379,0.5854141712188721,0.7908076643943787,0.5751177072525024,0.785853385925293,0.6242839694023132,0.8201746344566345,0.5284795761108398,0.809065043926239,0.6070800423622131,0.8377769589424133,0.5111097693443298,0.8108071088790894,0.5462701320648193,0.8438271284103394,0.505683183670044,0.8128167390823364,0.5337545871734619,0.8411095142364502,0.5135641098022461,0.8090708255767822,0.528364896774292,0.8394086956977844,0.5181758999824524,0.8093714714050293,0.5336748957633972,0.8478274345397949,0.6233991384506226,0.8470693230628967,0.6536839604377747,0.8255088925361633,0.5180600881576538,0.8191257119178772,0.5803380012512207,0.8382602334022522,0.5532625913619995,0.8433147072792053,0.5629091262817383,0.8420767784118652,0.5682957768440247,0.8478365540504456,0.5696972608566284,0.8381099104881287,0.5306059122085571,0.8465558886528015,0.5360759496688843,0
0.0,0.0,0.0,0.0,0.0,0.0,0.0,0.0,0.0,0.0,0.0,0.0,0.0,0.0,0.0,0.0,0.0,0.0,0.0,0.0,0.0,0.0,0.0,0.0,0.0,0.0,0.0,0.0,0.0,0.0,0.0,0.0,0.0,0.0,0.0,0.0,0.0,0.0,0.0,0.0,0.0,0.0,0.0,0.0,0.0,0.0,0.0,0.0,0.0,0.0,0.0,0.0,0.0,0.0,0.0,0.0,0.0,0.0,0.0,0.0,0.0,0.0,0.0,0.0,0.0,0.0,0
0.0,0.0,0.0,0.0,0.0,0.0,0.0,0.0,0.0,0.0,0.0,0.0,0.0,0.0,0.0,0.0,0.0,0.0,0.0,0.0,0.0,0.0,0.0,0.0,0.0,0.0,0.0,0.0,0.0,0.0,0.0,0.0,0.0,0.0,0.0,0.0,0.0,0.0,0.0,0.0,0.0,0.0,0.0,0.0,0.0,0.0,0.0,0.0,0.0,0.0,0.0,0.0,0.0,0.0,0.0,0.0,0.0,0.0,0.0,0.0,0.0,0.0,0.0,0.0,0.0,0.0,0
0.0,0.0,0.0,0.0,0.0,0.0,0.0,0.0,0.0,0.0,0.0,0.0,0.0,0.0,0.0,0.0,0.0,0.0,0.0,0.0,0.0,0.0,0.0,0.0,0.0,0.0,0.0,0.0,0.0,0.0,0.0,0.0,0.0,0.0,0.0,0.0,0.0,0.0,0.0,0.0,0.0,0.0,0.0,0.0,0.0,0.0,0.0,0.0,0.0,0.0,0.0,0.0,0.0,0.0,0.0,0.0,0.0,0.0,0.0,0.0,0.0,0.0,0.0,0.0,0.0,0.0,0
0.0,0.0,0.0,0.0,0.0,0.0,0.0,0.0,0.0,0.0,0.0,0.0,0.0,0.0,0.0,0.0,0.0,0.0,0.0,0.0,0.0,0.0,0.0,0.0,0.0,0.0,0.0,0.0,0.0,0.0,0.0,0.0,0.0,0.0,0.0,0.0,0.0,0.0,0.0,0.0,0.0,0.0,0.0,0.0,0.0,0.0,0.0,0.0,0.0,0.0,0.0,0.0,0.0,0.0,0.0,0.0,0.0,0.0,0.0,0.0,0.0,0.0,0.0,0.0,0.0,0.0,0
0.0,0.0,0.0,0.0,0.0,0.0,0.0,0.0,0.0,0.0,0.0,0.0,0.0,0.0,0.0,0.0,0.0,0.0,0.0,0.0,0.0,0.0,0.0,0.0,0.0,0.0,0.0,0.0,0.0,0.0,0.0,0.0,0.0,0.0,0.0,0.0,0.0,0.0,0.0,0.0,0.0,0.0,0.0,0.0,0.0,0.0,0.0,0.0,0.0,0.0,0.0,0.0,0.0,0.0,0.0,0.0,0.0,0.0,0.0,0.0,0.0,0.0,0.0,0.0,0.0,0.0,0
0.0,0.0,0.0,0.0,0.0,0.0,0.0,0.0,0.0,0.0,0.0,0.0,0.0,0.0,0.0,0.0,0.0,0.0,0.0,0.0,0.0,0.0,0.0,0.0,0.0,0.0,0.0,0.0,0.0,0.0,0.0,0.0,0.0,0.0,0.0,0.0,0.0,0.0,0.0,0.0,0.0,0.0,0.0,0.0,0.0,0.0,0.0,0.0,0.0,0.0,0.0,0.0,0.0,0.0,0.0,0.0,0.0,0.0,0.0,0.0,0.0,0.0,0.0,0.0,0.0,0.0,0
0.0,0.0,0.0,0.0,0.0,0.0,0.0,0.0,0.0,0.0,0.0,0.0,0.0,0.0,0.0,0.0,0.0,0.0,0.0,0.0,0.0,0.0,0.0,0.0,0.0,0.0,0.0,0.0,0.0,0.0,0.0,0.0,0.0,0.0,0.0,0.0,0.0,0.0,0.0,0.0,0.0,0.0,0.0,0.0,0.0,0.0,0.0,0.0,0.0,0.0,0.0,0.0,0.0,0.0,0.0,0.0,0.0,0.0,0.0,0.0,0.0,0.0,0.0,0.0,0.0,0.0,0
0.0,0.0,0.0,0.0,0.0,0.0,0.0,0.0,0.0,0.0,0.0,0.0,0.0,0.0,0.0,0.0,0.0,0.0,0.0,0.0,0.0,0.0,0.0,0.0,0.0,0.0,0.0,0.0,0.0,0.0,0.0,0.0,0.0,0.0,0.0,0.0,0.0,0.0,0.0,0.0,0.0,0.0,0.0,0.0,0.0,0.0,0.0,0.0,0.0,0.0,0.0,0.0,0.0,0.0,0.0,0.0,0.0,0.0,0.0,0.0,0.0,0.0,0.0,0.0,0.0,0.0,0
0.0,0.0,0.0,0.0,0.0,0.0,0.0,0.0,0.0,0.0,0.0,0.0,0.0,0.0,0.0,0.0,0.0,0.0,0.0,0.0,0.0,0.0,0.0,0.0,0.0,0.0,0.0,0.0,0.0,0.0,0.0,0.0,0.0,0.0,0.0,0.0,0.0,0.0,0.0,0.0,0.0,0.0,0.0,0.0,0.0,0.0,0.0,0.0,0.0,0.0,0.0,0.0,0.0,0.0,0.0,0.0,0.0,0.0,0.0,0.0,0.0,0.0,0.0,0.0,0.0,0.0,0
0.0,0.0,0.0,0.0,0.0,0.0,0.0,0.0,0.0,0.0,0.0,0.0,0.0,0.0,0.0,0.0,0.0,0.0,0.0,0.0,0.0,0.0,0.0,0.0,0.0,0.0,0.0,0.0,0.0,0.0,0.0,0.0,0.0,0.0,0.0,0.0,0.0,0.0,0.0,0.0,0.0,0.0,0.0,0.0,0.0,0.0,0.0,0.0,0.0,0.0,0.0,0.0,0.0,0.0,0.0,0.0,0.0,0.0,0.0,0.0,0.0,0.0,0.0,0.0,0.0,0.0,0
0.0,0.0,0.0,0.0,0.0,0.0,0.0,0.0,0.0,0.0,0.0,0.0,0.0,0.0,0.0,0.0,0.0,0.0,0.0,0.0,0.0,0.0,0.0,0.0,0.0,0.0,0.0,0.0,0.0,0.0,0.0,0.0,0.0,0.0,0.0,0.0,0.0,0.0,0.0,0.0,0.0,0.0,0.0,0.0,0.0,0.0,0.0,0.0,0.0,0.0,0.0,0.0,0.0,0.0,0.0,0.0,0.0,0.0,0.0,0.0,0.0,0.0,0.0,0.0,0.0,0.0,0
0.0,0.0,0.0,0.0,0.0,0.0,0.0,0.0,0.0,0.0,0.0,0.0,0.0,0.0,0.0,0.0,0.0,0.0,0.0,0.0,0.0,0.0,0.0,0.0,0.0,0.0,0.0,0.0,0.0,0.0,0.0,0.0,0.0,0.0,0.0,0.0,0.0,0.0,0.0,0.0,0.0,0.0,0.0,0.0,0.0,0.0,0.0,0.0,0.0,0.0,0.0,0.0,0.0,0.0,0.0,0.0,0.0,0.0,0.0,0.0,0.0,0.0,0.0,0.0,0.0,0.0,0
0.0,0.0,0.0,0.0,0.0,0.0,0.0,0.0,0.0,0.0,0.0,0.0,0.0,0.0,0.0,0.0,0.0,0.0,0.0,0.0,0.0,0.0,0.0,0.0,0.0,0.0,0.0,0.0,0.0,0.0,0.0,0.0,0.0,0.0,0.0,0.0,0.0,0.0,0.0,0.0,0.0,0.0,0.0,0.0,0.0,0.0,0.0,0.0,0.0,0.0,0.0,0.0,0.0,0.0,0.0,0.0,0.0,0.0,0.0,0.0,0.0,0.0,0.0,0.0,0.0,0.0,0
0.0,0.0,0.0,0.0,0.0,0.0,0.0,0.0,0.0,0.0,0.0,0.0,0.0,0.0,0.0,0.0,0.0,0.0,0.0,0.0,0.0,0.0,0.0,0.0,0.0,0.0,0.0,0.0,0.0,0.0,0.0,0.0,0.0,0.0,0.0,0.0,0.0,0.0,0.0,0.0,0.0,0.0,0.0,0.0,0.0,0.0,0.0,0.0,0.0,0.0,0.0,0.0,0.0,0.0,0.0,0.0,0.0,0.0,0.0,0.0,0.0,0.0,0.0,0.0,0.0,0.0,0
0.0,0.0,0.0,0.0,0.0,0.0,0.0,0.0,0.0,0.0,0.0,0.0,0.0,0.0,0.0,0.0,0.0,0.0,0.0,0.0,0.0,0.0,0.0,0.0,0.0,0.0,0.0,0.0,0.0,0.0,0.0,0.0,0.0,0.0,0.0,0.0,0.0,0.0,0.0,0.0,0.0,0.0,0.0,0.0,0.0,0.0,0.0,0.0,0.0,0.0,0.0,0.0,0.0,0.0,0.0,0.0,0.0,0.0,0.0,0.0,0.0,0.0,0.0,0.0,0.0,0.0,0
0.0,0.0,0.0,0.0,0.0,0.0,0.0,0.0,0.0,0.0,0.0,0.0,0.0,0.0,0.0,0.0,0.0,0.0,0.0,0.0,0.0,0.0,0.0,0.0,0.0,0.0,0.0,0.0,0.0,0.0,0.0,0.0,0.0,0.0,0.0,0.0,0.0,0.0,0.0,0.0,0.0,0.0,0.0,0.0,0.0,0.0,0.0,0.0,0.0,0.0,0.0,0.0,0.0,0.0,0.0,0.0,0.0,0.0,0.0,0.0,0.0,0.0,0.0,0.0,0.0,0.0,0
0.0,0.0,0.0,0.0,0.0,0.0,0.0,0.0,0.0,0.0,0.0,0.0,0.0,0.0,0.0,0.0,0.0,0.0,0.0,0.0,0.0,0.0,0.0,0.0,0.0,0.0,0.0,0.0,0.0,0.0,0.0,0.0,0.0,0.0,0.0,0.0,0.0,0.0,0.0,0.0,0.0,0.0,0.0,0.0,0.0,0.0,0.0,0.0,0.0,0.0,0.0,0.0,0.0,0.0,0.0,0.0,0.0,0.0,0.0,0.0,0.0,0.0,0.0,0.0,0.0,0.0,0
0.0,0.0,0.0,0.0,0.0,0.0,0.0,0.0,0.0,0.0,0.0,0.0,0.0,0.0,0.0,0.0,0.0,0.0,0.0,0.0,0.0,0.0,0.0,0.0,0.0,0.0,0.0,0.0,0.0,0.0,0.0,0.0,0.0,0.0,0.0,0.0,0.0,0.0,0.0,0.0,0.0,0.0,0.0,0.0,0.0,0.0,0.0,0.0,0.0,0.0,0.0,0.0,0.0,0.0,0.0,0.0,0.0,0.0,0.0,0.0,0.0,0.0,0.0,0.0,0.0,0.0,0
0.0,0.0,0.0,0.0,0.0,0.0,0.0,0.0,0.0,0.0,0.0,0.0,0.0,0.0,0.0,0.0,0.0,0.0,0.0,0.0,0.0,0.0,0.0,0.0,0.0,0.0,0.0,0.0,0.0,0.0,0.0,0.0,0.0,0.0,0.0,0.0,0.0,0.0,0.0,0.0,0.0,0.0,0.0,0.0,0.0,0.0,0.0,0.0,0.0,0.0,0.0,0.0,0.0,0.0,0.0,0.0,0.0,0.0,0.0,0.0,0.0,0.0,0.0,0.0,0.0,0.0,0
0.0,0.0,0.0,0.0,0.0,0.0,0.0,0.0,0.0,0.0,0.0,0.0,0.0,0.0,0.0,0.0,0.0,0.0,0.0,0.0,0.0,0.0,0.0,0.0,0.0,0.0,0.0,0.0,0.0,0.0,0.0,0.0,0.0,0.0,0.0,0.0,0.0,0.0,0.0,0.0,0.0,0.0,0.0,0.0,0.0,0.0,0.0,0.0,0.0,0.0,0.0,0.0,0.0,0.0,0.0,0.0,0.0,0.0,0.0,0.0,0.0,0.0,0.0,0.0,0.0,0.0,0
0.0,0.0,0.0,0.0,0.0,0.0,0.0,0.0,0.0,0.0,0.0,0.0,0.0,0.0,0.0,0.0,0.0,0.0,0.0,0.0,0.0,0.0,0.0,0.0,0.0,0.0,0.0,0.0,0.0,0.0,0.0,0.0,0.0,0.0,0.0,0.0,0.0,0.0,0.0,0.0,0.0,0.0,0.0,0.0,0.0,0.0,0.0,0.0,0.0,0.0,0.0,0.0,0.0,0.0,0.0,0.0,0.0,0.0,0.0,0.0,0.0,0.0,0.0,0.0,0.0,0.0,0
0.0,0.0,0.0,0.0,0.0,0.0,0.0,0.0,0.0,0.0,0.0,0.0,0.0,0.0,0.0,0.0,0.0,0.0,0.0,0.0,0.0,0.0,0.0,0.0,0.0,0.0,0.0,0.0,0.0,0.0,0.0,0.0,0.0,0.0,0.0,0.0,0.0,0.0,0.0,0.0,0.0,0.0,0.0,0.0,0.0,0.0,0.0,0.0,0.0,0.0,0.0,0.0,0.0,0.0,0.0,0.0,0.0,0.0,0.0,0.0,0.0,0.0,0.0,0.0,0.0,0.0,0
0.0,0.0,0.0,0.0,0.0,0.0,0.0,0.0,0.0,0.0,0.0,0.0,0.0,0.0,0.0,0.0,0.0,0.0,0.0,0.0,0.0,0.0,0.0,0.0,0.0,0.0,0.0,0.0,0.0,0.0,0.0,0.0,0.0,0.0,0.0,0.0,0.0,0.0,0.0,0.0,0.0,0.0,0.0,0.0,0.0,0.0,0.0,0.0,0.0,0.0,0.0,0.0,0.0,0.0,0.0,0.0,0.0,0.0,0.0,0.0,0.0,0.0,0.0,0.0,0.0,0.0,0
0.0,0.0,0.0,0.0,0.0,0.0,0.0,0.0,0.0,0.0,0.0,0.0,0.0,0.0,0.0,0.0,0.0,0.0,0.0,0.0,0.0,0.0,0.0,0.0,0.0,0.0,0.0,0.0,0.0,0.0,0.0,0.0,0.0,0.0,0.0,0.0,0.0,0.0,0.0,0.0,0.0,0.0,0.0,0.0,0.0,0.0,0.0,0.0,0.0,0.0,0.0,0.0,0.0,0.0,0.0,0.0,0.0,0.0,0.0,0.0,0.0,0.0,0.0,0.0,0.0,0.0,0
0.0,0.0,0.0,0.0,0.0,0.0,0.0,0.0,0.0,0.0,0.0,0.0,0.0,0.0,0.0,0.0,0.0,0.0,0.0,0.0,0.0,0.0,0.0,0.0,0.0,0.0,0.0,0.0,0.0,0.0,0.0,0.0,0.0,0.0,0.0,0.0,0.0,0.0,0.0,0.0,0.0,0.0,0.0,0.0,0.0,0.0,0.0,0.0,0.0,0.0,0.0,0.0,0.0,0.0,0.0,0.0,0.0,0.0,0.0,0.0,0.0,0.0,0.0,0.0,0.0,0.0,0
0.0,0.0,0.0,0.0,0.0,0.0,0.0,0.0,0.0,0.0,0.0,0.0,0.0,0.0,0.0,0.0,0.0,0.0,0.0,0.0,0.0,0.0,0.0,0.0,0.0,0.0,0.0,0.0,0.0,0.0,0.0,0.0,0.0,0.0,0.0,0.0,0.0,0.0,0.0,0.0,0.0,0.0,0.0,0.0,0.0,0.0,0.0,0.0,0.0,0.0,0.0,0.0,0.0,0.0,0.0,0.0,0.0,0.0,0.0,0.0,0.0,0.0,0.0,0.0,0.0,0.0,0
0.0,0.0,0.0,0.0,0.0,0.0,0.0,0.0,0.0,0.0,0.0,0.0,0.0,0.0,0.0,0.0,0.0,0.0,0.0,0.0,0.0,0.0,0.0,0.0,0.0,0.0,0.0,0.0,0.0,0.0,0.0,0.0,0.0,0.0,0.0,0.0,0.0,0.0,0.0,0.0,0.0,0.0,0.0,0.0,0.0,0.0,0.0,0.0,0.0,0.0,0.0,0.0,0.0,0.0,0.0,0.0,0.0,0.0,0.0,0.0,0.0,0.0,0.0,0.0,0.0,0.0,0
0.0,0.0,0.0,0.0,0.0,0.0,0.0,0.0,0.0,0.0,0.0,0.0,0.0,0.0,0.0,0.0,0.0,0.0,0.0,0.0,0.0,0.0,0.0,0.0,0.0,0.0,0.0,0.0,0.0,0.0,0.0,0.0,0.0,0.0,0.0,0.0,0.0,0.0,0.0,0.0,0.0,0.0,0.0,0.0,0.0,0.0,0.0,0.0,0.0,0.0,0.0,0.0,0.0,0.0,0.0,0.0,0.0,0.0,0.0,0.0,0.0,0.0,0.0,0.0,0.0,0.0,0
0.0,0.0,0.0,0.0,0.0,0.0,0.0,0.0,0.0,0.0,0.0,0.0,0.0,0.0,0.0,0.0,0.0,0.0,0.0,0.0,0.0,0.0,0.0,0.0,0.0,0.0,0.0,0.0,0.0,0.0,0.0,0.0,0.0,0.0,0.0,0.0,0.0,0.0,0.0,0.0,0.0,0.0,0.0,0.0,0.0,0.0,0.0,0.0,0.0,0.0,0.0,0.0,0.0,0.0,0.0,0.0,0.0,0.0,0.0,0.0,0.0,0.0,0.0,0.0,0.0,0.0,0
0.0,0.0,0.0,0.0,0.0,0.0,0.0,0.0,0.0,0.0,0.0,0.0,0.0,0.0,0.0,0.0,0.0,0.0,0.0,0.0,0.0,0.0,0.0,0.0,0.0,0.0,0.0,0.0,0.0,0.0,0.0,0.0,0.0,0.0,0.0,0.0,0.0,0.0,0.0,0.0,0.0,0.0,0.0,0.0,0.0,0.0,0.0,0.0,0.0,0.0,0.0,0.0,0.0,0.0,0.0,0.0,0.0,0.0,0.0,0.0,0.0,0.0,0.0,0.0,0.0,0.0,0
0.0,0.0,0.0,0.0,0.0,0.0,0.0,0.0,0.0,0.0,0.0,0.0,0.0,0.0,0.0,0.0,0.0,0.0,0.0,0.0,0.0,0.0,0.0,0.0,0.0,0.0,0.0,0.0,0.0,0.0,0.0,0.0,0.0,0.0,0.0,0.0,0.0,0.0,0.0,0.0,0.0,0.0,0.0,0.0,0.0,0.0,0.0,0.0,0.0,0.0,0.0,0.0,0.0,0.0,0.0,0.0,0.0,0.0,0.0,0.0,0.0,0.0,0.0,0.0,0.0,0.0,0
0.0,0.0,0.0,0.0,0.0,0.0,0.0,0.0,0.0,0.0,0.0,0.0,0.0,0.0,0.0,0.0,0.0,0.0,0.0,0.0,0.0,0.0,0.0,0.0,0.0,0.0,0.0,0.0,0.0,0.0,0.0,0.0,0.0,0.0,0.0,0.0,0.0,0.0,0.0,0.0,0.0,0.0,0.0,0.0,0.0,0.0,0.0,0.0,0.0,0.0,0.0,0.0,0.0,0.0,0.0,0.0,0.0,0.0,0.0,0.0,0.0,0.0,0.0,0.0,0.0,0.0,0
0.0,0.0,0.0,0.0,0.0,0.0,0.0,0.0,0.0,0.0,0.0,0.0,0.0,0.0,0.0,0.0,0.0,0.0,0.0,0.0,0.0,0.0,0.0,0.0,0.0,0.0,0.0,0.0,0.0,0.0,0.0,0.0,0.0,0.0,0.0,0.0,0.0,0.0,0.0,0.0,0.0,0.0,0.0,0.0,0.0,0.0,0.0,0.0,0.0,0.0,0.0,0.0,0.0,0.0,0.0,0.0,0.0,0.0,0.0,0.0,0.0,0.0,0.0,0.0,0.0,0.0,0
0.0,0.0,0.0,0.0,0.0,0.0,0.0,0.0,0.0,0.0,0.0,0.0,0.0,0.0,0.0,0.0,0.0,0.0,0.0,0.0,0.0,0.0,0.0,0.0,0.0,0.0,0.0,0.0,0.0,0.0,0.0,0.0,0.0,0.0,0.0,0.0,0.0,0.0,0.0,0.0,0.0,0.0,0.0,0.0,0.0,0.0,0.0,0.0,0.0,0.0,0.0,0.0,0.0,0.0,0.0,0.0,0.0,0.0,0.0,0.0,0.0,0.0,0.0,0.0,0.0,0.0,0
0.0,0.0,0.0,0.0,0.0,0.0,0.0,0.0,0.0,0.0,0.0,0.0,0.0,0.0,0.0,0.0,0.0,0.0,0.0,0.0,0.0,0.0,0.0,0.0,0.0,0.0,0.0,0.0,0.0,0.0,0.0,0.0,0.0,0.0,0.0,0.0,0.0,0.0,0.0,0.0,0.0,0.0,0.0,0.0,0.0,0.0,0.0,0.0,0.0,0.0,0.0,0.0,0.0,0.0,0.0,0.0,0.0,0.0,0.0,0.0,0.0,0.0,0.0,0.0,0.0,0.0,0
0.0,0.0,0.0,0.0,0.0,0.0,0.0,0.0,0.0,0.0,0.0,0.0,0.0,0.0,0.0,0.0,0.0,0.0,0.0,0.0,0.0,0.0,0.0,0.0,0.0,0.0,0.0,0.0,0.0,0.0,0.0,0.0,0.0,0.0,0.0,0.0,0.0,0.0,0.0,0.0,0.0,0.0,0.0,0.0,0.0,0.0,0.0,0.0,0.0,0.0,0.0,0.0,0.0,0.0,0.0,0.0,0.0,0.0,0.0,0.0,0.0,0.0,0.0,0.0,0.0,0.0,0
0.0,0.0,0.0,0.0,0.0,0.0,0.0,0.0,0.0,0.0,0.0,0.0,0.0,0.0,0.0,0.0,0.0,0.0,0.0,0.0,0.0,0.0,0.0,0.0,0.0,0.0,0.0,0.0,0.0,0.0,0.0,0.0,0.0,0.0,0.0,0.0,0.0,0.0,0.0,0.0,0.0,0.0,0.0,0.0,0.0,0.0,0.0,0.0,0.0,0.0,0.0,0.0,0.0,0.0,0.0,0.0,0.0,0.0,0.0,0.0,0.0,0.0,0.0,0.0,0.0,0.0,0
0.0,0.0,0.0,0.0,0.0,0.0,0.0,0.0,0.0,0.0,0.0,0.0,0.0,0.0,0.0,0.0,0.0,0.0,0.0,0.0,0.0,0.0,0.0,0.0,0.0,0.0,0.0,0.0,0.0,0.0,0.0,0.0,0.0,0.0,0.0,0.0,0.0,0.0,0.0,0.0,0.0,0.0,0.0,0.0,0.0,0.0,0.0,0.0,0.0,0.0,0.0,0.0,0.0,0.0,0.0,0.0,0.0,0.0,0.0,0.0,0.0,0.0,0.0,0.0,0.0,0.0,0
0.0,0.0,0.0,0.0,0.0,0.0,0.0,0.0,0.0,0.0,0.0,0.0,0.0,0.0,0.0,0.0,0.0,0.0,0.0,0.0,0.0,0.0,0.0,0.0,0.0,0.0,0.0,0.0,0.0,0.0,0.0,0.0,0.0,0.0,0.0,0.0,0.0,0.0,0.0,0.0,0.0,0.0,0.0,0.0,0.0,0.0,0.0,0.0,0.0,0.0,0.0,0.0,0.0,0.0,0.0,0.0,0.0,0.0,0.0,0.0,0.0,0.0,0.0,0.0,0.0,0.0,0
0.0,0.0,0.0,0.0,0.0,0.0,0.0,0.0,0.0,0.0,0.0,0.0,0.0,0.0,0.0,0.0,0.0,0.0,0.0,0.0,0.0,0.0,0.0,0.0,0.0,0.0,0.0,0.0,0.0,0.0,0.0,0.0,0.0,0.0,0.0,0.0,0.0,0.0,0.0,0.0,0.0,0.0,0.0,0.0,0.0,0.0,0.0,0.0,0.0,0.0,0.0,0.0,0.0,0.0,0.0,0.0,0.0,0.0,0.0,0.0,0.0,0.0,0.0,0.0,0.0,0.0,0
0.0,0.0,0.0,0.0,0.0,0.0,0.0,0.0,0.0,0.0,0.0,0.0,0.0,0.0,0.0,0.0,0.0,0.0,0.0,0.0,0.0,0.0,0.0,0.0,0.0,0.0,0.0,0.0,0.0,0.0,0.0,0.0,0.0,0.0,0.0,0.0,0.0,0.0,0.0,0.0,0.0,0.0,0.0,0.0,0.0,0.0,0.0,0.0,0.0,0.0,0.0,0.0,0.0,0.0,0.0,0.0,0.0,0.0,0.0,0.0,0.0,0.0,0.0,0.0,0.0,0.0,0
0.0,0.0,0.0,0.0,0.0,0.0,0.0,0.0,0.0,0.0,0.0,0.0,0.0,0.0,0.0,0.0,0.0,0.0,0.0,0.0,0.0,0.0,0.0,0.0,0.0,0.0,0.0,0.0,0.0,0.0,0.0,0.0,0.0,0.0,0.0,0.0,0.0,0.0,0.0,0.0,0.0,0.0,0.0,0.0,0.0,0.0,0.0,0.0,0.0,0.0,0.0,0.0,0.0,0.0,0.0,0.0,0.0,0.0,0.0,0.0,0.0,0.0,0.0,0.0,0.0,0.0,0
