kp0_x,kp0_y,kp1_x,kp1_y,kp2_x,kp2_y,kp3_x,kp3_y,kp4_x,kp4_y,kp5_x,kp5_y,kp6_x,kp6_y,kp7_x,kp7_y,kp8_x,kp8_y,kp9_x,kp9_y,kp10_x,kp10_y,kp11_x,kp11_y,kp12_x,kp12_y,kp13_x,kp13_y,kp14_x,kp14_y,kp15_x,kp15_y,kp16_x,kp16_y,kp17_x,kp17_y,kp18_x,kp18_y,kp19_x,kp19_y,kp20_x,kp20_y,kp21_x,kp21_y,kp22_x,kp22_y,kp23_x,kp23_y,kp24_x,kp24_y,kp25_x,kp25_y,kp26_x,kp26_y,kp27_x,kp27_y,kp28_x,kp28_y,kp29_x,kp29_y,kp30_x,kp30_y,kp31_x,kp31_y,kp32_x,kp32_y,label
0.0,0.0,0.0,0.0,0.0,0.0,0.0,0.0,0.0,0.0,0.0,0.0,0.0,0.0,0.0,0.0,0.0,0.0,0.0,0.0,0.0,0.0,0.0,0.0,0.0,0.0,0.0,0.0,0.0,0.0,0.0,0.0,0.0,0.0,0.0,0.0,0.0,0.0,0.0,0.0,0.0,0.0,0.0,0.0,0.0,0.0,0.0,0.0,0.0,0.0,0.0,0.0,0.0,0.0,0.0,0.0,0.0,0.0,0.0,0.0,0.0,0.0,0.0,0.0,0.0,0.0,0
0.0,0.0,0.0,0.0,0.0,0.0,0.0,0.0,0.0,0.0,0.0,0.0,0.0,0.0,0.0,0.0,0.0,0.0,0.0,0.0,0.0,0.0,0.0,0.0,0.0,0.0,0.0,0.0,0.0,0.0,0.0,0.0,0.0,0.0,0.0,0.0,0.0,0.0,0.0,0.0,0.0,0.0,0.0,0.0,0.0,0.0,0.0,0.0,0.0,0.0,0.0,0.0,0.0,0.0,0.0,0.0,0.0,0.0,0.0,0.0,0.0,0.0,0.0,0.0,0.0,0.0,0
0.0,0.0,0.0,0.0,0.0,0.0,0.0,0.0,0.0,0.0,0.0,0.0,0.0,0.0,0.0,0.0,0.0,0.0,0.0,0.0,0.0,0.0,0.0,0.0,0.0,0.0,0.0,0.0,0.0,0.0,0.0,0.0,0.0,0.0,0.0,0.0,0.0,0.0,0.0,0.0,0.0,0.0,0.0,0.0,0.0,0.0,0.0,0.0,0.0,0.0,0.0,0.0,0.0,0.0,0.0,0.0,0.0,0.0,0.0,0.0,0.0,0.0,0.0,0.0,0.0,0.0,0
0.0,0.0,0.0,0.0,0.0,0.0,0.0,0.0,0.0,0.0,0.0,0.0,0.0,0.0,0.0,0.0,0.0,0.0,0.0,0.0,0.0,0.0,0.0,0.0,0.0,0.0,0.0,0.0,0.0,0.0,0.0,0.0,0.0,0.0,0.0,0.0,0.0,0.0,0.0,0.0,0.0,0.0,0.0,0.0,0.0,0.0,0.0,0.0,0.0,0.0,0.0,0.0,0.0,0.0,0.0,0.0,0.0,0.0,0.0,0.0,0.0,0.0,0.0,0.0,0.0,0.0,0
0.0,0.0,0.0,0.0,0.0,0.0,0.0,0.0,0.0,0.0,0.0,0.0,0.0,0.0,0.0,0.0,0.0,0.0,0.0,0.0,0.0,0.0,0.0,0.0,0.0,0.0,0.0,0.0,0.0,0.0,0.0,0.0,0.0,0.0,0.0,0.0,0.0,0.0,0.0,0.0,0.0,0.0,0.0,0.0,0.0,0.0,0.0,0.0,0.0,0.0,0.0,0.0,0.0,0.0,0.0,0.0,0.0,0.0,0.0,0.0,0.0,0.0,0.0,0.0,0.0,0.0,0
0.0,0.0,0.0,0.0,0.0,0.0,0.0,0.0,0.0,0.0,0.0,0.0,0.0,0.0,0.0,0.0,0.0,0.0,0.0,0.0,0.0,0.0,0.0,0.0,0.0,0.0,0.0,0.0,0.0,0.0,0.0,0.0,0.0,0.0,0.0,0.0,0.0,0.0,0.0,0.0,0.0,0.0,0.0,0.0,0.0,0.0,0.0,0.0,0.0,0.0,0.0,0.0,0.0,0.0,0.0,0.0,0.0,0.0,0.0,0.0,0.0,0.0,0.0,0.0,0.0,0.0,0
0.0,0.0,0.0,0.0,0.0,0.0,0.0,0.0,0.0,0.0,0.0,0.0,0.0,0.0,0.0,0.0,0.0,0.0,0.0,0.0,0.0,0.0,0.0,0.0,0.0,0.0,0.0,0.0,0.0,0.0,0.0,0.0,0.0,0.0,0.0,0.0,0.0,0.0,0.0,0.0,0.0,0.0,0.0,0.0,0.0,0.0,0.0,0.0,0.0,0.0,0.0,0.0,0.0,0.0,0.0,0.0,0.0,0.0,0.0,0.0,0.0,0.0,0.0,0.0,0.0,0.0,0
0.0,0.0,0.0,0.0,0.0,0.0,0.0,0.0,0.0,0.0,0.0,0.0,0.0,0.0,0.0,0.0,0.0,0.0,0.0,0.0,0.0,0.0,0.0,0.0,0.0,0.0,0.0,0.0,0.0,0.0,0.0,0.0,0.0,0.0,0.0,0.0,0.0,0.0,0.0,0.0,0.0,0.0,0.0,0.0,0.0,0.0,0.0,0.0,0.0,0.0,0.0,0.0,0.0,0.0,0.0,0.0,0.0,0.0,0.0,0.0,0.0,0.0,0.0,0.0,0.0,0.0,0
0.0,0.0,0.0,0.0,0.0,0.0,0.0,0.0,0.0,0.0,0.0,0.0,0.0,0.0,0.0,0.0,0.0,0.0,0.0,0.0,0.0,0.0,0.0,0.0,0.0,0.0,0.0,0.0,0.0,0.0,0.0,0.0,0.0,0.0,0.0,0.0,0.0,0.0,0.0,0.0,0.0,0.0,0.0,0.0,0.0,0.0,0.0,0.0,0.0,0.0,0.0,0.0,0.0,0.0,0.0,0.0,0.0,0.0,0.0,0.0,0.0,0.0,0.0,0.0,0.0,0.0,0
0.0,0.0,0.0,0.0,0.0,0.0,0.0,0.0,0.0,0.0,0.0,0.0,0.0,0.0,0.0,0.0,0.0,0.0,0.0,0.0,0.0,0.0,0.0,0.0,0.0,0.0,0.0,0.0,0.0,0.0,0.0,0.0,0.0,0.0,0.0,0.0,0.0,0.0,0.0,0.0,0.0,0.0,0.0,0.0,0.0,0.0,0.0,0.0,0.0,0.0,0.0,0.0,0.0,0.0,0.0,0.0,0.0,0.0,0.0,0.0,0.0,0.0,0.0,0.0,0.0,0.0,0
0.0,0.0,0.0,0.0,0.0,0.0,0.0,0.0,0.0,0.0,0.0,0.0,0.0,0.0,0.0,0.0,0.0,0.0,0.0,0.0,0.0,0.0,0.0,0.0,0.0,0.0,0.0,0.0,0.0,0.0,0.0,0.0,0.0,0.0,0.0,0.0,0.0,0.0,0.0,0.0,0.0,0.0,0.0,0.0,0.0,0.0,0.0,0.0,0.0,0.0,0.0,0.0,0.0,0.0,0.0,0.0,0.0,0.0,0.0,0.0,0.0,0.0,0.0,0.0,0.0,0.0,0
0.0,0.0,0.0,0.0,0.0,0.0,0.0,0.0,0.0,0.0,0.0,0.0,0.0,0.0,0.0,0.0,0.0,0.0,0.0,0.0,0.0,0.0,0.0,0.0,0.0,0.0,0.0,0.0,0.0,0.0,0.0,0.0,0.0,0.0,0.0,0.0,0.0,0.0,0.0,0.0,0.0,0.0,0.0,0.0,0.0,0.0,0.0,0.0,0.0,0.0,0.0,0.0,0.0,0.0,0.0,0.0,0.0,0.0,0.0,0.0,0.0,0.0,0.0,0.0,0.0,0.0,0
0.0,0.0,0.0,0.0,0.0,0.0,0.0,0.0,0.0,0.0,0.0,0.0,0.0,0.0,0.0,0.0,0.0,0.0,0.0,0.0,0.0,0.0,0.0,0.0,0.0,0.0,0.0,0.0,0.0,0.0,0.0,0.0,0.0,0.0,0.0,0.0,0.0,0.0,0.0,0.0,0.0,0.0,0.0,0.0,0.0,0.0,0.0,0.0,0.0,0.0,0.0,0.0,0.0,0.0,0.0,0.0,0.0,0.0,0.0,0.0,0.0,0.0,0.0,0.0,0.0,0.0,0
0.0,0.0,0.0,0.0,0.0,0.0,0.0,0.0,0.0,0.0,0.0,0.0,0.0,0.0,0.0,0.0,0.0,0.0,0.0,0.0,0.0,0.0,0.0,0.0,0.0,0.0,0.0,0.0,0.0,0.0,0.0,0.0,0.0,0.0,0.0,0.0,0.0,0.0,0.0,0.0,0.0,0.0,0.0,0.0,0.0,0.0,0.0,0.0,0.0,0.0,0.0,0.0,0.0,0.0,0.0,0.0,0.0,0.0,0.0,0.0,0.0,0.0,0.0,0.0,0.0,0.0,0
0.0,0.0,0.0,0.0,0.0,0.0,0.0,0.0,0.0,0.0,0.0,0.0,0.0,0.0,0.0,0.0,0.0,0.0,0.0,0.0,0.0,0.0,0.0,0.0,0.0,0.0,0.0,0.0,0.0,0.0,0.0,0.0,0.0,0.0,0.0,0.0,0.0,0.0,0.0,0.0,0.0,0.0,0.0,0.0,0.0,0.0,0.0,0.0,0.0,0.0,0.0,0.0,0.0,0.0,0.0,0.0,0.0,0.0,0.0,0.0,0.0,0.0,0.0,0.0,0.0,0.0,0
0.0,0.0,0.0,0.0,0.0,0.0,0.0,0.0,0.0,0.0,0.0,0.0,0.0,0.0,0.0,0.0,0.0,0.0,0.0,0.0,0.0,0.0,0.0,0.0,0.0,0.0,0.0,0.0,0.0,0.0,0.0,0.0,0.0,0.0,0.0,0.0,0.0,0.0,0.0,0.0,0.0,0.0,0.0,0.0,0.0,0.0,0.0,0.0,0.0,0.0,0.0,0.0,0.0,0.0,0.0,0.0,0.0,0.0,0.0,0.0,0.0,0.0,0.0,0.0,0.0,0.0,0
0.0,0.0,0.0,0.0,0.0,0.0,0.0,0.0,0.0,0.0,0.0,0.0,0.0,0.0,0.0,0.0,0.0,0.0,0.0,0.0,0.0,0.0,0.0,0.0,0.0,0.0,0.0,0.0,0.0,0.0,0.0,0.0,0.0,0.0,0.0,0.0,0.0,0.0,0.0,0.0,0.0,0.0,0.0,0.0,0.0,0.0,0.0,0.0,0.0,0.0,0.0,0.0,0.0,0.0,0.0,0.0,0.0,0.0,0.0,0.0,0.0,0.0,0.0,0.0,0.0,0.0,0
0.0,0.0,0.0,0.0,0.0,0.0,0.0,0.0,0.0,0.0,0.0,0.0,0.0,0.0,0.0,0.0,0.0,0.0,0.0,0.0,0.0,0.0,0.0,0.0,0.0,0.0,0.0,0.0,0.0,0.0,0.0,0.0,0.0,0.0,0.0,0.0,0.0,0.0,0.0,0.0,0.0,0.0,0.0,0.0,0.0,0.0,0.0,0.0,0.0,0.0,0.0,0.0,0.0,0.0,0.0,0.0,0.0,0.0,0.0,0.0,0.0,0.0,0.0,0.0,0.0,0.0,0
0.0,0.0,0.0,0.0,0.0,0.0,0.0,0.0,0.0,0.0,0.0,0.0,0.0,0.0,0.0,0.0,0.0,0.0,0.0,0.0,0.0,0.0,0.0,0.0,0.0,0.0,0.0,0.0,0.0,0.0,0.0,0.0,0.0,0.0,0.0,0.0,0.0,0.0,0.0,0.0,0.0,0.0,0.0,0.0,0.0,0.0,0.0,0.0,0.0,0.0,0.0,0.0,0.0,0.0,0.0,0.0,0.0,0.0,0.0,0.0,0.0,0.0,0.0,0.0,0.0,0.0,0
0.0,0.0,0.0,0.0,0.0,0.0,0.0,0.0,0.0,0.0,0.0,0.0,0.0,0.0,0.0,0.0,0.0,0.0,0.0,0.0,0.0,0.0,0.0,0.0,0.0,0.0,0.0,0.0,0.0,0.0,0.0,0.0,0.0,0.0,0.0,0.0,0.0,0.0,0.0,0.0,0.0,0.0,0.0,0.0,0.0,0.0,0.0,0.0,0.0,0.0,0.0,0.0,0.0,0.0,0.0,0.0,0.0,0.0,0.0,0.0,0.0,0.0,0.0,0.0,0.0,0.0,0
0.0,0.0,0.0,0.0,0.0,0.0,0.0,0.0,0.0,0.0,0.0,0.0,0.0,0.0,0.0,0.0,0.0,0.0,0.0,0.0,0.0,0.0,0.0,0.0,0.0,0.0,0.0,0.0,0.0,0.0,0.0,0.0,0.0,0.0,0.0,0.0,0.0,0.0,0.0,0.0,0.0,0.0,0.0,0.0,0.0,0.0,0.0,0.0,0.0,0.0,0.0,0.0,0.0,0.0,0.0,0.0,0.0,0.0,0.0,0.0,0.0,0.0,0.0,0.0,0.0,0.0,0
0.0,0.0,0.0,0.0,0.0,0.0,0.0,0.0,0.0,0.0,0.0,0.0,0.0,0.0,0.0,0.0,0.0,0.0,0.0,0.0,0.0,0.0,0.0,0.0,0.0,0.0,0.0,0.0,0.0,0.0,0.0,0.0,0.0,0.0,0.0,0.0,0.0,0.0,0.0,0.0,0.0,0.0,0.0,0.0,0.0,0.0,0.0,0.0,0.0,0.0,0.0,0.0,0.0,0.0,0.0,0.0,0.0,0.0,0.0,0.0,0.0,0.0,0.0,0.0,0.0,0.0,0
0.0,0.0,0.0,0.0,0.0,0.0,0.0,0.0,0.0,0.0,0.0,0.0,0.0,0.0,0.0,0.0,0.0,0.0,0.0,0.0,0.0,0.0,0.0,0.0,0.0,0.0,0.0,0.0,0.0,0.0,0.0,0.0,0.0,0.0,0.0,0.0,0.0,0.0,0.0,0.0,0.0,0.0,0.0,0.0,0.0,0.0,0.0,0.0,0.0,0.0,0.0,0.0,0.0,0.0,0.0,0.0,0.0,0.0,0.0,0.0,0.0,0.0,0.0,0.0,0.0,0.0,0
0.0,0.0,0.0,0.0,0.0,0.0,0.0,0.0,0.0,0.0,0.0,0.0,0.0,0.0,0.0,0.0,0.0,0.0,0.0,0.0,0.0,0.0,0.0,0.0,0.0,0.0,0.0,0.0,0.0,0.0,0.0,0.0,0.0,0.0,0.0,0.0,0.0,0.0,0.0,0.0,0.0,0.0,0.0,0.0,0.0,0.0,0.0,0.0,0.0,0.0,0.0,0.0,0.0,0.0,0.0,0.0,0.0,0.0,0.0,0.0,0.0,0.0,0.0,0.0,0.0,0.0,0
0.0,0.0,0.0,0.0,0.0,0.0,0.0,0.0,0.0,0.0,0.0,0.0,0.0,0.0,0.0,0.0,0.0,0.0,0.0,0.0,0.0,0.0,0.0,0.0,0.0,0.0,0.0,0.0,0.0,0.0,0.0,0.0,0.0,0.0,0.0,0.0,0.0,0.0,0.0,0.0,0.0,0.0,0.0,0.0,0.0,0.0,0.0,0.0,0.0,0.0,0.0,0.0,0.0,0.0,0.0,0.0,0.0,0.0,0.0,0.0,0.0,0.0,0.0,0.0,0.0,0.0,0
0.0,0.0,0.0,0.0,0.0,0.0,0.0,0.0,0.0,0.0,0.0,0.0,0.0,0.0,0.0,0.0,0.0,0.0,0.0,0.0,0.0,0.0,0.0,0.0,0.0,0.0,0.0,0.0,0.0,0.0,0.0,0.0,0.0,0.0,0.0,0.0,0.0,0.0,0.0,0.0,0.0,0.0,0.0,0.0,0.0,0.0,0.0,0.0,0.0,0.0,0.0,0.0,0.0,0.0,0.0,0.0,0.0,0.0,0.0,0.0,0.0,0.0,0.0,0.0,0.0,0.0,0
0.0,0.0,0.0,0.0,0.0,0.0,0.0,0.0,0.0,0.0,0.0,0.0,0.0,0.0,0.0,0.0,0.0,0.0,0.0,0.0,0.0,0.0,0.0,0.0,0.0,0.0,0.0,0.0,0.0,0.0,0.0,0.0,0.0,0.0,0.0,0.0,0.0,0.0,0.0,0.0,0.0,0.0,0.0,0.0,0.0,0.0,0.0,0.0,0.0,0.0,0.0,0.0,0.0,0.0,0.0,0.0,0.0,0.0,0.0,0.0,0.0,0.0,0.0,0.0,0.0,0.0,0
0.0,0.0,0.0,0.0,0.0,0.0,0.0,0.0,0.0,0.0,0.0,0.0,0.0,0.0,0.0,0.0,0.0,0.0,0.0,0.0,0.0,0.0,0.0,0.0,0.0,0.0,0.0,0.0,0.0,0.0,0.0,0.0,0.0,0.0,0.0,0.0,0.0,0.0,0.0,0.0,0.0,0.0,0.0,0.0,0.0,0.0,0.0,0.0,0.0,0.0,0.0,0.0,0.0,0.0,0.0,0.0,0.0,0.0,0.0,0.0,0.0,0.0,0.0,0.0,0.0,0.0,0
0.0,0.0,0.0,0.0,0.0,0.0,0.0,0.0,0.0,0.0,0.0,0.0,0.0,0.0,0.0,0.0,0.0,0.0,0.0,0.0,0.0,0.0,0.0,0.0,0.0,0.0,0.0,0.0,0.0,0.0,0.0,0.0,0.0,0.0,0.0,0.0,0.0,0.0,0.0,0.0,0.0,0.0,0.0,0.0,0.0,0.0,0.0,0.0,0.0,0.0,0.0,0.0,0.0,0.0,0.0,0.0,0.0,0.0,0.0,0.0,0.0,0.0,0.0,0.0,0.0,0.0,0
0.0,0.0,0.0,0.0,0.0,0.0,0.0,0.0,0.0,0.0,0.0,0.0,0.0,0.0,0.0,0.0,0.0,0.0,0.0,0.0,0.0,0.0,0.0,0.0,0.0,0.0,0.0,0.0,0.0,0.0,0.0,0.0,0.0,0.0,0.0,0.0,0.0,0.0,0.0,0.0,0.0,0.0,0.0,0.0,0.0,0.0,0.0,0.0,0.0,0.0,0.0,0.0,0.0,0.0,0.0,0.0,0.0,0.0,0.0,0.0,0.0,0.0,0.0,0.0,0.0,0.0,0
0.0,0.0,0.0,0.0,0.0,0.0,0.0,0.0,0.0,0.0,0.0,0.0,0.0,0.0,0.0,0.0,0.0,0.0,0.0,0.0,0.0,0.0,0.0,0.0,0.0,0.0,0.0,0.0,0.0,0.0,0.0,0.0,0.0,0.0,0.0,0.0,0.0,0.0,0.0,0.0,0.0,0.0,0.0,0.0,0.0,0.0,0.0,0.0,0.0,0.0,0.0,0.0,0.0,0.0,0.0,0.0,0.0,0.0,0.0,0.0,0.0,0.0,0.0,0.0,0.0,0.0,0
0.0,0.0,0.0,0.0,0.0,0.0,0.0,0.0,0.0,0.0,0.0,0.0,0.0,0.0,0.0,0.0,0.0,0.0,0.0,0.0,0.0,0.0,0.0,0.0,0.0,0.0,0.0,0.0,0.0,0.0,0.0,0.0,0.0,0.0,0.0,0.0,0.0,0.0,0.0,0.0,0.0,0.0,0.0,0.0,0.0,0.0,0.0,0.0,0.0,0.0,0.0,0.0,0.0,0.0,0.0,0.0,0.0,0.0,0.0,0.0,0.0,0.0,0.0,0.0,0.0,0.0,0
0.0,0.0,0.0,0.0,0.0,0.0,0.0,0.0,0.0,0.0,0.0,0.0,0.0,0.0,0.0,0.0,0.0,0.0,0.0,0.0,0.0,0.0,0.0,0.0,0.0,0.0,0.0,0.0,0.0,0.0,0.0,0.0,0.0,0.0,0.0,0.0,0.0,0.0,0.0,0.0,0.0,0.0,0.0,0.0,0.0,0.0,0.0,0.0,0.0,0.0,0.0,0.0,0.0,0.0,0.0,0.0,0.0,0.0,0.0,0.0,0.0,0.0,0.0,0.0,0.0,0.0,0
0.8256447911262512,0.2563052773475647,0.8274701237678528,0.2479064166545868,0.8286243677139282,0.24650609493255615,0.8295336365699768,0.24487757682800293,0.8242003321647644,0.25072720646858215,0.823140025138855,0.25128674507141113,0.8221080899238586,0.25142449140548706,0.8287113308906555,0.25147032737731934,0.8197696208953857,0.2597925364971161,0.8277360796928406,0.2748089134693146,0.8235231041908264,0.27818048000335693,0.8312933444976807,0.32634857296943665,0.8192806243896484,0.3479333817958832,0.8177314400672913,0.345077782869339,0.8061890006065369,0.42272162437438965,0.8184548616409302,0.305473268032074,0.82044517993927,0.4035836160182953,0.8198642134666443,0.2951655387878418,0.8256345391273499,0.4045068919658661,0.8212986588478088,0.2985943853855133,0.827087938785553,0.39529135823249817,0.8200283050537109,0.3035092353820801,0.8250538110733032,0.39386218786239624,0.8614120483398438,0.6022970676422119,0.8502885103225708,0.6180210113525391,0.8730375170707703,0.7068734765052795,0.8591743111610413,0.7073211073875427,0.8766404986381531,0.7916688323020935,0.8729838728904724,0.7785643935203552,0.876898467540741,0.8029677867889404,0.8745837211608887,0.7900919318199158,0.8803747892379761,0.8298160433769226,0.8807175159454346,0.8072307109832764,0
0.0,0.0,0.0,0.0,0.0,0.0,0.0,0.0,0.0,0.0,0.0,0.0,0.0,0.0,0.0,0.0,0.0,0.0,0.0,0.0,0.0,0.0,0.0,0.0,0.0,0.0,0.0,0.0,0.0,0.0,0.0,0.0,0.0,0.0,0.0,0.0,0.0,0.0,0.0,0.0,0.0,0.0,0.0,0.0,0.0,0.0,0.0,0.0,0.0,0.0,0.0,0.0,0.0,0.0,0.0,0.0,0.0,0.0,0.0,0.0,0.0,0.0,0.0,0.0,0.0,0.0,0
0.0,0.0,0.0,0.0,0.0,0.0,0.0,0.0,0.0,0.0,0.0,0.0,0.0,0.0,0.0,0.0,0.0,0.0,0.0,0.0,0.0,0.0,0.0,0.0,0.0,0.0,0.0,0.0,0.0,0.0,0.0,0.0,0.0,0.0,0.0,0.0,0.0,0.0,0.0,0.0,0.0,0.0,0.0,0.0,0.0,0.0,0.0,0.0,0.0,0.0,0.0,0.0,0.0,0.0,0.0,0.0,0.0,0.0,0.0,0.0,0.0,0.0,0.0,0.0,0.0,0.0,0
0.0,0.0,0.0,0.0,0.0,0.0,0.0,0.0,0.0,0.0,0.0,0.0,0.0,0.0,0.0,0.0,0.0,0.0,0.0,0.0,0.0,0.0,0.0,0.0,0.0,0.0,0.0,0.0,0.0,0.0,0.0,0.0,0.0,0.0,0.0,0.0,0.0,0.0,0.0,0.0,0.0,0.0,0.0,0.0,0.0,0.0,0.0,0.0,0.0,0.0,0.0,0.0,0.0,0.0,0.0,0.0,0.0,0.0,0.0,0.0,0.0,0.0,0.0,0.0,0.0,0.0,0
0.0,0.0,0.0,0.0,0.0,0.0,0.0,0.0,0.0,0.0,0.0,0.0,0.0,0.0,0.0,0.0,0.0,0.0,0.0,0.0,0.0,0.0,0.0,0.0,0.0,0.0,0.0,0.0,0.0,0.0,0.0,0.0,0.0,0.0,0.0,0.0,0.0,0.0,0.0,0.0,0.0,0.0,0.0,0.0,0.0,0.0,0.0,0.0,0.0,0.0,0.0,0.0,0.0,0.0,0.0,0.0,0.0,0.0,0.0,0.0,0.0,0.0,0.0,0.0,0.0,0.0,0
0.0,0.0,0.0,0.0,0.0,0.0,0.0,0.0,0.0,0.0,0.0,0.0,0.0,0.0,0.0,0.0,0.0,0.0,0.0,0.0,0.0,0.0,0.0,0.0,0.0,0.0,0.0,0.0,0.0,0.0,0.0,0.0,0.0,0.0,0.0,0.0,0.0,0.0,0.0,0.0,0.0,0.0,0.0,0.0,0.0,0.0,0.0,0.0,0.0,0.0,0.0,0.0,0.0,0.0,0.0,0.0,0.0,0.0,0.0,0.0,0.0,0.0,0.0,0.0,0.0,0.0,0
0.0,0.0,0.0,0.0,0.0,0.0,0.0,0.0,0.0,0.0,0.0,0.0,0.0,0.0,0.0,0.0,0.0,0.0,0.0,0.0,0.0,0.0,0.0,0.0,0.0,0.0,0.0,0.0,0.0,0.0,0.0,0.0,0.0,0.0,0.0,0.0,0.0,0.0,0.0,0.0,0.0,0.0,0.0,0.0,0.0,0.0,0.0,0.0,0.0,0.0,0.0,0.0,0.0,0.0,0.0,0.0,0.0,0.0,0.0,0.0,0.0,0.0,0.0,0.0,0.0,0.0,0
0.0,0.0,0.0,0.0,0.0,0.0,0.0,0.0,0.0,0.0,0.0,0.0,0.0,0.0,0.0,0.0,0.0,0.0,0.0,0.0,0.0,0.0,0.0,0.0,0.0,0.0,0.0,0.0,0.0,0.0,0.0,0.0,0.0,0.0,0.0,0.0,0.0,0.0,0.0,0.0,0.0,0.0,0.0,0.0,0.0,0.0,0.0,0.0,0.0,0.0,0.0,0.0,0.0,0.0,0.0,0.0,0.0,0.0,0.0,0.0,0.0,0.0,0.0,0.0,0.0,0.0,0
0.0,0.0,0.0,0.0,0.0,0.0,0.0,0.0,0.0,0.0,0.0,0.0,0.0,0.0,0.0,0.0,0.0,0.0,0.0,0.0,0.0,0.0,0.0,0.0,0.0,0.0,0.0,0.0,0.0,0.0,0.0,0.0,0.0,0.0,0.0,0.0,0.0,0.0,0.0,0.0,0.0,0.0,0.0,0.0,0.0,0.0,0.0,0.0,0.0,0.0,0.0,0.0,0.0,0.0,0.0,0.0,0.0,0.0,0.0,0.0,0.0,0.0,0.0,0.0,0.0,0.0,0
0.0,0.0,0.0,0.0,0.0,0.0,0.0,0.0,0.0,0.0,0.0,0.0,0.0,0.0,0.0,0.0,0.0,0.0,0.0,0.0,0.0,0.0,0.0,0.0,0.0,0.0,0.0,0.0,0.0,0.0,0.0,0.0,0.0,0.0,0.0,0.0,0.0,0.0,0.0,0.0,0.0,0.0,0.0,0.0,0.0,0.0,0.0,0.0,0.0,0.0,0.0,0.0,0.0,0.0,0.0,0.0,0.0,0.0,0.0,0.0,0.0,0.0,0.0,0.0,0.0,0.0,0
0.8475362658500671,0.7298398017883301,0.8408969044685364,0.7337131500244141,0.8403666615486145,0.7322155237197876,0.8398316502571106,0.730453372001648,0.8421100378036499,0.7411367893218994,0.8424328565597534,0.7451469302177429,0.842704176902771,0.7497108578681946,0.8409728407859802,0.7376396059989929,0.8450139760971069,0.7647976875305176,0.8523178696632385,0.7279776930809021,0.853503942489624,0.7378115653991699,0.8711833953857422,0.7020013332366943,0.8719672560691833,0.8015989065170288,0.8800451159477234,0.6224082708358765,0.8669474124908447,0.7820456027984619,0.8764985799789429,0.6034549474716187,0.8381321430206299,0.7021334171295166,0.873605489730835,0.5969526767730713,0.830420196056366,0.685614287853241,0.8727184534072876,0.6054663062095642,0.8267586827278137,0.682138979434967,0.8744158744812012,0.6103695631027222,0.8307225108146667,0.6863653063774109,0.9601808786392212,0.7350728511810303,0.962962806224823,0.8102589845657349,0.9584082961082458,0.7140355706214905,0.9574548602104187,0.7821874618530273,0.9400051832199097,0.7300106287002563,0.9403721690177917,0.779541552066803,0.9379876852035522,0.7344062924385071,0.9375379681587219,0.7836863994598389,0.9346414804458618,0.7320666909217834,0.937824010848999,0.7629830241203308,0
0.0,0.0,0.0,0.0,0.0,0.0,0.0,0.0,0.0,0.0,0.0,0.0,0.0,0.0,0.0,0.0,0.0,0.0,0.0,0.0,0.0,0.0,0.0,0.0,0.0,0.0,0.0,0.0,0.0,0.0,0.0,0.0,0.0,0.0,0.0,0.0,0.0,0.0,0.0,0.0,0.0,0.0,0.0,0.0,0.0,0.0,0.0,0.0,0.0,0.0,0.0,0.0,0.0,0.0,0.0,0.0,0.0,0.0,0.0,0.0,0.0,0.0,0.0,0.0,0.0,0.0,0
0.0,0.0,0.0,0.0,0.0,0.0,0.0,0.0,0.0,0.0,0.0,0.0,0.0,0.0,0.0,0.0,0.0,0.0,0.0,0.0,0.0,0.0,0.0,0.0,0.0,0.0,0.0,0.0,0.0,0.0,0.0,0.0,0.0,0.0,0.0,0.0,0.0,0.0,0.0,0.0,0.0,0.0,0.0,0.0,0.0,0.0,0.0,0.0,0.0,0.0,0.0,0.0,0.0,0.0,0.0,0.0,0.0,0.0,0.0,0.0,0.0,0.0,0.0,0.0,0.0,0.0,0
0.0,0.0,0.0,0.0,0.0,0.0,0.0,0.0,0.0,0.0,0.0,0.0,0.0,0.0,0.0,0.0,0.0,0.0,0.0,0.0,0.0,0.0,0.0,0.0,0.0,0.0,0.0,0.0,0.0,0.0,0.0,0.0,0.0,0.0,0.0,0.0,0.0,0.0,0.0,0.0,0.0,0.0,0.0,0.0,0.0,0.0,0.0,0.0,0.0,0.0,0.0,0.0,0.0,0.0,0.0,0.0,0.0,0.0,0.0,0.0,0.0,0.0,0.0,0.0,0.0,0.0,0
0.7933647632598877,0.23678752779960632,0.797688901424408,0.22565463185310364,0.7990044355392456,0.22510430216789246,0.8003585338592529,0.22439727187156677,0.795825719833374,0.22750693559646606,0.7957172989845276,0.22820833325386047,0.7956986427307129,0.22852382063865662,0.8076897263526917,0.23793643712997437,0.7984259724617004,0.2367399036884308,0.796477735042572,0.2493174970149994,0.7937146425247192,0.2462514340877533,0.8089961409568787,0.33479341864585876,0.795345664024353,0.3458089530467987,0.8104943037033081,0.5118755102157593,0.7989491820335388,0.5031618475914001,0.7992376089096069,0.6958997249603271,0.7867465615272522,0.641139566898346,0.8008592128753662,0.7459279298782349,0.7801051735877991,0.6764307022094727,0.7951798439025879,0.7488322257995605,0.7792159914970398,0.6798698306083679,0.7904555797576904,0.7358564138412476,0.7828241586685181,0.6678049564361572,0.8301851153373718,0.5881404280662537,0.8250018954277039,0.5942637920379639,0.8270843625068665,0.7465896010398865,0.8220444917678833,0.6989630460739136,0.8511068224906921,0.794474184513092,0.8395060300827026,0.7418784499168396,0.8585189580917358,0.7977879643440247,0.8438438773155212,0.7509823441505432,0.8430362343788147,0.824767529964447,0.835747480392456,0.7531800866127014,0
0.0,0.0,0.0,0.0,0.0,0.0,0.0,0.0,0.0,0.0,0.0,0.0,0.0,0.0,0.0,0.0,0.0,0.0,0.0,0.0,0.0,0.0,0.0,0.0,0.0,0.0,0.0,0.0,0.0,0.0,0.0,0.0,0.0,0.0,0.0,0.0,0.0,0.0,0.0,0.0,0.0,0.0,0.0,0.0,0.0,0.0,0.0,0.0,0.0,0.0,0.0,0.0,0.0,0.0,0.0,0.0,0.0,0.0,0.0,0.0,0.0,0.0,0.0,0.0,0.0,0.0,0
0.7868309617042542,0.24608710408210754,0.7895292043685913,0.22909292578697205,0.7915116548538208,0.22776678204536438,0.7937130928039551,0.22627681493759155,0.785002589225769,0.23217326402664185,0.7839208245277405,0.2328680157661438,0.7827837467193604,0.2334488034248352,0.8002221584320068,0.22907677292823792,0.7840113043785095,0.23970863223075867,0.7917256355285645,0.25861600041389465,0.7865086793899536,0.26234954595565796,0.8192564845085144,0.2941395044326782,0.7789798378944397,0.3255797326564789,0.825225293636322,0.3923875391483307,0.7772148847579956,0.42144888639450073,0.8268989324569702,0.47681939601898193,0.776869535446167,0.5044739842414856,0.8294779658317566,0.4926295876502991,0.7771046757698059,0.5260805487632751,0.8230969905853271,0.4959889352321625,0.778381884098053,0.524067759513855,0.8217667937278748,0.49408864974975586,0.7813283205032349,0.5167304277420044,0.821220338344574,0.500108540058136,0.7949956655502319,0.5046197175979614,0.8362775444984436,0.6538482308387756,0.7868964076042175,0.6550456881523132,0.8604349493980408,0.8215255737304688,0.7894133925437927,0.7930287718772888,0.8664371371269226,0.8426899313926697,0.7951471209526062,0.8139208555221558,0.8546218276023865,0.890731692314148,0.775352954864502,0.8444972634315491,0
0.7808949947357178,0.236061692237854,0.783039391040802,0.22101044654846191,0.7849023938179016,0.2191927134990692,0.7867851257324219,0.2173459827899933,0.7793211936950684,0.2249661684036255,0.7784543037414551,0.22601303458213806,0.7774831652641296,0.22694870829582214,0.7941712141036987,0.22074836492538452,0.7803442478179932,0.2325456440448761,0.7864819765090942,0.248056560754776,0.7817237377166748,0.252858430147171,0.8190835118293762,0.2861877679824829,0.7762271165847778,0.327134370803833,0.8277271389961243,0.37644636631011963,0.7741066813468933,0.4322952628135681,0.8264689445495605,0.46372461318969727,0.7704119682312012,0.5201083421707153,0.8278719186782837,0.4844001233577728,0.7674699425697327,0.5421264171600342,0.8230306506156921,0.4860467314720154,0.7711154818534851,0.5373334288597107,0.8218712210655212,0.4824637472629547,0.7724300622940063,0.5314719080924988,0.8176298141479492,0.49381884932518005,0.7896120548248291,0.5022227168083191,0.8277702331542969,0.6364647746086121,0.7746572494506836,0.6240220665931702,0.8454273343086243,0.7733852863311768,0.7725333571434021,0.7758992910385132,0.8479679822921753,0.7922671437263489,0.7768418788909912,0.7979875206947327,0.8450337052345276,0.8292030692100525,0.761139452457428,0.8286694288253784,0
0.7754624485969543,0.24118539690971375,0.7779760360717773,0.22203996777534485,0.780415415763855,0.2192745804786682,0.7828096151351929,0.2165815234184265,0.7736881375312805,0.2275077998638153,0.7729112505912781,0.22867363691329956,0.7721887826919556,0.22957608103752136,0.7909413576126099,0.2174968421459198,0.7754343748092651,0.234782874584198,0.7821192145347595,0.2525652348995209,0.7767910957336426,0.25707507133483887,0.8149718046188354,0.29115864634513855,0.7740225791931152,0.3212526738643646,0.8199664950370789,0.3931788206100464,0.7699537873268127,0.4307290315628052,0.8110880851745605,0.49226126074790955,0.765584409236908,0.5184785723686218,0.8058347105979919,0.5163311958312988,0.7658237814903259,0.5417325496673584,0.8037420511245728,0.5144529938697815,0.7675104141235352,0.5393056273460388,0.80148845911026,0.5042541027069092,0.7698188424110413,0.5208538770675659,0.8144394159317017,0.5053437948226929,0.7888720035552979,0.5090876221656799,0.821708619594574,0.6283991932868958,0.7845330238342285,0.6434688568115234,0.8416624069213867,0.7825980186462402,0.7886025309562683,0.7629647254943848,0.8467123508453369,0.8026246428489685,0.7936050891876221,0.7807478904724121,0.8355840444564819,0.8450206518173218,0.7762947082519531,0.8136952519416809,0
0.7746060490608215,0.2405371069908142,0.7765548229217529,0.2226632833480835,0.778472363948822,0.22046920657157898,0.7803869843482971,0.21827521920204163,0.7728671431541443,0.2275579571723938,0.772072970867157,0.22888901829719543,0.7711828947067261,0.23013246059417725,0.7889501452445984,0.21967732906341553,0.7753108143806458,0.23380723595619202,0.780614972114563,0.25130823254585266,0.7760382294654846,0.25669988989830017,0.8125877380371094,0.283510684967041,0.7705643177032471,0.32005247473716736,0.8205326795578003,0.37679505348205566,0.767795205116272,0.4265110492706299,0.8184006810188293,0.47595858573913574,0.7659884691238403,0.5104784965515137,0.8198072910308838,0.4951323866844177,0.7640491127967834,0.5368332266807556,0.8167690634727478,0.495231568813324,0.7675266265869141,0.5314604640007019,0.8158178925514221,0.49224698543548584,0.7679567337036133,0.5151318311691284,0.8091874122619629,0.5075250864028931,0.7850195169448853,0.5179333090782166,0.8211026787757874,0.6454121470451355,0.7784473299980164,0.6455573439598083,0.8385363817214966,0.7930999994277954,0.777066707611084,0.76237952709198,0.8420143127441406,0.8132770657539368,0.7874167561531067,0.7896156907081604,0.8351728320121765,0.8516324758529663,0.7714161276817322,0.824532687664032,0
0.7705174088478088,0.24104806780815125,0.7727631330490112,0.2208433747291565,0.7751947045326233,0.21822276711463928,0.777641236782074,0.21544837951660156,0.7683612108230591,0.22572845220565796,0.7675474286079407,0.2267305552959442,0.766832709312439,0.22740519046783447,0.7857609391212463,0.21570342779159546,0.7717629075050354,0.22968479990959167,0.7771380543708801,0.25129738450050354,0.7719878554344177,0.2557920515537262,0.8082457184791565,0.2878561317920685,0.7699618339538574,0.3193846344947815,0.8136203289031982,0.40478816628456116,0.7636386156082153,0.4308618903160095,0.8062028884887695,0.4891524016857147,0.758220911026001,0.5207129716873169,0.8084043264389038,0.5068838596343994,0.7556036114692688,0.5496941804885864,0.8011913895606995,0.5177841186523438,0.7597329616546631,0.5439571142196655,0.7999330759048462,0.5107944011688232,0.7606914043426514,0.5372167229652405,0.8076716065406799,0.4971923828125,0.784043550491333,0.5090712904930115,0.8124783635139465,0.6036850810050964,0.771906316280365,0.6188713312149048,0.8312513828277588,0.7614381909370422,0.7726203203201294,0.7619810104370117,0.8355368375778198,0.7828705906867981,0.7798302173614502,0.7908714413642883,0.8253887891769409,0.8224033713340759,0.760777473449707,0.8233520984649658,0
0.7674427032470703,0.2434387505054474,0.7698524594306946,0.22471418976783752,0.7719456553459167,0.22282588481903076,0.774461567401886,0.22052520513534546,0.7655863761901855,0.22842079401016235,0.7648420929908752,0.22887232899665833,0.7639527916908264,0.228740394115448,0.7825785279273987,0.22113603353500366,0.7679482698440552,0.2323048710823059,0.7738515138626099,0.2538508176803589,0.7690987586975098,0.25851204991340637,0.7999585270881653,0.2937830984592438,0.7673574686050415,0.3102671802043915,0.7989307045936584,0.4325379431247711,0.7663236856460571,0.43410050868988037,0.7938787937164307,0.5124310851097107,0.7629009485244751,0.4938185513019562,0.79595947265625,0.5308183431625366,0.7628067135810852,0.5127044320106506,0.7937140464782715,0.5328266620635986,0.7670188546180725,0.5043262243270874,0.7917744517326355,0.52702796459198,0.7678945064544678,0.5028397440910339,0.8074623346328735,0.5030128955841064,0.784380316734314,0.5061841011047363,0.8140303492546082,0.6274536848068237,0.7691798806190491,0.6134703159332275,0.8282789587974548,0.7731376886367798,0.7698739171028137,0.7562851309776306,0.8316059112548828,0.7957797050476074,0.7749841213226318,0.7804856300354004,0.8239033222198486,0.8227647542953491,0.7567296028137207,0.8009237051010132,0
0.7632738947868347,0.23987382650375366,0.7659153342247009,0.21932262182235718,0.7681254148483276,0.2171826958656311,0.7707636952400208,0.214756578207016,0.7613163590431213,0.22433993220329285,0.7604004144668579,0.2253076732158661,0.7593727111816406,0.226230651140213,0.7795261144638062,0.21598908305168152,0.762302577495575,0.2307031750679016,0.7704313397407532,0.24973055720329285,0.7648687362670898,0.25581759214401245,0.791789174079895,0.2880031168460846,0.7673539519309998,0.2901739478111267,0.7743808031082153,0.4414907395839691,0.7611730694770813,0.41449081897735596,0.7791948914527893,0.5779497623443604,0.7616994380950928,0.4865991473197937,0.7809658646583557,0.6110443472862244,0.7627428770065308,0.5061528086662292,0.7767317295074463,0.6115092039108276,0.7658378481864929,0.5015994310379028,0.7763277888298035,0.599994421005249,0.7670565247535706,0.49733519554138184,0.8039311170578003,0.5045883655548096,0.7902991771697998,0.5010640621185303,0.8054914474487305,0.659384548664093,0.7865830063819885,0.63277268409729,0.8307451605796814,0.788245439529419,0.8028008341789246,0.7392627596855164,0.8397938013076782,0.8060314655303955,0.8098839521408081,0.7571605443954468,0.8196290731430054,0.8407852649688721,0.7919347286224365,0.7816727161407471,0
0.7689545750617981,0.22589370608329773,0.7696369290351868,0.20890161395072937,0.7719830274581909,0.2062477469444275,0.7740960121154785,0.20374786853790283,0.7641751766204834,0.21488818526268005,0.7621177434921265,0.21693632006645203,0.7603816986083984,0.2183845341205597,0.7778546214103699,0.20810160040855408,0.7605665922164917,0.22506344318389893,0.7753611207008362,0.23468980193138123,0.7680922746658325,0.24387407302856445,0.7908668518066406,0.2712031900882721,0.7623884081840515,0.3146269917488098,0.7837750315666199,0.3626192510128021,0.7554895281791687,0.4496927261352539,0.7714399099349976,0.4210941791534424,0.7525981664657593,0.5040073394775391,0.7706969380378723,0.4389640688896179,0.7511701583862305,0.5502139329910278,0.7687066793441772,0.43934494256973267,0.7550848722457886,0.5426144599914551,0.7689846754074097,0.43492645025253296,0.7562806606292725,0.533699095249176,0.8033559322357178,0.49885350465774536,0.7839006781578064,0.522545576095581,0.805881917476654,0.6553167700767517,0.7844454050064087,0.6642909646034241,0.817384660243988,0.7810501456260681,0.792239248752594,0.7542288899421692,0.8199948668479919,0.7998307943344116,0.7955588698387146,0.7691274285316467,0.8143930435180664,0.8216627836227417,0.7891281843185425,0.784325122833252,0
0.7616825699806213,0.22341197729110718,0.7631641030311584,0.20678269863128662,0.7655607461929321,0.2042769193649292,0.767858624458313,0.20186462998390198,0.7577477693557739,0.2127523124217987,0.7562893629074097,0.21441152691841125,0.7548176050186157,0.21588370203971863,0.7731547355651855,0.2048608660697937,0.7557305097579956,0.2227535843849182,0.7681757211685181,0.23138108849525452,0.7622324824333191,0.23813247680664062,0.7934926748275757,0.2504080533981323,0.7567447423934937,0.29768386483192444,0.7965077757835388,0.34665876626968384,0.7495562434196472,0.4140361547470093,0.8006095886230469,0.4286615252494812,0.7409151196479797,0.4818685054779053,0.8006492257118225,0.47039783000946045,0.739395797252655,0.5066184997558594,0.7972021698951721,0.46168819069862366,0.7434874773025513,0.501339316368103,0.7950729727745056,0.453869104385376,0.7431040406227112,0.4907066524028778,0.7985081076622009,0.43064093589782715,0.7756341695785522,0.45113176107406616,0.7765941023826599,0.5728868842124939,0.7743861079216003,0.6108067035675049,0.7781354188919067,0.7664976119995117,0.7824071049690247,0.7562376856803894,0.7797966003417969,0.7834740281105042,0.7873181700706482,0.7718505859375,0.7638635635375977,0.8323720693588257,0.7713767886161804,0.8101493716239929,0
0.7561638951301575,0.22941020131111145,0.758643388748169,0.21319180727005005,0.7608086466789246,0.21165239810943604,0.7633649706840515,0.20984718203544617,0.7543646693229675,0.21602553129196167,0.7533906102180481,0.21642142534255981,0.7523749470710754,0.21661987900733948,0.7721770405769348,0.21171945333480835,0.7546237707138062,0.22064226865768433,0.7622713446617126,0.24304622411727905,0.757408082485199,0.24553489685058594,0.7890364527702332,0.26282599568367004,0.758078396320343,0.28950148820877075,0.7923899292945862,0.364044189453125,0.7489169836044312,0.38902798295021057,0.7929104566574097,0.44611865282058716,0.7403049468994141,0.45507001876831055,0.7908727526664734,0.46326112747192383,0.7355858683586121,0.4792949855327606,0.7884014248847961,0.4620218873023987,0.7384175062179565,0.4718562662601471,0.787353515625,0.45585834980010986,0.7392075061798096,0.46769779920578003,0.7954322099685669,0.4317484498023987,0.7770324349403381,0.44130492210388184,0.7766866683959961,0.5904217958450317,0.7683141231536865,0.6007558107376099,0.7839762568473816,0.7772305607795715,0.7745550274848938,0.761642336845398,0.7919448614120483,0.797505795955658,0.7817685604095459,0.7960204482078552,0.7741365432739258,0.8368945121765137,0.7569431066513062,0.8154893517494202,0
0.7550015449523926,0.2316184639930725,0.7575019598007202,0.2146863341331482,0.7594525218009949,0.21349871158599854,0.7615122199058533,0.21234068274497986,0.753089964389801,0.21714386343955994,0.7519184350967407,0.2175983488559723,0.7506651282310486,0.21798554062843323,0.7691249847412109,0.21649014949798584,0.7526168823242188,0.22292739152908325,0.7606191039085388,0.24467286467552185,0.7553070783615112,0.24782633781433105,0.7858904600143433,0.26886671781539917,0.7556716203689575,0.284915953874588,0.7914345264434814,0.3815775215625763,0.7469050288200378,0.3770902752876282,0.7856370210647583,0.4600566625595093,0.7362027764320374,0.44783374667167664,0.7888535857200623,0.4822257161140442,0.731163501739502,0.46282652020454407,0.7869099378585815,0.4792565107345581,0.7325925230979919,0.46441954374313354,0.7861185669898987,0.47618597745895386,0.7334837317466736,0.46084436774253845,0.7947969436645508,0.45447981357574463,0.7777116894721985,0.46439841389656067,0.7767727971076965,0.5974869728088379,0.7690855860710144,0.6065118312835693,0.7934510707855225,0.7647112607955933,0.7721157670021057,0.747352659702301,0.7910995483398438,0.7783474326133728,0.7742968797683716,0.7700482606887817,0.7713900804519653,0.8087472915649414,0.7529875040054321,0.7945371866226196,0
0.7516476511955261,0.21993857622146606,0.7558078169822693,0.20695248246192932,0.7573052048683167,0.20690307021141052,0.7585936784744263,0.2066686749458313,0.7523167133331299,0.20693349838256836,0.7514117956161499,0.20699477195739746,0.7504281997680664,0.20695903897285461,0.7636624574661255,0.21469327807426453,0.75168776512146,0.2156192660331726,0.7572234272956848,0.23057624697685242,0.7521617412567139,0.2325756549835205,0.7758588194847107,0.26664459705352783,0.7528690099716187,0.2818891704082489,0.7851806282997131,0.3140801191329956,0.7396367788314819,0.3574312627315521,0.7782279849052429,0.3587897717952728,0.7377951145172119,0.34772011637687683,0.7793899178504944,0.3719032406806946,0.7374406456947327,0.34704092144966125,0.7760941386222839,0.36965397000312805,0.7388063669204712,0.33846062421798706,0.7758816480636597,0.36606764793395996,0.738722562789917,0.3406153619289398,0.7877947092056274,0.44716671109199524,0.7757335901260376,0.4546738862991333,0.7758398056030273,0.589869499206543,0.7680172324180603,0.5965536236763,0.794209897518158,0.767846405506134,0.7683508396148682,0.7519605159759521,0.800695538520813,0.7897389531135559,0.7689282298088074,0.7633670568466187,0.7676331996917725,0.8222537636756897,0.7507272958755493,0.8068835139274597,0
0.0,0.0,0.0,0.0,0.0,0.0,0.0,0.0,0.0,0.0,0.0,0.0,0.0,0.0,0.0,0.0,0.0,0.0,0.0,0.0,0.0,0.0,0.0,0.0,0.0,0.0,0.0,0.0,0.0,0.0,0.0,0.0,0.0,0.0,0.0,0.0,0.0,0.0,0.0,0.0,0.0,0.0,0.0,0.0,0.0,0.0,0.0,0.0,0.0,0.0,0.0,0.0,0.0,0.0,0.0,0.0,0.0,0.0,0.0,0.0,0.0,0.0,0.0,0.0,0.0,0.0,0
0.0,0.0,0.0,0.0,0.0,0.0,0.0,0.0,0.0,0.0,0.0,0.0,0.0,0.0,0.0,0.0,0.0,0.0,0.0,0.0,0.0,0.0,0.0,0.0,0.0,0.0,0.0,0.0,0.0,0.0,0.0,0.0,0.0,0.0,0.0,0.0,0.0,0.0,0.0,0.0,0.0,0.0,0.0,0.0,0.0,0.0,0.0,0.0,0.0,0.0,0.0,0.0,0.0,0.0,0.0,0.0,0.0,0.0,0.0,0.0,0.0,0.0,0.0,0.0,0.0,0.0,0
0.7238141894340515,0.2667567729949951,0.7258075475692749,0.24848076701164246,0.73225337266922,0.2437024712562561,0.7337696552276611,0.2429482340812683,0.7237185835838318,0.24927523732185364,0.7239472270011902,0.24927642941474915,0.7243443727493286,0.24897345900535583,0.7397623062133789,0.2533544600009918,0.7337838411331177,0.2559581696987152,0.7300236821174622,0.2752207815647125,0.7278688549995422,0.27607640624046326,0.7615634202957153,0.3152151107788086,0.7516065239906311,0.32626157999038696,0.7731070518493652,0.3360753357410431,0.7435041666030884,0.34123948216438293,0.7655361890792847,0.2779030203819275,0.7380229234695435,0.3099050521850586,0.7651030421257019,0.2662002146244049,0.7384045124053955,0.30213356018066406,0.7634749412536621,0.25731855630874634,0.7391595244407654,0.29714101552963257,0.7641564607620239,0.2606506049633026,0.7387985587120056,0.30162420868873596,0.7905471324920654,0.6012242436408997,0.7831000089645386,0.5918517112731934,0.7739463448524475,0.6296719312667847,0.771500825881958,0.6358617544174194,0.7725774645805359,0.748924195766449,0.7723589539527893,0.7264132499694824,0.7752805948257446,0.7648475766181946,0.7731181383132935,0.7382714748382568,0.7590856552124023,0.792914628982544,0.7664806842803955,0.7636313438415527,0
0.7264502048492432,0.2857798635959625,0.7326310873031616,0.25679197907447815,0.7340052127838135,0.25689682364463806,0.7391932606697083,0.2951487898826599,0.7258360385894775,0.2615220844745636,0.7308235168457031,0.25918862223625183,0.731101393699646,0.26057225465774536,0.7418365478515625,0.27749231457710266,0.7365833520889282,0.2794118821620941,0.7393043637275696,0.3234789967536926,0.7303485870361328,0.2911432683467865,0.7596128582954407,0.3967607319355011,0.7510799169540405,0.3672228157520294,0.7702634930610657,0.46156954765319824,0.7475677728652954,0.4042695164680481,0.7579541802406311,0.46242284774780273,0.7445111274719238,0.3650985360145569,0.7551924586296082,0.467119961977005,0.7460724711418152,0.3537081182003021,0.7522592544555664,0.4578152894973755,0.7439922094345093,0.34962528944015503,0.7537958025932312,0.45301270484924316,0.743541955947876,0.3558843731880188,0.7852702140808105,0.6457778811454773,0.7814215421676636,0.6304285526275635,0.7747086882591248,0.6745137572288513,0.7619709968566895,0.6348475217819214,0.7724261283874512,0.7615490555763245,0.7741680145263672,0.7205486297607422,0.7740755081176758,0.7725642919540405,0.7738646864891052,0.7309789657592773,0.7641493082046509,0.7885987162590027,0.7697083353996277,0.7457436919212341,0
0.7161721587181091,0.2539656162261963,0.7187830805778503,0.23040077090263367,0.7202902436256409,0.22840112447738647,0.7217820286750793,0.22616389393806458,0.7157402038574219,0.23442453145980835,0.7159676551818848,0.23931032419204712,0.7174540758132935,0.23870763182640076,0.7316397428512573,0.22484946250915527,0.7255178689956665,0.2404334843158722,0.7249829769134521,0.2679115831851959,0.7228933572769165,0.2721363306045532,0.7590795159339905,0.28404515981674194,0.7449934482574463,0.3159357011318207,0.7638694643974304,0.3750836253166199,0.7396434545516968,0.37915822863578796,0.7625168561935425,0.4057924151420593,0.7286210656166077,0.3880857527256012,0.7664880752563477,0.4147402048110962,0.7266945838928223,0.3913494944572449,0.7635283470153809,0.4118639826774597,0.7261704802513123,0.38911810517311096,0.7622599005699158,0.40920746326446533,0.7267664670944214,0.38881203532218933,0.7723498940467834,0.567855715751648,0.7627977728843689,0.5646361112594604,0.7574643492698669,0.6636375784873962,0.7572216987609863,0.654009222984314,0.766956090927124,0.7706423401832581,0.7653714418411255,0.7452598810195923,0.7735506296157837,0.7863394618034363,0.7687695622444153,0.7605742812156677,0.7555151581764221,0.8056936860084534,0.751319408416748,0.782523512840271,0
0.7329946756362915,0.6686245203018188,0.7310352325439453,0.6585222482681274,0.731479823589325,0.6591215133666992,0.7318708896636963,0.6595029234886169,0.7298452854156494,0.657834529876709,0.7294048070907593,0.6579235792160034,0.728927493095398,0.6585109233856201,0.7333454489707947,0.6666910648345947,0.7294764518737793,0.6655933260917664,0.7366526126861572,0.6827418804168701,0.7348405122756958,0.6813702583312988,0.7484251260757446,0.7131266593933105,0.7446427941322327,0.7157652378082275,0.7643340229988098,0.6752936840057373,0.7564740180969238,0.7106115221977234,0.7651100754737854,0.7438243627548218,0.7516850233078003,0.7145563364028931,0.7645854949951172,0.7594230771064758,0.7483001947402954,0.7149389982223511,0.7629011869430542,0.7726275324821472,0.747804582118988,0.7191556692123413,0.7632542848587036,0.7668371796607971,0.7499176859855652,0.7183129787445068,0.8258312940597534,0.7561982274055481,0.8269942402839661,0.769273579120636,0.8338688611984253,0.7155423760414124,0.8154098987579346,0.7296602725982666,0.8455756902694702,0.6847056150436401,0.8348064422607422,0.6689304113388062,0.8508419990539551,0.6924836039543152,0.8407872319221497,0.6670559644699097,0.8421029448509216,0.6616331338882446,0.8314189314842224,0.6414556503295898,0
0.7384577989578247,0.7172859907150269,0.7356250286102295,0.7110897302627563,0.7356890439987183,0.7114117741584778,0.7357282042503357,0.71158367395401,0.7355359792709351,0.7124678492546082,0.735503077507019,0.7137012481689453,0.7354411482810974,0.7152782678604126,0.7368989586830139,0.7219849824905396,0.7368781566619873,0.726767361164093,0.7418146729469299,0.7293580770492554,0.7413696646690369,0.730261504650116,0.7502378225326538,0.7718614935874939,0.7548794746398926,0.7596890330314636,0.7615788578987122,0.7253789305686951,0.7739726305007935,0.700670599937439,0.7596494555473328,0.7483829259872437,0.7714848518371582,0.6490582823753357,0.7559367418289185,0.7574673891067505,0.7683436274528503,0.6338549852371216,0.7565703988075256,0.7623599171638489,0.7656504511833191,0.6432230472564697,0.7585533261299133,0.7579898834228516,0.7674792408943176,0.6479572057723999,0.829584538936615,0.8114508390426636,0.8335776329040527,0.8127607703208923,0.7986822128295898,0.7134429216384888,0.7958358526229858,0.7158238887786865,0.7957723140716553,0.6480104327201843,0.7997090220451355,0.6333892345428467,0.8018049001693726,0.6603992581367493,0.8059653639793396,0.6326360702514648,0.7805108428001404,0.5891466736793518,0.7842602729797363,0.5884847640991211,0
0.0,0.0,0.0,0.0,0.0,0.0,0.0,0.0,0.0,0.0,0.0,0.0,0.0,0.0,0.0,0.0,0.0,0.0,0.0,0.0,0.0,0.0,0.0,0.0,0.0,0.0,0.0,0.0,0.0,0.0,0.0,0.0,0.0,0.0,0.0,0.0,0.0,0.0,0.0,0.0,0.0,0.0,0.0,0.0,0.0,0.0,0.0,0.0,0.0,0.0,0.0,0.0,0.0,0.0,0.0,0.0,0.0,0.0,0.0,0.0,0.0,0.0,0.0,0.0,0.0,0.0,0
0.7424825429916382,0.7195712327957153,0.7400461435317993,0.7219261527061462,0.7404961585998535,0.7227699160575867,0.7409766316413879,0.7234237194061279,0.7386286854743958,0.7236233353614807,0.7381046414375305,0.7254238128662109,0.7375253438949585,0.7276177406311035,0.742344856262207,0.7391638159751892,0.7385516166687012,0.7439137101173401,0.7477006912231445,0.7284301519393921,0.7460783123970032,0.7304360270500183,0.7693980932235718,0.7767021656036377,0.7512596249580383,0.7606878876686096,0.7865723967552185,0.7174736261367798,0.7612661123275757,0.6773121356964111,0.7711382508277893,0.664683997631073,0.7406335473060608,0.5566198825836182,0.7648557424545288,0.6618884801864624,0.7353664636611938,0.5241973996162415,0.7643231153488159,0.6566146612167358,0.7312843799591064,0.5298471450805664,0.7662055492401123,0.6560928821563721,0.733786404132843,0.5413591861724854,0.8270065188407898,0.779179573059082,0.8175591230392456,0.7922806739807129,0.7612050175666809,0.5885062217712402,0.749735414981842,0.5942832231521606,0.7462801337242126,0.4130899906158447,0.7444168329238892,0.3849530518054962,0.7503374218940735,0.3955629765987396,0.752879798412323,0.3553732931613922,0.7243428230285645,0.37074267864227295,0.7204047441482544,0.3426380753517151,0
0.0,0.0,0.0,0.0,0.0,0.0,0.0,0.0,0.0,0.0,0.0,0.0,0.0,0.0,0.0,0.0,0.0,0.0,0.0,0.0,0.0,0.0,0.0,0.0,0.0,0.0,0.0,0.0,0.0,0.0,0.0,0.0,0.0,0.0,0.0,0.0,0.0,0.0,0.0,0.0,0.0,0.0,0.0,0.0,0.0,0.0,0.0,0.0,0.0,0.0,0.0,0.0,0.0,0.0,0.0,0.0,0.0,0.0,0.0,0.0,0.0,0.0,0.0,0.0,0.0,0.0,0
0.6996820569038391,0.2360629439353943,0.7022337317466736,0.21317550539970398,0.7032941579818726,0.21241167187690735,0.704331636428833,0.2116435170173645,0.7019645571708679,0.2128063440322876,0.702751100063324,0.21197786927223206,0.7035337090492249,0.2111215889453888,0.7140091061592102,0.2101430594921112,0.712702214717865,0.21095246076583862,0.7053341865539551,0.2451764941215515,0.7070670127868652,0.24329924583435059,0.7320976853370667,0.27377355098724365,0.7328181862831116,0.2659415900707245,0.7414616942405701,0.39033615589141846,0.7307898998260498,0.356524795293808,0.7297968864440918,0.4850311577320099,0.7145616412162781,0.41486403346061707,0.731359601020813,0.50605708360672,0.7114986777305603,0.42549392580986023,0.7288406491279602,0.5011095404624939,0.7114740014076233,0.4237499535083771,0.7289798855781555,0.4946492612361908,0.7122467756271362,0.4221482574939728,0.7466252446174622,0.5557742118835449,0.7461791634559631,0.5469876527786255,0.7440531849861145,0.6520810723304749,0.7391149997711182,0.6418926119804382,0.7476778030395508,0.7555084824562073,0.7493844032287598,0.7441607713699341,0.7530035972595215,0.773474931716919,0.7474921941757202,0.7589454054832458,0.7325953245162964,0.7871623635292053,0.7408819794654846,0.7717136144638062,0
0.0,0.0,0.0,0.0,0.0,0.0,0.0,0.0,0.0,0.0,0.0,0.0,0.0,0.0,0.0,0.0,0.0,0.0,0.0,0.0,0.0,0.0,0.0,0.0,0.0,0.0,0.0,0.0,0.0,0.0,0.0,0.0,0.0,0.0,0.0,0.0,0.0,0.0,0.0,0.0,0.0,0.0,0.0,0.0,0.0,0.0,0.0,0.0,0.0,0.0,0.0,0.0,0.0,0.0,0.0,0.0,0.0,0.0,0.0,0.0,0.0,0.0,0.0,0.0,0.0,0.0,0
0.6959741115570068,0.24101442098617554,0.6992244720458984,0.21881279349327087,0.7002561688423157,0.21818900108337402,0.7012285590171814,0.21767950057983398,0.6990090012550354,0.21700897812843323,0.6997569799423218,0.21541869640350342,0.7004340887069702,0.21412232518196106,0.7100907564163208,0.21396392583847046,0.7097209095954895,0.21097016334533691,0.7024799585342407,0.24464285373687744,0.7020978331565857,0.2431502342224121,0.7269628643989563,0.27709031105041504,0.7255621552467346,0.2726699709892273,0.7323590517044067,0.40613675117492676,0.7161290645599365,0.34148189425468445,0.7229404449462891,0.5046877861022949,0.6982870101928711,0.3790891468524933,0.7251715660095215,0.5350532531738281,0.6939954161643982,0.38757410645484924,0.7211247682571411,0.5317157506942749,0.6930304765701294,0.3872454762458801,0.721179187297821,0.5208127498626709,0.6942300200462341,0.3859677314758301,0.7437314391136169,0.5388922691345215,0.7412359118461609,0.5318771600723267,0.7324427962303162,0.6771777272224426,0.7259886860847473,0.6558190584182739,0.7340460419654846,0.7336480021476746,0.7339302897453308,0.7144198417663574,0.7372912764549255,0.7413284778594971,0.7374581098556519,0.7269035577774048,0.7242705225944519,0.7493930459022522,0.7256919145584106,0.7218424081802368,0
0.0,0.0,0.0,0.0,0.0,0.0,0.0,0.0,0.0,0.0,0.0,0.0,0.0,0.0,0.0,0.0,0.0,0.0,0.0,0.0,0.0,0.0,0.0,0.0,0.0,0.0,0.0,0.0,0.0,0.0,0.0,0.0,0.0,0.0,0.0,0.0,0.0,0.0,0.0,0.0,0.0,0.0,0.0,0.0,0.0,0.0,0.0,0.0,0.0,0.0,0.0,0.0,0.0,0.0,0.0,0.0,0.0,0.0,0.0,0.0,0.0,0.0,0.0,0.0,0.0,0.0,0
0.0,0.0,0.0,0.0,0.0,0.0,0.0,0.0,0.0,0.0,0.0,0.0,0.0,0.0,0.0,0.0,0.0,0.0,0.0,0.0,0.0,0.0,0.0,0.0,0.0,0.0,0.0,0.0,0.0,0.0,0.0,0.0,0.0,0.0,0.0,0.0,0.0,0.0,0.0,0.0,0.0,0.0,0.0,0.0,0.0,0.0,0.0,0.0,0.0,0.0,0.0,0.0,0.0,0.0,0.0,0.0,0.0,0.0,0.0,0.0,0.0,0.0,0.0,0.0,0.0,0.0,0
0.0,0.0,0.0,0.0,0.0,0.0,0.0,0.0,0.0,0.0,0.0,0.0,0.0,0.0,0.0,0.0,0.0,0.0,0.0,0.0,0.0,0.0,0.0,0.0,0.0,0.0,0.0,0.0,0.0,0.0,0.0,0.0,0.0,0.0,0.0,0.0,0.0,0.0,0.0,0.0,0.0,0.0,0.0,0.0,0.0,0.0,0.0,0.0,0.0,0.0,0.0,0.0,0.0,0.0,0.0,0.0,0.0,0.0,0.0,0.0,0.0,0.0,0.0,0.0,0.0,0.0,0
0.0,0.0,0.0,0.0,0.0,0.0,0.0,0.0,0.0,0.0,0.0,0.0,0.0,0.0,0.0,0.0,0.0,0.0,0.0,0.0,0.0,0.0,0.0,0.0,0.0,0.0,0.0,0.0,0.0,0.0,0.0,0.0,0.0,0.0,0.0,0.0,0.0,0.0,0.0,0.0,0.0,0.0,0.0,0.0,0.0,0.0,0.0,0.0,0.0,0.0,0.0,0.0,0.0,0.0,0.0,0.0,0.0,0.0,0.0,0.0,0.0,0.0,0.0,0.0,0.0,0.0,0
0.6855523586273193,0.2242700457572937,0.6851531267166138,0.20113450288772583,0.6854162812232971,0.19857066869735718,0.6864034533500671,0.195318341255188,0.6849763989448547,0.2044878900051117,0.6851016283035278,0.20434096455574036,0.6854745149612427,0.20376059412956238,0.6921813488006592,0.19187283515930176,0.6901448369026184,0.2006511688232422,0.6885504722595215,0.231951504945755,0.6890324354171753,0.234566330909729,0.7095324397087097,0.24759909510612488,0.7130918502807617,0.2634592056274414,0.7144997119903564,0.37802332639694214,0.7177715301513672,0.38776686787605286,0.6991604566574097,0.47938817739486694,0.7035337090492249,0.4669085741043091,0.6956483125686646,0.5004528760910034,0.6984550952911377,0.4907733201980591,0.6942967772483826,0.4985581934452057,0.6975823044776917,0.47623157501220703,0.695013701915741,0.48890501260757446,0.7012794613838196,0.4703284800052643,0.723605751991272,0.5094948410987854,0.7222359776496887,0.5067501664161682,0.7204090356826782,0.6545487642288208,0.7172020673751831,0.6546162962913513,0.729611873626709,0.7566180229187012,0.7297282814979553,0.7505366206169128,0.7363677024841309,0.77000492811203,0.7353137135505676,0.7667324542999268,0.715578556060791,0.7919308543205261,0.7181562781333923,0.7792844772338867,0
0.6998512148857117,0.6440595984458923,0.7038345336914062,0.6417422294616699,0.7039412260055542,0.6426236033439636,0.7040119171142578,0.6434672474861145,0.7032102346420288,0.6423629522323608,0.702822208404541,0.643216609954834,0.7024434208869934,0.6442490220069885,0.7028283476829529,0.6528822183609009,0.700514554977417,0.6530973315238953,0.696399450302124,0.6504303812980652,0.6957610845565796,0.6511894464492798,0.7015801072120667,0.6894016265869141,0.6899514198303223,0.6743637323379517,0.6795940399169922,0.697788655757904,0.6739266514778137,0.6555670499801636,0.6639086008071899,0.6854060888290405,0.6548641920089722,0.62813800573349,0.6652730703353882,0.6800670027732849,0.6544710397720337,0.6180069446563721,0.6682066917419434,0.6815359592437744,0.6557247638702393,0.6215148568153381,0.6660138368606567,0.6818035840988159,0.6557771563529968,0.6242534518241882,0.7495605945587158,0.76424241065979,0.7443309426307678,0.7537981271743774,0.7343611717224121,0.6027887463569641,0.7309445738792419,0.6041160821914673,0.6987241506576538,0.4817544221878052,0.7047899961471558,0.4989578425884247,0.6945456266403198,0.47508734464645386,0.7030907869338989,0.4903087913990021,0.6808315515518188,0.44849738478660583,0.6883583664894104,0.4737229645252228,0
0.0,0.0,0.0,0.0,0.0,0.0,0.0,0.0,0.0,0.0,0.0,0.0,0.0,0.0,0.0,0.0,0.0,0.0,0.0,0.0,0.0,0.0,0.0,0.0,0.0,0.0,0.0,0.0,0.0,0.0,0.0,0.0,0.0,0.0,0.0,0.0,0.0,0.0,0.0,0.0,0.0,0.0,0.0,0.0,0.0,0.0,0.0,0.0,0.0,0.0,0.0,0.0,0.0,0.0,0.0,0.0,0.0,0.0,0.0,0.0,0.0,0.0,0.0,0.0,0.0,0.0,0
0.6736390590667725,0.23653379082679749,0.6734381318092346,0.21742558479309082,0.6737791895866394,0.21563786268234253,0.6740735769271851,0.21367043256759644,0.6738547086715698,0.21856689453125,0.6749111413955688,0.21725285053253174,0.6756844520568848,0.21586757898330688,0.6812319755554199,0.2081647515296936,0.6831415295600891,0.20977962017059326,0.677666187286377,0.2446822226047516,0.6782406568527222,0.24629458785057068,0.697661280632019,0.2566240429878235,0.7129926681518555,0.2578946650028229,0.6975783705711365,0.3680753707885742,0.7179970145225525,0.37372782826423645,0.6888837218284607,0.4772242605686188,0.6999896168708801,0.4519006013870239,0.6849291324615479,0.5153380036354065,0.6950207352638245,0.4761587679386139,0.6835058331489563,0.5035462379455566,0.6933245062828064,0.4725709855556488,0.6844518780708313,0.49971669912338257,0.6935334801673889,0.45682281255722046,0.708899736404419,0.5225965976715088,0.7246048450469971,0.523304283618927,0.6913520097732544,0.6466822028160095,0.7278395891189575,0.6821137070655823,0.6764218807220459,0.8048576712608337,0.7324739694595337,0.8269521594047546,0.6808856129646301,0.835651695728302,0.7365559935569763,0.8304216861724854,0.6539694666862488,0.8081136345863342,0.7163132429122925,0.8651196956634521,0
0.6925700902938843,0.6699106693267822,0.6944610476493835,0.6640074253082275,0.6949551105499268,0.6649351716041565,0.6954526901245117,0.6657955646514893,0.6945956945419312,0.6598020792007446,0.6951402425765991,0.6579825282096863,0.695641279220581,0.6562424302101135,0.7006415724754333,0.6653622388839722,0.7008986473083496,0.6522473096847534,0.6947085857391357,0.6768882274627686,0.6948413848876953,0.6723715662956238,0.7084252238273621,0.7028147578239441,0.7078497409820557,0.6688529849052429,0.7004321813583374,0.7519500851631165,0.6981977224349976,0.6993182897567749,0.6828165054321289,0.794694185256958,0.6793959140777588,0.7319982647895813,0.6794904470443726,0.8057442307472229,0.675408124923706,0.7329026460647583,0.6770251393318176,0.8010963797569275,0.6740307807922363,0.7380194664001465,0.6782299876213074,0.7965682744979858,0.6753179430961609,0.7398180961608887,0.7265574932098389,0.7873299717903137,0.7242743372917175,0.7687361836433411,0.7060980796813965,0.8017026782035828,0.707141101360321,0.7740386724472046,0.6843975186347961,0.7893518209457397,0.683867335319519,0.7792141437530518,0.6817144751548767,0.7917280793190002,0.6806679964065552,0.7872803211212158,0.672853946685791,0.768817126750946,0.6738020181655884,0.7552579045295715,0
0.6677535772323608,0.23805445432662964,0.6677152514457703,0.22255662083625793,0.6681035757064819,0.22156882286071777,0.6689082980155945,0.2202121615409851,0.6683213710784912,0.22202149033546448,0.6694128513336182,0.2204306721687317,0.670268177986145,0.21892577409744263,0.6751375198364258,0.21632233262062073,0.6767913103103638,0.21697992086410522,0.6715421676635742,0.2436145842075348,0.6722020506858826,0.2449590563774109,0.69069504737854,0.2590465843677521,0.7032897472381592,0.26028022170066833,0.6927458047866821,0.3749009668827057,0.7046354413032532,0.37445515394210815,0.683779776096344,0.4655536115169525,0.6984260082244873,0.444966197013855,0.6823008060455322,0.48678058385849,0.6934276223182678,0.46969977021217346,0.6823230981826782,0.48604708909988403,0.6916922330856323,0.4670417904853821,0.6831376552581787,0.48286569118499756,0.6918727159500122,0.4656441807746887,0.7003873586654663,0.4958023428916931,0.707682728767395,0.4886869788169861,0.7091474533081055,0.6613636016845703,0.694002628326416,0.6213779449462891,0.715766966342926,0.8228762745857239,0.6762207746505737,0.7673594355583191,0.7222025990486145,0.8479768633842468,0.6796153783798218,0.7993628978729248,0.6954771280288696,0.8711370229721069,0.6536767482757568,0.785619854927063,0
0.6644734740257263,0.2334079146385193,0.6636768579483032,0.21852189302444458,0.6641179323196411,0.21691885590553284,0.6645421981811523,0.21530431509017944,0.6642884612083435,0.21912351250648499,0.6650817394256592,0.21807286143302917,0.6658265590667725,0.21691438555717468,0.670378565788269,0.21025219559669495,0.6723021268844604,0.21322867274284363,0.668483316898346,0.23725146055221558,0.6692586541175842,0.239850252866745,0.6876288652420044,0.2406316101551056,0.6997433304786682,0.2522748112678528,0.6908491253852844,0.36378487944602966,0.7026005983352661,0.36358895897865295,0.6814796924591064,0.4597141742706299,0.6962980628013611,0.4405888617038727,0.6780625581741333,0.48903971910476685,0.6942557096481323,0.47952723503112793,0.6758320927619934,0.4909973442554474,0.6938068270683289,0.4804793894290924,0.6789151430130005,0.48265957832336426,0.6888924837112427,0.46209973096847534,0.7015381455421448,0.4679194688796997,0.7058606147766113,0.4723771810531616,0.6978675127029419,0.6386054754257202,0.6884343028068542,0.6098176836967468,0.7180967926979065,0.8155629634857178,0.6730920672416687,0.7597646713256836,0.7267425656318665,0.8294246196746826,0.6780035495758057,0.7903304100036621,0.6983708739280701,0.8670494556427002,0.6466670036315918,0.787147581577301,0
0.6612855792045593,0.23702669143676758,0.6614327430725098,0.22322288155555725,0.6620711088180542,0.22209236025810242,0.6627078652381897,0.22077354788780212,0.6615868806838989,0.222484290599823,0.6622920632362366,0.22090470790863037,0.6630076766014099,0.2191343903541565,0.6685835719108582,0.21554890275001526,0.6694073677062988,0.21383553743362427,0.6659548878669739,0.24471604824066162,0.6660431027412415,0.24416223168373108,0.6833171844482422,0.25919073820114136,0.6961493492126465,0.256819486618042,0.6866599917411804,0.3705970048904419,0.7089133262634277,0.3357994556427002,0.6727842688560486,0.4698379933834076,0.6909629702568054,0.39874720573425293,0.6692975163459778,0.4932171106338501,0.68600994348526,0.4122296869754791,0.6671575307846069,0.49494659900665283,0.684049665927887,0.4171586036682129,0.6700688600540161,0.48862043023109436,0.685551643371582,0.413177490234375,0.6960828304290771,0.47615551948547363,0.7037758231163025,0.4781549870967865,0.6916102170944214,0.6206503510475159,0.6901978850364685,0.6131896376609802,0.7219213843345642,0.777605414390564,0.6843886971473694,0.7669901251792908,0.7308891415596008,0.8020404577255249,0.6897615194320679,0.7963394522666931,0.7018411159515381,0.831260085105896,0.6573081016540527,0.785904586315155,0
0.6584751605987549,0.24142226576805115,0.6585841774940491,0.22740429639816284,0.6590518355369568,0.2262754738330841,0.6594434976577759,0.22508934140205383,0.6594538688659668,0.22623446583747864,0.6604030728340149,0.2243911623954773,0.6613709926605225,0.22232690453529358,0.6653435826301575,0.2192882001399994,0.668107271194458,0.2166193425655365,0.6630873680114746,0.24749869108200073,0.6639434099197388,0.247859388589859,0.6795506477355957,0.254597544670105,0.6989108920097351,0.25653162598609924,0.6832214593887329,0.37093815207481384,0.7079643607139587,0.3664454221725464,0.670445442199707,0.4640114903450012,0.691634476184845,0.43882203102111816,0.6661907434463501,0.4908634424209595,0.6871558427810669,0.4546480178833008,0.6663792133331299,0.49194127321243286,0.6853767037391663,0.45699387788772583,0.6680141091346741,0.48056089878082275,0.6866860389709473,0.4519001841545105,0.6942598223686218,0.4823673665523529,0.7038497924804688,0.4843250811100006,0.6912201046943665,0.6306055188179016,0.6823693513870239,0.6065734624862671,0.7212209105491638,0.7979602217674255,0.674859881401062,0.7758757472038269,0.7302405834197998,0.8044700026512146,0.6803227066993713,0.8068471550941467,0.7038404941558838,0.8483144044876099,0.6493242979049683,0.7980750799179077,0
0.6556587815284729,0.24713748693466187,0.6555407047271729,0.23384281992912292,0.655998706817627,0.23261582851409912,0.656450629234314,0.23117730021476746,0.6557696461677551,0.23336243629455566,0.6563373804092407,0.23185744881629944,0.6568702459335327,0.23019933700561523,0.6620740294456482,0.22301778197288513,0.661700427532196,0.22402063012123108,0.6595642566680908,0.25379037857055664,0.659703254699707,0.2536240220069885,0.678961455821991,0.2626219391822815,0.683615505695343,0.26844826340675354,0.6825931072235107,0.37812110781669617,0.6952515840530396,0.37178343534469604,0.6699597835540771,0.4718419909477234,0.6862698793411255,0.463798463344574,0.6651861667633057,0.49712687730789185,0.6827409267425537,0.48216140270233154,0.6643307209014893,0.49747318029403687,0.6815950274467468,0.48238229751586914,0.6654617190361023,0.48890143632888794,0.6801948547363281,0.4716202914714813,0.6943844556808472,0.4815501570701599,0.697331428527832,0.48540061712265015,0.6856608390808105,0.6314576268196106,0.6819882988929749,0.6197172999382019,0.7233647704124451,0.7872369289398193,0.6777819991111755,0.7726295590400696,0.7298375368118286,0.8037716746330261,0.6847438812255859,0.8005239963531494,0.7032128572463989,0.8224058747291565,0.6525800228118896,0.7962192296981812,0
0.6516895294189453,0.2606050372123718,0.6514363884925842,0.24407455325126648,0.6520347595214844,0.24235329031944275,0.6525459885597229,0.24057498574256897,0.6517171859741211,0.24466359615325928,0.6524202227592468,0.24342888593673706,0.6530277729034424,0.24209082126617432,0.65907883644104,0.23383265733718872,0.6593778729438782,0.23662585020065308,0.6564822793006897,0.26554930210113525,0.6567981839179993,0.267507940530777,0.6777530312538147,0.2699624300003052,0.6848165392875671,0.2800512909889221,0.6787377595901489,0.38431480526924133,0.690272867679596,0.39534005522727966,0.6655452251434326,0.48065733909606934,0.6809725761413574,0.4815390110015869,0.6619588732719421,0.5023685097694397,0.6790732741355896,0.5073149800300598,0.6615557670593262,0.5028840899467468,0.6740849018096924,0.49166953563690186,0.6629637479782104,0.49696171283721924,0.6778866648674011,0.4868743419647217,0.6907939910888672,0.49577033519744873,0.6929330229759216,0.5009878277778625,0.6778026819229126,0.6353541016578674,0.6756948232650757,0.6220412850379944,0.7091596126556396,0.7872410416603088,0.6841557621955872,0.7748363614082336,0.7181751132011414,0.7991118431091309,0.6923717260360718,0.8005411028862,0.6942761540412903,0.8242543339729309,0.6634339094161987,0.8035929799079895,0
0.6510406136512756,0.2683863043785095,0.6506212949752808,0.2534622550010681,0.6510064005851746,0.25213146209716797,0.6513594388961792,0.250908225774765,0.6514169573783875,0.2541039288043976,0.6521947383880615,0.25326693058013916,0.6530436277389526,0.2523758113384247,0.6587397456169128,0.24603065848350525,0.6602322459220886,0.24780967831611633,0.6557675004005432,0.2731924057006836,0.6564580202102661,0.2756580412387848,0.671661376953125,0.28409436345100403,0.6893470287322998,0.2904457151889801,0.6731170415878296,0.3877280056476593,0.6974039077758789,0.4010043442249298,0.6638016700744629,0.4785958528518677,0.6836541891098022,0.4687352478504181,0.6588596105575562,0.5047000646591187,0.6803836226463318,0.4822195768356323,0.6570889949798584,0.5055029988288879,0.6784605979919434,0.4837114214897156,0.6587911248207092,0.4971995949745178,0.6770787835121155,0.47366076707839966,0.6837637424468994,0.4956406354904175,0.6906474232673645,0.5014505386352539,0.6699824929237366,0.6291566491127014,0.6707067489624023,0.628794252872467,0.7028030753135681,0.7857297658920288,0.6796896457672119,0.7887703776359558,0.712709903717041,0.7868313789367676,0.6872695088386536,0.8123341798782349,0.6893574595451355,0.8135427236557007,0.6618728041648865,0.8343695402145386,0
0.6474533081054688,0.27763664722442627,0.6463132500648499,0.26155248284339905,0.6467825770378113,0.2599612772464752,0.6472148299217224,0.25835466384887695,0.6464983224868774,0.2626778781414032,0.647048830986023,0.2619417607784271,0.64754718542099,0.26118984818458557,0.6527290344238281,0.2524346113204956,0.6528369784355164,0.25737500190734863,0.6518669724464417,0.28276175260543823,0.6523109674453735,0.2863215506076813,0.670460045337677,0.28723686933517456,0.6791130304336548,0.303924024105072,0.6718963980674744,0.39032915234565735,0.6825723052024841,0.4045626223087311,0.6584373712539673,0.4855653643608093,0.6721588373184204,0.4999809265136719,0.6549636721611023,0.5058425664901733,0.6651374697685242,0.5142568945884705,0.6519642472267151,0.509145975112915,0.6638522148132324,0.5119648575782776,0.6549854874610901,0.5041700005531311,0.6647788882255554,0.5007642507553101,0.6843463182449341,0.5038516521453857,0.6861710548400879,0.5121045112609863,0.6670875549316406,0.6309112906455994,0.6657713651657104,0.6403359174728394,0.7011045813560486,0.78401780128479,0.6797415018081665,0.7896028757095337,0.7103978991508484,0.7863585948944092,0.6881935000419617,0.8094497323036194,0.6827936768531799,0.8152775168418884,0.6624996662139893,0.8379518389701843,0
0.644346296787262,0.27777722477912903,0.6437452435493469,0.26293307542800903,0.6443840265274048,0.25794416666030884,0.6447920203208923,0.25635042786598206,0.6434891223907471,0.2661207914352417,0.6438052654266357,0.26637548208236694,0.6440064907073975,0.2666422426700592,0.6520569920539856,0.2541707456111908,0.6502484083175659,0.26549944281578064,0.6498895883560181,0.2811799645423889,0.649761438369751,0.28566107153892517,0.674220621585846,0.2853219211101532,0.6725853085517883,0.30622559785842896,0.671023964881897,0.3809623718261719,0.6736358404159546,0.4120178818702698,0.6578700542449951,0.48998624086380005,0.6611330509185791,0.5126073956489563,0.6531363129615784,0.5147786140441895,0.6575374603271484,0.5378830432891846,0.6531327962875366,0.518593966960907,0.6575814485549927,0.5264471173286438,0.6547197699546814,0.5106512904167175,0.6587186455726624,0.5180268287658691,0.68430095911026,0.4888738691806793,0.6794211864471436,0.503359317779541,0.6611047387123108,0.6197693347930908,0.659127414226532,0.6210054159164429,0.6918769478797913,0.7753098011016846,0.6799434423446655,0.7744132876396179,0.7000008225440979,0.7841513156890869,0.6890068650245667,0.7949281334877014,0.6779537796974182,0.8310097455978394,0.6652330160140991,0.8255535364151001,0
0.6409123539924622,0.29424259066581726,0.639473557472229,0.27985769510269165,0.6397141218185425,0.27616724371910095,0.6399551630020142,0.27453944087028503,0.6401317715644836,0.2819589376449585,0.6407024264335632,0.281640887260437,0.6414244174957275,0.28131556510925293,0.6462220549583435,0.2682124972343445,0.6465790867805481,0.275660902261734,0.6454964876174927,0.29578593373298645,0.6462602615356445,0.2994076907634735,0.6685643792152405,0.2922194302082062,0.6796436905860901,0.31211626529693604,0.6663196086883545,0.395291805267334,0.6766312122344971,0.417976438999176,0.6563595533370972,0.4928424656391144,0.6635385751724243,0.5014556050300598,0.6517184376716614,0.5099101066589355,0.659674346446991,0.5269352793693542,0.6518458724021912,0.5115633010864258,0.6592364311218262,0.52447110414505,0.6532198786735535,0.5087429881095886,0.6605948209762573,0.5148240327835083,0.6755785942077637,0.5097255706787109,0.682588517665863,0.5070778131484985,0.6506941318511963,0.6263293623924255,0.6558046936988831,0.6108300089836121,0.6740872263908386,0.7632990479469299,0.6723896861076355,0.74588543176651,0.6824158430099487,0.7842524647712708,0.6800123453140259,0.7644581198692322,0.6574410796165466,0.8143846988677979,0.6565561294555664,0.7948383688926697,0
0.6437016129493713,0.2914705276489258,0.6419921517372131,0.2790374755859375,0.6426518559455872,0.27821195125579834,0.6433671712875366,0.2773003578186035,0.6414216160774231,0.28616073727607727,0.6419086456298828,0.28623178601264954,0.6424476504325867,0.2863149344921112,0.6489201188087463,0.2772957682609558,0.647843062877655,0.287739634513855,0.6503057479858398,0.29635316133499146,0.6503231525421143,0.3042060434818268,0.6729559898376465,0.3187238276004791,0.6703460216522217,0.32038259506225586,0.665145993232727,0.4359596371650696,0.6643364429473877,0.4193853735923767,0.6514229774475098,0.5072937607765198,0.658661961555481,0.509652853012085,0.6477279663085938,0.5303324460983276,0.6555395722389221,0.532427191734314,0.6482729911804199,0.5246025919914246,0.6544964909553528,0.5234981775283813,0.6500257253646851,0.5181660056114197,0.655870795249939,0.5143455266952515,0.6703194975852966,0.5513966679573059,0.669586718082428,0.5529211163520813,0.6520998477935791,0.6347292065620422,0.6575284004211426,0.6655579805374146,0.6671115159988403,0.766991376876831,0.6644544005393982,0.7565743327140808,0.6698883771896362,0.7793088555335999,0.6655251979827881,0.7767035365104675,0.6557813286781311,0.7909369468688965,0.651314377784729,0.7916252613067627,0
0.6508190631866455,0.27163437008857727,0.6440654993057251,0.2744051516056061,0.6443191170692444,0.2745904326438904,0.6446417570114136,0.2744888365268707,0.6436863541603088,0.2758340835571289,0.6436904668807983,0.27687186002731323,0.6437555551528931,0.27754494547843933,0.647666335105896,0.281476765871048,0.6464583277702332,0.2916144132614136,0.6603488326072693,0.2713126540184021,0.6616159081459045,0.2770520746707916,0.6721702814102173,0.34522712230682373,0.6710361242294312,0.32691696286201477,0.6636877059936523,0.4611852765083313,0.6647422313690186,0.4225364327430725,0.658236026763916,0.517707884311676,0.6646420359611511,0.500286340713501,0.6549521088600159,0.5325577259063721,0.6614943742752075,0.5177912712097168,0.6577137112617493,0.5271106362342834,0.6620062589645386,0.515756368637085,0.6593145728111267,0.5216584205627441,0.6637139916419983,0.5105189085006714,0.664656937122345,0.574658215045929,0.6586077809333801,0.5741630792617798,0.664745032787323,0.758176326751709,0.6622381210327148,0.7743551731109619,0.6611171364784241,0.7335678339004517,0.6519609689712524,0.7378231883049011,0.6599964499473572,0.7221720814704895,0.6516729593276978,0.7217216491699219,0.6561451554298401,0.7538986206054688,0.6460504531860352,0.7674539089202881,0
0.648101270198822,0.278121680021286,0.6391209959983826,0.29391926527023315,0.6395121216773987,0.2935132384300232,0.6398933529853821,0.29294052720069885,0.6399968266487122,0.29605019092559814,0.6403095722198486,0.2968021333217621,0.6407328248023987,0.2972879707813263,0.6449817419052124,0.3029290437698364,0.6457104682922363,0.3081376254558563,0.6536007523536682,0.28514769673347473,0.6561373472213745,0.2888094484806061,0.6674889922142029,0.3631276488304138,0.6687203049659729,0.3467181622982025,0.6647675037384033,0.45515555143356323,0.6737485527992249,0.4246446490287781,0.6632964015007019,0.4990309178829193,0.6706717014312744,0.48848021030426025,0.660508394241333,0.5091102719306946,0.6668373346328735,0.504542350769043,0.6634032726287842,0.5078294277191162,0.666247546672821,0.5080460906028748,0.6645007133483887,0.5030461549758911,0.6683807969093323,0.5027081370353699,0.6551347970962524,0.6017491817474365,0.6518691182136536,0.6080228686332703,0.6666430830955505,0.786378026008606,0.6646603941917419,0.7948188781738281,0.6519907116889954,0.7222685813903809,0.6422280669212341,0.7287390828132629,0.6509594917297363,0.7001603245735168,0.6411181688308716,0.7036486268043518,0.6403636336326599,0.736183762550354,0.6271867752075195,0.7471081018447876,0
0.6411236524581909,0.30182135105133057,0.6370450258255005,0.30090364813804626,0.6374142169952393,0.30071014165878296,0.6377372741699219,0.3004831373691559,0.6367931962013245,0.30304762721061707,0.6367027759552002,0.3041267395019531,0.6366625428199768,0.3050331175327301,0.641282856464386,0.3118917942047119,0.6399378776550293,0.3171940743923187,0.6479005217552185,0.3074076771736145,0.6487652063369751,0.3088461756706238,0.6663209199905396,0.365783154964447,0.6639414429664612,0.3509305715560913,0.663341760635376,0.4745721220970154,0.6701223850250244,0.43484821915626526,0.6588677167892456,0.5266364812850952,0.6683917045593262,0.4939272701740265,0.6558102369308472,0.5406309366226196,0.6651873588562012,0.5090003609657288,0.657450258731842,0.5365858674049377,0.6641398668289185,0.5112065076828003,0.6587583422660828,0.5303544998168945,0.666208028793335,0.5061812400817871,0.6578225493431091,0.5972042679786682,0.6549681425094604,0.598347008228302,0.6697191596031189,0.7856666445732117,0.6628487706184387,0.7927412390708923,0.6630726456642151,0.7046093940734863,0.6524421572685242,0.7119978070259094,0.6617229580879211,0.6801197528839111,0.6524739861488342,0.6819885969161987,0.6535938382148743,0.7134481072425842,0.6390590667724609,0.731874942779541,0
0.6404634118080139,0.31001582741737366,0.636418879032135,0.30960893630981445,0.6368937492370605,0.3094874918460846,0.6374443769454956,0.30918848514556885,0.6347110867500305,0.3168491721153259,0.6346739530563354,0.31799691915512085,0.6346850395202637,0.31910473108291626,0.6399805545806885,0.3191317617893219,0.6391621232032776,0.325396329164505,0.6476534605026245,0.31581607460975647,0.6462172269821167,0.32457372546195984,0.6646661162376404,0.36968231201171875,0.6640001535415649,0.36074239015579224,0.6668611764907837,0.4780525267124176,0.6705106496810913,0.4702814817428589,0.6633198261260986,0.5351108908653259,0.6676956415176392,0.5450143814086914,0.6610867977142334,0.5476915240287781,0.6638979315757751,0.5634008646011353,0.6629725098609924,0.5468490123748779,0.6629821062088013,0.5668590068817139,0.6635382771492004,0.5412573218345642,0.6653933525085449,0.5603029131889343,0.6543906331062317,0.6121124625205994,0.6475542187690735,0.616719663143158,0.6660908460617065,0.7880870699882507,0.6623986959457397,0.7969066500663757,0.6558529138565063,0.7037261128425598,0.6452301144599915,0.7028487324714661,0.655304491519928,0.6754709482192993,0.6446412801742554,0.6688763499259949,0.6438584327697754,0.7088960409164429,0.6303744912147522,0.71894371509552,0
0.6368274092674255,0.33053526282310486,0.6347512602806091,0.3269171714782715,0.6358546614646912,0.3265513479709625,0.6370595693588257,0.3259281814098358,0.6327300071716309,0.3285078704357147,0.6324976682662964,0.3291914761066437,0.6324180364608765,0.3297547996044159,0.6417666077613831,0.32918959856033325,0.6370993852615356,0.33980023860931396,0.645103931427002,0.3354548215866089,0.6428313851356506,0.33773425221443176,0.6652055978775024,0.3753499686717987,0.6635009050369263,0.37657836079597473,0.6683518290519714,0.47941091656684875,0.6670547127723694,0.47474801540374756,0.6625579595565796,0.5462586879730225,0.6612109541893005,0.5489450693130493,0.6601061224937439,0.5632107853889465,0.6570640802383423,0.5680972337722778,0.6612440347671509,0.5635271668434143,0.6560510396957397,0.5711020231246948,0.6621787548065186,0.5568749308586121,0.6584798693656921,0.5642518997192383,0.6634359359741211,0.6195065975189209,0.6551221013069153,0.6101139783859253,0.6535888314247131,0.7960772514343262,0.6566845774650574,0.8051745295524597,0.6618271470069885,0.7285535335540771,0.6514759063720703,0.7271249890327454,0.6659315824508667,0.7056286334991455,0.6537622213363647,0.7009507417678833,0.6554993391036987,0.7397286891937256,0.6436225175857544,0.7418816089630127,0
0.6280504465103149,0.3777231276035309,0.6263523101806641,0.36146706342697144,0.6264994144439697,0.3575577735900879,0.6267837882041931,0.35553476214408875,0.6267191767692566,0.3642891049385071,0.6271499991416931,0.36384549736976624,0.6275787949562073,0.3634032905101776,0.6322997808456421,0.34443122148513794,0.6332261562347412,0.3537765443325043,0.6319852471351624,0.3771003782749176,0.6325521469116211,0.38050445914268494,0.6541196703910828,0.36049526929855347,0.6626683473587036,0.3763797879219055,0.655523419380188,0.45339810848236084,0.6708493232727051,0.48688316345214844,0.6434879899024963,0.538590669631958,0.6650322079658508,0.5946307182312012,0.6407383680343628,0.5601869225502014,0.6617233157157898,0.618542492389679,0.6410921812057495,0.5498206615447998,0.6609980463981628,0.6158308386802673,0.641279935836792,0.5502249002456665,0.6625213027000427,0.6070318222045898,0.6721200942993164,0.556182861328125,0.6771218776702881,0.5590898990631104,0.6302953362464905,0.6385461688041687,0.6411342620849609,0.6373538374900818,0.6581858992576599,0.7932922840118408,0.6596495509147644,0.7739254236221313,0.6661682724952698,0.8001530766487122,0.6682324409484863,0.7773113250732422,0.6326929330825806,0.8213273286819458,0.6386429071426392,0.8060595989227295,0
0.632047176361084,0.3485904037952423,0.6293848156929016,0.3445309102535248,0.6300577521324158,0.3435063064098358,0.6307188868522644,0.34245064854621887,0.6281709671020508,0.34787479043006897,0.6277863383293152,0.3490052819252014,0.6274746060371399,0.34997445344924927,0.6352235674858093,0.3484538793563843,0.6308150291442871,0.35643261671066284,0.6385399699211121,0.35338231921195984,0.6362358331680298,0.3571206331253052,0.6605180501937866,0.3906983733177185,0.6601800918579102,0.3922642469406128,0.6663557291030884,0.48009198904037476,0.6736314296722412,0.49613285064697266,0.6581667065620422,0.5313125848770142,0.6677220463752747,0.5631197690963745,0.6552139520645142,0.5435706377029419,0.6635535955429077,0.5793233513832092,0.6559325456619263,0.5426422357559204,0.6619072556495667,0.582406759262085,0.6568565368652344,0.5375033617019653,0.6645327806472778,0.5768651962280273,0.6544186472892761,0.6311336159706116,0.6468694806098938,0.6181085705757141,0.6603512763977051,0.7827017307281494,0.6536521911621094,0.7887372970581055,0.655483067035675,0.726038932800293,0.6446845531463623,0.7277615070343018,0.6579191088676453,0.7038916349411011,0.6453781723976135,0.7044200301170349,0.6436392664909363,0.7430508732795715,0.6332740783691406,0.752971887588501,0
0.6240810751914978,0.3898037075996399,0.622002363204956,0.37503933906555176,0.6234051585197449,0.3717690706253052,0.6239622235298157,0.36941635608673096,0.6218051314353943,0.37807634472846985,0.6220270395278931,0.378055602312088,0.6221964359283447,0.37800490856170654,0.6289039254188538,0.3612993657588959,0.6273739337921143,0.3705484867095947,0.6290224194526672,0.3908841907978058,0.6287423372268677,0.39678239822387695,0.6532341241836548,0.37630558013916016,0.651968240737915,0.397558331489563,0.6586540341377258,0.4741857647895813,0.654184877872467,0.4978920817375183,0.6511829495429993,0.5474502444267273,0.6536549925804138,0.5899878144264221,0.6500435471534729,0.5668557286262512,0.6512746214866638,0.6116573810577393,0.6479278802871704,0.5620179772377014,0.6452652812004089,0.5924165844917297,0.6489918231964111,0.5563618540763855,0.6518672704696655,0.5990874171257019,0.675818681716919,0.5621134042739868,0.6719202995300293,0.5652763843536377,0.6361678242683411,0.6432530879974365,0.6348753571510315,0.6457891464233398,0.6620943546295166,0.7751004695892334,0.6468672752380371,0.774152934551239,0.6705003976821899,0.7876803874969482,0.6534366607666016,0.7894193530082703,0.6379033327102661,0.8131981492042542,0.6269223093986511,0.8124242424964905,0
0.0,0.0,0.0,0.0,0.0,0.0,0.0,0.0,0.0,0.0,0.0,0.0,0.0,0.0,0.0,0.0,0.0,0.0,0.0,0.0,0.0,0.0,0.0,0.0,0.0,0.0,0.0,0.0,0.0,0.0,0.0,0.0,0.0,0.0,0.0,0.0,0.0,0.0,0.0,0.0,0.0,0.0,0.0,0.0,0.0,0.0,0.0,0.0,0.0,0.0,0.0,0.0,0.0,0.0,0.0,0.0,0.0,0.0,0.0,0.0,0.0,0.0,0.0,0.0,0.0,0.0,0
0.0,0.0,0.0,0.0,0.0,0.0,0.0,0.0,0.0,0.0,0.0,0.0,0.0,0.0,0.0,0.0,0.0,0.0,0.0,0.0,0.0,0.0,0.0,0.0,0.0,0.0,0.0,0.0,0.0,0.0,0.0,0.0,0.0,0.0,0.0,0.0,0.0,0.0,0.0,0.0,0.0,0.0,0.0,0.0,0.0,0.0,0.0,0.0,0.0,0.0,0.0,0.0,0.0,0.0,0.0,0.0,0.0,0.0,0.0,0.0,0.0,0.0,0.0,0.0,0.0,0.0,0
0.0,0.0,0.0,0.0,0.0,0.0,0.0,0.0,0.0,0.0,0.0,0.0,0.0,0.0,0.0,0.0,0.0,0.0,0.0,0.0,0.0,0.0,0.0,0.0,0.0,0.0,0.0,0.0,0.0,0.0,0.0,0.0,0.0,0.0,0.0,0.0,0.0,0.0,0.0,0.0,0.0,0.0,0.0,0.0,0.0,0.0,0.0,0.0,0.0,0.0,0.0,0.0,0.0,0.0,0.0,0.0,0.0,0.0,0.0,0.0,0.0,0.0,0.0,0.0,0.0,0.0,0
0.6204103827476501,0.42717254161834717,0.6187618970870972,0.4161435663700104,0.6188798546791077,0.4152924418449402,0.6188518404960632,0.4136967957019806,0.6193554401397705,0.41505977511405945,0.6194807291030884,0.4128999412059784,0.6196610331535339,0.41136154532432556,0.6221123933792114,0.40513938665390015,0.6232247352600098,0.4027045965194702,0.6230916380882263,0.4304729402065277,0.6238784193992615,0.4300239384174347,0.6361894607543945,0.42284390330314636,0.6555442810058594,0.40921318531036377,0.6350870132446289,0.5283535122871399,0.6839789152145386,0.5000739097595215,0.6265413761138916,0.5903598666191101,0.6845769286155701,0.5677692294120789,0.6225926280021667,0.6040360331535339,0.685991108417511,0.5788460969924927,0.6229658722877502,0.5953629612922668,0.6835522651672363,0.5803484320640564,0.6264284253120422,0.5902729034423828,0.6835799217224121,0.5749914050102234,0.6645051836967468,0.593927800655365,0.678153932094574,0.5878581404685974,0.6174153089523315,0.6539266109466553,0.6527734994888306,0.6543398499488831,0.6440298557281494,0.7829357981681824,0.664972186088562,0.7744235992431641,0.6569945216178894,0.8001013994216919,0.670561671257019,0.7870567440986633,0.6305747032165527,0.8171475529670715,0.6562363505363464,0.8195736408233643,0
0.0,0.0,0.0,0.0,0.0,0.0,0.0,0.0,0.0,0.0,0.0,0.0,0.0,0.0,0.0,0.0,0.0,0.0,0.0,0.0,0.0,0.0,0.0,0.0,0.0,0.0,0.0,0.0,0.0,0.0,0.0,0.0,0.0,0.0,0.0,0.0,0.0,0.0,0.0,0.0,0.0,0.0,0.0,0.0,0.0,0.0,0.0,0.0,0.0,0.0,0.0,0.0,0.0,0.0,0.0,0.0,0.0,0.0,0.0,0.0,0.0,0.0,0.0,0.0,0.0,0.0,0
0.0,0.0,0.0,0.0,0.0,0.0,0.0,0.0,0.0,0.0,0.0,0.0,0.0,0.0,0.0,0.0,0.0,0.0,0.0,0.0,0.0,0.0,0.0,0.0,0.0,0.0,0.0,0.0,0.0,0.0,0.0,0.0,0.0,0.0,0.0,0.0,0.0,0.0,0.0,0.0,0.0,0.0,0.0,0.0,0.0,0.0,0.0,0.0,0.0,0.0,0.0,0.0,0.0,0.0,0.0,0.0,0.0,0.0,0.0,0.0,0.0,0.0,0.0,0.0,0.0,0.0,0
0.0,0.0,0.0,0.0,0.0,0.0,0.0,0.0,0.0,0.0,0.0,0.0,0.0,0.0,0.0,0.0,0.0,0.0,0.0,0.0,0.0,0.0,0.0,0.0,0.0,0.0,0.0,0.0,0.0,0.0,0.0,0.0,0.0,0.0,0.0,0.0,0.0,0.0,0.0,0.0,0.0,0.0,0.0,0.0,0.0,0.0,0.0,0.0,0.0,0.0,0.0,0.0,0.0,0.0,0.0,0.0,0.0,0.0,0.0,0.0,0.0,0.0,0.0,0.0,0.0,0.0,0
0.0,0.0,0.0,0.0,0.0,0.0,0.0,0.0,0.0,0.0,0.0,0.0,0.0,0.0,0.0,0.0,0.0,0.0,0.0,0.0,0.0,0.0,0.0,0.0,0.0,0.0,0.0,0.0,0.0,0.0,0.0,0.0,0.0,0.0,0.0,0.0,0.0,0.0,0.0,0.0,0.0,0.0,0.0,0.0,0.0,0.0,0.0,0.0,0.0,0.0,0.0,0.0,0.0,0.0,0.0,0.0,0.0,0.0,0.0,0.0,0.0,0.0,0.0,0.0,0.0,0.0,0
0.6221380233764648,0.4650183618068695,0.6210172772407532,0.4510360360145569,0.6210088729858398,0.4501643180847168,0.6209366917610168,0.4494425654411316,0.6221243143081665,0.4497694671154022,0.6227143406867981,0.4479553997516632,0.6232847571372986,0.446132093667984,0.6239920258522034,0.4439944922924042,0.6283743977546692,0.43857041001319885,0.6255974173545837,0.4681093692779541,0.626568078994751,0.467409610748291,0.6317826509475708,0.47413739562034607,0.6623525619506836,0.45861878991127014,0.627171516418457,0.5673225522041321,0.6813173294067383,0.5544342994689941,0.6150496602058411,0.6175609827041626,0.6750718355178833,0.6019225120544434,0.6105291843414307,0.6172465682029724,0.6733933687210083,0.6102064251899719,0.6098276972770691,0.6197367906570435,0.6713223457336426,0.611900269985199,0.6144153475761414,0.6157034039497375,0.6721226572990417,0.6100446581840515,0.6560162901878357,0.6508076786994934,0.6725248694419861,0.6466351747512817,0.6065332293510437,0.6786073446273804,0.6392403244972229,0.6727982759475708,0.6402900218963623,0.7752447128295898,0.6579669117927551,0.7676827311515808,0.6542444229125977,0.7905864715576172,0.6633179783821106,0.7760365009307861,0.6311370730400085,0.8151019215583801,0.651864230632782,0.8044848442077637,0
0.622791588306427,0.47012996673583984,0.6214956045150757,0.4580153524875641,0.6208637952804565,0.4576009511947632,0.6207429766654968,0.45688775181770325,0.6226367950439453,0.45676565170288086,0.6236706376075745,0.4547169506549835,0.624480664730072,0.45261502265930176,0.6240487098693848,0.4540124237537384,0.6294801831245422,0.446158230304718,0.6255614161491394,0.4735640287399292,0.627241313457489,0.47229549288749695,0.6295069456100464,0.4868016242980957,0.6655014753341675,0.46910494565963745,0.6234630346298218,0.5745978355407715,0.6834725141525269,0.5512735843658447,0.6098619699478149,0.6333763599395752,0.6814817786216736,0.6087474822998047,0.6060948371887207,0.6331206560134888,0.6801246404647827,0.6200535297393799,0.6077008247375488,0.6285068392753601,0.6770108342170715,0.6248126029968262,0.6104239225387573,0.6248776912689209,0.6776469945907593,0.6222306489944458,0.6543518900871277,0.6597456336021423,0.6738636493682861,0.6560799479484558,0.6050814986228943,0.6775274276733398,0.6436388492584229,0.6668687462806702,0.6367964148521423,0.7799691557884216,0.6575100421905518,0.7666226029396057,0.6461037993431091,0.8005771040916443,0.6620351076126099,0.7762094736099243,0.6255982518196106,0.8190865516662598,0.6508781313896179,0.8026096820831299,0
0.0,0.0,0.0,0.0,0.0,0.0,0.0,0.0,0.0,0.0,0.0,0.0,0.0,0.0,0.0,0.0,0.0,0.0,0.0,0.0,0.0,0.0,0.0,0.0,0.0,0.0,0.0,0.0,0.0,0.0,0.0,0.0,0.0,0.0,0.0,0.0,0.0,0.0,0.0,0.0,0.0,0.0,0.0,0.0,0.0,0.0,0.0,0.0,0.0,0.0,0.0,0.0,0.0,0.0,0.0,0.0,0.0,0.0,0.0,0.0,0.0,0.0,0.0,0.0,0.0,0.0,0
0.0,0.0,0.0,0.0,0.0,0.0,0.0,0.0,0.0,0.0,0.0,0.0,0.0,0.0,0.0,0.0,0.0,0.0,0.0,0.0,0.0,0.0,0.0,0.0,0.0,0.0,0.0,0.0,0.0,0.0,0.0,0.0,0.0,0.0,0.0,0.0,0.0,0.0,0.0,0.0,0.0,0.0,0.0,0.0,0.0,0.0,0.0,0.0,0.0,0.0,0.0,0.0,0.0,0.0,0.0,0.0,0.0,0.0,0.0,0.0,0.0,0.0,0.0,0.0,0.0,0.0,0
0.0,0.0,0.0,0.0,0.0,0.0,0.0,0.0,0.0,0.0,0.0,0.0,0.0,0.0,0.0,0.0,0.0,0.0,0.0,0.0,0.0,0.0,0.0,0.0,0.0,0.0,0.0,0.0,0.0,0.0,0.0,0.0,0.0,0.0,0.0,0.0,0.0,0.0,0.0,0.0,0.0,0.0,0.0,0.0,0.0,0.0,0.0,0.0,0.0,0.0,0.0,0.0,0.0,0.0,0.0,0.0,0.0,0.0,0.0,0.0,0.0,0.0,0.0,0.0,0.0,0.0,0
0.0,0.0,0.0,0.0,0.0,0.0,0.0,0.0,0.0,0.0,0.0,0.0,0.0,0.0,0.0,0.0,0.0,0.0,0.0,0.0,0.0,0.0,0.0,0.0,0.0,0.0,0.0,0.0,0.0,0.0,0.0,0.0,0.0,0.0,0.0,0.0,0.0,0.0,0.0,0.0,0.0,0.0,0.0,0.0,0.0,0.0,0.0,0.0,0.0,0.0,0.0,0.0,0.0,0.0,0.0,0.0,0.0,0.0,0.0,0.0,0.0,0.0,0.0,0.0,0.0,0.0,0
0.0,0.0,0.0,0.0,0.0,0.0,0.0,0.0,0.0,0.0,0.0,0.0,0.0,0.0,0.0,0.0,0.0,0.0,0.0,0.0,0.0,0.0,0.0,0.0,0.0,0.0,0.0,0.0,0.0,0.0,0.0,0.0,0.0,0.0,0.0,0.0,0.0,0.0,0.0,0.0,0.0,0.0,0.0,0.0,0.0,0.0,0.0,0.0,0.0,0.0,0.0,0.0,0.0,0.0,0.0,0.0,0.0,0.0,0.0,0.0,0.0,0.0,0.0,0.0,0.0,0.0,0
0.0,0.0,0.0,0.0,0.0,0.0,0.0,0.0,0.0,0.0,0.0,0.0,0.0,0.0,0.0,0.0,0.0,0.0,0.0,0.0,0.0,0.0,0.0,0.0,0.0,0.0,0.0,0.0,0.0,0.0,0.0,0.0,0.0,0.0,0.0,0.0,0.0,0.0,0.0,0.0,0.0,0.0,0.0,0.0,0.0,0.0,0.0,0.0,0.0,0.0,0.0,0.0,0.0,0.0,0.0,0.0,0.0,0.0,0.0,0.0,0.0,0.0,0.0,0.0,0.0,0.0,0
0.0,0.0,0.0,0.0,0.0,0.0,0.0,0.0,0.0,0.0,0.0,0.0,0.0,0.0,0.0,0.0,0.0,0.0,0.0,0.0,0.0,0.0,0.0,0.0,0.0,0.0,0.0,0.0,0.0,0.0,0.0,0.0,0.0,0.0,0.0,0.0,0.0,0.0,0.0,0.0,0.0,0.0,0.0,0.0,0.0,0.0,0.0,0.0,0.0,0.0,0.0,0.0,0.0,0.0,0.0,0.0,0.0,0.0,0.0,0.0,0.0,0.0,0.0,0.0,0.0,0.0,0
0.0,0.0,0.0,0.0,0.0,0.0,0.0,0.0,0.0,0.0,0.0,0.0,0.0,0.0,0.0,0.0,0.0,0.0,0.0,0.0,0.0,0.0,0.0,0.0,0.0,0.0,0.0,0.0,0.0,0.0,0.0,0.0,0.0,0.0,0.0,0.0,0.0,0.0,0.0,0.0,0.0,0.0,0.0,0.0,0.0,0.0,0.0,0.0,0.0,0.0,0.0,0.0,0.0,0.0,0.0,0.0,0.0,0.0,0.0,0.0,0.0,0.0,0.0,0.0,0.0,0.0,0
0.0,0.0,0.0,0.0,0.0,0.0,0.0,0.0,0.0,0.0,0.0,0.0,0.0,0.0,0.0,0.0,0.0,0.0,0.0,0.0,0.0,0.0,0.0,0.0,0.0,0.0,0.0,0.0,0.0,0.0,0.0,0.0,0.0,0.0,0.0,0.0,0.0,0.0,0.0,0.0,0.0,0.0,0.0,0.0,0.0,0.0,0.0,0.0,0.0,0.0,0.0,0.0,0.0,0.0,0.0,0.0,0.0,0.0,0.0,0.0,0.0,0.0,0.0,0.0,0.0,0.0,0
0.0,0.0,0.0,0.0,0.0,0.0,0.0,0.0,0.0,0.0,0.0,0.0,0.0,0.0,0.0,0.0,0.0,0.0,0.0,0.0,0.0,0.0,0.0,0.0,0.0,0.0,0.0,0.0,0.0,0.0,0.0,0.0,0.0,0.0,0.0,0.0,0.0,0.0,0.0,0.0,0.0,0.0,0.0,0.0,0.0,0.0,0.0,0.0,0.0,0.0,0.0,0.0,0.0,0.0,0.0,0.0,0.0,0.0,0.0,0.0,0.0,0.0,0.0,0.0,0.0,0.0,0
0.0,0.0,0.0,0.0,0.0,0.0,0.0,0.0,0.0,0.0,0.0,0.0,0.0,0.0,0.0,0.0,0.0,0.0,0.0,0.0,0.0,0.0,0.0,0.0,0.0,0.0,0.0,0.0,0.0,0.0,0.0,0.0,0.0,0.0,0.0,0.0,0.0,0.0,0.0,0.0,0.0,0.0,0.0,0.0,0.0,0.0,0.0,0.0,0.0,0.0,0.0,0.0,0.0,0.0,0.0,0.0,0.0,0.0,0.0,0.0,0.0,0.0,0.0,0.0,0.0,0.0,0
0.0,0.0,0.0,0.0,0.0,0.0,0.0,0.0,0.0,0.0,0.0,0.0,0.0,0.0,0.0,0.0,0.0,0.0,0.0,0.0,0.0,0.0,0.0,0.0,0.0,0.0,0.0,0.0,0.0,0.0,0.0,0.0,0.0,0.0,0.0,0.0,0.0,0.0,0.0,0.0,0.0,0.0,0.0,0.0,0.0,0.0,0.0,0.0,0.0,0.0,0.0,0.0,0.0,0.0,0.0,0.0,0.0,0.0,0.0,0.0,0.0,0.0,0.0,0.0,0.0,0.0,0
0.0,0.0,0.0,0.0,0.0,0.0,0.0,0.0,0.0,0.0,0.0,0.0,0.0,0.0,0.0,0.0,0.0,0.0,0.0,0.0,0.0,0.0,0.0,0.0,0.0,0.0,0.0,0.0,0.0,0.0,0.0,0.0,0.0,0.0,0.0,0.0,0.0,0.0,0.0,0.0,0.0,0.0,0.0,0.0,0.0,0.0,0.0,0.0,0.0,0.0,0.0,0.0,0.0,0.0,0.0,0.0,0.0,0.0,0.0,0.0,0.0,0.0,0.0,0.0,0.0,0.0,0
0.0,0.0,0.0,0.0,0.0,0.0,0.0,0.0,0.0,0.0,0.0,0.0,0.0,0.0,0.0,0.0,0.0,0.0,0.0,0.0,0.0,0.0,0.0,0.0,0.0,0.0,0.0,0.0,0.0,0.0,0.0,0.0,0.0,0.0,0.0,0.0,0.0,0.0,0.0,0.0,0.0,0.0,0.0,0.0,0.0,0.0,0.0,0.0,0.0,0.0,0.0,0.0,0.0,0.0,0.0,0.0,0.0,0.0,0.0,0.0,0.0,0.0,0.0,0.0,0.0,0.0,0
0.0,0.0,0.0,0.0,0.0,0.0,0.0,0.0,0.0,0.0,0.0,0.0,0.0,0.0,0.0,0.0,0.0,0.0,0.0,0.0,0.0,0.0,0.0,0.0,0.0,0.0,0.0,0.0,0.0,0.0,0.0,0.0,0.0,0.0,0.0,0.0,0.0,0.0,0.0,0.0,0.0,0.0,0.0,0.0,0.0,0.0,0.0,0.0,0.0,0.0,0.0,0.0,0.0,0.0,0.0,0.0,0.0,0.0,0.0,0.0,0.0,0.0,0.0,0.0,0.0,0.0,0
0.0,0.0,0.0,0.0,0.0,0.0,0.0,0.0,0.0,0.0,0.0,0.0,0.0,0.0,0.0,0.0,0.0,0.0,0.0,0.0,0.0,0.0,0.0,0.0,0.0,0.0,0.0,0.0,0.0,0.0,0.0,0.0,0.0,0.0,0.0,0.0,0.0,0.0,0.0,0.0,0.0,0.0,0.0,0.0,0.0,0.0,0.0,0.0,0.0,0.0,0.0,0.0,0.0,0.0,0.0,0.0,0.0,0.0,0.0,0.0,0.0,0.0,0.0,0.0,0.0,0.0,0
0.0,0.0,0.0,0.0,0.0,0.0,0.0,0.0,0.0,0.0,0.0,0.0,0.0,0.0,0.0,0.0,0.0,0.0,0.0,0.0,0.0,0.0,0.0,0.0,0.0,0.0,0.0,0.0,0.0,0.0,0.0,0.0,0.0,0.0,0.0,0.0,0.0,0.0,0.0,0.0,0.0,0.0,0.0,0.0,0.0,0.0,0.0,0.0,0.0,0.0,0.0,0.0,0.0,0.0,0.0,0.0,0.0,0.0,0.0,0.0,0.0,0.0,0.0,0.0,0.0,0.0,0
0.0,0.0,0.0,0.0,0.0,0.0,0.0,0.0,0.0,0.0,0.0,0.0,0.0,0.0,0.0,0.0,0.0,0.0,0.0,0.0,0.0,0.0,0.0,0.0,0.0,0.0,0.0,0.0,0.0,0.0,0.0,0.0,0.0,0.0,0.0,0.0,0.0,0.0,0.0,0.0,0.0,0.0,0.0,0.0,0.0,0.0,0.0,0.0,0.0,0.0,0.0,0.0,0.0,0.0,0.0,0.0,0.0,0.0,0.0,0.0,0.0,0.0,0.0,0.0,0.0,0.0,0
0.0,0.0,0.0,0.0,0.0,0.0,0.0,0.0,0.0,0.0,0.0,0.0,0.0,0.0,0.0,0.0,0.0,0.0,0.0,0.0,0.0,0.0,0.0,0.0,0.0,0.0,0.0,0.0,0.0,0.0,0.0,0.0,0.0,0.0,0.0,0.0,0.0,0.0,0.0,0.0,0.0,0.0,0.0,0.0,0.0,0.0,0.0,0.0,0.0,0.0,0.0,0.0,0.0,0.0,0.0,0.0,0.0,0.0,0.0,0.0,0.0,0.0,0.0,0.0,0.0,0.0,0
0.0,0.0,0.0,0.0,0.0,0.0,0.0,0.0,0.0,0.0,0.0,0.0,0.0,0.0,0.0,0.0,0.0,0.0,0.0,0.0,0.0,0.0,0.0,0.0,0.0,0.0,0.0,0.0,0.0,0.0,0.0,0.0,0.0,0.0,0.0,0.0,0.0,0.0,0.0,0.0,0.0,0.0,0.0,0.0,0.0,0.0,0.0,0.0,0.0,0.0,0.0,0.0,0.0,0.0,0.0,0.0,0.0,0.0,0.0,0.0,0.0,0.0,0.0,0.0,0.0,0.0,0
0.0,0.0,0.0,0.0,0.0,0.0,0.0,0.0,0.0,0.0,0.0,0.0,0.0,0.0,0.0,0.0,0.0,0.0,0.0,0.0,0.0,0.0,0.0,0.0,0.0,0.0,0.0,0.0,0.0,0.0,0.0,0.0,0.0,0.0,0.0,0.0,0.0,0.0,0.0,0.0,0.0,0.0,0.0,0.0,0.0,0.0,0.0,0.0,0.0,0.0,0.0,0.0,0.0,0.0,0.0,0.0,0.0,0.0,0.0,0.0,0.0,0.0,0.0,0.0,0.0,0.0,0
0.0,0.0,0.0,0.0,0.0,0.0,0.0,0.0,0.0,0.0,0.0,0.0,0.0,0.0,0.0,0.0,0.0,0.0,0.0,0.0,0.0,0.0,0.0,0.0,0.0,0.0,0.0,0.0,0.0,0.0,0.0,0.0,0.0,0.0,0.0,0.0,0.0,0.0,0.0,0.0,0.0,0.0,0.0,0.0,0.0,0.0,0.0,0.0,0.0,0.0,0.0,0.0,0.0,0.0,0.0,0.0,0.0,0.0,0.0,0.0,0.0,0.0,0.0,0.0,0.0,0.0,0
0.0,0.0,0.0,0.0,0.0,0.0,0.0,0.0,0.0,0.0,0.0,0.0,0.0,0.0,0.0,0.0,0.0,0.0,0.0,0.0,0.0,0.0,0.0,0.0,0.0,0.0,0.0,0.0,0.0,0.0,0.0,0.0,0.0,0.0,0.0,0.0,0.0,0.0,0.0,0.0,0.0,0.0,0.0,0.0,0.0,0.0,0.0,0.0,0.0,0.0,0.0,0.0,0.0,0.0,0.0,0.0,0.0,0.0,0.0,0.0,0.0,0.0,0.0,0.0,0.0,0.0,0
0.0,0.0,0.0,0.0,0.0,0.0,0.0,0.0,0.0,0.0,0.0,0.0,0.0,0.0,0.0,0.0,0.0,0.0,0.0,0.0,0.0,0.0,0.0,0.0,0.0,0.0,0.0,0.0,0.0,0.0,0.0,0.0,0.0,0.0,0.0,0.0,0.0,0.0,0.0,0.0,0.0,0.0,0.0,0.0,0.0,0.0,0.0,0.0,0.0,0.0,0.0,0.0,0.0,0.0,0.0,0.0,0.0,0.0,0.0,0.0,0.0,0.0,0.0,0.0,0.0,0.0,0
0.0,0.0,0.0,0.0,0.0,0.0,0.0,0.0,0.0,0.0,0.0,0.0,0.0,0.0,0.0,0.0,0.0,0.0,0.0,0.0,0.0,0.0,0.0,0.0,0.0,0.0,0.0,0.0,0.0,0.0,0.0,0.0,0.0,0.0,0.0,0.0,0.0,0.0,0.0,0.0,0.0,0.0,0.0,0.0,0.0,0.0,0.0,0.0,0.0,0.0,0.0,0.0,0.0,0.0,0.0,0.0,0.0,0.0,0.0,0.0,0.0,0.0,0.0,0.0,0.0,0.0,0
0.0,0.0,0.0,0.0,0.0,0.0,0.0,0.0,0.0,0.0,0.0,0.0,0.0,0.0,0.0,0.0,0.0,0.0,0.0,0.0,0.0,0.0,0.0,0.0,0.0,0.0,0.0,0.0,0.0,0.0,0.0,0.0,0.0,0.0,0.0,0.0,0.0,0.0,0.0,0.0,0.0,0.0,0.0,0.0,0.0,0.0,0.0,0.0,0.0,0.0,0.0,0.0,0.0,0.0,0.0,0.0,0.0,0.0,0.0,0.0,0.0,0.0,0.0,0.0,0.0,0.0,0
0.0,0.0,0.0,0.0,0.0,0.0,0.0,0.0,0.0,0.0,0.0,0.0,0.0,0.0,0.0,0.0,0.0,0.0,0.0,0.0,0.0,0.0,0.0,0.0,0.0,0.0,0.0,0.0,0.0,0.0,0.0,0.0,0.0,0.0,0.0,0.0,0.0,0.0,0.0,0.0,0.0,0.0,0.0,0.0,0.0,0.0,0.0,0.0,0.0,0.0,0.0,0.0,0.0,0.0,0.0,0.0,0.0,0.0,0.0,0.0,0.0,0.0,0.0,0.0,0.0,0.0,0
0.0,0.0,0.0,0.0,0.0,0.0,0.0,0.0,0.0,0.0,0.0,0.0,0.0,0.0,0.0,0.0,0.0,0.0,0.0,0.0,0.0,0.0,0.0,0.0,0.0,0.0,0.0,0.0,0.0,0.0,0.0,0.0,0.0,0.0,0.0,0.0,0.0,0.0,0.0,0.0,0.0,0.0,0.0,0.0,0.0,0.0,0.0,0.0,0.0,0.0,0.0,0.0,0.0,0.0,0.0,0.0,0.0,0.0,0.0,0.0,0.0,0.0,0.0,0.0,0.0,0.0,0
0.0,0.0,0.0,0.0,0.0,0.0,0.0,0.0,0.0,0.0,0.0,0.0,0.0,0.0,0.0,0.0,0.0,0.0,0.0,0.0,0.0,0.0,0.0,0.0,0.0,0.0,0.0,0.0,0.0,0.0,0.0,0.0,0.0,0.0,0.0,0.0,0.0,0.0,0.0,0.0,0.0,0.0,0.0,0.0,0.0,0.0,0.0,0.0,0.0,0.0,0.0,0.0,0.0,0.0,0.0,0.0,0.0,0.0,0.0,0.0,0.0,0.0,0.0,0.0,0.0,0.0,0
0.0,0.0,0.0,0.0,0.0,0.0,0.0,0.0,0.0,0.0,0.0,0.0,0.0,0.0,0.0,0.0,0.0,0.0,0.0,0.0,0.0,0.0,0.0,0.0,0.0,0.0,0.0,0.0,0.0,0.0,0.0,0.0,0.0,0.0,0.0,0.0,0.0,0.0,0.0,0.0,0.0,0.0,0.0,0.0,0.0,0.0,0.0,0.0,0.0,0.0,0.0,0.0,0.0,0.0,0.0,0.0,0.0,0.0,0.0,0.0,0.0,0.0,0.0,0.0,0.0,0.0,0
0.0,0.0,0.0,0.0,0.0,0.0,0.0,0.0,0.0,0.0,0.0,0.0,0.0,0.0,0.0,0.0,0.0,0.0,0.0,0.0,0.0,0.0,0.0,0.0,0.0,0.0,0.0,0.0,0.0,0.0,0.0,0.0,0.0,0.0,0.0,0.0,0.0,0.0,0.0,0.0,0.0,0.0,0.0,0.0,0.0,0.0,0.0,0.0,0.0,0.0,0.0,0.0,0.0,0.0,0.0,0.0,0.0,0.0,0.0,0.0,0.0,0.0,0.0,0.0,0.0,0.0,0
0.0,0.0,0.0,0.0,0.0,0.0,0.0,0.0,0.0,0.0,0.0,0.0,0.0,0.0,0.0,0.0,0.0,0.0,0.0,0.0,0.0,0.0,0.0,0.0,0.0,0.0,0.0,0.0,0.0,0.0,0.0,0.0,0.0,0.0,0.0,0.0,0.0,0.0,0.0,0.0,0.0,0.0,0.0,0.0,0.0,0.0,0.0,0.0,0.0,0.0,0.0,0.0,0.0,0.0,0.0,0.0,0.0,0.0,0.0,0.0,0.0,0.0,0.0,0.0,0.0,0.0,0
0.0,0.0,0.0,0.0,0.0,0.0,0.0,0.0,0.0,0.0,0.0,0.0,0.0,0.0,0.0,0.0,0.0,0.0,0.0,0.0,0.0,0.0,0.0,0.0,0.0,0.0,0.0,0.0,0.0,0.0,0.0,0.0,0.0,0.0,0.0,0.0,0.0,0.0,0.0,0.0,0.0,0.0,0.0,0.0,0.0,0.0,0.0,0.0,0.0,0.0,0.0,0.0,0.0,0.0,0.0,0.0,0.0,0.0,0.0,0.0,0.0,0.0,0.0,0.0,0.0,0.0,0
0.0,0.0,0.0,0.0,0.0,0.0,0.0,0.0,0.0,0.0,0.0,0.0,0.0,0.0,0.0,0.0,0.0,0.0,0.0,0.0,0.0,0.0,0.0,0.0,0.0,0.0,0.0,0.0,0.0,0.0,0.0,0.0,0.0,0.0,0.0,0.0,0.0,0.0,0.0,0.0,0.0,0.0,0.0,0.0,0.0,0.0,0.0,0.0,0.0,0.0,0.0,0.0,0.0,0.0,0.0,0.0,0.0,0.0,0.0,0.0,0.0,0.0,0.0,0.0,0.0,0.0,0
0.6341617703437805,0.7777930498123169,0.636034369468689,0.7830952405929565,0.6360604763031006,0.7836114168167114,0.6360815167427063,0.7841649055480957,0.6364143490791321,0.7811687588691711,0.6366226077079773,0.780350923538208,0.6368599534034729,0.7795364260673523,0.6367894411087036,0.782498836517334,0.6381832957267761,0.7761422395706177,0.6332233548164368,0.7735967040061951,0.6337335705757141,0.7713354825973511,0.6329560875892639,0.7615087628364563,0.6327655911445618,0.747427225112915,0.615676760673523,0.7415962815284729,0.6174713373184204,0.7127912640571594,0.5974949598312378,0.7288698554039001,0.6020970344543457,0.682986319065094,0.5941677093505859,0.7326332926750183,0.5997334718704224,0.6788263916969299,0.5922605395317078,0.7290298938751221,0.5987461805343628,0.6829088926315308,0.5941681861877441,0.7283353209495544,0.5995367765426636,0.6844306588172913,0.6332608461380005,0.7052096128463745,0.6322251558303833,0.6949829459190369,0.6213350296020508,0.7016235589981079,0.6159624457359314,0.6676952838897705,0.6169502139091492,0.6939897537231445,0.6061716675758362,0.665631890296936,0.6165130138397217,0.6879873871803284,0.6056514978408813,0.6623021364212036,0.6131530404090881,0.7058122158050537,0.6012371182441711,0.6751208305358887,0
0.0,0.0,0.0,0.0,0.0,0.0,0.0,0.0,0.0,0.0,0.0,0.0,0.0,0.0,0.0,0.0,0.0,0.0,0.0,0.0,0.0,0.0,0.0,0.0,0.0,0.0,0.0,0.0,0.0,0.0,0.0,0.0,0.0,0.0,0.0,0.0,0.0,0.0,0.0,0.0,0.0,0.0,0.0,0.0,0.0,0.0,0.0,0.0,0.0,0.0,0.0,0.0,0.0,0.0,0.0,0.0,0.0,0.0,0.0,0.0,0.0,0.0,0.0,0.0,0.0,0.0,0
0.0,0.0,0.0,0.0,0.0,0.0,0.0,0.0,0.0,0.0,0.0,0.0,0.0,0.0,0.0,0.0,0.0,0.0,0.0,0.0,0.0,0.0,0.0,0.0,0.0,0.0,0.0,0.0,0.0,0.0,0.0,0.0,0.0,0.0,0.0,0.0,0.0,0.0,0.0,0.0,0.0,0.0,0.0,0.0,0.0,0.0,0.0,0.0,0.0,0.0,0.0,0.0,0.0,0.0,0.0,0.0,0.0,0.0,0.0,0.0,0.0,0.0,0.0,0.0,0.0,0.0,0
0.0,0.0,0.0,0.0,0.0,0.0,0.0,0.0,0.0,0.0,0.0,0.0,0.0,0.0,0.0,0.0,0.0,0.0,0.0,0.0,0.0,0.0,0.0,0.0,0.0,0.0,0.0,0.0,0.0,0.0,0.0,0.0,0.0,0.0,0.0,0.0,0.0,0.0,0.0,0.0,0.0,0.0,0.0,0.0,0.0,0.0,0.0,0.0,0.0,0.0,0.0,0.0,0.0,0.0,0.0,0.0,0.0,0.0,0.0,0.0,0.0,0.0,0.0,0.0,0.0,0.0,0
0.0,0.0,0.0,0.0,0.0,0.0,0.0,0.0,0.0,0.0,0.0,0.0,0.0,0.0,0.0,0.0,0.0,0.0,0.0,0.0,0.0,0.0,0.0,0.0,0.0,0.0,0.0,0.0,0.0,0.0,0.0,0.0,0.0,0.0,0.0,0.0,0.0,0.0,0.0,0.0,0.0,0.0,0.0,0.0,0.0,0.0,0.0,0.0,0.0,0.0,0.0,0.0,0.0,0.0,0.0,0.0,0.0,0.0,0.0,0.0,0.0,0.0,0.0,0.0,0.0,0.0,0
0.0,0.0,0.0,0.0,0.0,0.0,0.0,0.0,0.0,0.0,0.0,0.0,0.0,0.0,0.0,0.0,0.0,0.0,0.0,0.0,0.0,0.0,0.0,0.0,0.0,0.0,0.0,0.0,0.0,0.0,0.0,0.0,0.0,0.0,0.0,0.0,0.0,0.0,0.0,0.0,0.0,0.0,0.0,0.0,0.0,0.0,0.0,0.0,0.0,0.0,0.0,0.0,0.0,0.0,0.0,0.0,0.0,0.0,0.0,0.0,0.0,0.0,0.0,0.0,0.0,0.0,0
0.0,0.0,0.0,0.0,0.0,0.0,0.0,0.0,0.0,0.0,0.0,0.0,0.0,0.0,0.0,0.0,0.0,0.0,0.0,0.0,0.0,0.0,0.0,0.0,0.0,0.0,0.0,0.0,0.0,0.0,0.0,0.0,0.0,0.0,0.0,0.0,0.0,0.0,0.0,0.0,0.0,0.0,0.0,0.0,0.0,0.0,0.0,0.0,0.0,0.0,0.0,0.0,0.0,0.0,0.0,0.0,0.0,0.0,0.0,0.0,0.0,0.0,0.0,0.0,0.0,0.0,0
0.0,0.0,0.0,0.0,0.0,0.0,0.0,0.0,0.0,0.0,0.0,0.0,0.0,0.0,0.0,0.0,0.0,0.0,0.0,0.0,0.0,0.0,0.0,0.0,0.0,0.0,0.0,0.0,0.0,0.0,0.0,0.0,0.0,0.0,0.0,0.0,0.0,0.0,0.0,0.0,0.0,0.0,0.0,0.0,0.0,0.0,0.0,0.0,0.0,0.0,0.0,0.0,0.0,0.0,0.0,0.0,0.0,0.0,0.0,0.0,0.0,0.0,0.0,0.0,0.0,0.0,0
0.0,0.0,0.0,0.0,0.0,0.0,0.0,0.0,0.0,0.0,0.0,0.0,0.0,0.0,0.0,0.0,0.0,0.0,0.0,0.0,0.0,0.0,0.0,0.0,0.0,0.0,0.0,0.0,0.0,0.0,0.0,0.0,0.0,0.0,0.0,0.0,0.0,0.0,0.0,0.0,0.0,0.0,0.0,0.0,0.0,0.0,0.0,0.0,0.0,0.0,0.0,0.0,0.0,0.0,0.0,0.0,0.0,0.0,0.0,0.0,0.0,0.0,0.0,0.0,0.0,0.0,0
0.0,0.0,0.0,0.0,0.0,0.0,0.0,0.0,0.0,0.0,0.0,0.0,0.0,0.0,0.0,0.0,0.0,0.0,0.0,0.0,0.0,0.0,0.0,0.0,0.0,0.0,0.0,0.0,0.0,0.0,0.0,0.0,0.0,0.0,0.0,0.0,0.0,0.0,0.0,0.0,0.0,0.0,0.0,0.0,0.0,0.0,0.0,0.0,0.0,0.0,0.0,0.0,0.0,0.0,0.0,0.0,0.0,0.0,0.0,0.0,0.0,0.0,0.0,0.0,0.0,0.0,0
0.0,0.0,0.0,0.0,0.0,0.0,0.0,0.0,0.0,0.0,0.0,0.0,0.0,0.0,0.0,0.0,0.0,0.0,0.0,0.0,0.0,0.0,0.0,0.0,0.0,0.0,0.0,0.0,0.0,0.0,0.0,0.0,0.0,0.0,0.0,0.0,0.0,0.0,0.0,0.0,0.0,0.0,0.0,0.0,0.0,0.0,0.0,0.0,0.0,0.0,0.0,0.0,0.0,0.0,0.0,0.0,0.0,0.0,0.0,0.0,0.0,0.0,0.0,0.0,0.0,0.0,0
0.0,0.0,0.0,0.0,0.0,0.0,0.0,0.0,0.0,0.0,0.0,0.0,0.0,0.0,0.0,0.0,0.0,0.0,0.0,0.0,0.0,0.0,0.0,0.0,0.0,0.0,0.0,0.0,0.0,0.0,0.0,0.0,0.0,0.0,0.0,0.0,0.0,0.0,0.0,0.0,0.0,0.0,0.0,0.0,0.0,0.0,0.0,0.0,0.0,0.0,0.0,0.0,0.0,0.0,0.0,0.0,0.0,0.0,0.0,0.0,0.0,0.0,0.0,0.0,0.0,0.0,0
0.0,0.0,0.0,0.0,0.0,0.0,0.0,0.0,0.0,0.0,0.0,0.0,0.0,0.0,0.0,0.0,0.0,0.0,0.0,0.0,0.0,0.0,0.0,0.0,0.0,0.0,0.0,0.0,0.0,0.0,0.0,0.0,0.0,0.0,0.0,0.0,0.0,0.0,0.0,0.0,0.0,0.0,0.0,0.0,0.0,0.0,0.0,0.0,0.0,0.0,0.0,0.0,0.0,0.0,0.0,0.0,0.0,0.0,0.0,0.0,0.0,0.0,0.0,0.0,0.0,0.0,0
0.0,0.0,0.0,0.0,0.0,0.0,0.0,0.0,0.0,0.0,0.0,0.0,0.0,0.0,0.0,0.0,0.0,0.0,0.0,0.0,0.0,0.0,0.0,0.0,0.0,0.0,0.0,0.0,0.0,0.0,0.0,0.0,0.0,0.0,0.0,0.0,0.0,0.0,0.0,0.0,0.0,0.0,0.0,0.0,0.0,0.0,0.0,0.0,0.0,0.0,0.0,0.0,0.0,0.0,0.0,0.0,0.0,0.0,0.0,0.0,0.0,0.0,0.0,0.0,0.0,0.0,0
0.0,0.0,0.0,0.0,0.0,0.0,0.0,0.0,0.0,0.0,0.0,0.0,0.0,0.0,0.0,0.0,0.0,0.0,0.0,0.0,0.0,0.0,0.0,0.0,0.0,0.0,0.0,0.0,0.0,0.0,0.0,0.0,0.0,0.0,0.0,0.0,0.0,0.0,0.0,0.0,0.0,0.0,0.0,0.0,0.0,0.0,0.0,0.0,0.0,0.0,0.0,0.0,0.0,0.0,0.0,0.0,0.0,0.0,0.0,0.0,0.0,0.0,0.0,0.0,0.0,0.0,0
0.0,0.0,0.0,0.0,0.0,0.0,0.0,0.0,0.0,0.0,0.0,0.0,0.0,0.0,0.0,0.0,0.0,0.0,0.0,0.0,0.0,0.0,0.0,0.0,0.0,0.0,0.0,0.0,0.0,0.0,0.0,0.0,0.0,0.0,0.0,0.0,0.0,0.0,0.0,0.0,0.0,0.0,0.0,0.0,0.0,0.0,0.0,0.0,0.0,0.0,0.0,0.0,0.0,0.0,0.0,0.0,0.0,0.0,0.0,0.0,0.0,0.0,0.0,0.0,0.0,0.0,0
0.0,0.0,0.0,0.0,0.0,0.0,0.0,0.0,0.0,0.0,0.0,0.0,0.0,0.0,0.0,0.0,0.0,0.0,0.0,0.0,0.0,0.0,0.0,0.0,0.0,0.0,0.0,0.0,0.0,0.0,0.0,0.0,0.0,0.0,0.0,0.0,0.0,0.0,0.0,0.0,0.0,0.0,0.0,0.0,0.0,0.0,0.0,0.0,0.0,0.0,0.0,0.0,0.0,0.0,0.0,0.0,0.0,0.0,0.0,0.0,0.0,0.0,0.0,0.0,0.0,0.0,0
0.6191912889480591,0.4837726056575775,0.619158923625946,0.46944791078567505,0.619315505027771,0.4684258997440338,0.6194244027137756,0.46754011511802673,0.6202497482299805,0.46948301792144775,0.6206454634666443,0.46855831146240234,0.6214436888694763,0.4673778712749481,0.6251304745674133,0.46128207445144653,0.6268348693847656,0.46022170782089233,0.6226816773414612,0.48920559883117676,0.6238517761230469,0.49091219902038574,0.631371796131134,0.4947235584259033,0.6622251868247986,0.4914330244064331,0.6223456859588623,0.5944623351097107,0.6786354184150696,0.5796430706977844,0.6074373126029968,0.6347509026527405,0.6801938414573669,0.6539282202720642,0.6032676696777344,0.6396005749702454,0.6813518404960632,0.6671483516693115,0.6056684255599976,0.6362841129302979,0.6781921982765198,0.6717936992645264,0.6081759333610535,0.6355363726615906,0.6778974533081055,0.6687144637107849,0.6481752395629883,0.6721922755241394,0.6636996269226074,0.6581486463546753,0.598085880279541,0.6973158121109009,0.6243165731430054,0.693851113319397,0.6412873864173889,0.7666220664978027,0.659747838973999,0.7378272414207458,0.6508526802062988,0.7562679052352905,0.6653285622596741,0.7310979962348938,0.6426286101341248,0.8145220875740051,0.663901686668396,0.7828272581100464,0
0.6211446523666382,0.4859328866004944,0.6216356158256531,0.4717285931110382,0.6218296885490417,0.4705018997192383,0.6219666004180908,0.4693050980567932,0.6222133636474609,0.472680926322937,0.6237764358520508,0.47155237197875977,0.6244176030158997,0.4705735445022583,0.6269197463989258,0.46199893951416016,0.629499077796936,0.465359628200531,0.6251729130744934,0.49070191383361816,0.6260590553283691,0.49167394638061523,0.633975088596344,0.4977153539657593,0.6564171314239502,0.4960855543613434,0.6248882412910461,0.5841515064239502,0.6651850938796997,0.6074791550636292,0.6075927019119263,0.6421664953231812,0.6616371273994446,0.6585074663162231,0.6086710095405579,0.6615439653396606,0.6609305739402771,0.6716122031211853,0.6095134615898132,0.6575307846069336,0.6592521667480469,0.6688217520713806,0.6116423606872559,0.6520627737045288,0.6596332788467407,0.6641066074371338,0.6551778316497803,0.68349689245224,0.662039041519165,0.6762357354164124,0.6001386642456055,0.7024400234222412,0.611295759677887,0.6960629820823669,0.6436533331871033,0.7569850087165833,0.6409663558006287,0.7492557168006897,0.652152955532074,0.7520952224731445,0.6469990611076355,0.7476666569709778,0.6446118950843811,0.7897800207138062,0.6439059972763062,0.7826836705207825,0
0.621141254901886,0.47202691435813904,0.6203098297119141,0.45684385299682617,0.6205484867095947,0.45562517642974854,0.6207648515701294,0.4544465243816376,0.6211116909980774,0.45794209837913513,0.6216493248939514,0.457489013671875,0.622209906578064,0.4568893611431122,0.6263163685798645,0.4505421221256256,0.6283850073814392,0.452860951423645,0.6244366765022278,0.4788779020309448,0.6249955892562866,0.4814106822013855,0.6325026750564575,0.4994044899940491,0.6591528058052063,0.48880988359451294,0.6229385137557983,0.5846670866012573,0.6719906330108643,0.5936844944953918,0.614915132522583,0.6345686316490173,0.6699710488319397,0.6430116891860962,0.6127462983131409,0.6493621468544006,0.6695071458816528,0.654686689376831,0.614559531211853,0.6460143327713013,0.6678870916366577,0.6527768969535828,0.6164034605026245,0.6419088244438171,0.668131411075592,0.6492339968681335,0.6514203548431396,0.6784522533416748,0.6624157428741455,0.6632632613182068,0.5995056629180908,0.6788467764854431,0.6158294677734375,0.6754409670829773,0.6429381966590881,0.7491713762283325,0.6493062376976013,0.7374815940856934,0.6516954898834229,0.7448347210884094,0.6561275720596313,0.7373350858688354,0.6423856616020203,0.7876901626586914,0.6507241129875183,0.76829594373703,0
0.6182107329368591,0.46116116642951965,0.617935836315155,0.4467415511608124,0.6183249950408936,0.44557109475135803,0.6187454462051392,0.4443681538105011,0.6181557178497314,0.4475933313369751,0.6186717748641968,0.4470101594924927,0.6194627285003662,0.44626060128211975,0.6245619058609009,0.4400457739830017,0.6257283091545105,0.4420468211174011,0.6219087839126587,0.46815764904022217,0.6225112080574036,0.47000357508659363,0.6319601535797119,0.4821804165840149,0.655782163143158,0.472273051738739,0.6266055107116699,0.5679335594177246,0.6716170310974121,0.5755795836448669,0.6099687814712524,0.626789927482605,0.6679836511611938,0.6223103404045105,0.6058982014656067,0.6410951614379883,0.6669312715530396,0.6313793063163757,0.6061579585075378,0.6344950199127197,0.6650122404098511,0.629184365272522,0.6087907552719116,0.6306979060173035,0.6656152606010437,0.626521646976471,0.6553720831871033,0.6493662595748901,0.6651235222816467,0.6477231383323669,0.6017040014266968,0.6709238290786743,0.6254649758338928,0.6737607717514038,0.6457878947257996,0.7635456323623657,0.6577649116516113,0.7497885227203369,0.6563080549240112,0.7661661505699158,0.6648263931274414,0.7515432834625244,0.6395267248153687,0.8016958832740784,0.6573872566223145,0.7885344624519348,0
0.0,0.0,0.0,0.0,0.0,0.0,0.0,0.0,0.0,0.0,0.0,0.0,0.0,0.0,0.0,0.0,0.0,0.0,0.0,0.0,0.0,0.0,0.0,0.0,0.0,0.0,0.0,0.0,0.0,0.0,0.0,0.0,0.0,0.0,0.0,0.0,0.0,0.0,0.0,0.0,0.0,0.0,0.0,0.0,0.0,0.0,0.0,0.0,0.0,0.0,0.0,0.0,0.0,0.0,0.0,0.0,0.0,0.0,0.0,0.0,0.0,0.0,0.0,0.0,0.0,0.0,0
0.6192763447761536,0.4445813000202179,0.6182632446289062,0.4287330210208893,0.618399977684021,0.4273711144924164,0.6185470819473267,0.4259783625602722,0.6196371912956238,0.43159055709838867,0.620092511177063,0.42836204171180725,0.6208028197288513,0.42706286907196045,0.6235091090202332,0.4209173619747162,0.6268317103385925,0.42004746198654175,0.6226789355278015,0.44659146666526794,0.6237689852714539,0.4485192894935608,0.6298122406005859,0.4440823793411255,0.6594526767730713,0.4434780776500702,0.6235440969467163,0.5520204901695251,0.6794647574424744,0.5426089763641357,0.6093038320541382,0.6164365410804749,0.6783715486526489,0.613802433013916,0.6047236919403076,0.6220215559005737,0.678869903087616,0.6246020793914795,0.6080633401870728,0.6184756755828857,0.6753954887390137,0.6285400390625,0.6086887121200562,0.6178447008132935,0.675319254398346,0.6258338093757629,0.653856635093689,0.6197133660316467,0.6710729598999023,0.6209096312522888,0.6045283675193787,0.6640285849571228,0.6413020491600037,0.6882482171058655,0.6379252672195435,0.7695904970169067,0.6619548797607422,0.7608460187911987,0.6475992202758789,0.7755537033081055,0.6668590307235718,0.7739096283912659,0.6265159845352173,0.8119707703590393,0.6593310236930847,0.8210239410400391,0
0.617101788520813,0.4275479316711426,0.6166009306907654,0.41294389963150024,0.6167298555374146,0.411723792552948,0.6168151497840881,0.4105539321899414,0.6176345944404602,0.4127691686153412,0.6181424856185913,0.411454439163208,0.6186326742172241,0.4099556803703308,0.6212778687477112,0.40491756796836853,0.6244875192642212,0.40212368965148926,0.620819628238678,0.43113142251968384,0.6221601366996765,0.4324612617492676,0.6316155791282654,0.43618372082710266,0.6597213745117188,0.4435969293117523,0.6301849484443665,0.5340393781661987,0.6807300448417664,0.5407055616378784,0.6202749013900757,0.5815538167953491,0.6771978735923767,0.6104916930198669,0.6156018972396851,0.5909364819526672,0.677570104598999,0.6225773096084595,0.6185234189033508,0.5878238081932068,0.6740075349807739,0.6254159212112427,0.6196764707565308,0.5929364562034607,0.6738628149032593,0.6221951842308044,0.6535854935646057,0.6072152853012085,0.6718976497650146,0.6126388311386108,0.605607271194458,0.6577739119529724,0.6460589170455933,0.6789494156837463,0.6400499939918518,0.7734675407409668,0.6644455194473267,0.7626202702522278,0.6497842669487,0.7836109399795532,0.6694158911705017,0.7757083177566528,0.629920244216919,0.8125499486923218,0.6620606184005737,0.8193504214286804,0
0.6176486611366272,0.41776037216186523,0.6176962852478027,0.4045010805130005,0.617835521697998,0.4034803807735443,0.6180119514465332,0.40250641107559204,0.6183590888977051,0.4049394130706787,0.6196538805961609,0.40439677238464355,0.6204332113265991,0.40353748202323914,0.6232976913452148,0.3991324305534363,0.6267476677894592,0.39818018674850464,0.6204460263252258,0.4220045804977417,0.622216522693634,0.42313212156295776,0.6335800886154175,0.4437704086303711,0.6636886596679688,0.4329613149166107,0.6259454488754272,0.5293551683425903,0.6704043745994568,0.5427298545837402,0.6237844824790955,0.5755751729011536,0.6587069630622864,0.5908530950546265,0.6221526265144348,0.5836442112922668,0.6556491255760193,0.5963987708091736,0.624854564666748,0.5771105289459229,0.6535241007804871,0.5969357490539551,0.6261239051818848,0.5762845277786255,0.6549831032752991,0.5963712334632874,0.6461818218231201,0.6197999715805054,0.661591112613678,0.6141649484634399,0.6069387793540955,0.6563205718994141,0.6311498880386353,0.6481086611747742,0.644538402557373,0.7945393919944763,0.6441556811332703,0.7667887806892395,0.6532500982284546,0.8037916421890259,0.6498705148696899,0.7846989631652832,0.6324915885925293,0.8167709708213806,0.6337990164756775,0.8109086751937866,0
0.6161090135574341,0.3997126519680023,0.6164610385894775,0.3852936029434204,0.6169024705886841,0.38409700989723206,0.6172995567321777,0.38285067677497864,0.6171959638595581,0.38565027713775635,0.6177773475646973,0.3847692608833313,0.6183711886405945,0.3837033808231354,0.6232737898826599,0.377671480178833,0.6243282556533813,0.3786070644855499,0.6203283071517944,0.40603306889533997,0.6212286949157715,0.4070095419883728,0.6312993764877319,0.41029930114746094,0.6587868332862854,0.41460809111595154,0.6281386017799377,0.5066861510276794,0.6778889298439026,0.5157374143600464,0.6232374310493469,0.5677009224891663,0.6727887988090515,0.5780074000358582,0.6217681765556335,0.5719935894012451,0.6750965118408203,0.5986832976341248,0.6218700408935547,0.5789251327514648,0.67121422290802,0.6031007766723633,0.6260025501251221,0.5757279992103577,0.6712524890899658,0.6012956500053406,0.6523540616035461,0.5888402462005615,0.6681181192398071,0.5906306505203247,0.6067194938659668,0.6459879279136658,0.6393563151359558,0.6554725766181946,0.6430044174194336,0.7736763954162598,0.6551971435546875,0.7614015340805054,0.6542921662330627,0.782784640789032,0.6621816158294678,0.7753943800926208,0.6337032318115234,0.813737154006958,0.6495699882507324,0.8153828978538513,0
0.6175965070724487,0.39270979166030884,0.6174476146697998,0.37822484970092773,0.6176002621650696,0.3768893778324127,0.6177675724029541,0.3754558861255646,0.618193507194519,0.3788547217845917,0.6192241907119751,0.37765148282051086,0.6200117468833923,0.3763541579246521,0.6231266260147095,0.3706720769405365,0.6264004707336426,0.36994239687919617,0.6209008097648621,0.3971594274044037,0.6220678687095642,0.3981357514858246,0.6338467001914978,0.4069174528121948,0.6581920385360718,0.40528860688209534,0.6305842995643616,0.49978625774383545,0.676179826259613,0.5157975554466248,0.6269713640213013,0.5593768954277039,0.675752580165863,0.5704331398010254,0.6253913044929504,0.5710577964782715,0.6766393780708313,0.5919157862663269,0.6267573833465576,0.5602131485939026,0.6699073314666748,0.5883769392967224,0.6275932788848877,0.5597120523452759,0.6756019592285156,0.5847707390785217,0.6523345708847046,0.5827791690826416,0.6689758896827698,0.584147572517395,0.6090080142021179,0.6417486071586609,0.6438137292861938,0.6525938510894775,0.6427664160728455,0.7846676111221313,0.6524026989936829,0.7688178420066833,0.6536679863929749,0.7995423078536987,0.6599165201187134,0.7907062768936157,0.6274005770683289,0.8137936592102051,0.642895519733429,0.8295994997024536,0
0.6175978183746338,0.3810913562774658,0.6172354817390442,0.36716973781585693,0.6173751950263977,0.36617177724838257,0.6174964904785156,0.3651958703994751,0.6177321672439575,0.3677476942539215,0.6187687516212463,0.36671391129493713,0.619396984577179,0.3657514452934265,0.622218132019043,0.36121150851249695,0.6253271102905273,0.35984688997268677,0.6209663152694702,0.38627704977989197,0.6219742894172668,0.3873441815376282,0.6331508159637451,0.39365270733833313,0.6559091210365295,0.39109647274017334,0.6310586333274841,0.4889037013053894,0.672743558883667,0.5125642418861389,0.6228151321411133,0.5571788549423218,0.6685289740562439,0.5997555255889893,0.6237116456031799,0.5654589533805847,0.667002260684967,0.6198706030845642,0.6229182481765747,0.561312198638916,0.6652356386184692,0.6197196841239929,0.6228216290473938,0.5658407807350159,0.6659247875213623,0.6119028925895691,0.6584264039993286,0.576371431350708,0.6724599599838257,0.5745582580566406,0.6088160872459412,0.6432440280914307,0.641106128692627,0.6470611095428467,0.6430535316467285,0.7803300023078918,0.6583005785942078,0.784550666809082,0.6550204753875732,0.798755943775177,0.6671648621559143,0.7886276245117188,0.6269017457962036,0.8249651789665222,0.6464568972587585,0.8309479355812073,0
0.6188154816627502,0.3601588010787964,0.6197804808616638,0.34614813327789307,0.6204409003257751,0.34456610679626465,0.6210572719573975,0.34273672103881836,0.6193639636039734,0.3479500114917755,0.6201823949813843,0.347591757774353,0.6205807328224182,0.3471807837486267,0.6269829869270325,0.34015706181526184,0.6264953017234802,0.3449026048183441,0.6231146454811096,0.36670181155204773,0.6229718923568726,0.36883142590522766,0.6358397006988525,0.37090596556663513,0.6593185663223267,0.38678714632987976,0.6318064332008362,0.47591912746429443,0.6669407486915588,0.49438199400901794,0.6301380395889282,0.5370795726776123,0.6613863110542297,0.5621203780174255,0.6287004947662354,0.5492095947265625,0.6623338460922241,0.5837777256965637,0.6291132569313049,0.5485044121742249,0.6615772843360901,0.5812169313430786,0.6321763396263123,0.5471580028533936,0.6619195342063904,0.5752605199813843,0.6545592546463013,0.5585221648216248,0.6657120585441589,0.5666519403457642,0.612733006477356,0.6424925923347473,0.6331271529197693,0.654827892780304,0.6517422199249268,0.79229736328125,0.6470776200294495,0.7768150568008423,0.6625708937644958,0.7968156933784485,0.6599552035331726,0.794844388961792,0.6387675404548645,0.8146752715110779,0.6342108845710754,0.8150856494903564,0
0.6200206875801086,0.34996896982192993,0.6200985908508301,0.33628231287002563,0.6205082535743713,0.3353952467441559,0.6209449172019958,0.33444881439208984,0.6203058958053589,0.3368092477321625,0.6208211183547974,0.3363087475299835,0.6216194033622742,0.33565759658813477,0.6267998218536377,0.33130159974098206,0.6281840801239014,0.3328931927680969,0.6234180331230164,0.3572715222835541,0.6239891648292542,0.3591584265232086,0.6361469626426697,0.3697284460067749,0.663842499256134,0.3764989972114563,0.6347728371620178,0.46865496039390564,0.6767064929008484,0.4855303168296814,0.6326128840446472,0.5405398011207581,0.6749374270439148,0.5691080093383789,0.6374034881591797,0.5529048442840576,0.6742652058601379,0.5978090167045593,0.6332021951675415,0.5468729734420776,0.6690005660057068,0.5943820476531982,0.6338066458702087,0.5398474335670471,0.6735384464263916,0.5832935571670532,0.6521450877189636,0.5592334866523743,0.6657341122627258,0.5637128353118896,0.6106197237968445,0.6426544189453125,0.6307728290557861,0.641995370388031,0.649259090423584,0.776686429977417,0.6527636647224426,0.779911994934082,0.6621316075325012,0.7980919480323792,0.6643375754356384,0.7869833707809448,0.6384788155555725,0.8198197484016418,0.6389515995979309,0.8113150596618652,0
0.6192765831947327,0.34257999062538147,0.6188746690750122,0.3285582661628723,0.6191215515136719,0.32768309116363525,0.6192960143089294,0.3268684148788452,0.6196050643920898,0.32894325256347656,0.6201387643814087,0.3283994793891907,0.6206669211387634,0.32773447036743164,0.6242550611495972,0.3237493336200714,0.6268858909606934,0.32343554496765137,0.623375415802002,0.34931591153144836,0.6241618990898132,0.35187995433807373,0.6346374750137329,0.3633602261543274,0.6607356071472168,0.36530956625938416,0.6347764730453491,0.4534895122051239,0.6794995069503784,0.4692816138267517,0.6279837489128113,0.5405453443527222,0.6757720112800598,0.5693989396095276,0.6244009137153625,0.5514473915100098,0.6764698028564453,0.5959454774856567,0.6250695586204529,0.5504599213600159,0.6707981824874878,0.5934745669364929,0.6259750723838806,0.5505924820899963,0.6711169481277466,0.5882785320281982,0.6613566875457764,0.5556585192680359,0.6742883920669556,0.5569328665733337,0.6114280819892883,0.6359633803367615,0.6470856070518494,0.6365187764167786,0.6476805806159973,0.7789524793624878,0.662045419216156,0.7798454761505127,0.6606963872909546,0.7984490990638733,0.6715312004089355,0.7889760732650757,0.6280239224433899,0.8262634873390198,0.6494702696800232,0.8297592401504517,0
0.6211240291595459,0.32941102981567383,0.6214065551757812,0.31536248326301575,0.6220002770423889,0.31434306502342224,0.6225455403327942,0.31320077180862427,0.6212146282196045,0.3161057233810425,0.621644139289856,0.31560254096984863,0.6221201419830322,0.3149215579032898,0.6277426481246948,0.31070762872695923,0.6284610629081726,0.3120768368244171,0.6248632073402405,0.3375323414802551,0.6249645352363586,0.3385622203350067,0.6402212381362915,0.3496014475822449,0.6636165976524353,0.361089289188385,0.6378661394119263,0.4393303394317627,0.6799390316009521,0.46080994606018066,0.6291422843933105,0.5264370441436768,0.6744853258132935,0.5602989196777344,0.6256440281867981,0.5487072467803955,0.6722198724746704,0.5895897746086121,0.6243857145309448,0.5498647689819336,0.6716477274894714,0.5857350826263428,0.6278803944587708,0.5402793884277344,0.6721978187561035,0.5788421630859375,0.6490150690078735,0.5441895723342896,0.6674357056617737,0.5520256161689758,0.6104896068572998,0.6400823593139648,0.6420772075653076,0.6452081799507141,0.6433271169662476,0.7811378240585327,0.6531152725219727,0.7809199690818787,0.6564109921455383,0.8004845976829529,0.6639294624328613,0.7946861982345581,0.6254593133926392,0.8200168013572693,0.6396459937095642,0.823651909828186,0
0.6222835183143616,0.3220787048339844,0.6226981282234192,0.3074803948402405,0.6230862140655518,0.30628013610839844,0.6234887838363647,0.3049984574317932,0.6229135990142822,0.30840417742729187,0.623622477054596,0.3078761696815491,0.6242826581001282,0.3071666657924652,0.62921541929245,0.3014903962612152,0.6308255791664124,0.3045443594455719,0.6251322627067566,0.3276788592338562,0.6258169412612915,0.3293967843055725,0.6389901638031006,0.33896952867507935,0.6656180620193481,0.3532898724079132,0.6356900334358215,0.43045708537101746,0.6792051792144775,0.4544898569583893,0.6325547695159912,0.508529007434845,0.6789082288742065,0.557549238204956,0.6307563185691833,0.5211336612701416,0.678290605545044,0.5836155414581299,0.6316818594932556,0.521321177482605,0.6726884245872498,0.5778427720069885,0.6322929859161377,0.5214232802391052,0.672584056854248,0.5671628713607788,0.6509641408920288,0.5383439064025879,0.6666126251220703,0.5441261529922485,0.6139255166053772,0.6367716193199158,0.6420711874961853,0.6359050869941711,0.6488891839981079,0.7983385324478149,0.6571350693702698,0.7698157429695129,0.6610396504402161,0.7994166612625122,0.6643655300140381,0.7914977669715881,0.631577730178833,0.8259143233299255,0.6396445631980896,0.8105436563491821,0
0.6237746477127075,0.3117485046386719,0.6243501305580139,0.29436245560646057,0.6249810457229614,0.2933553457260132,0.6255260705947876,0.29253295063972473,0.6240991353988647,0.2960180640220642,0.6244622468948364,0.2960478961467743,0.6248453855514526,0.2960987091064453,0.6319738030433655,0.29151099920272827,0.6317684054374695,0.29450035095214844,0.6273559331893921,0.31905123591423035,0.6273761987686157,0.32166287302970886,0.6412427425384521,0.3369389772415161,0.6690144538879395,0.3483555316925049,0.6374932527542114,0.42404642701148987,0.6776620745658875,0.46978849172592163,0.6344442963600159,0.49841681122779846,0.6657695174217224,0.5536680817604065,0.6307111382484436,0.5204704403877258,0.6635522246360779,0.5717955231666565,0.6330393552780151,0.5112813711166382,0.6618453860282898,0.5732001066207886,0.6334799528121948,0.5130698680877686,0.6624545454978943,0.5674846768379211,0.6494734883308411,0.5319963693618774,0.66550213098526,0.5361376404762268,0.612098753452301,0.6334764957427979,0.6390087008476257,0.6318629384040833,0.6523995399475098,0.7917039394378662,0.6561501622200012,0.7821918725967407,0.6641654372215271,0.7949421405792236,0.6672146320343018,0.7933672666549683,0.6355225443840027,0.8315131068229675,0.6458421945571899,0.8125933408737183,0
