kp0_x,kp0_y,kp1_x,kp1_y,kp2_x,kp2_y,kp3_x,kp3_y,kp4_x,kp4_y,kp5_x,kp5_y,kp6_x,kp6_y,kp7_x,kp7_y,kp8_x,kp8_y,kp9_x,kp9_y,kp10_x,kp10_y,kp11_x,kp11_y,kp12_x,kp12_y,kp13_x,kp13_y,kp14_x,kp14_y,kp15_x,kp15_y,kp16_x,kp16_y,kp17_x,kp17_y,kp18_x,kp18_y,kp19_x,kp19_y,kp20_x,kp20_y,kp21_x,kp21_y,kp22_x,kp22_y,kp23_x,kp23_y,kp24_x,kp24_y,kp25_x,kp25_y,kp26_x,kp26_y,kp27_x,kp27_y,kp28_x,kp28_y,kp29_x,kp29_y,kp30_x,kp30_y,kp31_x,kp31_y,kp32_x,kp32_y,label
0.0,0.0,0.0,0.0,0.0,0.0,0.0,0.0,0.0,0.0,0.0,0.0,0.0,0.0,0.0,0.0,0.0,0.0,0.0,0.0,0.0,0.0,0.0,0.0,0.0,0.0,0.0,0.0,0.0,0.0,0.0,0.0,0.0,0.0,0.0,0.0,0.0,0.0,0.0,0.0,0.0,0.0,0.0,0.0,0.0,0.0,0.0,0.0,0.0,0.0,0.0,0.0,0.0,0.0,0.0,0.0,0.0,0.0,0.0,0.0,0.0,0.0,0.0,0.0,0.0,0.0,0
0.0,0.0,0.0,0.0,0.0,0.0,0.0,0.0,0.0,0.0,0.0,0.0,0.0,0.0,0.0,0.0,0.0,0.0,0.0,0.0,0.0,0.0,0.0,0.0,0.0,0.0,0.0,0.0,0.0,0.0,0.0,0.0,0.0,0.0,0.0,0.0,0.0,0.0,0.0,0.0,0.0,0.0,0.0,0.0,0.0,0.0,0.0,0.0,0.0,0.0,0.0,0.0,0.0,0.0,0.0,0.0,0.0,0.0,0.0,0.0,0.0,0.0,0.0,0.0,0.0,0.0,0
0.0,0.0,0.0,0.0,0.0,0.0,0.0,0.0,0.0,0.0,0.0,0.0,0.0,0.0,0.0,0.0,0.0,0.0,0.0,0.0,0.0,0.0,0.0,0.0,0.0,0.0,0.0,0.0,0.0,0.0,0.0,0.0,0.0,0.0,0.0,0.0,0.0,0.0,0.0,0.0,0.0,0.0,0.0,0.0,0.0,0.0,0.0,0.0,0.0,0.0,0.0,0.0,0.0,0.0,0.0,0.0,0.0,0.0,0.0,0.0,0.0,0.0,0.0,0.0,0.0,0.0,0
0.0,0.0,0.0,0.0,0.0,0.0,0.0,0.0,0.0,0.0,0.0,0.0,0.0,0.0,0.0,0.0,0.0,0.0,0.0,0.0,0.0,0.0,0.0,0.0,0.0,0.0,0.0,0.0,0.0,0.0,0.0,0.0,0.0,0.0,0.0,0.0,0.0,0.0,0.0,0.0,0.0,0.0,0.0,0.0,0.0,0.0,0.0,0.0,0.0,0.0,0.0,0.0,0.0,0.0,0.0,0.0,0.0,0.0,0.0,0.0,0.0,0.0,0.0,0.0,0.0,0.0,0
0.0,0.0,0.0,0.0,0.0,0.0,0.0,0.0,0.0,0.0,0.0,0.0,0.0,0.0,0.0,0.0,0.0,0.0,0.0,0.0,0.0,0.0,0.0,0.0,0.0,0.0,0.0,0.0,0.0,0.0,0.0,0.0,0.0,0.0,0.0,0.0,0.0,0.0,0.0,0.0,0.0,0.0,0.0,0.0,0.0,0.0,0.0,0.0,0.0,0.0,0.0,0.0,0.0,0.0,0.0,0.0,0.0,0.0,0.0,0.0,0.0,0.0,0.0,0.0,0.0,0.0,0
0.0,0.0,0.0,0.0,0.0,0.0,0.0,0.0,0.0,0.0,0.0,0.0,0.0,0.0,0.0,0.0,0.0,0.0,0.0,0.0,0.0,0.0,0.0,0.0,0.0,0.0,0.0,0.0,0.0,0.0,0.0,0.0,0.0,0.0,0.0,0.0,0.0,0.0,0.0,0.0,0.0,0.0,0.0,0.0,0.0,0.0,0.0,0.0,0.0,0.0,0.0,0.0,0.0,0.0,0.0,0.0,0.0,0.0,0.0,0.0,0.0,0.0,0.0,0.0,0.0,0.0,0
0.0,0.0,0.0,0.0,0.0,0.0,0.0,0.0,0.0,0.0,0.0,0.0,0.0,0.0,0.0,0.0,0.0,0.0,0.0,0.0,0.0,0.0,0.0,0.0,0.0,0.0,0.0,0.0,0.0,0.0,0.0,0.0,0.0,0.0,0.0,0.0,0.0,0.0,0.0,0.0,0.0,0.0,0.0,0.0,0.0,0.0,0.0,0.0,0.0,0.0,0.0,0.0,0.0,0.0,0.0,0.0,0.0,0.0,0.0,0.0,0.0,0.0,0.0,0.0,0.0,0.0,0
0.0,0.0,0.0,0.0,0.0,0.0,0.0,0.0,0.0,0.0,0.0,0.0,0.0,0.0,0.0,0.0,0.0,0.0,0.0,0.0,0.0,0.0,0.0,0.0,0.0,0.0,0.0,0.0,0.0,0.0,0.0,0.0,0.0,0.0,0.0,0.0,0.0,0.0,0.0,0.0,0.0,0.0,0.0,0.0,0.0,0.0,0.0,0.0,0.0,0.0,0.0,0.0,0.0,0.0,0.0,0.0,0.0,0.0,0.0,0.0,0.0,0.0,0.0,0.0,0.0,0.0,0
0.0,0.0,0.0,0.0,0.0,0.0,0.0,0.0,0.0,0.0,0.0,0.0,0.0,0.0,0.0,0.0,0.0,0.0,0.0,0.0,0.0,0.0,0.0,0.0,0.0,0.0,0.0,0.0,0.0,0.0,0.0,0.0,0.0,0.0,0.0,0.0,0.0,0.0,0.0,0.0,0.0,0.0,0.0,0.0,0.0,0.0,0.0,0.0,0.0,0.0,0.0,0.0,0.0,0.0,0.0,0.0,0.0,0.0,0.0,0.0,0.0,0.0,0.0,0.0,0.0,0.0,0
0.0,0.0,0.0,0.0,0.0,0.0,0.0,0.0,0.0,0.0,0.0,0.0,0.0,0.0,0.0,0.0,0.0,0.0,0.0,0.0,0.0,0.0,0.0,0.0,0.0,0.0,0.0,0.0,0.0,0.0,0.0,0.0,0.0,0.0,0.0,0.0,0.0,0.0,0.0,0.0,0.0,0.0,0.0,0.0,0.0,0.0,0.0,0.0,0.0,0.0,0.0,0.0,0.0,0.0,0.0,0.0,0.0,0.0,0.0,0.0,0.0,0.0,0.0,0.0,0.0,0.0,0
0.0,0.0,0.0,0.0,0.0,0.0,0.0,0.0,0.0,0.0,0.0,0.0,0.0,0.0,0.0,0.0,0.0,0.0,0.0,0.0,0.0,0.0,0.0,0.0,0.0,0.0,0.0,0.0,0.0,0.0,0.0,0.0,0.0,0.0,0.0,0.0,0.0,0.0,0.0,0.0,0.0,0.0,0.0,0.0,0.0,0.0,0.0,0.0,0.0,0.0,0.0,0.0,0.0,0.0,0.0,0.0,0.0,0.0,0.0,0.0,0.0,0.0,0.0,0.0,0.0,0.0,0
0.0,0.0,0.0,0.0,0.0,0.0,0.0,0.0,0.0,0.0,0.0,0.0,0.0,0.0,0.0,0.0,0.0,0.0,0.0,0.0,0.0,0.0,0.0,0.0,0.0,0.0,0.0,0.0,0.0,0.0,0.0,0.0,0.0,0.0,0.0,0.0,0.0,0.0,0.0,0.0,0.0,0.0,0.0,0.0,0.0,0.0,0.0,0.0,0.0,0.0,0.0,0.0,0.0,0.0,0.0,0.0,0.0,0.0,0.0,0.0,0.0,0.0,0.0,0.0,0.0,0.0,0
0.0,0.0,0.0,0.0,0.0,0.0,0.0,0.0,0.0,0.0,0.0,0.0,0.0,0.0,0.0,0.0,0.0,0.0,0.0,0.0,0.0,0.0,0.0,0.0,0.0,0.0,0.0,0.0,0.0,0.0,0.0,0.0,0.0,0.0,0.0,0.0,0.0,0.0,0.0,0.0,0.0,0.0,0.0,0.0,0.0,0.0,0.0,0.0,0.0,0.0,0.0,0.0,0.0,0.0,0.0,0.0,0.0,0.0,0.0,0.0,0.0,0.0,0.0,0.0,0.0,0.0,0
0.0,0.0,0.0,0.0,0.0,0.0,0.0,0.0,0.0,0.0,0.0,0.0,0.0,0.0,0.0,0.0,0.0,0.0,0.0,0.0,0.0,0.0,0.0,0.0,0.0,0.0,0.0,0.0,0.0,0.0,0.0,0.0,0.0,0.0,0.0,0.0,0.0,0.0,0.0,0.0,0.0,0.0,0.0,0.0,0.0,0.0,0.0,0.0,0.0,0.0,0.0,0.0,0.0,0.0,0.0,0.0,0.0,0.0,0.0,0.0,0.0,0.0,0.0,0.0,0.0,0.0,0
0.0,0.0,0.0,0.0,0.0,0.0,0.0,0.0,0.0,0.0,0.0,0.0,0.0,0.0,0.0,0.0,0.0,0.0,0.0,0.0,0.0,0.0,0.0,0.0,0.0,0.0,0.0,0.0,0.0,0.0,0.0,0.0,0.0,0.0,0.0,0.0,0.0,0.0,0.0,0.0,0.0,0.0,0.0,0.0,0.0,0.0,0.0,0.0,0.0,0.0,0.0,0.0,0.0,0.0,0.0,0.0,0.0,0.0,0.0,0.0,0.0,0.0,0.0,0.0,0.0,0.0,0
0.0,0.0,0.0,0.0,0.0,0.0,0.0,0.0,0.0,0.0,0.0,0.0,0.0,0.0,0.0,0.0,0.0,0.0,0.0,0.0,0.0,0.0,0.0,0.0,0.0,0.0,0.0,0.0,0.0,0.0,0.0,0.0,0.0,0.0,0.0,0.0,0.0,0.0,0.0,0.0,0.0,0.0,0.0,0.0,0.0,0.0,0.0,0.0,0.0,0.0,0.0,0.0,0.0,0.0,0.0,0.0,0.0,0.0,0.0,0.0,0.0,0.0,0.0,0.0,0.0,0.0,0
0.0,0.0,0.0,0.0,0.0,0.0,0.0,0.0,0.0,0.0,0.0,0.0,0.0,0.0,0.0,0.0,0.0,0.0,0.0,0.0,0.0,0.0,0.0,0.0,0.0,0.0,0.0,0.0,0.0,0.0,0.0,0.0,0.0,0.0,0.0,0.0,0.0,0.0,0.0,0.0,0.0,0.0,0.0,0.0,0.0,0.0,0.0,0.0,0.0,0.0,0.0,0.0,0.0,0.0,0.0,0.0,0.0,0.0,0.0,0.0,0.0,0.0,0.0,0.0,0.0,0.0,0
0.0,0.0,0.0,0.0,0.0,0.0,0.0,0.0,0.0,0.0,0.0,0.0,0.0,0.0,0.0,0.0,0.0,0.0,0.0,0.0,0.0,0.0,0.0,0.0,0.0,0.0,0.0,0.0,0.0,0.0,0.0,0.0,0.0,0.0,0.0,0.0,0.0,0.0,0.0,0.0,0.0,0.0,0.0,0.0,0.0,0.0,0.0,0.0,0.0,0.0,0.0,0.0,0.0,0.0,0.0,0.0,0.0,0.0,0.0,0.0,0.0,0.0,0.0,0.0,0.0,0.0,0
0.0,0.0,0.0,0.0,0.0,0.0,0.0,0.0,0.0,0.0,0.0,0.0,0.0,0.0,0.0,0.0,0.0,0.0,0.0,0.0,0.0,0.0,0.0,0.0,0.0,0.0,0.0,0.0,0.0,0.0,0.0,0.0,0.0,0.0,0.0,0.0,0.0,0.0,0.0,0.0,0.0,0.0,0.0,0.0,0.0,0.0,0.0,0.0,0.0,0.0,0.0,0.0,0.0,0.0,0.0,0.0,0.0,0.0,0.0,0.0,0.0,0.0,0.0,0.0,0.0,0.0,0
0.0,0.0,0.0,0.0,0.0,0.0,0.0,0.0,0.0,0.0,0.0,0.0,0.0,0.0,0.0,0.0,0.0,0.0,0.0,0.0,0.0,0.0,0.0,0.0,0.0,0.0,0.0,0.0,0.0,0.0,0.0,0.0,0.0,0.0,0.0,0.0,0.0,0.0,0.0,0.0,0.0,0.0,0.0,0.0,0.0,0.0,0.0,0.0,0.0,0.0,0.0,0.0,0.0,0.0,0.0,0.0,0.0,0.0,0.0,0.0,0.0,0.0,0.0,0.0,0.0,0.0,0
0.0,0.0,0.0,0.0,0.0,0.0,0.0,0.0,0.0,0.0,0.0,0.0,0.0,0.0,0.0,0.0,0.0,0.0,0.0,0.0,0.0,0.0,0.0,0.0,0.0,0.0,0.0,0.0,0.0,0.0,0.0,0.0,0.0,0.0,0.0,0.0,0.0,0.0,0.0,0.0,0.0,0.0,0.0,0.0,0.0,0.0,0.0,0.0,0.0,0.0,0.0,0.0,0.0,0.0,0.0,0.0,0.0,0.0,0.0,0.0,0.0,0.0,0.0,0.0,0.0,0.0,0
0.0,0.0,0.0,0.0,0.0,0.0,0.0,0.0,0.0,0.0,0.0,0.0,0.0,0.0,0.0,0.0,0.0,0.0,0.0,0.0,0.0,0.0,0.0,0.0,0.0,0.0,0.0,0.0,0.0,0.0,0.0,0.0,0.0,0.0,0.0,0.0,0.0,0.0,0.0,0.0,0.0,0.0,0.0,0.0,0.0,0.0,0.0,0.0,0.0,0.0,0.0,0.0,0.0,0.0,0.0,0.0,0.0,0.0,0.0,0.0,0.0,0.0,0.0,0.0,0.0,0.0,0
0.0,0.0,0.0,0.0,0.0,0.0,0.0,0.0,0.0,0.0,0.0,0.0,0.0,0.0,0.0,0.0,0.0,0.0,0.0,0.0,0.0,0.0,0.0,0.0,0.0,0.0,0.0,0.0,0.0,0.0,0.0,0.0,0.0,0.0,0.0,0.0,0.0,0.0,0.0,0.0,0.0,0.0,0.0,0.0,0.0,0.0,0.0,0.0,0.0,0.0,0.0,0.0,0.0,0.0,0.0,0.0,0.0,0.0,0.0,0.0,0.0,0.0,0.0,0.0,0.0,0.0,0
0.0,0.0,0.0,0.0,0.0,0.0,0.0,0.0,0.0,0.0,0.0,0.0,0.0,0.0,0.0,0.0,0.0,0.0,0.0,0.0,0.0,0.0,0.0,0.0,0.0,0.0,0.0,0.0,0.0,0.0,0.0,0.0,0.0,0.0,0.0,0.0,0.0,0.0,0.0,0.0,0.0,0.0,0.0,0.0,0.0,0.0,0.0,0.0,0.0,0.0,0.0,0.0,0.0,0.0,0.0,0.0,0.0,0.0,0.0,0.0,0.0,0.0,0.0,0.0,0.0,0.0,0
0.0,0.0,0.0,0.0,0.0,0.0,0.0,0.0,0.0,0.0,0.0,0.0,0.0,0.0,0.0,0.0,0.0,0.0,0.0,0.0,0.0,0.0,0.0,0.0,0.0,0.0,0.0,0.0,0.0,0.0,0.0,0.0,0.0,0.0,0.0,0.0,0.0,0.0,0.0,0.0,0.0,0.0,0.0,0.0,0.0,0.0,0.0,0.0,0.0,0.0,0.0,0.0,0.0,0.0,0.0,0.0,0.0,0.0,0.0,0.0,0.0,0.0,0.0,0.0,0.0,0.0,0
0.0,0.0,0.0,0.0,0.0,0.0,0.0,0.0,0.0,0.0,0.0,0.0,0.0,0.0,0.0,0.0,0.0,0.0,0.0,0.0,0.0,0.0,0.0,0.0,0.0,0.0,0.0,0.0,0.0,0.0,0.0,0.0,0.0,0.0,0.0,0.0,0.0,0.0,0.0,0.0,0.0,0.0,0.0,0.0,0.0,0.0,0.0,0.0,0.0,0.0,0.0,0.0,0.0,0.0,0.0,0.0,0.0,0.0,0.0,0.0,0.0,0.0,0.0,0.0,0.0,0.0,0
0.0,0.0,0.0,0.0,0.0,0.0,0.0,0.0,0.0,0.0,0.0,0.0,0.0,0.0,0.0,0.0,0.0,0.0,0.0,0.0,0.0,0.0,0.0,0.0,0.0,0.0,0.0,0.0,0.0,0.0,0.0,0.0,0.0,0.0,0.0,0.0,0.0,0.0,0.0,0.0,0.0,0.0,0.0,0.0,0.0,0.0,0.0,0.0,0.0,0.0,0.0,0.0,0.0,0.0,0.0,0.0,0.0,0.0,0.0,0.0,0.0,0.0,0.0,0.0,0.0,0.0,0
0.0,0.0,0.0,0.0,0.0,0.0,0.0,0.0,0.0,0.0,0.0,0.0,0.0,0.0,0.0,0.0,0.0,0.0,0.0,0.0,0.0,0.0,0.0,0.0,0.0,0.0,0.0,0.0,0.0,0.0,0.0,0.0,0.0,0.0,0.0,0.0,0.0,0.0,0.0,0.0,0.0,0.0,0.0,0.0,0.0,0.0,0.0,0.0,0.0,0.0,0.0,0.0,0.0,0.0,0.0,0.0,0.0,0.0,0.0,0.0,0.0,0.0,0.0,0.0,0.0,0.0,0
0.0,0.0,0.0,0.0,0.0,0.0,0.0,0.0,0.0,0.0,0.0,0.0,0.0,0.0,0.0,0.0,0.0,0.0,0.0,0.0,0.0,0.0,0.0,0.0,0.0,0.0,0.0,0.0,0.0,0.0,0.0,0.0,0.0,0.0,0.0,0.0,0.0,0.0,0.0,0.0,0.0,0.0,0.0,0.0,0.0,0.0,0.0,0.0,0.0,0.0,0.0,0.0,0.0,0.0,0.0,0.0,0.0,0.0,0.0,0.0,0.0,0.0,0.0,0.0,0.0,0.0,0
0.0,0.0,0.0,0.0,0.0,0.0,0.0,0.0,0.0,0.0,0.0,0.0,0.0,0.0,0.0,0.0,0.0,0.0,0.0,0.0,0.0,0.0,0.0,0.0,0.0,0.0,0.0,0.0,0.0,0.0,0.0,0.0,0.0,0.0,0.0,0.0,0.0,0.0,0.0,0.0,0.0,0.0,0.0,0.0,0.0,0.0,0.0,0.0,0.0,0.0,0.0,0.0,0.0,0.0,0.0,0.0,0.0,0.0,0.0,0.0,0.0,0.0,0.0,0.0,0.0,0.0,0
0.0,0.0,0.0,0.0,0.0,0.0,0.0,0.0,0.0,0.0,0.0,0.0,0.0,0.0,0.0,0.0,0.0,0.0,0.0,0.0,0.0,0.0,0.0,0.0,0.0,0.0,0.0,0.0,0.0,0.0,0.0,0.0,0.0,0.0,0.0,0.0,0.0,0.0,0.0,0.0,0.0,0.0,0.0,0.0,0.0,0.0,0.0,0.0,0.0,0.0,0.0,0.0,0.0,0.0,0.0,0.0,0.0,0.0,0.0,0.0,0.0,0.0,0.0,0.0,0.0,0.0,0
0.0,0.0,0.0,0.0,0.0,0.0,0.0,0.0,0.0,0.0,0.0,0.0,0.0,0.0,0.0,0.0,0.0,0.0,0.0,0.0,0.0,0.0,0.0,0.0,0.0,0.0,0.0,0.0,0.0,0.0,0.0,0.0,0.0,0.0,0.0,0.0,0.0,0.0,0.0,0.0,0.0,0.0,0.0,0.0,0.0,0.0,0.0,0.0,0.0,0.0,0.0,0.0,0.0,0.0,0.0,0.0,0.0,0.0,0.0,0.0,0.0,0.0,0.0,0.0,0.0,0.0,0
0.0,0.0,0.0,0.0,0.0,0.0,0.0,0.0,0.0,0.0,0.0,0.0,0.0,0.0,0.0,0.0,0.0,0.0,0.0,0.0,0.0,0.0,0.0,0.0,0.0,0.0,0.0,0.0,0.0,0.0,0.0,0.0,0.0,0.0,0.0,0.0,0.0,0.0,0.0,0.0,0.0,0.0,0.0,0.0,0.0,0.0,0.0,0.0,0.0,0.0,0.0,0.0,0.0,0.0,0.0,0.0,0.0,0.0,0.0,0.0,0.0,0.0,0.0,0.0,0.0,0.0,0
0.0,0.0,0.0,0.0,0.0,0.0,0.0,0.0,0.0,0.0,0.0,0.0,0.0,0.0,0.0,0.0,0.0,0.0,0.0,0.0,0.0,0.0,0.0,0.0,0.0,0.0,0.0,0.0,0.0,0.0,0.0,0.0,0.0,0.0,0.0,0.0,0.0,0.0,0.0,0.0,0.0,0.0,0.0,0.0,0.0,0.0,0.0,0.0,0.0,0.0,0.0,0.0,0.0,0.0,0.0,0.0,0.0,0.0,0.0,0.0,0.0,0.0,0.0,0.0,0.0,0.0,0
0.0,0.0,0.0,0.0,0.0,0.0,0.0,0.0,0.0,0.0,0.0,0.0,0.0,0.0,0.0,0.0,0.0,0.0,0.0,0.0,0.0,0.0,0.0,0.0,0.0,0.0,0.0,0.0,0.0,0.0,0.0,0.0,0.0,0.0,0.0,0.0,0.0,0.0,0.0,0.0,0.0,0.0,0.0,0.0,0.0,0.0,0.0,0.0,0.0,0.0,0.0,0.0,0.0,0.0,0.0,0.0,0.0,0.0,0.0,0.0,0.0,0.0,0.0,0.0,0.0,0.0,0
0.0,0.0,0.0,0.0,0.0,0.0,0.0,0.0,0.0,0.0,0.0,0.0,0.0,0.0,0.0,0.0,0.0,0.0,0.0,0.0,0.0,0.0,0.0,0.0,0.0,0.0,0.0,0.0,0.0,0.0,0.0,0.0,0.0,0.0,0.0,0.0,0.0,0.0,0.0,0.0,0.0,0.0,0.0,0.0,0.0,0.0,0.0,0.0,0.0,0.0,0.0,0.0,0.0,0.0,0.0,0.0,0.0,0.0,0.0,0.0,0.0,0.0,0.0,0.0,0.0,0.0,0
0.0,0.0,0.0,0.0,0.0,0.0,0.0,0.0,0.0,0.0,0.0,0.0,0.0,0.0,0.0,0.0,0.0,0.0,0.0,0.0,0.0,0.0,0.0,0.0,0.0,0.0,0.0,0.0,0.0,0.0,0.0,0.0,0.0,0.0,0.0,0.0,0.0,0.0,0.0,0.0,0.0,0.0,0.0,0.0,0.0,0.0,0.0,0.0,0.0,0.0,0.0,0.0,0.0,0.0,0.0,0.0,0.0,0.0,0.0,0.0,0.0,0.0,0.0,0.0,0.0,0.0,0
0.0,0.0,0.0,0.0,0.0,0.0,0.0,0.0,0.0,0.0,0.0,0.0,0.0,0.0,0.0,0.0,0.0,0.0,0.0,0.0,0.0,0.0,0.0,0.0,0.0,0.0,0.0,0.0,0.0,0.0,0.0,0.0,0.0,0.0,0.0,0.0,0.0,0.0,0.0,0.0,0.0,0.0,0.0,0.0,0.0,0.0,0.0,0.0,0.0,0.0,0.0,0.0,0.0,0.0,0.0,0.0,0.0,0.0,0.0,0.0,0.0,0.0,0.0,0.0,0.0,0.0,0
0.0,0.0,0.0,0.0,0.0,0.0,0.0,0.0,0.0,0.0,0.0,0.0,0.0,0.0,0.0,0.0,0.0,0.0,0.0,0.0,0.0,0.0,0.0,0.0,0.0,0.0,0.0,0.0,0.0,0.0,0.0,0.0,0.0,0.0,0.0,0.0,0.0,0.0,0.0,0.0,0.0,0.0,0.0,0.0,0.0,0.0,0.0,0.0,0.0,0.0,0.0,0.0,0.0,0.0,0.0,0.0,0.0,0.0,0.0,0.0,0.0,0.0,0.0,0.0,0.0,0.0,0
0.0,0.0,0.0,0.0,0.0,0.0,0.0,0.0,0.0,0.0,0.0,0.0,0.0,0.0,0.0,0.0,0.0,0.0,0.0,0.0,0.0,0.0,0.0,0.0,0.0,0.0,0.0,0.0,0.0,0.0,0.0,0.0,0.0,0.0,0.0,0.0,0.0,0.0,0.0,0.0,0.0,0.0,0.0,0.0,0.0,0.0,0.0,0.0,0.0,0.0,0.0,0.0,0.0,0.0,0.0,0.0,0.0,0.0,0.0,0.0,0.0,0.0,0.0,0.0,0.0,0.0,0
0.0,0.0,0.0,0.0,0.0,0.0,0.0,0.0,0.0,0.0,0.0,0.0,0.0,0.0,0.0,0.0,0.0,0.0,0.0,0.0,0.0,0.0,0.0,0.0,0.0,0.0,0.0,0.0,0.0,0.0,0.0,0.0,0.0,0.0,0.0,0.0,0.0,0.0,0.0,0.0,0.0,0.0,0.0,0.0,0.0,0.0,0.0,0.0,0.0,0.0,0.0,0.0,0.0,0.0,0.0,0.0,0.0,0.0,0.0,0.0,0.0,0.0,0.0,0.0,0.0,0.0,0
0.0,0.0,0.0,0.0,0.0,0.0,0.0,0.0,0.0,0.0,0.0,0.0,0.0,0.0,0.0,0.0,0.0,0.0,0.0,0.0,0.0,0.0,0.0,0.0,0.0,0.0,0.0,0.0,0.0,0.0,0.0,0.0,0.0,0.0,0.0,0.0,0.0,0.0,0.0,0.0,0.0,0.0,0.0,0.0,0.0,0.0,0.0,0.0,0.0,0.0,0.0,0.0,0.0,0.0,0.0,0.0,0.0,0.0,0.0,0.0,0.0,0.0,0.0,0.0,0.0,0.0,0
0.0,0.0,0.0,0.0,0.0,0.0,0.0,0.0,0.0,0.0,0.0,0.0,0.0,0.0,0.0,0.0,0.0,0.0,0.0,0.0,0.0,0.0,0.0,0.0,0.0,0.0,0.0,0.0,0.0,0.0,0.0,0.0,0.0,0.0,0.0,0.0,0.0,0.0,0.0,0.0,0.0,0.0,0.0,0.0,0.0,0.0,0.0,0.0,0.0,0.0,0.0,0.0,0.0,0.0,0.0,0.0,0.0,0.0,0.0,0.0,0.0,0.0,0.0,0.0,0.0,0.0,0
0.0,0.0,0.0,0.0,0.0,0.0,0.0,0.0,0.0,0.0,0.0,0.0,0.0,0.0,0.0,0.0,0.0,0.0,0.0,0.0,0.0,0.0,0.0,0.0,0.0,0.0,0.0,0.0,0.0,0.0,0.0,0.0,0.0,0.0,0.0,0.0,0.0,0.0,0.0,0.0,0.0,0.0,0.0,0.0,0.0,0.0,0.0,0.0,0.0,0.0,0.0,0.0,0.0,0.0,0.0,0.0,0.0,0.0,0.0,0.0,0.0,0.0,0.0,0.0,0.0,0.0,0
0.0,0.0,0.0,0.0,0.0,0.0,0.0,0.0,0.0,0.0,0.0,0.0,0.0,0.0,0.0,0.0,0.0,0.0,0.0,0.0,0.0,0.0,0.0,0.0,0.0,0.0,0.0,0.0,0.0,0.0,0.0,0.0,0.0,0.0,0.0,0.0,0.0,0.0,0.0,0.0,0.0,0.0,0.0,0.0,0.0,0.0,0.0,0.0,0.0,0.0,0.0,0.0,0.0,0.0,0.0,0.0,0.0,0.0,0.0,0.0,0.0,0.0,0.0,0.0,0.0,0.0,0
0.0,0.0,0.0,0.0,0.0,0.0,0.0,0.0,0.0,0.0,0.0,0.0,0.0,0.0,0.0,0.0,0.0,0.0,0.0,0.0,0.0,0.0,0.0,0.0,0.0,0.0,0.0,0.0,0.0,0.0,0.0,0.0,0.0,0.0,0.0,0.0,0.0,0.0,0.0,0.0,0.0,0.0,0.0,0.0,0.0,0.0,0.0,0.0,0.0,0.0,0.0,0.0,0.0,0.0,0.0,0.0,0.0,0.0,0.0,0.0,0.0,0.0,0.0,0.0,0.0,0.0,0
0.0,0.0,0.0,0.0,0.0,0.0,0.0,0.0,0.0,0.0,0.0,0.0,0.0,0.0,0.0,0.0,0.0,0.0,0.0,0.0,0.0,0.0,0.0,0.0,0.0,0.0,0.0,0.0,0.0,0.0,0.0,0.0,0.0,0.0,0.0,0.0,0.0,0.0,0.0,0.0,0.0,0.0,0.0,0.0,0.0,0.0,0.0,0.0,0.0,0.0,0.0,0.0,0.0,0.0,0.0,0.0,0.0,0.0,0.0,0.0,0.0,0.0,0.0,0.0,0.0,0.0,0
0.0,0.0,0.0,0.0,0.0,0.0,0.0,0.0,0.0,0.0,0.0,0.0,0.0,0.0,0.0,0.0,0.0,0.0,0.0,0.0,0.0,0.0,0.0,0.0,0.0,0.0,0.0,0.0,0.0,0.0,0.0,0.0,0.0,0.0,0.0,0.0,0.0,0.0,0.0,0.0,0.0,0.0,0.0,0.0,0.0,0.0,0.0,0.0,0.0,0.0,0.0,0.0,0.0,0.0,0.0,0.0,0.0,0.0,0.0,0.0,0.0,0.0,0.0,0.0,0.0,0.0,0
0.0,0.0,0.0,0.0,0.0,0.0,0.0,0.0,0.0,0.0,0.0,0.0,0.0,0.0,0.0,0.0,0.0,0.0,0.0,0.0,0.0,0.0,0.0,0.0,0.0,0.0,0.0,0.0,0.0,0.0,0.0,0.0,0.0,0.0,0.0,0.0,0.0,0.0,0.0,0.0,0.0,0.0,0.0,0.0,0.0,0.0,0.0,0.0,0.0,0.0,0.0,0.0,0.0,0.0,0.0,0.0,0.0,0.0,0.0,0.0,0.0,0.0,0.0,0.0,0.0,0.0,0
0.0,0.0,0.0,0.0,0.0,0.0,0.0,0.0,0.0,0.0,0.0,0.0,0.0,0.0,0.0,0.0,0.0,0.0,0.0,0.0,0.0,0.0,0.0,0.0,0.0,0.0,0.0,0.0,0.0,0.0,0.0,0.0,0.0,0.0,0.0,0.0,0.0,0.0,0.0,0.0,0.0,0.0,0.0,0.0,0.0,0.0,0.0,0.0,0.0,0.0,0.0,0.0,0.0,0.0,0.0,0.0,0.0,0.0,0.0,0.0,0.0,0.0,0.0,0.0,0.0,0.0,0
0.0,0.0,0.0,0.0,0.0,0.0,0.0,0.0,0.0,0.0,0.0,0.0,0.0,0.0,0.0,0.0,0.0,0.0,0.0,0.0,0.0,0.0,0.0,0.0,0.0,0.0,0.0,0.0,0.0,0.0,0.0,0.0,0.0,0.0,0.0,0.0,0.0,0.0,0.0,0.0,0.0,0.0,0.0,0.0,0.0,0.0,0.0,0.0,0.0,0.0,0.0,0.0,0.0,0.0,0.0,0.0,0.0,0.0,0.0,0.0,0.0,0.0,0.0,0.0,0.0,0.0,0
0.0,0.0,0.0,0.0,0.0,0.0,0.0,0.0,0.0,0.0,0.0,0.0,0.0,0.0,0.0,0.0,0.0,0.0,0.0,0.0,0.0,0.0,0.0,0.0,0.0,0.0,0.0,0.0,0.0,0.0,0.0,0.0,0.0,0.0,0.0,0.0,0.0,0.0,0.0,0.0,0.0,0.0,0.0,0.0,0.0,0.0,0.0,0.0,0.0,0.0,0.0,0.0,0.0,0.0,0.0,0.0,0.0,0.0,0.0,0.0,0.0,0.0,0.0,0.0,0.0,0.0,0
0.0,0.0,0.0,0.0,0.0,0.0,0.0,0.0,0.0,0.0,0.0,0.0,0.0,0.0,0.0,0.0,0.0,0.0,0.0,0.0,0.0,0.0,0.0,0.0,0.0,0.0,0.0,0.0,0.0,0.0,0.0,0.0,0.0,0.0,0.0,0.0,0.0,0.0,0.0,0.0,0.0,0.0,0.0,0.0,0.0,0.0,0.0,0.0,0.0,0.0,0.0,0.0,0.0,0.0,0.0,0.0,0.0,0.0,0.0,0.0,0.0,0.0,0.0,0.0,0.0,0.0,0
0.0,0.0,0.0,0.0,0.0,0.0,0.0,0.0,0.0,0.0,0.0,0.0,0.0,0.0,0.0,0.0,0.0,0.0,0.0,0.0,0.0,0.0,0.0,0.0,0.0,0.0,0.0,0.0,0.0,0.0,0.0,0.0,0.0,0.0,0.0,0.0,0.0,0.0,0.0,0.0,0.0,0.0,0.0,0.0,0.0,0.0,0.0,0.0,0.0,0.0,0.0,0.0,0.0,0.0,0.0,0.0,0.0,0.0,0.0,0.0,0.0,0.0,0.0,0.0,0.0,0.0,0
0.0,0.0,0.0,0.0,0.0,0.0,0.0,0.0,0.0,0.0,0.0,0.0,0.0,0.0,0.0,0.0,0.0,0.0,0.0,0.0,0.0,0.0,0.0,0.0,0.0,0.0,0.0,0.0,0.0,0.0,0.0,0.0,0.0,0.0,0.0,0.0,0.0,0.0,0.0,0.0,0.0,0.0,0.0,0.0,0.0,0.0,0.0,0.0,0.0,0.0,0.0,0.0,0.0,0.0,0.0,0.0,0.0,0.0,0.0,0.0,0.0,0.0,0.0,0.0,0.0,0.0,0
0.0,0.0,0.0,0.0,0.0,0.0,0.0,0.0,0.0,0.0,0.0,0.0,0.0,0.0,0.0,0.0,0.0,0.0,0.0,0.0,0.0,0.0,0.0,0.0,0.0,0.0,0.0,0.0,0.0,0.0,0.0,0.0,0.0,0.0,0.0,0.0,0.0,0.0,0.0,0.0,0.0,0.0,0.0,0.0,0.0,0.0,0.0,0.0,0.0,0.0,0.0,0.0,0.0,0.0,0.0,0.0,0.0,0.0,0.0,0.0,0.0,0.0,0.0,0.0,0.0,0.0,0
0.0,0.0,0.0,0.0,0.0,0.0,0.0,0.0,0.0,0.0,0.0,0.0,0.0,0.0,0.0,0.0,0.0,0.0,0.0,0.0,0.0,0.0,0.0,0.0,0.0,0.0,0.0,0.0,0.0,0.0,0.0,0.0,0.0,0.0,0.0,0.0,0.0,0.0,0.0,0.0,0.0,0.0,0.0,0.0,0.0,0.0,0.0,0.0,0.0,0.0,0.0,0.0,0.0,0.0,0.0,0.0,0.0,0.0,0.0,0.0,0.0,0.0,0.0,0.0,0.0,0.0,0
0.0,0.0,0.0,0.0,0.0,0.0,0.0,0.0,0.0,0.0,0.0,0.0,0.0,0.0,0.0,0.0,0.0,0.0,0.0,0.0,0.0,0.0,0.0,0.0,0.0,0.0,0.0,0.0,0.0,0.0,0.0,0.0,0.0,0.0,0.0,0.0,0.0,0.0,0.0,0.0,0.0,0.0,0.0,0.0,0.0,0.0,0.0,0.0,0.0,0.0,0.0,0.0,0.0,0.0,0.0,0.0,0.0,0.0,0.0,0.0,0.0,0.0,0.0,0.0,0.0,0.0,0
0.0,0.0,0.0,0.0,0.0,0.0,0.0,0.0,0.0,0.0,0.0,0.0,0.0,0.0,0.0,0.0,0.0,0.0,0.0,0.0,0.0,0.0,0.0,0.0,0.0,0.0,0.0,0.0,0.0,0.0,0.0,0.0,0.0,0.0,0.0,0.0,0.0,0.0,0.0,0.0,0.0,0.0,0.0,0.0,0.0,0.0,0.0,0.0,0.0,0.0,0.0,0.0,0.0,0.0,0.0,0.0,0.0,0.0,0.0,0.0,0.0,0.0,0.0,0.0,0.0,0.0,0
0.0,0.0,0.0,0.0,0.0,0.0,0.0,0.0,0.0,0.0,0.0,0.0,0.0,0.0,0.0,0.0,0.0,0.0,0.0,0.0,0.0,0.0,0.0,0.0,0.0,0.0,0.0,0.0,0.0,0.0,0.0,0.0,0.0,0.0,0.0,0.0,0.0,0.0,0.0,0.0,0.0,0.0,0.0,0.0,0.0,0.0,0.0,0.0,0.0,0.0,0.0,0.0,0.0,0.0,0.0,0.0,0.0,0.0,0.0,0.0,0.0,0.0,0.0,0.0,0.0,0.0,0
0.0,0.0,0.0,0.0,0.0,0.0,0.0,0.0,0.0,0.0,0.0,0.0,0.0,0.0,0.0,0.0,0.0,0.0,0.0,0.0,0.0,0.0,0.0,0.0,0.0,0.0,0.0,0.0,0.0,0.0,0.0,0.0,0.0,0.0,0.0,0.0,0.0,0.0,0.0,0.0,0.0,0.0,0.0,0.0,0.0,0.0,0.0,0.0,0.0,0.0,0.0,0.0,0.0,0.0,0.0,0.0,0.0,0.0,0.0,0.0,0.0,0.0,0.0,0.0,0.0,0.0,0
0.0,0.0,0.0,0.0,0.0,0.0,0.0,0.0,0.0,0.0,0.0,0.0,0.0,0.0,0.0,0.0,0.0,0.0,0.0,0.0,0.0,0.0,0.0,0.0,0.0,0.0,0.0,0.0,0.0,0.0,0.0,0.0,0.0,0.0,0.0,0.0,0.0,0.0,0.0,0.0,0.0,0.0,0.0,0.0,0.0,0.0,0.0,0.0,0.0,0.0,0.0,0.0,0.0,0.0,0.0,0.0,0.0,0.0,0.0,0.0,0.0,0.0,0.0,0.0,0.0,0.0,0
0.0,0.0,0.0,0.0,0.0,0.0,0.0,0.0,0.0,0.0,0.0,0.0,0.0,0.0,0.0,0.0,0.0,0.0,0.0,0.0,0.0,0.0,0.0,0.0,0.0,0.0,0.0,0.0,0.0,0.0,0.0,0.0,0.0,0.0,0.0,0.0,0.0,0.0,0.0,0.0,0.0,0.0,0.0,0.0,0.0,0.0,0.0,0.0,0.0,0.0,0.0,0.0,0.0,0.0,0.0,0.0,0.0,0.0,0.0,0.0,0.0,0.0,0.0,0.0,0.0,0.0,0
0.0,0.0,0.0,0.0,0.0,0.0,0.0,0.0,0.0,0.0,0.0,0.0,0.0,0.0,0.0,0.0,0.0,0.0,0.0,0.0,0.0,0.0,0.0,0.0,0.0,0.0,0.0,0.0,0.0,0.0,0.0,0.0,0.0,0.0,0.0,0.0,0.0,0.0,0.0,0.0,0.0,0.0,0.0,0.0,0.0,0.0,0.0,0.0,0.0,0.0,0.0,0.0,0.0,0.0,0.0,0.0,0.0,0.0,0.0,0.0,0.0,0.0,0.0,0.0,0.0,0.0,0
0.0,0.0,0.0,0.0,0.0,0.0,0.0,0.0,0.0,0.0,0.0,0.0,0.0,0.0,0.0,0.0,0.0,0.0,0.0,0.0,0.0,0.0,0.0,0.0,0.0,0.0,0.0,0.0,0.0,0.0,0.0,0.0,0.0,0.0,0.0,0.0,0.0,0.0,0.0,0.0,0.0,0.0,0.0,0.0,0.0,0.0,0.0,0.0,0.0,0.0,0.0,0.0,0.0,0.0,0.0,0.0,0.0,0.0,0.0,0.0,0.0,0.0,0.0,0.0,0.0,0.0,0
0.0,0.0,0.0,0.0,0.0,0.0,0.0,0.0,0.0,0.0,0.0,0.0,0.0,0.0,0.0,0.0,0.0,0.0,0.0,0.0,0.0,0.0,0.0,0.0,0.0,0.0,0.0,0.0,0.0,0.0,0.0,0.0,0.0,0.0,0.0,0.0,0.0,0.0,0.0,0.0,0.0,0.0,0.0,0.0,0.0,0.0,0.0,0.0,0.0,0.0,0.0,0.0,0.0,0.0,0.0,0.0,0.0,0.0,0.0,0.0,0.0,0.0,0.0,0.0,0.0,0.0,0
0.0,0.0,0.0,0.0,0.0,0.0,0.0,0.0,0.0,0.0,0.0,0.0,0.0,0.0,0.0,0.0,0.0,0.0,0.0,0.0,0.0,0.0,0.0,0.0,0.0,0.0,0.0,0.0,0.0,0.0,0.0,0.0,0.0,0.0,0.0,0.0,0.0,0.0,0.0,0.0,0.0,0.0,0.0,0.0,0.0,0.0,0.0,0.0,0.0,0.0,0.0,0.0,0.0,0.0,0.0,0.0,0.0,0.0,0.0,0.0,0.0,0.0,0.0,0.0,0.0,0.0,0
0.0,0.0,0.0,0.0,0.0,0.0,0.0,0.0,0.0,0.0,0.0,0.0,0.0,0.0,0.0,0.0,0.0,0.0,0.0,0.0,0.0,0.0,0.0,0.0,0.0,0.0,0.0,0.0,0.0,0.0,0.0,0.0,0.0,0.0,0.0,0.0,0.0,0.0,0.0,0.0,0.0,0.0,0.0,0.0,0.0,0.0,0.0,0.0,0.0,0.0,0.0,0.0,0.0,0.0,0.0,0.0,0.0,0.0,0.0,0.0,0.0,0.0,0.0,0.0,0.0,0.0,0
0.0,0.0,0.0,0.0,0.0,0.0,0.0,0.0,0.0,0.0,0.0,0.0,0.0,0.0,0.0,0.0,0.0,0.0,0.0,0.0,0.0,0.0,0.0,0.0,0.0,0.0,0.0,0.0,0.0,0.0,0.0,0.0,0.0,0.0,0.0,0.0,0.0,0.0,0.0,0.0,0.0,0.0,0.0,0.0,0.0,0.0,0.0,0.0,0.0,0.0,0.0,0.0,0.0,0.0,0.0,0.0,0.0,0.0,0.0,0.0,0.0,0.0,0.0,0.0,0.0,0.0,0
0.0,0.0,0.0,0.0,0.0,0.0,0.0,0.0,0.0,0.0,0.0,0.0,0.0,0.0,0.0,0.0,0.0,0.0,0.0,0.0,0.0,0.0,0.0,0.0,0.0,0.0,0.0,0.0,0.0,0.0,0.0,0.0,0.0,0.0,0.0,0.0,0.0,0.0,0.0,0.0,0.0,0.0,0.0,0.0,0.0,0.0,0.0,0.0,0.0,0.0,0.0,0.0,0.0,0.0,0.0,0.0,0.0,0.0,0.0,0.0,0.0,0.0,0.0,0.0,0.0,0.0,0
0.0,0.0,0.0,0.0,0.0,0.0,0.0,0.0,0.0,0.0,0.0,0.0,0.0,0.0,0.0,0.0,0.0,0.0,0.0,0.0,0.0,0.0,0.0,0.0,0.0,0.0,0.0,0.0,0.0,0.0,0.0,0.0,0.0,0.0,0.0,0.0,0.0,0.0,0.0,0.0,0.0,0.0,0.0,0.0,0.0,0.0,0.0,0.0,0.0,0.0,0.0,0.0,0.0,0.0,0.0,0.0,0.0,0.0,0.0,0.0,0.0,0.0,0.0,0.0,0.0,0.0,0
0.0,0.0,0.0,0.0,0.0,0.0,0.0,0.0,0.0,0.0,0.0,0.0,0.0,0.0,0.0,0.0,0.0,0.0,0.0,0.0,0.0,0.0,0.0,0.0,0.0,0.0,0.0,0.0,0.0,0.0,0.0,0.0,0.0,0.0,0.0,0.0,0.0,0.0,0.0,0.0,0.0,0.0,0.0,0.0,0.0,0.0,0.0,0.0,0.0,0.0,0.0,0.0,0.0,0.0,0.0,0.0,0.0,0.0,0.0,0.0,0.0,0.0,0.0,0.0,0.0,0.0,0
0.0,0.0,0.0,0.0,0.0,0.0,0.0,0.0,0.0,0.0,0.0,0.0,0.0,0.0,0.0,0.0,0.0,0.0,0.0,0.0,0.0,0.0,0.0,0.0,0.0,0.0,0.0,0.0,0.0,0.0,0.0,0.0,0.0,0.0,0.0,0.0,0.0,0.0,0.0,0.0,0.0,0.0,0.0,0.0,0.0,0.0,0.0,0.0,0.0,0.0,0.0,0.0,0.0,0.0,0.0,0.0,0.0,0.0,0.0,0.0,0.0,0.0,0.0,0.0,0.0,0.0,0
0.0,0.0,0.0,0.0,0.0,0.0,0.0,0.0,0.0,0.0,0.0,0.0,0.0,0.0,0.0,0.0,0.0,0.0,0.0,0.0,0.0,0.0,0.0,0.0,0.0,0.0,0.0,0.0,0.0,0.0,0.0,0.0,0.0,0.0,0.0,0.0,0.0,0.0,0.0,0.0,0.0,0.0,0.0,0.0,0.0,0.0,0.0,0.0,0.0,0.0,0.0,0.0,0.0,0.0,0.0,0.0,0.0,0.0,0.0,0.0,0.0,0.0,0.0,0.0,0.0,0.0,0
0.0,0.0,0.0,0.0,0.0,0.0,0.0,0.0,0.0,0.0,0.0,0.0,0.0,0.0,0.0,0.0,0.0,0.0,0.0,0.0,0.0,0.0,0.0,0.0,0.0,0.0,0.0,0.0,0.0,0.0,0.0,0.0,0.0,0.0,0.0,0.0,0.0,0.0,0.0,0.0,0.0,0.0,0.0,0.0,0.0,0.0,0.0,0.0,0.0,0.0,0.0,0.0,0.0,0.0,0.0,0.0,0.0,0.0,0.0,0.0,0.0,0.0,0.0,0.0,0.0,0.0,0
0.0,0.0,0.0,0.0,0.0,0.0,0.0,0.0,0.0,0.0,0.0,0.0,0.0,0.0,0.0,0.0,0.0,0.0,0.0,0.0,0.0,0.0,0.0,0.0,0.0,0.0,0.0,0.0,0.0,0.0,0.0,0.0,0.0,0.0,0.0,0.0,0.0,0.0,0.0,0.0,0.0,0.0,0.0,0.0,0.0,0.0,0.0,0.0,0.0,0.0,0.0,0.0,0.0,0.0,0.0,0.0,0.0,0.0,0.0,0.0,0.0,0.0,0.0,0.0,0.0,0.0,0
0.0,0.0,0.0,0.0,0.0,0.0,0.0,0.0,0.0,0.0,0.0,0.0,0.0,0.0,0.0,0.0,0.0,0.0,0.0,0.0,0.0,0.0,0.0,0.0,0.0,0.0,0.0,0.0,0.0,0.0,0.0,0.0,0.0,0.0,0.0,0.0,0.0,0.0,0.0,0.0,0.0,0.0,0.0,0.0,0.0,0.0,0.0,0.0,0.0,0.0,0.0,0.0,0.0,0.0,0.0,0.0,0.0,0.0,0.0,0.0,0.0,0.0,0.0,0.0,0.0,0.0,0
0.0,0.0,0.0,0.0,0.0,0.0,0.0,0.0,0.0,0.0,0.0,0.0,0.0,0.0,0.0,0.0,0.0,0.0,0.0,0.0,0.0,0.0,0.0,0.0,0.0,0.0,0.0,0.0,0.0,0.0,0.0,0.0,0.0,0.0,0.0,0.0,0.0,0.0,0.0,0.0,0.0,0.0,0.0,0.0,0.0,0.0,0.0,0.0,0.0,0.0,0.0,0.0,0.0,0.0,0.0,0.0,0.0,0.0,0.0,0.0,0.0,0.0,0.0,0.0,0.0,0.0,0
0.0,0.0,0.0,0.0,0.0,0.0,0.0,0.0,0.0,0.0,0.0,0.0,0.0,0.0,0.0,0.0,0.0,0.0,0.0,0.0,0.0,0.0,0.0,0.0,0.0,0.0,0.0,0.0,0.0,0.0,0.0,0.0,0.0,0.0,0.0,0.0,0.0,0.0,0.0,0.0,0.0,0.0,0.0,0.0,0.0,0.0,0.0,0.0,0.0,0.0,0.0,0.0,0.0,0.0,0.0,0.0,0.0,0.0,0.0,0.0,0.0,0.0,0.0,0.0,0.0,0.0,0
0.0,0.0,0.0,0.0,0.0,0.0,0.0,0.0,0.0,0.0,0.0,0.0,0.0,0.0,0.0,0.0,0.0,0.0,0.0,0.0,0.0,0.0,0.0,0.0,0.0,0.0,0.0,0.0,0.0,0.0,0.0,0.0,0.0,0.0,0.0,0.0,0.0,0.0,0.0,0.0,0.0,0.0,0.0,0.0,0.0,0.0,0.0,0.0,0.0,0.0,0.0,0.0,0.0,0.0,0.0,0.0,0.0,0.0,0.0,0.0,0.0,0.0,0.0,0.0,0.0,0.0,0
0.0,0.0,0.0,0.0,0.0,0.0,0.0,0.0,0.0,0.0,0.0,0.0,0.0,0.0,0.0,0.0,0.0,0.0,0.0,0.0,0.0,0.0,0.0,0.0,0.0,0.0,0.0,0.0,0.0,0.0,0.0,0.0,0.0,0.0,0.0,0.0,0.0,0.0,0.0,0.0,0.0,0.0,0.0,0.0,0.0,0.0,0.0,0.0,0.0,0.0,0.0,0.0,0.0,0.0,0.0,0.0,0.0,0.0,0.0,0.0,0.0,0.0,0.0,0.0,0.0,0.0,0
0.0,0.0,0.0,0.0,0.0,0.0,0.0,0.0,0.0,0.0,0.0,0.0,0.0,0.0,0.0,0.0,0.0,0.0,0.0,0.0,0.0,0.0,0.0,0.0,0.0,0.0,0.0,0.0,0.0,0.0,0.0,0.0,0.0,0.0,0.0,0.0,0.0,0.0,0.0,0.0,0.0,0.0,0.0,0.0,0.0,0.0,0.0,0.0,0.0,0.0,0.0,0.0,0.0,0.0,0.0,0.0,0.0,0.0,0.0,0.0,0.0,0.0,0.0,0.0,0.0,0.0,0
0.0,0.0,0.0,0.0,0.0,0.0,0.0,0.0,0.0,0.0,0.0,0.0,0.0,0.0,0.0,0.0,0.0,0.0,0.0,0.0,0.0,0.0,0.0,0.0,0.0,0.0,0.0,0.0,0.0,0.0,0.0,0.0,0.0,0.0,0.0,0.0,0.0,0.0,0.0,0.0,0.0,0.0,0.0,0.0,0.0,0.0,0.0,0.0,0.0,0.0,0.0,0.0,0.0,0.0,0.0,0.0,0.0,0.0,0.0,0.0,0.0,0.0,0.0,0.0,0.0,0.0,0
0.0,0.0,0.0,0.0,0.0,0.0,0.0,0.0,0.0,0.0,0.0,0.0,0.0,0.0,0.0,0.0,0.0,0.0,0.0,0.0,0.0,0.0,0.0,0.0,0.0,0.0,0.0,0.0,0.0,0.0,0.0,0.0,0.0,0.0,0.0,0.0,0.0,0.0,0.0,0.0,0.0,0.0,0.0,0.0,0.0,0.0,0.0,0.0,0.0,0.0,0.0,0.0,0.0,0.0,0.0,0.0,0.0,0.0,0.0,0.0,0.0,0.0,0.0,0.0,0.0,0.0,0
0.0,0.0,0.0,0.0,0.0,0.0,0.0,0.0,0.0,0.0,0.0,0.0,0.0,0.0,0.0,0.0,0.0,0.0,0.0,0.0,0.0,0.0,0.0,0.0,0.0,0.0,0.0,0.0,0.0,0.0,0.0,0.0,0.0,0.0,0.0,0.0,0.0,0.0,0.0,0.0,0.0,0.0,0.0,0.0,0.0,0.0,0.0,0.0,0.0,0.0,0.0,0.0,0.0,0.0,0.0,0.0,0.0,0.0,0.0,0.0,0.0,0.0,0.0,0.0,0.0,0.0,0
0.0,0.0,0.0,0.0,0.0,0.0,0.0,0.0,0.0,0.0,0.0,0.0,0.0,0.0,0.0,0.0,0.0,0.0,0.0,0.0,0.0,0.0,0.0,0.0,0.0,0.0,0.0,0.0,0.0,0.0,0.0,0.0,0.0,0.0,0.0,0.0,0.0,0.0,0.0,0.0,0.0,0.0,0.0,0.0,0.0,0.0,0.0,0.0,0.0,0.0,0.0,0.0,0.0,0.0,0.0,0.0,0.0,0.0,0.0,0.0,0.0,0.0,0.0,0.0,0.0,0.0,0
0.0,0.0,0.0,0.0,0.0,0.0,0.0,0.0,0.0,0.0,0.0,0.0,0.0,0.0,0.0,0.0,0.0,0.0,0.0,0.0,0.0,0.0,0.0,0.0,0.0,0.0,0.0,0.0,0.0,0.0,0.0,0.0,0.0,0.0,0.0,0.0,0.0,0.0,0.0,0.0,0.0,0.0,0.0,0.0,0.0,0.0,0.0,0.0,0.0,0.0,0.0,0.0,0.0,0.0,0.0,0.0,0.0,0.0,0.0,0.0,0.0,0.0,0.0,0.0,0.0,0.0,0
0.0,0.0,0.0,0.0,0.0,0.0,0.0,0.0,0.0,0.0,0.0,0.0,0.0,0.0,0.0,0.0,0.0,0.0,0.0,0.0,0.0,0.0,0.0,0.0,0.0,0.0,0.0,0.0,0.0,0.0,0.0,0.0,0.0,0.0,0.0,0.0,0.0,0.0,0.0,0.0,0.0,0.0,0.0,0.0,0.0,0.0,0.0,0.0,0.0,0.0,0.0,0.0,0.0,0.0,0.0,0.0,0.0,0.0,0.0,0.0,0.0,0.0,0.0,0.0,0.0,0.0,0
0.0,0.0,0.0,0.0,0.0,0.0,0.0,0.0,0.0,0.0,0.0,0.0,0.0,0.0,0.0,0.0,0.0,0.0,0.0,0.0,0.0,0.0,0.0,0.0,0.0,0.0,0.0,0.0,0.0,0.0,0.0,0.0,0.0,0.0,0.0,0.0,0.0,0.0,0.0,0.0,0.0,0.0,0.0,0.0,0.0,0.0,0.0,0.0,0.0,0.0,0.0,0.0,0.0,0.0,0.0,0.0,0.0,0.0,0.0,0.0,0.0,0.0,0.0,0.0,0.0,0.0,0
0.0,0.0,0.0,0.0,0.0,0.0,0.0,0.0,0.0,0.0,0.0,0.0,0.0,0.0,0.0,0.0,0.0,0.0,0.0,0.0,0.0,0.0,0.0,0.0,0.0,0.0,0.0,0.0,0.0,0.0,0.0,0.0,0.0,0.0,0.0,0.0,0.0,0.0,0.0,0.0,0.0,0.0,0.0,0.0,0.0,0.0,0.0,0.0,0.0,0.0,0.0,0.0,0.0,0.0,0.0,0.0,0.0,0.0,0.0,0.0,0.0,0.0,0.0,0.0,0.0,0.0,0
0.0,0.0,0.0,0.0,0.0,0.0,0.0,0.0,0.0,0.0,0.0,0.0,0.0,0.0,0.0,0.0,0.0,0.0,0.0,0.0,0.0,0.0,0.0,0.0,0.0,0.0,0.0,0.0,0.0,0.0,0.0,0.0,0.0,0.0,0.0,0.0,0.0,0.0,0.0,0.0,0.0,0.0,0.0,0.0,0.0,0.0,0.0,0.0,0.0,0.0,0.0,0.0,0.0,0.0,0.0,0.0,0.0,0.0,0.0,0.0,0.0,0.0,0.0,0.0,0.0,0.0,0
0.0,0.0,0.0,0.0,0.0,0.0,0.0,0.0,0.0,0.0,0.0,0.0,0.0,0.0,0.0,0.0,0.0,0.0,0.0,0.0,0.0,0.0,0.0,0.0,0.0,0.0,0.0,0.0,0.0,0.0,0.0,0.0,0.0,0.0,0.0,0.0,0.0,0.0,0.0,0.0,0.0,0.0,0.0,0.0,0.0,0.0,0.0,0.0,0.0,0.0,0.0,0.0,0.0,0.0,0.0,0.0,0.0,0.0,0.0,0.0,0.0,0.0,0.0,0.0,0.0,0.0,0
0.0,0.0,0.0,0.0,0.0,0.0,0.0,0.0,0.0,0.0,0.0,0.0,0.0,0.0,0.0,0.0,0.0,0.0,0.0,0.0,0.0,0.0,0.0,0.0,0.0,0.0,0.0,0.0,0.0,0.0,0.0,0.0,0.0,0.0,0.0,0.0,0.0,0.0,0.0,0.0,0.0,0.0,0.0,0.0,0.0,0.0,0.0,0.0,0.0,0.0,0.0,0.0,0.0,0.0,0.0,0.0,0.0,0.0,0.0,0.0,0.0,0.0,0.0,0.0,0.0,0.0,0
0.0,0.0,0.0,0.0,0.0,0.0,0.0,0.0,0.0,0.0,0.0,0.0,0.0,0.0,0.0,0.0,0.0,0.0,0.0,0.0,0.0,0.0,0.0,0.0,0.0,0.0,0.0,0.0,0.0,0.0,0.0,0.0,0.0,0.0,0.0,0.0,0.0,0.0,0.0,0.0,0.0,0.0,0.0,0.0,0.0,0.0,0.0,0.0,0.0,0.0,0.0,0.0,0.0,0.0,0.0,0.0,0.0,0.0,0.0,0.0,0.0,0.0,0.0,0.0,0.0,0.0,0
0.0,0.0,0.0,0.0,0.0,0.0,0.0,0.0,0.0,0.0,0.0,0.0,0.0,0.0,0.0,0.0,0.0,0.0,0.0,0.0,0.0,0.0,0.0,0.0,0.0,0.0,0.0,0.0,0.0,0.0,0.0,0.0,0.0,0.0,0.0,0.0,0.0,0.0,0.0,0.0,0.0,0.0,0.0,0.0,0.0,0.0,0.0,0.0,0.0,0.0,0.0,0.0,0.0,0.0,0.0,0.0,0.0,0.0,0.0,0.0,0.0,0.0,0.0,0.0,0.0,0.0,0
0.0,0.0,0.0,0.0,0.0,0.0,0.0,0.0,0.0,0.0,0.0,0.0,0.0,0.0,0.0,0.0,0.0,0.0,0.0,0.0,0.0,0.0,0.0,0.0,0.0,0.0,0.0,0.0,0.0,0.0,0.0,0.0,0.0,0.0,0.0,0.0,0.0,0.0,0.0,0.0,0.0,0.0,0.0,0.0,0.0,0.0,0.0,0.0,0.0,0.0,0.0,0.0,0.0,0.0,0.0,0.0,0.0,0.0,0.0,0.0,0.0,0.0,0.0,0.0,0.0,0.0,0
0.0,0.0,0.0,0.0,0.0,0.0,0.0,0.0,0.0,0.0,0.0,0.0,0.0,0.0,0.0,0.0,0.0,0.0,0.0,0.0,0.0,0.0,0.0,0.0,0.0,0.0,0.0,0.0,0.0,0.0,0.0,0.0,0.0,0.0,0.0,0.0,0.0,0.0,0.0,0.0,0.0,0.0,0.0,0.0,0.0,0.0,0.0,0.0,0.0,0.0,0.0,0.0,0.0,0.0,0.0,0.0,0.0,0.0,0.0,0.0,0.0,0.0,0.0,0.0,0.0,0.0,0
0.0,0.0,0.0,0.0,0.0,0.0,0.0,0.0,0.0,0.0,0.0,0.0,0.0,0.0,0.0,0.0,0.0,0.0,0.0,0.0,0.0,0.0,0.0,0.0,0.0,0.0,0.0,0.0,0.0,0.0,0.0,0.0,0.0,0.0,0.0,0.0,0.0,0.0,0.0,0.0,0.0,0.0,0.0,0.0,0.0,0.0,0.0,0.0,0.0,0.0,0.0,0.0,0.0,0.0,0.0,0.0,0.0,0.0,0.0,0.0,0.0,0.0,0.0,0.0,0.0,0.0,0
0.0,0.0,0.0,0.0,0.0,0.0,0.0,0.0,0.0,0.0,0.0,0.0,0.0,0.0,0.0,0.0,0.0,0.0,0.0,0.0,0.0,0.0,0.0,0.0,0.0,0.0,0.0,0.0,0.0,0.0,0.0,0.0,0.0,0.0,0.0,0.0,0.0,0.0,0.0,0.0,0.0,0.0,0.0,0.0,0.0,0.0,0.0,0.0,0.0,0.0,0.0,0.0,0.0,0.0,0.0,0.0,0.0,0.0,0.0,0.0,0.0,0.0,0.0,0.0,0.0,0.0,0
0.0,0.0,0.0,0.0,0.0,0.0,0.0,0.0,0.0,0.0,0.0,0.0,0.0,0.0,0.0,0.0,0.0,0.0,0.0,0.0,0.0,0.0,0.0,0.0,0.0,0.0,0.0,0.0,0.0,0.0,0.0,0.0,0.0,0.0,0.0,0.0,0.0,0.0,0.0,0.0,0.0,0.0,0.0,0.0,0.0,0.0,0.0,0.0,0.0,0.0,0.0,0.0,0.0,0.0,0.0,0.0,0.0,0.0,0.0,0.0,0.0,0.0,0.0,0.0,0.0,0.0,0
0.0,0.0,0.0,0.0,0.0,0.0,0.0,0.0,0.0,0.0,0.0,0.0,0.0,0.0,0.0,0.0,0.0,0.0,0.0,0.0,0.0,0.0,0.0,0.0,0.0,0.0,0.0,0.0,0.0,0.0,0.0,0.0,0.0,0.0,0.0,0.0,0.0,0.0,0.0,0.0,0.0,0.0,0.0,0.0,0.0,0.0,0.0,0.0,0.0,0.0,0.0,0.0,0.0,0.0,0.0,0.0,0.0,0.0,0.0,0.0,0.0,0.0,0.0,0.0,0.0,0.0,0
0.0,0.0,0.0,0.0,0.0,0.0,0.0,0.0,0.0,0.0,0.0,0.0,0.0,0.0,0.0,0.0,0.0,0.0,0.0,0.0,0.0,0.0,0.0,0.0,0.0,0.0,0.0,0.0,0.0,0.0,0.0,0.0,0.0,0.0,0.0,0.0,0.0,0.0,0.0,0.0,0.0,0.0,0.0,0.0,0.0,0.0,0.0,0.0,0.0,0.0,0.0,0.0,0.0,0.0,0.0,0.0,0.0,0.0,0.0,0.0,0.0,0.0,0.0,0.0,0.0,0.0,0
0.0,0.0,0.0,0.0,0.0,0.0,0.0,0.0,0.0,0.0,0.0,0.0,0.0,0.0,0.0,0.0,0.0,0.0,0.0,0.0,0.0,0.0,0.0,0.0,0.0,0.0,0.0,0.0,0.0,0.0,0.0,0.0,0.0,0.0,0.0,0.0,0.0,0.0,0.0,0.0,0.0,0.0,0.0,0.0,0.0,0.0,0.0,0.0,0.0,0.0,0.0,0.0,0.0,0.0,0.0,0.0,0.0,0.0,0.0,0.0,0.0,0.0,0.0,0.0,0.0,0.0,0
0.0,0.0,0.0,0.0,0.0,0.0,0.0,0.0,0.0,0.0,0.0,0.0,0.0,0.0,0.0,0.0,0.0,0.0,0.0,0.0,0.0,0.0,0.0,0.0,0.0,0.0,0.0,0.0,0.0,0.0,0.0,0.0,0.0,0.0,0.0,0.0,0.0,0.0,0.0,0.0,0.0,0.0,0.0,0.0,0.0,0.0,0.0,0.0,0.0,0.0,0.0,0.0,0.0,0.0,0.0,0.0,0.0,0.0,0.0,0.0,0.0,0.0,0.0,0.0,0.0,0.0,0
0.0,0.0,0.0,0.0,0.0,0.0,0.0,0.0,0.0,0.0,0.0,0.0,0.0,0.0,0.0,0.0,0.0,0.0,0.0,0.0,0.0,0.0,0.0,0.0,0.0,0.0,0.0,0.0,0.0,0.0,0.0,0.0,0.0,0.0,0.0,0.0,0.0,0.0,0.0,0.0,0.0,0.0,0.0,0.0,0.0,0.0,0.0,0.0,0.0,0.0,0.0,0.0,0.0,0.0,0.0,0.0,0.0,0.0,0.0,0.0,0.0,0.0,0.0,0.0,0.0,0.0,0
0.0,0.0,0.0,0.0,0.0,0.0,0.0,0.0,0.0,0.0,0.0,0.0,0.0,0.0,0.0,0.0,0.0,0.0,0.0,0.0,0.0,0.0,0.0,0.0,0.0,0.0,0.0,0.0,0.0,0.0,0.0,0.0,0.0,0.0,0.0,0.0,0.0,0.0,0.0,0.0,0.0,0.0,0.0,0.0,0.0,0.0,0.0,0.0,0.0,0.0,0.0,0.0,0.0,0.0,0.0,0.0,0.0,0.0,0.0,0.0,0.0,0.0,0.0,0.0,0.0,0.0,0
0.0,0.0,0.0,0.0,0.0,0.0,0.0,0.0,0.0,0.0,0.0,0.0,0.0,0.0,0.0,0.0,0.0,0.0,0.0,0.0,0.0,0.0,0.0,0.0,0.0,0.0,0.0,0.0,0.0,0.0,0.0,0.0,0.0,0.0,0.0,0.0,0.0,0.0,0.0,0.0,0.0,0.0,0.0,0.0,0.0,0.0,0.0,0.0,0.0,0.0,0.0,0.0,0.0,0.0,0.0,0.0,0.0,0.0,0.0,0.0,0.0,0.0,0.0,0.0,0.0,0.0,0
0.0,0.0,0.0,0.0,0.0,0.0,0.0,0.0,0.0,0.0,0.0,0.0,0.0,0.0,0.0,0.0,0.0,0.0,0.0,0.0,0.0,0.0,0.0,0.0,0.0,0.0,0.0,0.0,0.0,0.0,0.0,0.0,0.0,0.0,0.0,0.0,0.0,0.0,0.0,0.0,0.0,0.0,0.0,0.0,0.0,0.0,0.0,0.0,0.0,0.0,0.0,0.0,0.0,0.0,0.0,0.0,0.0,0.0,0.0,0.0,0.0,0.0,0.0,0.0,0.0,0.0,0
0.0,0.0,0.0,0.0,0.0,0.0,0.0,0.0,0.0,0.0,0.0,0.0,0.0,0.0,0.0,0.0,0.0,0.0,0.0,0.0,0.0,0.0,0.0,0.0,0.0,0.0,0.0,0.0,0.0,0.0,0.0,0.0,0.0,0.0,0.0,0.0,0.0,0.0,0.0,0.0,0.0,0.0,0.0,0.0,0.0,0.0,0.0,0.0,0.0,0.0,0.0,0.0,0.0,0.0,0.0,0.0,0.0,0.0,0.0,0.0,0.0,0.0,0.0,0.0,0.0,0.0,0
0.0,0.0,0.0,0.0,0.0,0.0,0.0,0.0,0.0,0.0,0.0,0.0,0.0,0.0,0.0,0.0,0.0,0.0,0.0,0.0,0.0,0.0,0.0,0.0,0.0,0.0,0.0,0.0,0.0,0.0,0.0,0.0,0.0,0.0,0.0,0.0,0.0,0.0,0.0,0.0,0.0,0.0,0.0,0.0,0.0,0.0,0.0,0.0,0.0,0.0,0.0,0.0,0.0,0.0,0.0,0.0,0.0,0.0,0.0,0.0,0.0,0.0,0.0,0.0,0.0,0.0,0
0.0,0.0,0.0,0.0,0.0,0.0,0.0,0.0,0.0,0.0,0.0,0.0,0.0,0.0,0.0,0.0,0.0,0.0,0.0,0.0,0.0,0.0,0.0,0.0,0.0,0.0,0.0,0.0,0.0,0.0,0.0,0.0,0.0,0.0,0.0,0.0,0.0,0.0,0.0,0.0,0.0,0.0,0.0,0.0,0.0,0.0,0.0,0.0,0.0,0.0,0.0,0.0,0.0,0.0,0.0,0.0,0.0,0.0,0.0,0.0,0.0,0.0,0.0,0.0,0.0,0.0,0
0.0,0.0,0.0,0.0,0.0,0.0,0.0,0.0,0.0,0.0,0.0,0.0,0.0,0.0,0.0,0.0,0.0,0.0,0.0,0.0,0.0,0.0,0.0,0.0,0.0,0.0,0.0,0.0,0.0,0.0,0.0,0.0,0.0,0.0,0.0,0.0,0.0,0.0,0.0,0.0,0.0,0.0,0.0,0.0,0.0,0.0,0.0,0.0,0.0,0.0,0.0,0.0,0.0,0.0,0.0,0.0,0.0,0.0,0.0,0.0,0.0,0.0,0.0,0.0,0.0,0.0,0
0.0,0.0,0.0,0.0,0.0,0.0,0.0,0.0,0.0,0.0,0.0,0.0,0.0,0.0,0.0,0.0,0.0,0.0,0.0,0.0,0.0,0.0,0.0,0.0,0.0,0.0,0.0,0.0,0.0,0.0,0.0,0.0,0.0,0.0,0.0,0.0,0.0,0.0,0.0,0.0,0.0,0.0,0.0,0.0,0.0,0.0,0.0,0.0,0.0,0.0,0.0,0.0,0.0,0.0,0.0,0.0,0.0,0.0,0.0,0.0,0.0,0.0,0.0,0.0,0.0,0.0,0
0.0,0.0,0.0,0.0,0.0,0.0,0.0,0.0,0.0,0.0,0.0,0.0,0.0,0.0,0.0,0.0,0.0,0.0,0.0,0.0,0.0,0.0,0.0,0.0,0.0,0.0,0.0,0.0,0.0,0.0,0.0,0.0,0.0,0.0,0.0,0.0,0.0,0.0,0.0,0.0,0.0,0.0,0.0,0.0,0.0,0.0,0.0,0.0,0.0,0.0,0.0,0.0,0.0,0.0,0.0,0.0,0.0,0.0,0.0,0.0,0.0,0.0,0.0,0.0,0.0,0.0,0
0.0,0.0,0.0,0.0,0.0,0.0,0.0,0.0,0.0,0.0,0.0,0.0,0.0,0.0,0.0,0.0,0.0,0.0,0.0,0.0,0.0,0.0,0.0,0.0,0.0,0.0,0.0,0.0,0.0,0.0,0.0,0.0,0.0,0.0,0.0,0.0,0.0,0.0,0.0,0.0,0.0,0.0,0.0,0.0,0.0,0.0,0.0,0.0,0.0,0.0,0.0,0.0,0.0,0.0,0.0,0.0,0.0,0.0,0.0,0.0,0.0,0.0,0.0,0.0,0.0,0.0,0
0.0,0.0,0.0,0.0,0.0,0.0,0.0,0.0,0.0,0.0,0.0,0.0,0.0,0.0,0.0,0.0,0.0,0.0,0.0,0.0,0.0,0.0,0.0,0.0,0.0,0.0,0.0,0.0,0.0,0.0,0.0,0.0,0.0,0.0,0.0,0.0,0.0,0.0,0.0,0.0,0.0,0.0,0.0,0.0,0.0,0.0,0.0,0.0,0.0,0.0,0.0,0.0,0.0,0.0,0.0,0.0,0.0,0.0,0.0,0.0,0.0,0.0,0.0,0.0,0.0,0.0,0
0.0,0.0,0.0,0.0,0.0,0.0,0.0,0.0,0.0,0.0,0.0,0.0,0.0,0.0,0.0,0.0,0.0,0.0,0.0,0.0,0.0,0.0,0.0,0.0,0.0,0.0,0.0,0.0,0.0,0.0,0.0,0.0,0.0,0.0,0.0,0.0,0.0,0.0,0.0,0.0,0.0,0.0,0.0,0.0,0.0,0.0,0.0,0.0,0.0,0.0,0.0,0.0,0.0,0.0,0.0,0.0,0.0,0.0,0.0,0.0,0.0,0.0,0.0,0.0,0.0,0.0,0
0.0,0.0,0.0,0.0,0.0,0.0,0.0,0.0,0.0,0.0,0.0,0.0,0.0,0.0,0.0,0.0,0.0,0.0,0.0,0.0,0.0,0.0,0.0,0.0,0.0,0.0,0.0,0.0,0.0,0.0,0.0,0.0,0.0,0.0,0.0,0.0,0.0,0.0,0.0,0.0,0.0,0.0,0.0,0.0,0.0,0.0,0.0,0.0,0.0,0.0,0.0,0.0,0.0,0.0,0.0,0.0,0.0,0.0,0.0,0.0,0.0,0.0,0.0,0.0,0.0,0.0,0
0.0,0.0,0.0,0.0,0.0,0.0,0.0,0.0,0.0,0.0,0.0,0.0,0.0,0.0,0.0,0.0,0.0,0.0,0.0,0.0,0.0,0.0,0.0,0.0,0.0,0.0,0.0,0.0,0.0,0.0,0.0,0.0,0.0,0.0,0.0,0.0,0.0,0.0,0.0,0.0,0.0,0.0,0.0,0.0,0.0,0.0,0.0,0.0,0.0,0.0,0.0,0.0,0.0,0.0,0.0,0.0,0.0,0.0,0.0,0.0,0.0,0.0,0.0,0.0,0.0,0.0,0
0.0,0.0,0.0,0.0,0.0,0.0,0.0,0.0,0.0,0.0,0.0,0.0,0.0,0.0,0.0,0.0,0.0,0.0,0.0,0.0,0.0,0.0,0.0,0.0,0.0,0.0,0.0,0.0,0.0,0.0,0.0,0.0,0.0,0.0,0.0,0.0,0.0,0.0,0.0,0.0,0.0,0.0,0.0,0.0,0.0,0.0,0.0,0.0,0.0,0.0,0.0,0.0,0.0,0.0,0.0,0.0,0.0,0.0,0.0,0.0,0.0,0.0,0.0,0.0,0.0,0.0,0
0.0,0.0,0.0,0.0,0.0,0.0,0.0,0.0,0.0,0.0,0.0,0.0,0.0,0.0,0.0,0.0,0.0,0.0,0.0,0.0,0.0,0.0,0.0,0.0,0.0,0.0,0.0,0.0,0.0,0.0,0.0,0.0,0.0,0.0,0.0,0.0,0.0,0.0,0.0,0.0,0.0,0.0,0.0,0.0,0.0,0.0,0.0,0.0,0.0,0.0,0.0,0.0,0.0,0.0,0.0,0.0,0.0,0.0,0.0,0.0,0.0,0.0,0.0,0.0,0.0,0.0,0
0.0,0.0,0.0,0.0,0.0,0.0,0.0,0.0,0.0,0.0,0.0,0.0,0.0,0.0,0.0,0.0,0.0,0.0,0.0,0.0,0.0,0.0,0.0,0.0,0.0,0.0,0.0,0.0,0.0,0.0,0.0,0.0,0.0,0.0,0.0,0.0,0.0,0.0,0.0,0.0,0.0,0.0,0.0,0.0,0.0,0.0,0.0,0.0,0.0,0.0,0.0,0.0,0.0,0.0,0.0,0.0,0.0,0.0,0.0,0.0,0.0,0.0,0.0,0.0,0.0,0.0,0
0.0,0.0,0.0,0.0,0.0,0.0,0.0,0.0,0.0,0.0,0.0,0.0,0.0,0.0,0.0,0.0,0.0,0.0,0.0,0.0,0.0,0.0,0.0,0.0,0.0,0.0,0.0,0.0,0.0,0.0,0.0,0.0,0.0,0.0,0.0,0.0,0.0,0.0,0.0,0.0,0.0,0.0,0.0,0.0,0.0,0.0,0.0,0.0,0.0,0.0,0.0,0.0,0.0,0.0,0.0,0.0,0.0,0.0,0.0,0.0,0.0,0.0,0.0,0.0,0.0,0.0,0
0.0,0.0,0.0,0.0,0.0,0.0,0.0,0.0,0.0,0.0,0.0,0.0,0.0,0.0,0.0,0.0,0.0,0.0,0.0,0.0,0.0,0.0,0.0,0.0,0.0,0.0,0.0,0.0,0.0,0.0,0.0,0.0,0.0,0.0,0.0,0.0,0.0,0.0,0.0,0.0,0.0,0.0,0.0,0.0,0.0,0.0,0.0,0.0,0.0,0.0,0.0,0.0,0.0,0.0,0.0,0.0,0.0,0.0,0.0,0.0,0.0,0.0,0.0,0.0,0.0,0.0,0
0.0,0.0,0.0,0.0,0.0,0.0,0.0,0.0,0.0,0.0,0.0,0.0,0.0,0.0,0.0,0.0,0.0,0.0,0.0,0.0,0.0,0.0,0.0,0.0,0.0,0.0,0.0,0.0,0.0,0.0,0.0,0.0,0.0,0.0,0.0,0.0,0.0,0.0,0.0,0.0,0.0,0.0,0.0,0.0,0.0,0.0,0.0,0.0,0.0,0.0,0.0,0.0,0.0,0.0,0.0,0.0,0.0,0.0,0.0,0.0,0.0,0.0,0.0,0.0,0.0,0.0,0
0.0,0.0,0.0,0.0,0.0,0.0,0.0,0.0,0.0,0.0,0.0,0.0,0.0,0.0,0.0,0.0,0.0,0.0,0.0,0.0,0.0,0.0,0.0,0.0,0.0,0.0,0.0,0.0,0.0,0.0,0.0,0.0,0.0,0.0,0.0,0.0,0.0,0.0,0.0,0.0,0.0,0.0,0.0,0.0,0.0,0.0,0.0,0.0,0.0,0.0,0.0,0.0,0.0,0.0,0.0,0.0,0.0,0.0,0.0,0.0,0.0,0.0,0.0,0.0,0.0,0.0,0
0.0,0.0,0.0,0.0,0.0,0.0,0.0,0.0,0.0,0.0,0.0,0.0,0.0,0.0,0.0,0.0,0.0,0.0,0.0,0.0,0.0,0.0,0.0,0.0,0.0,0.0,0.0,0.0,0.0,0.0,0.0,0.0,0.0,0.0,0.0,0.0,0.0,0.0,0.0,0.0,0.0,0.0,0.0,0.0,0.0,0.0,0.0,0.0,0.0,0.0,0.0,0.0,0.0,0.0,0.0,0.0,0.0,0.0,0.0,0.0,0.0,0.0,0.0,0.0,0.0,0.0,0
0.626013994216919,0.37057214975357056,0.628429114818573,0.3566756248474121,0.6300780177116394,0.3546363115310669,0.6314854025840759,0.35236525535583496,0.6227090358734131,0.35986924171447754,0.620915949344635,0.3595810532569885,0.6192755103111267,0.35869669914245605,0.6332820057868958,0.34206366539001465,0.6161549091339111,0.35096311569213867,0.6292048692703247,0.3765411376953125,0.6231414675712585,0.37885117530822754,0.6505754590034485,0.3684466481208801,0.6010041236877441,0.3944327235221863,0.6630035042762756,0.4454217553138733,0.5936275124549866,0.48437923192977905,0.659980833530426,0.5280245542526245,0.5986250638961792,0.5710193514823914,0.6615670919418335,0.5520974397659302,0.5984482169151306,0.5954622626304626,0.6571969985961914,0.5494397282600403,0.6022675037384033,0.5909632444381714,0.6557894349098206,0.5416486263275146,0.603495180606842,0.5800398588180542,0.643499493598938,0.5067493915557861,0.6184080243110657,0.5164559483528137,0.6468397974967957,0.6275506019592285,0.6230313181877136,0.6211734414100647,0.647117018699646,0.7368122339248657,0.6250585913658142,0.7087831497192383,0.6444917917251587,0.7472983598709106,0.6266621947288513,0.7192815542221069,0.6496436595916748,0.7848460078239441,0.6205840706825256,0.7489911913871765,0
0.6254130601882935,0.38156962394714355,0.6275264620780945,0.3684779107570648,0.6296167969703674,0.36636894941329956,0.631346583366394,0.3638664186000824,0.6216014623641968,0.37032923102378845,0.6196094155311584,0.3692905008792877,0.6174507141113281,0.36757129430770874,0.6346027255058289,0.35195988416671753,0.614928126335144,0.3585662543773651,0.6293858289718628,0.3863387703895569,0.6224163770675659,0.38783717155456543,0.6553184390068054,0.37371349334716797,0.6012290716171265,0.39305150508880615,0.6649181842803955,0.4632742702960968,0.5891216993331909,0.4896909296512604,0.661797821521759,0.5397508144378662,0.5983104705810547,0.5745524168014526,0.6620479822158813,0.5613729357719421,0.5982964634895325,0.599992573261261,0.6590931415557861,0.5561020374298096,0.6038469076156616,0.5955523252487183,0.6580838561058044,0.5494309663772583,0.6050087213516235,0.5858122110366821,0.6436017751693726,0.5085000991821289,0.615662157535553,0.5101613402366638,0.6504583954811096,0.6300209760665894,0.6166987419128418,0.6267423629760742,0.6455565690994263,0.7325837016105652,0.6284790635108948,0.6898749470710754,0.6441006064414978,0.7414022088050842,0.629501223564148,0.6910717487335205,0.6496968865394592,0.7869020700454712,0.6260700225830078,0.7379123568534851,0
0.6283051371574402,0.3901847004890442,0.6303348541259766,0.3746480643749237,0.6323125958442688,0.3727046549320221,0.6339823007583618,0.37045735120773315,0.6246057748794556,0.3762669861316681,0.6226220726966858,0.375201016664505,0.6206239461898804,0.37365853786468506,0.6357860565185547,0.3583381175994873,0.6170558929443359,0.36353799700737,0.6315757036209106,0.39642179012298584,0.6253583431243896,0.39817261695861816,0.6540835499763489,0.371908962726593,0.6031287312507629,0.3970542550086975,0.6651339530944824,0.4586833715438843,0.5924175381660461,0.5001062154769897,0.6639140844345093,0.5418252348899841,0.6002634763717651,0.5891396999359131,0.6645023822784424,0.5636188387870789,0.5995659828186035,0.611705482006073,0.6594072580337524,0.5607956051826477,0.6050156354904175,0.6078929305076599,0.6585233211517334,0.5527592301368713,0.6066860556602478,0.6006227135658264,0.6435534954071045,0.5041444301605225,0.6162758469581604,0.5145102739334106,0.6492490172386169,0.6280574798583984,0.6145220398902893,0.6085752844810486,0.6423946022987366,0.7486422061920166,0.6279808878898621,0.7023862600326538,0.6409491300582886,0.7651495337486267,0.6288785338401794,0.7110859155654907,0.6468175053596497,0.8004029393196106,0.6293455362319946,0.7626982927322388,0
0.6262813210487366,0.3942662477493286,0.629401683807373,0.3793436586856842,0.631619393825531,0.37716442346572876,0.6334975957870483,0.3748965263366699,0.6232643723487854,0.38092103600502014,0.6211405396461487,0.3796713948249817,0.6193951368331909,0.37784481048583984,0.6369763016700745,0.3643987476825714,0.6166773438453674,0.3686779737472534,0.6303213834762573,0.39911869168281555,0.6240605711936951,0.4000823497772217,0.6566210389137268,0.38301295042037964,0.6026769280433655,0.40541183948516846,0.6694149971008301,0.470663458108902,0.5922220349311829,0.49402618408203125,0.6624595522880554,0.5573638081550598,0.5983413457870483,0.5794116854667664,0.6628724932670593,0.5768880844116211,0.5974215269088745,0.6087791323661804,0.6590573787689209,0.5745280385017395,0.6024131774902344,0.6053709387779236,0.6577170491218567,0.5684589743614197,0.6035894751548767,0.5934298038482666,0.6467217206954956,0.5164448618888855,0.6192795038223267,0.5203148126602173,0.6484233140945435,0.6311522722244263,0.6228753328323364,0.6333436965942383,0.644605278968811,0.7412365078926086,0.6274338960647583,0.6984467506408691,0.6419984102249146,0.7488385438919067,0.6297584176063538,0.6994733214378357,0.6488478779792786,0.7860314846038818,0.6241127848625183,0.7408420443534851,0
0.6285698413848877,0.40673330426216125,0.6316746473312378,0.3923491835594177,0.6338395476341248,0.38912510871887207,0.6356534957885742,0.3865526616573334,0.6262727379798889,0.3938884735107422,0.624321460723877,0.3922930955886841,0.621881902217865,0.3900522291660309,0.6386339664459229,0.37451404333114624,0.6184533834457397,0.3778393864631653,0.632141649723053,0.4100450575351715,0.6265116930007935,0.4104507565498352,0.6578689813613892,0.38486695289611816,0.6036242246627808,0.40962910652160645,0.6661357283592224,0.47763949632644653,0.5901302695274353,0.5140987038612366,0.6643557548522949,0.5650317072868347,0.6012634038925171,0.5944348573684692,0.6647161841392517,0.5872071981430054,0.6009673476219177,0.6236591339111328,0.6603057980537415,0.583472728729248,0.6058455109596252,0.6173150539398193,0.6594367027282715,0.576842188835144,0.6077245473861694,0.6065951585769653,0.6480278968811035,0.4938129782676697,0.6179981827735901,0.50579434633255,0.6509710550308228,0.611318051815033,0.6159345507621765,0.6088276505470276,0.6440065503120422,0.7373932600021362,0.6296508312225342,0.7162027359008789,0.6409972906112671,0.7496784925460815,0.6334815621376038,0.7248356938362122,0.6484994888305664,0.7915541529655457,0.6305916905403137,0.7712857127189636,0
0.0,0.0,0.0,0.0,0.0,0.0,0.0,0.0,0.0,0.0,0.0,0.0,0.0,0.0,0.0,0.0,0.0,0.0,0.0,0.0,0.0,0.0,0.0,0.0,0.0,0.0,0.0,0.0,0.0,0.0,0.0,0.0,0.0,0.0,0.0,0.0,0.0,0.0,0.0,0.0,0.0,0.0,0.0,0.0,0.0,0.0,0.0,0.0,0.0,0.0,0.0,0.0,0.0,0.0,0.0,0.0,0.0,0.0,0.0,0.0,0.0,0.0,0.0,0.0,0.0,0.0,0
0.0,0.0,0.0,0.0,0.0,0.0,0.0,0.0,0.0,0.0,0.0,0.0,0.0,0.0,0.0,0.0,0.0,0.0,0.0,0.0,0.0,0.0,0.0,0.0,0.0,0.0,0.0,0.0,0.0,0.0,0.0,0.0,0.0,0.0,0.0,0.0,0.0,0.0,0.0,0.0,0.0,0.0,0.0,0.0,0.0,0.0,0.0,0.0,0.0,0.0,0.0,0.0,0.0,0.0,0.0,0.0,0.0,0.0,0.0,0.0,0.0,0.0,0.0,0.0,0.0,0.0,0
0.0,0.0,0.0,0.0,0.0,0.0,0.0,0.0,0.0,0.0,0.0,0.0,0.0,0.0,0.0,0.0,0.0,0.0,0.0,0.0,0.0,0.0,0.0,0.0,0.0,0.0,0.0,0.0,0.0,0.0,0.0,0.0,0.0,0.0,0.0,0.0,0.0,0.0,0.0,0.0,0.0,0.0,0.0,0.0,0.0,0.0,0.0,0.0,0.0,0.0,0.0,0.0,0.0,0.0,0.0,0.0,0.0,0.0,0.0,0.0,0.0,0.0,0.0,0.0,0.0,0.0,0
0.0,0.0,0.0,0.0,0.0,0.0,0.0,0.0,0.0,0.0,0.0,0.0,0.0,0.0,0.0,0.0,0.0,0.0,0.0,0.0,0.0,0.0,0.0,0.0,0.0,0.0,0.0,0.0,0.0,0.0,0.0,0.0,0.0,0.0,0.0,0.0,0.0,0.0,0.0,0.0,0.0,0.0,0.0,0.0,0.0,0.0,0.0,0.0,0.0,0.0,0.0,0.0,0.0,0.0,0.0,0.0,0.0,0.0,0.0,0.0,0.0,0.0,0.0,0.0,0.0,0.0,0
0.0,0.0,0.0,0.0,0.0,0.0,0.0,0.0,0.0,0.0,0.0,0.0,0.0,0.0,0.0,0.0,0.0,0.0,0.0,0.0,0.0,0.0,0.0,0.0,0.0,0.0,0.0,0.0,0.0,0.0,0.0,0.0,0.0,0.0,0.0,0.0,0.0,0.0,0.0,0.0,0.0,0.0,0.0,0.0,0.0,0.0,0.0,0.0,0.0,0.0,0.0,0.0,0.0,0.0,0.0,0.0,0.0,0.0,0.0,0.0,0.0,0.0,0.0,0.0,0.0,0.0,0
0.0,0.0,0.0,0.0,0.0,0.0,0.0,0.0,0.0,0.0,0.0,0.0,0.0,0.0,0.0,0.0,0.0,0.0,0.0,0.0,0.0,0.0,0.0,0.0,0.0,0.0,0.0,0.0,0.0,0.0,0.0,0.0,0.0,0.0,0.0,0.0,0.0,0.0,0.0,0.0,0.0,0.0,0.0,0.0,0.0,0.0,0.0,0.0,0.0,0.0,0.0,0.0,0.0,0.0,0.0,0.0,0.0,0.0,0.0,0.0,0.0,0.0,0.0,0.0,0.0,0.0,0
0.0,0.0,0.0,0.0,0.0,0.0,0.0,0.0,0.0,0.0,0.0,0.0,0.0,0.0,0.0,0.0,0.0,0.0,0.0,0.0,0.0,0.0,0.0,0.0,0.0,0.0,0.0,0.0,0.0,0.0,0.0,0.0,0.0,0.0,0.0,0.0,0.0,0.0,0.0,0.0,0.0,0.0,0.0,0.0,0.0,0.0,0.0,0.0,0.0,0.0,0.0,0.0,0.0,0.0,0.0,0.0,0.0,0.0,0.0,0.0,0.0,0.0,0.0,0.0,0.0,0.0,0
0.0,0.0,0.0,0.0,0.0,0.0,0.0,0.0,0.0,0.0,0.0,0.0,0.0,0.0,0.0,0.0,0.0,0.0,0.0,0.0,0.0,0.0,0.0,0.0,0.0,0.0,0.0,0.0,0.0,0.0,0.0,0.0,0.0,0.0,0.0,0.0,0.0,0.0,0.0,0.0,0.0,0.0,0.0,0.0,0.0,0.0,0.0,0.0,0.0,0.0,0.0,0.0,0.0,0.0,0.0,0.0,0.0,0.0,0.0,0.0,0.0,0.0,0.0,0.0,0.0,0.0,0
0.6397978663444519,0.4749155044555664,0.6407507061958313,0.4635997414588928,0.6427891850471497,0.4574541449546814,0.6439608931541443,0.45545056462287903,0.6355816125869751,0.4638676643371582,0.6342589855194092,0.4634178876876831,0.6310263276100159,0.46462833881378174,0.6459580063819885,0.441585510969162,0.6279997825622559,0.4536433815956116,0.6417616009712219,0.4751150608062744,0.6363094449043274,0.47839272022247314,0.6671692728996277,0.4343642592430115,0.608415961265564,0.4686351418495178,0.6853621006011963,0.521635115146637,0.5926975607872009,0.5673128366470337,0.6728278994560242,0.6429826021194458,0.6004853844642639,0.6731846928596497,0.6734481453895569,0.6680793166160583,0.6014536619186401,0.703498363494873,0.6688300967216492,0.6673876047134399,0.6054707765579224,0.7005224227905273,0.6664757132530212,0.660457193851471,0.6069697737693787,0.6921366453170776,0.6600465178489685,0.5195329189300537,0.6272571086883545,0.5400611758232117,0.6679038405418396,0.6374844312667847,0.6299098134040833,0.6215901374816895,0.667472243309021,0.7414889335632324,0.6305664777755737,0.7010354399681091,0.6650239825248718,0.7524038553237915,0.6319945454597473,0.7088577151298523,0.6703178882598877,0.7930145263671875,0.6288805603981018,0.7435780167579651,0
0.0,0.0,0.0,0.0,0.0,0.0,0.0,0.0,0.0,0.0,0.0,0.0,0.0,0.0,0.0,0.0,0.0,0.0,0.0,0.0,0.0,0.0,0.0,0.0,0.0,0.0,0.0,0.0,0.0,0.0,0.0,0.0,0.0,0.0,0.0,0.0,0.0,0.0,0.0,0.0,0.0,0.0,0.0,0.0,0.0,0.0,0.0,0.0,0.0,0.0,0.0,0.0,0.0,0.0,0.0,0.0,0.0,0.0,0.0,0.0,0.0,0.0,0.0,0.0,0.0,0.0,0
0.0,0.0,0.0,0.0,0.0,0.0,0.0,0.0,0.0,0.0,0.0,0.0,0.0,0.0,0.0,0.0,0.0,0.0,0.0,0.0,0.0,0.0,0.0,0.0,0.0,0.0,0.0,0.0,0.0,0.0,0.0,0.0,0.0,0.0,0.0,0.0,0.0,0.0,0.0,0.0,0.0,0.0,0.0,0.0,0.0,0.0,0.0,0.0,0.0,0.0,0.0,0.0,0.0,0.0,0.0,0.0,0.0,0.0,0.0,0.0,0.0,0.0,0.0,0.0,0.0,0.0,0
0.6296899914741516,0.5236907005310059,0.628614068031311,0.5164159536361694,0.6297751665115356,0.5032024383544922,0.6255812644958496,0.5056126117706299,0.6261013150215149,0.5184642672538757,0.6263195276260376,0.5193272829055786,0.6262027621269226,0.521295964717865,0.6324998736381531,0.5030463933944702,0.6337778568267822,0.5061984062194824,0.6356944441795349,0.5226207375526428,0.6361374258995056,0.5242865085601807,0.6525667905807495,0.5073873400688171,0.6529211401939392,0.5240921378135681,0.648382306098938,0.583494246006012,0.6509737968444824,0.6219198703765869,0.6272193193435669,0.6686669588088989,0.6302312016487122,0.6929425597190857,0.6203663945198059,0.6861220598220825,0.6218574643135071,0.7033544778823853,0.6101303100585938,0.718561053276062,0.6099700331687927,0.714823305606842,0.6202617883682251,0.6781119704246521,0.6241106390953064,0.6999461054801941,0.7395473718643188,0.5221431255340576,0.7369976043701172,0.5279537439346313,0.766400158405304,0.5836673974990845,0.7720261812210083,0.5646440386772156,0.8237929344177246,0.5638374090194702,0.8272796273231506,0.5656777620315552,0.8325641751289368,0.5465542078018188,0.8360486030578613,0.5579284429550171,0.8380498290061951,0.5995805263519287,0.8408422470092773,0.5889226794242859,0
0.0,0.0,0.0,0.0,0.0,0.0,0.0,0.0,0.0,0.0,0.0,0.0,0.0,0.0,0.0,0.0,0.0,0.0,0.0,0.0,0.0,0.0,0.0,0.0,0.0,0.0,0.0,0.0,0.0,0.0,0.0,0.0,0.0,0.0,0.0,0.0,0.0,0.0,0.0,0.0,0.0,0.0,0.0,0.0,0.0,0.0,0.0,0.0,0.0,0.0,0.0,0.0,0.0,0.0,0.0,0.0,0.0,0.0,0.0,0.0,0.0,0.0,0.0,0.0,0.0,0.0,0
0.6378083229064941,0.5122355818748474,0.6350284218788147,0.5076894164085388,0.6353731155395508,0.508351743221283,0.6356906890869141,0.5094341039657593,0.6344597339630127,0.507156252861023,0.634355366230011,0.5075141191482544,0.6342508792877197,0.5082761645317078,0.6419010162353516,0.5121175646781921,0.6369295120239258,0.5114187002182007,0.6405190229415894,0.5167950391769409,0.6395666003227234,0.5160998106002808,0.6598331332206726,0.5249024629592896,0.6547163128852844,0.5442842841148376,0.6491394639015198,0.636742889881134,0.6471030116081238,0.6445773243904114,0.6266132593154907,0.7056096196174622,0.633449137210846,0.7087801098823547,0.6215410828590393,0.7224767804145813,0.6287416219711304,0.7239187359809875,0.6150921583175659,0.739241361618042,0.6173396706581116,0.7372004985809326,0.6233038902282715,0.7084049582481384,0.6319344639778137,0.7142300605773926,0.7394827604293823,0.5497979521751404,0.7361069917678833,0.5664992332458496,0.7824263572692871,0.5727106928825378,0.7702993154525757,0.5831483006477356,0.8412401676177979,0.5527069568634033,0.8361613750457764,0.5783217549324036,0.8497815132141113,0.5388709306716919,0.8454201817512512,0.5701221823692322,0.8575887084007263,0.582956075668335,0.8494356274604797,0.5989326238632202,0
0.6326080560684204,0.543433427810669,0.6348510980606079,0.5270301103591919,0.6351034641265869,0.527679979801178,0.6352925300598145,0.5289405584335327,0.6342398524284363,0.5267260074615479,0.6331157684326172,0.5379255414009094,0.628697395324707,0.5402585864067078,0.6383371949195862,0.5201674699783325,0.6354376673698425,0.5283260345458984,0.6418261528015137,0.5380750298500061,0.6373826861381531,0.5428783893585205,0.6579505801200867,0.5234182476997375,0.6508548259735107,0.5454245209693909,0.6538302898406982,0.6190728545188904,0.641012966632843,0.6173433661460876,0.6372695565223694,0.718887984752655,0.630332887172699,0.705520749092102,0.6321355104446411,0.742568850517273,0.6242912411689758,0.7252185940742493,0.6302079558372498,0.7388900518417358,0.6252606511116028,0.7268849611282349,0.6323250532150269,0.7315531373023987,0.62834233045578,0.7198423743247986,0.7220155000686646,0.533172607421875,0.7180798649787903,0.5526300668716431,0.7585798501968384,0.5824761390686035,0.7446943521499634,0.6124008893966675,0.7991169095039368,0.6046259999275208,0.7845173478126526,0.6510282754898071,0.8047905564308167,0.6012690663337708,0.7927269339561462,0.6525563597679138,0.8089015483856201,0.636137068271637,0.7876812219619751,0.6777836680412292,0
0.0,0.0,0.0,0.0,0.0,0.0,0.0,0.0,0.0,0.0,0.0,0.0,0.0,0.0,0.0,0.0,0.0,0.0,0.0,0.0,0.0,0.0,0.0,0.0,0.0,0.0,0.0,0.0,0.0,0.0,0.0,0.0,0.0,0.0,0.0,0.0,0.0,0.0,0.0,0.0,0.0,0.0,0.0,0.0,0.0,0.0,0.0,0.0,0.0,0.0,0.0,0.0,0.0,0.0,0.0,0.0,0.0,0.0,0.0,0.0,0.0,0.0,0.0,0.0,0.0,0.0,0
0.6352259516716003,0.5381418466567993,0.6368228197097778,0.533158540725708,0.6399669051170349,0.5357116460800171,0.6410852670669556,0.534522294998169,0.6345186829566956,0.5294190049171448,0.6334215402603149,0.5284134745597839,0.6322753429412842,0.5277373790740967,0.6447285413742065,0.5358143448829651,0.6329440474510193,0.527649462223053,0.6385596990585327,0.5475489497184753,0.6346912980079651,0.5446526408195496,0.6568409204483032,0.5660715699195862,0.6276804208755493,0.5479609966278076,0.6395253539085388,0.6699163913726807,0.6112117171287537,0.6460561156272888,0.6162387728691101,0.7523228526115417,0.6103495359420776,0.7562327980995178,0.6158540844917297,0.770761251449585,0.6074628829956055,0.7771064639091492,0.6137125492095947,0.769976019859314,0.6125021576881409,0.7774028778076172,0.6150254607200623,0.7578694224357605,0.6139118075370789,0.7709974050521851,0.6818966865539551,0.5845919847488403,0.6653828024864197,0.5821968913078308,0.657136857509613,0.6905307173728943,0.6476560831069946,0.6648419499397278,0.6701545119285583,0.7260270714759827,0.6632431745529175,0.7200560569763184,0.6723356246948242,0.7231549620628357,0.6660361289978027,0.7211858034133911,0.6668686866760254,0.7628547549247742,0.664819598197937,0.7468971610069275,0
0.6337702870368958,0.5359262824058533,0.6314904093742371,0.5384966135025024,0.6316512823104858,0.5392085313796997,0.6333673000335693,0.5319597721099854,0.6313588619232178,0.5364674925804138,0.6293336153030396,0.5277050733566284,0.6283740401268005,0.5274945497512817,0.6380194425582886,0.5319890975952148,0.6290482878684998,0.5291398763656616,0.6382823586463928,0.5446478724479675,0.6352183222770691,0.5438950061798096,0.6549082398414612,0.5652116537094116,0.6350315809249878,0.5520391464233398,0.6406252980232239,0.6733130812644958,0.6239145398139954,0.6511243581771851,0.6154400110244751,0.7651866674423218,0.6126678586006165,0.7612817287445068,0.6125806570053101,0.7915247678756714,0.610802948474884,0.7882079482078552,0.6129234433174133,0.7844019532203674,0.6145927309989929,0.7797404527664185,0.6132550239562988,0.7783547043800354,0.6149706244468689,0.7741177678108215,0.7051088213920593,0.6052747368812561,0.6907386779785156,0.6084161996841431,0.7087511420249939,0.5926902294158936,0.6712399125099182,0.6507520079612732,0.7616007328033447,0.6201549172401428,0.690133273601532,0.732101559638977,0.7690494060516357,0.6233694553375244,0.6944296956062317,0.7437424659729004,0.7708777189254761,0.6337133049964905,0.6882798671722412,0.7667268514633179,0
0.6367346048355103,0.5746757984161377,0.6338244080543518,0.5651971101760864,0.6340320110321045,0.5652164816856384,0.6368680596351624,0.5654188394546509,0.6330128908157349,0.5647554993629456,0.6325778961181641,0.5645424127578735,0.6320210099220276,0.5650072693824768,0.6398714780807495,0.5634016990661621,0.634303092956543,0.5534088015556335,0.6396624445915222,0.5783532857894897,0.6384221911430359,0.5782236456871033,0.6683872938156128,0.5994446873664856,0.6501290798187256,0.5558181405067444,0.6710107326507568,0.6984865069389343,0.6387199759483337,0.6533616781234741,0.6413161158561707,0.7846733331680298,0.6120375394821167,0.7492934465408325,0.6323210000991821,0.8095437288284302,0.6004171967506409,0.7648447751998901,0.6285297870635986,0.7969186305999756,0.6053348779678345,0.7911584973335266,0.6317813992500305,0.7890087962150574,0.6082231998443604,0.7777500748634338,0.7403337359428406,0.5940520167350769,0.7328575253486633,0.5732631683349609,0.7735673189163208,0.5803033709526062,0.768871009349823,0.5846681594848633,0.839142382144928,0.5481619238853455,0.8319166302680969,0.5869565010070801,0.8470815420150757,0.532292366027832,0.8416529297828674,0.5798289775848389,0.850236713886261,0.5965858101844788,0.8430625200271606,0.6187224984169006,0
0.6348429322242737,0.5644408464431763,0.6325569748878479,0.5604079961776733,0.634117841720581,0.5615549683570862,0.63421231508255,0.5623452663421631,0.6326138377189636,0.5572142004966736,0.6327171921730042,0.5555670857429504,0.6326340436935425,0.5541945099830627,0.6384720802307129,0.559924840927124,0.6363351941108704,0.5434950590133667,0.6406487226486206,0.5662652850151062,0.6382582783699036,0.5624869465827942,0.6629492044448853,0.5849916338920593,0.6554296016693115,0.4948726296424866,0.658184289932251,0.7207188010215759,0.6516737937927246,0.6271434426307678,0.6347535848617554,0.8095673322677612,0.6321936845779419,0.7525308132171631,0.6121085286140442,0.8333563208580017,0.6181318759918213,0.7630522847175598,0.6121071577072144,0.8228328227996826,0.6187012791633606,0.7708933353424072,0.6155818700790405,0.8182773590087891,0.6246716976165771,0.7711055874824524,0.7487857937812805,0.5755006670951843,0.7445217370986938,0.5186055898666382,0.7632735371589661,0.611434817314148,0.7641264200210571,0.5776972770690918,0.8165950179100037,0.6532809734344482,0.8194566369056702,0.6103150844573975,0.8253292441368103,0.6532074213027954,0.8286916017532349,0.6162574291229248,0.8201393485069275,0.6752354502677917,0.8240177631378174,0.6291348338127136,0
0.6367923021316528,0.5691426992416382,0.634372353553772,0.5638883113861084,0.6344860792160034,0.5649898648262024,0.6344376802444458,0.5666367411613464,0.6349535584449768,0.555374264717102,0.6352505087852478,0.5528638362884521,0.6353753209114075,0.5505171418190002,0.6406742334365845,0.5624485611915588,0.6417363286018372,0.5421329736709595,0.6433607935905457,0.5725867748260498,0.6440059542655945,0.5637155175209045,0.6677879691123962,0.6085879802703857,0.6648760437965393,0.5028797388076782,0.6606478095054626,0.7415903210639954,0.6481924057006836,0.5047667026519775,0.624402642250061,0.794182300567627,0.6050613522529602,0.5337169170379639,0.6095805168151855,0.8083338737487793,0.5886380076408386,0.5189241170883179,0.6050225496292114,0.8137635588645935,0.5865471959114075,0.5324066281318665,0.6089381575584412,0.8104474544525146,0.5933831334114075,0.5422042608261108,0.7608258724212646,0.5921929478645325,0.7610956430435181,0.5169679522514343,0.7852070927619934,0.594420313835144,0.7799517512321472,0.5450584292411804,0.859648585319519,0.5681474208831787,0.8627030849456787,0.5490009784698486,0.8704988956451416,0.5577841997146606,0.8737068176269531,0.5553762316703796,0.8633159399032593,0.599936306476593,0.8748631477355957,0.5776228904724121,0
0.640823245048523,0.5888694524765015,0.6369076371192932,0.574384331703186,0.6369150280952454,0.5746347904205322,0.6389682292938232,0.5727089643478394,0.6364713907241821,0.5742374658584595,0.634718656539917,0.581413209438324,0.6342434883117676,0.582141101360321,0.6369297504425049,0.5819531679153442,0.6314297318458557,0.5839093327522278,0.6414856314659119,0.6008763313293457,0.6352558732032776,0.6046496629714966,0.6410471796989441,0.6229659914970398,0.6262475252151489,0.6511623859405518,0.6493508815765381,0.7126249074935913,0.6241899728775024,0.7458844780921936,0.6436088681221008,0.7910450100898743,0.6105842590332031,0.8255253434181213,0.6426136493682861,0.8095231652259827,0.6129041910171509,0.8342188000679016,0.6397910118103027,0.8121998906135559,0.6077871322631836,0.84247887134552,0.6452922821044922,0.7956105470657349,0.6100445985794067,0.8312886953353882,0.7046453356742859,0.712497889995575,0.6996731758117676,0.7387496829032898,0.7511336207389832,0.6519317626953125,0.7253672480583191,0.6735765337944031,0.8185568451881409,0.6260973215103149,0.7891325354576111,0.6721290349960327,0.828971266746521,0.6224517822265625,0.799903392791748,0.6711219549179077,0.8326144814491272,0.6355469226837158,0.7996869683265686,0.6867437362670898,0
0.6438082456588745,0.6070597171783447,0.6478496193885803,0.5941352844238281,0.6492910981178284,0.5922479629516602,0.6519638299942017,0.5878480076789856,0.6422194838523865,0.5975674390792847,0.6390990018844604,0.5983550548553467,0.6355718970298767,0.591575026512146,0.6500744223594666,0.5742282867431641,0.628361165523529,0.5825303792953491,0.6439876556396484,0.6100994944572449,0.637430727481842,0.6130821108818054,0.658872663974762,0.5618590712547302,0.6013855338096619,0.6375893354415894,0.6713088154792786,0.6428809762001038,0.5943491458892822,0.7318820953369141,0.6720401048660278,0.7633691430091858,0.6011781692504883,0.857379138469696,0.6748952269554138,0.7859662175178528,0.5979846119880676,0.8819237351417542,0.668658971786499,0.7871045470237732,0.600394606590271,0.8817340135574341,0.665846049785614,0.7821252942085266,0.6028397083282471,0.86849445104599,0.6628197431564331,0.7079709768295288,0.6373918056488037,0.7430573105812073,0.6768417954444885,0.7630009055137634,0.6522814035415649,0.7759145498275757,0.6797479391098022,0.7742375135421753,0.6649451851844788,0.7715646028518677,0.6783224940299988,0.7699821591377258,0.6666235327720642,0.7650609016418457,0.6831613183021545,0.8018124103546143,0.6698983311653137,0.786816418170929,0
0.6370700001716614,0.6107152700424194,0.6412411332130432,0.596383810043335,0.6435381174087524,0.5958057641983032,0.6457852125167847,0.5951084494590759,0.6346725225448608,0.5963658690452576,0.6323021054267883,0.5959389209747314,0.6298820972442627,0.5959113836288452,0.6484848260879517,0.5893214344978333,0.626667857170105,0.5927808880805969,0.6403335332870483,0.6189149618148804,0.6330145597457886,0.6197731494903564,0.6629999876022339,0.6184677481651306,0.6098319888114929,0.6266452074050903,0.6667001247406006,0.722244918346405,0.5928536057472229,0.7267388701438904,0.6638355851173401,0.8041334748268127,0.5997382998466492,0.8451783061027527,0.6651260852813721,0.833328366279602,0.5905550122261047,0.8442209959030151,0.6582216024398804,0.8262563943862915,0.597019374370575,0.8698830604553223,0.6583103537559509,0.8148127198219299,0.6009654402732849,0.8590050339698792,0.6779765486717224,0.6618420481681824,0.6542103886604309,0.6719527244567871,0.6761523485183716,0.7275904417037964,0.6561962962150574,0.7253546714782715,0.6797428131103516,0.764475405216217,0.6632882356643677,0.7536682486534119,0.6813388466835022,0.7642503380775452,0.6666582822799683,0.750486433506012,0.6749863028526306,0.8060951232910156,0.659332811832428,0.7892117500305176,0
0.624343752861023,0.6138617992401123,0.6285266280174255,0.6093997359275818,0.6301380395889282,0.6116757988929749,0.6317033767700195,0.6138043999671936,0.6251617074012756,0.6004632711410522,0.6242637634277344,0.5973904132843018,0.623324453830719,0.5947332382202148,0.6377940773963928,0.6169473528862,0.6267732977867126,0.5901622176170349,0.6284531950950623,0.6252444982528687,0.6246315240859985,0.6173061728477478,0.6534467935562134,0.6690869331359863,0.6265915632247925,0.5862905979156494,0.6344346404075623,0.7935525178909302,0.6038331985473633,0.6407908797264099,0.6237232089042664,0.8758149147033691,0.6031752824783325,0.7174631357192993,0.6223821640014648,0.8932050466537476,0.6003822088241577,0.7202353477478027,0.6193326115608215,0.8796019554138184,0.6044206023216248,0.7282626032829285,0.6196629405021667,0.8732097744941711,0.6070597171783447,0.7326223254203796,0.685956597328186,0.6738461852073669,0.6732057332992554,0.6426346898078918,0.6808412671089172,0.7427435517311096,0.6686171293258667,0.7057269215583801,0.6902233958244324,0.7953189015388489,0.6787547469139099,0.7634096145629883,0.693744957447052,0.7942475080490112,0.6822561025619507,0.7623626589775085,0.6812444925308228,0.8385336995124817,0.6740147471427917,0.8065207004547119,0
0.6285843849182129,0.6465253829956055,0.6319984793663025,0.6362316608428955,0.6334380507469177,0.6369884610176086,0.6348500847816467,0.6376656293869019,0.628483235836029,0.632250189781189,0.6275313496589661,0.6304925084114075,0.6265480518341064,0.629170298576355,0.6381555795669556,0.6423056721687317,0.628008246421814,0.6256535649299622,0.6327001452445984,0.6562179327011108,0.6293035745620728,0.6517124176025391,0.6521477699279785,0.6818875670433044,0.6265102028846741,0.6460111141204834,0.6319414377212524,0.8224132657051086,0.6097577810287476,0.7684488892555237,0.6039971113204956,0.9125199317932129,0.595680296421051,0.899578332901001,0.6075111627578735,0.9414556622505188,0.590645432472229,0.9268670678138733,0.5953112840652466,0.9323232173919678,0.5921682715415955,0.9271527528762817,0.597208559513092,0.9241634607315063,0.5944392681121826,0.9181360602378845,0.6932902336120605,0.6795186996459961,0.681159496307373,0.6692332029342651,0.73728346824646,0.6790074110031128,0.7214746475219727,0.6617744565010071,0.7901545763015747,0.6415345072746277,0.7701501846313477,0.642687201499939,0.7972713112831116,0.6287331581115723,0.7762821912765503,0.6353719234466553,0.7985662817955017,0.6513798236846924,0.7812082767486572,0.6384774446487427,0
0.0,0.0,0.0,0.0,0.0,0.0,0.0,0.0,0.0,0.0,0.0,0.0,0.0,0.0,0.0,0.0,0.0,0.0,0.0,0.0,0.0,0.0,0.0,0.0,0.0,0.0,0.0,0.0,0.0,0.0,0.0,0.0,0.0,0.0,0.0,0.0,0.0,0.0,0.0,0.0,0.0,0.0,0.0,0.0,0.0,0.0,0.0,0.0,0.0,0.0,0.0,0.0,0.0,0.0,0.0,0.0,0.0,0.0,0.0,0.0,0.0,0.0,0.0,0.0,0.0,0.0,0
0.0,0.0,0.0,0.0,0.0,0.0,0.0,0.0,0.0,0.0,0.0,0.0,0.0,0.0,0.0,0.0,0.0,0.0,0.0,0.0,0.0,0.0,0.0,0.0,0.0,0.0,0.0,0.0,0.0,0.0,0.0,0.0,0.0,0.0,0.0,0.0,0.0,0.0,0.0,0.0,0.0,0.0,0.0,0.0,0.0,0.0,0.0,0.0,0.0,0.0,0.0,0.0,0.0,0.0,0.0,0.0,0.0,0.0,0.0,0.0,0.0,0.0,0.0,0.0,0.0,0.0,0
0.6213750243186951,0.6905646920204163,0.6282939314842224,0.6872045993804932,0.6299923062324524,0.6903306841850281,0.6316325068473816,0.6933871507644653,0.6249314546585083,0.6754972338676453,0.6242468953132629,0.6711756587028503,0.6235771775245667,0.6672144532203674,0.6401156187057495,0.6931968331336975,0.6292692422866821,0.6548689603805542,0.6260654926300049,0.6993023157119751,0.622655987739563,0.6881114840507507,0.6578523516654968,0.7373436093330383,0.6291697025299072,0.6245731115341187,0.637326717376709,0.8568558096885681,0.6056672930717468,0.661300539970398,0.5993898510932922,0.9498506188392639,0.5925674438476562,0.7139883637428284,0.5918852686882019,0.965582549571991,0.5854939818382263,0.710316002368927,0.589138388633728,0.9623774290084839,0.5894181728363037,0.7196075320243835,0.5917574167251587,0.9541940689086914,0.5939293503761292,0.7263669967651367,0.6808555126190186,0.6935800313949585,0.6643168330192566,0.6500539779663086,0.6686335802078247,0.8120942711830139,0.6565006375312805,0.7466945052146912,0.6753555536270142,0.9015489816665649,0.6686956286430359,0.8681356906890869,0.6918107271194458,0.9017932415008545,0.6773998737335205,0.871601402759552,0.672272264957428,0.9395904541015625,0.6648545265197754,0.8933649659156799,0
0.0,0.0,0.0,0.0,0.0,0.0,0.0,0.0,0.0,0.0,0.0,0.0,0.0,0.0,0.0,0.0,0.0,0.0,0.0,0.0,0.0,0.0,0.0,0.0,0.0,0.0,0.0,0.0,0.0,0.0,0.0,0.0,0.0,0.0,0.0,0.0,0.0,0.0,0.0,0.0,0.0,0.0,0.0,0.0,0.0,0.0,0.0,0.0,0.0,0.0,0.0,0.0,0.0,0.0,0.0,0.0,0.0,0.0,0.0,0.0,0.0,0.0,0.0,0.0,0.0,0.0,0
0.0,0.0,0.0,0.0,0.0,0.0,0.0,0.0,0.0,0.0,0.0,0.0,0.0,0.0,0.0,0.0,0.0,0.0,0.0,0.0,0.0,0.0,0.0,0.0,0.0,0.0,0.0,0.0,0.0,0.0,0.0,0.0,0.0,0.0,0.0,0.0,0.0,0.0,0.0,0.0,0.0,0.0,0.0,0.0,0.0,0.0,0.0,0.0,0.0,0.0,0.0,0.0,0.0,0.0,0.0,0.0,0.0,0.0,0.0,0.0,0.0,0.0,0.0,0.0,0.0,0.0,0
0.0,0.0,0.0,0.0,0.0,0.0,0.0,0.0,0.0,0.0,0.0,0.0,0.0,0.0,0.0,0.0,0.0,0.0,0.0,0.0,0.0,0.0,0.0,0.0,0.0,0.0,0.0,0.0,0.0,0.0,0.0,0.0,0.0,0.0,0.0,0.0,0.0,0.0,0.0,0.0,0.0,0.0,0.0,0.0,0.0,0.0,0.0,0.0,0.0,0.0,0.0,0.0,0.0,0.0,0.0,0.0,0.0,0.0,0.0,0.0,0.0,0.0,0.0,0.0,0.0,0.0,0
0.0,0.0,0.0,0.0,0.0,0.0,0.0,0.0,0.0,0.0,0.0,0.0,0.0,0.0,0.0,0.0,0.0,0.0,0.0,0.0,0.0,0.0,0.0,0.0,0.0,0.0,0.0,0.0,0.0,0.0,0.0,0.0,0.0,0.0,0.0,0.0,0.0,0.0,0.0,0.0,0.0,0.0,0.0,0.0,0.0,0.0,0.0,0.0,0.0,0.0,0.0,0.0,0.0,0.0,0.0,0.0,0.0,0.0,0.0,0.0,0.0,0.0,0.0,0.0,0.0,0.0,0
0.0,0.0,0.0,0.0,0.0,0.0,0.0,0.0,0.0,0.0,0.0,0.0,0.0,0.0,0.0,0.0,0.0,0.0,0.0,0.0,0.0,0.0,0.0,0.0,0.0,0.0,0.0,0.0,0.0,0.0,0.0,0.0,0.0,0.0,0.0,0.0,0.0,0.0,0.0,0.0,0.0,0.0,0.0,0.0,0.0,0.0,0.0,0.0,0.0,0.0,0.0,0.0,0.0,0.0,0.0,0.0,0.0,0.0,0.0,0.0,0.0,0.0,0.0,0.0,0.0,0.0,0
0.6354130506515503,0.7709701061248779,0.6352983713150024,0.7571698427200317,0.6368556022644043,0.7548633813858032,0.6384267807006836,0.7525262236595154,0.6301877498626709,0.7621241807937622,0.6283959150314331,0.7632167339324951,0.6265129446983337,0.7644670009613037,0.6395873427391052,0.7414413094520569,0.6223625540733337,0.7602580785751343,0.638772189617157,0.7704331278800964,0.6336031556129456,0.7759790420532227,0.6552205085754395,0.7404186725616455,0.6131712198257446,0.785811185836792,0.6713334321975708,0.8171029090881348,0.6099068522453308,0.8763877749443054,0.6830450296401978,0.9340669512748718,0.5958712697029114,0.9446739554405212,0.6876868009567261,0.9484676718711853,0.5933281183242798,0.969048023223877,0.6828410625457764,0.9400162696838379,0.5960547924041748,0.969866156578064,0.6799467206001282,0.9363893270492554,0.6013403534889221,0.9657730460166931,0.6554511785507202,0.7980707883834839,0.6357712149620056,0.8201251029968262,0.6535156965255737,0.798983633518219,0.6289361715316772,0.844754159450531,0.6535359025001526,0.8149652481079102,0.6244952082633972,0.8615135550498962,0.6529712677001953,0.8138705492019653,0.6262696385383606,0.8598999977111816,0.6554262638092041,0.8377872705459595,0.6212937831878662,0.8805282711982727,0
0.6354318261146545,0.7806433439254761,0.6363611817359924,0.7679097652435303,0.6381202936172485,0.7657942175865173,0.6398913860321045,0.7636379599571228,0.6305338144302368,0.7723402976989746,0.628553569316864,0.7731038331985474,0.626484751701355,0.774038553237915,0.6414465308189392,0.7503484487533569,0.6220143437385559,0.7678707838058472,0.6389273405075073,0.7791770696640015,0.6333290934562683,0.7838164567947388,0.6578658223152161,0.7441486120223999,0.6096155047416687,0.7808012962341309,0.675789475440979,0.81695955991745,0.5918138027191162,0.8684435486793518,0.6829785704612732,0.9340876936912537,0.5926259160041809,0.9439833164215088,0.687697172164917,0.9477103352546692,0.5838898420333862,0.9575473070144653,0.6825254559516907,0.940399169921875,0.5867319107055664,0.9568942189216614,0.6796176433563232,0.9367228746414185,0.591844916343689,0.9488750696182251,0.655931293964386,0.787943959236145,0.6352180242538452,0.8092014789581299,0.6571937799453735,0.7945674061775208,0.6380929946899414,0.8228020071983337,0.6572268605232239,0.7949472665786743,0.6423618197441101,0.8117569088935852,0.6563463807106018,0.7897776365280151,0.6441906094551086,0.8039253950119019,0.6595850586891174,0.8168174624443054,0.6436410546302795,0.8279300928115845,0
0.0,0.0,0.0,0.0,0.0,0.0,0.0,0.0,0.0,0.0,0.0,0.0,0.0,0.0,0.0,0.0,0.0,0.0,0.0,0.0,0.0,0.0,0.0,0.0,0.0,0.0,0.0,0.0,0.0,0.0,0.0,0.0,0.0,0.0,0.0,0.0,0.0,0.0,0.0,0.0,0.0,0.0,0.0,0.0,0.0,0.0,0.0,0.0,0.0,0.0,0.0,0.0,0.0,0.0,0.0,0.0,0.0,0.0,0.0,0.0,0.0,0.0,0.0,0.0,0.0,0.0,0
0.0,0.0,0.0,0.0,0.0,0.0,0.0,0.0,0.0,0.0,0.0,0.0,0.0,0.0,0.0,0.0,0.0,0.0,0.0,0.0,0.0,0.0,0.0,0.0,0.0,0.0,0.0,0.0,0.0,0.0,0.0,0.0,0.0,0.0,0.0,0.0,0.0,0.0,0.0,0.0,0.0,0.0,0.0,0.0,0.0,0.0,0.0,0.0,0.0,0.0,0.0,0.0,0.0,0.0,0.0,0.0,0.0,0.0,0.0,0.0,0.0,0.0,0.0,0.0,0.0,0.0,0
0.0,0.0,0.0,0.0,0.0,0.0,0.0,0.0,0.0,0.0,0.0,0.0,0.0,0.0,0.0,0.0,0.0,0.0,0.0,0.0,0.0,0.0,0.0,0.0,0.0,0.0,0.0,0.0,0.0,0.0,0.0,0.0,0.0,0.0,0.0,0.0,0.0,0.0,0.0,0.0,0.0,0.0,0.0,0.0,0.0,0.0,0.0,0.0,0.0,0.0,0.0,0.0,0.0,0.0,0.0,0.0,0.0,0.0,0.0,0.0,0.0,0.0,0.0,0.0,0.0,0.0,0
0.0,0.0,0.0,0.0,0.0,0.0,0.0,0.0,0.0,0.0,0.0,0.0,0.0,0.0,0.0,0.0,0.0,0.0,0.0,0.0,0.0,0.0,0.0,0.0,0.0,0.0,0.0,0.0,0.0,0.0,0.0,0.0,0.0,0.0,0.0,0.0,0.0,0.0,0.0,0.0,0.0,0.0,0.0,0.0,0.0,0.0,0.0,0.0,0.0,0.0,0.0,0.0,0.0,0.0,0.0,0.0,0.0,0.0,0.0,0.0,0.0,0.0,0.0,0.0,0.0,0.0,0
0.0,0.0,0.0,0.0,0.0,0.0,0.0,0.0,0.0,0.0,0.0,0.0,0.0,0.0,0.0,0.0,0.0,0.0,0.0,0.0,0.0,0.0,0.0,0.0,0.0,0.0,0.0,0.0,0.0,0.0,0.0,0.0,0.0,0.0,0.0,0.0,0.0,0.0,0.0,0.0,0.0,0.0,0.0,0.0,0.0,0.0,0.0,0.0,0.0,0.0,0.0,0.0,0.0,0.0,0.0,0.0,0.0,0.0,0.0,0.0,0.0,0.0,0.0,0.0,0.0,0.0,0
0.0,0.0,0.0,0.0,0.0,0.0,0.0,0.0,0.0,0.0,0.0,0.0,0.0,0.0,0.0,0.0,0.0,0.0,0.0,0.0,0.0,0.0,0.0,0.0,0.0,0.0,0.0,0.0,0.0,0.0,0.0,0.0,0.0,0.0,0.0,0.0,0.0,0.0,0.0,0.0,0.0,0.0,0.0,0.0,0.0,0.0,0.0,0.0,0.0,0.0,0.0,0.0,0.0,0.0,0.0,0.0,0.0,0.0,0.0,0.0,0.0,0.0,0.0,0.0,0.0,0.0,0
0.0,0.0,0.0,0.0,0.0,0.0,0.0,0.0,0.0,0.0,0.0,0.0,0.0,0.0,0.0,0.0,0.0,0.0,0.0,0.0,0.0,0.0,0.0,0.0,0.0,0.0,0.0,0.0,0.0,0.0,0.0,0.0,0.0,0.0,0.0,0.0,0.0,0.0,0.0,0.0,0.0,0.0,0.0,0.0,0.0,0.0,0.0,0.0,0.0,0.0,0.0,0.0,0.0,0.0,0.0,0.0,0.0,0.0,0.0,0.0,0.0,0.0,0.0,0.0,0.0,0.0,0
0.605103075504303,0.7219691276550293,0.6021851301193237,0.7245751619338989,0.6023227572441101,0.7260323762893677,0.602432370185852,0.7274202108383179,0.601790726184845,0.7175214886665344,0.6016285419464111,0.7142910957336426,0.6014614701271057,0.7112827301025391,0.6032645106315613,0.7230296730995178,0.602231502532959,0.7010053396224976,0.6079503297805786,0.7217308282852173,0.607600748538971,0.7144259214401245,0.6125890016555786,0.7413110733032227,0.6161263585090637,0.6497528553009033,0.6123507618904114,0.7915059328079224,0.6347795128822327,0.5940630435943604,0.6010531783103943,0.8830816745758057,0.6540135145187378,0.5700157284736633,0.6000524163246155,0.9087745547294617,0.6571277379989624,0.5650086402893066,0.5958637595176697,0.9137357473373413,0.6565486192703247,0.566348135471344,0.5966095328330994,0.901902973651886,0.6557839512825012,0.5684202909469604,0.6604114174842834,0.6984586119651794,0.6606333255767822,0.6549537777900696,0.6632158160209656,0.7905381917953491,0.6895732879638672,0.6372149586677551,0.6862724423408508,0.8869722485542297,0.7169933319091797,0.6277981400489807,0.6932176351547241,0.8970704078674316,0.7177217602729797,0.592068076133728,0.6828091740608215,0.9230369925498962,0.7284271717071533,0.6187998056411743,0
0.6330422759056091,0.7639955282211304,0.6349520087242126,0.7609675526618958,0.635958194732666,0.7607269287109375,0.6369616985321045,0.7604012489318848,0.6317367553710938,0.7577653527259827,0.6307273507118225,0.7551591396331787,0.6296893954277039,0.7528316974639893,0.6383796334266663,0.7415563464164734,0.6285555362701416,0.7339270710945129,0.6357429027557373,0.7572383880615234,0.6333262920379639,0.7529362440109253,0.6531827449798584,0.7175897359848022,0.6190855503082275,0.6897613406181335,0.6475918292999268,0.8337597846984863,0.6072676181793213,0.7802544236183167,0.6330227255821228,0.9505301713943481,0.6025524139404297,0.8964107036590576,0.633180558681488,0.9784858226776123,0.59511798620224,0.9161242246627808,0.624444842338562,0.9777573347091675,0.599454402923584,0.9203411340713501,0.624485969543457,0.9653817415237427,0.6045154333114624,0.9165268540382385,0.6767654418945312,0.7103554606437683,0.6578189134597778,0.7042295336723328,0.653002917766571,0.7941514253616333,0.643397331237793,0.7799768447875977,0.6593931913375854,0.8419457077980042,0.64926677942276,0.8395784497261047,0.6615632772445679,0.8351792693138123,0.6519461870193481,0.8372299671173096,0.6519061923027039,0.8916599750518799,0.6447484493255615,0.8722916841506958,0
0.6290994882583618,0.7618699073791504,0.6320255398750305,0.7596703171730042,0.6328751444816589,0.7600268125534058,0.6337032914161682,0.7603302001953125,0.6293389797210693,0.7541162371635437,0.6284477710723877,0.750630259513855,0.6275546550750732,0.7473951578140259,0.6347485780715942,0.7454510927200317,0.6266878843307495,0.727738618850708,0.6301988959312439,0.7570630311965942,0.6277817487716675,0.7506877779960632,0.6441089510917664,0.7304182052612305,0.6200308799743652,0.6806868314743042,0.6404761075973511,0.8093921542167664,0.6110793352127075,0.7405610680580139,0.6468872427940369,0.8913863897323608,0.6179512143135071,0.8202887177467346,0.6514323353767395,0.9094301462173462,0.6167750954627991,0.8337441086769104,0.6483194828033447,0.9121997356414795,0.6205344200134277,0.8342905640602112,0.6465622782707214,0.904195249080658,0.6226048469543457,0.8325573801994324,0.67578125,0.6883336305618286,0.6659247279167175,0.6650946736335754,0.6685654520988464,0.8263487219810486,0.6710687875747681,0.739285945892334,0.6879017949104309,0.8821877241134644,0.6775779724121094,0.7630485892295837,0.6938101053237915,0.8789057731628418,0.6801455020904541,0.7581925392150879,0.6805617213249207,0.9252734184265137,0.6758789420127869,0.7780489921569824,0
0.6145218014717102,0.7289760708808899,0.6145035028457642,0.721944272518158,0.6154857873916626,0.7209475040435791,0.6164394617080688,0.7199515700340271,0.6113812327384949,0.7199363708496094,0.6103432774543762,0.7176602482795715,0.6092983484268188,0.7156273126602173,0.617996335029602,0.704927384853363,0.6085557341575623,0.6995435953140259,0.6180466413497925,0.7253385782241821,0.6151074767112732,0.7232192754745483,0.6365746855735779,0.7023773193359375,0.6101171374320984,0.6728722453117371,0.648984968662262,0.7893239259719849,0.612423300743103,0.7278534770011902,0.663978636264801,0.8909093141555786,0.6246674656867981,0.8095358610153198,0.6672926545143127,0.9102128744125366,0.6212425827980042,0.8195878863334656,0.6627575159072876,0.9141921401023865,0.6248251795768738,0.8242722749710083,0.6613662242889404,0.908084511756897,0.6277498602867126,0.8234333395957947,0.6738700270652771,0.6816140413284302,0.6603880524635315,0.6709608435630798,0.6715589165687561,0.8000365495681763,0.6544957160949707,0.7713056802749634,0.6728277206420898,0.8733470439910889,0.6503281593322754,0.8321965932846069,0.6761589646339417,0.8796491026878357,0.6519839763641357,0.8365394473075867,0.6584193110466003,0.9150413274765015,0.6410067081451416,0.8573921918869019,0
0.0,0.0,0.0,0.0,0.0,0.0,0.0,0.0,0.0,0.0,0.0,0.0,0.0,0.0,0.0,0.0,0.0,0.0,0.0,0.0,0.0,0.0,0.0,0.0,0.0,0.0,0.0,0.0,0.0,0.0,0.0,0.0,0.0,0.0,0.0,0.0,0.0,0.0,0.0,0.0,0.0,0.0,0.0,0.0,0.0,0.0,0.0,0.0,0.0,0.0,0.0,0.0,0.0,0.0,0.0,0.0,0.0,0.0,0.0,0.0,0.0,0.0,0.0,0.0,0.0,0.0,0
0.6377494931221008,0.758631706237793,0.638041615486145,0.7563905715942383,0.6404527425765991,0.7587988972663879,0.6412904858589172,0.7600895166397095,0.6352152824401855,0.7549068331718445,0.6361785531044006,0.7477166056632996,0.635380208492279,0.7444538474082947,0.6437428593635559,0.7499467730522156,0.635977029800415,0.7280904650688171,0.6404853463172913,0.7568601965904236,0.6385595798492432,0.7491553425788879,0.661408007144928,0.7499454617500305,0.634382426738739,0.678106963634491,0.6717586517333984,0.8540737628936768,0.6387863755226135,0.6952356100082397,0.6819602847099304,0.9443665742874146,0.6448642611503601,0.7439849376678467,0.6867961287498474,0.9615908265113831,0.6414504647254944,0.7463045716285706,0.6844637393951416,0.9637581706047058,0.6453310251235962,0.7540466785430908,0.6822651028633118,0.9557583332061768,0.6478898525238037,0.7558627724647522,0.6774210929870605,0.729861319065094,0.6629316806793213,0.6936812400817871,0.6624188423156738,0.7908895015716553,0.63482666015625,0.7192678451538086,0.6543318033218384,0.8284735679626465,0.6212396621704102,0.7329991459846497,0.6542928814888,0.8268879055976868,0.6206506490707397,0.7305827736854553,0.6440304517745972,0.8595197796821594,0.6121004819869995,0.7465348839759827,0
0.6618884205818176,0.7930781245231628,0.6637973189353943,0.7769758701324463,0.6654129028320312,0.7741379737854004,0.6670141816139221,0.7712373733520508,0.6549463272094727,0.7777347564697266,0.6524625420570374,0.7804763317108154,0.6519246101379395,0.7808219194412231,0.6671305894851685,0.7492986917495728,0.6480627655982971,0.7654200792312622,0.6629847884178162,0.7865580320358276,0.6531601548194885,0.7873836159706116,0.6722635626792908,0.7303896546363831,0.6285796165466309,0.7664675712585449,0.6825935244560242,0.8013328909873962,0.6256060004234314,0.8478059768676758,0.6836960315704346,0.9199346303939819,0.6541804075241089,0.9194088578224182,0.6893870830535889,0.9484156370162964,0.6586371660232544,0.9399300813674927,0.6841779947280884,0.9491392374038696,0.6647677421569824,0.9315147995948792,0.681423008441925,0.9391803741455078,0.664696455001831,0.9231366515159607,0.6657125353813171,0.7810742259025574,0.6463199853897095,0.7968509197235107,0.6644917130470276,0.8308534622192383,0.6497658491134644,0.8429790139198303,0.6692585945129395,0.8465020060539246,0.6553180813789368,0.8532660007476807,0.6696591377258301,0.8442944288253784,0.6564176678657532,0.8497803807258606,0.6720558404922485,0.8746354579925537,0.6593574285507202,0.8766025304794312,0
0.6607252955436707,0.7679213881492615,0.6626290678977966,0.7571174502372742,0.6639608144760132,0.7544553279876709,0.6653000712394714,0.7517638802528381,0.6575793623924255,0.7634024620056152,0.6557899713516235,0.7643253803253174,0.6539278030395508,0.7655416131019592,0.6645032167434692,0.7311073541641235,0.647874116897583,0.7556259632110596,0.661963939666748,0.7615243196487427,0.6577333807945251,0.7663308382034302,0.6723642945289612,0.7055133581161499,0.6284085512161255,0.7543294429779053,0.6820820569992065,0.7913698554039001,0.6286599040031433,0.8579617142677307,0.6961442828178406,0.9094657897949219,0.6572584509849548,0.9386284351348877,0.6909632682800293,0.9486123323440552,0.6574941277503967,0.9551671147346497,0.6873177886009216,0.9534405469894409,0.6648977994918823,0.9451396465301514,0.6843573451042175,0.9447468519210815,0.6671693325042725,0.9391438364982605,0.6665610074996948,0.7253808975219727,0.6464364528656006,0.748432993888855,0.6529912948608398,0.7794494032859802,0.6416863799095154,0.8139393329620361,0.6520135998725891,0.8046532869338989,0.6448345184326172,0.8422756195068359,0.6508810520172119,0.8001523017883301,0.646260678768158,0.8382461071014404,0.6533508896827698,0.8365183472633362,0.6459749341011047,0.8694433569908142,0
0.0,0.0,0.0,0.0,0.0,0.0,0.0,0.0,0.0,0.0,0.0,0.0,0.0,0.0,0.0,0.0,0.0,0.0,0.0,0.0,0.0,0.0,0.0,0.0,0.0,0.0,0.0,0.0,0.0,0.0,0.0,0.0,0.0,0.0,0.0,0.0,0.0,0.0,0.0,0.0,0.0,0.0,0.0,0.0,0.0,0.0,0.0,0.0,0.0,0.0,0.0,0.0,0.0,0.0,0.0,0.0,0.0,0.0,0.0,0.0,0.0,0.0,0.0,0.0,0.0,0.0,0
0.0,0.0,0.0,0.0,0.0,0.0,0.0,0.0,0.0,0.0,0.0,0.0,0.0,0.0,0.0,0.0,0.0,0.0,0.0,0.0,0.0,0.0,0.0,0.0,0.0,0.0,0.0,0.0,0.0,0.0,0.0,0.0,0.0,0.0,0.0,0.0,0.0,0.0,0.0,0.0,0.0,0.0,0.0,0.0,0.0,0.0,0.0,0.0,0.0,0.0,0.0,0.0,0.0,0.0,0.0,0.0,0.0,0.0,0.0,0.0,0.0,0.0,0.0,0.0,0.0,0.0,0
0.6661610007286072,0.8269283771514893,0.6690483689308167,0.8097127676010132,0.6708714365959167,0.8078070282936096,0.6727161407470703,0.8058207035064697,0.6625963449478149,0.8109259009361267,0.6603176593780518,0.809634268283844,0.6578986048698425,0.8084535002708435,0.6730121374130249,0.7821091413497925,0.6481782793998718,0.7830922603607178,0.6667698621749878,0.8229741454124451,0.6593176126480103,0.8057436347007751,0.6802301406860352,0.7565829157829285,0.6222413182258606,0.782532274723053,0.6849023103713989,0.8150631189346313,0.5918611288070679,0.8618730902671814,0.6823835372924805,0.9305124878883362,0.5933963060379028,0.9689907431602478,0.6884713172912598,0.9521605968475342,0.5895183086395264,0.9834579229354858,0.6808457970619202,0.9536675810813904,0.5959609150886536,0.972033679485321,0.6779882907867432,0.9483083486557007,0.5995014905929565,0.9769218564033508,0.6690406799316406,0.8283212184906006,0.6432733535766602,0.8457873463630676,0.6695532202720642,0.833859920501709,0.6442338824272156,0.8599136471748352,0.6665990948677063,0.8109033107757568,0.6481503844261169,0.8260278701782227,0.6657224297523499,0.8030883073806763,0.6492727994918823,0.8174375295639038,0.6652565598487854,0.8257885575294495,0.6503678560256958,0.8315026760101318,0
0.667233943939209,0.8240915536880493,0.6692474484443665,0.804753303527832,0.6711840629577637,0.8014873266220093,0.6731275320053101,0.7981381416320801,0.661911129951477,0.8101591467857361,0.6591830253601074,0.8101707696914673,0.656335175037384,0.8103100657463074,0.6715734004974365,0.7714025974273682,0.6461841464042664,0.7911845445632935,0.667452335357666,0.8178698420524597,0.6604625582695007,0.8222499489784241,0.6759834885597229,0.7357024550437927,0.6163221597671509,0.7910299301147461,0.6843326687812805,0.7970824241638184,0.6084039211273193,0.8673708438873291,0.6837344765663147,0.9272022843360901,0.6406832933425903,0.9326170682907104,0.6922237873077393,0.9509183764457703,0.643815279006958,0.95030277967453,0.6838877201080322,0.9531817436218262,0.6512880921363831,0.9345341920852661,0.6793102025985718,0.9477953314781189,0.6519010066986084,0.9270622730255127,0.6671136617660522,0.8149298429489136,0.6390703916549683,0.8432230949401855,0.6605254411697388,0.8430545330047607,0.6337577700614929,0.8622879981994629,0.6597089171409607,0.8228681087493896,0.6401132345199585,0.8424072265625,0.6589650511741638,0.810512363910675,0.6421788930892944,0.8319963812828064,0.660150945186615,0.8536369204521179,0.6421867609024048,0.8629609942436218,0
0.6556515097618103,0.7949409484863281,0.657214879989624,0.775482177734375,0.6587706208229065,0.7730091214179993,0.6603423357009888,0.7704054713249207,0.6521430611610413,0.7784947156906128,0.6502190232276917,0.7780483365058899,0.648131787776947,0.7777581214904785,0.6604287624359131,0.7504944801330566,0.6424708962440491,0.7619014978408813,0.6567610502243042,0.7916202545166016,0.65128493309021,0.7941070795059204,0.6679836511611938,0.7410402297973633,0.6217782497406006,0.772566556930542,0.6872950196266174,0.7953211069107056,0.6153264045715332,0.8422930836677551,0.6782569885253906,0.9033805727958679,0.6313433647155762,0.9109508991241455,0.6805854439735413,0.9407446384429932,0.6330858469009399,0.9320131540298462,0.6750205159187317,0.9430282711982727,0.6377977728843689,0.927204966545105,0.6718046069145203,0.9284036755561829,0.6389407515525818,0.9188400506973267,0.6676840782165527,0.8744484186172485,0.645554780960083,0.8853501081466675,0.636471152305603,0.9096205830574036,0.623489499092102,0.8972122669219971,0.6591041684150696,0.9213332533836365,0.6453350186347961,0.9319164752960205,0.6630147695541382,0.9103498458862305,0.650192141532898,0.9288560748100281,0.6627687215805054,0.9636337757110596,0.6473655700683594,0.9697273969650269,0
0.6596646308898926,0.8085271120071411,0.6606842875480652,0.7898138761520386,0.662186861038208,0.7862173914909363,0.6636941432952881,0.7825199365615845,0.6554346084594727,0.7958282828330994,0.6534043550491333,0.7961801290512085,0.6512547731399536,0.7967132329940796,0.6631181836128235,0.7566012740135193,0.644371509552002,0.7783485651016235,0.6604688167572021,0.7998046875,0.6526979804039001,0.8087983727455139,0.6703879237174988,0.7265856266021729,0.6215090155601501,0.7781544327735901,0.6843003034591675,0.7965847253799438,0.6061453819274902,0.8622215986251831,0.6809940934181213,0.9213583469390869,0.6211565732955933,0.9315866827964783,0.6865297555923462,0.9528868794441223,0.6218259930610657,0.9534217715263367,0.6786782145500183,0.9497272968292236,0.6278508901596069,0.9428447484970093,0.6758978366851807,0.9415282607078552,0.6292906999588013,0.9342672228813171,0.667901337146759,0.8191356658935547,0.6447330117225647,0.8373388648033142,0.6489163637161255,0.8611378073692322,0.6230301260948181,0.8716392517089844,0.6614989638328552,0.8944377899169922,0.646331787109375,0.8943802118301392,0.6633443832397461,0.8882461786270142,0.6510756611824036,0.8883324861526489,0.6659865975379944,0.9378765821456909,0.6489365696907043,0.9344989061355591,0
0.0,0.0,0.0,0.0,0.0,0.0,0.0,0.0,0.0,0.0,0.0,0.0,0.0,0.0,0.0,0.0,0.0,0.0,0.0,0.0,0.0,0.0,0.0,0.0,0.0,0.0,0.0,0.0,0.0,0.0,0.0,0.0,0.0,0.0,0.0,0.0,0.0,0.0,0.0,0.0,0.0,0.0,0.0,0.0,0.0,0.0,0.0,0.0,0.0,0.0,0.0,0.0,0.0,0.0,0.0,0.0,0.0,0.0,0.0,0.0,0.0,0.0,0.0,0.0,0.0,0.0,0
0.0,0.0,0.0,0.0,0.0,0.0,0.0,0.0,0.0,0.0,0.0,0.0,0.0,0.0,0.0,0.0,0.0,0.0,0.0,0.0,0.0,0.0,0.0,0.0,0.0,0.0,0.0,0.0,0.0,0.0,0.0,0.0,0.0,0.0,0.0,0.0,0.0,0.0,0.0,0.0,0.0,0.0,0.0,0.0,0.0,0.0,0.0,0.0,0.0,0.0,0.0,0.0,0.0,0.0,0.0,0.0,0.0,0.0,0.0,0.0,0.0,0.0,0.0,0.0,0.0,0.0,0
0.6523299813270569,0.8121560215950012,0.6515432596206665,0.8047431707382202,0.6523858904838562,0.8035472631454468,0.6532412767410278,0.8023042678833008,0.6492769122123718,0.8069394826889038,0.6483883261680603,0.8077261447906494,0.6474509239196777,0.8085623383522034,0.6546279191970825,0.8017920851707458,0.6464542150497437,0.8108217716217041,0.6549782156944275,0.8158003091812134,0.6520324349403381,0.8193941116333008,0.6623614430427551,0.8246115446090698,0.6501864790916443,0.8309954404830933,0.6731295585632324,0.8677195310592651,0.657150387763977,0.8811149597167969,0.6788724660873413,0.9274587631225586,0.6686539053916931,0.91987544298172,0.6814196109771729,0.939757764339447,0.6707907915115356,0.9284521341323853,0.6779999732971191,0.942896842956543,0.6717351675033569,0.9248859286308289,0.676681637763977,0.9396154284477234,0.6714239716529846,0.9214776158332825,0.6686282157897949,0.8850622177124023,0.6638742089271545,0.8850120902061462,0.660950779914856,0.8964483141899109,0.658033549785614,0.8832088112831116,0.6603152751922607,0.890707790851593,0.656350314617157,0.8834339380264282,0.6604390144348145,0.8913239240646362,0.6564854383468628,0.8851931691169739,0.6597424149513245,0.8871263861656189,0.656113862991333,0.8790270090103149,0
0.6553162932395935,0.8071814775466919,0.6546952128410339,0.7919487953186035,0.6557344794273376,0.7888484597206116,0.6567858457565308,0.7856643795967102,0.6512084603309631,0.7984102964401245,0.6498768925666809,0.7997033596038818,0.6484479904174805,0.8011056780815125,0.656822681427002,0.7714381814002991,0.6446797847747803,0.793647825717926,0.6573708057403564,0.8038648366928101,0.6533482670783997,0.8110477924346924,0.664405882358551,0.7723020911216736,0.6365334987640381,0.8110367655754089,0.6749524474143982,0.818221926689148,0.6268131732940674,0.8942954540252686,0.6794288754463196,0.92857825756073,0.6542554497718811,0.9461026191711426,0.6831871271133423,0.9517657160758972,0.6605122089385986,0.9640436172485352,0.6797497272491455,0.9522358179092407,0.6655997037887573,0.9527395367622375,0.6770054697990417,0.9406006932258606,0.6639205813407898,0.9468667507171631,0.670389711856842,0.8832414150238037,0.6559258699417114,0.8894280195236206,0.6462398171424866,0.8986517190933228,0.6233026385307312,0.8699508905410767,0.6579491496086121,0.916558027267456,0.6498047113418579,0.9189440608024597,0.6612964272499084,0.9108830094337463,0.6553407907485962,0.9215933084487915,0.6587512493133545,0.9382027983665466,0.6515309810638428,0.9447075128555298,0
0.6628245711326599,0.9080469012260437,0.6640715003013611,0.8916383981704712,0.6647534370422363,0.8903676271438599,0.6654511094093323,0.8889405131340027,0.6611132621765137,0.8925341367721558,0.6597293019294739,0.8919678926467896,0.6582109332084656,0.8915506601333618,0.6624308228492737,0.8786007165908813,0.6518926620483398,0.88336181640625,0.6607877612113953,0.9107531905174255,0.6573604345321655,0.9108299612998962,0.6536029577255249,0.8884896039962769,0.6269782185554504,0.9116718769073486,0.6651419401168823,0.8705006837844849,0.6040747761726379,0.9367296695709229,0.6667793393135071,0.9049395322799683,0.6328639984130859,0.94199138879776,0.6663292646408081,0.9098883867263794,0.6401768922805786,0.9471273422241211,0.6651238203048706,0.9169595837593079,0.645186185836792,0.9402267932891846,0.664871096611023,0.9171594381332397,0.6427574753761292,0.9382833242416382,0.661932647228241,1.0496714115142822,0.6494389772415161,1.0651235580444336,0.6447812914848328,0.9389075040817261,0.6251320838928223,0.9529260993003845,0.6336116790771484,0.9074759483337402,0.6291534304618835,0.9239559173583984,0.6301313042640686,0.9049078822135925,0.6315176486968994,0.9229604005813599,0.6316267848014832,0.8984434604644775,0.6250407695770264,0.9101510047912598,0
0.6545302867889404,0.8655986785888672,0.6567735075950623,0.8433718681335449,0.6587120890617371,0.8425484895706177,0.6606943607330322,0.8415998220443726,0.6516973972320557,0.8450855612754822,0.6501064896583557,0.8454755544662476,0.6483043432235718,0.8459407091140747,0.6658735275268555,0.8459139466285706,0.6486380696296692,0.8522775173187256,0.6591402888298035,0.8805142641067505,0.6529786586761475,0.8825607299804688,0.6816360950469971,0.9335632920265198,0.6437246799468994,0.9163237810134888,0.6813440322875977,0.9475176334381104,0.6050674915313721,0.9365007877349854,0.6537243723869324,0.8995453119277954,0.6061871647834778,0.930250883102417,0.6478943824768066,0.8843196630477905,0.6043950319290161,0.9239416718482971,0.6450347900390625,0.8781445026397705,0.6115888953208923,0.9258835315704346,0.6460723876953125,0.8871356248855591,0.6134581565856934,0.9316995143890381,0.7001872658729553,1.2425763607025146,0.6775171160697937,1.233850359916687,0.6999492645263672,1.0593327283859253,0.6733217239379883,0.9824762940406799,0.6447903513908386,0.930644154548645,0.6421573162078857,0.8599104285240173,0.6317828893661499,0.9277164340019226,0.6368284225463867,0.8571100831031799,0.6376240849494934,0.8487461805343628,0.6365435719490051,0.7882595062255859,0
0.670312762260437,0.8719391226768494,0.6709312200546265,0.8523952960968018,0.6717574596405029,0.8514642119407654,0.6726388335227966,0.8504567742347717,0.6678449511528015,0.8535470366477966,0.6664714217185974,0.8534406423568726,0.6648958921432495,0.8533334732055664,0.6704278588294983,0.8468891382217407,0.659104585647583,0.8517593145370483,0.6693956851959229,0.8807692527770996,0.6657525897026062,0.8809720277786255,0.6699861884117126,0.8818642497062683,0.6357054710388184,0.9031850695610046,0.6667050719261169,0.8752327561378479,0.6099041700363159,0.9327361583709717,0.6600037813186646,0.8865355253219604,0.6335301399230957,0.939232349395752,0.6591889262199402,0.8879178166389465,0.6396968960762024,0.9441075325012207,0.6591329574584961,0.8884140849113464,0.645085334777832,0.9391151666641235,0.6582919955253601,0.8904396295547485,0.6433497071266174,0.9370028972625732,0.6707846522331238,1.1199896335601807,0.6487518548965454,1.13271164894104,0.6637789011001587,1.0133914947509766,0.6419344544410706,0.9981745481491089,0.6350855827331543,0.943895697593689,0.6289557814598083,0.9106448292732239,0.6278172731399536,0.9365283250808716,0.6277875304222107,0.9006345272064209,0.6328877806663513,0.9188970327377319,0.6277918219566345,0.8856092095375061,0
0.6676573157310486,0.8682731986045837,0.6664753556251526,0.8552018404006958,0.6665332913398743,0.8558270931243896,0.6663495302200317,0.8564616441726685,0.6659489274024963,0.8540623784065247,0.6656165719032288,0.8539740443229675,0.6651325225830078,0.8540059328079224,0.6653674244880676,0.8606551885604858,0.6646104454994202,0.8581828474998474,0.6657124757766724,0.8839571475982666,0.6655701398849487,0.8811947107315063,0.6607018709182739,0.9311829805374146,0.6560217142105103,0.9239838123321533,0.6423569321632385,0.9133076667785645,0.6186559200286865,0.933117151260376,0.6368609666824341,0.8887218236923218,0.6307546496391296,0.9121388792991638,0.6351094841957092,0.8800981044769287,0.6336256265640259,0.9047113656997681,0.6362595558166504,0.8841475248336792,0.6401142477989197,0.9041159749031067,0.6364451050758362,0.8905707597732544,0.6391023993492126,0.9082427620887756,0.6833270788192749,1.1861209869384766,0.6798231601715088,1.1820621490478516,0.6718571782112122,1.022014856338501,0.6650117635726929,0.9759531021118164,0.6274552345275879,0.9265222549438477,0.6329582929611206,0.8807193040847778,0.6176286339759827,0.9263405203819275,0.6281304955482483,0.8774532079696655,0.621756374835968,0.8562051653862,0.6241181492805481,0.822167158126831,0
0.6724911332130432,0.9512996077537537,0.6774141788482666,0.9337400197982788,0.6795619130134583,0.9315899610519409,0.6817300915718079,0.9293941855430603,0.6702879667282104,0.9351346492767334,0.6677108407020569,0.9337204694747925,0.6649711728096008,0.9323542714118958,0.6832573413848877,0.9057717323303223,0.6574140191078186,0.9102475047111511,0.6729393601417542,0.9447239637374878,0.6653493642807007,0.9450913667678833,0.6871305704116821,0.8659529685974121,0.6211413741111755,0.8827411532402039,0.6907806396484375,0.8263724446296692,0.5794504880905151,0.8789867758750916,0.6703202724456787,0.8702043294906616,0.5975810885429382,0.9572104811668396,0.6676730513572693,0.878237247467041,0.5988020300865173,0.9780353307723999,0.6662648916244507,0.8800628185272217,0.6069167852401733,0.9763762950897217,0.6652982831001282,0.8780500888824463,0.6085535287857056,0.9675713777542114,0.6690225601196289,0.9598844051361084,0.6350262761116028,0.9661296606063843,0.6609247922897339,0.9147552251815796,0.6313169598579407,0.9089710116386414,0.6550177335739136,0.9112911224365234,0.6361543536186218,0.8913844227790833,0.6532799601554871,0.9001057147979736,0.6385640501976013,0.8800432085990906,0.6517673134803772,0.9446736574172974,0.6367155313491821,0.9170300364494324,0
0.6606730222702026,0.9359805583953857,0.6633936762809753,0.9186109304428101,0.665362536907196,0.9154689311981201,0.6673353314399719,0.9123228192329407,0.6558586955070496,0.9240924715995789,0.6532607674598694,0.9243041276931763,0.6505808234214783,0.9245581030845642,0.6683464050292969,0.8863745331764221,0.6421599984169006,0.9052485823631287,0.6619618535041809,0.9272473454475403,0.6551173329353333,0.9322447180747986,0.6765337586402893,0.8384686708450317,0.6153761148452759,0.8721504807472229,0.6957576870918274,0.8253728747367859,0.5870612263679504,0.8912126421928406,0.6881642937660217,0.9310578107833862,0.5950599908828735,0.9743830561637878,0.6908828020095825,0.9522786736488342,0.5908210873603821,0.9838570356369019,0.6836934089660645,0.9459502696990967,0.5996620655059814,0.9770451784133911,0.6817235946655273,0.9452676773071289,0.6003163456916809,0.9800419211387634,0.6608601808547974,0.8761644959449768,0.629234254360199,0.8833715915679932,0.6604061722755432,0.8741916418075562,0.6147593855857849,0.8672924041748047,0.6574947834014893,0.8825539946556091,0.6225096583366394,0.8998398780822754,0.6565006375312805,0.8706842660903931,0.6243205666542053,0.8932156562805176,0.6566210985183716,0.923262357711792,0.6227453947067261,0.941540002822876,0
0.6710907816886902,0.9560633897781372,0.672213077545166,0.9374869465827942,0.6740543842315674,0.93381667137146,0.6759163737297058,0.9300784468650818,0.6654161214828491,0.9451419115066528,0.6628866791725159,0.9464280605316162,0.6602215766906738,0.9478663802146912,0.6757299304008484,0.9082944989204407,0.6515727043151855,0.9356982707977295,0.6726539731025696,0.9492745995521545,0.6657862663269043,0.956678032875061,0.6834235191345215,0.8621132969856262,0.623511552810669,0.9232096076011658,0.6934187412261963,0.8139468431472778,0.5824300050735474,0.9403906464576721,0.6813894510269165,0.8924744725227356,0.6008591055870056,0.9623144268989563,0.6796734929084778,0.9055924415588379,0.6014333963394165,0.9709456562995911,0.672984778881073,0.9079688787460327,0.60745769739151,0.9566358327865601,0.6723918914794922,0.9062342643737793,0.6090121865272522,0.953914225101471,0.6738532781600952,0.9392187595367432,0.6439358592033386,0.9652685523033142,0.6627932190895081,0.8853442668914795,0.6334013342857361,0.9059103727340698,0.6575854420661926,0.8862181901931763,0.6369302272796631,0.8960093259811401,0.6570314168930054,0.8776549100875854,0.6386281847953796,0.8877872824668884,0.6545805335044861,0.9157090187072754,0.6368820071220398,0.9157678484916687,0
0.6696392893791199,0.9656932353973389,0.6724421977996826,0.9576979875564575,0.6736067533493042,0.9567606449127197,0.6747750043869019,0.9557470083236694,0.6681355834007263,0.9580208659172058,0.6664551496505737,0.9570000171661377,0.6646480560302734,0.9561598896980286,0.6738463640213013,0.9405245780944824,0.6579495072364807,0.9439302682876587,0.6682661175727844,0.9618367552757263,0.6639514565467834,0.9609462022781372,0.6701621413230896,0.9133092164993286,0.6303122043609619,0.9236809015274048,0.6762869358062744,0.8241337537765503,0.6010606288909912,0.8767670392990112,0.6524098515510559,0.8379476070404053,0.6286785006523132,0.8315229415893555,0.6475833058357239,0.8373816013336182,0.6358517408370972,0.819562554359436,0.6469131708145142,0.8414179086685181,0.640860915184021,0.8204089999198914,0.6473989486694336,0.8426738977432251,0.6388695240020752,0.8252950310707092,0.663649320602417,0.9690369963645935,0.6428722143173218,0.9798994064331055,0.6527462601661682,0.9391005039215088,0.6330414414405823,0.9426254630088806,0.6506749391555786,0.9211980104446411,0.6373182535171509,0.9208863377571106,0.6471644043922424,0.9148157238960266,0.6373883485794067,0.9139781594276428,0.6546734571456909,0.9320982098579407,0.6430456042289734,0.9269701242446899,0
0.0,0.0,0.0,0.0,0.0,0.0,0.0,0.0,0.0,0.0,0.0,0.0,0.0,0.0,0.0,0.0,0.0,0.0,0.0,0.0,0.0,0.0,0.0,0.0,0.0,0.0,0.0,0.0,0.0,0.0,0.0,0.0,0.0,0.0,0.0,0.0,0.0,0.0,0.0,0.0,0.0,0.0,0.0,0.0,0.0,0.0,0.0,0.0,0.0,0.0,0.0,0.0,0.0,0.0,0.0,0.0,0.0,0.0,0.0,0.0,0.0,0.0,0.0,0.0,0.0,0.0,0
0.0,0.0,0.0,0.0,0.0,0.0,0.0,0.0,0.0,0.0,0.0,0.0,0.0,0.0,0.0,0.0,0.0,0.0,0.0,0.0,0.0,0.0,0.0,0.0,0.0,0.0,0.0,0.0,0.0,0.0,0.0,0.0,0.0,0.0,0.0,0.0,0.0,0.0,0.0,0.0,0.0,0.0,0.0,0.0,0.0,0.0,0.0,0.0,0.0,0.0,0.0,0.0,0.0,0.0,0.0,0.0,0.0,0.0,0.0,0.0,0.0,0.0,0.0,0.0,0.0,0.0,0
0.0,0.0,0.0,0.0,0.0,0.0,0.0,0.0,0.0,0.0,0.0,0.0,0.0,0.0,0.0,0.0,0.0,0.0,0.0,0.0,0.0,0.0,0.0,0.0,0.0,0.0,0.0,0.0,0.0,0.0,0.0,0.0,0.0,0.0,0.0,0.0,0.0,0.0,0.0,0.0,0.0,0.0,0.0,0.0,0.0,0.0,0.0,0.0,0.0,0.0,0.0,0.0,0.0,0.0,0.0,0.0,0.0,0.0,0.0,0.0,0.0,0.0,0.0,0.0,0.0,0.0,0
0.643730103969574,0.8769351243972778,0.6428591012954712,0.858567476272583,0.6445820331573486,0.8545992374420166,0.6463056206703186,0.8505755662918091,0.63686203956604,0.8686011433601379,0.6345044374465942,0.8713968396186829,0.6320708394050598,0.8743064403533936,0.6460164189338684,0.8371274471282959,0.6249260306358337,0.8723809123039246,0.6466265916824341,0.873801589012146,0.6397821307182312,0.8851658701896667,0.6595135927200317,0.8188314437866211,0.607707142829895,0.8979521989822388,0.6848801374435425,0.8119722008705139,0.581043541431427,0.9546566009521484,0.6837392449378967,0.9112604260444641,0.5830141305923462,0.9448233246803284,0.6859456300735474,0.9324262738227844,0.5808172225952148,0.9410701394081116,0.6775966882705688,0.9386904239654541,0.582984209060669,0.9273001551628113,0.6754851937294006,0.9314724206924438,0.5851763486862183,0.9298316836357117,0.6583865284919739,0.9050036072731018,0.6329463124275208,0.9373582601547241,0.653012216091156,0.8775414228439331,0.6191427707672119,0.8985147476196289,0.6458491086959839,0.8903383612632751,0.6305403113365173,0.9096543788909912,0.6446043848991394,0.88681960105896,0.6331126689910889,0.9045884609222412,0.6442756056785583,0.9185854196548462,0.6333407163619995,0.9354896545410156,0
0.6400436758995056,0.8549060821533203,0.6395951509475708,0.8380670547485352,0.6407936811447144,0.8361510634422302,0.642026424407959,0.834107518196106,0.6354655027389526,0.841783344745636,0.633658230304718,0.8426299095153809,0.6317166686058044,0.8435407280921936,0.6405194997787476,0.829386830329895,0.6257942914962769,0.8431199789047241,0.6410248875617981,0.8601558208465576,0.636078953742981,0.8640167117118835,0.6427513360977173,0.8484679460525513,0.615071177482605,0.8727624416351318,0.67022705078125,0.8227629661560059,0.6097756028175354,0.8797464370727539,0.6740176677703857,0.8576070070266724,0.6319018602371216,0.8810685276985168,0.6756685972213745,0.8603031635284424,0.6371039748191833,0.8809993267059326,0.6722913980484009,0.8658903241157532,0.6400341391563416,0.8789587616920471,0.6705143451690674,0.868878960609436,0.638674795627594,0.8801501989364624,0.6509007811546326,1.0279533863067627,0.6363297700881958,1.0406094789505005,0.6571959853172302,0.9646925926208496,0.6443938612937927,0.943433403968811,0.6387609243392944,0.9398499131202698,0.6344433426856995,0.9051169157028198,0.6337522864341736,0.9404969215393066,0.6341310739517212,0.9029561281204224,0.6367388367652893,0.9259343147277832,0.6295827627182007,0.8919109106063843,0
0.0,0.0,0.0,0.0,0.0,0.0,0.0,0.0,0.0,0.0,0.0,0.0,0.0,0.0,0.0,0.0,0.0,0.0,0.0,0.0,0.0,0.0,0.0,0.0,0.0,0.0,0.0,0.0,0.0,0.0,0.0,0.0,0.0,0.0,0.0,0.0,0.0,0.0,0.0,0.0,0.0,0.0,0.0,0.0,0.0,0.0,0.0,0.0,0.0,0.0,0.0,0.0,0.0,0.0,0.0,0.0,0.0,0.0,0.0,0.0,0.0,0.0,0.0,0.0,0.0,0.0,0
0.6349158883094788,0.8759758472442627,0.6303160786628723,0.8605705499649048,0.6309840679168701,0.8589085340499878,0.6316524744033813,0.8570442199707031,0.6280943155288696,0.8663069605827332,0.6271249055862427,0.8687157034873962,0.6260455250740051,0.8715296983718872,0.6323009133338928,0.8668814897537231,0.624965250492096,0.8861852884292603,0.6393954753875732,0.8898714780807495,0.6364319920539856,0.8966097831726074,0.6476342678070068,0.9167520999908447,0.6379982829093933,0.9776096343994141,0.628208577632904,0.8713594675064087,0.6287935972213745,0.976473331451416,0.5869085788726807,0.8721799850463867,0.6023002862930298,0.9025286436080933,0.5774692296981812,0.8728429079055786,0.5962457656860352,0.8831018209457397,0.5750221610069275,0.8843804597854614,0.5941835641860962,0.8755443692207336,0.5779756307601929,0.8870395421981812,0.596505880355835,0.8816444873809814,0.7335629463195801,1.1301054954528809,0.7274342775344849,1.1700241565704346,0.7205695509910583,1.0150777101516724,0.7217172980308533,1.082058072090149,0.7036139965057373,0.9485905766487122,0.7198606729507446,1.0292956829071045,0.7018615007400513,0.9512880444526672,0.7214111089706421,1.0283077955245972,0.6973630785942078,0.9014965295791626,0.7137385010719299,0.9933227896690369,0
0.6243321299552917,0.903061032295227,0.6213545203208923,0.8853998184204102,0.6224069595336914,0.8823124170303345,0.6234551072120667,0.8790410757064819,0.6186938881874084,0.8936275243759155,0.6178315877914429,0.8964983224868774,0.6168661117553711,0.8996434211730957,0.6267117261886597,0.8809940218925476,0.61772620677948,0.9091163873672485,0.6300299167633057,0.9100258946418762,0.6264251470565796,0.9202913045883179,0.6461397409439087,0.9095523357391357,0.6299198865890503,0.9834511280059814,0.644422709941864,0.8456676006317139,0.6260923743247986,0.9938105344772339,0.6176228523254395,0.8563963174819946,0.6240710020065308,0.9123721122741699,0.6114252209663391,0.8573334217071533,0.6252018213272095,0.8902246952056885,0.6081246137619019,0.8667984008789062,0.6237645745277405,0.8781901597976685,0.6103875041007996,0.8696277737617493,0.6239652037620544,0.8860892057418823,0.7082251310348511,1.0904052257537842,0.698257327079773,1.1365255117416382,0.6733161807060242,0.9576954245567322,0.6710315346717834,1.0328772068023682,0.6689984202384949,0.9345892667770386,0.6766083240509033,0.9864175319671631,0.6699329614639282,0.9358687996864319,0.6803797483444214,0.9773270487785339,0.6649698615074158,0.9213488101959229,0.673227846622467,0.9777645468711853,0
0.6307636499404907,0.8722755908966064,0.6281206607818604,0.8597744703292847,0.629106879234314,0.857082188129425,0.6300950646400452,0.854212760925293,0.6252908706665039,0.8669167160987854,0.6241589188575745,0.8698519468307495,0.6229466199874878,0.8730206489562988,0.630649745464325,0.857005774974823,0.6212071180343628,0.8825305700302124,0.634223997592926,0.8765081167221069,0.6302932500839233,0.8862411379814148,0.6385362148284912,0.8830898404121399,0.6292177438735962,0.9315199255943298,0.6648645997047424,0.8476786613464355,0.6464637517929077,0.9627936482429504,0.6647219657897949,0.8650033473968506,0.6611601114273071,0.9051954746246338,0.6638400554656982,0.8673099875450134,0.6664453744888306,0.8902125358581543,0.6608119606971741,0.8712912201881409,0.6635783910751343,0.8778612613677979,0.6614667773246765,0.8741476535797119,0.6620112657546997,0.8834344148635864,0.6832135915756226,1.0416522026062012,0.6793891787528992,1.0609291791915894,0.6627753973007202,0.977780818939209,0.661834716796875,1.012247920036316,0.6537326574325562,0.9601194858551025,0.6576412320137024,0.9850764870643616,0.6550794243812561,0.9682577252388,0.6610945463180542,0.9858648777008057,0.6458780765533447,0.9329272508621216,0.6466187834739685,0.9696717262268066,0
0.6264991760253906,0.9147548675537109,0.6232158541679382,0.8999032974243164,0.6239376664161682,0.8971531391143799,0.6246815323829651,0.8942366242408752,0.6214740872383118,0.9060145020484924,0.620948076248169,0.9077942967414856,0.6203309297561646,0.9097484946250916,0.6275342702865601,0.889154314994812,0.6214702129364014,0.9105994701385498,0.6310949921607971,0.9162145256996155,0.6289944052696228,0.9240478873252869,0.6456055641174316,0.9073174595832825,0.6337915658950806,0.9385659098625183,0.6685189008712769,0.8793807029724121,0.6387729644775391,0.975244402885437,0.6646040081977844,0.8722048997879028,0.6460729837417603,0.9287426471710205,0.663366973400116,0.8681341409683228,0.6485692262649536,0.9140523672103882,0.6605916023254395,0.8663511276245117,0.6475814580917358,0.9010747671127319,0.6610512137413025,0.8707361221313477,0.6473167538642883,0.9072268009185791,0.689117431640625,1.0827693939208984,0.6826945543289185,1.0919910669326782,0.6550092101097107,0.9693032503128052,0.6527326107025146,0.9962328672409058,0.6337268948554993,0.9383127689361572,0.6392561793327332,0.9601059556007385,0.632304310798645,0.9465551376342773,0.640436589717865,0.9611001014709473,0.6241926550865173,0.8957281708717346,0.6260889172554016,0.9356778860092163,0
0.0,0.0,0.0,0.0,0.0,0.0,0.0,0.0,0.0,0.0,0.0,0.0,0.0,0.0,0.0,0.0,0.0,0.0,0.0,0.0,0.0,0.0,0.0,0.0,0.0,0.0,0.0,0.0,0.0,0.0,0.0,0.0,0.0,0.0,0.0,0.0,0.0,0.0,0.0,0.0,0.0,0.0,0.0,0.0,0.0,0.0,0.0,0.0,0.0,0.0,0.0,0.0,0.0,0.0,0.0,0.0,0.0,0.0,0.0,0.0,0.0,0.0,0.0,0.0,0.0,0.0,0
0.0,0.0,0.0,0.0,0.0,0.0,0.0,0.0,0.0,0.0,0.0,0.0,0.0,0.0,0.0,0.0,0.0,0.0,0.0,0.0,0.0,0.0,0.0,0.0,0.0,0.0,0.0,0.0,0.0,0.0,0.0,0.0,0.0,0.0,0.0,0.0,0.0,0.0,0.0,0.0,0.0,0.0,0.0,0.0,0.0,0.0,0.0,0.0,0.0,0.0,0.0,0.0,0.0,0.0,0.0,0.0,0.0,0.0,0.0,0.0,0.0,0.0,0.0,0.0,0.0,0.0,0
0.0,0.0,0.0,0.0,0.0,0.0,0.0,0.0,0.0,0.0,0.0,0.0,0.0,0.0,0.0,0.0,0.0,0.0,0.0,0.0,0.0,0.0,0.0,0.0,0.0,0.0,0.0,0.0,0.0,0.0,0.0,0.0,0.0,0.0,0.0,0.0,0.0,0.0,0.0,0.0,0.0,0.0,0.0,0.0,0.0,0.0,0.0,0.0,0.0,0.0,0.0,0.0,0.0,0.0,0.0,0.0,0.0,0.0,0.0,0.0,0.0,0.0,0.0,0.0,0.0,0.0,0
0.6251793503761292,0.900456964969635,0.623855471611023,0.887839674949646,0.6253232955932617,0.8852555155754089,0.6268215179443359,0.8825394511222839,0.6196287274360657,0.893460750579834,0.6180809736251831,0.895024299621582,0.6164588332176208,0.8966585397720337,0.6279556751251221,0.8754702806472778,0.6135221123695374,0.8958303928375244,0.6290103793144226,0.9011523127555847,0.6238788962364197,0.9082233905792236,0.6406955122947693,0.8846196532249451,0.6134175658226013,0.9162997007369995,0.6696974039077759,0.8746100068092346,0.6185123920440674,0.9463255405426025,0.6801286339759827,0.9218424558639526,0.637641966342926,0.9194371700286865,0.6849337220191956,0.9316741228103638,0.6432615518569946,0.9151595830917358,0.6798691153526306,0.9387617707252502,0.6435802578926086,0.905842125415802,0.6777357459068298,0.9387146830558777,0.6417319774627686,0.9097149968147278,0.6510874629020691,0.9796962738037109,0.6366814970970154,1.0010007619857788,0.6502123475074768,0.9061516523361206,0.6200094223022461,0.9155752658843994,0.6559067964553833,0.9263292551040649,0.6490219235420227,0.9265565276145935,0.6545005440711975,0.9328188300132751,0.6513199210166931,0.9306122064590454,0.6621686816215515,0.9165275692939758,0.6586637496948242,0.9180968999862671,0
0.0,0.0,0.0,0.0,0.0,0.0,0.0,0.0,0.0,0.0,0.0,0.0,0.0,0.0,0.0,0.0,0.0,0.0,0.0,0.0,0.0,0.0,0.0,0.0,0.0,0.0,0.0,0.0,0.0,0.0,0.0,0.0,0.0,0.0,0.0,0.0,0.0,0.0,0.0,0.0,0.0,0.0,0.0,0.0,0.0,0.0,0.0,0.0,0.0,0.0,0.0,0.0,0.0,0.0,0.0,0.0,0.0,0.0,0.0,0.0,0.0,0.0,0.0,0.0,0.0,0.0,0
0.6299358010292053,0.8842599987983704,0.6295053958892822,0.8642523884773254,0.6315669417381287,0.8605064153671265,0.6336402297019958,0.8566941022872925,0.6232707500457764,0.8720577359199524,0.6207354068756104,0.8742994070053101,0.618134081363678,0.8765519261360168,0.6347736716270447,0.8478776216506958,0.6124078631401062,0.8764945268630981,0.6343053579330444,0.8886051774024963,0.6268730163574219,0.8977588415145874,0.6437211036682129,0.868371307849884,0.6083161234855652,0.9009416699409485,0.67804354429245,0.866793155670166,0.6047899127006531,0.894036591053009,0.684545636177063,0.9237146377563477,0.629481852054596,0.862053394317627,0.684823751449585,0.944851279258728,0.6354143023490906,0.8549965023994446,0.6816244721412659,0.9412286281585693,0.6370223760604858,0.8524433374404907,0.679003119468689,0.940683901309967,0.6357744336128235,0.8567297458648682,0.6437365412712097,0.9810780882835388,0.6254274249076843,1.0000172853469849,0.6435592174530029,0.8884108066558838,0.6228475570678711,0.8840466141700745,0.6400049924850464,0.9078204035758972,0.6311219930648804,0.9169824123382568,0.6377449631690979,0.9117314219474792,0.6344258785247803,0.9239723086357117,0.6403263211250305,0.9191707372665405,0.6332073211669922,0.9247899651527405,0
0.634138822555542,0.8757021427154541,0.6338699460029602,0.8597990274429321,0.635743260383606,0.857105553150177,0.6376403570175171,0.8543336987495422,0.6281487941741943,0.8652598857879639,0.6258001923561096,0.8667807579040527,0.6233786344528198,0.8683719635009766,0.63734370470047,0.8473188877105713,0.6171267032623291,0.8682586550712585,0.6370226144790649,0.8794774413108826,0.6300696134567261,0.886218786239624,0.6428526043891907,0.8576728701591492,0.6078920960426331,0.8942960500717163,0.673940896987915,0.857869029045105,0.6052469611167908,0.935983419418335,0.6767964363098145,0.9200876951217651,0.6237558126449585,0.9268832206726074,0.6803756952285767,0.9378904104232788,0.6291825175285339,0.9297118186950684,0.673105776309967,0.942341148853302,0.6299793720245361,0.9206454753875732,0.6707636713981628,0.940050482749939,0.6286250948905945,0.9218131303787231,0.6441860795021057,0.9589767456054688,0.6268147826194763,0.9776465892791748,0.6557533740997314,0.8715048432350159,0.6196635961532593,0.8657221794128418,0.6591488718986511,0.9107558727264404,0.6418335437774658,0.9103724956512451,0.6569600105285645,0.9225317239761353,0.6446210145950317,0.9221773743629456,0.6670653223991394,0.9095183610916138,0.6492857933044434,0.9124638438224792,0
0.6301733255386353,0.8562682867050171,0.6286208033561707,0.8426064252853394,0.6297889947891235,0.8398419618606567,0.630987823009491,0.8369774222373962,0.6248033046722412,0.8496032357215881,0.623231053352356,0.8519012928009033,0.6215676069259644,0.8542799949645996,0.6305058002471924,0.8317528367042542,0.616991400718689,0.8567082285881042,0.6328974962234497,0.8581280708312988,0.6280715465545654,0.8665729761123657,0.6440513134002686,0.8377170562744141,0.607390284538269,0.8956577777862549,0.6780183911323547,0.8370629549026489,0.5873639583587646,0.9290605187416077,0.6831954121589661,0.9197866916656494,0.5953864455223083,0.9020064473152161,0.6866952180862427,0.9386897683143616,0.5978232622146606,0.896300733089447,0.6809643507003784,0.9467055201530457,0.5985791087150574,0.8895207643508911,0.679201602935791,0.9436375498771667,0.598423182964325,0.8944698572158813,0.6521474123001099,0.959154486656189,0.6322731971740723,0.9852011203765869,0.6462578177452087,0.9032992720603943,0.6040509939193726,0.9212530255317688,0.6559649109840393,0.9417563676834106,0.6372969150543213,0.9651176929473877,0.6563825011253357,0.9455450773239136,0.6428048014640808,0.968960165977478,0.662432849407196,0.9583532810211182,0.6427559852600098,0.9872627854347229,0
0.6258768439292908,0.8576909899711609,0.6245585083961487,0.8435213565826416,0.625976026058197,0.8412508368492126,0.6274071335792542,0.8388285040855408,0.6202125549316406,0.8490591049194336,0.6185296773910522,0.8508583903312683,0.6167522072792053,0.8528121709823608,0.6276410818099976,0.8352928161621094,0.6128359436988831,0.8553329706192017,0.6292507648468018,0.8615655899047852,0.6238985657691956,0.8682205677032471,0.6405401229858398,0.8546438217163086,0.6092653274536133,0.8921405076980591,0.6757361888885498,0.8623591065406799,0.6080322861671448,0.916373074054718,0.6805573105812073,0.9257400035858154,0.6157179474830627,0.8657339215278625,0.6862917542457581,0.9508451819419861,0.6172532439231873,0.8542304635047913,0.682361364364624,0.9541887044906616,0.6170256733894348,0.8430300354957581,0.678665280342102,0.9435180425643921,0.6172700524330139,0.8493936061859131,0.654483437538147,0.981955885887146,0.6395531892776489,1.0019129514694214,0.637715220451355,0.921781063079834,0.6132245063781738,0.9305613040924072,0.6399039626121521,0.9070930480957031,0.634412407875061,0.9207421541213989,0.63993239402771,0.9069895148277283,0.6388232111930847,0.9208891987800598,0.6386235356330872,0.8938623070716858,0.6335135698318481,0.9097043871879578,0
0.6231473684310913,0.8374516367912292,0.6220613718032837,0.8242793679237366,0.623441219329834,0.8230232000350952,0.624845564365387,0.8216044902801514,0.6179306507110596,0.8275364637374878,0.6163305640220642,0.828750491142273,0.6146316528320312,0.8300834894180298,0.6253238916397095,0.8236767053604126,0.6112223267555237,0.8361489772796631,0.6266688108444214,0.8460710048675537,0.6213209629058838,0.8503071069717407,0.6362715363502502,0.8598199486732483,0.6104243993759155,0.8797893524169922,0.6692026257514954,0.8307836651802063,0.6058696508407593,0.8796656131744385,0.6758055090904236,0.8478078842163086,0.6154256463050842,0.8359720706939697,0.6775264739990234,0.8501777648925781,0.6174339056015015,0.8238762617111206,0.6741273999214172,0.8555004596710205,0.6171889901161194,0.8202552795410156,0.6733039021492004,0.8577262163162231,0.6170555353164673,0.8278006911277771,0.648908257484436,1.0077104568481445,0.6356587409973145,1.0222851037979126,0.6456071734428406,0.9192364811897278,0.6250856518745422,0.9138435125350952,0.655546247959137,0.9213320016860962,0.6498169898986816,0.9237954616546631,0.6560771465301514,0.9256714582443237,0.6545143723487854,0.9305071234703064,0.6589570641517639,0.91098952293396,0.651879072189331,0.9107629060745239,0
0.6320831775665283,0.8633051514625549,0.630713939666748,0.8536362648010254,0.6316707134246826,0.8522263765335083,0.6326539516448975,0.8506592512130737,0.6277656555175781,0.8571690320968628,0.6265909075737,0.8584874868392944,0.6253300309181213,0.8599423170089722,0.6324674487113953,0.852120578289032,0.6224499344825745,0.8653155565261841,0.6344998478889465,0.8691975474357605,0.630672812461853,0.8738617897033691,0.6389328241348267,0.879051923751831,0.6218810677528381,0.8945156335830688,0.6654877066612244,0.8685683012008667,0.6028968095779419,0.9020251631736755,0.6766906380653381,0.9110091924667358,0.596907377243042,0.869762122631073,0.6799455285072327,0.9177619814872742,0.5943408012390137,0.8571134805679321,0.6777533292770386,0.9255598187446594,0.5949066877365112,0.857631504535675,0.6765922904014587,0.9256255626678467,0.5962658524513245,0.8653261065483093,0.655533492565155,0.988614559173584,0.6491390466690063,0.9997224807739258,0.6441324949264526,0.9166193008422852,0.637423574924469,0.908227801322937,0.6562321186065674,0.9328466653823853,0.6511749625205994,0.9274476170539856,0.657185971736908,0.9391470551490784,0.6535412669181824,0.9339389801025391,0.6608326435089111,0.9237340688705444,0.6527788639068604,0.9203429222106934,0
0.0,0.0,0.0,0.0,0.0,0.0,0.0,0.0,0.0,0.0,0.0,0.0,0.0,0.0,0.0,0.0,0.0,0.0,0.0,0.0,0.0,0.0,0.0,0.0,0.0,0.0,0.0,0.0,0.0,0.0,0.0,0.0,0.0,0.0,0.0,0.0,0.0,0.0,0.0,0.0,0.0,0.0,0.0,0.0,0.0,0.0,0.0,0.0,0.0,0.0,0.0,0.0,0.0,0.0,0.0,0.0,0.0,0.0,0.0,0.0,0.0,0.0,0.0,0.0,0.0,0.0,0
0.0,0.0,0.0,0.0,0.0,0.0,0.0,0.0,0.0,0.0,0.0,0.0,0.0,0.0,0.0,0.0,0.0,0.0,0.0,0.0,0.0,0.0,0.0,0.0,0.0,0.0,0.0,0.0,0.0,0.0,0.0,0.0,0.0,0.0,0.0,0.0,0.0,0.0,0.0,0.0,0.0,0.0,0.0,0.0,0.0,0.0,0.0,0.0,0.0,0.0,0.0,0.0,0.0,0.0,0.0,0.0,0.0,0.0,0.0,0.0,0.0,0.0,0.0,0.0,0.0,0.0,0
0.632854163646698,0.8823063969612122,0.6341156959533691,0.8640078902244568,0.6357409358024597,0.8620498180389404,0.6374015808105469,0.8599492311477661,0.6287292838096619,0.8668336868286133,0.6265361309051514,0.8668491244316101,0.6242138743400574,0.866926372051239,0.6360589861869812,0.8480207920074463,0.6171000003814697,0.8584367632865906,0.6333410739898682,0.8837175965309143,0.6271831393241882,0.8863175511360168,0.6418139934539795,0.84893798828125,0.5913901925086975,0.8858565092086792,0.6741005778312683,0.842698335647583,0.594683051109314,0.9151086807250977,0.6794474124908447,0.9286096692085266,0.6295638084411621,0.9332157969474792,0.6898382902145386,0.944290041923523,0.6381617784500122,0.9423630833625793,0.6777197122573853,0.9446001052856445,0.643153965473175,0.933897078037262,0.6788733601570129,0.9494864344596863,0.6406334638595581,0.9313521385192871,0.6435106992721558,1.0250418186187744,0.620337724685669,1.0429637432098389,0.6568670868873596,0.9513874053955078,0.6351962685585022,0.9313764572143555,0.6419162154197693,0.9223042726516724,0.6335962414741516,0.8933878540992737,0.6374387145042419,0.9200602769851685,0.634614109992981,0.8916810750961304,0.6419475078582764,0.9125882387161255,0.6293696165084839,0.8794239163398743,0
0.6301097869873047,0.8800897002220154,0.6311394572257996,0.8614500761032104,0.6330541968345642,0.8596676588058472,0.6350123286247253,0.8577568531036377,0.6252750754356384,0.8638272881507874,0.6230452656745911,0.8637884259223938,0.620700478553772,0.8637875318527222,0.635344386100769,0.8472068309783936,0.6150736808776855,0.8561710715293884,0.6323984265327454,0.8828723430633545,0.6255549192428589,0.8853453993797302,0.644292950630188,0.8571463823318481,0.6024808883666992,0.8770582675933838,0.6793746948242188,0.8412171006202698,0.6008698344230652,0.8892417550086975,0.678189218044281,0.9026270508766174,0.6263638138771057,0.8921475410461426,0.689361572265625,0.9042547941207886,0.6319676041603088,0.8931063413619995,0.683687686920166,0.9116312265396118,0.6356508135795593,0.890152096748352,0.6808216571807861,0.9124873876571655,0.6341085433959961,0.8915176391601562,0.6435651779174805,1.020937204360962,0.6221733093261719,1.031959056854248,0.6560645699501038,0.934674859046936,0.6366848945617676,0.906109631061554,0.6435314416885376,0.8982295393943787,0.6370994448661804,0.8736417293548584,0.6395885348320007,0.8956259489059448,0.6386861205101013,0.8733617663383484,0.6431527137756348,0.8827688097953796,0.6335213780403137,0.8574231266975403,0
0.6341453790664673,0.8834153413772583,0.6347805857658386,0.8679625988006592,0.6362788677215576,0.8657939434051514,0.6378156542778015,0.8634834289550781,0.629947304725647,0.8719767928123474,0.6279821395874023,0.8726627230644226,0.6258713006973267,0.8734198808670044,0.6370214223861694,0.8530718088150024,0.6197794675827026,0.8677861094474792,0.6353274583816528,0.8833847641944885,0.6296716928482056,0.88740074634552,0.6456924676895142,0.8489246368408203,0.6018531918525696,0.8896193504333496,0.683542788028717,0.8259931802749634,0.6019233465194702,0.9124679565429688,0.6888411641120911,0.9078925848007202,0.6269037127494812,0.91778165102005,0.6932637691497803,0.9258725643157959,0.6335916519165039,0.925486147403717,0.6796565651893616,0.931754469871521,0.6365653872489929,0.9176220893859863,0.6824438571929932,0.9306092262268066,0.6349154710769653,0.9161413908004761,0.647788941860199,0.9853072166442871,0.6246967911720276,1.0096608400344849,0.6546899676322937,0.8914034366607666,0.629754900932312,0.8827114701271057,0.6483254432678223,0.8888331055641174,0.6390957236289978,0.8916904926300049,0.6443305611610413,0.8914773464202881,0.6402145028114319,0.8976390361785889,0.6530154943466187,0.8868918418884277,0.6429916620254517,0.8878563046455383,0
0.0,0.0,0.0,0.0,0.0,0.0,0.0,0.0,0.0,0.0,0.0,0.0,0.0,0.0,0.0,0.0,0.0,0.0,0.0,0.0,0.0,0.0,0.0,0.0,0.0,0.0,0.0,0.0,0.0,0.0,0.0,0.0,0.0,0.0,0.0,0.0,0.0,0.0,0.0,0.0,0.0,0.0,0.0,0.0,0.0,0.0,0.0,0.0,0.0,0.0,0.0,0.0,0.0,0.0,0.0,0.0,0.0,0.0,0.0,0.0,0.0,0.0,0.0,0.0,0.0,0.0,0
0.6195892095565796,0.8711457252502441,0.6178092956542969,0.864863395690918,0.6181294918060303,0.8648194074630737,0.6184583306312561,0.8646448850631714,0.6169828176498413,0.8649071455001831,0.6166893243789673,0.8650672435760498,0.6163150072097778,0.8653290271759033,0.619276762008667,0.8679757714271545,0.6163073778152466,0.869279682636261,0.6217486262321472,0.8772873282432556,0.620417594909668,0.8780431747436523,0.6284791231155396,0.8951503038406372,0.6232514977455139,0.8863855004310608,0.6592737436294556,0.8602397441864014,0.6247701048851013,0.8622668981552124,0.6689016819000244,0.8882952928543091,0.6358789801597595,0.8128317594528198,0.6703314185142517,0.8963364362716675,0.6398829817771912,0.7980176210403442,0.6666962504386902,0.9007938504219055,0.6391588449478149,0.7931700348854065,0.666215181350708,0.8992079496383667,0.6377026438713074,0.8013322949409485,0.6422155499458313,1.004449486732483,0.6415439248085022,0.9994177222251892,0.6206618547439575,0.8980371952056885,0.6210971474647522,0.9012681841850281,0.6221221089363098,0.8973902463912964,0.6237775087356567,0.9056861996650696,0.6228039264678955,0.8995699286460876,0.6265869140625,0.9079484939575195,0.6204085946083069,0.8865103125572205,0.6198011040687561,0.8980602025985718,0
0.6227339506149292,0.883654773235321,0.6215569972991943,0.8667500019073486,0.6232044696807861,0.8639225363731384,0.6248735785484314,0.8609514236450195,0.6171428561210632,0.8724162578582764,0.615468442440033,0.8742480874061584,0.6137002110481262,0.8762041926383972,0.6270610094070435,0.8574311137199402,0.6115596890449524,0.8789724111557007,0.6273307204246521,0.889152467250824,0.621955931186676,0.896206796169281,0.632942259311676,0.8854491710662842,0.616136908531189,0.8996660709381104,0.6607797145843506,0.8621866703033447,0.6207677125930786,0.9059919714927673,0.6608200073242188,0.8976768255233765,0.6311249732971191,0.8958635330200195,0.6614084839820862,0.9054913520812988,0.6336055994033813,0.8949540853500366,0.6565893292427063,0.910048246383667,0.634082555770874,0.8875401616096497,0.6562827825546265,0.9102356433868408,0.6335020661354065,0.8892943263053894,0.6522418856620789,1.031361699104309,0.6447745561599731,1.0396339893341064,0.6491444110870361,0.9482527375221252,0.6409039497375488,0.9444525837898254,0.6456034779548645,0.9210166931152344,0.6440854072570801,0.9236128330230713,0.6434726715087891,0.9273288249969482,0.6465044617652893,0.9272630214691162,0.6474508047103882,0.8942956328392029,0.6420034170150757,0.9027659893035889,0
0.0,0.0,0.0,0.0,0.0,0.0,0.0,0.0,0.0,0.0,0.0,0.0,0.0,0.0,0.0,0.0,0.0,0.0,0.0,0.0,0.0,0.0,0.0,0.0,0.0,0.0,0.0,0.0,0.0,0.0,0.0,0.0,0.0,0.0,0.0,0.0,0.0,0.0,0.0,0.0,0.0,0.0,0.0,0.0,0.0,0.0,0.0,0.0,0.0,0.0,0.0,0.0,0.0,0.0,0.0,0.0,0.0,0.0,0.0,0.0,0.0,0.0,0.0,0.0,0.0,0.0,0
0.0,0.0,0.0,0.0,0.0,0.0,0.0,0.0,0.0,0.0,0.0,0.0,0.0,0.0,0.0,0.0,0.0,0.0,0.0,0.0,0.0,0.0,0.0,0.0,0.0,0.0,0.0,0.0,0.0,0.0,0.0,0.0,0.0,0.0,0.0,0.0,0.0,0.0,0.0,0.0,0.0,0.0,0.0,0.0,0.0,0.0,0.0,0.0,0.0,0.0,0.0,0.0,0.0,0.0,0.0,0.0,0.0,0.0,0.0,0.0,0.0,0.0,0.0,0.0,0.0,0.0,0
0.6334976553916931,0.8805310130119324,0.6316637992858887,0.8632429838180542,0.6323780417442322,0.8616499304771423,0.6331312656402588,0.8599084615707397,0.6293359398841858,0.8674799203872681,0.6283864974975586,0.8689714670181274,0.6272781491279602,0.8706313371658325,0.6339792013168335,0.8644987344741821,0.6262869834899902,0.879186749458313,0.6366046071052551,0.8909837007522583,0.6336076855659485,0.8962403535842896,0.6456577181816101,0.9232720136642456,0.6310855746269226,0.9386800527572632,0.6594573855400085,0.8810746669769287,0.6280065178871155,0.9263575077056885,0.6515147089958191,0.8537372946739197,0.6354281902313232,0.8834488391876221,0.6502367854118347,0.8463766574859619,0.6368672847747803,0.874167799949646,0.646576464176178,0.8519588708877563,0.6399930119514465,0.8696749210357666,0.6466371417045593,0.8561526536941528,0.6398940086364746,0.8739992380142212,0.6807497143745422,1.2008075714111328,0.672433078289032,1.2042409181594849,0.6711189150810242,0.9937519431114197,0.662437379360199,0.9899977445602417,0.6350403428077698,0.8825094699859619,0.6386232376098633,0.879059910774231,0.6268417835235596,0.8827407360076904,0.6362987756729126,0.8751085996627808,0.6326009631156921,0.8014448881149292,0.6311353445053101,0.8103146553039551,0
0.6467069983482361,0.8435622453689575,0.6430971026420593,0.8287709355354309,0.6432031989097595,0.8279107809066772,0.6433442234992981,0.8268810510635376,0.641494870185852,0.8324967622756958,0.6403436064720154,0.8343368768692017,0.6390435695648193,0.8363315463066101,0.6386036276817322,0.8361556529998779,0.6329530477523804,0.8496576547622681,0.6464453339576721,0.8572878241539001,0.6441774368286133,0.8611383438110352,0.6381427049636841,0.8895481824874878,0.6290073990821838,0.9222712516784668,0.6644986271858215,0.8333829641342163,0.632510781288147,0.9324889779090881,0.6694684624671936,0.83835369348526,0.6566522121429443,0.8892644643783569,0.6690599322319031,0.8341351747512817,0.6625683903694153,0.8783872127532959,0.6672084927558899,0.8448621034622192,0.6634843349456787,0.8705762624740601,0.667358934879303,0.8501372337341309,0.6617850065231323,0.8754639625549316,0.6668394207954407,1.1327298879623413,0.6633518934249878,1.1520612239837646,0.6759054660797119,0.9522711038589478,0.6746076941490173,0.9690364599227905,0.6598931550979614,0.921248197555542,0.6621063947677612,0.9286445379257202,0.6543452739715576,0.9315183162689209,0.6585645079612732,0.932785153388977,0.6650439500808716,0.8702210187911987,0.6638100147247314,0.8877928853034973,0
0.0,0.0,0.0,0.0,0.0,0.0,0.0,0.0,0.0,0.0,0.0,0.0,0.0,0.0,0.0,0.0,0.0,0.0,0.0,0.0,0.0,0.0,0.0,0.0,0.0,0.0,0.0,0.0,0.0,0.0,0.0,0.0,0.0,0.0,0.0,0.0,0.0,0.0,0.0,0.0,0.0,0.0,0.0,0.0,0.0,0.0,0.0,0.0,0.0,0.0,0.0,0.0,0.0,0.0,0.0,0.0,0.0,0.0,0.0,0.0,0.0,0.0,0.0,0.0,0.0,0.0,0
0.6286834478378296,0.8560130596160889,0.6270608305931091,0.8448514342308044,0.6272682547569275,0.8436609506607056,0.627530574798584,0.8423160314559937,0.6260457038879395,0.8484941720962524,0.6255196928977966,0.849921703338623,0.6248373985290527,0.8514679670333862,0.6264817118644714,0.8454684019088745,0.6225495338439941,0.8586550951004028,0.6293187141418457,0.8634390830993652,0.6279441714286804,0.8672444820404053,0.6359347701072693,0.8711426258087158,0.6186479330062866,0.9120091199874878,0.6657124161720276,0.838046669960022,0.6298315525054932,0.9316580295562744,0.683341920375824,0.8730453252792358,0.665021538734436,0.9199347496032715,0.6898624300956726,0.8791046142578125,0.6749370694160461,0.9260861873626709,0.6857566237449646,0.8904864192008972,0.6747371554374695,0.921629786491394,0.6831581592559814,0.8920489549636841,0.6742702722549438,0.9219652414321899,0.6609833836555481,1.079872965812683,0.6493274569511414,1.100287675857544,0.6553252935409546,0.9713602662086487,0.6363458037376404,0.9677796363830566,0.6399738788604736,0.9234407544136047,0.6355254650115967,0.9261010885238647,0.6368600130081177,0.9220346212387085,0.6370729804039001,0.9248688817024231,0.6361256241798401,0.8912769556045532,0.6311461925506592,0.8977005481719971,0
0.6236500144004822,0.8922659754753113,0.6224758625030518,0.8833568692207336,0.6235781311988831,0.8809109330177307,0.6247000694274902,0.8783537149429321,0.6193594932556152,0.8891535401344299,0.6182466745376587,0.8909659385681152,0.6170694828033447,0.8928586840629578,0.6256251931190491,0.8704502582550049,0.6148769855499268,0.8912072777748108,0.6263144612312317,0.8892105221748352,0.6226541996002197,0.8960801362991333,0.6352046728134155,0.8619006276130676,0.61641925573349,0.8987013101577759,0.666218638420105,0.8517189025878906,0.6385388374328613,0.9275408387184143,0.6897755861282349,0.882171094417572,0.6701319813728333,0.9283228516578674,0.6970734596252441,0.8838266134262085,0.677556037902832,0.9341250061988831,0.6934095621109009,0.8925274610519409,0.679863452911377,0.9236571788787842,0.6899911165237427,0.895849883556366,0.6761028170585632,0.92079097032547,0.6448165774345398,0.9511244297027588,0.6343414187431335,0.9629950523376465,0.6611692905426025,0.9060640335083008,0.6257078647613525,0.9125988483428955,0.635625958442688,0.9068021178245544,0.635698139667511,0.9148387908935547,0.6301254630088806,0.9081328511238098,0.6363083124160767,0.9176376461982727,0.6326181292533875,0.8945338726043701,0.6382777094841003,0.9056681394577026,0
0.0,0.0,0.0,0.0,0.0,0.0,0.0,0.0,0.0,0.0,0.0,0.0,0.0,0.0,0.0,0.0,0.0,0.0,0.0,0.0,0.0,0.0,0.0,0.0,0.0,0.0,0.0,0.0,0.0,0.0,0.0,0.0,0.0,0.0,0.0,0.0,0.0,0.0,0.0,0.0,0.0,0.0,0.0,0.0,0.0,0.0,0.0,0.0,0.0,0.0,0.0,0.0,0.0,0.0,0.0,0.0,0.0,0.0,0.0,0.0,0.0,0.0,0.0,0.0,0.0,0.0,0
0.6143521070480347,0.7849058508872986,0.613787829875946,0.770032525062561,0.6148163676261902,0.7680612802505493,0.615882933139801,0.7659132480621338,0.6110593676567078,0.7750471830368042,0.6101257801055908,0.7766700983047485,0.6090341806411743,0.7784460186958313,0.6183345317840576,0.7662845849990845,0.6087828874588013,0.7837423086166382,0.6181369423866272,0.7920432090759277,0.6145008206367493,0.7981441020965576,0.6381779909133911,0.8027999401092529,0.6084282398223877,0.8483253717422485,0.6708325147628784,0.7698593139648438,0.6191084980964661,0.9029112458229065,0.6786131858825684,0.7396602630615234,0.6577061414718628,0.9019685983657837,0.6812950372695923,0.7268913984298706,0.6685495376586914,0.9101808071136475,0.6789158582687378,0.7303035259246826,0.6724494099617004,0.8947228789329529,0.6774441003799438,0.7391108274459839,0.6691277623176575,0.8922591805458069,0.6611416339874268,1.0187140703201294,0.6426323652267456,1.039536476135254,0.6502553224563599,0.9792542457580566,0.6345884203910828,0.9818703532218933,0.6501004695892334,0.9919669032096863,0.6400048136711121,1.000937581062317,0.6503225564956665,0.9932200908660889,0.6424168348312378,1.0043754577636719,0.6475003957748413,0.9959169626235962,0.6369553804397583,1.0043319463729858,0
0.6153611540794373,0.831145167350769,0.614903450012207,0.8228921294212341,0.6160617470741272,0.8214493989944458,0.6172561049461365,0.8198829293251038,0.6117038130760193,0.8266664147377014,0.6106297969818115,0.8279544711112976,0.6094512939453125,0.8293631076812744,0.6191725730895996,0.8171772956848145,0.607854425907135,0.8315715789794922,0.6185134649276733,0.8336600065231323,0.614657461643219,0.8382329940795898,0.635356068611145,0.8256022930145264,0.6051456928253174,0.861958920955658,0.6683766841888428,0.7795116305351257,0.6114078760147095,0.8937337398529053,0.6878170967102051,0.7477318048477173,0.6299163103103638,0.8890773057937622,0.6933808922767639,0.7322375178337097,0.6339289546012878,0.8917882442474365,0.6914781928062439,0.7364214062690735,0.6356550455093384,0.8830406665802002,0.6887220144271851,0.7460536956787109,0.6352388262748718,0.8826693892478943,0.6454541683197021,0.948459804058075,0.6282163858413696,0.9630056619644165,0.6608085036277771,0.8754624128341675,0.6091689467430115,0.882692277431488,0.6336789727210999,0.8858733177185059,0.6323587894439697,0.8997713923454285,0.6275858879089355,0.884144127368927,0.6350089311599731,0.9021484851837158,0.6291890740394592,0.8846659064292908,0.6366007924079895,0.8969833850860596,0
0.0,0.0,0.0,0.0,0.0,0.0,0.0,0.0,0.0,0.0,0.0,0.0,0.0,0.0,0.0,0.0,0.0,0.0,0.0,0.0,0.0,0.0,0.0,0.0,0.0,0.0,0.0,0.0,0.0,0.0,0.0,0.0,0.0,0.0,0.0,0.0,0.0,0.0,0.0,0.0,0.0,0.0,0.0,0.0,0.0,0.0,0.0,0.0,0.0,0.0,0.0,0.0,0.0,0.0,0.0,0.0,0.0,0.0,0.0,0.0,0.0,0.0,0.0,0.0,0.0,0.0,0
0.6109215617179871,0.850792646408081,0.6106343865394592,0.8364924192428589,0.6123635768890381,0.8339329957962036,0.6141154766082764,0.8312376141548157,0.6058675050735474,0.8423274755477905,0.6041795015335083,0.8441334962844849,0.6023856401443481,0.8460650444030762,0.6169132590293884,0.8258044719696045,0.6006011962890625,0.8469106554985046,0.615597128868103,0.8529859781265259,0.6097952723503113,0.8601076006889343,0.6331992745399475,0.8454008102416992,0.6020089983940125,0.8752379417419434,0.6632686257362366,0.8489574193954468,0.6171213388442993,0.9167636632919312,0.6705461740493774,0.8715497255325317,0.6441434621810913,0.9083453416824341,0.6733606457710266,0.874005138874054,0.6506609320640564,0.9121389389038086,0.6696606278419495,0.8737739324569702,0.6531031727790833,0.8977293372154236,0.6681082248687744,0.8759859800338745,0.651715099811554,0.8972643613815308,0.6489014029502869,0.9844242334365845,0.6307936310768127,0.994557797908783,0.6319935917854309,0.9862711429595947,0.6032021045684814,0.984218418598175,0.6249955296516418,0.9803872108459473,0.6194784641265869,0.9854967594146729,0.6242290735244751,0.9805940389633179,0.6251223683357239,0.9843213558197021,0.6211166381835938,0.9791672229766846,0.6135432124137878,0.9948621392250061,0
0.0,0.0,0.0,0.0,0.0,0.0,0.0,0.0,0.0,0.0,0.0,0.0,0.0,0.0,0.0,0.0,0.0,0.0,0.0,0.0,0.0,0.0,0.0,0.0,0.0,0.0,0.0,0.0,0.0,0.0,0.0,0.0,0.0,0.0,0.0,0.0,0.0,0.0,0.0,0.0,0.0,0.0,0.0,0.0,0.0,0.0,0.0,0.0,0.0,0.0,0.0,0.0,0.0,0.0,0.0,0.0,0.0,0.0,0.0,0.0,0.0,0.0,0.0,0.0,0.0,0.0,0
0.6049562692642212,0.8719350099563599,0.6034364104270935,0.8661813139915466,0.6036116480827332,0.8638201951980591,0.6038312911987305,0.8613089919090271,0.6029931306838989,0.8720694184303284,0.6030815839767456,0.8735816478729248,0.6030699014663696,0.8752509951591492,0.6063724756240845,0.8526570796966553,0.6044588685035706,0.8734012246131897,0.6080672740936279,0.8683873414993286,0.6078569293022156,0.8747637271881104,0.6260879635810852,0.8458017110824585,0.6101809144020081,0.8875997066497803,0.649825394153595,0.827677309513092,0.6099055409431458,0.9207454919815063,0.6683276891708374,0.8238499164581299,0.6238898038864136,0.9359953999519348,0.6737350225448608,0.8160003423690796,0.6267446279525757,0.9443468451499939,0.6728528141975403,0.8215448260307312,0.6288761496543884,0.9385595321655273,0.6709468960762024,0.8271628618240356,0.6285063624382019,0.9362438917160034,0.6419517993927002,0.923052191734314,0.6313972473144531,0.9523518085479736,0.6285891532897949,0.8748633861541748,0.6061001420021057,0.897459089756012,0.6429879069328308,0.9232206344604492,0.6391760110855103,0.9360483884811401,0.644576370716095,0.9318618178367615,0.6435027718544006,0.9390048384666443,0.6492323279380798,0.92530757188797,0.6497558951377869,0.9467528462409973,0
0.0,0.0,0.0,0.0,0.0,0.0,0.0,0.0,0.0,0.0,0.0,0.0,0.0,0.0,0.0,0.0,0.0,0.0,0.0,0.0,0.0,0.0,0.0,0.0,0.0,0.0,0.0,0.0,0.0,0.0,0.0,0.0,0.0,0.0,0.0,0.0,0.0,0.0,0.0,0.0,0.0,0.0,0.0,0.0,0.0,0.0,0.0,0.0,0.0,0.0,0.0,0.0,0.0,0.0,0.0,0.0,0.0,0.0,0.0,0.0,0.0,0.0,0.0,0.0,0.0,0.0,0
0.0,0.0,0.0,0.0,0.0,0.0,0.0,0.0,0.0,0.0,0.0,0.0,0.0,0.0,0.0,0.0,0.0,0.0,0.0,0.0,0.0,0.0,0.0,0.0,0.0,0.0,0.0,0.0,0.0,0.0,0.0,0.0,0.0,0.0,0.0,0.0,0.0,0.0,0.0,0.0,0.0,0.0,0.0,0.0,0.0,0.0,0.0,0.0,0.0,0.0,0.0,0.0,0.0,0.0,0.0,0.0,0.0,0.0,0.0,0.0,0.0,0.0,0.0,0.0,0.0,0.0,0
0.0,0.0,0.0,0.0,0.0,0.0,0.0,0.0,0.0,0.0,0.0,0.0,0.0,0.0,0.0,0.0,0.0,0.0,0.0,0.0,0.0,0.0,0.0,0.0,0.0,0.0,0.0,0.0,0.0,0.0,0.0,0.0,0.0,0.0,0.0,0.0,0.0,0.0,0.0,0.0,0.0,0.0,0.0,0.0,0.0,0.0,0.0,0.0,0.0,0.0,0.0,0.0,0.0,0.0,0.0,0.0,0.0,0.0,0.0,0.0,0.0,0.0,0.0,0.0,0.0,0.0,0
0.0,0.0,0.0,0.0,0.0,0.0,0.0,0.0,0.0,0.0,0.0,0.0,0.0,0.0,0.0,0.0,0.0,0.0,0.0,0.0,0.0,0.0,0.0,0.0,0.0,0.0,0.0,0.0,0.0,0.0,0.0,0.0,0.0,0.0,0.0,0.0,0.0,0.0,0.0,0.0,0.0,0.0,0.0,0.0,0.0,0.0,0.0,0.0,0.0,0.0,0.0,0.0,0.0,0.0,0.0,0.0,0.0,0.0,0.0,0.0,0.0,0.0,0.0,0.0,0.0,0.0,0
0.0,0.0,0.0,0.0,0.0,0.0,0.0,0.0,0.0,0.0,0.0,0.0,0.0,0.0,0.0,0.0,0.0,0.0,0.0,0.0,0.0,0.0,0.0,0.0,0.0,0.0,0.0,0.0,0.0,0.0,0.0,0.0,0.0,0.0,0.0,0.0,0.0,0.0,0.0,0.0,0.0,0.0,0.0,0.0,0.0,0.0,0.0,0.0,0.0,0.0,0.0,0.0,0.0,0.0,0.0,0.0,0.0,0.0,0.0,0.0,0.0,0.0,0.0,0.0,0.0,0.0,0
0.0,0.0,0.0,0.0,0.0,0.0,0.0,0.0,0.0,0.0,0.0,0.0,0.0,0.0,0.0,0.0,0.0,0.0,0.0,0.0,0.0,0.0,0.0,0.0,0.0,0.0,0.0,0.0,0.0,0.0,0.0,0.0,0.0,0.0,0.0,0.0,0.0,0.0,0.0,0.0,0.0,0.0,0.0,0.0,0.0,0.0,0.0,0.0,0.0,0.0,0.0,0.0,0.0,0.0,0.0,0.0,0.0,0.0,0.0,0.0,0.0,0.0,0.0,0.0,0.0,0.0,0
0.0,0.0,0.0,0.0,0.0,0.0,0.0,0.0,0.0,0.0,0.0,0.0,0.0,0.0,0.0,0.0,0.0,0.0,0.0,0.0,0.0,0.0,0.0,0.0,0.0,0.0,0.0,0.0,0.0,0.0,0.0,0.0,0.0,0.0,0.0,0.0,0.0,0.0,0.0,0.0,0.0,0.0,0.0,0.0,0.0,0.0,0.0,0.0,0.0,0.0,0.0,0.0,0.0,0.0,0.0,0.0,0.0,0.0,0.0,0.0,0.0,0.0,0.0,0.0,0.0,0.0,0
0.0,0.0,0.0,0.0,0.0,0.0,0.0,0.0,0.0,0.0,0.0,0.0,0.0,0.0,0.0,0.0,0.0,0.0,0.0,0.0,0.0,0.0,0.0,0.0,0.0,0.0,0.0,0.0,0.0,0.0,0.0,0.0,0.0,0.0,0.0,0.0,0.0,0.0,0.0,0.0,0.0,0.0,0.0,0.0,0.0,0.0,0.0,0.0,0.0,0.0,0.0,0.0,0.0,0.0,0.0,0.0,0.0,0.0,0.0,0.0,0.0,0.0,0.0,0.0,0.0,0.0,0
0.0,0.0,0.0,0.0,0.0,0.0,0.0,0.0,0.0,0.0,0.0,0.0,0.0,0.0,0.0,0.0,0.0,0.0,0.0,0.0,0.0,0.0,0.0,0.0,0.0,0.0,0.0,0.0,0.0,0.0,0.0,0.0,0.0,0.0,0.0,0.0,0.0,0.0,0.0,0.0,0.0,0.0,0.0,0.0,0.0,0.0,0.0,0.0,0.0,0.0,0.0,0.0,0.0,0.0,0.0,0.0,0.0,0.0,0.0,0.0,0.0,0.0,0.0,0.0,0.0,0.0,0
0.0,0.0,0.0,0.0,0.0,0.0,0.0,0.0,0.0,0.0,0.0,0.0,0.0,0.0,0.0,0.0,0.0,0.0,0.0,0.0,0.0,0.0,0.0,0.0,0.0,0.0,0.0,0.0,0.0,0.0,0.0,0.0,0.0,0.0,0.0,0.0,0.0,0.0,0.0,0.0,0.0,0.0,0.0,0.0,0.0,0.0,0.0,0.0,0.0,0.0,0.0,0.0,0.0,0.0,0.0,0.0,0.0,0.0,0.0,0.0,0.0,0.0,0.0,0.0,0.0,0.0,0
0.0,0.0,0.0,0.0,0.0,0.0,0.0,0.0,0.0,0.0,0.0,0.0,0.0,0.0,0.0,0.0,0.0,0.0,0.0,0.0,0.0,0.0,0.0,0.0,0.0,0.0,0.0,0.0,0.0,0.0,0.0,0.0,0.0,0.0,0.0,0.0,0.0,0.0,0.0,0.0,0.0,0.0,0.0,0.0,0.0,0.0,0.0,0.0,0.0,0.0,0.0,0.0,0.0,0.0,0.0,0.0,0.0,0.0,0.0,0.0,0.0,0.0,0.0,0.0,0.0,0.0,0
0.0,0.0,0.0,0.0,0.0,0.0,0.0,0.0,0.0,0.0,0.0,0.0,0.0,0.0,0.0,0.0,0.0,0.0,0.0,0.0,0.0,0.0,0.0,0.0,0.0,0.0,0.0,0.0,0.0,0.0,0.0,0.0,0.0,0.0,0.0,0.0,0.0,0.0,0.0,0.0,0.0,0.0,0.0,0.0,0.0,0.0,0.0,0.0,0.0,0.0,0.0,0.0,0.0,0.0,0.0,0.0,0.0,0.0,0.0,0.0,0.0,0.0,0.0,0.0,0.0,0.0,0
0.0,0.0,0.0,0.0,0.0,0.0,0.0,0.0,0.0,0.0,0.0,0.0,0.0,0.0,0.0,0.0,0.0,0.0,0.0,0.0,0.0,0.0,0.0,0.0,0.0,0.0,0.0,0.0,0.0,0.0,0.0,0.0,0.0,0.0,0.0,0.0,0.0,0.0,0.0,0.0,0.0,0.0,0.0,0.0,0.0,0.0,0.0,0.0,0.0,0.0,0.0,0.0,0.0,0.0,0.0,0.0,0.0,0.0,0.0,0.0,0.0,0.0,0.0,0.0,0.0,0.0,0
0.0,0.0,0.0,0.0,0.0,0.0,0.0,0.0,0.0,0.0,0.0,0.0,0.0,0.0,0.0,0.0,0.0,0.0,0.0,0.0,0.0,0.0,0.0,0.0,0.0,0.0,0.0,0.0,0.0,0.0,0.0,0.0,0.0,0.0,0.0,0.0,0.0,0.0,0.0,0.0,0.0,0.0,0.0,0.0,0.0,0.0,0.0,0.0,0.0,0.0,0.0,0.0,0.0,0.0,0.0,0.0,0.0,0.0,0.0,0.0,0.0,0.0,0.0,0.0,0.0,0.0,0
0.0,0.0,0.0,0.0,0.0,0.0,0.0,0.0,0.0,0.0,0.0,0.0,0.0,0.0,0.0,0.0,0.0,0.0,0.0,0.0,0.0,0.0,0.0,0.0,0.0,0.0,0.0,0.0,0.0,0.0,0.0,0.0,0.0,0.0,0.0,0.0,0.0,0.0,0.0,0.0,0.0,0.0,0.0,0.0,0.0,0.0,0.0,0.0,0.0,0.0,0.0,0.0,0.0,0.0,0.0,0.0,0.0,0.0,0.0,0.0,0.0,0.0,0.0,0.0,0.0,0.0,0
0.0,0.0,0.0,0.0,0.0,0.0,0.0,0.0,0.0,0.0,0.0,0.0,0.0,0.0,0.0,0.0,0.0,0.0,0.0,0.0,0.0,0.0,0.0,0.0,0.0,0.0,0.0,0.0,0.0,0.0,0.0,0.0,0.0,0.0,0.0,0.0,0.0,0.0,0.0,0.0,0.0,0.0,0.0,0.0,0.0,0.0,0.0,0.0,0.0,0.0,0.0,0.0,0.0,0.0,0.0,0.0,0.0,0.0,0.0,0.0,0.0,0.0,0.0,0.0,0.0,0.0,0
0.0,0.0,0.0,0.0,0.0,0.0,0.0,0.0,0.0,0.0,0.0,0.0,0.0,0.0,0.0,0.0,0.0,0.0,0.0,0.0,0.0,0.0,0.0,0.0,0.0,0.0,0.0,0.0,0.0,0.0,0.0,0.0,0.0,0.0,0.0,0.0,0.0,0.0,0.0,0.0,0.0,0.0,0.0,0.0,0.0,0.0,0.0,0.0,0.0,0.0,0.0,0.0,0.0,0.0,0.0,0.0,0.0,0.0,0.0,0.0,0.0,0.0,0.0,0.0,0.0,0.0,0
0.0,0.0,0.0,0.0,0.0,0.0,0.0,0.0,0.0,0.0,0.0,0.0,0.0,0.0,0.0,0.0,0.0,0.0,0.0,0.0,0.0,0.0,0.0,0.0,0.0,0.0,0.0,0.0,0.0,0.0,0.0,0.0,0.0,0.0,0.0,0.0,0.0,0.0,0.0,0.0,0.0,0.0,0.0,0.0,0.0,0.0,0.0,0.0,0.0,0.0,0.0,0.0,0.0,0.0,0.0,0.0,0.0,0.0,0.0,0.0,0.0,0.0,0.0,0.0,0.0,0.0,0
0.0,0.0,0.0,0.0,0.0,0.0,0.0,0.0,0.0,0.0,0.0,0.0,0.0,0.0,0.0,0.0,0.0,0.0,0.0,0.0,0.0,0.0,0.0,0.0,0.0,0.0,0.0,0.0,0.0,0.0,0.0,0.0,0.0,0.0,0.0,0.0,0.0,0.0,0.0,0.0,0.0,0.0,0.0,0.0,0.0,0.0,0.0,0.0,0.0,0.0,0.0,0.0,0.0,0.0,0.0,0.0,0.0,0.0,0.0,0.0,0.0,0.0,0.0,0.0,0.0,0.0,0
0.0,0.0,0.0,0.0,0.0,0.0,0.0,0.0,0.0,0.0,0.0,0.0,0.0,0.0,0.0,0.0,0.0,0.0,0.0,0.0,0.0,0.0,0.0,0.0,0.0,0.0,0.0,0.0,0.0,0.0,0.0,0.0,0.0,0.0,0.0,0.0,0.0,0.0,0.0,0.0,0.0,0.0,0.0,0.0,0.0,0.0,0.0,0.0,0.0,0.0,0.0,0.0,0.0,0.0,0.0,0.0,0.0,0.0,0.0,0.0,0.0,0.0,0.0,0.0,0.0,0.0,0
0.0,0.0,0.0,0.0,0.0,0.0,0.0,0.0,0.0,0.0,0.0,0.0,0.0,0.0,0.0,0.0,0.0,0.0,0.0,0.0,0.0,0.0,0.0,0.0,0.0,0.0,0.0,0.0,0.0,0.0,0.0,0.0,0.0,0.0,0.0,0.0,0.0,0.0,0.0,0.0,0.0,0.0,0.0,0.0,0.0,0.0,0.0,0.0,0.0,0.0,0.0,0.0,0.0,0.0,0.0,0.0,0.0,0.0,0.0,0.0,0.0,0.0,0.0,0.0,0.0,0.0,0
0.6306290030479431,0.8622170090675354,0.6302418112754822,0.8458218574523926,0.6317415237426758,0.8436876535415649,0.6332948803901672,0.8415108323097229,0.6263002753257751,0.8501255512237549,0.6249104142189026,0.8512749075889587,0.6233901977539062,0.8523276448249817,0.6362800002098083,0.8372300863265991,0.6221219301223755,0.8519542813301086,0.63487708568573,0.8665643334388733,0.6301102638244629,0.8715760111808777,0.6529524326324463,0.8670604228973389,0.6207686066627502,0.883537769317627,0.6700615882873535,0.9006937146186829,0.6259551644325256,0.9133037328720093,0.6762416958808899,0.9264765977859497,0.6425619125366211,0.9061260223388672,0.6798815727233887,0.9276993274688721,0.6467757225036621,0.9039921164512634,0.6777025461196899,0.9261650443077087,0.6479389071464539,0.8980710506439209,0.6747265458106995,0.9282416105270386,0.6470202207565308,0.8990992903709412,0.6509323716163635,1.0119259357452393,0.6284843683242798,1.025194764137268,0.6560840606689453,0.9488571286201477,0.614270806312561,0.9620320200920105,0.6283320188522339,0.9498047232627869,0.6020271182060242,0.9456418752670288,0.6193383932113647,0.9492510557174683,0.6004061698913574,0.9390015602111816,0.6335411071777344,0.9653372168540955,0.6026943325996399,0.9671839475631714,0
0.6389938592910767,0.8817532062530518,0.6393305063247681,0.8690398335456848,0.640809178352356,0.8668754696846008,0.6423184871673584,0.8646689653396606,0.6344868540763855,0.8731027841567993,0.6325840950012207,0.87394118309021,0.63059401512146,0.8747716546058655,0.6421747207641602,0.8544722199440002,0.6250380873680115,0.8691648244857788,0.6406757831573486,0.8816524147987366,0.6353331208229065,0.8858599662780762,0.6468523144721985,0.8496700525283813,0.6166296601295471,0.8752870559692383,0.6677311658859253,0.861297070980072,0.6220502853393555,0.8909336924552917,0.6776896119117737,0.9254071712493896,0.6402854323387146,0.8858664631843567,0.6825582981109619,0.9372050166130066,0.644260585308075,0.8866392970085144,0.6786903738975525,0.94775390625,0.6457771062850952,0.8827024698257446,0.6751804947853088,0.9416359663009644,0.644768238067627,0.8823971748352051,0.6452769041061401,0.9478030800819397,0.626661479473114,0.9580587148666382,0.6653732657432556,0.8955069780349731,0.6174676418304443,0.8764010667800903,0.6372991800308228,0.8725667595863342,0.621309220790863,0.8531147837638855,0.6306061148643494,0.8685778379440308,0.623336136341095,0.8485174775123596,0.6332792043685913,0.8623367547988892,0.6193249821662903,0.8465818166732788,0
0.6345221996307373,0.8306795954704285,0.6337543725967407,0.8189195990562439,0.6350201964378357,0.817105770111084,0.6363095641136169,0.8152033090591431,0.6299344301223755,0.8231261372566223,0.6285423040390015,0.824338972568512,0.6270681023597717,0.8256125450134277,0.6370993852615356,0.8101516962051392,0.623834490776062,0.8253433704376221,0.637522280216217,0.8329180479049683,0.6328691244125366,0.8380497694015503,0.6523604393005371,0.8207186460494995,0.6182700991630554,0.8589741587638855,0.6778354644775391,0.8470561504364014,0.6242508888244629,0.9086974859237671,0.6844775080680847,0.9316708445549011,0.6400538086891174,0.925417423248291,0.6883187294006348,0.9552035927772522,0.6444091200828552,0.9342185258865356,0.682079553604126,0.957247257232666,0.6452085971832275,0.9264712333679199,0.6808945536613464,0.9523909687995911,0.6442147493362427,0.9237653017044067,0.6560038924217224,0.9228571057319641,0.6364250183105469,0.9397276639938354,0.6708982586860657,0.8682153224945068,0.612043023109436,0.8929986953735352,0.650111198425293,0.9071874022483826,0.6361522674560547,0.9255789518356323,0.6464963555335999,0.9048076272010803,0.6400519609451294,0.9244844913482666,0.6448287963867188,0.922757625579834,0.6410491466522217,0.936120867729187,0
0.0,0.0,0.0,0.0,0.0,0.0,0.0,0.0,0.0,0.0,0.0,0.0,0.0,0.0,0.0,0.0,0.0,0.0,0.0,0.0,0.0,0.0,0.0,0.0,0.0,0.0,0.0,0.0,0.0,0.0,0.0,0.0,0.0,0.0,0.0,0.0,0.0,0.0,0.0,0.0,0.0,0.0,0.0,0.0,0.0,0.0,0.0,0.0,0.0,0.0,0.0,0.0,0.0,0.0,0.0,0.0,0.0,0.0,0.0,0.0,0.0,0.0,0.0,0.0,0.0,0.0,0
0.6347249746322632,0.8678308725357056,0.6342218518257141,0.8519719839096069,0.6346582174301147,0.8516578674316406,0.6351531744003296,0.8512642979621887,0.6320728063583374,0.8531465530395508,0.6309458613395691,0.8537279367446899,0.6296588182449341,0.8543707132339478,0.631506085395813,0.8572689890861511,0.6238440275192261,0.8622739315032959,0.6332803964614868,0.8814094662666321,0.6305848360061646,0.8821485042572021,0.6314818859100342,0.9123373031616211,0.612216055393219,0.9370190501213074,0.659877359867096,0.9181358814239502,0.6348837614059448,0.9491832256317139,0.6775149703025818,0.9227510094642639,0.6732513308525085,0.9165686964988708,0.6822741031646729,0.9208545088768005,0.6833778619766235,0.9117330312728882,0.6802288293838501,0.9212781190872192,0.6846868395805359,0.9019067883491516,0.67765873670578,0.9250205755233765,0.681035578250885,0.9031869173049927,0.64732426404953,1.1808229684829712,0.6336484551429749,1.1948920488357544,0.6584951877593994,1.0868722200393677,0.646393358707428,1.033355474472046,0.6407727003097534,1.0345990657806396,0.6389890909194946,0.9518853425979614,0.6357384920120239,1.034883975982666,0.6379309296607971,0.9471259117126465,0.6393696069717407,0.988722026348114,0.6364621520042419,0.9049661755561829,0
