kp0_x,kp0_y,kp1_x,kp1_y,kp2_x,kp2_y,kp3_x,kp3_y,kp4_x,kp4_y,kp5_x,kp5_y,kp6_x,kp6_y,kp7_x,kp7_y,kp8_x,kp8_y,kp9_x,kp9_y,kp10_x,kp10_y,kp11_x,kp11_y,kp12_x,kp12_y,kp13_x,kp13_y,kp14_x,kp14_y,kp15_x,kp15_y,kp16_x,kp16_y,kp17_x,kp17_y,kp18_x,kp18_y,kp19_x,kp19_y,kp20_x,kp20_y,kp21_x,kp21_y,kp22_x,kp22_y,kp23_x,kp23_y,kp24_x,kp24_y,kp25_x,kp25_y,kp26_x,kp26_y,kp27_x,kp27_y,kp28_x,kp28_y,kp29_x,kp29_y,kp30_x,kp30_y,kp31_x,kp31_y,kp32_x,kp32_y,label
0.0,0.0,0.0,0.0,0.0,0.0,0.0,0.0,0.0,0.0,0.0,0.0,0.0,0.0,0.0,0.0,0.0,0.0,0.0,0.0,0.0,0.0,0.0,0.0,0.0,0.0,0.0,0.0,0.0,0.0,0.0,0.0,0.0,0.0,0.0,0.0,0.0,0.0,0.0,0.0,0.0,0.0,0.0,0.0,0.0,0.0,0.0,0.0,0.0,0.0,0.0,0.0,0.0,0.0,0.0,0.0,0.0,0.0,0.0,0.0,0.0,0.0,0.0,0.0,0.0,0.0,0
0.0,0.0,0.0,0.0,0.0,0.0,0.0,0.0,0.0,0.0,0.0,0.0,0.0,0.0,0.0,0.0,0.0,0.0,0.0,0.0,0.0,0.0,0.0,0.0,0.0,0.0,0.0,0.0,0.0,0.0,0.0,0.0,0.0,0.0,0.0,0.0,0.0,0.0,0.0,0.0,0.0,0.0,0.0,0.0,0.0,0.0,0.0,0.0,0.0,0.0,0.0,0.0,0.0,0.0,0.0,0.0,0.0,0.0,0.0,0.0,0.0,0.0,0.0,0.0,0.0,0.0,0
0.0,0.0,0.0,0.0,0.0,0.0,0.0,0.0,0.0,0.0,0.0,0.0,0.0,0.0,0.0,0.0,0.0,0.0,0.0,0.0,0.0,0.0,0.0,0.0,0.0,0.0,0.0,0.0,0.0,0.0,0.0,0.0,0.0,0.0,0.0,0.0,0.0,0.0,0.0,0.0,0.0,0.0,0.0,0.0,0.0,0.0,0.0,0.0,0.0,0.0,0.0,0.0,0.0,0.0,0.0,0.0,0.0,0.0,0.0,0.0,0.0,0.0,0.0,0.0,0.0,0.0,0
0.0,0.0,0.0,0.0,0.0,0.0,0.0,0.0,0.0,0.0,0.0,0.0,0.0,0.0,0.0,0.0,0.0,0.0,0.0,0.0,0.0,0.0,0.0,0.0,0.0,0.0,0.0,0.0,0.0,0.0,0.0,0.0,0.0,0.0,0.0,0.0,0.0,0.0,0.0,0.0,0.0,0.0,0.0,0.0,0.0,0.0,0.0,0.0,0.0,0.0,0.0,0.0,0.0,0.0,0.0,0.0,0.0,0.0,0.0,0.0,0.0,0.0,0.0,0.0,0.0,0.0,0
0.0,0.0,0.0,0.0,0.0,0.0,0.0,0.0,0.0,0.0,0.0,0.0,0.0,0.0,0.0,0.0,0.0,0.0,0.0,0.0,0.0,0.0,0.0,0.0,0.0,0.0,0.0,0.0,0.0,0.0,0.0,0.0,0.0,0.0,0.0,0.0,0.0,0.0,0.0,0.0,0.0,0.0,0.0,0.0,0.0,0.0,0.0,0.0,0.0,0.0,0.0,0.0,0.0,0.0,0.0,0.0,0.0,0.0,0.0,0.0,0.0,0.0,0.0,0.0,0.0,0.0,0
0.0,0.0,0.0,0.0,0.0,0.0,0.0,0.0,0.0,0.0,0.0,0.0,0.0,0.0,0.0,0.0,0.0,0.0,0.0,0.0,0.0,0.0,0.0,0.0,0.0,0.0,0.0,0.0,0.0,0.0,0.0,0.0,0.0,0.0,0.0,0.0,0.0,0.0,0.0,0.0,0.0,0.0,0.0,0.0,0.0,0.0,0.0,0.0,0.0,0.0,0.0,0.0,0.0,0.0,0.0,0.0,0.0,0.0,0.0,0.0,0.0,0.0,0.0,0.0,0.0,0.0,0
0.0,0.0,0.0,0.0,0.0,0.0,0.0,0.0,0.0,0.0,0.0,0.0,0.0,0.0,0.0,0.0,0.0,0.0,0.0,0.0,0.0,0.0,0.0,0.0,0.0,0.0,0.0,0.0,0.0,0.0,0.0,0.0,0.0,0.0,0.0,0.0,0.0,0.0,0.0,0.0,0.0,0.0,0.0,0.0,0.0,0.0,0.0,0.0,0.0,0.0,0.0,0.0,0.0,0.0,0.0,0.0,0.0,0.0,0.0,0.0,0.0,0.0,0.0,0.0,0.0,0.0,0
0.0,0.0,0.0,0.0,0.0,0.0,0.0,0.0,0.0,0.0,0.0,0.0,0.0,0.0,0.0,0.0,0.0,0.0,0.0,0.0,0.0,0.0,0.0,0.0,0.0,0.0,0.0,0.0,0.0,0.0,0.0,0.0,0.0,0.0,0.0,0.0,0.0,0.0,0.0,0.0,0.0,0.0,0.0,0.0,0.0,0.0,0.0,0.0,0.0,0.0,0.0,0.0,0.0,0.0,0.0,0.0,0.0,0.0,0.0,0.0,0.0,0.0,0.0,0.0,0.0,0.0,0
0.0,0.0,0.0,0.0,0.0,0.0,0.0,0.0,0.0,0.0,0.0,0.0,0.0,0.0,0.0,0.0,0.0,0.0,0.0,0.0,0.0,0.0,0.0,0.0,0.0,0.0,0.0,0.0,0.0,0.0,0.0,0.0,0.0,0.0,0.0,0.0,0.0,0.0,0.0,0.0,0.0,0.0,0.0,0.0,0.0,0.0,0.0,0.0,0.0,0.0,0.0,0.0,0.0,0.0,0.0,0.0,0.0,0.0,0.0,0.0,0.0,0.0,0.0,0.0,0.0,0.0,0
0.0,0.0,0.0,0.0,0.0,0.0,0.0,0.0,0.0,0.0,0.0,0.0,0.0,0.0,0.0,0.0,0.0,0.0,0.0,0.0,0.0,0.0,0.0,0.0,0.0,0.0,0.0,0.0,0.0,0.0,0.0,0.0,0.0,0.0,0.0,0.0,0.0,0.0,0.0,0.0,0.0,0.0,0.0,0.0,0.0,0.0,0.0,0.0,0.0,0.0,0.0,0.0,0.0,0.0,0.0,0.0,0.0,0.0,0.0,0.0,0.0,0.0,0.0,0.0,0.0,0.0,0
0.0,0.0,0.0,0.0,0.0,0.0,0.0,0.0,0.0,0.0,0.0,0.0,0.0,0.0,0.0,0.0,0.0,0.0,0.0,0.0,0.0,0.0,0.0,0.0,0.0,0.0,0.0,0.0,0.0,0.0,0.0,0.0,0.0,0.0,0.0,0.0,0.0,0.0,0.0,0.0,0.0,0.0,0.0,0.0,0.0,0.0,0.0,0.0,0.0,0.0,0.0,0.0,0.0,0.0,0.0,0.0,0.0,0.0,0.0,0.0,0.0,0.0,0.0,0.0,0.0,0.0,0
0.0,0.0,0.0,0.0,0.0,0.0,0.0,0.0,0.0,0.0,0.0,0.0,0.0,0.0,0.0,0.0,0.0,0.0,0.0,0.0,0.0,0.0,0.0,0.0,0.0,0.0,0.0,0.0,0.0,0.0,0.0,0.0,0.0,0.0,0.0,0.0,0.0,0.0,0.0,0.0,0.0,0.0,0.0,0.0,0.0,0.0,0.0,0.0,0.0,0.0,0.0,0.0,0.0,0.0,0.0,0.0,0.0,0.0,0.0,0.0,0.0,0.0,0.0,0.0,0.0,0.0,0
0.0,0.0,0.0,0.0,0.0,0.0,0.0,0.0,0.0,0.0,0.0,0.0,0.0,0.0,0.0,0.0,0.0,0.0,0.0,0.0,0.0,0.0,0.0,0.0,0.0,0.0,0.0,0.0,0.0,0.0,0.0,0.0,0.0,0.0,0.0,0.0,0.0,0.0,0.0,0.0,0.0,0.0,0.0,0.0,0.0,0.0,0.0,0.0,0.0,0.0,0.0,0.0,0.0,0.0,0.0,0.0,0.0,0.0,0.0,0.0,0.0,0.0,0.0,0.0,0.0,0.0,0
0.0,0.0,0.0,0.0,0.0,0.0,0.0,0.0,0.0,0.0,0.0,0.0,0.0,0.0,0.0,0.0,0.0,0.0,0.0,0.0,0.0,0.0,0.0,0.0,0.0,0.0,0.0,0.0,0.0,0.0,0.0,0.0,0.0,0.0,0.0,0.0,0.0,0.0,0.0,0.0,0.0,0.0,0.0,0.0,0.0,0.0,0.0,0.0,0.0,0.0,0.0,0.0,0.0,0.0,0.0,0.0,0.0,0.0,0.0,0.0,0.0,0.0,0.0,0.0,0.0,0.0,0
0.0,0.0,0.0,0.0,0.0,0.0,0.0,0.0,0.0,0.0,0.0,0.0,0.0,0.0,0.0,0.0,0.0,0.0,0.0,0.0,0.0,0.0,0.0,0.0,0.0,0.0,0.0,0.0,0.0,0.0,0.0,0.0,0.0,0.0,0.0,0.0,0.0,0.0,0.0,0.0,0.0,0.0,0.0,0.0,0.0,0.0,0.0,0.0,0.0,0.0,0.0,0.0,0.0,0.0,0.0,0.0,0.0,0.0,0.0,0.0,0.0,0.0,0.0,0.0,0.0,0.0,0
0.0,0.0,0.0,0.0,0.0,0.0,0.0,0.0,0.0,0.0,0.0,0.0,0.0,0.0,0.0,0.0,0.0,0.0,0.0,0.0,0.0,0.0,0.0,0.0,0.0,0.0,0.0,0.0,0.0,0.0,0.0,0.0,0.0,0.0,0.0,0.0,0.0,0.0,0.0,0.0,0.0,0.0,0.0,0.0,0.0,0.0,0.0,0.0,0.0,0.0,0.0,0.0,0.0,0.0,0.0,0.0,0.0,0.0,0.0,0.0,0.0,0.0,0.0,0.0,0.0,0.0,0
0.0,0.0,0.0,0.0,0.0,0.0,0.0,0.0,0.0,0.0,0.0,0.0,0.0,0.0,0.0,0.0,0.0,0.0,0.0,0.0,0.0,0.0,0.0,0.0,0.0,0.0,0.0,0.0,0.0,0.0,0.0,0.0,0.0,0.0,0.0,0.0,0.0,0.0,0.0,0.0,0.0,0.0,0.0,0.0,0.0,0.0,0.0,0.0,0.0,0.0,0.0,0.0,0.0,0.0,0.0,0.0,0.0,0.0,0.0,0.0,0.0,0.0,0.0,0.0,0.0,0.0,0
0.0,0.0,0.0,0.0,0.0,0.0,0.0,0.0,0.0,0.0,0.0,0.0,0.0,0.0,0.0,0.0,0.0,0.0,0.0,0.0,0.0,0.0,0.0,0.0,0.0,0.0,0.0,0.0,0.0,0.0,0.0,0.0,0.0,0.0,0.0,0.0,0.0,0.0,0.0,0.0,0.0,0.0,0.0,0.0,0.0,0.0,0.0,0.0,0.0,0.0,0.0,0.0,0.0,0.0,0.0,0.0,0.0,0.0,0.0,0.0,0.0,0.0,0.0,0.0,0.0,0.0,0
0.0,0.0,0.0,0.0,0.0,0.0,0.0,0.0,0.0,0.0,0.0,0.0,0.0,0.0,0.0,0.0,0.0,0.0,0.0,0.0,0.0,0.0,0.0,0.0,0.0,0.0,0.0,0.0,0.0,0.0,0.0,0.0,0.0,0.0,0.0,0.0,0.0,0.0,0.0,0.0,0.0,0.0,0.0,0.0,0.0,0.0,0.0,0.0,0.0,0.0,0.0,0.0,0.0,0.0,0.0,0.0,0.0,0.0,0.0,0.0,0.0,0.0,0.0,0.0,0.0,0.0,0
0.0,0.0,0.0,0.0,0.0,0.0,0.0,0.0,0.0,0.0,0.0,0.0,0.0,0.0,0.0,0.0,0.0,0.0,0.0,0.0,0.0,0.0,0.0,0.0,0.0,0.0,0.0,0.0,0.0,0.0,0.0,0.0,0.0,0.0,0.0,0.0,0.0,0.0,0.0,0.0,0.0,0.0,0.0,0.0,0.0,0.0,0.0,0.0,0.0,0.0,0.0,0.0,0.0,0.0,0.0,0.0,0.0,0.0,0.0,0.0,0.0,0.0,0.0,0.0,0.0,0.0,0
0.0,0.0,0.0,0.0,0.0,0.0,0.0,0.0,0.0,0.0,0.0,0.0,0.0,0.0,0.0,0.0,0.0,0.0,0.0,0.0,0.0,0.0,0.0,0.0,0.0,0.0,0.0,0.0,0.0,0.0,0.0,0.0,0.0,0.0,0.0,0.0,0.0,0.0,0.0,0.0,0.0,0.0,0.0,0.0,0.0,0.0,0.0,0.0,0.0,0.0,0.0,0.0,0.0,0.0,0.0,0.0,0.0,0.0,0.0,0.0,0.0,0.0,0.0,0.0,0.0,0.0,0
0.0,0.0,0.0,0.0,0.0,0.0,0.0,0.0,0.0,0.0,0.0,0.0,0.0,0.0,0.0,0.0,0.0,0.0,0.0,0.0,0.0,0.0,0.0,0.0,0.0,0.0,0.0,0.0,0.0,0.0,0.0,0.0,0.0,0.0,0.0,0.0,0.0,0.0,0.0,0.0,0.0,0.0,0.0,0.0,0.0,0.0,0.0,0.0,0.0,0.0,0.0,0.0,0.0,0.0,0.0,0.0,0.0,0.0,0.0,0.0,0.0,0.0,0.0,0.0,0.0,0.0,0
0.0,0.0,0.0,0.0,0.0,0.0,0.0,0.0,0.0,0.0,0.0,0.0,0.0,0.0,0.0,0.0,0.0,0.0,0.0,0.0,0.0,0.0,0.0,0.0,0.0,0.0,0.0,0.0,0.0,0.0,0.0,0.0,0.0,0.0,0.0,0.0,0.0,0.0,0.0,0.0,0.0,0.0,0.0,0.0,0.0,0.0,0.0,0.0,0.0,0.0,0.0,0.0,0.0,0.0,0.0,0.0,0.0,0.0,0.0,0.0,0.0,0.0,0.0,0.0,0.0,0.0,0
0.0,0.0,0.0,0.0,0.0,0.0,0.0,0.0,0.0,0.0,0.0,0.0,0.0,0.0,0.0,0.0,0.0,0.0,0.0,0.0,0.0,0.0,0.0,0.0,0.0,0.0,0.0,0.0,0.0,0.0,0.0,0.0,0.0,0.0,0.0,0.0,0.0,0.0,0.0,0.0,0.0,0.0,0.0,0.0,0.0,0.0,0.0,0.0,0.0,0.0,0.0,0.0,0.0,0.0,0.0,0.0,0.0,0.0,0.0,0.0,0.0,0.0,0.0,0.0,0.0,0.0,0
0.0,0.0,0.0,0.0,0.0,0.0,0.0,0.0,0.0,0.0,0.0,0.0,0.0,0.0,0.0,0.0,0.0,0.0,0.0,0.0,0.0,0.0,0.0,0.0,0.0,0.0,0.0,0.0,0.0,0.0,0.0,0.0,0.0,0.0,0.0,0.0,0.0,0.0,0.0,0.0,0.0,0.0,0.0,0.0,0.0,0.0,0.0,0.0,0.0,0.0,0.0,0.0,0.0,0.0,0.0,0.0,0.0,0.0,0.0,0.0,0.0,0.0,0.0,0.0,0.0,0.0,0
0.0,0.0,0.0,0.0,0.0,0.0,0.0,0.0,0.0,0.0,0.0,0.0,0.0,0.0,0.0,0.0,0.0,0.0,0.0,0.0,0.0,0.0,0.0,0.0,0.0,0.0,0.0,0.0,0.0,0.0,0.0,0.0,0.0,0.0,0.0,0.0,0.0,0.0,0.0,0.0,0.0,0.0,0.0,0.0,0.0,0.0,0.0,0.0,0.0,0.0,0.0,0.0,0.0,0.0,0.0,0.0,0.0,0.0,0.0,0.0,0.0,0.0,0.0,0.0,0.0,0.0,0
0.0,0.0,0.0,0.0,0.0,0.0,0.0,0.0,0.0,0.0,0.0,0.0,0.0,0.0,0.0,0.0,0.0,0.0,0.0,0.0,0.0,0.0,0.0,0.0,0.0,0.0,0.0,0.0,0.0,0.0,0.0,0.0,0.0,0.0,0.0,0.0,0.0,0.0,0.0,0.0,0.0,0.0,0.0,0.0,0.0,0.0,0.0,0.0,0.0,0.0,0.0,0.0,0.0,0.0,0.0,0.0,0.0,0.0,0.0,0.0,0.0,0.0,0.0,0.0,0.0,0.0,0
0.0,0.0,0.0,0.0,0.0,0.0,0.0,0.0,0.0,0.0,0.0,0.0,0.0,0.0,0.0,0.0,0.0,0.0,0.0,0.0,0.0,0.0,0.0,0.0,0.0,0.0,0.0,0.0,0.0,0.0,0.0,0.0,0.0,0.0,0.0,0.0,0.0,0.0,0.0,0.0,0.0,0.0,0.0,0.0,0.0,0.0,0.0,0.0,0.0,0.0,0.0,0.0,0.0,0.0,0.0,0.0,0.0,0.0,0.0,0.0,0.0,0.0,0.0,0.0,0.0,0.0,0
0.0,0.0,0.0,0.0,0.0,0.0,0.0,0.0,0.0,0.0,0.0,0.0,0.0,0.0,0.0,0.0,0.0,0.0,0.0,0.0,0.0,0.0,0.0,0.0,0.0,0.0,0.0,0.0,0.0,0.0,0.0,0.0,0.0,0.0,0.0,0.0,0.0,0.0,0.0,0.0,0.0,0.0,0.0,0.0,0.0,0.0,0.0,0.0,0.0,0.0,0.0,0.0,0.0,0.0,0.0,0.0,0.0,0.0,0.0,0.0,0.0,0.0,0.0,0.0,0.0,0.0,0
0.0,0.0,0.0,0.0,0.0,0.0,0.0,0.0,0.0,0.0,0.0,0.0,0.0,0.0,0.0,0.0,0.0,0.0,0.0,0.0,0.0,0.0,0.0,0.0,0.0,0.0,0.0,0.0,0.0,0.0,0.0,0.0,0.0,0.0,0.0,0.0,0.0,0.0,0.0,0.0,0.0,0.0,0.0,0.0,0.0,0.0,0.0,0.0,0.0,0.0,0.0,0.0,0.0,0.0,0.0,0.0,0.0,0.0,0.0,0.0,0.0,0.0,0.0,0.0,0.0,0.0,0
0.0,0.0,0.0,0.0,0.0,0.0,0.0,0.0,0.0,0.0,0.0,0.0,0.0,0.0,0.0,0.0,0.0,0.0,0.0,0.0,0.0,0.0,0.0,0.0,0.0,0.0,0.0,0.0,0.0,0.0,0.0,0.0,0.0,0.0,0.0,0.0,0.0,0.0,0.0,0.0,0.0,0.0,0.0,0.0,0.0,0.0,0.0,0.0,0.0,0.0,0.0,0.0,0.0,0.0,0.0,0.0,0.0,0.0,0.0,0.0,0.0,0.0,0.0,0.0,0.0,0.0,0
0.0,0.0,0.0,0.0,0.0,0.0,0.0,0.0,0.0,0.0,0.0,0.0,0.0,0.0,0.0,0.0,0.0,0.0,0.0,0.0,0.0,0.0,0.0,0.0,0.0,0.0,0.0,0.0,0.0,0.0,0.0,0.0,0.0,0.0,0.0,0.0,0.0,0.0,0.0,0.0,0.0,0.0,0.0,0.0,0.0,0.0,0.0,0.0,0.0,0.0,0.0,0.0,0.0,0.0,0.0,0.0,0.0,0.0,0.0,0.0,0.0,0.0,0.0,0.0,0.0,0.0,0
0.0,0.0,0.0,0.0,0.0,0.0,0.0,0.0,0.0,0.0,0.0,0.0,0.0,0.0,0.0,0.0,0.0,0.0,0.0,0.0,0.0,0.0,0.0,0.0,0.0,0.0,0.0,0.0,0.0,0.0,0.0,0.0,0.0,0.0,0.0,0.0,0.0,0.0,0.0,0.0,0.0,0.0,0.0,0.0,0.0,0.0,0.0,0.0,0.0,0.0,0.0,0.0,0.0,0.0,0.0,0.0,0.0,0.0,0.0,0.0,0.0,0.0,0.0,0.0,0.0,0.0,0
0.0,0.0,0.0,0.0,0.0,0.0,0.0,0.0,0.0,0.0,0.0,0.0,0.0,0.0,0.0,0.0,0.0,0.0,0.0,0.0,0.0,0.0,0.0,0.0,0.0,0.0,0.0,0.0,0.0,0.0,0.0,0.0,0.0,0.0,0.0,0.0,0.0,0.0,0.0,0.0,0.0,0.0,0.0,0.0,0.0,0.0,0.0,0.0,0.0,0.0,0.0,0.0,0.0,0.0,0.0,0.0,0.0,0.0,0.0,0.0,0.0,0.0,0.0,0.0,0.0,0.0,0
0.0,0.0,0.0,0.0,0.0,0.0,0.0,0.0,0.0,0.0,0.0,0.0,0.0,0.0,0.0,0.0,0.0,0.0,0.0,0.0,0.0,0.0,0.0,0.0,0.0,0.0,0.0,0.0,0.0,0.0,0.0,0.0,0.0,0.0,0.0,0.0,0.0,0.0,0.0,0.0,0.0,0.0,0.0,0.0,0.0,0.0,0.0,0.0,0.0,0.0,0.0,0.0,0.0,0.0,0.0,0.0,0.0,0.0,0.0,0.0,0.0,0.0,0.0,0.0,0.0,0.0,0
0.0,0.0,0.0,0.0,0.0,0.0,0.0,0.0,0.0,0.0,0.0,0.0,0.0,0.0,0.0,0.0,0.0,0.0,0.0,0.0,0.0,0.0,0.0,0.0,0.0,0.0,0.0,0.0,0.0,0.0,0.0,0.0,0.0,0.0,0.0,0.0,0.0,0.0,0.0,0.0,0.0,0.0,0.0,0.0,0.0,0.0,0.0,0.0,0.0,0.0,0.0,0.0,0.0,0.0,0.0,0.0,0.0,0.0,0.0,0.0,0.0,0.0,0.0,0.0,0.0,0.0,0
0.0,0.0,0.0,0.0,0.0,0.0,0.0,0.0,0.0,0.0,0.0,0.0,0.0,0.0,0.0,0.0,0.0,0.0,0.0,0.0,0.0,0.0,0.0,0.0,0.0,0.0,0.0,0.0,0.0,0.0,0.0,0.0,0.0,0.0,0.0,0.0,0.0,0.0,0.0,0.0,0.0,0.0,0.0,0.0,0.0,0.0,0.0,0.0,0.0,0.0,0.0,0.0,0.0,0.0,0.0,0.0,0.0,0.0,0.0,0.0,0.0,0.0,0.0,0.0,0.0,0.0,0
0.0,0.0,0.0,0.0,0.0,0.0,0.0,0.0,0.0,0.0,0.0,0.0,0.0,0.0,0.0,0.0,0.0,0.0,0.0,0.0,0.0,0.0,0.0,0.0,0.0,0.0,0.0,0.0,0.0,0.0,0.0,0.0,0.0,0.0,0.0,0.0,0.0,0.0,0.0,0.0,0.0,0.0,0.0,0.0,0.0,0.0,0.0,0.0,0.0,0.0,0.0,0.0,0.0,0.0,0.0,0.0,0.0,0.0,0.0,0.0,0.0,0.0,0.0,0.0,0.0,0.0,0
0.0,0.0,0.0,0.0,0.0,0.0,0.0,0.0,0.0,0.0,0.0,0.0,0.0,0.0,0.0,0.0,0.0,0.0,0.0,0.0,0.0,0.0,0.0,0.0,0.0,0.0,0.0,0.0,0.0,0.0,0.0,0.0,0.0,0.0,0.0,0.0,0.0,0.0,0.0,0.0,0.0,0.0,0.0,0.0,0.0,0.0,0.0,0.0,0.0,0.0,0.0,0.0,0.0,0.0,0.0,0.0,0.0,0.0,0.0,0.0,0.0,0.0,0.0,0.0,0.0,0.0,0
0.0,0.0,0.0,0.0,0.0,0.0,0.0,0.0,0.0,0.0,0.0,0.0,0.0,0.0,0.0,0.0,0.0,0.0,0.0,0.0,0.0,0.0,0.0,0.0,0.0,0.0,0.0,0.0,0.0,0.0,0.0,0.0,0.0,0.0,0.0,0.0,0.0,0.0,0.0,0.0,0.0,0.0,0.0,0.0,0.0,0.0,0.0,0.0,0.0,0.0,0.0,0.0,0.0,0.0,0.0,0.0,0.0,0.0,0.0,0.0,0.0,0.0,0.0,0.0,0.0,0.0,0
0.0,0.0,0.0,0.0,0.0,0.0,0.0,0.0,0.0,0.0,0.0,0.0,0.0,0.0,0.0,0.0,0.0,0.0,0.0,0.0,0.0,0.0,0.0,0.0,0.0,0.0,0.0,0.0,0.0,0.0,0.0,0.0,0.0,0.0,0.0,0.0,0.0,0.0,0.0,0.0,0.0,0.0,0.0,0.0,0.0,0.0,0.0,0.0,0.0,0.0,0.0,0.0,0.0,0.0,0.0,0.0,0.0,0.0,0.0,0.0,0.0,0.0,0.0,0.0,0.0,0.0,0
0.0,0.0,0.0,0.0,0.0,0.0,0.0,0.0,0.0,0.0,0.0,0.0,0.0,0.0,0.0,0.0,0.0,0.0,0.0,0.0,0.0,0.0,0.0,0.0,0.0,0.0,0.0,0.0,0.0,0.0,0.0,0.0,0.0,0.0,0.0,0.0,0.0,0.0,0.0,0.0,0.0,0.0,0.0,0.0,0.0,0.0,0.0,0.0,0.0,0.0,0.0,0.0,0.0,0.0,0.0,0.0,0.0,0.0,0.0,0.0,0.0,0.0,0.0,0.0,0.0,0.0,0
0.0,0.0,0.0,0.0,0.0,0.0,0.0,0.0,0.0,0.0,0.0,0.0,0.0,0.0,0.0,0.0,0.0,0.0,0.0,0.0,0.0,0.0,0.0,0.0,0.0,0.0,0.0,0.0,0.0,0.0,0.0,0.0,0.0,0.0,0.0,0.0,0.0,0.0,0.0,0.0,0.0,0.0,0.0,0.0,0.0,0.0,0.0,0.0,0.0,0.0,0.0,0.0,0.0,0.0,0.0,0.0,0.0,0.0,0.0,0.0,0.0,0.0,0.0,0.0,0.0,0.0,0
0.795867919921875,0.25159308314323425,0.8004835247993469,0.24097508192062378,0.8018747568130493,0.2401074469089508,0.8031629920005798,0.2393445074558258,0.7971714735031128,0.2445506453514099,0.7967638373374939,0.2455310821533203,0.7963178157806396,0.24642989039421082,0.8076620697975159,0.24652725458145142,0.8008006811141968,0.252257376909256,0.8008150458335876,0.26482096314430237,0.7971045970916748,0.2681852877140045,0.8196264505386353,0.32660895586013794,0.8081640601158142,0.35472992062568665,0.8129794001579285,0.48612338304519653,0.8094442486763,0.47357821464538574,0.8075686693191528,0.6247177720069885,0.8057629466056824,0.5450716018676758,0.8100549578666687,0.6611672639846802,0.8035774230957031,0.5648025274276733,0.807614266872406,0.6645312905311584,0.8039888739585876,0.5626260042190552,0.8064775466918945,0.6521385908126831,0.8054898381233215,0.555475652217865,0.8366174697875977,0.563873291015625,0.8276204466819763,0.5847988128662109,0.8340964913368225,0.6692294478416443,0.8255954384803772,0.6857924461364746,0.8510240912437439,0.7778794765472412,0.8319490551948547,0.7636467218399048,0.8585354685783386,0.7933462262153625,0.8358981609344482,0.777765691280365,0.841255784034729,0.8250295519828796,0.8263444900512695,0.7937125563621521,0
0.7959429025650024,0.25913694500923157,0.7982876300811768,0.24032843112945557,0.7997000217437744,0.23837777972221375,0.8009277582168579,0.2365148961544037,0.794684648513794,0.24545446038246155,0.7939990758895874,0.24650338292121887,0.7932277321815491,0.2474227249622345,0.8062993884086609,0.23831447958946228,0.7970461249351501,0.2499294877052307,0.8014799952507019,0.27035388350486755,0.7976207733154297,0.2739671766757965,0.8189582824707031,0.31316667795181274,0.8026435375213623,0.3354393541812897,0.8179997801780701,0.455558717250824,0.8076465129852295,0.45443660020828247,0.8195889592170715,0.5637971758842468,0.8058107495307922,0.5198075771331787,0.8236749172210693,0.589449405670166,0.8041096329689026,0.5376251935958862,0.8218938112258911,0.5918646454811096,0.8051148056983948,0.5338461995124817,0.8203078508377075,0.584097146987915,0.8065542578697205,0.5280060172080994,0.8332771062850952,0.542199432849884,0.8241610527038574,0.5547572374343872,0.831294596195221,0.6774254441261292,0.8215582370758057,0.6703315377235413,0.8431683778762817,0.7946650981903076,0.8281659483909607,0.7654781341552734,0.8501949310302734,0.809221625328064,0.8331875205039978,0.781234085559845,0.8308477401733398,0.8506759405136108,0.8200839757919312,0.8027502298355103,0
0.791523814201355,0.25540366768836975,0.7926651835441589,0.24064069986343384,0.7948006391525269,0.23778769373893738,0.7957410216331482,0.23628872632980347,0.7910395264625549,0.24548029899597168,0.7907770872116089,0.24616634845733643,0.790445864200592,0.24682235717773438,0.8006786704063416,0.23955407738685608,0.7951452136039734,0.24784916639328003,0.7969479560852051,0.2649531066417694,0.794449508190155,0.268334299325943,0.8172567486763,0.3010159432888031,0.8029741048812866,0.33240944147109985,0.8131484389305115,0.44409579038619995,0.8045305013656616,0.44299137592315674,0.8080984950065613,0.5063298940658569,0.8004772067070007,0.48098817467689514,0.8095389604568481,0.5214682817459106,0.7990594506263733,0.49241477251052856,0.8094488978385925,0.5195052027702332,0.7996134757995605,0.48641854524612427,0.8088905811309814,0.5143164396286011,0.8006620407104492,0.4824337661266327,0.8374689817428589,0.5468143224716187,0.8284031748771667,0.553278386592865,0.8322780132293701,0.6489743590354919,0.8187711834907532,0.6500570774078369,0.8415223360061646,0.7673109769821167,0.8161466717720032,0.7393998503684998,0.8477155566215515,0.7835602760314941,0.8205286860466003,0.7553957104682922,0.8294954895973206,0.8187534213066101,0.8040111660957336,0.7736085653305054,0
0.789887011051178,0.25615501403808594,0.7912539839744568,0.2365393042564392,0.7927982211112976,0.23303484916687012,0.7946404218673706,0.22929206490516663,0.7873020768165588,0.24556899070739746,0.7860013246536255,0.24823203682899475,0.7848823666572571,0.25048524141311646,0.7996060848236084,0.23046192526817322,0.7882651090621948,0.2508036196231842,0.7962196469306946,0.26214689016342163,0.7907261848449707,0.27284565567970276,0.8234370946884155,0.2918245792388916,0.7903813123703003,0.33476904034614563,0.8343326449394226,0.3966667652130127,0.7872236371040344,0.44567379355430603,0.8333261609077454,0.4716716408729553,0.7884957194328308,0.5159077644348145,0.8365491628646851,0.4895618259906769,0.7914791107177734,0.5387750267982483,0.8344618678092957,0.48659437894821167,0.7880219221115112,0.5221736431121826,0.828498899936676,0.49053239822387695,0.7888261675834656,0.5195759534835815,0.8293426632881165,0.49715688824653625,0.8115989565849304,0.5211003422737122,0.8233216404914856,0.6406326293945312,0.831707775592804,0.672224760055542,0.8417783975601196,0.8086868524551392,0.863994300365448,0.8117139339447021,0.8504052758216858,0.828012228012085,0.8728209137916565,0.8278172016143799,0.8292401432991028,0.8847256302833557,0.8606795072555542,0.8747945427894592,0
0.7863208055496216,0.25398412346839905,0.7870699167251587,0.23692849278450012,0.7887222170829773,0.23338842391967773,0.7901170253753662,0.23028087615966797,0.7836848497390747,0.2447894811630249,0.7828722596168518,0.24660161137580872,0.7817671895027161,0.24857008457183838,0.7956661581993103,0.22937318682670593,0.7848716378211975,0.24853304028511047,0.7922824621200562,0.2583960294723511,0.7878928780555725,0.2667841911315918,0.8222247362136841,0.28141602873802185,0.7871731519699097,0.3288688063621521,0.8316799998283386,0.37980949878692627,0.781268835067749,0.4389771819114685,0.8284674882888794,0.47378742694854736,0.7758551836013794,0.5009951591491699,0.8311296105384827,0.4906272888183594,0.7753919363021851,0.5239426493644714,0.8290103077888489,0.48971766233444214,0.7765078544616699,0.5230891108512878,0.8272522687911987,0.49212342500686646,0.780292272567749,0.5129141807556152,0.8262215256690979,0.47527942061424255,0.80683833360672,0.4868183434009552,0.8218395709991455,0.6330922842025757,0.8101350665092468,0.645088791847229,0.847524881362915,0.7972879409790039,0.8318748474121094,0.7704973220825195,0.8564774394035339,0.8148874640464783,0.8384060263633728,0.7848497033119202,0.83683842420578,0.8702383041381836,0.8258922100067139,0.830529510974884,0
0.7841102480888367,0.2546345591545105,0.7853541374206543,0.234593003988266,0.7870551347732544,0.2309761941432953,0.7886911630630493,0.22755521535873413,0.7809180617332458,0.24400511384010315,0.7797434329986572,0.24646517634391785,0.7786171436309814,0.2485867738723755,0.7946181297302246,0.2259235680103302,0.7815934419631958,0.24996665120124817,0.7909281849861145,0.2596394121646881,0.7854829430580139,0.26886069774627686,0.8233239054679871,0.2797766625881195,0.7846981883049011,0.32496970891952515,0.8318917751312256,0.3761095404624939,0.7767928838729858,0.4308781325817108,0.831300675868988,0.4629238545894623,0.7714766263961792,0.502001941204071,0.8328754305839539,0.48100465536117554,0.7671374678611755,0.5324330925941467,0.8273065686225891,0.48339369893074036,0.7689213156700134,0.5296385884284973,0.8255613446235657,0.47469237446784973,0.7724784016609192,0.5100071430206299,0.824596107006073,0.488568514585495,0.8013832569122314,0.49616706371307373,0.817359209060669,0.6450861096382141,0.808612585067749,0.6557796597480774,0.8468256592750549,0.7996967434883118,0.8284686207771301,0.7766526341438293,0.8540912866592407,0.8179337978363037,0.8359482288360596,0.7922779321670532,0.8344420790672302,0.8667247891426086,0.8168871402740479,0.8337467908859253,0
0.7813133597373962,0.25046080350875854,0.7822961807250977,0.23072484135627747,0.7838840484619141,0.2270975112915039,0.7854732871055603,0.22352495789527893,0.7782188653945923,0.24050754308700562,0.7771516442298889,0.24308311939239502,0.7761174440383911,0.24524736404418945,0.7920204997062683,0.22191596031188965,0.7791422605514526,0.2467823028564453,0.7880164384841919,0.2552502453327179,0.78293776512146,0.26413941383361816,0.8201653957366943,0.27497702836990356,0.7826247215270996,0.3169232904911041,0.832804262638092,0.3648644685745239,0.7747810482978821,0.41682493686676025,0.8307205438613892,0.44567549228668213,0.7683333158493042,0.48955056071281433,0.8326789736747742,0.4679204523563385,0.7644876837730408,0.5187599658966064,0.8275833129882812,0.46907204389572144,0.7660008668899536,0.5182173252105713,0.8258622288703918,0.46465611457824707,0.7689542174339294,0.501645028591156,0.8231821656227112,0.4808571934700012,0.7999380826950073,0.4891762137413025,0.8151884078979492,0.6400007009506226,0.801335871219635,0.6390000581741333,0.8370489478111267,0.7895264625549316,0.8206602931022644,0.7808142900466919,0.843193531036377,0.8022814989089966,0.8275254964828491,0.7959949970245361,0.8255714178085327,0.8568350076675415,0.8110319972038269,0.8374277353286743,0
0.7769442796707153,0.2579098045825958,0.7779377102851868,0.24169683456420898,0.7798904776573181,0.23851710557937622,0.7818390130996704,0.23509573936462402,0.7748854160308838,0.24687960743904114,0.7744125723838806,0.2474827766418457,0.7739170789718628,0.24786826968193054,0.7897313237190247,0.2285522222518921,0.778322696685791,0.24499979615211487,0.7841764688491821,0.2620917856693268,0.7800432443618774,0.26734042167663574,0.818852961063385,0.27382853627204895,0.781575083732605,0.3145004212856293,0.8363161683082581,0.36377033591270447,0.7764373421669006,0.4169124960899353,0.8320041298866272,0.4558258652687073,0.7646750807762146,0.4884721338748932,0.8332886695861816,0.47817593812942505,0.7601929903030396,0.5090627670288086,0.8284059762954712,0.47245749831199646,0.7612577676773071,0.5078385472297668,0.8260416984558105,0.4683251678943634,0.7621743083000183,0.5041540861129761,0.8200374841690063,0.48237499594688416,0.7976700663566589,0.48817116022109985,0.8119929432868958,0.6496037244796753,0.7997905015945435,0.6358236074447632,0.8335010409355164,0.7785739898681641,0.8212185502052307,0.7677644491195679,0.8418031930923462,0.7849631309509277,0.8291974663734436,0.7797340154647827,0.8200799226760864,0.8424769639968872,0.8105012774467468,0.8217538595199585,0
0.7742863893508911,0.2534767985343933,0.7752124071121216,0.23776647448539734,0.777113676071167,0.23408594727516174,0.779285728931427,0.22977149486541748,0.7718645930290222,0.2439616322517395,0.7713291645050049,0.2449750006198883,0.7708465456962585,0.24570289254188538,0.787391722202301,0.22229129076004028,0.7752543687820435,0.2432716190814972,0.781845211982727,0.2578660547733307,0.777766764163971,0.2648760974407196,0.8154390454292297,0.27095454931259155,0.7798470854759216,0.30862849950790405,0.826728343963623,0.368289053440094,0.7743031978607178,0.4067380428314209,0.8257073760032654,0.4479764699935913,0.7615246176719666,0.481259822845459,0.8274857997894287,0.4695015251636505,0.7569208741188049,0.5006165504455566,0.821980893611908,0.47044602036476135,0.7581973671913147,0.49852538108825684,0.8208246827125549,0.467265248298645,0.7617102265357971,0.48563507199287415,0.8161082863807678,0.4687870442867279,0.7950575351715088,0.4745781719684601,0.8040693998336792,0.633970320224762,0.7896856069564819,0.6292502880096436,0.8296180963516235,0.7702873945236206,0.8155073523521423,0.7592208981513977,0.8371591567993164,0.7787225246429443,0.8236572742462158,0.7712134122848511,0.8166559338569641,0.8095406293869019,0.80583256483078,0.8145890235900879,0
0.7716366648674011,0.25230613350868225,0.7718262672424316,0.2356185019016266,0.7734689116477966,0.23203974962234497,0.7752600908279419,0.22803279757499695,0.7696167826652527,0.2415885627269745,0.7693579196929932,0.24269923567771912,0.7690848708152771,0.24369719624519348,0.7847875952720642,0.21963059902191162,0.7735800743103027,0.24189260601997375,0.7791287899017334,0.2574937343597412,0.7754940390586853,0.2631669044494629,0.8137268424034119,0.26744207739830017,0.7794082760810852,0.30858680605888367,0.8282114267349243,0.3634168207645416,0.7751004695892334,0.40726783871650696,0.8241221904754639,0.4584072530269623,0.7599427103996277,0.47846317291259766,0.8259757161140442,0.47985202074050903,0.7543410062789917,0.49350661039352417,0.8202749490737915,0.4785985052585602,0.7551181316375732,0.49264031648635864,0.8183634281158447,0.46995094418525696,0.7588244080543518,0.4868713319301605,0.8128758668899536,0.4716266989707947,0.7922930121421814,0.47689422965049744,0.8021937608718872,0.6246935129165649,0.7878977060317993,0.6217196583747864,0.8094807267189026,0.7665557265281677,0.8072489500045776,0.760405421257019,0.8242478370666504,0.7957400679588318,0.8154890537261963,0.7782067060470581,0.7974944710731506,0.814827561378479,0.7899085283279419,0.8000850677490234,0
0.7680917978286743,0.25544601678848267,0.7679671049118042,0.23930615186691284,0.7693321704864502,0.2357918620109558,0.7709746956825256,0.23174351453781128,0.7659119963645935,0.24534821510314941,0.7657008171081543,0.2462320327758789,0.7655410766601562,0.2468034327030182,0.7801001667976379,0.22264960408210754,0.7695517539978027,0.2436133623123169,0.7754274010658264,0.25865018367767334,0.7719184756278992,0.26495566964149475,0.8091232180595398,0.263525128364563,0.7766814231872559,0.30880218744277954,0.8270100951194763,0.3550884425640106,0.7739198803901672,0.4030461311340332,0.8226249814033508,0.45343416929244995,0.7630715370178223,0.469469279050827,0.823262631893158,0.4770519435405731,0.7558226585388184,0.4906913638114929,0.8189226984977722,0.47632914781570435,0.7562635540962219,0.4901709258556366,0.8176708221435547,0.47044506669044495,0.7594006657600403,0.4851808249950409,0.8114452958106995,0.4755902588367462,0.7904564142227173,0.4802701771259308,0.798599898815155,0.6264927983283997,0.7879952192306519,0.6213703751564026,0.8062559366226196,0.7645837664604187,0.8036900162696838,0.7531273365020752,0.8134312629699707,0.782687783241272,0.8116397261619568,0.7694411277770996,0.7886251211166382,0.8132058382034302,0.7851144671440125,0.7968074083328247,0
0.7651121616363525,0.24961718916893005,0.7655892372131348,0.2337852120399475,0.7675085663795471,0.2302631437778473,0.7697484493255615,0.22573846578598022,0.7625554203987122,0.2396124303340912,0.7621300220489502,0.24071675539016724,0.761786162853241,0.24162006378173828,0.7784202098846436,0.2169252336025238,0.7661840319633484,0.24133554100990295,0.7733381986618042,0.25451990962028503,0.7689979672431946,0.2613978683948517,0.8080654740333557,0.26048243045806885,0.7743045687675476,0.30718332529067993,0.8238061666488647,0.35540997982025146,0.7711304426193237,0.40952563285827637,0.819847047328949,0.4510043263435364,0.757138729095459,0.4794192314147949,0.820393979549408,0.4739846885204315,0.7520333528518677,0.49976468086242676,0.815612256526947,0.47495391964912415,0.752256453037262,0.49884718656539917,0.8142687082290649,0.47000834345817566,0.7553318738937378,0.4936072826385498,0.8089047074317932,0.4758586585521698,0.7891742587089539,0.47972017526626587,0.7965617179870605,0.628753662109375,0.7830086350440979,0.631050705909729,0.800440788269043,0.7775515913963318,0.7948781251907349,0.7753758430480957,0.814378023147583,0.8105428814888,0.8072720766067505,0.8035948276519775,0.7810491323471069,0.8318215608596802,0.7822242379188538,0.8379313945770264,0
0.7642056941986084,0.2511555254459381,0.7644363045692444,0.23511013388633728,0.7665636539459229,0.23088666796684265,0.7688403725624084,0.2267109453678131,0.7608532309532166,0.24176201224327087,0.7602304220199585,0.24320301413536072,0.7596642374992371,0.24447032809257507,0.7768658995628357,0.21839848160743713,0.7636690139770508,0.2444477081298828,0.7727969288825989,0.25662562251091003,0.7679756879806519,0.2639440596103668,0.807567834854126,0.26130110025405884,0.772142231464386,0.307781845331192,0.8204991817474365,0.35577133297920227,0.769763171672821,0.42023512721061707,0.8153107762336731,0.4594939947128296,0.755592942237854,0.49673736095428467,0.8169211149215698,0.4815836548805237,0.751753568649292,0.5164240002632141,0.8130174875259399,0.4809478223323822,0.7524960041046143,0.516808032989502,0.811380922794342,0.4714735150337219,0.7550147771835327,0.5116246342658997,0.8064935803413391,0.4853326082229614,0.7859013080596924,0.49078065156936646,0.7914665937423706,0.6767520308494568,0.7697770595550537,0.6666766405105591,0.802702784538269,0.7688668370246887,0.7760931253433228,0.763404369354248,0.8063269853591919,0.773200511932373,0.7819761633872986,0.7868704795837402,0.7944101691246033,0.8272780179977417,0.7684004306793213,0.8283673524856567,0
0.7627069354057312,0.24573421478271484,0.7626296281814575,0.23152464628219604,0.7641370296478271,0.2277568280696869,0.7656380534172058,0.2238815724849701,0.7597050070762634,0.23946896195411682,0.7591124773025513,0.24116963148117065,0.758281409740448,0.24284037947654724,0.77293860912323,0.21901190280914307,0.7613900303840637,0.24223071336746216,0.7698308825492859,0.24868610501289368,0.7661703824996948,0.25712835788726807,0.8011412024497986,0.2682172656059265,0.7698251008987427,0.3042021095752716,0.8168388605117798,0.36257606744766235,0.7641836404800415,0.4170723259449005,0.8117272853851318,0.4607917070388794,0.7525119185447693,0.5019036531448364,0.8129964470863342,0.4871864914894104,0.7487913370132446,0.5182775259017944,0.8072669506072998,0.4870700240135193,0.7495855093002319,0.5194820761680603,0.8060135245323181,0.4809446930885315,0.7501050233840942,0.5117742419242859,0.8047975301742554,0.47609955072402954,0.7861946821212769,0.4778480529785156,0.7878547310829163,0.6391611099243164,0.7764186263084412,0.6515447497367859,0.8034155964851379,0.7657774090766907,0.7892753481864929,0.7398340702056885,0.8089005947113037,0.7718765735626221,0.7945900559425354,0.7473201751708984,0.7935348749160767,0.8255494236946106,0.7809183597564697,0.7899128794670105,0
0.7611144185066223,0.2441396415233612,0.7602302432060242,0.23034220933914185,0.7615541219711304,0.22697874903678894,0.7630763053894043,0.22349926829338074,0.757570743560791,0.2376520335674286,0.7568528056144714,0.23938050866127014,0.7561720609664917,0.24086517095565796,0.7701837420463562,0.22072461247444153,0.7583210468292236,0.24145299196243286,0.7678163051605225,0.2453376054763794,0.764182984828949,0.2543240189552307,0.7997179627418518,0.259972482919693,0.7658270597457886,0.3015787601470947,0.8163967728614807,0.3583126664161682,0.7608128190040588,0.40903329849243164,0.8088487982749939,0.4621507525444031,0.7533714175224304,0.49112048745155334,0.8098627924919128,0.49133047461509705,0.7485886216163635,0.510757327079773,0.8032556176185608,0.4875423014163971,0.750455915927887,0.5106267929077148,0.8024226427078247,0.48096299171447754,0.7538270950317383,0.5036065578460693,0.8021681308746338,0.46252477169036865,0.7822158336639404,0.46946728229522705,0.7862520813941956,0.6241066455841064,0.784692108631134,0.6418769359588623,0.7743163108825684,0.7994025945663452,0.7960487008094788,0.7744746804237366,0.7716631293296814,0.8028447031974792,0.8013414144515991,0.7893855571746826,0.7564945816993713,0.8240464925765991,0.7759582996368408,0.809398353099823,0
0.7512451410293579,0.24589186906814575,0.7511364221572876,0.23393034934997559,0.7530720233917236,0.2306405007839203,0.7538068294525146,0.2268812656402588,0.7501081228256226,0.2388285994529724,0.7503507137298584,0.23969101905822754,0.7504191398620605,0.24045482277870178,0.7606012225151062,0.22480881214141846,0.7546999454498291,0.24109986424446106,0.7589743733406067,0.24479302763938904,0.7566467523574829,0.2527906894683838,0.7879819869995117,0.25878769159317017,0.7651678323745728,0.2984369099140167,0.8066089749336243,0.3541926145553589,0.7593095898628235,0.4198375642299652,0.8008937835693359,0.4593392014503479,0.7561375498771667,0.49679479002952576,0.8018660545349121,0.49084752798080444,0.7537334561347961,0.5184860825538635,0.7980868220329285,0.4904334843158722,0.7581895589828491,0.5146707892417908,0.7966971397399902,0.4776463508605957,0.7583305239677429,0.5007074475288391,0.7950441837310791,0.4686373174190521,0.7818460464477539,0.48082345724105835,0.7710289359092712,0.5963798761367798,0.7882103323936462,0.6391496062278748,0.7635894417762756,0.7749059200286865,0.8065658211708069,0.7622538805007935,0.7659544348716736,0.8001035451889038,0.8133341670036316,0.7784057855606079,0.7471330761909485,0.8278936147689819,0.7972226142883301,0.8152971267700195,0
0.7454591989517212,0.25025904178619385,0.7456117272377014,0.23794573545455933,0.7484872341156006,0.23347431421279907,0.7494059801101685,0.230972558259964,0.7444543838500977,0.24272146821022034,0.744744598865509,0.2432844638824463,0.7448753118515015,0.2436842918395996,0.7565194368362427,0.22761711478233337,0.7502689957618713,0.24149960279464722,0.7539637684822083,0.2461930513381958,0.7510131001472473,0.25505396723747253,0.7896134257316589,0.26148486137390137,0.7595497965812683,0.3016235828399658,0.8069376349449158,0.352741003036499,0.7566404342651367,0.40686821937561035,0.8025141954421997,0.46041786670684814,0.748069167137146,0.5025768280029297,0.8004032969474792,0.48742055892944336,0.7450138330459595,0.5207103490829468,0.7966598272323608,0.4862020015716553,0.7462648749351501,0.5210424065589905,0.7949150800704956,0.4745396375656128,0.7496470212936401,0.51352459192276,0.8002312779426575,0.4565163552761078,0.7832151651382446,0.46386659145355225,0.7708410620689392,0.5857058167457581,0.7824469208717346,0.6314939260482788,0.7629305720329285,0.7862069010734558,0.8056551814079285,0.7561956644058228,0.765699028968811,0.8167500495910645,0.812725841999054,0.7743163108825684,0.7362750768661499,0.8269365429878235,0.7925150394439697,0.8094384670257568,0
0.7433915138244629,0.2601191997528076,0.7424074411392212,0.246075838804245,0.7434115409851074,0.24313339591026306,0.7441533803939819,0.24025550484657288,0.7409876585006714,0.2505742609500885,0.741065502166748,0.25079458951950073,0.7400350570678711,0.2520392835140228,0.7514044046401978,0.23221978545188904,0.7454532980918884,0.2469753921031952,0.7496213912963867,0.25922027230262756,0.7486364841461182,0.26515647768974304,0.7827121615409851,0.26755449175834656,0.7571500539779663,0.29631179571151733,0.8048613667488098,0.35110029578208923,0.7529417872428894,0.40201038122177124,0.7971288561820984,0.46967586874961853,0.7449014186859131,0.49628403782844543,0.7968049049377441,0.49135684967041016,0.7422255873680115,0.5193835496902466,0.789225161075592,0.4938261806964874,0.744005024433136,0.5198243856430054,0.7901155948638916,0.4881633222103119,0.7479072213172913,0.5118245482444763,0.7986068725585938,0.4634206295013428,0.7826646566390991,0.471282958984375,0.771120011806488,0.6015225648880005,0.7788435220718384,0.6208240389823914,0.7558198571205139,0.8042575120925903,0.8060873746871948,0.7320743203163147,0.7601446509361267,0.8270050287246704,0.8128036260604858,0.7463113069534302,0.7344508171081543,0.8564392328262329,0.7963495254516602,0.7863689064979553,0
0.7277713418006897,0.27530455589294434,0.7259612083435059,0.26012957096099854,0.7290875315666199,0.25531089305877686,0.7301350831985474,0.2527182698249817,0.7252253293991089,0.26249468326568604,0.7258268594741821,0.2620501220226288,0.7264381051063538,0.26120391488075256,0.7381575107574463,0.24399295449256897,0.7346531748771667,0.25311556458473206,0.7378560900688171,0.27569669485092163,0.734806478023529,0.2824479043483734,0.7692570090293884,0.27598607540130615,0.752974271774292,0.2954309582710266,0.7958337664604187,0.3704545497894287,0.7505912780761719,0.4021737277507782,0.7955210208892822,0.48946356773376465,0.7418093681335449,0.5012525916099548,0.7957060933113098,0.5103754997253418,0.7390967011451721,0.5265746116638184,0.7920110821723938,0.5228615403175354,0.7406002879142761,0.5288329124450684,0.7910305261611938,0.5145995020866394,0.7436850666999817,0.5060001611709595,0.793617308139801,0.47397497296333313,0.7797845602035522,0.4785405695438385,0.7735582590103149,0.6238895058631897,0.7729880809783936,0.6117207407951355,0.7806459069252014,0.8018375635147095,0.7866395711898804,0.7478479743003845,0.7812283039093018,0.8159751296043396,0.7933060526847839,0.7686874270439148,0.7473453879356384,0.8457246422767639,0.7696948647499084,0.8029323816299438,0
0.725568413734436,0.2595476806163788,0.7223772406578064,0.24128922820091248,0.7231653928756714,0.23998460173606873,0.7251989841461182,0.23073938488960266,0.7223853468894958,0.2434963583946228,0.7231946587562561,0.2437053918838501,0.7239017486572266,0.243820458650589,0.731945812702179,0.2313791811466217,0.7308879494667053,0.2447085678577423,0.7335712909698486,0.2556571066379547,0.7314461469650269,0.2624095380306244,0.7639500498771667,0.28294897079467773,0.7505159378051758,0.28558847308158875,0.7739493250846863,0.41273361444473267,0.7344421148300171,0.36281347274780273,0.7759968042373657,0.5253426432609558,0.7118769884109497,0.38946622610092163,0.7801721692085266,0.5546931624412537,0.705391526222229,0.39370888471603394,0.7761033773422241,0.5519960522651672,0.7040056586265564,0.3899594843387604,0.7745003700256348,0.5411112308502197,0.7066788077354431,0.3910020589828491,0.7959446907043457,0.4870820939540863,0.7834737300872803,0.4837450087070465,0.7764577865600586,0.6275631785392761,0.772720992565155,0.631065845489502,0.78059983253479,0.7915900945663452,0.7796684503555298,0.7524218559265137,0.7859369516372681,0.8125932216644287,0.7843506336212158,0.7731967568397522,0.7632606029510498,0.8494165539741516,0.7657090425491333,0.8025855422019958,0
0.7263230085372925,0.28522607684135437,0.7242600917816162,0.2719612419605255,0.7250010371208191,0.27031245827674866,0.7270820736885071,0.26654183864593506,0.7238472700119019,0.2736419439315796,0.7242989540100098,0.2733987867832184,0.7246755957603455,0.2730456590652466,0.7345765829086304,0.2582826316356659,0.7311568856239319,0.26855137944221497,0.7344486117362976,0.2837943136692047,0.7329988479614258,0.29358264803886414,0.7632839679718018,0.2739599049091339,0.746403694152832,0.30002376437187195,0.7817168235778809,0.37369227409362793,0.7453394532203674,0.4035176634788513,0.7777565121650696,0.4854050278663635,0.7379928827285767,0.5091456174850464,0.7795825600624084,0.5119543075561523,0.7355164289474487,0.5303115844726562,0.7752779126167297,0.5095574855804443,0.7366010546684265,0.5317417979240417,0.7752031087875366,0.5011996030807495,0.7408432960510254,0.5252506732940674,0.7929427623748779,0.45441770553588867,0.7780967950820923,0.4673658609390259,0.7682431936264038,0.6157398223876953,0.7730657458305359,0.6260299682617188,0.7672268748283386,0.7949470281600952,0.7917932271957397,0.7486019134521484,0.7695990204811096,0.8157010078430176,0.7992199063301086,0.7663286328315735,0.737026572227478,0.8460808992385864,0.7745709419250488,0.8046070337295532,0
0.7242519855499268,0.3012062609195709,0.7232958674430847,0.28498706221580505,0.7236379981040955,0.279207319021225,0.7245310544967651,0.27627378702163696,0.7214014530181885,0.2844609022140503,0.7215362787246704,0.2840881049633026,0.7216228246688843,0.283115953207016,0.7336767315864563,0.2604452669620514,0.7275403738021851,0.27375638484954834,0.7326809167861938,0.2986038029193878,0.731213390827179,0.3008904755115509,0.7677582502365112,0.27971169352531433,0.7457279562950134,0.29239994287490845,0.7896138429641724,0.3945499658584595,0.7466518878936768,0.40402811765670776,0.7816849946975708,0.5038654208183289,0.7435083985328674,0.5212494134902954,0.7831990718841553,0.5259597301483154,0.7409016489982605,0.5405822992324829,0.774167001247406,0.5296286940574646,0.7421685457229614,0.5421674847602844,0.7758473753929138,0.5283747911453247,0.743358850479126,0.5385884046554565,0.7959138751029968,0.4601585268974304,0.7756199240684509,0.4597187638282776,0.7748827934265137,0.6250699758529663,0.7626596689224243,0.6077229976654053,0.7868489027023315,0.7830747365951538,0.7707976698875427,0.7588867545127869,0.7937508225440979,0.8030573129653931,0.7780077457427979,0.7798051834106445,0.7596391439437866,0.8256000280380249,0.7432605028152466,0.8190540671348572,0
0.7233120203018188,0.27945828437805176,0.7198776602745056,0.2587214410305023,0.7202337980270386,0.255821168422699,0.7206279039382935,0.25276800990104675,0.7200692296028137,0.26161956787109375,0.720435619354248,0.2610924243927002,0.7206124663352966,0.26076486706733704,0.7263883948326111,0.2373974621295929,0.7264593243598938,0.24678805470466614,0.7298208475112915,0.27976515889167786,0.7299349904060364,0.28419142961502075,0.7582905888557434,0.27956637740135193,0.754142165184021,0.2852097451686859,0.7803642749786377,0.41076985001564026,0.7627818584442139,0.4077432453632355,0.7779405117034912,0.5260347127914429,0.7501229047775269,0.5303844213485718,0.7750580906867981,0.5457706451416016,0.7542641758918762,0.5462597608566284,0.7734653353691101,0.5432499051094055,0.7487980723381042,0.5489277243614197,0.775348961353302,0.5439010858535767,0.7524875998497009,0.5428411960601807,0.7928749918937683,0.5003798604011536,0.7839148044586182,0.49293845891952515,0.7720270156860352,0.7180249691009521,0.7678295373916626,0.6792466640472412,0.7865156531333923,0.7732617855072021,0.7814485430717468,0.7586326599121094,0.7934048771858215,0.769432544708252,0.7878508567810059,0.7661316990852356,0.7748314738273621,0.8224024176597595,0.7707554697990417,0.7978028059005737,0
0.7179133296012878,0.28275224566459656,0.7181228995323181,0.2668865919113159,0.7187953591346741,0.2651897966861725,0.720008134841919,0.2634371519088745,0.7171468138694763,0.2694355845451355,0.7171366214752197,0.2695710062980652,0.7170243263244629,0.26920023560523987,0.7265112996101379,0.2458460032939911,0.7209634780883789,0.2552057206630707,0.726595401763916,0.2865530550479889,0.7251683473587036,0.2890416085720062,0.7600464820861816,0.2697707414627075,0.7436476349830627,0.2849219739437103,0.7861745357513428,0.37364843487739563,0.750999927520752,0.4024754762649536,0.7841868996620178,0.4889969229698181,0.7432028651237488,0.5195621252059937,0.7830124497413635,0.5216058492660522,0.7378199696540833,0.5496622920036316,0.7792193293571472,0.515566885471344,0.7393560409545898,0.5517051219940186,0.7784177660942078,0.5126407146453857,0.7431185841560364,0.5429930090904236,0.7934682965278625,0.4582672417163849,0.7766363024711609,0.4594736099243164,0.7780086994171143,0.6256043910980225,0.7642925381660461,0.6056512594223022,0.7907452583312988,0.7774732708930969,0.768471896648407,0.7572686076164246,0.7861077189445496,0.7967947721481323,0.777919590473175,0.7789335250854492,0.7719972133636475,0.8453701138496399,0.7471067309379578,0.8130782246589661,0
0.714914083480835,0.29574623703956604,0.7127619385719299,0.2833223342895508,0.7135024666786194,0.28201842308044434,0.7145708203315735,0.27719974517822266,0.7116767168045044,0.2845517694950104,0.7117074728012085,0.28418177366256714,0.7116466164588928,0.2834322154521942,0.720901370048523,0.26202353835105896,0.7160258293151855,0.2689364552497864,0.7239426374435425,0.2989347279071808,0.7222025990486145,0.30014947056770325,0.7548102140426636,0.2874065041542053,0.7416622042655945,0.2899540364742279,0.7855176329612732,0.397335410118103,0.7467840909957886,0.39364439249038696,0.7771754264831543,0.5058488249778748,0.7416136860847473,0.5250698328018188,0.7742559313774109,0.5461522936820984,0.7373115420341492,0.5541180968284607,0.7716577649116516,0.5520493984222412,0.7385023236274719,0.5562072396278381,0.7715519666671753,0.5409342646598816,0.740589439868927,0.5387765765190125,0.7911155223846436,0.48256629705429077,0.7783876061439514,0.4749351739883423,0.7720894813537598,0.6492180824279785,0.7655887603759766,0.6243654489517212,0.7705755829811096,0.7839506268501282,0.7680926322937012,0.7628506422042847,0.7768700122833252,0.7991144061088562,0.7743748426437378,0.7737084627151489,0.7478264570236206,0.8298377990722656,0.7459086775779724,0.8173738718032837,0
0.7138938307762146,0.33513256907463074,0.7105540633201599,0.31683024764060974,0.7115904688835144,0.31561848521232605,0.7124425172805786,0.31422317028045654,0.7090395092964172,0.316131055355072,0.7090728878974915,0.3143758773803711,0.7090643048286438,0.31238847970962524,0.7197340130805969,0.2961048185825348,0.7138165235519409,0.2904951870441437,0.7217186093330383,0.33004486560821533,0.7181193232536316,0.3298383951187134,0.7553080320358276,0.30459052324295044,0.7369637489318848,0.2851669490337372,0.7902262210845947,0.4281824827194214,0.743259072303772,0.3928527534008026,0.7727434039115906,0.5176262855529785,0.738966166973114,0.5241541862487793,0.7732877135276794,0.5536751747131348,0.7358256578445435,0.5483137369155884,0.7657660245895386,0.5413133502006531,0.7367725372314453,0.550482988357544,0.7666733860969543,0.5317461490631104,0.7394737601280212,0.5427735447883606,0.7912115454673767,0.487868994474411,0.7798911333084106,0.46926525235176086,0.7712442874908447,0.6415628790855408,0.7673893570899963,0.5960214734077454,0.7655636072158813,0.7826465368270874,0.767378032207489,0.7366284132003784,0.7697022557258606,0.8055087327957153,0.7742165923118591,0.7562049627304077,0.7407351732254028,0.8307477235794067,0.7463521957397461,0.7986982464790344,0
0.7154908776283264,0.35997483134269714,0.712212085723877,0.3467645049095154,0.7128393650054932,0.3441678583621979,0.7134513854980469,0.3414676785469055,0.7115485668182373,0.3470720648765564,0.7117539644241333,0.3448716402053833,0.7119796276092529,0.34262168407440186,0.7178586721420288,0.3079034686088562,0.7153398394584656,0.31250759959220886,0.7228235602378845,0.35298973321914673,0.7221543788909912,0.3538682460784912,0.7533370852470398,0.30766478180885315,0.7397783994674683,0.3099662661552429,0.7852975130081177,0.4331900477409363,0.7473855018615723,0.428413987159729,0.7751855850219727,0.5376030206680298,0.7374910116195679,0.5414866805076599,0.7748653888702393,0.5661525726318359,0.731322705745697,0.57005375623703,0.7678404450416565,0.5594088435173035,0.7314022183418274,0.5713191628456116,0.7678714394569397,0.5489125847816467,0.735446035861969,0.5629450678825378,0.790976345539093,0.4953213930130005,0.7794545292854309,0.48868173360824585,0.772484302520752,0.6467562317848206,0.7689875364303589,0.6206837296485901,0.7664377093315125,0.7909306883811951,0.7650015950202942,0.7706161737442017,0.7714828252792358,0.8225011825561523,0.7713433504104614,0.7840335369110107,0.7413490414619446,0.834062933921814,0.7426247596740723,0.8103889226913452,0
0.7115865349769592,0.37312060594558716,0.7088033556938171,0.3608044385910034,0.7106414437294006,0.35673514008522034,0.7112229466438293,0.3545435070991516,0.7083613872528076,0.3600189983844757,0.7083994746208191,0.3578498959541321,0.7084192633628845,0.3558100163936615,0.7152817249298096,0.3285083770751953,0.7129311561584473,0.33191126585006714,0.720802903175354,0.3645128905773163,0.7202181816101074,0.36579880118370056,0.7525212168693542,0.31903910636901855,0.7365314960479736,0.31537020206451416,0.7795525193214417,0.4328491687774658,0.7414833903312683,0.4229598343372345,0.775231122970581,0.5475500822067261,0.7367964386940002,0.5378793478012085,0.7761986255645752,0.579107403755188,0.7345264554023743,0.5659309029579163,0.7688959240913391,0.5748031139373779,0.7356781363487244,0.567150354385376,0.7689404487609863,0.5623173117637634,0.7376656532287598,0.5549536347389221,0.7947484850883484,0.49121934175491333,0.7826346158981323,0.4818466305732727,0.7707480192184448,0.640686571598053,0.7663779258728027,0.6207284331321716,0.7625497579574585,0.783868670463562,0.7655340433120728,0.747852623462677,0.7682734727859497,0.8137354254722595,0.7725293636322021,0.7642427682876587,0.7371411323547363,0.8334704637527466,0.7477754354476929,0.7967365980148315,0
0.7154431939125061,0.38648679852485657,0.7116127014160156,0.37459808588027954,0.7120160460472107,0.37178486585617065,0.7123408317565918,0.3688212037086487,0.7107163667678833,0.3762971758842468,0.7105538845062256,0.37475699186325073,0.7103837728500366,0.3729524612426758,0.7152232527732849,0.342854380607605,0.7120604515075684,0.35213300585746765,0.722619891166687,0.3772040605545044,0.7201635241508484,0.3807891011238098,0.7518348097801208,0.32215064764022827,0.7306092977523804,0.33963117003440857,0.7797674536705017,0.41001856327056885,0.7392722964286804,0.4469096064567566,0.7765339612960815,0.5161832571029663,0.7330828309059143,0.5636052489280701,0.776828944683075,0.5426675081253052,0.7295408844947815,0.5903925895690918,0.770711362361908,0.5398798584938049,0.7299851179122925,0.5914828777313232,0.7692979574203491,0.5260793566703796,0.7324714064598083,0.5836533308029175,0.7958489656448364,0.4696047604084015,0.7826514840126038,0.47785598039627075,0.7724260091781616,0.6321133971214294,0.7696616649627686,0.6178835034370422,0.7635754346847534,0.7928993701934814,0.7626688480377197,0.7751445770263672,0.7695048451423645,0.8142690658569336,0.7672803997993469,0.7943754196166992,0.7390708923339844,0.8336520195007324,0.7431569695472717,0.8141795992851257,0
0.7107942700386047,0.3911406397819519,0.7075195908546448,0.3816413879394531,0.7079632878303528,0.3795802593231201,0.7095693349838257,0.3752286732196808,0.7067649364471436,0.3818054795265198,0.7067115306854248,0.379879355430603,0.7066313624382019,0.3778928220272064,0.7116249799728394,0.35070371627807617,0.7092831134796143,0.35373443365097046,0.7187424302101135,0.3819606304168701,0.7176387906074524,0.3836154341697693,0.742735743522644,0.33058321475982666,0.7312570810317993,0.34037941694259644,0.7771261930465698,0.4219891130924225,0.7384995818138123,0.4559297561645508,0.7697380781173706,0.5396079421043396,0.7326551675796509,0.573500394821167,0.7696095705032349,0.5709055662155151,0.7300954461097717,0.5983161926269531,0.7626736760139465,0.5683762431144714,0.7308683395385742,0.5998857021331787,0.7628601789474487,0.5561494827270508,0.7316179871559143,0.5950057506561279,0.793931245803833,0.4893709123134613,0.7800306081771851,0.4895595610141754,0.7723963260650635,0.6447650194168091,0.768476665019989,0.6275264620780945,0.7592213749885559,0.7946340441703796,0.7619546055793762,0.7661328911781311,0.762312114238739,0.8135018348693848,0.7648897767066956,0.7830938100814819,0.7376912236213684,0.8258563876152039,0.7394887804985046,0.8025985956192017,0
0.7040705680847168,0.39585965871810913,0.6992934346199036,0.37635883688926697,0.6999621391296387,0.3726522922515869,0.7006516456604004,0.36881983280181885,0.7013927698135376,0.3777207136154175,0.7015036940574646,0.37566930055618286,0.7029091119766235,0.37236544489860535,0.7087313532829285,0.34722328186035156,0.7063027620315552,0.3449145257472992,0.7126172184944153,0.3863537907600403,0.7120659351348877,0.38913655281066895,0.7479487657546997,0.33529648184776306,0.7307112812995911,0.3337976932525635,0.7735134363174438,0.4587789475917816,0.7378370761871338,0.4454984962940216,0.7585664391517639,0.5671372413635254,0.7355548143386841,0.5574631690979004,0.7570335268974304,0.5981478095054626,0.7332921624183655,0.5865998864173889,0.7497152090072632,0.5925793647766113,0.7349303364753723,0.5860697031021118,0.7508122324943542,0.5800636410713196,0.7356085777282715,0.5804577469825745,0.7877896428108215,0.4986881613731384,0.7782660126686096,0.4960673749446869,0.7690391540527344,0.6618435382843018,0.7620490193367004,0.6347576975822449,0.7584974765777588,0.7855606079101562,0.754913866519928,0.7328746318817139,0.7636948227882385,0.8041582107543945,0.759856641292572,0.7450026273727417,0.7350571751594543,0.8242452144622803,0.7353365421295166,0.7885395288467407,0
0.7086887359619141,0.413485586643219,0.7042449116706848,0.4066724181175232,0.7046877145767212,0.40407729148864746,0.7051218152046204,0.40115293860435486,0.7036151885986328,0.4076533913612366,0.7036651968955994,0.40577447414398193,0.7037286162376404,0.4035137891769409,0.7077586054801941,0.373859703540802,0.7062946557998657,0.3779638409614563,0.7151359915733337,0.40518730878829956,0.7147209644317627,0.40766826272010803,0.7417604923248291,0.3518960177898407,0.7283897399902344,0.3654531240463257,0.7681756019592285,0.45408713817596436,0.7359597086906433,0.47384390234947205,0.7615544199943542,0.5641908645629883,0.7319846749305725,0.5811014175415039,0.7618603706359863,0.596183717250824,0.7326002717018127,0.6117510199546814,0.755470335483551,0.5938957929611206,0.7331737279891968,0.6122675538063049,0.7556561231613159,0.580930769443512,0.7321596145629883,0.6034795045852661,0.7930232286453247,0.5002993941307068,0.7816023230552673,0.5031331777572632,0.7668075561523438,0.6570324301719666,0.7620272636413574,0.6365038752555847,0.7563967108726501,0.789336085319519,0.7539476752281189,0.7691401839256287,0.7614156007766724,0.8150173425674438,0.7578204274177551,0.792952299118042,0.7313099503517151,0.8262814283370972,0.7310509085655212,0.8027513027191162,0
0.7056058645248413,0.4299471378326416,0.7023481130599976,0.4128037691116333,0.7021225690841675,0.40919533371925354,0.7026035189628601,0.40667590498924255,0.7014829516410828,0.41383498907089233,0.7021766304969788,0.41155606508255005,0.7017484903335571,0.4081474840641022,0.7044132351875305,0.38470667600631714,0.7034644484519958,0.38737252354621887,0.7125065326690674,0.417971670627594,0.7128505706787109,0.42021381855010986,0.7359516024589539,0.35744723677635193,0.7269572615623474,0.36476999521255493,0.7681034207344055,0.449721097946167,0.7353724241256714,0.47369110584259033,0.7627906799316406,0.561212420463562,0.7308253645896912,0.5785066485404968,0.7631093263626099,0.5914958119392395,0.7271565198898315,0.6119029521942139,0.7564703226089478,0.5897315740585327,0.728270411491394,0.6108395457267761,0.7565826773643494,0.5776746869087219,0.7307044267654419,0.597429096698761,0.7868136167526245,0.5205550193786621,0.7763603329658508,0.5195119976997375,0.7686645984649658,0.6719218492507935,0.7666558623313904,0.6570919156074524,0.7564111351966858,0.7972724437713623,0.7574654817581177,0.7661957144737244,0.7580573558807373,0.81642085313797,0.7589479684829712,0.7823352813720703,0.7317370176315308,0.8299806118011475,0.7352923154830933,0.7996046543121338,0
0.7071487903594971,0.42776089906692505,0.7017498016357422,0.42341405153274536,0.7019268870353699,0.4212205111980438,0.701682448387146,0.4178982079029083,0.7013098001480103,0.4246181845664978,0.7012320756912231,0.42332735657691956,0.7011842727661133,0.4220237135887146,0.7027305364608765,0.39248940348625183,0.7021158933639526,0.3979837894439697,0.7124229073524475,0.41736143827438354,0.7118648886680603,0.41908329725265503,0.7318651080131531,0.3579716086387634,0.7239503264427185,0.3724265992641449,0.7689681649208069,0.44546622037887573,0.7363064289093018,0.461287260055542,0.7645065188407898,0.5512269735336304,0.7359617352485657,0.5694670677185059,0.7625976204872131,0.577977180480957,0.7333611845970154,0.5995396971702576,0.7562453746795654,0.5785385370254517,0.7337630987167358,0.5999785661697388,0.7558547258377075,0.5743772983551025,0.7369741797447205,0.5913849472999573,0.7891446948051453,0.5117148756980896,0.7790865898132324,0.5150079131126404,0.7647817730903625,0.66224604845047,0.7653847336769104,0.6338040232658386,0.7498379349708557,0.8080604672431946,0.7556960582733154,0.7550784945487976,0.7556062340736389,0.8237593770027161,0.7584232091903687,0.7805881500244141,0.7296454906463623,0.8375464677810669,0.7368937730789185,0.7820014357566833,0
0.7068381309509277,0.4378293752670288,0.701427161693573,0.42939138412475586,0.7018039226531982,0.42746850848197937,0.7012504935264587,0.42269057035446167,0.700661301612854,0.42958778142929077,0.7005724310874939,0.42797309160232544,0.699842631816864,0.424344003200531,0.7034865021705627,0.3979105055332184,0.7026424407958984,0.40256690979003906,0.7142213582992554,0.42586255073547363,0.7120832204818726,0.42762231826782227,0.7351747155189514,0.3653220534324646,0.7251094579696655,0.37540072202682495,0.7725340127944946,0.47248339653015137,0.7407104969024658,0.4765157401561737,0.763140082359314,0.5773202776908875,0.7424489855766296,0.58984375,0.7633413076400757,0.6056388020515442,0.7386087775230408,0.6199907660484314,0.7557770013809204,0.602920413017273,0.7373966574668884,0.6208917498588562,0.7536759376525879,0.5936310291290283,0.73946213722229,0.6095089912414551,0.7859052419662476,0.5208032727241516,0.77994704246521,0.5168724060058594,0.7630136609077454,0.6567915678024292,0.7628169059753418,0.6425766348838806,0.7544450759887695,0.801524817943573,0.7572613954544067,0.750416100025177,0.7602800130844116,0.8200574517250061,0.7638654112815857,0.7535850405693054,0.7305579781532288,0.837105929851532,0.7381243705749512,0.7986955046653748,0
0.70762038230896,0.4463725686073303,0.7002706527709961,0.43391716480255127,0.7002816200256348,0.4311264157295227,0.7003013491630554,0.428680419921875,0.7008283138275146,0.4386026859283447,0.7008394002914429,0.43816933035850525,0.7002955079078674,0.4365135431289673,0.7022653222084045,0.4096776843070984,0.7025254964828491,0.4210607409477234,0.7141801714897156,0.4332832098007202,0.7134743332862854,0.43671154975891113,0.7293493151664734,0.3721679747104645,0.7240832448005676,0.3902300000190735,0.7652185559272766,0.46934035420417786,0.7372992038726807,0.49142834544181824,0.7579596042633057,0.56538325548172,0.7338588237762451,0.6026752591133118,0.7600952386856079,0.5971453785896301,0.7342084646224976,0.6239420175552368,0.750715434551239,0.5963500142097473,0.7345647811889648,0.6238147616386414,0.7514874339103699,0.5822605490684509,0.7318899631500244,0.6153499484062195,0.7880270481109619,0.5146979093551636,0.776411235332489,0.5202610492706299,0.7617578506469727,0.664084255695343,0.7587146162986755,0.6364386081695557,0.7479504942893982,0.8066006898880005,0.7505238056182861,0.7516234517097473,0.7528475522994995,0.8256773352622986,0.7551411986351013,0.7699276804924011,0.725214421749115,0.8398299217224121,0.7315821051597595,0.7864413261413574,0
0.7099640369415283,0.4516533315181732,0.7033803462982178,0.44625136256217957,0.7035483717918396,0.44454139471054077,0.7038134336471558,0.4429521858692169,0.702762246131897,0.44661879539489746,0.7026023864746094,0.44531986117362976,0.7026199102401733,0.44422876834869385,0.7016373872756958,0.41905736923217773,0.7036340832710266,0.4280921518802643,0.7153313159942627,0.4404025375843048,0.7158479690551758,0.4443720877170563,0.7268322706222534,0.3809879422187805,0.7255207300186157,0.38370031118392944,0.7595840096473694,0.49247339367866516,0.749673068523407,0.4839215874671936,0.7532340288162231,0.5986199975013733,0.7403681874275208,0.6007028222084045,0.7552446722984314,0.6286985278129578,0.7356305122375488,0.6298705339431763,0.748838484287262,0.6220459342002869,0.7356482148170471,0.6296509504318237,0.7468549609184265,0.612389326095581,0.7367109656333923,0.6137353777885437,0.7874139547348022,0.5137341618537903,0.7803128361701965,0.5105929970741272,0.7597582936286926,0.6672948598861694,0.760503888130188,0.6401951313018799,0.7511064410209656,0.7947162389755249,0.7508388757705688,0.7587491869926453,0.750497579574585,0.8216591477394104,0.754585862159729,0.7784521579742432,0.7271233201026917,0.8313064575195312,0.7344843745231628,0.7866789102554321,0
0.7046962380409241,0.46673649549484253,0.6978888511657715,0.4641105532646179,0.6974334716796875,0.46140873432159424,0.6972243189811707,0.4592643678188324,0.6980735659599304,0.46666619181632996,0.6980791091918945,0.46643006801605225,0.6980955600738525,0.46632465720176697,0.6976591944694519,0.4416002631187439,0.6993059515953064,0.45450735092163086,0.7093188166618347,0.45606887340545654,0.7092745900154114,0.45912161469459534,0.7200814485549927,0.39060112833976746,0.7190923094749451,0.42357051372528076,0.7633751034736633,0.43556469678878784,0.7500016689300537,0.4954184293746948,0.7629773020744324,0.5474677085876465,0.7497089505195618,0.590095579624176,0.7650991082191467,0.5568386912345886,0.7485384941101074,0.6175147294998169,0.7566848993301392,0.5713415145874023,0.7465417385101318,0.6195930242538452,0.7580214738845825,0.5618449449539185,0.747085452079773,0.6079841256141663,0.7907096147537231,0.49061915278434753,0.7842508554458618,0.4987313747406006,0.7668297290802002,0.6614200472831726,0.7688975930213928,0.6550104022026062,0.7531565427780151,0.8069233298301697,0.749609112739563,0.7866156101226807,0.7550544142723083,0.8304951190948486,0.7522032260894775,0.8091757893562317,0.7298421263694763,0.8392318487167358,0.7297364473342896,0.8137602806091309,0
0.7049961090087891,0.48253104090690613,0.6977009177207947,0.4806915819644928,0.6986213326454163,0.47658783197402954,0.6986409425735474,0.4738706946372986,0.6975007653236389,0.48212504386901855,0.6981276869773865,0.4797186851501465,0.6979836821556091,0.47867366671562195,0.6983891725540161,0.4470394253730774,0.6985407471656799,0.4586604833602905,0.7111409902572632,0.47094854712486267,0.7104330062866211,0.47211721539497375,0.7243947386741638,0.39706915616989136,0.7203553915023804,0.4081045389175415,0.763994574546814,0.47470852732658386,0.7449196577072144,0.4937281012535095,0.7603192329406738,0.5794278979301453,0.741399347782135,0.5999718904495239,0.7604984641075134,0.6078701615333557,0.738592267036438,0.6290838718414307,0.7547485828399658,0.6068387627601624,0.735838770866394,0.6302053332328796,0.7547972798347473,0.5946964621543884,0.7364332675933838,0.6152187585830688,0.7846996188163757,0.5192406177520752,0.7757091522216797,0.529565691947937,0.7562733888626099,0.6623178720474243,0.7557631134986877,0.6299393177032471,0.7519084215164185,0.8125946521759033,0.7560708522796631,0.7492079734802246,0.7622474431991577,0.8218497037887573,0.762562096118927,0.7816329598426819,0.7324153184890747,0.8254700899124146,0.7365435361862183,0.7926540970802307,0
0.7080429196357727,0.49257218837738037,0.7015255093574524,0.488985151052475,0.7014698386192322,0.4870404303073883,0.7014925479888916,0.48493120074272156,0.7009997367858887,0.48950839042663574,0.7006584405899048,0.48806053400039673,0.6999472379684448,0.48549187183380127,0.6999179124832153,0.46198493242263794,0.7006499171257019,0.4657682776451111,0.7131575345993042,0.4813925325870514,0.7122763991355896,0.4810946583747864,0.7252006530761719,0.40914809703826904,0.7211148142814636,0.41025447845458984,0.761019766330719,0.48199209570884705,0.7482559084892273,0.4726570248603821,0.7584033012390137,0.5783131718635559,0.746449887752533,0.5690896511077881,0.7579249739646912,0.6015444993972778,0.7443882822990417,0.5947043895721436,0.7522912621498108,0.5993877649307251,0.7412195801734924,0.6017821431159973,0.7524309158325195,0.5868226885795593,0.7439001798629761,0.5892765522003174,0.788713276386261,0.5375423431396484,0.780238687992096,0.5216224193572998,0.7602881789207458,0.6574195623397827,0.7556471228599548,0.6297650337219238,0.7533060908317566,0.7973114848136902,0.7544248700141907,0.7551756501197815,0.7562036514282227,0.8305115103721619,0.7522866129875183,0.7741615772247314,0.728804349899292,0.8220611810684204,0.7306983470916748,0.7886714339256287,0
0.7021008133888245,0.5157641172409058,0.6967126131057739,0.5074549317359924,0.6958747506141663,0.5015653371810913,0.6959179639816284,0.500352680683136,0.6957287192344666,0.5027059316635132,0.6957880258560181,0.501632571220398,0.6958529353141785,0.500542163848877,0.6980171799659729,0.4733067750930786,0.6982230544090271,0.47493451833724976,0.7122674584388733,0.5027865171432495,0.7118576765060425,0.501743495464325,0.7320346832275391,0.41663452982902527,0.7294081449508667,0.408078134059906,0.7584564685821533,0.5673799514770508,0.7541171312332153,0.5137099623680115,0.7456337809562683,0.6970576047897339,0.7464141249656677,0.6332905888557434,0.7447088360786438,0.7349742650985718,0.7414274215698242,0.6615529656410217,0.7375466227531433,0.7316278219223022,0.7403980493545532,0.6672120094299316,0.7375980615615845,0.7150918245315552,0.7423469424247742,0.6562058329582214,0.7763975858688354,0.5873478651046753,0.7712329626083374,0.5853073000907898,0.7594436407089233,0.6654684543609619,0.7617982029914856,0.6509559750556946,0.7599336504936218,0.7157946825027466,0.7543238401412964,0.6961991190910339,0.7625715136528015,0.7148225903511047,0.7551794648170471,0.6955569386482239,0.7554949522018433,0.7487272024154663,0.7493794560432434,0.724418044090271,0
0.707188606262207,0.5149845480918884,0.7016367316246033,0.5066277384757996,0.7014076113700867,0.5047979354858398,0.701085090637207,0.5031459331512451,0.7013249397277832,0.5083947777748108,0.7009332180023193,0.5079386234283447,0.7004711031913757,0.5077150464057922,0.7009983062744141,0.4782599210739136,0.6999638080596924,0.4871598780155182,0.7141396999359131,0.5025115609169006,0.7135722637176514,0.5041411519050598,0.7230014801025391,0.41638919711112976,0.7192375063896179,0.4239027500152588,0.7653235197067261,0.4457319378852844,0.7521353363990784,0.4828929901123047,0.7580007314682007,0.5369402170181274,0.7466311454772949,0.5510585904121399,0.7561866044998169,0.5583415627479553,0.743352472782135,0.5680454969406128,0.751269519329071,0.554804801940918,0.740503191947937,0.5705773830413818,0.7520543336868286,0.5453200340270996,0.74181067943573,0.5649338960647583,0.7851616740226746,0.5430828928947449,0.7710922360420227,0.5318178534507751,0.7555109262466431,0.6344893574714661,0.7417999505996704,0.6162562370300293,0.7511128187179565,0.7981506586074829,0.7471163272857666,0.7382824420928955,0.7594399452209473,0.8180673122406006,0.7537988424301147,0.7587642073631287,0.7327263951301575,0.830988883972168,0.7310524582862854,0.7686410546302795,0
0.708635151386261,0.5277271866798401,0.700141191482544,0.5156491994857788,0.7000145316123962,0.5138013362884521,0.7013311982154846,0.5086339712142944,0.6997334361076355,0.5172628164291382,0.6993894577026367,0.5165719985961914,0.6989697217941284,0.5162622928619385,0.7008668780326843,0.4894636273384094,0.7003411054611206,0.49596551060676575,0.7119705080986023,0.510375440120697,0.7116297483444214,0.5115153193473816,0.7201864123344421,0.4293355643749237,0.7185240983963013,0.4463163912296295,0.7591517567634583,0.4579137861728668,0.7483808994293213,0.5049528479576111,0.755675733089447,0.5445674061775208,0.7394325733184814,0.5606610774993896,0.7544857263565063,0.5655440092086792,0.7355189919471741,0.575661301612854,0.7490091323852539,0.56392502784729,0.7322418093681335,0.5765699148178101,0.7494840025901794,0.5546350479125977,0.733725905418396,0.5711660981178284,0.7811737656593323,0.5635413527488708,0.7744496464729309,0.5719506144523621,0.7409858703613281,0.6560513973236084,0.7346925139427185,0.646864652633667,0.7462830543518066,0.7768583297729492,0.741851806640625,0.7496260404586792,0.7532128095626831,0.7914382219314575,0.7479398250579834,0.7640137672424316,0.7295074462890625,0.810195803642273,0.7304176092147827,0.7922214269638062,0
0.7086840271949768,0.5306879878044128,0.7017312049865723,0.5243990421295166,0.7015830874443054,0.5225673913955688,0.7014445066452026,0.5123103260993958,0.7011574506759644,0.5268520712852478,0.6994480490684509,0.522042453289032,0.6989378333091736,0.5226365923881531,0.7012170553207397,0.4940923750400543,0.7002875804901123,0.5045232176780701,0.7135185599327087,0.5210670828819275,0.7128539085388184,0.5229373574256897,0.7213460206985474,0.43942081928253174,0.7186864614486694,0.4478745758533478,0.7615658044815063,0.46992969512939453,0.7520247101783752,0.5088619589805603,0.7579081058502197,0.5515230894088745,0.7457447052001953,0.5736852288246155,0.757195770740509,0.5717036724090576,0.7422729134559631,0.5904465913772583,0.7522536516189575,0.5715639591217041,0.7395548820495605,0.5928193926811218,0.7524220943450928,0.5626431703567505,0.7409060597419739,0.5867910385131836,0.7807979583740234,0.5733228325843811,0.773384153842926,0.5774463415145874,0.7387266755104065,0.6501628160476685,0.7276275753974915,0.640204906463623,0.7404236197471619,0.777733564376831,0.7369194030761719,0.7501840591430664,0.7465680837631226,0.7935723662376404,0.7434867024421692,0.7662296295166016,0.7271221876144409,0.8131265044212341,0.7239802479743958,0.7808153629302979,0
0.7090956568717957,0.5362712144851685,0.7031052708625793,0.5342950820922852,0.7024941444396973,0.5322376489639282,0.7014566659927368,0.5300490856170654,0.7036514282226562,0.5362924337387085,0.7034592628479004,0.5357369184494019,0.7031753063201904,0.5353174805641174,0.6997621059417725,0.5086500644683838,0.7011953592300415,0.5202603340148926,0.712134063243866,0.5219095945358276,0.7125728130340576,0.52447110414505,0.7164862751960754,0.43720680475234985,0.7171329855918884,0.4705824553966522,0.7578995227813721,0.43217283487319946,0.7550007700920105,0.49392765760421753,0.758594274520874,0.534144401550293,0.7518197298049927,0.55223548412323,0.7551181316375732,0.567012369632721,0.7502621412277222,0.5703991055488586,0.7499917149543762,0.5721548795700073,0.7466500997543335,0.5744762420654297,0.7508130669593811,0.5630415678024292,0.7473976612091064,0.5660902857780457,0.7891240119934082,0.4842624366283417,0.7841818332672119,0.5023110508918762,0.7659960389137268,0.6349005103111267,0.7620245814323425,0.6375159621238708,0.7600212693214417,0.7900376319885254,0.7557628750801086,0.7928758859634399,0.7660592794418335,0.8153765201568604,0.7610095739364624,0.8119748830795288,0.7377229332923889,0.8420282006263733,0.7349614500999451,0.8327986001968384,0
0.7181061506271362,0.5707870125770569,0.7146317362785339,0.553948700428009,0.7155334949493408,0.5491340160369873,0.7164921760559082,0.5442392826080322,0.7120802998542786,0.5629491209983826,0.7111397385597229,0.5648467540740967,0.7101035714149475,0.5668838024139404,0.7190991640090942,0.5205786228179932,0.70943284034729,0.5527873039245605,0.7231511473655701,0.5595031976699829,0.7204335331916809,0.5707113742828369,0.7425948977470398,0.5068003535270691,0.7169401049613953,0.5348677039146423,0.7591169476509094,0.5525569319725037,0.7239490151405334,0.5750319361686707,0.748607337474823,0.6069512963294983,0.7366343140602112,0.6215277314186096,0.7465299367904663,0.6211851239204407,0.7388668060302734,0.6354525089263916,0.7436784505844116,0.6117972135543823,0.7403412461280823,0.6342536211013794,0.7443581819534302,0.6074139475822449,0.7400360107421875,0.62953782081604,0.7680979371070862,0.6446248292922974,0.7518139481544495,0.6482183933258057,0.7865155339241028,0.6566257476806641,0.7530657649040222,0.5933858752250671,0.7627934217453003,0.6786138415336609,0.7539767026901245,0.6568103432655334,0.7599245309829712,0.6755896806716919,0.7549388408660889,0.6693441271781921,0.7539232969284058,0.7033414244651794,0.7526910305023193,0.6728109121322632,0
0.7099230289459229,0.5514719486236572,0.7044971585273743,0.5472733974456787,0.7038107514381409,0.5437813997268677,0.7031546831130981,0.5405709147453308,0.7041045427322388,0.5547885298728943,0.7038418054580688,0.5544634461402893,0.7034966945648193,0.5540255308151245,0.7002679109573364,0.5181949138641357,0.701807975769043,0.5345274806022644,0.713506281375885,0.5365814566612244,0.7133558988571167,0.5416996479034424,0.7160158753395081,0.447193443775177,0.7189523577690125,0.4911932945251465,0.7555859684944153,0.4399191439151764,0.7500926852226257,0.5200786590576172,0.7580827474594116,0.547921895980835,0.753270149230957,0.5948001742362976,0.7569916844367981,0.5704630017280579,0.7531165480613708,0.6188763380050659,0.7517116665840149,0.5752527713775635,0.7508264780044556,0.6217578053474426,0.7519917488098145,0.567327618598938,0.7512540817260742,0.6114417314529419,0.7903906106948853,0.49571385979652405,0.7842110395431519,0.5161896347999573,0.7784363031387329,0.6473169922828674,0.7678313255310059,0.638046145439148,0.7927371263504028,0.8245925307273865,0.7678977251052856,0.7995644807815552,0.800869882106781,0.8416297435760498,0.7753275632858276,0.8225321769714355,0.780445396900177,0.8912351131439209,0.7487611770629883,0.8445364236831665,0
0.7085598111152649,0.5476521253585815,0.7026136517524719,0.5447988510131836,0.7019675970077515,0.5412936806678772,0.7013553380966187,0.5381040573120117,0.7028213739395142,0.5532873868942261,0.7029076814651489,0.5516101121902466,0.7027500867843628,0.5521026253700256,0.6991877555847168,0.5194154977798462,0.7022955417633057,0.5396224856376648,0.7115824222564697,0.5340970158576965,0.7119932174682617,0.5398997664451599,0.7145135998725891,0.4546489119529724,0.7164838910102844,0.4951622486114502,0.75348961353302,0.44413816928863525,0.7492290735244751,0.515109121799469,0.7581585645675659,0.5486074686050415,0.751920759677887,0.5891742706298828,0.7587606906890869,0.5645434260368347,0.7519693970680237,0.6133564710617065,0.7550472021102905,0.5709366202354431,0.7498136758804321,0.6174004673957825,0.7537941932678223,0.5677374601364136,0.7501912713050842,0.606689989566803,0.7891440987586975,0.4874715805053711,0.7856197357177734,0.5047608613967896,0.771733820438385,0.6508072018623352,0.7635475993156433,0.6500978469848633,0.7752201557159424,0.8189548254013062,0.7648383378982544,0.8043715953826904,0.7824206352233887,0.8382226228713989,0.7721970081329346,0.8253126740455627,0.7462436556816101,0.8615352511405945,0.7455883622169495,0.8517150282859802,0
0.7096226811408997,0.5503787398338318,0.7037950158119202,0.5522978901863098,0.7034037113189697,0.5462069511413574,0.7026574611663818,0.5427840352058411,0.704156219959259,0.5563317537307739,0.7039298415184021,0.5565622448921204,0.7036654949188232,0.5568101406097412,0.7003834843635559,0.5265070199966431,0.7030157446861267,0.5439736843109131,0.7119081616401672,0.5365234017372131,0.7123238444328308,0.5423723459243774,0.7137488126754761,0.45621544122695923,0.7177305221557617,0.4894638657569885,0.7550115585327148,0.4467217028141022,0.7566266059875488,0.5141372680664062,0.7577398419380188,0.5504254102706909,0.757403552532196,0.5783910751342773,0.7575455904006958,0.5723690390586853,0.7571393251419067,0.6001020669937134,0.7534379363059998,0.5745683908462524,0.753679633140564,0.6041381359100342,0.753355085849762,0.571685254573822,0.7539491057395935,0.5947327613830566,0.7885491847991943,0.48656028509140015,0.7844569683074951,0.5055927038192749,0.7700644731521606,0.6529834866523743,0.7555351257324219,0.6505566835403442,0.7659786343574524,0.8106274604797363,0.7571455836296082,0.7953294515609741,0.7719702124595642,0.8313784599304199,0.7633549571037292,0.8151031732559204,0.7431133389472961,0.8715478777885437,0.7375751733779907,0.829014778137207,0
0.7116666436195374,0.5486798286437988,0.7053160667419434,0.5513285994529724,0.7054228186607361,0.5432190895080566,0.7047982215881348,0.5410802364349365,0.7053647637367249,0.5566694736480713,0.7049556970596313,0.5583148002624512,0.7044064998626709,0.560304582118988,0.7031714916229248,0.5327229499816895,0.7032333612442017,0.5549061894416809,0.7145972847938538,0.5389450788497925,0.7149611115455627,0.5500611066818237,0.71512371301651,0.4682200849056244,0.7166033387184143,0.5043238401412964,0.7550225257873535,0.45741620659828186,0.7540329098701477,0.5281652212142944,0.7555617690086365,0.5515500903129578,0.7502611875534058,0.5712782740592957,0.7561429142951965,0.5750006437301636,0.7477648854255676,0.5844277143478394,0.74861079454422,0.5863314270973206,0.7440778613090515,0.5867634415626526,0.749812126159668,0.5762916803359985,0.7450128793716431,0.5811985731124878,0.7817416191101074,0.521745502948761,0.7740983366966248,0.5488364696502686,0.7649584412574768,0.6468605995178223,0.7595834732055664,0.66750568151474,0.7739124894142151,0.7910247445106506,0.7588431239128113,0.7904891967773438,0.7795237898826599,0.8063641786575317,0.7637538313865662,0.8070417046546936,0.7650130987167358,0.8455135226249695,0.7458362579345703,0.8280707597732544,0
0.7112604379653931,0.5527370572090149,0.7052830457687378,0.5527676343917847,0.7045349478721619,0.5494668483734131,0.7036675214767456,0.5460136532783508,0.7060382962226868,0.5592632293701172,0.705974280834198,0.5597148537635803,0.7058659195899963,0.5601581335067749,0.701065182685852,0.5292201042175293,0.7047626972198486,0.547914981842041,0.7132630348205566,0.5385757088661194,0.7145214676856995,0.5448333621025085,0.7137646675109863,0.4562481641769409,0.7189270257949829,0.4919646382331848,0.7528188824653625,0.44065386056900024,0.7567869424819946,0.5121196508407593,0.7591801881790161,0.5457749366760254,0.7563949823379517,0.5765476226806641,0.7594664692878723,0.5671996474266052,0.7559016346931458,0.596631646156311,0.7555246949195862,0.5749294757843018,0.7527561783790588,0.6013453006744385,0.7555025219917297,0.5685791969299316,0.7523796558380127,0.5955711007118225,0.7906151413917542,0.4789586067199707,0.78755122423172,0.4984815716743469,0.767052412033081,0.6391515135765076,0.765159010887146,0.6453371047973633,0.7622344493865967,0.8017382025718689,0.7573698163032532,0.8046656847000122,0.7672953009605408,0.826665997505188,0.7640930414199829,0.8168870806694031,0.7391117811203003,0.8607751131057739,0.7345371246337891,0.8242865800857544,0
0.7112646698951721,0.5554429292678833,0.7045505046844482,0.5564554929733276,0.703519344329834,0.5528472065925598,0.702438235282898,0.5491847991943359,0.7056787610054016,0.5637314319610596,0.7058283686637878,0.5637544989585876,0.7058258652687073,0.5644991993904114,0.6998937129974365,0.5332843661308289,0.7052702903747559,0.5544562339782715,0.7136043906211853,0.5419688820838928,0.7151565551757812,0.5487746000289917,0.7138169407844543,0.460934042930603,0.7235108613967896,0.5030714869499207,0.7547422051429749,0.43572866916656494,0.7624978423118591,0.5099999904632568,0.7609941959381104,0.5472320914268494,0.7627752423286438,0.5726540088653564,0.7625917196273804,0.5647104382514954,0.7626453638076782,0.592467188835144,0.757221519947052,0.5728269219398499,0.7591282725334167,0.5987539291381836,0.7569643259048462,0.5699079036712646,0.7590292692184448,0.589320719242096,0.7900055646896362,0.48515474796295166,0.7902880907058716,0.5035542249679565,0.7639579772949219,0.6340002417564392,0.7725409865379333,0.6526952981948853,0.7576076984405518,0.7953450679779053,0.7669937610626221,0.7940887212753296,0.7652535438537598,0.8176009058952332,0.7834979295730591,0.8334410786628723,0.7350856065750122,0.8637116551399231,0.7593736052513123,0.871514081954956,0
0.7110207676887512,0.5556082725524902,0.7048852443695068,0.5556178092956543,0.7039782404899597,0.5519549250602722,0.7030192613601685,0.5461733937263489,0.7061142921447754,0.5631071329116821,0.706220269203186,0.5645608901977539,0.7063046097755432,0.5658144950866699,0.7007736563682556,0.5295734405517578,0.7061744928359985,0.5560829043388367,0.7133013606071472,0.5404996871948242,0.714617908000946,0.5481899976730347,0.7136632204055786,0.459555447101593,0.7224131226539612,0.5067172050476074,0.7534013986587524,0.44181835651397705,0.7571108341217041,0.5250354409217834,0.7603575587272644,0.5453742146492004,0.7583872675895691,0.583405613899231,0.7602834701538086,0.5632132887840271,0.7587735056877136,0.6048141717910767,0.7569233179092407,0.5704988837242126,0.7558774948120117,0.6071064472198486,0.7559381127357483,0.5650455355644226,0.7559439539909363,0.5970138907432556,0.7886080145835876,0.4811081886291504,0.7868671417236328,0.5042551159858704,0.7657365798950195,0.6409034132957458,0.7633658647537231,0.6601637601852417,0.761672854423523,0.8108253479003906,0.7590951323509216,0.8135867118835449,0.7681522965431213,0.8262399435043335,0.7665377259254456,0.8310572504997253,0.7473665475845337,0.8935670852661133,0.7371270060539246,0.8688077330589294,0
0.711006760597229,0.5628513693809509,0.7042308449745178,0.5643615126609802,0.7032833099365234,0.5610934495925903,0.7021688222885132,0.5578316450119019,0.7056721448898315,0.5690450668334961,0.7058556079864502,0.569161593914032,0.7059879302978516,0.5691097974777222,0.6999671459197998,0.5380240678787231,0.7055795788764954,0.5555033087730408,0.7131202220916748,0.5473945140838623,0.7145051956176758,0.5529625415802002,0.7140010595321655,0.4658728837966919,0.7227952480316162,0.5138888955116272,0.7523892521858215,0.45193856954574585,0.7592354416847229,0.5148889422416687,0.7585833072662354,0.5550478100776672,0.7612621784210205,0.572136640548706,0.757504403591156,0.5717778205871582,0.7609289288520813,0.589635968208313,0.7544194459915161,0.5799866318702698,0.757470428943634,0.5945677757263184,0.7533040046691895,0.5719619989395142,0.757397472858429,0.5857147574424744,0.7889484763145447,0.47482189536094666,0.7881811261177063,0.4997100830078125,0.7665488123893738,0.6358989477157593,0.7685081362724304,0.650949239730835,0.7603941559791565,0.8160672783851624,0.7589391469955444,0.8079365491867065,0.7679146528244019,0.8394585847854614,0.7679622173309326,0.8424045443534851,0.7488035559654236,0.8997634649276733,0.7380959391593933,0.8776804208755493,0
0.7124137878417969,0.5669069290161133,0.7063771486282349,0.5675329566001892,0.7060410380363464,0.5643268823623657,0.7055992484092712,0.5592488050460815,0.7065331339836121,0.5733543038368225,0.7064400315284729,0.5737985968589783,0.7063047289848328,0.5740790367126465,0.7035096287727356,0.5408302545547485,0.7061257362365723,0.5616379380226135,0.715916097164154,0.5504348278045654,0.7162529826164246,0.5562840700149536,0.7153103351593018,0.46624264121055603,0.7204314470291138,0.5266811847686768,0.7544898986816406,0.4381101131439209,0.7494013905525208,0.5385296940803528,0.7599879503250122,0.5477336049079895,0.7561653256416321,0.6099530458450317,0.7610757350921631,0.5607848167419434,0.7575409412384033,0.633901059627533,0.7558813095092773,0.5701347589492798,0.7562215328216553,0.6375479698181152,0.7546188831329346,0.5639305114746094,0.7560018301010132,0.6264523863792419,0.790646493434906,0.4722379148006439,0.7896462082862854,0.5013250708580017,0.769094705581665,0.6405584812164307,0.7721706032752991,0.6439306139945984,0.7617582678794861,0.8028383851051331,0.7672784328460693,0.8186794519424438,0.7682819366455078,0.8280781507492065,0.7737289071083069,0.8371299505233765,0.7506670355796814,0.8833982944488525,0.7455583810806274,0.8781399726867676,0
0.7122644186019897,0.5682961940765381,0.7064172029495239,0.568464457988739,0.7057183980941772,0.563613772392273,0.7052501440048218,0.560321033000946,0.7066697478294373,0.5726816654205322,0.7065931558609009,0.5725703835487366,0.7065251469612122,0.572425127029419,0.7033738493919373,0.540522038936615,0.7059054374694824,0.5587908029556274,0.7152156233787537,0.5514518022537231,0.715460479259491,0.5561652183532715,0.7152919769287109,0.4676218032836914,0.7210217714309692,0.520896315574646,0.7518031597137451,0.4445040822029114,0.752398669719696,0.5313640832901001,0.7591408491134644,0.5518964529037476,0.7617074847221375,0.5986312627792358,0.7612292766571045,0.5711364150047302,0.7639429569244385,0.6201391220092773,0.7560079097747803,0.5828561782836914,0.7626140117645264,0.6245627999305725,0.7559435367584229,0.574309766292572,0.7617275714874268,0.6147892475128174,0.7896638512611389,0.46817469596862793,0.7902126908302307,0.49417391419410706,0.7664791941642761,0.6366550922393799,0.7731292247772217,0.6489660739898682,0.761989414691925,0.8087998628616333,0.7717838883399963,0.815128743648529,0.7667571306228638,0.8313941955566406,0.7772688865661621,0.8346445560455322,0.7410930395126343,0.8523546457290649,0.7527605891227722,0.8640744686126709,0
0.7118238806724548,0.5566300749778748,0.7058844566345215,0.5565630793571472,0.7052463889122009,0.552495002746582,0.7045512199401855,0.5464138388633728,0.7065531015396118,0.5649235248565674,0.7065410017967224,0.5664406418800354,0.706430196762085,0.5694167613983154,0.7026591897010803,0.5280993580818176,0.7065451145172119,0.5586933493614197,0.7140902280807495,0.5412135720252991,0.7154650092124939,0.550765872001648,0.7144758701324463,0.4652196168899536,0.724494218826294,0.5398032069206238,0.7485103011131287,0.4491991102695465,0.7491003274917603,0.5687373280525208,0.7584233283996582,0.549263060092926,0.7512522339820862,0.6390813589096069,0.7598116397857666,0.563840925693512,0.7519094347953796,0.6637119650840759,0.7565692067146301,0.5729857683181763,0.7503042221069336,0.6648011207580566,0.7550243139266968,0.5704898238182068,0.75052410364151,0.6534967422485352,0.7879197597503662,0.4734655022621155,0.7887027263641357,0.5081986784934998,0.7645106315612793,0.6520151495933533,0.770719587802887,0.6644985675811768,0.7610639333724976,0.8127663135528564,0.7652388215065002,0.8352481126785278,0.7666693329811096,0.8349636793136597,0.7714361548423767,0.8516684770584106,0.7502350807189941,0.9007701873779297,0.7474566698074341,0.8977069854736328,0
0.7110633850097656,0.5668106079101562,0.7047225832939148,0.5681177973747253,0.7042803168296814,0.5640767812728882,0.7037372589111328,0.560167133808136,0.7051385045051575,0.574998676776886,0.7051342129707336,0.5749775171279907,0.7050938606262207,0.5747711062431335,0.7019312977790833,0.5364882946014404,0.7052055597305298,0.5577908158302307,0.7145372629165649,0.5495021343231201,0.7152654528617859,0.556276261806488,0.7150619029998779,0.46348848938941956,0.7240597009658813,0.5246367454528809,0.7528740167617798,0.43917226791381836,0.7512398362159729,0.5456783771514893,0.7596241235733032,0.5535947680473328,0.7571926712989807,0.6194154024124146,0.761197030544281,0.5680989027023315,0.7585647106170654,0.6421358585357666,0.7563727498054504,0.5785552859306335,0.7572600245475769,0.6470000743865967,0.7566806674003601,0.5708608627319336,0.7567861676216125,0.6370090842247009,0.7892777919769287,0.4734688997268677,0.7898560762405396,0.5025590658187866,0.763169527053833,0.6398385167121887,0.7741580605506897,0.6609523892402649,0.7601638436317444,0.8122138977050781,0.7766731381416321,0.8359212875366211,0.7666788101196289,0.8383965492248535,0.7829948663711548,0.8526291251182556,0.7365322113037109,0.8637893199920654,0.7592193484306335,0.8936101794242859,0
0.7111575603485107,0.5700186491012573,0.7051417231559753,0.5686972737312317,0.7048079967498779,0.5633672475814819,0.7043281197547913,0.5594611167907715,0.705579400062561,0.5734658241271973,0.7055110335350037,0.573262631893158,0.7054197192192078,0.5728846788406372,0.7026867866516113,0.5358319878578186,0.7055695056915283,0.5556581616401672,0.7151569128036499,0.5510631799697876,0.7155076265335083,0.5572699308395386,0.7157722115516663,0.4638897478580475,0.725278377532959,0.5200537443161011,0.752524733543396,0.4468531906604767,0.7493154406547546,0.5506129264831543,0.7594641447067261,0.5519827008247375,0.7477113008499146,0.6228535175323486,0.7590063810348511,0.5689965486526489,0.7472366094589233,0.6447548270225525,0.7560051083564758,0.5782116055488586,0.7454361915588379,0.649388313293457,0.754798173904419,0.5751206874847412,0.7455739974975586,0.6398439407348633,0.7911221385002136,0.47309228777885437,0.7922770977020264,0.4996556043624878,0.763107419013977,0.6482692956924438,0.7714644074440002,0.6510528922080994,0.7599852681159973,0.8117406368255615,0.7621347308158875,0.8107221722602844,0.7648105621337891,0.8355228900909424,0.774614691734314,0.8529812097549438,0.7456701993942261,0.8972416520118713,0.7466447949409485,0.8904217481613159,0
0.7127283215522766,0.5576441287994385,0.7067410349845886,0.5555267930030823,0.7062836289405823,0.5527107119560242,0.7057358026504517,0.5500885248184204,0.7073125839233398,0.5615604519844055,0.7072746753692627,0.561618983745575,0.7069467902183533,0.5617889761924744,0.703671932220459,0.5310243964195251,0.7066918015480042,0.5479965806007385,0.7157506346702576,0.5394300818443298,0.7163329124450684,0.5438652038574219,0.7162505984306335,0.4625992178916931,0.7226226925849915,0.5105208158493042,0.7540381550788879,0.45115894079208374,0.7519758939743042,0.5251729488372803,0.7593399286270142,0.5545296669006348,0.7576321363449097,0.590215802192688,0.7613897323608398,0.5757027268409729,0.7572329640388489,0.6107009053230286,0.7588204741477966,0.5806021094322205,0.7573109269142151,0.6152913570404053,0.7566604018211365,0.5780618190765381,0.7565644979476929,0.6063342690467834,0.7890494465827942,0.4689180254936218,0.7905957698822021,0.4901180863380432,0.7646157741546631,0.6285123229026794,0.7725264430046082,0.6396089196205139,0.7579934000968933,0.802725613117218,0.7732610106468201,0.8193539381027222,0.7636592388153076,0.8290011882781982,0.7787142395973206,0.8390994071960449,0.7362470030784607,0.8514253497123718,0.7547703385353088,0.8677859306335449,0
0.711679220199585,0.5543060898780823,0.7050091624259949,0.5545037984848022,0.7048041224479675,0.5483370423316956,0.7043577432632446,0.5455139875411987,0.7056878209114075,0.5578191876411438,0.7057639956474304,0.5574897527694702,0.7058293223381042,0.5571978092193604,0.703489363193512,0.5286884903907776,0.7058475613594055,0.5427923798561096,0.7146522998809814,0.5339216589927673,0.7158480882644653,0.5414173603057861,0.7168075442314148,0.456656277179718,0.7215338945388794,0.506608784198761,0.7534945607185364,0.44663017988204956,0.7532179951667786,0.5344949960708618,0.7595763802528381,0.5478840470314026,0.7487857937812805,0.6042277812957764,0.7614669799804688,0.5629416108131409,0.7495445609092712,0.621131181716919,0.7559435367584229,0.5714707970619202,0.7477357983589172,0.6200329065322876,0.7562892436981201,0.5640832185745239,0.7477866411209106,0.6099934577941895,0.7899156808853149,0.47595342993736267,0.7881932854652405,0.49731701612472534,0.766123354434967,0.6338266730308533,0.7667476534843445,0.6448277235031128,0.7623304128646851,0.800148069858551,0.7606514692306519,0.7992726564407349,0.7670938372612,0.8244818449020386,0.771274209022522,0.8308279514312744,0.749736487865448,0.8717957735061646,0.745044469833374,0.8633158206939697,0
0.712215781211853,0.5476864576339722,0.7059733271598816,0.5475577712059021,0.7051752209663391,0.5450825691223145,0.7044446468353271,0.5428529977798462,0.7068614959716797,0.5517775416374207,0.70686936378479,0.5522640347480774,0.7068665623664856,0.5527151823043823,0.7026960253715515,0.522239625453949,0.7062976360321045,0.542028546333313,0.714855968952179,0.5350496768951416,0.7158329486846924,0.5396276712417603,0.7148488759994507,0.4594990015029907,0.7232130169868469,0.5062794089317322,0.7515667676925659,0.4400482177734375,0.7535987496376038,0.5216064453125,0.7605733275413513,0.5390524864196777,0.7546170949935913,0.5791803598403931,0.7623904943466187,0.5561459064483643,0.7551715970039368,0.597067654132843,0.7577825784683228,0.5643854141235352,0.7526458501815796,0.6024995446205139,0.7561689615249634,0.5615838766098022,0.7521876096725464,0.5946246981620789,0.789898693561554,0.48040181398391724,0.7905722856521606,0.4992906153202057,0.7651216983795166,0.6458950042724609,0.7702255845069885,0.6494620442390442,0.7595856785774231,0.8042744994163513,0.7674039602279663,0.8164727687835693,0.7654295563697815,0.8306299448013306,0.7680562138557434,0.8308658003807068,0.7462002038955688,0.8776283860206604,0.7463776469230652,0.8677502870559692,0
0.7130451798439026,0.5420702695846558,0.7066218852996826,0.5401641130447388,0.7060640454292297,0.5372188687324524,0.7054799199104309,0.5343934893608093,0.7073625922203064,0.5448741316795349,0.7072456479072571,0.5452760457992554,0.7071330547332764,0.5455257892608643,0.7040514945983887,0.5154038667678833,0.7066541314125061,0.5328873991966248,0.7159969806671143,0.5307809114456177,0.7164133787155151,0.5356006026268005,0.7162108421325684,0.45377498865127563,0.7234928011894226,0.5026875734329224,0.7554263472557068,0.4426858723163605,0.7551823854446411,0.5144335031509399,0.7592176198959351,0.5460473895072937,0.7543757557868958,0.5705493688583374,0.7583333849906921,0.5682634711265564,0.7542880773544312,0.5895057320594788,0.7551777958869934,0.5724800229072571,0.7514983415603638,0.5928199291229248,0.7538493275642395,0.5690286755561829,0.7515560388565063,0.5839813947677612,0.7918415069580078,0.4781684875488281,0.7907620072364807,0.4982013702392578,0.7621272206306458,0.6296066045761108,0.771850049495697,0.6638128161430359,0.7587370872497559,0.8007883429527283,0.7699620127677917,0.8173316717147827,0.7641118168830872,0.8212794661521912,0.7768712639808655,0.8338046073913574,0.7366629838943481,0.852531373500824,0.7508237957954407,0.8734112977981567,0
0.7169543504714966,0.5926187634468079,0.7145064473152161,0.5801738500595093,0.7152166366577148,0.5757384300231934,0.7159962058067322,0.5712451934814453,0.7124468684196472,0.5871998071670532,0.7118860483169556,0.5877846479415894,0.7112457752227783,0.5884607434272766,0.7194162607192993,0.5402703881263733,0.7045621871948242,0.5522792339324951,0.7212187647819519,0.5771800875663757,0.7177166938781738,0.5759419798851013,0.7459611892700195,0.5023808479309082,0.7173037528991699,0.5260072350502014,0.7702662944793701,0.523566722869873,0.726579487323761,0.5622883439064026,0.7522692680358887,0.5533833503723145,0.7239725589752197,0.604742169380188,0.748087465763092,0.5677406787872314,0.721829354763031,0.6161092519760132,0.7440384030342102,0.5559612512588501,0.7220920920372009,0.618541955947876,0.7448155879974365,0.552756130695343,0.7233366370201111,0.6138763427734375,0.7660768032073975,0.6092100143432617,0.7450734972953796,0.6180552840232849,0.7909562587738037,0.641674280166626,0.7366372346878052,0.6531440615653992,0.7568747997283936,0.6820448040962219,0.7501009702682495,0.6923548579216003,0.751126766204834,0.674322247505188,0.7533904314041138,0.691648542881012,0.7473486661911011,0.7283916473388672,0.7478818893432617,0.7353107333183289,0
0.7097145318984985,0.5307158827781677,0.7035897970199585,0.5280907154083252,0.7030970454216003,0.5242471694946289,0.7024233937263489,0.521412193775177,0.7042011022567749,0.5317519307136536,0.7041815519332886,0.5319822430610657,0.7041268348693848,0.5323244333267212,0.70222407579422,0.504279613494873,0.7047682404518127,0.5199608206748962,0.7128236293792725,0.5190589427947998,0.7131599187850952,0.523644745349884,0.7161716818809509,0.44892507791519165,0.7235054969787598,0.4972619414329529,0.7499281167984009,0.44127485156059265,0.7509540319442749,0.5249487161636353,0.7594932913780212,0.5412985682487488,0.7537241578102112,0.5953987240791321,0.7619428038597107,0.5570834875106812,0.754692792892456,0.6157689690589905,0.7582928538322449,0.5673522353172302,0.75299072265625,0.6212337613105774,0.7560352683067322,0.5658726692199707,0.7524577379226685,0.612683892250061,0.7909454703330994,0.46806398034095764,0.7929686307907104,0.488603800535202,0.764672577381134,0.6357834339141846,0.7732275724411011,0.6471959352493286,0.7584779858589172,0.8003535866737366,0.772092342376709,0.8199713230133057,0.7639153003692627,0.8264411091804504,0.7776230573654175,0.8400339484214783,0.7357672452926636,0.8386574387550354,0.754361093044281,0.8667329549789429,0
0.0,0.0,0.0,0.0,0.0,0.0,0.0,0.0,0.0,0.0,0.0,0.0,0.0,0.0,0.0,0.0,0.0,0.0,0.0,0.0,0.0,0.0,0.0,0.0,0.0,0.0,0.0,0.0,0.0,0.0,0.0,0.0,0.0,0.0,0.0,0.0,0.0,0.0,0.0,0.0,0.0,0.0,0.0,0.0,0.0,0.0,0.0,0.0,0.0,0.0,0.0,0.0,0.0,0.0,0.0,0.0,0.0,0.0,0.0,0.0,0.0,0.0,0.0,0.0,0.0,0.0,0
0.7095998525619507,0.5400857925415039,0.7022788524627686,0.5316187143325806,0.7032157182693481,0.5247547626495361,0.7032781839370728,0.5230683088302612,0.7019238471984863,0.5318955183029175,0.7011110782623291,0.5281559228897095,0.7023383975028992,0.5254395604133606,0.7038999199867249,0.4973011910915375,0.7027764916419983,0.5038109421730042,0.7164628505706787,0.5286616086959839,0.715806782245636,0.5290982127189636,0.7303140759468079,0.437408983707428,0.7222647666931152,0.4371960759162903,0.7674158215522766,0.5047929883003235,0.749385416507721,0.515855610370636,0.7538005113601685,0.5675584077835083,0.7393644452095032,0.594670832157135,0.751722514629364,0.5866539478302002,0.7345530986785889,0.6135750412940979,0.7488423585891724,0.5710797905921936,0.732218325138092,0.6154245734214783,0.7459025979042053,0.5714457035064697,0.7340974807739258,0.6083995699882507,0.7773478627204895,0.5870648622512817,0.7689105272293091,0.5902832746505737,0.7526592016220093,0.6712029576301575,0.7429758310317993,0.6934764385223389,0.749182403087616,0.7669274210929871,0.7462528944015503,0.7514746189117432,0.753143310546875,0.7763662338256836,0.7507777214050293,0.7578275203704834,0.734908938407898,0.8113416433334351,0.7362766265869141,0.7818781733512878,0
0.7089746594429016,0.5330937504768372,0.6992154121398926,0.5155437588691711,0.6990684866905212,0.5142385363578796,0.6988466382026672,0.513416588306427,0.7001144886016846,0.5206953287124634,0.6988260746002197,0.5146913528442383,0.6985313892364502,0.5141209363937378,0.7003046274185181,0.49873149394989014,0.6999803185462952,0.5005418062210083,0.7128962874412537,0.5182153582572937,0.7147824168205261,0.52562016248703,0.7288010120391846,0.4537769556045532,0.7217729687690735,0.4703409671783447,0.7682279944419861,0.5124231576919556,0.7492601871490479,0.5356848239898682,0.7530871629714966,0.5576510429382324,0.7502293586730957,0.5712211728096008,0.7500742077827454,0.5733370184898376,0.7498466372489929,0.5830937623977661,0.7441376447677612,0.5689325332641602,0.7486680150032043,0.5831114053726196,0.7447860240936279,0.5629486441612244,0.7488232254981995,0.5789790153503418,0.7769463062286377,0.6975948810577393,0.7680522799491882,0.6991217732429504,0.7884132266044617,0.6133694648742676,0.7493327856063843,0.6124559044837952,0.7509337067604065,0.6739712953567505,0.7493159770965576,0.6260062456130981,0.7472639679908752,0.6767876148223877,0.749089777469635,0.628515362739563,0.7344202399253845,0.682219386100769,0.7487971782684326,0.6125157475471497,0
0.7060521841049194,0.5056763887405396,0.6988447308540344,0.4966173470020294,0.698654055595398,0.494293212890625,0.6984241008758545,0.4919489920139313,0.6990581750869751,0.4976310431957245,0.6990534067153931,0.4962165653705597,0.6989928483963013,0.4948637783527374,0.701218843460083,0.46384841203689575,0.7015379071235657,0.4706191420555115,0.7113845944404602,0.4888954758644104,0.7128756046295166,0.4885246753692627,0.7255931496620178,0.4079292416572571,0.7230111360549927,0.4186552166938782,0.7614712119102478,0.4694976806640625,0.7587335109710693,0.4915412962436676,0.7564585208892822,0.5626589059829712,0.7540329098701477,0.5768997073173523,0.7557735443115234,0.5865674614906311,0.7510576844215393,0.5987241864204407,0.7498403191566467,0.5853574872016907,0.7477883100509644,0.6014519333839417,0.7492492198944092,0.5839968919754028,0.7490764856338501,0.5934777855873108,0.7773498296737671,0.5446509718894958,0.7736107110977173,0.5446593761444092,0.7552645802497864,0.6669849157333374,0.7583633661270142,0.6551502346992493,0.7573267221450806,0.8145856857299805,0.755401074886322,0.7604559659957886,0.7658553123474121,0.8290566205978394,0.7611544728279114,0.7921377420425415,0.7329782843589783,0.847853422164917,0.7365149855613708,0.8034918904304504,0
0.7053084373474121,0.4920375347137451,0.6996350884437561,0.4864664077758789,0.6995937824249268,0.4841937720775604,0.6994892358779907,0.4817599952220917,0.6994754672050476,0.487499475479126,0.6993581652641296,0.48605361580848694,0.6994987726211548,0.48371177911758423,0.6993651390075684,0.45795297622680664,0.6996689438819885,0.46454039216041565,0.7109049558639526,0.48109865188598633,0.7111313939094543,0.4807230830192566,0.7215545177459717,0.41437456011772156,0.720066487789154,0.42291080951690674,0.7612236738204956,0.4455026388168335,0.7515856623649597,0.4613076448440552,0.7642267346382141,0.5314863920211792,0.7554460167884827,0.557849645614624,0.7647121548652649,0.5516558885574341,0.7533401250839233,0.580416202545166,0.7594555616378784,0.5499355792999268,0.751011312007904,0.5835806131362915,0.7594805955886841,0.5407366752624512,0.7517974376678467,0.5749581456184387,0.7852388024330139,0.5081112384796143,0.7797670364379883,0.5144161581993103,0.760023832321167,0.6478666663169861,0.7583498358726501,0.6316178441047668,0.7549878358840942,0.8109766244888306,0.7524499297142029,0.7642859816551208,0.7604566812515259,0.832398533821106,0.7561641931533813,0.7810746431350708,0.7274693846702576,0.8366315364837646,0.7276064157485962,0.7834621071815491,0
0.7043172121047974,0.4750935137271881,0.6972076892852783,0.46953490376472473,0.6966157555580139,0.4663010537624359,0.6961808800697327,0.4632883071899414,0.6979696750640869,0.47349777817726135,0.6980594992637634,0.47360122203826904,0.6981070041656494,0.4737989604473114,0.6973658800125122,0.441817969083786,0.6989669799804688,0.4601653814315796,0.7088563442230225,0.46420982480049133,0.7092170715332031,0.46876639127731323,0.717323899269104,0.4083329439163208,0.7218294143676758,0.4447399079799652,0.7565264105796814,0.428256094455719,0.7496047019958496,0.5063275694847107,0.7627137899398804,0.5137043595314026,0.7449678778648376,0.5918517112731934,0.7669197916984558,0.5370598435401917,0.7445264458656311,0.6119333505630493,0.7613365650177002,0.5456249713897705,0.7417974472045898,0.6211374998092651,0.7600411176681519,0.5360584855079651,0.7436337471008301,0.6074398756027222,0.7880995273590088,0.48757264018058777,0.7884082794189453,0.5011937022209167,0.7607554793357849,0.6449540853500366,0.765677273273468,0.6503534317016602,0.7482194304466248,0.8154513835906982,0.7524399161338806,0.796195387840271,0.7529376149177551,0.8403136730194092,0.7569803595542908,0.8123956918716431,0.7236446738243103,0.8470982313156128,0.7299314141273499,0.824373722076416,0
0.7032512426376343,0.46616098284721375,0.6970312595367432,0.46231454610824585,0.6971118450164795,0.4593033492565155,0.697036623954773,0.4563159644603729,0.6972823739051819,0.46357014775276184,0.6972346305847168,0.46241098642349243,0.6971988677978516,0.461175799369812,0.6977149844169617,0.4310806393623352,0.6982161402702332,0.443115770816803,0.7078412771224976,0.45549681782722473,0.7077885270118713,0.45770391821861267,0.7233837246894836,0.3918270468711853,0.7217930555343628,0.4101960361003876,0.7597333788871765,0.4421879053115845,0.7509071826934814,0.47286057472229004,0.7571848034858704,0.544111430644989,0.7465957999229431,0.5594319105148315,0.7570780515670776,0.5700002908706665,0.7471520304679871,0.5846161842346191,0.7516568899154663,0.5652174353599548,0.7436427474021912,0.5894620418548584,0.7506219148635864,0.5596375465393066,0.7458820343017578,0.5774062275886536,0.7852813601493835,0.5106214880943298,0.7802826166152954,0.5193647146224976,0.7584043741226196,0.6440508365631104,0.7568268775939941,0.6252773404121399,0.7513307929039001,0.8106775879859924,0.7529067397117615,0.7618310451507568,0.7591577172279358,0.8302137851715088,0.7580333948135376,0.7901747226715088,0.7322608232498169,0.8236199021339417,0.7329670190811157,0.7958089113235474,0
0.7004868388175964,0.4571799635887146,0.6946921348571777,0.45067328214645386,0.694719135761261,0.44780874252319336,0.694664478302002,0.44489914178848267,0.6947504878044128,0.45371556282043457,0.6947025656700134,0.4529884457588196,0.6946690082550049,0.4523516297340393,0.6967267394065857,0.4235077202320099,0.6964932680130005,0.43722105026245117,0.706177830696106,0.44730108976364136,0.7060035467147827,0.45054104924201965,0.7197666168212891,0.39221224188804626,0.720909595489502,0.4138616621494293,0.7573590874671936,0.44473838806152344,0.7453173398971558,0.4920876622200012,0.7515010237693787,0.5468503832817078,0.7394759654998779,0.5720422267913818,0.7539191842079163,0.5715886354446411,0.7383617162704468,0.6056396961212158,0.7509801387786865,0.5683262348175049,0.7384567260742188,0.6047531366348267,0.7504608035087585,0.5658165812492371,0.7375919818878174,0.5889137387275696,0.790391743183136,0.48157721757888794,0.7854375839233398,0.48942771553993225,0.7626308798789978,0.6444012522697449,0.7633675336837769,0.6387763619422913,0.7555858492851257,0.8063642978668213,0.7566594481468201,0.7787125110626221,0.7610131502151489,0.8286938667297363,0.7584741115570068,0.8035902976989746,0.7297669649124146,0.8343538641929626,0.7314049601554871,0.8035645484924316,0
0.6998840570449829,0.4428752660751343,0.6943995952606201,0.4358650743961334,0.6945597529411316,0.4324271082878113,0.6945765018463135,0.4293804168701172,0.694363534450531,0.43954116106033325,0.694377064704895,0.43956491351127625,0.6943432092666626,0.4396476745605469,0.6970253586769104,0.40907636284828186,0.696553647518158,0.4262450933456421,0.7055388689041138,0.4341108202934265,0.7055386304855347,0.4386136531829834,0.7208365201950073,0.3807283937931061,0.720944881439209,0.40859299898147583,0.756242573261261,0.4450985789299011,0.7472772598266602,0.48213618993759155,0.7513566613197327,0.5402878522872925,0.7444334626197815,0.5618695020675659,0.7528139352798462,0.5611988306045532,0.7427067756652832,0.5855421423912048,0.7491517663002014,0.5704695582389832,0.7422595620155334,0.5833502411842346,0.7487674355506897,0.5555744171142578,0.7394766807556152,0.5734429955482483,0.7896574139595032,0.4808116555213928,0.7856905460357666,0.4876992106437683,0.7607021927833557,0.6372224688529968,0.7627785801887512,0.633942186832428,0.7556107640266418,0.8001811504364014,0.7559288144111633,0.7820067405700684,0.7595474720001221,0.8293684720993042,0.7584457397460938,0.8028349280357361,0.7312968373298645,0.8406578302383423,0.7330027222633362,0.8089663982391357,0
0.6984931826591492,0.4297108054161072,0.6934062242507935,0.4221808612346649,0.6934155225753784,0.4196924567222595,0.6934027671813965,0.4170846939086914,0.693760335445404,0.42445501685142517,0.6940084099769592,0.42376643419265747,0.6942161321640015,0.42310062050819397,0.6959095001220703,0.3987728953361511,0.6967859268188477,0.4101055860519409,0.7045620679855347,0.42226317524909973,0.7050520181655884,0.42534610629081726,0.7177172303199768,0.37496501207351685,0.722392201423645,0.40405550599098206,0.7530521154403687,0.4378978908061981,0.7460976243019104,0.48610058426856995,0.7490434050559998,0.5360724329948425,0.7425552606582642,0.554889440536499,0.7514356970787048,0.5611011981964111,0.7407896518707275,0.5755137205123901,0.7428255081176758,0.5735689401626587,0.7385410070419312,0.5760247707366943,0.7409771680831909,0.566605806350708,0.7390962839126587,0.5672645568847656,0.7887598276138306,0.472317099571228,0.787783145904541,0.4772910475730896,0.761996328830719,0.6450939774513245,0.7639164924621582,0.6379503011703491,0.7574021816253662,0.7996562719345093,0.7559337615966797,0.7787477970123291,0.7606646418571472,0.8357158899307251,0.7611478567123413,0.8074665069580078,0.729793131351471,0.8315057754516602,0.7292619943618774,0.806259274482727,0
0.6977778077125549,0.426385760307312,0.6920081377029419,0.41704627871513367,0.6921378374099731,0.41450035572052,0.6922836899757385,0.4113810062408447,0.6922589540481567,0.4173101782798767,0.6925530433654785,0.41523295640945435,0.6928448677062988,0.41290342807769775,0.6953557133674622,0.38882434368133545,0.6958481669425964,0.3942835032939911,0.7048918008804321,0.4198947846889496,0.7049424648284912,0.42042866349220276,0.7209219932556152,0.3688202500343323,0.7232872843742371,0.38530778884887695,0.7457945346832275,0.46819430589675903,0.741401195526123,0.4809805750846863,0.7273768186569214,0.5748138427734375,0.7325024604797363,0.5750700831413269,0.7291892766952515,0.5992071032524109,0.7291853427886963,0.5963581800460815,0.7256463766098022,0.5897094011306763,0.7269074320793152,0.5985230207443237,0.7252931594848633,0.5879613161087036,0.7279998064041138,0.5899330377578735,0.7865788340568542,0.48673006892204285,0.7831184267997742,0.48978927731513977,0.7576233744621277,0.6351644992828369,0.7611699104309082,0.6261960864067078,0.7561697959899902,0.7982007265090942,0.7573826909065247,0.7739769220352173,0.7612003684043884,0.825570821762085,0.7597203850746155,0.7983160018920898,0.7317408919334412,0.826637327671051,0.7335288524627686,0.8050186634063721,0
0.699245274066925,0.4152127802371979,0.6941086649894714,0.4069998860359192,0.6942062377929688,0.4053174555301666,0.6942423582077026,0.40346574783325195,0.6940610408782959,0.4070369601249695,0.6943305134773254,0.4046521484851837,0.6944356560707092,0.40274155139923096,0.6974179148674011,0.37932050228118896,0.697372555732727,0.38361820578575134,0.7054117321968079,0.4088554382324219,0.7048522233963013,0.40847712755203247,0.7240647077560425,0.3696293234825134,0.7235301733016968,0.3675989806652069,0.7440356612205505,0.47577956318855286,0.7372953295707703,0.4588806927204132,0.7243145108222961,0.5756810307502747,0.7204480171203613,0.5676483511924744,0.7233455181121826,0.601904034614563,0.7191675305366516,0.5872035026550293,0.7176011204719543,0.5935251116752625,0.7177137136459351,0.5909870266914368,0.717760443687439,0.5847810506820679,0.7195177674293518,0.5840713381767273,0.787844717502594,0.482271283864975,0.7852427363395691,0.4787299633026123,0.7602980732917786,0.6365180611610413,0.7578901052474976,0.6136723756790161,0.7575043439865112,0.7955001592636108,0.7521315813064575,0.7514053583145142,0.7631500959396362,0.8231103420257568,0.7629438638687134,0.7828326225280762,0.7333323955535889,0.8223928213119507,0.7324209809303284,0.7943068742752075,0
0.6983996629714966,0.40363723039627075,0.6943196654319763,0.39448681473731995,0.694430947303772,0.39276301860809326,0.6948707103729248,0.3891929090023041,0.6944136023521423,0.3946790099143982,0.6948203444480896,0.3921853005886078,0.6950163841247559,0.39039790630340576,0.6979070901870728,0.3686087131500244,0.6981363892555237,0.3737552762031555,0.7038499712944031,0.398293137550354,0.7040755152702332,0.3992401957511902,0.7230458855628967,0.36184871196746826,0.7243151068687439,0.37089550495147705,0.7382220029830933,0.44951242208480835,0.734123706817627,0.46042412519454956,0.7205600142478943,0.5658424496650696,0.7164799571037292,0.5598070621490479,0.7194843888282776,0.5917609333992004,0.7121361494064331,0.5725570321083069,0.7141650319099426,0.5788672566413879,0.710768461227417,0.5749196410179138,0.713181734085083,0.5741466879844666,0.7097031474113464,0.569683313369751,0.785201907157898,0.47924917936325073,0.7842612862586975,0.4798588752746582,0.7589910626411438,0.6388869285583496,0.7602241039276123,0.6260186433792114,0.7592615485191345,0.7979789972305298,0.7580564022064209,0.7730156779289246,0.7647975087165833,0.8234103322029114,0.7633913159370422,0.8020962476730347,0.7307174801826477,0.8272916078567505,0.7321691513061523,0.805249035358429,0
0.6983379125595093,0.3914315700531006,0.6960248947143555,0.381117045879364,0.6962917447090149,0.379336953163147,0.6963858008384705,0.3771149218082428,0.6959385871887207,0.3808075785636902,0.6961159110069275,0.3788601756095886,0.6962810754776001,0.37690943479537964,0.6993937492370605,0.36038869619369507,0.699385941028595,0.35913312435150146,0.7043700814247131,0.3852013945579529,0.7042073607444763,0.3846929669380188,0.7221958041191101,0.3524359464645386,0.7263354063034058,0.3565751314163208,0.7400661110877991,0.4553714096546173,0.7349606156349182,0.4393720030784607,0.7179207801818848,0.5515626072883606,0.7217116355895996,0.53741055727005,0.7121063470840454,0.5617660880088806,0.7161199450492859,0.5533464550971985,0.7084614634513855,0.5636026263237,0.715363085269928,0.5561904907226562,0.7115889191627502,0.5588657855987549,0.7170699834823608,0.5505309700965881,0.7850771546363831,0.46557533740997314,0.7842889428138733,0.46452635526657104,0.7583906650543213,0.632623553276062,0.7585131525993347,0.6138161420822144,0.7591820955276489,0.7938899993896484,0.7530848383903503,0.7497498989105225,0.7676993012428284,0.8237636089324951,0.7569339275360107,0.77898108959198,0.733608603477478,0.8179715871810913,0.7300710678100586,0.7878146171569824,0
0.6958117485046387,0.3827458918094635,0.6923525333404541,0.3736545145511627,0.6924309730529785,0.37217116355895996,0.6930897235870361,0.3687622547149658,0.692536473274231,0.37374812364578247,0.693121612071991,0.37113291025161743,0.6933540105819702,0.3692880868911743,0.6966784596443176,0.350918173789978,0.6969795227050781,0.3539855480194092,0.7014671564102173,0.37916994094848633,0.7014580368995667,0.37963181734085083,0.7238650918006897,0.3402557373046875,0.7251295447349548,0.34936222434043884,0.7459749579429626,0.42989441752433777,0.7403866052627563,0.42892369627952576,0.7246905565261841,0.5218232274055481,0.7252143025398254,0.5175230503082275,0.7171156406402588,0.5406070351600647,0.7194568514823914,0.5369306802749634,0.7132121920585632,0.5370565056800842,0.712307333946228,0.539101779460907,0.7149122953414917,0.5356544852256775,0.7197420597076416,0.5308560132980347,0.7830497622489929,0.481597363948822,0.7788562774658203,0.4848366975784302,0.7578562498092651,0.6433829665184021,0.7590012550354004,0.6172800064086914,0.7594134211540222,0.7960333228111267,0.7605957388877869,0.760094404220581,0.764633297920227,0.8246239423751831,0.7645883560180664,0.7887904047966003,0.7370529174804688,0.8228766918182373,0.7371410131454468,0.7983033061027527,0
0.7007011771202087,0.3693743944168091,0.6962989568710327,0.35974669456481934,0.6965770721435547,0.3583172857761383,0.6968370079994202,0.3568416237831116,0.6962613463401794,0.3594224154949188,0.6964917778968811,0.3578835725784302,0.6966947913169861,0.3564172387123108,0.7001292705535889,0.33860376477241516,0.7001329660415649,0.3396373987197876,0.7071186304092407,0.3665778636932373,0.7065663933753967,0.36567533016204834,0.7269796133041382,0.3271990418434143,0.7262270450592041,0.32673564553260803,0.745459794998169,0.43671056628227234,0.7395020723342896,0.4141888916492462,0.7216609716415405,0.5224045515060425,0.7187087535858154,0.5153157114982605,0.7125785946846008,0.5409205555915833,0.7152627110481262,0.5218080282211304,0.7114903330802917,0.5370064973831177,0.7132393717765808,0.5238271355628967,0.712033212184906,0.5322917103767395,0.7153944373130798,0.5188514590263367,0.7816763520240784,0.4876894950866699,0.7781915664672852,0.486636221408844,0.7575262188911438,0.6437651515007019,0.7618373036384583,0.6229516267776489,0.756537675857544,0.8009333610534668,0.7617127299308777,0.7530387043952942,0.7617570757865906,0.8249619007110596,0.7689937949180603,0.7787140607833862,0.7289313077926636,0.8340919613838196,0.7423112392425537,0.7852389812469482,0
0.6993246674537659,0.3584688901901245,0.6956525444984436,0.3487852215766907,0.6957609057426453,0.34710508584976196,0.6956961154937744,0.3450412154197693,0.6958243250846863,0.3490482568740845,0.6960287094116211,0.3476428985595703,0.6965205073356628,0.34524038434028625,0.6998174786567688,0.3267567753791809,0.6999742388725281,0.3294374942779541,0.7045968770980835,0.3549482524394989,0.7045320272445679,0.3551136255264282,0.725469708442688,0.3232230544090271,0.7267526984214783,0.3288634717464447,0.7461949586868286,0.428479939699173,0.7408802509307861,0.4227181077003479,0.718119740486145,0.5157871842384338,0.7237474918365479,0.4993738532066345,0.7118970155715942,0.5238429307937622,0.7178226113319397,0.5131984353065491,0.710159420967102,0.5194387435913086,0.715660572052002,0.5140936970710754,0.7107735276222229,0.517349123954773,0.7175754904747009,0.5085817575454712,0.7808712720870972,0.481636643409729,0.7776709794998169,0.4806641936302185,0.7567600011825562,0.6362948417663574,0.759755551815033,0.615451455116272,0.760424792766571,0.7923761606216431,0.7610529661178589,0.759827733039856,0.7678559422492981,0.8189394474029541,0.7668582201004028,0.7902293801307678,0.7366373538970947,0.8222928047180176,0.7371776103973389,0.7973066568374634,0
0.6993575692176819,0.3452000021934509,0.6957035660743713,0.3351598083972931,0.6960349082946777,0.33333635330200195,0.6963720917701721,0.33147525787353516,0.6956558227539062,0.33520618081092834,0.695953369140625,0.33351171016693115,0.6962428092956543,0.3318063020706177,0.7013264894485474,0.3131279945373535,0.7008202075958252,0.3155195415019989,0.7056291103363037,0.3417140245437622,0.7053600549697876,0.3419557809829712,0.7303694486618042,0.30882853269577026,0.7258363962173462,0.3254976272583008,0.7501593828201294,0.40812259912490845,0.7377768158912659,0.41007012128829956,0.7269064784049988,0.48994243144989014,0.7208759784698486,0.4916232228279114,0.721160888671875,0.5075384378433228,0.7150530815124512,0.509036123752594,0.7168331742286682,0.5045721530914307,0.7109158635139465,0.5061291456222534,0.7196307182312012,0.49864906072616577,0.7135730385780334,0.4970318675041199,0.7813684344291687,0.4783691465854645,0.7738911509513855,0.47987639904022217,0.756529688835144,0.6355400085449219,0.7567920684814453,0.6182706356048584,0.7593190670013428,0.7944387197494507,0.7597243785858154,0.7647470831871033,0.7634955644607544,0.827582836151123,0.7658429741859436,0.7943599224090576,0.7324072122573853,0.8228950500488281,0.7354586124420166,0.8036073446273804,0
0.697890043258667,0.33042895793914795,0.6958001255989075,0.320497989654541,0.6962422728538513,0.3189679980278015,0.6975451707839966,0.31555187702178955,0.6958941221237183,0.32160112261772156,0.6962884068489075,0.32057225704193115,0.6974411606788635,0.31779029965400696,0.7039292454719543,0.3007892370223999,0.7029749751091003,0.30456990003585815,0.7056300640106201,0.3282928168773651,0.7053357362747192,0.3295243978500366,0.7323957681655884,0.30113911628723145,0.7266010046005249,0.3250369429588318,0.7492262125015259,0.40634381771087646,0.7377681136131287,0.4206501245498657,0.7206476926803589,0.48569798469543457,0.7136462926864624,0.49021515250205994,0.712629497051239,0.49886736273765564,0.7062364816665649,0.5013225078582764,0.7096109390258789,0.4927317202091217,0.7057785987854004,0.49568018317222595,0.7114285230636597,0.49109598994255066,0.7078241109848022,0.4938890337944031,0.7821635007858276,0.47971251606941223,0.7736871242523193,0.4841587543487549,0.7555689215660095,0.6327084898948669,0.7565773129463196,0.6242977976799011,0.7592887878417969,0.7932727336883545,0.7609434723854065,0.7695806622505188,0.7654591202735901,0.8214583992958069,0.7656236290931702,0.7982269525527954,0.7290599346160889,0.827022910118103,0.7358028292655945,0.8038904070854187,0
0.6977962255477905,0.31430429220199585,0.6974339485168457,0.30066028237342834,0.6983321309089661,0.2985767722129822,0.699303150177002,0.2960483431816101,0.6969529390335083,0.3022506535053253,0.6973792910575867,0.3010375499725342,0.6978740692138672,0.2995155453681946,0.7064804434776306,0.28261345624923706,0.7042542695999146,0.2879973351955414,0.7060931324958801,0.3153064250946045,0.7051998972892761,0.3164607882499695,0.7366472482681274,0.28872108459472656,0.7277657985687256,0.3155832886695862,0.7531628012657166,0.3934233784675598,0.7376430034637451,0.4134833812713623,0.7223705053329468,0.46725648641586304,0.7141844630241394,0.474496990442276,0.7115393280982971,0.48417234420776367,0.7047628164291382,0.49353206157684326,0.7082539796829224,0.4777604043483734,0.704416811466217,0.4864989221096039,0.7102217674255371,0.47545599937438965,0.7070523500442505,0.47880956530570984,0.7809582948684692,0.478689044713974,0.7723259329795837,0.48405471444129944,0.7557149529457092,0.632468044757843,0.7568854689598083,0.6152429580688477,0.7595780491828918,0.7888989448547363,0.7606207728385925,0.7679991722106934,0.7667092680931091,0.818134069442749,0.7691940665245056,0.791297197341919,0.7335295677185059,0.8233892917633057,0.7395260334014893,0.8014830350875854,0
0.6977803111076355,0.29001885652542114,0.6976463198661804,0.2788494825363159,0.6985617876052856,0.27776265144348145,0.7003128528594971,0.27429112792015076,0.6967392563819885,0.2789231240749359,0.6974606513977051,0.2769831418991089,0.6977919936180115,0.27570098638534546,0.707570493221283,0.26472607254981995,0.7049049139022827,0.27006447315216064,0.704795777797699,0.29064851999282837,0.703605592250824,0.2911011278629303,0.7333776950836182,0.2851281762123108,0.730647623538971,0.3009447455406189,0.7530279755592346,0.386849582195282,0.7430320978164673,0.38558241724967957,0.7230569124221802,0.454801082611084,0.7224078178405762,0.4553743898868561,0.7136960029602051,0.4728392958641052,0.709357500076294,0.4760757088661194,0.7098512053489685,0.4659576714038849,0.7078585028648376,0.46855032444000244,0.7123435139656067,0.4617752432823181,0.7101547122001648,0.46499648690223694,0.7787138819694519,0.4763941466808319,0.7734875082969666,0.47830668091773987,0.7561190128326416,0.6300520896911621,0.7574871182441711,0.6131186485290527,0.7599940299987793,0.7906862497329712,0.7611206769943237,0.7619999051094055,0.7686031460762024,0.821379542350769,0.7698706388473511,0.7923876047134399,0.7331146597862244,0.8285593390464783,0.7405735850334167,0.7964363098144531,0
0.6990602612495422,0.27931520342826843,0.6992071270942688,0.2644519805908203,0.7002105116844177,0.26239293813705444,0.7011938095092773,0.25979262590408325,0.6982585191726685,0.2670016884803772,0.6984261274337769,0.2659955620765686,0.6985964775085449,0.2645997405052185,0.7087599039077759,0.2470296025276184,0.7055220603942871,0.2539825439453125,0.7058470249176025,0.28170618414878845,0.7045212388038635,0.2830793261528015,0.7374325394630432,0.2851085960865021,0.7308027148246765,0.29258307814598083,0.7528322339057922,0.3832543194293976,0.740962028503418,0.383650004863739,0.7217983603477478,0.44783881306648254,0.7228345274925232,0.4448660910129547,0.7138092517852783,0.462629109621048,0.7146025896072388,0.4655894637107849,0.7100932598114014,0.45528721809387207,0.7090780138969421,0.45705318450927734,0.712410032749176,0.45166802406311035,0.7130718231201172,0.451381653547287,0.7789179086685181,0.47792690992355347,0.7722684741020203,0.47667890787124634,0.7557708024978638,0.6265137195587158,0.7582799196243286,0.6183905005455017,0.759633481502533,0.7899632453918457,0.7619074583053589,0.7643447518348694,0.766295850276947,0.8195681571960449,0.7693898677825928,0.7927206754684448,0.727008581161499,0.8353681564331055,0.7418822646141052,0.7988570928573608,0
0.7021061778068542,0.2721351385116577,0.7008318305015564,0.25577694177627563,0.7021526098251343,0.2523747384548187,0.7032455801963806,0.24913743138313293,0.6992387771606445,0.25844135880470276,0.6991212964057922,0.2580632269382477,0.699001669883728,0.2574625015258789,0.7102940678596497,0.23527279496192932,0.7053495049476624,0.2482641637325287,0.7090645432472229,0.27497515082359314,0.7068649530410767,0.2792596220970154,0.7380712628364563,0.2778171896934509,0.7272375822067261,0.2901837229728699,0.7497780323028564,0.37980952858924866,0.7370359301567078,0.3824668526649475,0.7193311452865601,0.4390868842601776,0.718223512172699,0.44015076756477356,0.7108516693115234,0.45168229937553406,0.7102856636047363,0.4603689908981323,0.7077465653419495,0.44258901476860046,0.7075314521789551,0.4548802375793457,0.7104524374008179,0.43904411792755127,0.7116407155990601,0.4488542675971985,0.7764791250228882,0.4717963635921478,0.7700273990631104,0.47345900535583496,0.7555639147758484,0.6257954239845276,0.7584600448608398,0.6109113693237305,0.7580685615539551,0.789097785949707,0.7625258564949036,0.7610839009284973,0.765203058719635,0.8188120722770691,0.7701437473297119,0.7830693125724792,0.7300488352775574,0.8334823846817017,0.7422777414321899,0.7971245050430298,0
0.7030508518218994,0.2808537185192108,0.7036820650100708,0.26765453815460205,0.7049540877342224,0.2667285203933716,0.7069869041442871,0.2644968628883362,0.7019481062889099,0.26848146319389343,0.7020374536514282,0.2680409550666809,0.7024406790733337,0.26708143949508667,0.7133784294128418,0.2516208589076996,0.7086986899375916,0.2596014440059662,0.7099399566650391,0.28339987993240356,0.7076557874679565,0.28442272543907166,0.7368538975715637,0.27899712324142456,0.731730580329895,0.2741886377334595,0.7500813007354736,0.36911606788635254,0.7417236566543579,0.36693498492240906,0.7179678678512573,0.4301157593727112,0.7227684259414673,0.4128556549549103,0.7115493416786194,0.44007790088653564,0.7166290283203125,0.41361430287361145,0.7091925144195557,0.43335625529289246,0.7099868059158325,0.41339677572250366,0.7122577428817749,0.42834553122520447,0.7120057344436646,0.4101422131061554,0.7759987115859985,0.4773397743701935,0.7727208137512207,0.46807676553726196,0.752789318561554,0.625114917755127,0.765831470489502,0.5846783518791199,0.758781909942627,0.7982668876647949,0.7697929739952087,0.7514239549636841,0.7655174136161804,0.8298394680023193,0.7814203500747681,0.7696670293807983,0.7315935492515564,0.8630707263946533,0.7681882381439209,0.7944855690002441,0
0.0,0.0,0.0,0.0,0.0,0.0,0.0,0.0,0.0,0.0,0.0,0.0,0.0,0.0,0.0,0.0,0.0,0.0,0.0,0.0,0.0,0.0,0.0,0.0,0.0,0.0,0.0,0.0,0.0,0.0,0.0,0.0,0.0,0.0,0.0,0.0,0.0,0.0,0.0,0.0,0.0,0.0,0.0,0.0,0.0,0.0,0.0,0.0,0.0,0.0,0.0,0.0,0.0,0.0,0.0,0.0,0.0,0.0,0.0,0.0,0.0,0.0,0.0,0.0,0.0,0.0,0
0.7038845419883728,0.2740984559059143,0.704544723033905,0.2590140700340271,0.705751359462738,0.25776776671409607,0.7077056765556335,0.25504010915756226,0.7033304572105408,0.25966575741767883,0.703671932220459,0.25879648327827454,0.7040477991104126,0.2576935291290283,0.7158761024475098,0.2431001365184784,0.7115283012390137,0.24785983562469482,0.7120914459228516,0.27808693051338196,0.7102518081665039,0.2789788544178009,0.7377927899360657,0.26523932814598083,0.733364462852478,0.26312458515167236,0.7513477802276611,0.3594628870487213,0.7392857670783997,0.34048593044281006,0.7191207408905029,0.4148781895637512,0.7162265181541443,0.3804273307323456,0.7135879993438721,0.4295789897441864,0.7107895612716675,0.3795924484729767,0.7093770503997803,0.4182513356208801,0.7075299024581909,0.3771366775035858,0.7110360264778137,0.4157639145851135,0.707305908203125,0.3850994110107422,0.7723449468612671,0.48241883516311646,0.7684198617935181,0.46671709418296814,0.7545672059059143,0.6309423446655273,0.7551124095916748,0.5745573043823242,0.7612713575363159,0.817853569984436,0.7600514888763428,0.7433420419692993,0.766931414604187,0.8243266940116882,0.7658652067184448,0.7645757794380188,0.7390697002410889,0.8655078411102295,0.7453051209449768,0.7945270538330078,0
0.7091628313064575,0.2573922872543335,0.7100348472595215,0.2424938976764679,0.7116268277168274,0.24047470092773438,0.7130345106124878,0.23832985758781433,0.7073752284049988,0.2441868782043457,0.7071382999420166,0.24339112639427185,0.7069060206413269,0.24224209785461426,0.7187077403068542,0.22811418771743774,0.7119831442832947,0.23327460885047913,0.7159934043884277,0.25933408737182617,0.7128967046737671,0.26118138432502747,0.7365251183509827,0.25476664304733276,0.7267217636108398,0.26778069138526917,0.7499375343322754,0.3505513370037079,0.7282471656799316,0.3665616810321808,0.7208966016769409,0.4030769169330597,0.7204864621162415,0.38554319739341736,0.7162185907363892,0.4155226945877075,0.7160240411758423,0.38029345870018005,0.7121904492378235,0.4046657085418701,0.7150968909263611,0.3695896565914154,0.7133561968803406,0.40129438042640686,0.7151361107826233,0.37224870920181274,0.7733503580093384,0.4910937547683716,0.7670935988426208,0.48477017879486084,0.7754184603691101,0.6618781685829163,0.7663002014160156,0.6369216442108154,0.8071956038475037,0.8015362024307251,0.7709376811981201,0.7589006423950195,0.8191848397254944,0.8120636940002441,0.7878299355506897,0.7648257613182068,0.7953152060508728,0.8791647553443909,0.7706871032714844,0.8093762993812561,0
0.7050350904464722,0.26629897952079773,0.7072846293449402,0.24746349453926086,0.7089192271232605,0.24580985307693481,0.7103967070579529,0.2440844178199768,0.7040513157844543,0.25135281682014465,0.7048561573028564,0.24872931838035583,0.7048024535179138,0.24800410866737366,0.7169355750083923,0.23594823479652405,0.7100154757499695,0.24226441979408264,0.7132644653320312,0.2666585147380829,0.7090844511985779,0.27148106694221497,0.7382644414901733,0.2619681656360626,0.7289657592773438,0.25841811299324036,0.7477311491966248,0.342831015586853,0.7127019762992859,0.28506550192832947,0.7153769731521606,0.39010512828826904,0.6927165389060974,0.2901421785354614,0.7137855291366577,0.40295493602752686,0.6883726119995117,0.28655365109443665,0.7104998230934143,0.39277949929237366,0.6874753832817078,0.2792103886604309,0.7117147445678711,0.3894304931163788,0.6887889504432678,0.2839561700820923,0.7731585502624512,0.4887855052947998,0.7711564302444458,0.4865928292274475,0.749030351638794,0.6132769584655762,0.7631111145019531,0.6148303747177124,0.7615332007408142,0.7890808582305908,0.7624049782752991,0.7585923075675964,0.770501971244812,0.8226916790008545,0.7770956754684448,0.7808507084846497,0.7364348769187927,0.8661001920700073,0.7510325908660889,0.8153709769248962,0
0.7037723660469055,0.251552015542984,0.7045809626579285,0.23322737216949463,0.7059995532035828,0.23118358850479126,0.7073187232017517,0.22899970412254333,0.7032132148742676,0.23442226648330688,0.7036530375480652,0.23311343789100647,0.7041088938713074,0.23136210441589355,0.7165960669517517,0.21782979369163513,0.7130657434463501,0.21959206461906433,0.7114890813827515,0.25796976685523987,0.7098256349563599,0.2589607238769531,0.737626314163208,0.24481087923049927,0.7362411022186279,0.2369941771030426,0.7412874102592468,0.3553145229816437,0.7331095933914185,0.35162538290023804,0.7197682857513428,0.3891991376876831,0.7205076217651367,0.3665102422237396,0.7165199518203735,0.3956266939640045,0.7186853289604187,0.37692055106163025,0.7149881720542908,0.3908824324607849,0.717155933380127,0.3688479959964752,0.7160637974739075,0.38762736320495605,0.7180832624435425,0.3697341978549957,0.7700467705726624,0.4941241145133972,0.7679381966590881,0.48674559593200684,0.7526474595069885,0.659191370010376,0.7575491070747375,0.6255829334259033,0.7888283133506775,0.8179587721824646,0.7690600156784058,0.7753862142562866,0.7880373597145081,0.8349788188934326,0.7754135131835938,0.7942718267440796,0.7770834565162659,0.8902260661125183,0.7704064846038818,0.835739254951477,0
0.7080378532409668,0.25145208835601807,0.7100265026092529,0.23796969652175903,0.7116262912750244,0.23595133423805237,0.7124307155609131,0.22972309589385986,0.7084379196166992,0.23940423130989075,0.7088950872421265,0.23826557397842407,0.7094234228134155,0.2368181049823761,0.7209206819534302,0.22028151154518127,0.7170376777648926,0.22054362297058105,0.7159582376480103,0.25910478830337524,0.7139776349067688,0.2613915801048279,0.7394846677780151,0.2567060589790344,0.7329220175743103,0.2455492913722992,0.7376347184181213,0.34754714369773865,0.7180780172348022,0.32484540343284607,0.7253085374832153,0.3779854476451874,0.7220339179039001,0.3340831995010376,0.7267279028892517,0.3856424391269684,0.7229963541030884,0.3195967674255371,0.7227193713188171,0.37749841809272766,0.7232000231742859,0.3061196506023407,0.723423957824707,0.3757593631744385,0.7219517230987549,0.3094542622566223,0.7703882455825806,0.47714173793792725,0.7656936645507812,0.470542848110199,0.7511857151985168,0.6314938068389893,0.7517073154449463,0.6029675006866455,0.7661277055740356,0.8268395662307739,0.7616021037101746,0.775091826915741,0.7768792510032654,0.8521090745925903,0.773523211479187,0.8028213977813721,0.7483606338500977,0.9181877374649048,0.7403832674026489,0.8309534788131714,0
0.7128421068191528,0.24602967500686646,0.713230311870575,0.2306765913963318,0.7144210338592529,0.2287110984325409,0.7155454158782959,0.22683700919151306,0.7126280665397644,0.23145431280136108,0.7134023904800415,0.2298111915588379,0.7166786789894104,0.22189390659332275,0.7239124774932861,0.21844127774238586,0.7223500609397888,0.21769657731056213,0.7199667096138,0.2473747432231903,0.7191486358642578,0.248256117105484,0.7404606938362122,0.2500218451023102,0.7404882311820984,0.24834567308425903,0.7504881620407104,0.34634262323379517,0.7403820157051086,0.34452182054519653,0.7214056849479675,0.39551806449890137,0.7249315977096558,0.37303945422172546,0.7191551923751831,0.402986615896225,0.7210453748703003,0.37659206986427307,0.7175808548927307,0.3962274193763733,0.7193291783332825,0.3711153566837311,0.7184807658195496,0.3931731879711151,0.7206023931503296,0.3710349500179291,0.7668059468269348,0.48433423042297363,0.7660455703735352,0.4740808606147766,0.7526805996894836,0.635469913482666,0.752761960029602,0.6080494523048401,0.7621618509292603,0.8129538893699646,0.7597449421882629,0.7782012224197388,0.7720215320587158,0.8475677967071533,0.768476128578186,0.8083413243293762,0.7355829477310181,0.8678133487701416,0.7392870187759399,0.8141160011291504,0
0.7133033275604248,0.24178186058998108,0.71113520860672,0.2172045111656189,0.7125257253646851,0.21454572677612305,0.7137998342514038,0.21200886368751526,0.7103074193000793,0.22257620096206665,0.7108193635940552,0.21745678782463074,0.7115856409072876,0.21524828672409058,0.721849262714386,0.20474648475646973,0.7199798226356506,0.20559343695640564,0.7178012728691101,0.23590409755706787,0.7183080315589905,0.24671253561973572,0.7379212975502014,0.23675259947776794,0.7431684136390686,0.2444455325603485,0.751383900642395,0.3394457995891571,0.7462628483772278,0.3533684015274048,0.7216087579727173,0.39182135462760925,0.7296860814094543,0.4075644016265869,0.7204152941703796,0.40810808539390564,0.7256138324737549,0.4156055450439453,0.716055691242218,0.3933916389942169,0.723548948764801,0.40808162093162537,0.71685791015625,0.389291912317276,0.725019633769989,0.406750351190567,0.7671502232551575,0.4732632040977478,0.7697324752807617,0.4683711528778076,0.7535447478294373,0.6276225447654724,0.7563999891281128,0.5930498242378235,0.7636887431144714,0.8134522438049316,0.7617914080619812,0.755756139755249,0.7756999135017395,0.8425623178482056,0.7731138467788696,0.7761722207069397,0.7382315993309021,0.8556901812553406,0.7465289831161499,0.799220085144043,0
0.7172375917434692,0.23475080728530884,0.7142550349235535,0.21379008889198303,0.7158951163291931,0.211593359708786,0.7168987393379211,0.20271149277687073,0.7180565595626831,0.2164754569530487,0.7130140066146851,0.21605095267295837,0.718570351600647,0.21517452597618103,0.7246142029762268,0.1996345818042755,0.720800518989563,0.20364034175872803,0.7209697961807251,0.24190449714660645,0.7205895185470581,0.2425771951675415,0.741520881652832,0.24076640605926514,0.7353346347808838,0.2520655691623688,0.753018856048584,0.33767908811569214,0.7347649335861206,0.3255949020385742,0.7249794006347656,0.38929301500320435,0.7169210314750671,0.3289510905742645,0.7196063995361328,0.40106499195098877,0.7127383947372437,0.32794904708862305,0.7166867256164551,0.38844117522239685,0.7104032635688782,0.32104504108428955,0.717708945274353,0.3851913511753082,0.7116881608963013,0.32336175441741943,0.7683385014533997,0.48338890075683594,0.7648521661758423,0.47655874490737915,0.7547974586486816,0.6295382976531982,0.7544218897819519,0.6029590964317322,0.765748143196106,0.7877886295318604,0.763034999370575,0.7498347163200378,0.7729537487030029,0.8155152797698975,0.7741397023200989,0.7675288319587708,0.7442131638526917,0.8428660035133362,0.7507315874099731,0.7951696515083313,0
0.7106296420097351,0.2264704704284668,0.7126732468605042,0.20988938212394714,0.7161695957183838,0.2042216956615448,0.7180307507514954,0.20141467452049255,0.7100576758384705,0.2189449667930603,0.7099204063415527,0.21838277578353882,0.71116703748703,0.20783507823944092,0.7224903702735901,0.19902858138084412,0.7155608534812927,0.20411080121994019,0.7207731604576111,0.23899781703948975,0.7207220792770386,0.24002406001091003,0.7408908009529114,0.22950249910354614,0.7354347705841064,0.24670705199241638,0.756290078163147,0.3286016285419464,0.7386570572853088,0.3468419313430786,0.7253333330154419,0.38812702894210815,0.7253084182739258,0.38264742493629456,0.721111536026001,0.4075878858566284,0.7218341827392578,0.3911983370780945,0.7174679040908813,0.39548414945602417,0.720421314239502,0.38393086194992065,0.7181359529495239,0.3914402425289154,0.721634030342102,0.3827288746833801,0.7703902721405029,0.4668130874633789,0.7662372589111328,0.47005602717399597,0.755551278591156,0.6245134472846985,0.7582842111587524,0.5937989950180054,0.7667320966720581,0.7952889800071716,0.7634854316711426,0.7466235756874084,0.7790372371673584,0.820052981376648,0.7737399339675903,0.7634662389755249,0.7501309514045715,0.8478237390518188,0.7505484223365784,0.7926592826843262,0
0.7117019891738892,0.22991368174552917,0.7135085463523865,0.21185988187789917,0.714847981929779,0.20959734916687012,0.7183668613433838,0.20350152254104614,0.7181272506713867,0.20636066794395447,0.7152582406997681,0.2082768678665161,0.7160634398460388,0.20634770393371582,0.7249247431755066,0.20164969563484192,0.72455894947052,0.20243173837661743,0.720542311668396,0.23190835118293762,0.7212866544723511,0.23199746012687683,0.738193154335022,0.22955691814422607,0.7442063093185425,0.24501317739486694,0.7516189813613892,0.344522088766098,0.7462186813354492,0.3593502640724182,0.7254223227500916,0.3859616816043854,0.7276254296302795,0.39088574051856995,0.7202007174491882,0.40284478664398193,0.7252558469772339,0.42282170057296753,0.7171503901481628,0.393910676240921,0.7239904999732971,0.4169576168060303,0.7183166742324829,0.3908064067363739,0.7255242466926575,0.4149909019470215,0.7694612145423889,0.47329646348953247,0.7727645635604858,0.4735698699951172,0.7628238201141357,0.6070300340652466,0.7709757089614868,0.5980045199394226,0.7662757635116577,0.7823691964149475,0.7669647336006165,0.7438458204269409,0.7752872705459595,0.8111627101898193,0.771638810634613,0.7712008357048035,0.7391718029975891,0.8343581557273865,0.7499021887779236,0.8021630644798279,0
0.7157395482063293,0.21284207701683044,0.7142932415008545,0.20153287053108215,0.7154752016067505,0.19955331087112427,0.7165630459785461,0.19759875535964966,0.7136494517326355,0.20244115591049194,0.7160823941230774,0.19820857048034668,0.7170389294624329,0.19617459177970886,0.7253221273422241,0.1952991783618927,0.725532591342926,0.1943570077419281,0.719692051410675,0.22067812085151672,0.7205634117126465,0.22030478715896606,0.7369239330291748,0.22601118683815002,0.7422313690185547,0.2322855293750763,0.7408997416496277,0.33835873007774353,0.7409646511077881,0.343600869178772,0.7210686802864075,0.38242536783218384,0.724907636642456,0.3732661306858063,0.7190248966217041,0.38936999440193176,0.7242143154144287,0.3933330774307251,0.7175478935241699,0.3868706524372101,0.7230616807937622,0.3870130181312561,0.7181471586227417,0.38411322236061096,0.7238932251930237,0.38596782088279724,0.7700532674789429,0.4637015163898468,0.7721557021141052,0.46259450912475586,0.7550675868988037,0.6121116280555725,0.7643116116523743,0.5904171466827393,0.7628368735313416,0.7798457145690918,0.7633028626441956,0.747957706451416,0.7716777920722961,0.8172501921653748,0.7687739729881287,0.7694747447967529,0.734839677810669,0.8330180644989014,0.7398176193237305,0.8026207089424133,0
0.7163522839546204,0.19611379504203796,0.7196201682090759,0.18047106266021729,0.7213922739028931,0.1786957085132599,0.7225296497344971,0.17786958813667297,0.7194479703903198,0.17910116910934448,0.720068633556366,0.17704108357429504,0.7207105755805969,0.175564706325531,0.7290123701095581,0.1817294955253601,0.7265243530273438,0.17910534143447876,0.7221235632896423,0.20662495493888855,0.7211924195289612,0.206027090549469,0.7439460158348083,0.23890221118927002,0.7429313659667969,0.23486095666885376,0.7546575665473938,0.3415575623512268,0.74642014503479,0.2877119481563568,0.7286003828048706,0.3966165781021118,0.719840943813324,0.30048424005508423,0.7234496474266052,0.40395957231521606,0.7124111652374268,0.2970351278781891,0.7212701439857483,0.39949434995651245,0.7106793522834778,0.29626789689064026,0.7223302125930786,0.39720582962036133,0.7131503820419312,0.2987521290779114,0.770235538482666,0.4486153721809387,0.7672274708747864,0.43974393606185913,0.7599803805351257,0.622011661529541,0.7592880725860596,0.5883669853210449,0.7607811093330383,0.789308488368988,0.7631583213806152,0.7634353041648865,0.769230842590332,0.8214060068130493,0.769738495349884,0.7893158197402954,0.733975350856781,0.8344860076904297,0.7363439202308655,0.8099864721298218,0
0.7203963398933411,0.18372434377670288,0.7247406840324402,0.16732639074325562,0.7257298827171326,0.16692399978637695,0.7265523672103882,0.16693484783172607,0.7237160205841064,0.1668819785118103,0.7239772081375122,0.16620931029319763,0.7241537570953369,0.16576004028320312,0.7320975065231323,0.17289572954177856,0.728570282459259,0.17221349477767944,0.7258337140083313,0.19566506147384644,0.7246993780136108,0.19510367512702942,0.7457125186920166,0.24365022778511047,0.7440369129180908,0.23856380581855774,0.7496235370635986,0.34137189388275146,0.7405620813369751,0.28672653436660767,0.7283941507339478,0.39209526777267456,0.7182231545448303,0.290907621383667,0.7227336168289185,0.40000611543655396,0.7121003270149231,0.28735071420669556,0.7231186628341675,0.39458411931991577,0.7116354703903198,0.2836012840270996,0.7239521145820618,0.3924347162246704,0.7136033177375793,0.28619635105133057,0.7712569832801819,0.44972825050354004,0.7680274844169617,0.4481049180030823,0.7597437500953674,0.609182596206665,0.7616211771965027,0.5953506231307983,0.7636502385139465,0.7873280048370361,0.7645399570465088,0.7584115862846375,0.771589994430542,0.8222482204437256,0.7702677249908447,0.7912444472312927,0.7360802292823792,0.8333472013473511,0.739632248878479,0.8111050724983215,0
0.722885012626648,0.18025648593902588,0.7254608869552612,0.16412600874900818,0.7258801460266113,0.1640603244304657,0.726275622844696,0.1641121506690979,0.7262351512908936,0.16235607862472534,0.7270841002464294,0.1612471044063568,0.7279409766197205,0.16026842594146729,0.7308986186981201,0.16949781775474548,0.7336901426315308,0.16522157192230225,0.7259235978126526,0.19409921765327454,0.7268202900886536,0.19264137744903564,0.7384021282196045,0.24041083455085754,0.7607334852218628,0.23486384749412537,0.7478643655776978,0.3429749608039856,0.7725642919540405,0.336274653673172,0.7306631803512573,0.3961228132247925,0.7509302496910095,0.3744388222694397,0.7263479828834534,0.4158765971660614,0.7455900311470032,0.37664106488227844,0.7231370210647583,0.4029439687728882,0.7423017621040344,0.3751571774482727,0.7239297032356262,0.3995947539806366,0.7438024878501892,0.37480708956718445,0.7656708359718323,0.4560524821281433,0.7761164307594299,0.4464777112007141,0.7600758671760559,0.6315925717353821,0.7649124264717102,0.5920752882957458,0.7642551064491272,0.7985256910324097,0.765720784664154,0.7594096660614014,0.7704374194145203,0.8329551815986633,0.7726997137069702,0.7897481322288513,0.7345365881919861,0.8329968452453613,0.7421206831932068,0.8050603866577148,0
0.7274872064590454,0.16777083277702332,0.7300151586532593,0.15484708547592163,0.7304396629333496,0.15573716163635254,0.7307571768760681,0.1567380130290985,0.7303398847579956,0.15247324109077454,0.7308404445648193,0.1519397795200348,0.7313209772109985,0.1515578031539917,0.7344955801963806,0.16525140404701233,0.7359780669212341,0.15964293479919434,0.7296545505523682,0.18477556109428406,0.7300838828086853,0.18190115690231323,0.7381703853607178,0.24240854382514954,0.7589218616485596,0.23097631335258484,0.7447217702865601,0.34885263442993164,0.7659380435943604,0.31945374608039856,0.7282336950302124,0.38838306069374084,0.7377801537513733,0.33711040019989014,0.7246827483177185,0.395827054977417,0.7311995029449463,0.3341468572616577,0.7223030924797058,0.3819042444229126,0.7280238270759583,0.33203160762786865,0.7231851816177368,0.3794269859790802,0.7296754717826843,0.33448928594589233,0.7655317187309265,0.4580448567867279,0.7728211879730225,0.44920462369918823,0.7612966895103455,0.6319228410720825,0.7655697464942932,0.602811336517334,0.7630543112754822,0.8014533519744873,0.7689324021339417,0.7611581087112427,0.7709125876426697,0.8298842906951904,0.7741145491600037,0.7897497415542603,0.7371791005134583,0.8354779481887817,0.749722957611084,0.8023409247398376,0
0.7314586639404297,0.18422529101371765,0.7335155606269836,0.1697908341884613,0.7337974309921265,0.17027437686920166,0.7340505123138428,0.17076429724693298,0.733985960483551,0.16765964031219482,0.7349135279655457,0.16657754778862,0.735595703125,0.16571936011314392,0.7378893494606018,0.1754935085773468,0.7410655617713928,0.1700003743171692,0.7331641316413879,0.1980908215045929,0.7341470718383789,0.19519087672233582,0.7404543161392212,0.24210840463638306,0.7676764726638794,0.22569376230239868,0.7422745227813721,0.3678388297557831,0.7700821757316589,0.31006163358688354,0.7324848771095276,0.38896822929382324,0.7398597002029419,0.3287067413330078,0.7284042835235596,0.40550366044044495,0.7325295209884644,0.3251739740371704,0.7265565991401672,0.39601635932922363,0.7294911742210388,0.3255242705345154,0.7285252809524536,0.3903782367706299,0.7315828800201416,0.3279752731323242,0.7646391987800598,0.4618107080459595,0.7784548997879028,0.45379987359046936,0.7628461122512817,0.6270463466644287,0.7688186168670654,0.6102182269096375,0.7665489315986633,0.7977252006530762,0.7745513916015625,0.7794384956359863,0.7734410762786865,0.8226751089096069,0.7808932065963745,0.8047925233840942,0.7384653687477112,0.8347850441932678,0.7510446906089783,0.8158043622970581,0
0.7348330020904541,0.18468749523162842,0.7348451018333435,0.1695740818977356,0.7345139384269714,0.16997498273849487,0.7341781854629517,0.17042481899261475,0.737069845199585,0.16723790764808655,0.7388139367103577,0.1660737693309784,0.740378737449646,0.1651783585548401,0.7366824150085449,0.17563322186470032,0.7468734979629517,0.16881123185157776,0.735826849937439,0.19738110899925232,0.7386918663978577,0.19503888487815857,0.7375127077102661,0.24030068516731262,0.7743241786956787,0.22703120112419128,0.735356330871582,0.3728978931903839,0.7767539024353027,0.3298436999320984,0.727962076663971,0.3980882167816162,0.749106764793396,0.36268842220306396,0.7298522591590881,0.40511444211006165,0.7433788776397705,0.36533817648887634,0.728977620601654,0.3986523747444153,0.7401086688041687,0.3654494285583496,0.731244683265686,0.3923912048339844,0.7412578463554382,0.36585789918899536,0.7655823826789856,0.47688087821006775,0.7807644605636597,0.46768486499786377,0.7632995843887329,0.6315029263496399,0.773525059223175,0.6091918349266052,0.7651322484016418,0.8035504221916199,0.7757045030593872,0.7740519046783447,0.7718394994735718,0.8343395590782166,0.7796177864074707,0.8006064891815186,0.7385699152946472,0.8328843116760254,0.7514811754226685,0.8084659576416016,0
