kp0_x,kp0_y,kp1_x,kp1_y,kp2_x,kp2_y,kp3_x,kp3_y,kp4_x,kp4_y,kp5_x,kp5_y,kp6_x,kp6_y,kp7_x,kp7_y,kp8_x,kp8_y,kp9_x,kp9_y,kp10_x,kp10_y,kp11_x,kp11_y,kp12_x,kp12_y,kp13_x,kp13_y,kp14_x,kp14_y,kp15_x,kp15_y,kp16_x,kp16_y,kp17_x,kp17_y,kp18_x,kp18_y,kp19_x,kp19_y,kp20_x,kp20_y,kp21_x,kp21_y,kp22_x,kp22_y,kp23_x,kp23_y,kp24_x,kp24_y,kp25_x,kp25_y,kp26_x,kp26_y,kp27_x,kp27_y,kp28_x,kp28_y,kp29_x,kp29_y,kp30_x,kp30_y,kp31_x,kp31_y,kp32_x,kp32_y,label
0.0,0.0,0.0,0.0,0.0,0.0,0.0,0.0,0.0,0.0,0.0,0.0,0.0,0.0,0.0,0.0,0.0,0.0,0.0,0.0,0.0,0.0,0.0,0.0,0.0,0.0,0.0,0.0,0.0,0.0,0.0,0.0,0.0,0.0,0.0,0.0,0.0,0.0,0.0,0.0,0.0,0.0,0.0,0.0,0.0,0.0,0.0,0.0,0.0,0.0,0.0,0.0,0.0,0.0,0.0,0.0,0.0,0.0,0.0,0.0,0.0,0.0,0.0,0.0,0.0,0.0,0
0.0,0.0,0.0,0.0,0.0,0.0,0.0,0.0,0.0,0.0,0.0,0.0,0.0,0.0,0.0,0.0,0.0,0.0,0.0,0.0,0.0,0.0,0.0,0.0,0.0,0.0,0.0,0.0,0.0,0.0,0.0,0.0,0.0,0.0,0.0,0.0,0.0,0.0,0.0,0.0,0.0,0.0,0.0,0.0,0.0,0.0,0.0,0.0,0.0,0.0,0.0,0.0,0.0,0.0,0.0,0.0,0.0,0.0,0.0,0.0,0.0,0.0,0.0,0.0,0.0,0.0,0
0.0,0.0,0.0,0.0,0.0,0.0,0.0,0.0,0.0,0.0,0.0,0.0,0.0,0.0,0.0,0.0,0.0,0.0,0.0,0.0,0.0,0.0,0.0,0.0,0.0,0.0,0.0,0.0,0.0,0.0,0.0,0.0,0.0,0.0,0.0,0.0,0.0,0.0,0.0,0.0,0.0,0.0,0.0,0.0,0.0,0.0,0.0,0.0,0.0,0.0,0.0,0.0,0.0,0.0,0.0,0.0,0.0,0.0,0.0,0.0,0.0,0.0,0.0,0.0,0.0,0.0,0
0.0,0.0,0.0,0.0,0.0,0.0,0.0,0.0,0.0,0.0,0.0,0.0,0.0,0.0,0.0,0.0,0.0,0.0,0.0,0.0,0.0,0.0,0.0,0.0,0.0,0.0,0.0,0.0,0.0,0.0,0.0,0.0,0.0,0.0,0.0,0.0,0.0,0.0,0.0,0.0,0.0,0.0,0.0,0.0,0.0,0.0,0.0,0.0,0.0,0.0,0.0,0.0,0.0,0.0,0.0,0.0,0.0,0.0,0.0,0.0,0.0,0.0,0.0,0.0,0.0,0.0,0
0.0,0.0,0.0,0.0,0.0,0.0,0.0,0.0,0.0,0.0,0.0,0.0,0.0,0.0,0.0,0.0,0.0,0.0,0.0,0.0,0.0,0.0,0.0,0.0,0.0,0.0,0.0,0.0,0.0,0.0,0.0,0.0,0.0,0.0,0.0,0.0,0.0,0.0,0.0,0.0,0.0,0.0,0.0,0.0,0.0,0.0,0.0,0.0,0.0,0.0,0.0,0.0,0.0,0.0,0.0,0.0,0.0,0.0,0.0,0.0,0.0,0.0,0.0,0.0,0.0,0.0,0
0.0,0.0,0.0,0.0,0.0,0.0,0.0,0.0,0.0,0.0,0.0,0.0,0.0,0.0,0.0,0.0,0.0,0.0,0.0,0.0,0.0,0.0,0.0,0.0,0.0,0.0,0.0,0.0,0.0,0.0,0.0,0.0,0.0,0.0,0.0,0.0,0.0,0.0,0.0,0.0,0.0,0.0,0.0,0.0,0.0,0.0,0.0,0.0,0.0,0.0,0.0,0.0,0.0,0.0,0.0,0.0,0.0,0.0,0.0,0.0,0.0,0.0,0.0,0.0,0.0,0.0,0
0.0,0.0,0.0,0.0,0.0,0.0,0.0,0.0,0.0,0.0,0.0,0.0,0.0,0.0,0.0,0.0,0.0,0.0,0.0,0.0,0.0,0.0,0.0,0.0,0.0,0.0,0.0,0.0,0.0,0.0,0.0,0.0,0.0,0.0,0.0,0.0,0.0,0.0,0.0,0.0,0.0,0.0,0.0,0.0,0.0,0.0,0.0,0.0,0.0,0.0,0.0,0.0,0.0,0.0,0.0,0.0,0.0,0.0,0.0,0.0,0.0,0.0,0.0,0.0,0.0,0.0,0
0.0,0.0,0.0,0.0,0.0,0.0,0.0,0.0,0.0,0.0,0.0,0.0,0.0,0.0,0.0,0.0,0.0,0.0,0.0,0.0,0.0,0.0,0.0,0.0,0.0,0.0,0.0,0.0,0.0,0.0,0.0,0.0,0.0,0.0,0.0,0.0,0.0,0.0,0.0,0.0,0.0,0.0,0.0,0.0,0.0,0.0,0.0,0.0,0.0,0.0,0.0,0.0,0.0,0.0,0.0,0.0,0.0,0.0,0.0,0.0,0.0,0.0,0.0,0.0,0.0,0.0,0
0.0,0.0,0.0,0.0,0.0,0.0,0.0,0.0,0.0,0.0,0.0,0.0,0.0,0.0,0.0,0.0,0.0,0.0,0.0,0.0,0.0,0.0,0.0,0.0,0.0,0.0,0.0,0.0,0.0,0.0,0.0,0.0,0.0,0.0,0.0,0.0,0.0,0.0,0.0,0.0,0.0,0.0,0.0,0.0,0.0,0.0,0.0,0.0,0.0,0.0,0.0,0.0,0.0,0.0,0.0,0.0,0.0,0.0,0.0,0.0,0.0,0.0,0.0,0.0,0.0,0.0,0
0.0,0.0,0.0,0.0,0.0,0.0,0.0,0.0,0.0,0.0,0.0,0.0,0.0,0.0,0.0,0.0,0.0,0.0,0.0,0.0,0.0,0.0,0.0,0.0,0.0,0.0,0.0,0.0,0.0,0.0,0.0,0.0,0.0,0.0,0.0,0.0,0.0,0.0,0.0,0.0,0.0,0.0,0.0,0.0,0.0,0.0,0.0,0.0,0.0,0.0,0.0,0.0,0.0,0.0,0.0,0.0,0.0,0.0,0.0,0.0,0.0,0.0,0.0,0.0,0.0,0.0,0
0.0,0.0,0.0,0.0,0.0,0.0,0.0,0.0,0.0,0.0,0.0,0.0,0.0,0.0,0.0,0.0,0.0,0.0,0.0,0.0,0.0,0.0,0.0,0.0,0.0,0.0,0.0,0.0,0.0,0.0,0.0,0.0,0.0,0.0,0.0,0.0,0.0,0.0,0.0,0.0,0.0,0.0,0.0,0.0,0.0,0.0,0.0,0.0,0.0,0.0,0.0,0.0,0.0,0.0,0.0,0.0,0.0,0.0,0.0,0.0,0.0,0.0,0.0,0.0,0.0,0.0,0
0.0,0.0,0.0,0.0,0.0,0.0,0.0,0.0,0.0,0.0,0.0,0.0,0.0,0.0,0.0,0.0,0.0,0.0,0.0,0.0,0.0,0.0,0.0,0.0,0.0,0.0,0.0,0.0,0.0,0.0,0.0,0.0,0.0,0.0,0.0,0.0,0.0,0.0,0.0,0.0,0.0,0.0,0.0,0.0,0.0,0.0,0.0,0.0,0.0,0.0,0.0,0.0,0.0,0.0,0.0,0.0,0.0,0.0,0.0,0.0,0.0,0.0,0.0,0.0,0.0,0.0,0
0.0,0.0,0.0,0.0,0.0,0.0,0.0,0.0,0.0,0.0,0.0,0.0,0.0,0.0,0.0,0.0,0.0,0.0,0.0,0.0,0.0,0.0,0.0,0.0,0.0,0.0,0.0,0.0,0.0,0.0,0.0,0.0,0.0,0.0,0.0,0.0,0.0,0.0,0.0,0.0,0.0,0.0,0.0,0.0,0.0,0.0,0.0,0.0,0.0,0.0,0.0,0.0,0.0,0.0,0.0,0.0,0.0,0.0,0.0,0.0,0.0,0.0,0.0,0.0,0.0,0.0,0
0.0,0.0,0.0,0.0,0.0,0.0,0.0,0.0,0.0,0.0,0.0,0.0,0.0,0.0,0.0,0.0,0.0,0.0,0.0,0.0,0.0,0.0,0.0,0.0,0.0,0.0,0.0,0.0,0.0,0.0,0.0,0.0,0.0,0.0,0.0,0.0,0.0,0.0,0.0,0.0,0.0,0.0,0.0,0.0,0.0,0.0,0.0,0.0,0.0,0.0,0.0,0.0,0.0,0.0,0.0,0.0,0.0,0.0,0.0,0.0,0.0,0.0,0.0,0.0,0.0,0.0,0
0.0,0.0,0.0,0.0,0.0,0.0,0.0,0.0,0.0,0.0,0.0,0.0,0.0,0.0,0.0,0.0,0.0,0.0,0.0,0.0,0.0,0.0,0.0,0.0,0.0,0.0,0.0,0.0,0.0,0.0,0.0,0.0,0.0,0.0,0.0,0.0,0.0,0.0,0.0,0.0,0.0,0.0,0.0,0.0,0.0,0.0,0.0,0.0,0.0,0.0,0.0,0.0,0.0,0.0,0.0,0.0,0.0,0.0,0.0,0.0,0.0,0.0,0.0,0.0,0.0,0.0,0
0.0,0.0,0.0,0.0,0.0,0.0,0.0,0.0,0.0,0.0,0.0,0.0,0.0,0.0,0.0,0.0,0.0,0.0,0.0,0.0,0.0,0.0,0.0,0.0,0.0,0.0,0.0,0.0,0.0,0.0,0.0,0.0,0.0,0.0,0.0,0.0,0.0,0.0,0.0,0.0,0.0,0.0,0.0,0.0,0.0,0.0,0.0,0.0,0.0,0.0,0.0,0.0,0.0,0.0,0.0,0.0,0.0,0.0,0.0,0.0,0.0,0.0,0.0,0.0,0.0,0.0,0
0.0,0.0,0.0,0.0,0.0,0.0,0.0,0.0,0.0,0.0,0.0,0.0,0.0,0.0,0.0,0.0,0.0,0.0,0.0,0.0,0.0,0.0,0.0,0.0,0.0,0.0,0.0,0.0,0.0,0.0,0.0,0.0,0.0,0.0,0.0,0.0,0.0,0.0,0.0,0.0,0.0,0.0,0.0,0.0,0.0,0.0,0.0,0.0,0.0,0.0,0.0,0.0,0.0,0.0,0.0,0.0,0.0,0.0,0.0,0.0,0.0,0.0,0.0,0.0,0.0,0.0,0
0.0,0.0,0.0,0.0,0.0,0.0,0.0,0.0,0.0,0.0,0.0,0.0,0.0,0.0,0.0,0.0,0.0,0.0,0.0,0.0,0.0,0.0,0.0,0.0,0.0,0.0,0.0,0.0,0.0,0.0,0.0,0.0,0.0,0.0,0.0,0.0,0.0,0.0,0.0,0.0,0.0,0.0,0.0,0.0,0.0,0.0,0.0,0.0,0.0,0.0,0.0,0.0,0.0,0.0,0.0,0.0,0.0,0.0,0.0,0.0,0.0,0.0,0.0,0.0,0.0,0.0,0
0.0,0.0,0.0,0.0,0.0,0.0,0.0,0.0,0.0,0.0,0.0,0.0,0.0,0.0,0.0,0.0,0.0,0.0,0.0,0.0,0.0,0.0,0.0,0.0,0.0,0.0,0.0,0.0,0.0,0.0,0.0,0.0,0.0,0.0,0.0,0.0,0.0,0.0,0.0,0.0,0.0,0.0,0.0,0.0,0.0,0.0,0.0,0.0,0.0,0.0,0.0,0.0,0.0,0.0,0.0,0.0,0.0,0.0,0.0,0.0,0.0,0.0,0.0,0.0,0.0,0.0,0
0.0,0.0,0.0,0.0,0.0,0.0,0.0,0.0,0.0,0.0,0.0,0.0,0.0,0.0,0.0,0.0,0.0,0.0,0.0,0.0,0.0,0.0,0.0,0.0,0.0,0.0,0.0,0.0,0.0,0.0,0.0,0.0,0.0,0.0,0.0,0.0,0.0,0.0,0.0,0.0,0.0,0.0,0.0,0.0,0.0,0.0,0.0,0.0,0.0,0.0,0.0,0.0,0.0,0.0,0.0,0.0,0.0,0.0,0.0,0.0,0.0,0.0,0.0,0.0,0.0,0.0,0
0.0,0.0,0.0,0.0,0.0,0.0,0.0,0.0,0.0,0.0,0.0,0.0,0.0,0.0,0.0,0.0,0.0,0.0,0.0,0.0,0.0,0.0,0.0,0.0,0.0,0.0,0.0,0.0,0.0,0.0,0.0,0.0,0.0,0.0,0.0,0.0,0.0,0.0,0.0,0.0,0.0,0.0,0.0,0.0,0.0,0.0,0.0,0.0,0.0,0.0,0.0,0.0,0.0,0.0,0.0,0.0,0.0,0.0,0.0,0.0,0.0,0.0,0.0,0.0,0.0,0.0,0
0.0,0.0,0.0,0.0,0.0,0.0,0.0,0.0,0.0,0.0,0.0,0.0,0.0,0.0,0.0,0.0,0.0,0.0,0.0,0.0,0.0,0.0,0.0,0.0,0.0,0.0,0.0,0.0,0.0,0.0,0.0,0.0,0.0,0.0,0.0,0.0,0.0,0.0,0.0,0.0,0.0,0.0,0.0,0.0,0.0,0.0,0.0,0.0,0.0,0.0,0.0,0.0,0.0,0.0,0.0,0.0,0.0,0.0,0.0,0.0,0.0,0.0,0.0,0.0,0.0,0.0,0
0.0,0.0,0.0,0.0,0.0,0.0,0.0,0.0,0.0,0.0,0.0,0.0,0.0,0.0,0.0,0.0,0.0,0.0,0.0,0.0,0.0,0.0,0.0,0.0,0.0,0.0,0.0,0.0,0.0,0.0,0.0,0.0,0.0,0.0,0.0,0.0,0.0,0.0,0.0,0.0,0.0,0.0,0.0,0.0,0.0,0.0,0.0,0.0,0.0,0.0,0.0,0.0,0.0,0.0,0.0,0.0,0.0,0.0,0.0,0.0,0.0,0.0,0.0,0.0,0.0,0.0,0
0.0,0.0,0.0,0.0,0.0,0.0,0.0,0.0,0.0,0.0,0.0,0.0,0.0,0.0,0.0,0.0,0.0,0.0,0.0,0.0,0.0,0.0,0.0,0.0,0.0,0.0,0.0,0.0,0.0,0.0,0.0,0.0,0.0,0.0,0.0,0.0,0.0,0.0,0.0,0.0,0.0,0.0,0.0,0.0,0.0,0.0,0.0,0.0,0.0,0.0,0.0,0.0,0.0,0.0,0.0,0.0,0.0,0.0,0.0,0.0,0.0,0.0,0.0,0.0,0.0,0.0,0
0.0,0.0,0.0,0.0,0.0,0.0,0.0,0.0,0.0,0.0,0.0,0.0,0.0,0.0,0.0,0.0,0.0,0.0,0.0,0.0,0.0,0.0,0.0,0.0,0.0,0.0,0.0,0.0,0.0,0.0,0.0,0.0,0.0,0.0,0.0,0.0,0.0,0.0,0.0,0.0,0.0,0.0,0.0,0.0,0.0,0.0,0.0,0.0,0.0,0.0,0.0,0.0,0.0,0.0,0.0,0.0,0.0,0.0,0.0,0.0,0.0,0.0,0.0,0.0,0.0,0.0,0
0.0,0.0,0.0,0.0,0.0,0.0,0.0,0.0,0.0,0.0,0.0,0.0,0.0,0.0,0.0,0.0,0.0,0.0,0.0,0.0,0.0,0.0,0.0,0.0,0.0,0.0,0.0,0.0,0.0,0.0,0.0,0.0,0.0,0.0,0.0,0.0,0.0,0.0,0.0,0.0,0.0,0.0,0.0,0.0,0.0,0.0,0.0,0.0,0.0,0.0,0.0,0.0,0.0,0.0,0.0,0.0,0.0,0.0,0.0,0.0,0.0,0.0,0.0,0.0,0.0,0.0,0
0.0,0.0,0.0,0.0,0.0,0.0,0.0,0.0,0.0,0.0,0.0,0.0,0.0,0.0,0.0,0.0,0.0,0.0,0.0,0.0,0.0,0.0,0.0,0.0,0.0,0.0,0.0,0.0,0.0,0.0,0.0,0.0,0.0,0.0,0.0,0.0,0.0,0.0,0.0,0.0,0.0,0.0,0.0,0.0,0.0,0.0,0.0,0.0,0.0,0.0,0.0,0.0,0.0,0.0,0.0,0.0,0.0,0.0,0.0,0.0,0.0,0.0,0.0,0.0,0.0,0.0,0
0.0,0.0,0.0,0.0,0.0,0.0,0.0,0.0,0.0,0.0,0.0,0.0,0.0,0.0,0.0,0.0,0.0,0.0,0.0,0.0,0.0,0.0,0.0,0.0,0.0,0.0,0.0,0.0,0.0,0.0,0.0,0.0,0.0,0.0,0.0,0.0,0.0,0.0,0.0,0.0,0.0,0.0,0.0,0.0,0.0,0.0,0.0,0.0,0.0,0.0,0.0,0.0,0.0,0.0,0.0,0.0,0.0,0.0,0.0,0.0,0.0,0.0,0.0,0.0,0.0,0.0,0
0.0,0.0,0.0,0.0,0.0,0.0,0.0,0.0,0.0,0.0,0.0,0.0,0.0,0.0,0.0,0.0,0.0,0.0,0.0,0.0,0.0,0.0,0.0,0.0,0.0,0.0,0.0,0.0,0.0,0.0,0.0,0.0,0.0,0.0,0.0,0.0,0.0,0.0,0.0,0.0,0.0,0.0,0.0,0.0,0.0,0.0,0.0,0.0,0.0,0.0,0.0,0.0,0.0,0.0,0.0,0.0,0.0,0.0,0.0,0.0,0.0,0.0,0.0,0.0,0.0,0.0,0
0.0,0.0,0.0,0.0,0.0,0.0,0.0,0.0,0.0,0.0,0.0,0.0,0.0,0.0,0.0,0.0,0.0,0.0,0.0,0.0,0.0,0.0,0.0,0.0,0.0,0.0,0.0,0.0,0.0,0.0,0.0,0.0,0.0,0.0,0.0,0.0,0.0,0.0,0.0,0.0,0.0,0.0,0.0,0.0,0.0,0.0,0.0,0.0,0.0,0.0,0.0,0.0,0.0,0.0,0.0,0.0,0.0,0.0,0.0,0.0,0.0,0.0,0.0,0.0,0.0,0.0,0
0.0,0.0,0.0,0.0,0.0,0.0,0.0,0.0,0.0,0.0,0.0,0.0,0.0,0.0,0.0,0.0,0.0,0.0,0.0,0.0,0.0,0.0,0.0,0.0,0.0,0.0,0.0,0.0,0.0,0.0,0.0,0.0,0.0,0.0,0.0,0.0,0.0,0.0,0.0,0.0,0.0,0.0,0.0,0.0,0.0,0.0,0.0,0.0,0.0,0.0,0.0,0.0,0.0,0.0,0.0,0.0,0.0,0.0,0.0,0.0,0.0,0.0,0.0,0.0,0.0,0.0,0
0.0,0.0,0.0,0.0,0.0,0.0,0.0,0.0,0.0,0.0,0.0,0.0,0.0,0.0,0.0,0.0,0.0,0.0,0.0,0.0,0.0,0.0,0.0,0.0,0.0,0.0,0.0,0.0,0.0,0.0,0.0,0.0,0.0,0.0,0.0,0.0,0.0,0.0,0.0,0.0,0.0,0.0,0.0,0.0,0.0,0.0,0.0,0.0,0.0,0.0,0.0,0.0,0.0,0.0,0.0,0.0,0.0,0.0,0.0,0.0,0.0,0.0,0.0,0.0,0.0,0.0,0
0.0,0.0,0.0,0.0,0.0,0.0,0.0,0.0,0.0,0.0,0.0,0.0,0.0,0.0,0.0,0.0,0.0,0.0,0.0,0.0,0.0,0.0,0.0,0.0,0.0,0.0,0.0,0.0,0.0,0.0,0.0,0.0,0.0,0.0,0.0,0.0,0.0,0.0,0.0,0.0,0.0,0.0,0.0,0.0,0.0,0.0,0.0,0.0,0.0,0.0,0.0,0.0,0.0,0.0,0.0,0.0,0.0,0.0,0.0,0.0,0.0,0.0,0.0,0.0,0.0,0.0,0
0.0,0.0,0.0,0.0,0.0,0.0,0.0,0.0,0.0,0.0,0.0,0.0,0.0,0.0,0.0,0.0,0.0,0.0,0.0,0.0,0.0,0.0,0.0,0.0,0.0,0.0,0.0,0.0,0.0,0.0,0.0,0.0,0.0,0.0,0.0,0.0,0.0,0.0,0.0,0.0,0.0,0.0,0.0,0.0,0.0,0.0,0.0,0.0,0.0,0.0,0.0,0.0,0.0,0.0,0.0,0.0,0.0,0.0,0.0,0.0,0.0,0.0,0.0,0.0,0.0,0.0,0
0.0,0.0,0.0,0.0,0.0,0.0,0.0,0.0,0.0,0.0,0.0,0.0,0.0,0.0,0.0,0.0,0.0,0.0,0.0,0.0,0.0,0.0,0.0,0.0,0.0,0.0,0.0,0.0,0.0,0.0,0.0,0.0,0.0,0.0,0.0,0.0,0.0,0.0,0.0,0.0,0.0,0.0,0.0,0.0,0.0,0.0,0.0,0.0,0.0,0.0,0.0,0.0,0.0,0.0,0.0,0.0,0.0,0.0,0.0,0.0,0.0,0.0,0.0,0.0,0.0,0.0,0
0.0,0.0,0.0,0.0,0.0,0.0,0.0,0.0,0.0,0.0,0.0,0.0,0.0,0.0,0.0,0.0,0.0,0.0,0.0,0.0,0.0,0.0,0.0,0.0,0.0,0.0,0.0,0.0,0.0,0.0,0.0,0.0,0.0,0.0,0.0,0.0,0.0,0.0,0.0,0.0,0.0,0.0,0.0,0.0,0.0,0.0,0.0,0.0,0.0,0.0,0.0,0.0,0.0,0.0,0.0,0.0,0.0,0.0,0.0,0.0,0.0,0.0,0.0,0.0,0.0,0.0,0
0.0,0.0,0.0,0.0,0.0,0.0,0.0,0.0,0.0,0.0,0.0,0.0,0.0,0.0,0.0,0.0,0.0,0.0,0.0,0.0,0.0,0.0,0.0,0.0,0.0,0.0,0.0,0.0,0.0,0.0,0.0,0.0,0.0,0.0,0.0,0.0,0.0,0.0,0.0,0.0,0.0,0.0,0.0,0.0,0.0,0.0,0.0,0.0,0.0,0.0,0.0,0.0,0.0,0.0,0.0,0.0,0.0,0.0,0.0,0.0,0.0,0.0,0.0,0.0,0.0,0.0,0
0.0,0.0,0.0,0.0,0.0,0.0,0.0,0.0,0.0,0.0,0.0,0.0,0.0,0.0,0.0,0.0,0.0,0.0,0.0,0.0,0.0,0.0,0.0,0.0,0.0,0.0,0.0,0.0,0.0,0.0,0.0,0.0,0.0,0.0,0.0,0.0,0.0,0.0,0.0,0.0,0.0,0.0,0.0,0.0,0.0,0.0,0.0,0.0,0.0,0.0,0.0,0.0,0.0,0.0,0.0,0.0,0.0,0.0,0.0,0.0,0.0,0.0,0.0,0.0,0.0,0.0,0
0.0,0.0,0.0,0.0,0.0,0.0,0.0,0.0,0.0,0.0,0.0,0.0,0.0,0.0,0.0,0.0,0.0,0.0,0.0,0.0,0.0,0.0,0.0,0.0,0.0,0.0,0.0,0.0,0.0,0.0,0.0,0.0,0.0,0.0,0.0,0.0,0.0,0.0,0.0,0.0,0.0,0.0,0.0,0.0,0.0,0.0,0.0,0.0,0.0,0.0,0.0,0.0,0.0,0.0,0.0,0.0,0.0,0.0,0.0,0.0,0.0,0.0,0.0,0.0,0.0,0.0,0
0.0,0.0,0.0,0.0,0.0,0.0,0.0,0.0,0.0,0.0,0.0,0.0,0.0,0.0,0.0,0.0,0.0,0.0,0.0,0.0,0.0,0.0,0.0,0.0,0.0,0.0,0.0,0.0,0.0,0.0,0.0,0.0,0.0,0.0,0.0,0.0,0.0,0.0,0.0,0.0,0.0,0.0,0.0,0.0,0.0,0.0,0.0,0.0,0.0,0.0,0.0,0.0,0.0,0.0,0.0,0.0,0.0,0.0,0.0,0.0,0.0,0.0,0.0,0.0,0.0,0.0,0
0.0,0.0,0.0,0.0,0.0,0.0,0.0,0.0,0.0,0.0,0.0,0.0,0.0,0.0,0.0,0.0,0.0,0.0,0.0,0.0,0.0,0.0,0.0,0.0,0.0,0.0,0.0,0.0,0.0,0.0,0.0,0.0,0.0,0.0,0.0,0.0,0.0,0.0,0.0,0.0,0.0,0.0,0.0,0.0,0.0,0.0,0.0,0.0,0.0,0.0,0.0,0.0,0.0,0.0,0.0,0.0,0.0,0.0,0.0,0.0,0.0,0.0,0.0,0.0,0.0,0.0,0
0.0,0.0,0.0,0.0,0.0,0.0,0.0,0.0,0.0,0.0,0.0,0.0,0.0,0.0,0.0,0.0,0.0,0.0,0.0,0.0,0.0,0.0,0.0,0.0,0.0,0.0,0.0,0.0,0.0,0.0,0.0,0.0,0.0,0.0,0.0,0.0,0.0,0.0,0.0,0.0,0.0,0.0,0.0,0.0,0.0,0.0,0.0,0.0,0.0,0.0,0.0,0.0,0.0,0.0,0.0,0.0,0.0,0.0,0.0,0.0,0.0,0.0,0.0,0.0,0.0,0.0,0
0.0,0.0,0.0,0.0,0.0,0.0,0.0,0.0,0.0,0.0,0.0,0.0,0.0,0.0,0.0,0.0,0.0,0.0,0.0,0.0,0.0,0.0,0.0,0.0,0.0,0.0,0.0,0.0,0.0,0.0,0.0,0.0,0.0,0.0,0.0,0.0,0.0,0.0,0.0,0.0,0.0,0.0,0.0,0.0,0.0,0.0,0.0,0.0,0.0,0.0,0.0,0.0,0.0,0.0,0.0,0.0,0.0,0.0,0.0,0.0,0.0,0.0,0.0,0.0,0.0,0.0,0
0.0,0.0,0.0,0.0,0.0,0.0,0.0,0.0,0.0,0.0,0.0,0.0,0.0,0.0,0.0,0.0,0.0,0.0,0.0,0.0,0.0,0.0,0.0,0.0,0.0,0.0,0.0,0.0,0.0,0.0,0.0,0.0,0.0,0.0,0.0,0.0,0.0,0.0,0.0,0.0,0.0,0.0,0.0,0.0,0.0,0.0,0.0,0.0,0.0,0.0,0.0,0.0,0.0,0.0,0.0,0.0,0.0,0.0,0.0,0.0,0.0,0.0,0.0,0.0,0.0,0.0,0
0.0,0.0,0.0,0.0,0.0,0.0,0.0,0.0,0.0,0.0,0.0,0.0,0.0,0.0,0.0,0.0,0.0,0.0,0.0,0.0,0.0,0.0,0.0,0.0,0.0,0.0,0.0,0.0,0.0,0.0,0.0,0.0,0.0,0.0,0.0,0.0,0.0,0.0,0.0,0.0,0.0,0.0,0.0,0.0,0.0,0.0,0.0,0.0,0.0,0.0,0.0,0.0,0.0,0.0,0.0,0.0,0.0,0.0,0.0,0.0,0.0,0.0,0.0,0.0,0.0,0.0,0
0.0,0.0,0.0,0.0,0.0,0.0,0.0,0.0,0.0,0.0,0.0,0.0,0.0,0.0,0.0,0.0,0.0,0.0,0.0,0.0,0.0,0.0,0.0,0.0,0.0,0.0,0.0,0.0,0.0,0.0,0.0,0.0,0.0,0.0,0.0,0.0,0.0,0.0,0.0,0.0,0.0,0.0,0.0,0.0,0.0,0.0,0.0,0.0,0.0,0.0,0.0,0.0,0.0,0.0,0.0,0.0,0.0,0.0,0.0,0.0,0.0,0.0,0.0,0.0,0.0,0.0,0
0.0,0.0,0.0,0.0,0.0,0.0,0.0,0.0,0.0,0.0,0.0,0.0,0.0,0.0,0.0,0.0,0.0,0.0,0.0,0.0,0.0,0.0,0.0,0.0,0.0,0.0,0.0,0.0,0.0,0.0,0.0,0.0,0.0,0.0,0.0,0.0,0.0,0.0,0.0,0.0,0.0,0.0,0.0,0.0,0.0,0.0,0.0,0.0,0.0,0.0,0.0,0.0,0.0,0.0,0.0,0.0,0.0,0.0,0.0,0.0,0.0,0.0,0.0,0.0,0.0,0.0,0
0.0,0.0,0.0,0.0,0.0,0.0,0.0,0.0,0.0,0.0,0.0,0.0,0.0,0.0,0.0,0.0,0.0,0.0,0.0,0.0,0.0,0.0,0.0,0.0,0.0,0.0,0.0,0.0,0.0,0.0,0.0,0.0,0.0,0.0,0.0,0.0,0.0,0.0,0.0,0.0,0.0,0.0,0.0,0.0,0.0,0.0,0.0,0.0,0.0,0.0,0.0,0.0,0.0,0.0,0.0,0.0,0.0,0.0,0.0,0.0,0.0,0.0,0.0,0.0,0.0,0.0,0
0.0,0.0,0.0,0.0,0.0,0.0,0.0,0.0,0.0,0.0,0.0,0.0,0.0,0.0,0.0,0.0,0.0,0.0,0.0,0.0,0.0,0.0,0.0,0.0,0.0,0.0,0.0,0.0,0.0,0.0,0.0,0.0,0.0,0.0,0.0,0.0,0.0,0.0,0.0,0.0,0.0,0.0,0.0,0.0,0.0,0.0,0.0,0.0,0.0,0.0,0.0,0.0,0.0,0.0,0.0,0.0,0.0,0.0,0.0,0.0,0.0,0.0,0.0,0.0,0.0,0.0,0
0.0,0.0,0.0,0.0,0.0,0.0,0.0,0.0,0.0,0.0,0.0,0.0,0.0,0.0,0.0,0.0,0.0,0.0,0.0,0.0,0.0,0.0,0.0,0.0,0.0,0.0,0.0,0.0,0.0,0.0,0.0,0.0,0.0,0.0,0.0,0.0,0.0,0.0,0.0,0.0,0.0,0.0,0.0,0.0,0.0,0.0,0.0,0.0,0.0,0.0,0.0,0.0,0.0,0.0,0.0,0.0,0.0,0.0,0.0,0.0,0.0,0.0,0.0,0.0,0.0,0.0,0
0.0,0.0,0.0,0.0,0.0,0.0,0.0,0.0,0.0,0.0,0.0,0.0,0.0,0.0,0.0,0.0,0.0,0.0,0.0,0.0,0.0,0.0,0.0,0.0,0.0,0.0,0.0,0.0,0.0,0.0,0.0,0.0,0.0,0.0,0.0,0.0,0.0,0.0,0.0,0.0,0.0,0.0,0.0,0.0,0.0,0.0,0.0,0.0,0.0,0.0,0.0,0.0,0.0,0.0,0.0,0.0,0.0,0.0,0.0,0.0,0.0,0.0,0.0,0.0,0.0,0.0,0
0.0,0.0,0.0,0.0,0.0,0.0,0.0,0.0,0.0,0.0,0.0,0.0,0.0,0.0,0.0,0.0,0.0,0.0,0.0,0.0,0.0,0.0,0.0,0.0,0.0,0.0,0.0,0.0,0.0,0.0,0.0,0.0,0.0,0.0,0.0,0.0,0.0,0.0,0.0,0.0,0.0,0.0,0.0,0.0,0.0,0.0,0.0,0.0,0.0,0.0,0.0,0.0,0.0,0.0,0.0,0.0,0.0,0.0,0.0,0.0,0.0,0.0,0.0,0.0,0.0,0.0,0
0.0,0.0,0.0,0.0,0.0,0.0,0.0,0.0,0.0,0.0,0.0,0.0,0.0,0.0,0.0,0.0,0.0,0.0,0.0,0.0,0.0,0.0,0.0,0.0,0.0,0.0,0.0,0.0,0.0,0.0,0.0,0.0,0.0,0.0,0.0,0.0,0.0,0.0,0.0,0.0,0.0,0.0,0.0,0.0,0.0,0.0,0.0,0.0,0.0,0.0,0.0,0.0,0.0,0.0,0.0,0.0,0.0,0.0,0.0,0.0,0.0,0.0,0.0,0.0,0.0,0.0,0
0.0,0.0,0.0,0.0,0.0,0.0,0.0,0.0,0.0,0.0,0.0,0.0,0.0,0.0,0.0,0.0,0.0,0.0,0.0,0.0,0.0,0.0,0.0,0.0,0.0,0.0,0.0,0.0,0.0,0.0,0.0,0.0,0.0,0.0,0.0,0.0,0.0,0.0,0.0,0.0,0.0,0.0,0.0,0.0,0.0,0.0,0.0,0.0,0.0,0.0,0.0,0.0,0.0,0.0,0.0,0.0,0.0,0.0,0.0,0.0,0.0,0.0,0.0,0.0,0.0,0.0,0
0.0,0.0,0.0,0.0,0.0,0.0,0.0,0.0,0.0,0.0,0.0,0.0,0.0,0.0,0.0,0.0,0.0,0.0,0.0,0.0,0.0,0.0,0.0,0.0,0.0,0.0,0.0,0.0,0.0,0.0,0.0,0.0,0.0,0.0,0.0,0.0,0.0,0.0,0.0,0.0,0.0,0.0,0.0,0.0,0.0,0.0,0.0,0.0,0.0,0.0,0.0,0.0,0.0,0.0,0.0,0.0,0.0,0.0,0.0,0.0,0.0,0.0,0.0,0.0,0.0,0.0,0
0.0,0.0,0.0,0.0,0.0,0.0,0.0,0.0,0.0,0.0,0.0,0.0,0.0,0.0,0.0,0.0,0.0,0.0,0.0,0.0,0.0,0.0,0.0,0.0,0.0,0.0,0.0,0.0,0.0,0.0,0.0,0.0,0.0,0.0,0.0,0.0,0.0,0.0,0.0,0.0,0.0,0.0,0.0,0.0,0.0,0.0,0.0,0.0,0.0,0.0,0.0,0.0,0.0,0.0,0.0,0.0,0.0,0.0,0.0,0.0,0.0,0.0,0.0,0.0,0.0,0.0,0
0.0,0.0,0.0,0.0,0.0,0.0,0.0,0.0,0.0,0.0,0.0,0.0,0.0,0.0,0.0,0.0,0.0,0.0,0.0,0.0,0.0,0.0,0.0,0.0,0.0,0.0,0.0,0.0,0.0,0.0,0.0,0.0,0.0,0.0,0.0,0.0,0.0,0.0,0.0,0.0,0.0,0.0,0.0,0.0,0.0,0.0,0.0,0.0,0.0,0.0,0.0,0.0,0.0,0.0,0.0,0.0,0.0,0.0,0.0,0.0,0.0,0.0,0.0,0.0,0.0,0.0,0
0.0,0.0,0.0,0.0,0.0,0.0,0.0,0.0,0.0,0.0,0.0,0.0,0.0,0.0,0.0,0.0,0.0,0.0,0.0,0.0,0.0,0.0,0.0,0.0,0.0,0.0,0.0,0.0,0.0,0.0,0.0,0.0,0.0,0.0,0.0,0.0,0.0,0.0,0.0,0.0,0.0,0.0,0.0,0.0,0.0,0.0,0.0,0.0,0.0,0.0,0.0,0.0,0.0,0.0,0.0,0.0,0.0,0.0,0.0,0.0,0.0,0.0,0.0,0.0,0.0,0.0,0
0.0,0.0,0.0,0.0,0.0,0.0,0.0,0.0,0.0,0.0,0.0,0.0,0.0,0.0,0.0,0.0,0.0,0.0,0.0,0.0,0.0,0.0,0.0,0.0,0.0,0.0,0.0,0.0,0.0,0.0,0.0,0.0,0.0,0.0,0.0,0.0,0.0,0.0,0.0,0.0,0.0,0.0,0.0,0.0,0.0,0.0,0.0,0.0,0.0,0.0,0.0,0.0,0.0,0.0,0.0,0.0,0.0,0.0,0.0,0.0,0.0,0.0,0.0,0.0,0.0,0.0,0
0.0,0.0,0.0,0.0,0.0,0.0,0.0,0.0,0.0,0.0,0.0,0.0,0.0,0.0,0.0,0.0,0.0,0.0,0.0,0.0,0.0,0.0,0.0,0.0,0.0,0.0,0.0,0.0,0.0,0.0,0.0,0.0,0.0,0.0,0.0,0.0,0.0,0.0,0.0,0.0,0.0,0.0,0.0,0.0,0.0,0.0,0.0,0.0,0.0,0.0,0.0,0.0,0.0,0.0,0.0,0.0,0.0,0.0,0.0,0.0,0.0,0.0,0.0,0.0,0.0,0.0,0
0.0,0.0,0.0,0.0,0.0,0.0,0.0,0.0,0.0,0.0,0.0,0.0,0.0,0.0,0.0,0.0,0.0,0.0,0.0,0.0,0.0,0.0,0.0,0.0,0.0,0.0,0.0,0.0,0.0,0.0,0.0,0.0,0.0,0.0,0.0,0.0,0.0,0.0,0.0,0.0,0.0,0.0,0.0,0.0,0.0,0.0,0.0,0.0,0.0,0.0,0.0,0.0,0.0,0.0,0.0,0.0,0.0,0.0,0.0,0.0,0.0,0.0,0.0,0.0,0.0,0.0,0
0.0,0.0,0.0,0.0,0.0,0.0,0.0,0.0,0.0,0.0,0.0,0.0,0.0,0.0,0.0,0.0,0.0,0.0,0.0,0.0,0.0,0.0,0.0,0.0,0.0,0.0,0.0,0.0,0.0,0.0,0.0,0.0,0.0,0.0,0.0,0.0,0.0,0.0,0.0,0.0,0.0,0.0,0.0,0.0,0.0,0.0,0.0,0.0,0.0,0.0,0.0,0.0,0.0,0.0,0.0,0.0,0.0,0.0,0.0,0.0,0.0,0.0,0.0,0.0,0.0,0.0,0
0.0,0.0,0.0,0.0,0.0,0.0,0.0,0.0,0.0,0.0,0.0,0.0,0.0,0.0,0.0,0.0,0.0,0.0,0.0,0.0,0.0,0.0,0.0,0.0,0.0,0.0,0.0,0.0,0.0,0.0,0.0,0.0,0.0,0.0,0.0,0.0,0.0,0.0,0.0,0.0,0.0,0.0,0.0,0.0,0.0,0.0,0.0,0.0,0.0,0.0,0.0,0.0,0.0,0.0,0.0,0.0,0.0,0.0,0.0,0.0,0.0,0.0,0.0,0.0,0.0,0.0,0
0.0,0.0,0.0,0.0,0.0,0.0,0.0,0.0,0.0,0.0,0.0,0.0,0.0,0.0,0.0,0.0,0.0,0.0,0.0,0.0,0.0,0.0,0.0,0.0,0.0,0.0,0.0,0.0,0.0,0.0,0.0,0.0,0.0,0.0,0.0,0.0,0.0,0.0,0.0,0.0,0.0,0.0,0.0,0.0,0.0,0.0,0.0,0.0,0.0,0.0,0.0,0.0,0.0,0.0,0.0,0.0,0.0,0.0,0.0,0.0,0.0,0.0,0.0,0.0,0.0,0.0,0
0.0,0.0,0.0,0.0,0.0,0.0,0.0,0.0,0.0,0.0,0.0,0.0,0.0,0.0,0.0,0.0,0.0,0.0,0.0,0.0,0.0,0.0,0.0,0.0,0.0,0.0,0.0,0.0,0.0,0.0,0.0,0.0,0.0,0.0,0.0,0.0,0.0,0.0,0.0,0.0,0.0,0.0,0.0,0.0,0.0,0.0,0.0,0.0,0.0,0.0,0.0,0.0,0.0,0.0,0.0,0.0,0.0,0.0,0.0,0.0,0.0,0.0,0.0,0.0,0.0,0.0,0
0.0,0.0,0.0,0.0,0.0,0.0,0.0,0.0,0.0,0.0,0.0,0.0,0.0,0.0,0.0,0.0,0.0,0.0,0.0,0.0,0.0,0.0,0.0,0.0,0.0,0.0,0.0,0.0,0.0,0.0,0.0,0.0,0.0,0.0,0.0,0.0,0.0,0.0,0.0,0.0,0.0,0.0,0.0,0.0,0.0,0.0,0.0,0.0,0.0,0.0,0.0,0.0,0.0,0.0,0.0,0.0,0.0,0.0,0.0,0.0,0.0,0.0,0.0,0.0,0.0,0.0,0
0.0,0.0,0.0,0.0,0.0,0.0,0.0,0.0,0.0,0.0,0.0,0.0,0.0,0.0,0.0,0.0,0.0,0.0,0.0,0.0,0.0,0.0,0.0,0.0,0.0,0.0,0.0,0.0,0.0,0.0,0.0,0.0,0.0,0.0,0.0,0.0,0.0,0.0,0.0,0.0,0.0,0.0,0.0,0.0,0.0,0.0,0.0,0.0,0.0,0.0,0.0,0.0,0.0,0.0,0.0,0.0,0.0,0.0,0.0,0.0,0.0,0.0,0.0,0.0,0.0,0.0,0
0.0,0.0,0.0,0.0,0.0,0.0,0.0,0.0,0.0,0.0,0.0,0.0,0.0,0.0,0.0,0.0,0.0,0.0,0.0,0.0,0.0,0.0,0.0,0.0,0.0,0.0,0.0,0.0,0.0,0.0,0.0,0.0,0.0,0.0,0.0,0.0,0.0,0.0,0.0,0.0,0.0,0.0,0.0,0.0,0.0,0.0,0.0,0.0,0.0,0.0,0.0,0.0,0.0,0.0,0.0,0.0,0.0,0.0,0.0,0.0,0.0,0.0,0.0,0.0,0.0,0.0,0
0.0,0.0,0.0,0.0,0.0,0.0,0.0,0.0,0.0,0.0,0.0,0.0,0.0,0.0,0.0,0.0,0.0,0.0,0.0,0.0,0.0,0.0,0.0,0.0,0.0,0.0,0.0,0.0,0.0,0.0,0.0,0.0,0.0,0.0,0.0,0.0,0.0,0.0,0.0,0.0,0.0,0.0,0.0,0.0,0.0,0.0,0.0,0.0,0.0,0.0,0.0,0.0,0.0,0.0,0.0,0.0,0.0,0.0,0.0,0.0,0.0,0.0,0.0,0.0,0.0,0.0,0
0.0,0.0,0.0,0.0,0.0,0.0,0.0,0.0,0.0,0.0,0.0,0.0,0.0,0.0,0.0,0.0,0.0,0.0,0.0,0.0,0.0,0.0,0.0,0.0,0.0,0.0,0.0,0.0,0.0,0.0,0.0,0.0,0.0,0.0,0.0,0.0,0.0,0.0,0.0,0.0,0.0,0.0,0.0,0.0,0.0,0.0,0.0,0.0,0.0,0.0,0.0,0.0,0.0,0.0,0.0,0.0,0.0,0.0,0.0,0.0,0.0,0.0,0.0,0.0,0.0,0.0,0
0.0,0.0,0.0,0.0,0.0,0.0,0.0,0.0,0.0,0.0,0.0,0.0,0.0,0.0,0.0,0.0,0.0,0.0,0.0,0.0,0.0,0.0,0.0,0.0,0.0,0.0,0.0,0.0,0.0,0.0,0.0,0.0,0.0,0.0,0.0,0.0,0.0,0.0,0.0,0.0,0.0,0.0,0.0,0.0,0.0,0.0,0.0,0.0,0.0,0.0,0.0,0.0,0.0,0.0,0.0,0.0,0.0,0.0,0.0,0.0,0.0,0.0,0.0,0.0,0.0,0.0,0
0.0,0.0,0.0,0.0,0.0,0.0,0.0,0.0,0.0,0.0,0.0,0.0,0.0,0.0,0.0,0.0,0.0,0.0,0.0,0.0,0.0,0.0,0.0,0.0,0.0,0.0,0.0,0.0,0.0,0.0,0.0,0.0,0.0,0.0,0.0,0.0,0.0,0.0,0.0,0.0,0.0,0.0,0.0,0.0,0.0,0.0,0.0,0.0,0.0,0.0,0.0,0.0,0.0,0.0,0.0,0.0,0.0,0.0,0.0,0.0,0.0,0.0,0.0,0.0,0.0,0.0,0
0.0,0.0,0.0,0.0,0.0,0.0,0.0,0.0,0.0,0.0,0.0,0.0,0.0,0.0,0.0,0.0,0.0,0.0,0.0,0.0,0.0,0.0,0.0,0.0,0.0,0.0,0.0,0.0,0.0,0.0,0.0,0.0,0.0,0.0,0.0,0.0,0.0,0.0,0.0,0.0,0.0,0.0,0.0,0.0,0.0,0.0,0.0,0.0,0.0,0.0,0.0,0.0,0.0,0.0,0.0,0.0,0.0,0.0,0.0,0.0,0.0,0.0,0.0,0.0,0.0,0.0,0
0.0,0.0,0.0,0.0,0.0,0.0,0.0,0.0,0.0,0.0,0.0,0.0,0.0,0.0,0.0,0.0,0.0,0.0,0.0,0.0,0.0,0.0,0.0,0.0,0.0,0.0,0.0,0.0,0.0,0.0,0.0,0.0,0.0,0.0,0.0,0.0,0.0,0.0,0.0,0.0,0.0,0.0,0.0,0.0,0.0,0.0,0.0,0.0,0.0,0.0,0.0,0.0,0.0,0.0,0.0,0.0,0.0,0.0,0.0,0.0,0.0,0.0,0.0,0.0,0.0,0.0,0
0.0,0.0,0.0,0.0,0.0,0.0,0.0,0.0,0.0,0.0,0.0,0.0,0.0,0.0,0.0,0.0,0.0,0.0,0.0,0.0,0.0,0.0,0.0,0.0,0.0,0.0,0.0,0.0,0.0,0.0,0.0,0.0,0.0,0.0,0.0,0.0,0.0,0.0,0.0,0.0,0.0,0.0,0.0,0.0,0.0,0.0,0.0,0.0,0.0,0.0,0.0,0.0,0.0,0.0,0.0,0.0,0.0,0.0,0.0,0.0,0.0,0.0,0.0,0.0,0.0,0.0,0
0.0,0.0,0.0,0.0,0.0,0.0,0.0,0.0,0.0,0.0,0.0,0.0,0.0,0.0,0.0,0.0,0.0,0.0,0.0,0.0,0.0,0.0,0.0,0.0,0.0,0.0,0.0,0.0,0.0,0.0,0.0,0.0,0.0,0.0,0.0,0.0,0.0,0.0,0.0,0.0,0.0,0.0,0.0,0.0,0.0,0.0,0.0,0.0,0.0,0.0,0.0,0.0,0.0,0.0,0.0,0.0,0.0,0.0,0.0,0.0,0.0,0.0,0.0,0.0,0.0,0.0,0
0.0,0.0,0.0,0.0,0.0,0.0,0.0,0.0,0.0,0.0,0.0,0.0,0.0,0.0,0.0,0.0,0.0,0.0,0.0,0.0,0.0,0.0,0.0,0.0,0.0,0.0,0.0,0.0,0.0,0.0,0.0,0.0,0.0,0.0,0.0,0.0,0.0,0.0,0.0,0.0,0.0,0.0,0.0,0.0,0.0,0.0,0.0,0.0,0.0,0.0,0.0,0.0,0.0,0.0,0.0,0.0,0.0,0.0,0.0,0.0,0.0,0.0,0.0,0.0,0.0,0.0,0
0.0,0.0,0.0,0.0,0.0,0.0,0.0,0.0,0.0,0.0,0.0,0.0,0.0,0.0,0.0,0.0,0.0,0.0,0.0,0.0,0.0,0.0,0.0,0.0,0.0,0.0,0.0,0.0,0.0,0.0,0.0,0.0,0.0,0.0,0.0,0.0,0.0,0.0,0.0,0.0,0.0,0.0,0.0,0.0,0.0,0.0,0.0,0.0,0.0,0.0,0.0,0.0,0.0,0.0,0.0,0.0,0.0,0.0,0.0,0.0,0.0,0.0,0.0,0.0,0.0,0.0,0
0.0,0.0,0.0,0.0,0.0,0.0,0.0,0.0,0.0,0.0,0.0,0.0,0.0,0.0,0.0,0.0,0.0,0.0,0.0,0.0,0.0,0.0,0.0,0.0,0.0,0.0,0.0,0.0,0.0,0.0,0.0,0.0,0.0,0.0,0.0,0.0,0.0,0.0,0.0,0.0,0.0,0.0,0.0,0.0,0.0,0.0,0.0,0.0,0.0,0.0,0.0,0.0,0.0,0.0,0.0,0.0,0.0,0.0,0.0,0.0,0.0,0.0,0.0,0.0,0.0,0.0,0
0.0,0.0,0.0,0.0,0.0,0.0,0.0,0.0,0.0,0.0,0.0,0.0,0.0,0.0,0.0,0.0,0.0,0.0,0.0,0.0,0.0,0.0,0.0,0.0,0.0,0.0,0.0,0.0,0.0,0.0,0.0,0.0,0.0,0.0,0.0,0.0,0.0,0.0,0.0,0.0,0.0,0.0,0.0,0.0,0.0,0.0,0.0,0.0,0.0,0.0,0.0,0.0,0.0,0.0,0.0,0.0,0.0,0.0,0.0,0.0,0.0,0.0,0.0,0.0,0.0,0.0,0
0.0,0.0,0.0,0.0,0.0,0.0,0.0,0.0,0.0,0.0,0.0,0.0,0.0,0.0,0.0,0.0,0.0,0.0,0.0,0.0,0.0,0.0,0.0,0.0,0.0,0.0,0.0,0.0,0.0,0.0,0.0,0.0,0.0,0.0,0.0,0.0,0.0,0.0,0.0,0.0,0.0,0.0,0.0,0.0,0.0,0.0,0.0,0.0,0.0,0.0,0.0,0.0,0.0,0.0,0.0,0.0,0.0,0.0,0.0,0.0,0.0,0.0,0.0,0.0,0.0,0.0,0
0.0,0.0,0.0,0.0,0.0,0.0,0.0,0.0,0.0,0.0,0.0,0.0,0.0,0.0,0.0,0.0,0.0,0.0,0.0,0.0,0.0,0.0,0.0,0.0,0.0,0.0,0.0,0.0,0.0,0.0,0.0,0.0,0.0,0.0,0.0,0.0,0.0,0.0,0.0,0.0,0.0,0.0,0.0,0.0,0.0,0.0,0.0,0.0,0.0,0.0,0.0,0.0,0.0,0.0,0.0,0.0,0.0,0.0,0.0,0.0,0.0,0.0,0.0,0.0,0.0,0.0,0
0.0,0.0,0.0,0.0,0.0,0.0,0.0,0.0,0.0,0.0,0.0,0.0,0.0,0.0,0.0,0.0,0.0,0.0,0.0,0.0,0.0,0.0,0.0,0.0,0.0,0.0,0.0,0.0,0.0,0.0,0.0,0.0,0.0,0.0,0.0,0.0,0.0,0.0,0.0,0.0,0.0,0.0,0.0,0.0,0.0,0.0,0.0,0.0,0.0,0.0,0.0,0.0,0.0,0.0,0.0,0.0,0.0,0.0,0.0,0.0,0.0,0.0,0.0,0.0,0.0,0.0,0
0.0,0.0,0.0,0.0,0.0,0.0,0.0,0.0,0.0,0.0,0.0,0.0,0.0,0.0,0.0,0.0,0.0,0.0,0.0,0.0,0.0,0.0,0.0,0.0,0.0,0.0,0.0,0.0,0.0,0.0,0.0,0.0,0.0,0.0,0.0,0.0,0.0,0.0,0.0,0.0,0.0,0.0,0.0,0.0,0.0,0.0,0.0,0.0,0.0,0.0,0.0,0.0,0.0,0.0,0.0,0.0,0.0,0.0,0.0,0.0,0.0,0.0,0.0,0.0,0.0,0.0,0
0.0,0.0,0.0,0.0,0.0,0.0,0.0,0.0,0.0,0.0,0.0,0.0,0.0,0.0,0.0,0.0,0.0,0.0,0.0,0.0,0.0,0.0,0.0,0.0,0.0,0.0,0.0,0.0,0.0,0.0,0.0,0.0,0.0,0.0,0.0,0.0,0.0,0.0,0.0,0.0,0.0,0.0,0.0,0.0,0.0,0.0,0.0,0.0,0.0,0.0,0.0,0.0,0.0,0.0,0.0,0.0,0.0,0.0,0.0,0.0,0.0,0.0,0.0,0.0,0.0,0.0,0
0.0,0.0,0.0,0.0,0.0,0.0,0.0,0.0,0.0,0.0,0.0,0.0,0.0,0.0,0.0,0.0,0.0,0.0,0.0,0.0,0.0,0.0,0.0,0.0,0.0,0.0,0.0,0.0,0.0,0.0,0.0,0.0,0.0,0.0,0.0,0.0,0.0,0.0,0.0,0.0,0.0,0.0,0.0,0.0,0.0,0.0,0.0,0.0,0.0,0.0,0.0,0.0,0.0,0.0,0.0,0.0,0.0,0.0,0.0,0.0,0.0,0.0,0.0,0.0,0.0,0.0,0
0.0,0.0,0.0,0.0,0.0,0.0,0.0,0.0,0.0,0.0,0.0,0.0,0.0,0.0,0.0,0.0,0.0,0.0,0.0,0.0,0.0,0.0,0.0,0.0,0.0,0.0,0.0,0.0,0.0,0.0,0.0,0.0,0.0,0.0,0.0,0.0,0.0,0.0,0.0,0.0,0.0,0.0,0.0,0.0,0.0,0.0,0.0,0.0,0.0,0.0,0.0,0.0,0.0,0.0,0.0,0.0,0.0,0.0,0.0,0.0,0.0,0.0,0.0,0.0,0.0,0.0,0
0.0,0.0,0.0,0.0,0.0,0.0,0.0,0.0,0.0,0.0,0.0,0.0,0.0,0.0,0.0,0.0,0.0,0.0,0.0,0.0,0.0,0.0,0.0,0.0,0.0,0.0,0.0,0.0,0.0,0.0,0.0,0.0,0.0,0.0,0.0,0.0,0.0,0.0,0.0,0.0,0.0,0.0,0.0,0.0,0.0,0.0,0.0,0.0,0.0,0.0,0.0,0.0,0.0,0.0,0.0,0.0,0.0,0.0,0.0,0.0,0.0,0.0,0.0,0.0,0.0,0.0,0
0.0,0.0,0.0,0.0,0.0,0.0,0.0,0.0,0.0,0.0,0.0,0.0,0.0,0.0,0.0,0.0,0.0,0.0,0.0,0.0,0.0,0.0,0.0,0.0,0.0,0.0,0.0,0.0,0.0,0.0,0.0,0.0,0.0,0.0,0.0,0.0,0.0,0.0,0.0,0.0,0.0,0.0,0.0,0.0,0.0,0.0,0.0,0.0,0.0,0.0,0.0,0.0,0.0,0.0,0.0,0.0,0.0,0.0,0.0,0.0,0.0,0.0,0.0,0.0,0.0,0.0,0
0.0,0.0,0.0,0.0,0.0,0.0,0.0,0.0,0.0,0.0,0.0,0.0,0.0,0.0,0.0,0.0,0.0,0.0,0.0,0.0,0.0,0.0,0.0,0.0,0.0,0.0,0.0,0.0,0.0,0.0,0.0,0.0,0.0,0.0,0.0,0.0,0.0,0.0,0.0,0.0,0.0,0.0,0.0,0.0,0.0,0.0,0.0,0.0,0.0,0.0,0.0,0.0,0.0,0.0,0.0,0.0,0.0,0.0,0.0,0.0,0.0,0.0,0.0,0.0,0.0,0.0,0
0.0,0.0,0.0,0.0,0.0,0.0,0.0,0.0,0.0,0.0,0.0,0.0,0.0,0.0,0.0,0.0,0.0,0.0,0.0,0.0,0.0,0.0,0.0,0.0,0.0,0.0,0.0,0.0,0.0,0.0,0.0,0.0,0.0,0.0,0.0,0.0,0.0,0.0,0.0,0.0,0.0,0.0,0.0,0.0,0.0,0.0,0.0,0.0,0.0,0.0,0.0,0.0,0.0,0.0,0.0,0.0,0.0,0.0,0.0,0.0,0.0,0.0,0.0,0.0,0.0,0.0,0
0.0,0.0,0.0,0.0,0.0,0.0,0.0,0.0,0.0,0.0,0.0,0.0,0.0,0.0,0.0,0.0,0.0,0.0,0.0,0.0,0.0,0.0,0.0,0.0,0.0,0.0,0.0,0.0,0.0,0.0,0.0,0.0,0.0,0.0,0.0,0.0,0.0,0.0,0.0,0.0,0.0,0.0,0.0,0.0,0.0,0.0,0.0,0.0,0.0,0.0,0.0,0.0,0.0,0.0,0.0,0.0,0.0,0.0,0.0,0.0,0.0,0.0,0.0,0.0,0.0,0.0,0
0.0,0.0,0.0,0.0,0.0,0.0,0.0,0.0,0.0,0.0,0.0,0.0,0.0,0.0,0.0,0.0,0.0,0.0,0.0,0.0,0.0,0.0,0.0,0.0,0.0,0.0,0.0,0.0,0.0,0.0,0.0,0.0,0.0,0.0,0.0,0.0,0.0,0.0,0.0,0.0,0.0,0.0,0.0,0.0,0.0,0.0,0.0,0.0,0.0,0.0,0.0,0.0,0.0,0.0,0.0,0.0,0.0,0.0,0.0,0.0,0.0,0.0,0.0,0.0,0.0,0.0,0
0.0,0.0,0.0,0.0,0.0,0.0,0.0,0.0,0.0,0.0,0.0,0.0,0.0,0.0,0.0,0.0,0.0,0.0,0.0,0.0,0.0,0.0,0.0,0.0,0.0,0.0,0.0,0.0,0.0,0.0,0.0,0.0,0.0,0.0,0.0,0.0,0.0,0.0,0.0,0.0,0.0,0.0,0.0,0.0,0.0,0.0,0.0,0.0,0.0,0.0,0.0,0.0,0.0,0.0,0.0,0.0,0.0,0.0,0.0,0.0,0.0,0.0,0.0,0.0,0.0,0.0,0
0.0,0.0,0.0,0.0,0.0,0.0,0.0,0.0,0.0,0.0,0.0,0.0,0.0,0.0,0.0,0.0,0.0,0.0,0.0,0.0,0.0,0.0,0.0,0.0,0.0,0.0,0.0,0.0,0.0,0.0,0.0,0.0,0.0,0.0,0.0,0.0,0.0,0.0,0.0,0.0,0.0,0.0,0.0,0.0,0.0,0.0,0.0,0.0,0.0,0.0,0.0,0.0,0.0,0.0,0.0,0.0,0.0,0.0,0.0,0.0,0.0,0.0,0.0,0.0,0.0,0.0,0
0.0,0.0,0.0,0.0,0.0,0.0,0.0,0.0,0.0,0.0,0.0,0.0,0.0,0.0,0.0,0.0,0.0,0.0,0.0,0.0,0.0,0.0,0.0,0.0,0.0,0.0,0.0,0.0,0.0,0.0,0.0,0.0,0.0,0.0,0.0,0.0,0.0,0.0,0.0,0.0,0.0,0.0,0.0,0.0,0.0,0.0,0.0,0.0,0.0,0.0,0.0,0.0,0.0,0.0,0.0,0.0,0.0,0.0,0.0,0.0,0.0,0.0,0.0,0.0,0.0,0.0,0
0.0,0.0,0.0,0.0,0.0,0.0,0.0,0.0,0.0,0.0,0.0,0.0,0.0,0.0,0.0,0.0,0.0,0.0,0.0,0.0,0.0,0.0,0.0,0.0,0.0,0.0,0.0,0.0,0.0,0.0,0.0,0.0,0.0,0.0,0.0,0.0,0.0,0.0,0.0,0.0,0.0,0.0,0.0,0.0,0.0,0.0,0.0,0.0,0.0,0.0,0.0,0.0,0.0,0.0,0.0,0.0,0.0,0.0,0.0,0.0,0.0,0.0,0.0,0.0,0.0,0.0,0
0.0,0.0,0.0,0.0,0.0,0.0,0.0,0.0,0.0,0.0,0.0,0.0,0.0,0.0,0.0,0.0,0.0,0.0,0.0,0.0,0.0,0.0,0.0,0.0,0.0,0.0,0.0,0.0,0.0,0.0,0.0,0.0,0.0,0.0,0.0,0.0,0.0,0.0,0.0,0.0,0.0,0.0,0.0,0.0,0.0,0.0,0.0,0.0,0.0,0.0,0.0,0.0,0.0,0.0,0.0,0.0,0.0,0.0,0.0,0.0,0.0,0.0,0.0,0.0,0.0,0.0,0
0.0,0.0,0.0,0.0,0.0,0.0,0.0,0.0,0.0,0.0,0.0,0.0,0.0,0.0,0.0,0.0,0.0,0.0,0.0,0.0,0.0,0.0,0.0,0.0,0.0,0.0,0.0,0.0,0.0,0.0,0.0,0.0,0.0,0.0,0.0,0.0,0.0,0.0,0.0,0.0,0.0,0.0,0.0,0.0,0.0,0.0,0.0,0.0,0.0,0.0,0.0,0.0,0.0,0.0,0.0,0.0,0.0,0.0,0.0,0.0,0.0,0.0,0.0,0.0,0.0,0.0,0
0.0,0.0,0.0,0.0,0.0,0.0,0.0,0.0,0.0,0.0,0.0,0.0,0.0,0.0,0.0,0.0,0.0,0.0,0.0,0.0,0.0,0.0,0.0,0.0,0.0,0.0,0.0,0.0,0.0,0.0,0.0,0.0,0.0,0.0,0.0,0.0,0.0,0.0,0.0,0.0,0.0,0.0,0.0,0.0,0.0,0.0,0.0,0.0,0.0,0.0,0.0,0.0,0.0,0.0,0.0,0.0,0.0,0.0,0.0,0.0,0.0,0.0,0.0,0.0,0.0,0.0,0
0.0,0.0,0.0,0.0,0.0,0.0,0.0,0.0,0.0,0.0,0.0,0.0,0.0,0.0,0.0,0.0,0.0,0.0,0.0,0.0,0.0,0.0,0.0,0.0,0.0,0.0,0.0,0.0,0.0,0.0,0.0,0.0,0.0,0.0,0.0,0.0,0.0,0.0,0.0,0.0,0.0,0.0,0.0,0.0,0.0,0.0,0.0,0.0,0.0,0.0,0.0,0.0,0.0,0.0,0.0,0.0,0.0,0.0,0.0,0.0,0.0,0.0,0.0,0.0,0.0,0.0,0
0.0,0.0,0.0,0.0,0.0,0.0,0.0,0.0,0.0,0.0,0.0,0.0,0.0,0.0,0.0,0.0,0.0,0.0,0.0,0.0,0.0,0.0,0.0,0.0,0.0,0.0,0.0,0.0,0.0,0.0,0.0,0.0,0.0,0.0,0.0,0.0,0.0,0.0,0.0,0.0,0.0,0.0,0.0,0.0,0.0,0.0,0.0,0.0,0.0,0.0,0.0,0.0,0.0,0.0,0.0,0.0,0.0,0.0,0.0,0.0,0.0,0.0,0.0,0.0,0.0,0.0,0
0.0,0.0,0.0,0.0,0.0,0.0,0.0,0.0,0.0,0.0,0.0,0.0,0.0,0.0,0.0,0.0,0.0,0.0,0.0,0.0,0.0,0.0,0.0,0.0,0.0,0.0,0.0,0.0,0.0,0.0,0.0,0.0,0.0,0.0,0.0,0.0,0.0,0.0,0.0,0.0,0.0,0.0,0.0,0.0,0.0,0.0,0.0,0.0,0.0,0.0,0.0,0.0,0.0,0.0,0.0,0.0,0.0,0.0,0.0,0.0,0.0,0.0,0.0,0.0,0.0,0.0,0
0.0,0.0,0.0,0.0,0.0,0.0,0.0,0.0,0.0,0.0,0.0,0.0,0.0,0.0,0.0,0.0,0.0,0.0,0.0,0.0,0.0,0.0,0.0,0.0,0.0,0.0,0.0,0.0,0.0,0.0,0.0,0.0,0.0,0.0,0.0,0.0,0.0,0.0,0.0,0.0,0.0,0.0,0.0,0.0,0.0,0.0,0.0,0.0,0.0,0.0,0.0,0.0,0.0,0.0,0.0,0.0,0.0,0.0,0.0,0.0,0.0,0.0,0.0,0.0,0.0,0.0,0
0.0,0.0,0.0,0.0,0.0,0.0,0.0,0.0,0.0,0.0,0.0,0.0,0.0,0.0,0.0,0.0,0.0,0.0,0.0,0.0,0.0,0.0,0.0,0.0,0.0,0.0,0.0,0.0,0.0,0.0,0.0,0.0,0.0,0.0,0.0,0.0,0.0,0.0,0.0,0.0,0.0,0.0,0.0,0.0,0.0,0.0,0.0,0.0,0.0,0.0,0.0,0.0,0.0,0.0,0.0,0.0,0.0,0.0,0.0,0.0,0.0,0.0,0.0,0.0,0.0,0.0,0
0.0,0.0,0.0,0.0,0.0,0.0,0.0,0.0,0.0,0.0,0.0,0.0,0.0,0.0,0.0,0.0,0.0,0.0,0.0,0.0,0.0,0.0,0.0,0.0,0.0,0.0,0.0,0.0,0.0,0.0,0.0,0.0,0.0,0.0,0.0,0.0,0.0,0.0,0.0,0.0,0.0,0.0,0.0,0.0,0.0,0.0,0.0,0.0,0.0,0.0,0.0,0.0,0.0,0.0,0.0,0.0,0.0,0.0,0.0,0.0,0.0,0.0,0.0,0.0,0.0,0.0,0
0.0,0.0,0.0,0.0,0.0,0.0,0.0,0.0,0.0,0.0,0.0,0.0,0.0,0.0,0.0,0.0,0.0,0.0,0.0,0.0,0.0,0.0,0.0,0.0,0.0,0.0,0.0,0.0,0.0,0.0,0.0,0.0,0.0,0.0,0.0,0.0,0.0,0.0,0.0,0.0,0.0,0.0,0.0,0.0,0.0,0.0,0.0,0.0,0.0,0.0,0.0,0.0,0.0,0.0,0.0,0.0,0.0,0.0,0.0,0.0,0.0,0.0,0.0,0.0,0.0,0.0,0
0.0,0.0,0.0,0.0,0.0,0.0,0.0,0.0,0.0,0.0,0.0,0.0,0.0,0.0,0.0,0.0,0.0,0.0,0.0,0.0,0.0,0.0,0.0,0.0,0.0,0.0,0.0,0.0,0.0,0.0,0.0,0.0,0.0,0.0,0.0,0.0,0.0,0.0,0.0,0.0,0.0,0.0,0.0,0.0,0.0,0.0,0.0,0.0,0.0,0.0,0.0,0.0,0.0,0.0,0.0,0.0,0.0,0.0,0.0,0.0,0.0,0.0,0.0,0.0,0.0,0.0,0
0.0,0.0,0.0,0.0,0.0,0.0,0.0,0.0,0.0,0.0,0.0,0.0,0.0,0.0,0.0,0.0,0.0,0.0,0.0,0.0,0.0,0.0,0.0,0.0,0.0,0.0,0.0,0.0,0.0,0.0,0.0,0.0,0.0,0.0,0.0,0.0,0.0,0.0,0.0,0.0,0.0,0.0,0.0,0.0,0.0,0.0,0.0,0.0,0.0,0.0,0.0,0.0,0.0,0.0,0.0,0.0,0.0,0.0,0.0,0.0,0.0,0.0,0.0,0.0,0.0,0.0,0
0.0,0.0,0.0,0.0,0.0,0.0,0.0,0.0,0.0,0.0,0.0,0.0,0.0,0.0,0.0,0.0,0.0,0.0,0.0,0.0,0.0,0.0,0.0,0.0,0.0,0.0,0.0,0.0,0.0,0.0,0.0,0.0,0.0,0.0,0.0,0.0,0.0,0.0,0.0,0.0,0.0,0.0,0.0,0.0,0.0,0.0,0.0,0.0,0.0,0.0,0.0,0.0,0.0,0.0,0.0,0.0,0.0,0.0,0.0,0.0,0.0,0.0,0.0,0.0,0.0,0.0,0
0.0,0.0,0.0,0.0,0.0,0.0,0.0,0.0,0.0,0.0,0.0,0.0,0.0,0.0,0.0,0.0,0.0,0.0,0.0,0.0,0.0,0.0,0.0,0.0,0.0,0.0,0.0,0.0,0.0,0.0,0.0,0.0,0.0,0.0,0.0,0.0,0.0,0.0,0.0,0.0,0.0,0.0,0.0,0.0,0.0,0.0,0.0,0.0,0.0,0.0,0.0,0.0,0.0,0.0,0.0,0.0,0.0,0.0,0.0,0.0,0.0,0.0,0.0,0.0,0.0,0.0,0
0.0,0.0,0.0,0.0,0.0,0.0,0.0,0.0,0.0,0.0,0.0,0.0,0.0,0.0,0.0,0.0,0.0,0.0,0.0,0.0,0.0,0.0,0.0,0.0,0.0,0.0,0.0,0.0,0.0,0.0,0.0,0.0,0.0,0.0,0.0,0.0,0.0,0.0,0.0,0.0,0.0,0.0,0.0,0.0,0.0,0.0,0.0,0.0,0.0,0.0,0.0,0.0,0.0,0.0,0.0,0.0,0.0,0.0,0.0,0.0,0.0,0.0,0.0,0.0,0.0,0.0,0
0.0,0.0,0.0,0.0,0.0,0.0,0.0,0.0,0.0,0.0,0.0,0.0,0.0,0.0,0.0,0.0,0.0,0.0,0.0,0.0,0.0,0.0,0.0,0.0,0.0,0.0,0.0,0.0,0.0,0.0,0.0,0.0,0.0,0.0,0.0,0.0,0.0,0.0,0.0,0.0,0.0,0.0,0.0,0.0,0.0,0.0,0.0,0.0,0.0,0.0,0.0,0.0,0.0,0.0,0.0,0.0,0.0,0.0,0.0,0.0,0.0,0.0,0.0,0.0,0.0,0.0,0
0.0,0.0,0.0,0.0,0.0,0.0,0.0,0.0,0.0,0.0,0.0,0.0,0.0,0.0,0.0,0.0,0.0,0.0,0.0,0.0,0.0,0.0,0.0,0.0,0.0,0.0,0.0,0.0,0.0,0.0,0.0,0.0,0.0,0.0,0.0,0.0,0.0,0.0,0.0,0.0,0.0,0.0,0.0,0.0,0.0,0.0,0.0,0.0,0.0,0.0,0.0,0.0,0.0,0.0,0.0,0.0,0.0,0.0,0.0,0.0,0.0,0.0,0.0,0.0,0.0,0.0,0
0.0,0.0,0.0,0.0,0.0,0.0,0.0,0.0,0.0,0.0,0.0,0.0,0.0,0.0,0.0,0.0,0.0,0.0,0.0,0.0,0.0,0.0,0.0,0.0,0.0,0.0,0.0,0.0,0.0,0.0,0.0,0.0,0.0,0.0,0.0,0.0,0.0,0.0,0.0,0.0,0.0,0.0,0.0,0.0,0.0,0.0,0.0,0.0,0.0,0.0,0.0,0.0,0.0,0.0,0.0,0.0,0.0,0.0,0.0,0.0,0.0,0.0,0.0,0.0,0.0,0.0,0
0.0,0.0,0.0,0.0,0.0,0.0,0.0,0.0,0.0,0.0,0.0,0.0,0.0,0.0,0.0,0.0,0.0,0.0,0.0,0.0,0.0,0.0,0.0,0.0,0.0,0.0,0.0,0.0,0.0,0.0,0.0,0.0,0.0,0.0,0.0,0.0,0.0,0.0,0.0,0.0,0.0,0.0,0.0,0.0,0.0,0.0,0.0,0.0,0.0,0.0,0.0,0.0,0.0,0.0,0.0,0.0,0.0,0.0,0.0,0.0,0.0,0.0,0.0,0.0,0.0,0.0,0
0.0,0.0,0.0,0.0,0.0,0.0,0.0,0.0,0.0,0.0,0.0,0.0,0.0,0.0,0.0,0.0,0.0,0.0,0.0,0.0,0.0,0.0,0.0,0.0,0.0,0.0,0.0,0.0,0.0,0.0,0.0,0.0,0.0,0.0,0.0,0.0,0.0,0.0,0.0,0.0,0.0,0.0,0.0,0.0,0.0,0.0,0.0,0.0,0.0,0.0,0.0,0.0,0.0,0.0,0.0,0.0,0.0,0.0,0.0,0.0,0.0,0.0,0.0,0.0,0.0,0.0,0
0.0,0.0,0.0,0.0,0.0,0.0,0.0,0.0,0.0,0.0,0.0,0.0,0.0,0.0,0.0,0.0,0.0,0.0,0.0,0.0,0.0,0.0,0.0,0.0,0.0,0.0,0.0,0.0,0.0,0.0,0.0,0.0,0.0,0.0,0.0,0.0,0.0,0.0,0.0,0.0,0.0,0.0,0.0,0.0,0.0,0.0,0.0,0.0,0.0,0.0,0.0,0.0,0.0,0.0,0.0,0.0,0.0,0.0,0.0,0.0,0.0,0.0,0.0,0.0,0.0,0.0,0
0.0,0.0,0.0,0.0,0.0,0.0,0.0,0.0,0.0,0.0,0.0,0.0,0.0,0.0,0.0,0.0,0.0,0.0,0.0,0.0,0.0,0.0,0.0,0.0,0.0,0.0,0.0,0.0,0.0,0.0,0.0,0.0,0.0,0.0,0.0,0.0,0.0,0.0,0.0,0.0,0.0,0.0,0.0,0.0,0.0,0.0,0.0,0.0,0.0,0.0,0.0,0.0,0.0,0.0,0.0,0.0,0.0,0.0,0.0,0.0,0.0,0.0,0.0,0.0,0.0,0.0,0
0.0,0.0,0.0,0.0,0.0,0.0,0.0,0.0,0.0,0.0,0.0,0.0,0.0,0.0,0.0,0.0,0.0,0.0,0.0,0.0,0.0,0.0,0.0,0.0,0.0,0.0,0.0,0.0,0.0,0.0,0.0,0.0,0.0,0.0,0.0,0.0,0.0,0.0,0.0,0.0,0.0,0.0,0.0,0.0,0.0,0.0,0.0,0.0,0.0,0.0,0.0,0.0,0.0,0.0,0.0,0.0,0.0,0.0,0.0,0.0,0.0,0.0,0.0,0.0,0.0,0.0,0
0.0,0.0,0.0,0.0,0.0,0.0,0.0,0.0,0.0,0.0,0.0,0.0,0.0,0.0,0.0,0.0,0.0,0.0,0.0,0.0,0.0,0.0,0.0,0.0,0.0,0.0,0.0,0.0,0.0,0.0,0.0,0.0,0.0,0.0,0.0,0.0,0.0,0.0,0.0,0.0,0.0,0.0,0.0,0.0,0.0,0.0,0.0,0.0,0.0,0.0,0.0,0.0,0.0,0.0,0.0,0.0,0.0,0.0,0.0,0.0,0.0,0.0,0.0,0.0,0.0,0.0,0
0.0,0.0,0.0,0.0,0.0,0.0,0.0,0.0,0.0,0.0,0.0,0.0,0.0,0.0,0.0,0.0,0.0,0.0,0.0,0.0,0.0,0.0,0.0,0.0,0.0,0.0,0.0,0.0,0.0,0.0,0.0,0.0,0.0,0.0,0.0,0.0,0.0,0.0,0.0,0.0,0.0,0.0,0.0,0.0,0.0,0.0,0.0,0.0,0.0,0.0,0.0,0.0,0.0,0.0,0.0,0.0,0.0,0.0,0.0,0.0,0.0,0.0,0.0,0.0,0.0,0.0,0
0.0,0.0,0.0,0.0,0.0,0.0,0.0,0.0,0.0,0.0,0.0,0.0,0.0,0.0,0.0,0.0,0.0,0.0,0.0,0.0,0.0,0.0,0.0,0.0,0.0,0.0,0.0,0.0,0.0,0.0,0.0,0.0,0.0,0.0,0.0,0.0,0.0,0.0,0.0,0.0,0.0,0.0,0.0,0.0,0.0,0.0,0.0,0.0,0.0,0.0,0.0,0.0,0.0,0.0,0.0,0.0,0.0,0.0,0.0,0.0,0.0,0.0,0.0,0.0,0.0,0.0,0
0.0,0.0,0.0,0.0,0.0,0.0,0.0,0.0,0.0,0.0,0.0,0.0,0.0,0.0,0.0,0.0,0.0,0.0,0.0,0.0,0.0,0.0,0.0,0.0,0.0,0.0,0.0,0.0,0.0,0.0,0.0,0.0,0.0,0.0,0.0,0.0,0.0,0.0,0.0,0.0,0.0,0.0,0.0,0.0,0.0,0.0,0.0,0.0,0.0,0.0,0.0,0.0,0.0,0.0,0.0,0.0,0.0,0.0,0.0,0.0,0.0,0.0,0.0,0.0,0.0,0.0,0
0.0,0.0,0.0,0.0,0.0,0.0,0.0,0.0,0.0,0.0,0.0,0.0,0.0,0.0,0.0,0.0,0.0,0.0,0.0,0.0,0.0,0.0,0.0,0.0,0.0,0.0,0.0,0.0,0.0,0.0,0.0,0.0,0.0,0.0,0.0,0.0,0.0,0.0,0.0,0.0,0.0,0.0,0.0,0.0,0.0,0.0,0.0,0.0,0.0,0.0,0.0,0.0,0.0,0.0,0.0,0.0,0.0,0.0,0.0,0.0,0.0,0.0,0.0,0.0,0.0,0.0,0
0.0,0.0,0.0,0.0,0.0,0.0,0.0,0.0,0.0,0.0,0.0,0.0,0.0,0.0,0.0,0.0,0.0,0.0,0.0,0.0,0.0,0.0,0.0,0.0,0.0,0.0,0.0,0.0,0.0,0.0,0.0,0.0,0.0,0.0,0.0,0.0,0.0,0.0,0.0,0.0,0.0,0.0,0.0,0.0,0.0,0.0,0.0,0.0,0.0,0.0,0.0,0.0,0.0,0.0,0.0,0.0,0.0,0.0,0.0,0.0,0.0,0.0,0.0,0.0,0.0,0.0,0
0.0,0.0,0.0,0.0,0.0,0.0,0.0,0.0,0.0,0.0,0.0,0.0,0.0,0.0,0.0,0.0,0.0,0.0,0.0,0.0,0.0,0.0,0.0,0.0,0.0,0.0,0.0,0.0,0.0,0.0,0.0,0.0,0.0,0.0,0.0,0.0,0.0,0.0,0.0,0.0,0.0,0.0,0.0,0.0,0.0,0.0,0.0,0.0,0.0,0.0,0.0,0.0,0.0,0.0,0.0,0.0,0.0,0.0,0.0,0.0,0.0,0.0,0.0,0.0,0.0,0.0,0
0.0,0.0,0.0,0.0,0.0,0.0,0.0,0.0,0.0,0.0,0.0,0.0,0.0,0.0,0.0,0.0,0.0,0.0,0.0,0.0,0.0,0.0,0.0,0.0,0.0,0.0,0.0,0.0,0.0,0.0,0.0,0.0,0.0,0.0,0.0,0.0,0.0,0.0,0.0,0.0,0.0,0.0,0.0,0.0,0.0,0.0,0.0,0.0,0.0,0.0,0.0,0.0,0.0,0.0,0.0,0.0,0.0,0.0,0.0,0.0,0.0,0.0,0.0,0.0,0.0,0.0,0
0.0,0.0,0.0,0.0,0.0,0.0,0.0,0.0,0.0,0.0,0.0,0.0,0.0,0.0,0.0,0.0,0.0,0.0,0.0,0.0,0.0,0.0,0.0,0.0,0.0,0.0,0.0,0.0,0.0,0.0,0.0,0.0,0.0,0.0,0.0,0.0,0.0,0.0,0.0,0.0,0.0,0.0,0.0,0.0,0.0,0.0,0.0,0.0,0.0,0.0,0.0,0.0,0.0,0.0,0.0,0.0,0.0,0.0,0.0,0.0,0.0,0.0,0.0,0.0,0.0,0.0,0
0.0,0.0,0.0,0.0,0.0,0.0,0.0,0.0,0.0,0.0,0.0,0.0,0.0,0.0,0.0,0.0,0.0,0.0,0.0,0.0,0.0,0.0,0.0,0.0,0.0,0.0,0.0,0.0,0.0,0.0,0.0,0.0,0.0,0.0,0.0,0.0,0.0,0.0,0.0,0.0,0.0,0.0,0.0,0.0,0.0,0.0,0.0,0.0,0.0,0.0,0.0,0.0,0.0,0.0,0.0,0.0,0.0,0.0,0.0,0.0,0.0,0.0,0.0,0.0,0.0,0.0,0
0.0,0.0,0.0,0.0,0.0,0.0,0.0,0.0,0.0,0.0,0.0,0.0,0.0,0.0,0.0,0.0,0.0,0.0,0.0,0.0,0.0,0.0,0.0,0.0,0.0,0.0,0.0,0.0,0.0,0.0,0.0,0.0,0.0,0.0,0.0,0.0,0.0,0.0,0.0,0.0,0.0,0.0,0.0,0.0,0.0,0.0,0.0,0.0,0.0,0.0,0.0,0.0,0.0,0.0,0.0,0.0,0.0,0.0,0.0,0.0,0.0,0.0,0.0,0.0,0.0,0.0,0
0.0,0.0,0.0,0.0,0.0,0.0,0.0,0.0,0.0,0.0,0.0,0.0,0.0,0.0,0.0,0.0,0.0,0.0,0.0,0.0,0.0,0.0,0.0,0.0,0.0,0.0,0.0,0.0,0.0,0.0,0.0,0.0,0.0,0.0,0.0,0.0,0.0,0.0,0.0,0.0,0.0,0.0,0.0,0.0,0.0,0.0,0.0,0.0,0.0,0.0,0.0,0.0,0.0,0.0,0.0,0.0,0.0,0.0,0.0,0.0,0.0,0.0,0.0,0.0,0.0,0.0,0
0.6151077151298523,0.26516014337539673,0.6163461804389954,0.24747058749198914,0.6181204915046692,0.24502676725387573,0.6198279857635498,0.24250108003616333,0.6110239028930664,0.2531106173992157,0.6094273328781128,0.2542289197444916,0.6078251600265503,0.2550159990787506,0.6229307651519775,0.24108284711837769,0.6072666645050049,0.2559756338596344,0.620609700679779,0.2732199728488922,0.6140537858009338,0.2769753336906433,0.6471260190010071,0.2983894348144531,0.6008874177932739,0.3171420693397522,0.6647449731826782,0.3906387388706207,0.5940700769424438,0.40329867601394653,0.664281964302063,0.4851935803890228,0.5992413759231567,0.47755661606788635,0.6657174229621887,0.5126166939735413,0.5988050699234009,0.5013729929924011,0.6615526080131531,0.5100791454315186,0.6026007533073425,0.4989512860774994,0.6601418852806091,0.5002493858337402,0.6035947799682617,0.4884242117404938,0.6437597870826721,0.49206581711769104,0.6177013516426086,0.49840548634529114,0.6440200209617615,0.6215254664421082,0.6173570156097412,0.614737868309021,0.6424449682235718,0.7034688591957092,0.6288123726844788,0.7188310623168945,0.6423556804656982,0.7118467688560486,0.6312999725341797,0.7321568131446838,0.642706573009491,0.7505502700805664,0.6213541626930237,0.7654102444648743,0
0.6116482019424438,0.2706359624862671,0.6137489080429077,0.2541574537754059,0.6164085268974304,0.2517120838165283,0.618704617023468,0.24932503700256348,0.6080434918403625,0.2592208981513977,0.606452465057373,0.259944349527359,0.6051944494247437,0.26032739877700806,0.6225581169128418,0.2465001940727234,0.6037101745605469,0.26231032609939575,0.6175577640533447,0.28131213784217834,0.6104923486709595,0.2843790054321289,0.6453653573989868,0.30959513783454895,0.5992146134376526,0.3230319619178772,0.6605951189994812,0.4012407958507538,0.5934373736381531,0.40201494097709656,0.660559892654419,0.4902217984199524,0.6011715531349182,0.46815022826194763,0.6629706025123596,0.5134744048118591,0.6013730764389038,0.488845556974411,0.6587632894515991,0.5120052695274353,0.6048535108566284,0.48820215463638306,0.6568734645843506,0.5038092136383057,0.6059841513633728,0.47995516657829285,0.6404435038566589,0.478054016828537,0.6149548292160034,0.48057883977890015,0.6419211030006409,0.6111773252487183,0.6160573959350586,0.6087683439254761,0.645449697971344,0.708906888961792,0.6211967468261719,0.7030222415924072,0.6451290845870972,0.7219958305358887,0.6242148876190186,0.714458703994751,0.6470777988433838,0.7405363321304321,0.6188555955886841,0.7512186765670776,0
0.0,0.0,0.0,0.0,0.0,0.0,0.0,0.0,0.0,0.0,0.0,0.0,0.0,0.0,0.0,0.0,0.0,0.0,0.0,0.0,0.0,0.0,0.0,0.0,0.0,0.0,0.0,0.0,0.0,0.0,0.0,0.0,0.0,0.0,0.0,0.0,0.0,0.0,0.0,0.0,0.0,0.0,0.0,0.0,0.0,0.0,0.0,0.0,0.0,0.0,0.0,0.0,0.0,0.0,0.0,0.0,0.0,0.0,0.0,0.0,0.0,0.0,0.0,0.0,0.0,0.0,0
0.0,0.0,0.0,0.0,0.0,0.0,0.0,0.0,0.0,0.0,0.0,0.0,0.0,0.0,0.0,0.0,0.0,0.0,0.0,0.0,0.0,0.0,0.0,0.0,0.0,0.0,0.0,0.0,0.0,0.0,0.0,0.0,0.0,0.0,0.0,0.0,0.0,0.0,0.0,0.0,0.0,0.0,0.0,0.0,0.0,0.0,0.0,0.0,0.0,0.0,0.0,0.0,0.0,0.0,0.0,0.0,0.0,0.0,0.0,0.0,0.0,0.0,0.0,0.0,0.0,0.0,0
0.0,0.0,0.0,0.0,0.0,0.0,0.0,0.0,0.0,0.0,0.0,0.0,0.0,0.0,0.0,0.0,0.0,0.0,0.0,0.0,0.0,0.0,0.0,0.0,0.0,0.0,0.0,0.0,0.0,0.0,0.0,0.0,0.0,0.0,0.0,0.0,0.0,0.0,0.0,0.0,0.0,0.0,0.0,0.0,0.0,0.0,0.0,0.0,0.0,0.0,0.0,0.0,0.0,0.0,0.0,0.0,0.0,0.0,0.0,0.0,0.0,0.0,0.0,0.0,0.0,0.0,0
0.6077114343643188,0.290141761302948,0.609187662601471,0.27309876680374146,0.6112065315246582,0.2705332636833191,0.613104522228241,0.26779085397720337,0.6035700440406799,0.2782050669193268,0.6020734906196594,0.27904826402664185,0.6007798314094543,0.27964767813682556,0.6173718571662903,0.2622908055782318,0.5994874835014343,0.2803182005882263,0.6134223937988281,0.2986760437488556,0.606998860836029,0.30167967081069946,0.6429045796394348,0.3209090828895569,0.5948888063430786,0.33235108852386475,0.6583439111709595,0.412570595741272,0.5869908928871155,0.4178791642189026,0.658690333366394,0.4997568726539612,0.5960454940795898,0.4868801236152649,0.65968918800354,0.5230910778045654,0.5967187285423279,0.5051392912864685,0.6558815836906433,0.521922767162323,0.6006332039833069,0.5033599138259888,0.6543397307395935,0.5146917700767517,0.6010395288467407,0.49571484327316284,0.6388870477676392,0.48420146107673645,0.6141568422317505,0.49211743474006653,0.6415444612503052,0.6178853511810303,0.616722047328949,0.6191879510879517,0.6452780365943909,0.7227110862731934,0.6286224126815796,0.7173447608947754,0.6469429135322571,0.7372975945472717,0.6318128705024719,0.7277669906616211,0.6485005617141724,0.7578540444374084,0.6195905208587646,0.7607733011245728,0
0.6066927909851074,0.2960346043109894,0.6074998378753662,0.27743613719940186,0.6093758940696716,0.2736324667930603,0.6110556721687317,0.2699229419231415,0.6022580862045288,0.2852449417114258,0.6006143689155579,0.2865872383117676,0.5991965532302856,0.2873234450817108,0.6155081391334534,0.263355553150177,0.5979587435722351,0.2874530255794525,0.612930417060852,0.30219149589538574,0.6065569519996643,0.30725622177124023,0.6415485739707947,0.3202638030052185,0.5941016674041748,0.3417862355709076,0.6578809022903442,0.4089549481868744,0.5878934264183044,0.4229198098182678,0.6582145690917969,0.5040567517280579,0.5956593751907349,0.4859192967414856,0.6596546173095703,0.5271719694137573,0.5965362787246704,0.5035881996154785,0.6542572379112244,0.5260660648345947,0.5987395644187927,0.5013962388038635,0.6527352929115295,0.5179148316383362,0.600522518157959,0.4925801455974579,0.6388890743255615,0.4861603379249573,0.6139280796051025,0.49770620465278625,0.6414044499397278,0.6242961883544922,0.6186208128929138,0.6264243125915527,0.643932580947876,0.7220004200935364,0.6284969449043274,0.7262108325958252,0.643822968006134,0.7328521013259888,0.6315126419067383,0.7344437837600708,0.6482188701629639,0.7709320783615112,0.6223188638687134,0.7738567590713501,0
0.6052626967430115,0.29579442739486694,0.6068302392959595,0.2794048488140106,0.6089982390403748,0.2762086093425751,0.6110355854034424,0.27265506982803345,0.6017841696739197,0.28489547967910767,0.6003142595291138,0.2855817377567291,0.5990734100341797,0.28572994470596313,0.6155189871788025,0.2653518319129944,0.5997894406318665,0.28223663568496704,0.6123571991920471,0.3019084632396698,0.6056708693504333,0.3061007857322693,0.6431573033332825,0.3065997362136841,0.5929570198059082,0.33119696378707886,0.6621866822242737,0.41000670194625854,0.5884989500045776,0.4323312044143677,0.6570931077003479,0.5037962794303894,0.5933119654655457,0.49297651648521423,0.6580504179000854,0.528005838394165,0.5931952595710754,0.5096094012260437,0.6526344418525696,0.5243157148361206,0.5958642363548279,0.5070904493331909,0.651565432548523,0.5160414576530457,0.5961614847183228,0.49965667724609375,0.6410736441612244,0.5058361291885376,0.6133660674095154,0.5126546621322632,0.6406798958778381,0.643930196762085,0.6136741638183594,0.6324425935745239,0.6426170468330383,0.7402141094207764,0.6276381611824036,0.7185674905776978,0.6439142823219299,0.7564271092414856,0.6309036612510681,0.7219581604003906,0.6406342387199402,0.8060911893844604,0.6213935613632202,0.7687846422195435,0
0.6053321361541748,0.3003775477409363,0.6070855855941772,0.28291696310043335,0.6092571020126343,0.279082328081131,0.611294686794281,0.27469542622566223,0.6014942526817322,0.2893534302711487,0.599927544593811,0.28993940353393555,0.5982601642608643,0.29001203179359436,0.6146801710128784,0.2656267285346985,0.5978365540504456,0.2851774990558624,0.6124178767204285,0.3060277998447418,0.605168342590332,0.311158150434494,0.6421077251434326,0.3012256622314453,0.5909792184829712,0.3347436189651489,0.662617027759552,0.40313535928726196,0.5898399949073792,0.44342249631881714,0.655137300491333,0.5070398449897766,0.6013723611831665,0.4811680316925049,0.6561968326568604,0.5343952775001526,0.6032182574272156,0.4969070553779602,0.6515598893165588,0.5282501578330994,0.6077041625976562,0.4831833839416504,0.6504898071289062,0.520089328289032,0.6076465845108032,0.48040449619293213,0.6425454020500183,0.5136522054672241,0.6142950654029846,0.5237510204315186,0.6464576721191406,0.6791380643844604,0.6081182360649109,0.604647696018219,0.6487388610839844,0.7617186903953552,0.6229343414306641,0.725527286529541,0.6485258936882019,0.7676200866699219,0.6281622648239136,0.731652021408081,0.6436876058578491,0.8045394420623779,0.6221623420715332,0.7864474654197693,0
0.6059508323669434,0.30450329184532166,0.606570303440094,0.2888127267360687,0.6088777780532837,0.28501468896865845,0.6114262938499451,0.280336856842041,0.6011770963668823,0.2952859699726105,0.599695086479187,0.29622650146484375,0.5982812643051147,0.2966384291648865,0.6171166896820068,0.26878154277801514,0.5993524193763733,0.2920863926410675,0.6135420203208923,0.3091799318790436,0.6067541241645813,0.31673163175582886,0.6459405422210693,0.3045535683631897,0.5942959785461426,0.3354444205760956,0.6589996814727783,0.4188220500946045,0.5882094502449036,0.44050711393356323,0.6554410457611084,0.5114021897315979,0.5872550010681152,0.5150906443595886,0.6563761234283447,0.5348454117774963,0.5863350629806519,0.5386070013046265,0.6525629162788391,0.5305050015449524,0.588933527469635,0.5363808870315552,0.6506207585334778,0.5199341177940369,0.5915380120277405,0.5279378294944763,0.6430226564407349,0.5252417922019958,0.6127921342849731,0.5215617418289185,0.6442842483520508,0.6965489387512207,0.6118676066398621,0.6623110175132751,0.6446058750152588,0.7944477796554565,0.6284565329551697,0.7589400410652161,0.6420847177505493,0.7966918349266052,0.6317499876022339,0.7676409482955933,0.6424379348754883,0.850862979888916,0.6299765110015869,0.8157159090042114,0
0.6050208806991577,0.309821218252182,0.6053628325462341,0.2935888469219208,0.6073193550109863,0.2897017300128937,0.6096159815788269,0.2848796844482422,0.6008343696594238,0.3001265525817871,0.5996605157852173,0.30098676681518555,0.5984920859336853,0.3015044629573822,0.6159285306930542,0.27259528636932373,0.600466787815094,0.29537492990493774,0.6129451990127563,0.31439802050590515,0.606769859790802,0.32178181409835815,0.6467609405517578,0.30484306812286377,0.5972463488578796,0.343941330909729,0.6577636003494263,0.4170967936515808,0.5934619307518005,0.4539344012737274,0.6552374958992004,0.5161982774734497,0.600415050983429,0.5338853001594543,0.6558822989463806,0.5405368208885193,0.6010857820510864,0.559535026550293,0.6523720026016235,0.5315390229225159,0.6033936142921448,0.5576249361038208,0.6501103639602661,0.5256816148757935,0.6055455207824707,0.5482286810874939,0.6457528471946716,0.5412023663520813,0.6157514452934265,0.5418373942375183,0.6450614333152771,0.7067028284072876,0.6195539832115173,0.6708695292472839,0.6473463177680969,0.7831665873527527,0.6309265494346619,0.7376556992530823,0.6459043025970459,0.7848679423332214,0.6337912678718567,0.7416180372238159,0.6407540440559387,0.8103457689285278,0.6313820481300354,0.7893824577331543,0
0.6055591702461243,0.3081243336200714,0.6071266531944275,0.29173725843429565,0.6094319224357605,0.28807246685028076,0.6116752624511719,0.2836918830871582,0.6017579436302185,0.29767993092536926,0.6000426411628723,0.298550546169281,0.5985237956047058,0.2987615168094635,0.6172181963920593,0.27348724007606506,0.5998073816299438,0.292786568403244,0.6129451394081116,0.3141425848007202,0.6061352491378784,0.3203532099723816,0.6457957625389099,0.31065309047698975,0.5937638282775879,0.3337072432041168,0.6553971767425537,0.4302201271057129,0.5899254083633423,0.44824522733688354,0.6531649231910706,0.5206546783447266,0.5909569263458252,0.537699818611145,0.6530592441558838,0.5462960600852966,0.5902915000915527,0.5636996030807495,0.6499608755111694,0.536573588848114,0.5922123193740845,0.562623143196106,0.6478372812271118,0.530193567276001,0.5950736403465271,0.5538415908813477,0.6417571306228638,0.5453473925590515,0.6122527122497559,0.5430293083190918,0.6403330564498901,0.6973330974578857,0.6157649159431458,0.6590024828910828,0.6439542174339294,0.7868649959564209,0.6288338899612427,0.759525716304779,0.6449952125549316,0.793875515460968,0.6326409578323364,0.7694182991981506,0.6377080678939819,0.8322110772132874,0.6271665096282959,0.8167381882667542,0
0.6054034233093262,0.31479182839393616,0.606908917427063,0.2985757887363434,0.6093403697013855,0.2949318289756775,0.6120851635932922,0.2903551459312439,0.6010860204696655,0.3045845925807953,0.5995414853096008,0.3052539527416229,0.5980674624443054,0.3053348958492279,0.6177685260772705,0.27910736203193665,0.5993223190307617,0.29884687066078186,0.6130228638648987,0.3207971751689911,0.6058999300003052,0.32658734917640686,0.6457902193069458,0.32198870182037354,0.593766987323761,0.33732351660728455,0.6586960554122925,0.43316972255706787,0.5896404385566711,0.449004590511322,0.6553330421447754,0.5230000019073486,0.5862076878547668,0.5250288248062134,0.6559182405471802,0.5476436614990234,0.5850884318351746,0.548858642578125,0.6518721580505371,0.5431217551231384,0.5870077610015869,0.5496066808700562,0.6502224206924438,0.5323516726493835,0.5900205969810486,0.5411166548728943,0.6414662003517151,0.5357622504234314,0.611431896686554,0.5278021097183228,0.6445602774620056,0.7012729048728943,0.6139950156211853,0.6604782938957214,0.6451837420463562,0.7772137522697449,0.62618488073349,0.7356328368186951,0.6417272686958313,0.7773910164833069,0.6286930441856384,0.7389175295829773,0.6414934992790222,0.8177977800369263,0.6291258335113525,0.7925238609313965,0
0.6056007146835327,0.31997427344322205,0.6075990200042725,0.3035268783569336,0.610084056854248,0.3001449406147003,0.6127378344535828,0.2960241734981537,0.6015262007713318,0.30896639823913574,0.5998514294624329,0.30944186449050903,0.5981584787368774,0.30936044454574585,0.618256151676178,0.28448286652565,0.5990164279937744,0.3027268052101135,0.6133397817611694,0.3265707194805145,0.6056966185569763,0.331313818693161,0.6453666687011719,0.3232879936695099,0.5932156443595886,0.33443188667297363,0.656528890132904,0.42847153544425964,0.5878759026527405,0.42876386642456055,0.6544147729873657,0.5277652740478516,0.5841102004051208,0.5093041062355042,0.6544322371482849,0.5529820919036865,0.5826138854026794,0.5332266688346863,0.6505042910575867,0.5477303862571716,0.5841772556304932,0.5359534025192261,0.6489264369010925,0.5396727323532104,0.5874845385551453,0.527515709400177,0.6398465037345886,0.5299589037895203,0.6096104979515076,0.5226909518241882,0.6441290974617004,0.6717470288276672,0.6090534925460815,0.6510922312736511,0.6409913897514343,0.7621508836746216,0.6229113340377808,0.7285012602806091,0.6422341465950012,0.7774404287338257,0.6261025667190552,0.7424344420433044,0.6412636041641235,0.8223775625228882,0.6207738518714905,0.7873499989509583,0
0.6045954823493958,0.32788825035095215,0.6057174801826477,0.31100887060165405,0.6082041263580322,0.3075227439403534,0.6105275750160217,0.30350354313850403,0.6009880900382996,0.31614407896995544,0.5995611548423767,0.31664884090423584,0.5983796119689941,0.3165414333343506,0.6170905828475952,0.29209551215171814,0.6001133322715759,0.3102082908153534,0.6125239133834839,0.33465665578842163,0.6054282784461975,0.3392215073108673,0.6458521485328674,0.3349151909351349,0.5951551795005798,0.3389987349510193,0.6590309739112854,0.4410199820995331,0.5901994705200195,0.41718071699142456,0.6534711122512817,0.5353259444236755,0.5895698070526123,0.49956420063972473,0.6542061567306519,0.5605185031890869,0.5883500576019287,0.521986722946167,0.6497408151626587,0.5533449053764343,0.5897676348686218,0.5269397497177124,0.648806631565094,0.5456555485725403,0.592659592628479,0.5193370580673218,0.641143798828125,0.5258603096008301,0.6123713850975037,0.5201109051704407,0.6439749598503113,0.6791390180587769,0.6108003854751587,0.6416575908660889,0.6414351463317871,0.7531334757804871,0.6266276240348816,0.719986617565155,0.6413503289222717,0.7682153582572937,0.6299318671226501,0.7338628172874451,0.6421981453895569,0.8164791464805603,0.6220141053199768,0.7772794961929321,0
0.603832483291626,0.33161571621894836,0.6046056151390076,0.31309959292411804,0.6069009304046631,0.309481680393219,0.6095659732818604,0.3052767515182495,0.5995804071426392,0.3191229999065399,0.5983117818832397,0.31989923119544983,0.5970945954322815,0.3202517032623291,0.616830050945282,0.296363890171051,0.5983961224555969,0.3165603578090668,0.6119281649589539,0.3393530547618866,0.6045488715171814,0.3458651602268219,0.6468018293380737,0.3453262448310852,0.5967172384262085,0.34682929515838623,0.6564076542854309,0.4531278908252716,0.5883675813674927,0.43317681550979614,0.6531457304954529,0.5422104597091675,0.5856263041496277,0.5149323344230652,0.6548023223876953,0.5661197304725647,0.5836034417152405,0.5470094680786133,0.6502385139465332,0.5610569715499878,0.5853122472763062,0.5521186590194702,0.6495286822319031,0.5541787147521973,0.5885714888572693,0.5432581305503845,0.6398539543151855,0.5235427021980286,0.6126770377159119,0.5148417949676514,0.6431624889373779,0.6794153451919556,0.6082534193992615,0.6334118247032166,0.6410670876502991,0.7667105197906494,0.6232838034629822,0.7113996744155884,0.6409151554107666,0.7778996825218201,0.6271730661392212,0.7148966789245605,0.6402366757392883,0.8257707953453064,0.6248612403869629,0.7719971537590027,0
0.6062415838241577,0.3396071195602417,0.6067599058151245,0.3199436664581299,0.6094154119491577,0.31593751907348633,0.6121118664741516,0.31163761019706726,0.6012260317802429,0.32693058252334595,0.5997794270515442,0.3279212415218353,0.5982756018638611,0.3284638226032257,0.6180801391601562,0.3026052713394165,0.5981048345565796,0.3249969482421875,0.6143327951431274,0.3474634289741516,0.6060417294502258,0.35393792390823364,0.6466154456138611,0.35044875741004944,0.5941352844238281,0.35522106289863586,0.6591785550117493,0.4585466980934143,0.5907143354415894,0.4361720681190491,0.6545901894569397,0.552180290222168,0.5933854579925537,0.5092465877532959,0.6560161709785461,0.5758978128433228,0.5928922891616821,0.5305852890014648,0.6513369083404541,0.5731599926948547,0.5946775078773499,0.5329536199569702,0.6504679322242737,0.5667977929115295,0.596969485282898,0.5254498720169067,0.6420471668243408,0.5118747353553772,0.6147156357765198,0.5047720670700073,0.6442719101905823,0.6763365268707275,0.6096217036247253,0.5999786257743835,0.642795979976654,0.7584577202796936,0.6232233643531799,0.7055981159210205,0.6428120732307434,0.7886881828308105,0.6275978088378906,0.7123087644577026,0.6443502902984619,0.8305704593658447,0.6240707635879517,0.7721809148788452,0
0.6074228882789612,0.3492237627506256,0.6081330180168152,0.32955625653266907,0.6105630993843079,0.32592111825942993,0.6128684282302856,0.3218119144439697,0.6029168367385864,0.3353472948074341,0.6015259027481079,0.33583584427833557,0.6001848578453064,0.3357888162136078,0.6182584166526794,0.31104815006256104,0.600420355796814,0.32902705669403076,0.615283727645874,0.35743698477745056,0.607897937297821,0.36279183626174927,0.6466041207313538,0.3554984927177429,0.5947368144989014,0.35566702485084534,0.6606802344322205,0.4651656746864319,0.5935414433479309,0.45153743028640747,0.6552785634994507,0.5603787899017334,0.6025102734565735,0.5122085809707642,0.656362771987915,0.5857183933258057,0.6026589274406433,0.5273573398590088,0.6518340706825256,0.5841856002807617,0.6039136052131653,0.5373161435127258,0.6507038474082947,0.5749773383140564,0.6077008843421936,0.5236561894416809,0.6418763995170593,0.5118388533592224,0.6154145002365112,0.49998319149017334,0.6363753080368042,0.6464673280715942,0.6074993014335632,0.5964682698249817,0.6420928239822388,0.7578599452972412,0.6204331517219543,0.706962525844574,0.6420598030090332,0.7749107480049133,0.6254122257232666,0.7149299383163452,0.6413875222206116,0.8280038833618164,0.6194849014282227,0.7747414112091064,0
0.6094993352890015,0.3623100519180298,0.6113716959953308,0.34497448801994324,0.6135224103927612,0.34213367104530334,0.6158149838447571,0.3388045132160187,0.605411171913147,0.3487136960029602,0.603517472743988,0.3486596345901489,0.6020365357398987,0.34880515933036804,0.6193516254425049,0.32730260491371155,0.6012367606163025,0.3424437344074249,0.6163768172264099,0.3691646456718445,0.609257698059082,0.3719460964202881,0.6468088030815125,0.3668447732925415,0.5944364666938782,0.37473469972610474,0.6603814959526062,0.47552210092544556,0.5926017761230469,0.46864694356918335,0.6583980917930603,0.5708735585212708,0.595187783241272,0.5266038775444031,0.658305823802948,0.5978385210037231,0.5921522378921509,0.5599458813667297,0.6545883417129517,0.5932477116584778,0.5949246883392334,0.5493240356445312,0.6532650589942932,0.5853935480117798,0.5958308577537537,0.5377137660980225,0.639316201210022,0.517758846282959,0.6108590364456177,0.5128506422042847,0.643136203289032,0.6650141477584839,0.6072234511375427,0.6330426335334778,0.6407527327537537,0.7566976547241211,0.6265143156051636,0.71833336353302,0.6414805054664612,0.766589879989624,0.6322450637817383,0.7235192060470581,0.6397244334220886,0.8185508251190186,0.6191813349723816,0.764835774898529,0
0.6094523072242737,0.37020206451416016,0.6108613014221191,0.3526669144630432,0.6138769388198853,0.34915417432785034,0.6164302825927734,0.3453250527381897,0.6049494743347168,0.3573756814002991,0.6034650802612305,0.35725173354148865,0.6018955111503601,0.3567129969596863,0.6196948885917664,0.3349769711494446,0.6008897423744202,0.35194483399391174,0.6159335374832153,0.37815821170806885,0.6088393330574036,0.37959665060043335,0.6464993953704834,0.38254401087760925,0.5966261029243469,0.38626986742019653,0.6589431166648865,0.48105502128601074,0.5918022990226746,0.46835941076278687,0.6578538417816162,0.5807082653045654,0.5998660326004028,0.52801114320755,0.6595898270606995,0.6029357314109802,0.5990152359008789,0.5498702526092529,0.6540511846542358,0.6033869385719299,0.6026044487953186,0.5465126037597656,0.6519662737846375,0.5980291962623596,0.6035991311073303,0.5367811322212219,0.6375835537910461,0.5200042724609375,0.6117870807647705,0.5203424692153931,0.6328129172325134,0.6596677303314209,0.6040112972259521,0.6243028044700623,0.64287269115448,0.7606276273727417,0.6247264742851257,0.7082099318504333,0.6441364884376526,0.7721771597862244,0.6287794709205627,0.7180808782577515,0.6422150135040283,0.8106147646903992,0.6129853129386902,0.7609927654266357,0
0.6102480888366699,0.3809499144554138,0.6129822731018066,0.3627723455429077,0.6152488589286804,0.35967016220092773,0.6172103881835938,0.3562164902687073,0.6053755283355713,0.3678445816040039,0.6037304401397705,0.36744385957717896,0.6021368503570557,0.366593599319458,0.62000572681427,0.34705865383148193,0.6008343696594238,0.35957446694374084,0.6167161464691162,0.3873923718929291,0.6092529892921448,0.38962966203689575,0.647528350353241,0.38961470127105713,0.5953283309936523,0.3910115957260132,0.658786416053772,0.49631646275520325,0.58928382396698,0.4752766191959381,0.6589304208755493,0.5954676270484924,0.5976734757423401,0.5425360798835754,0.6616518497467041,0.6159827709197998,0.5955775380134583,0.5672478675842285,0.655762255191803,0.6163877248764038,0.599367082118988,0.5625753998756409,0.6540136933326721,0.6101861596107483,0.6004864573478699,0.5532251000404358,0.6361356377601624,0.5200009346008301,0.6098657846450806,0.5148144364356995,0.6296855211257935,0.6542699337005615,0.5959864854812622,0.6146166324615479,0.6414419412612915,0.7531543970108032,0.6122444272041321,0.700187087059021,0.6431029438972473,0.762730598449707,0.6190459728240967,0.7088971138000488,0.6406925320625305,0.8093000650405884,0.6028144359588623,0.7514041662216187,0
0.6124989986419678,0.3901212811470032,0.6144123673439026,0.37408316135406494,0.6164066791534424,0.3707543909549713,0.6180830597877502,0.3673456013202667,0.607724666595459,0.3784683346748352,0.6054984927177429,0.37835317850112915,0.6037389039993286,0.3776000738143921,0.6213638186454773,0.35506129264831543,0.6023414134979248,0.36983540654182434,0.618310272693634,0.3964099884033203,0.6115451455116272,0.4003859758377075,0.6496167182922363,0.3910459876060486,0.5954188108444214,0.39636552333831787,0.6634680032730103,0.5027406811714172,0.5932796001434326,0.4919297695159912,0.6621565222740173,0.6062712669372559,0.5982111096382141,0.5602666139602661,0.6625277996063232,0.6320595741271973,0.5968631505966187,0.5814446806907654,0.6579227447509766,0.6298561096191406,0.60084068775177,0.5794224143028259,0.6562336087226868,0.6212477087974548,0.6019372940063477,0.5702927112579346,0.6444905400276184,0.5276697278022766,0.6163190603256226,0.5217634439468384,0.6435644626617432,0.6597684025764465,0.6106142401695251,0.6311850547790527,0.6418077349662781,0.7517192363739014,0.6243796348571777,0.7182784676551819,0.641562819480896,0.7616360187530518,0.627124547958374,0.7215415835380554,0.6410521864891052,0.8122224807739258,0.6149200201034546,0.7632402777671814,0
0.0,0.0,0.0,0.0,0.0,0.0,0.0,0.0,0.0,0.0,0.0,0.0,0.0,0.0,0.0,0.0,0.0,0.0,0.0,0.0,0.0,0.0,0.0,0.0,0.0,0.0,0.0,0.0,0.0,0.0,0.0,0.0,0.0,0.0,0.0,0.0,0.0,0.0,0.0,0.0,0.0,0.0,0.0,0.0,0.0,0.0,0.0,0.0,0.0,0.0,0.0,0.0,0.0,0.0,0.0,0.0,0.0,0.0,0.0,0.0,0.0,0.0,0.0,0.0,0.0,0.0,0
0.6135627627372742,0.4192250967025757,0.6148062944412231,0.4014233350753784,0.616696834564209,0.39803603291511536,0.6182373762130737,0.3944774270057678,0.6094119548797607,0.40645620226860046,0.6076648235321045,0.4064951241016388,0.6058404445648193,0.406109482049942,0.6213905811309814,0.3810003101825714,0.6040102243423462,0.3966553807258606,0.6204535365104675,0.4231652617454529,0.6135037541389465,0.4272938370704651,0.6507196426391602,0.3991891145706177,0.5966030359268188,0.413379967212677,0.6653197407722473,0.5265640616416931,0.5919044613838196,0.4993205666542053,0.661836564540863,0.6327451467514038,0.5963920950889587,0.5811165571212769,0.664493203163147,0.6583795547485352,0.594380259513855,0.6036860346794128,0.6600409150123596,0.6586084961891174,0.5973913669586182,0.6003871560096741,0.658019483089447,0.6494426727294922,0.5990476608276367,0.5912110805511475,0.6490788459777832,0.5282920598983765,0.6223850250244141,0.5267559289932251,0.6443730592727661,0.6548303365707397,0.6121152639389038,0.6410911679267883,0.6441198587417603,0.7610074877738953,0.6297846436500549,0.7291234731674194,0.644981861114502,0.7743867635726929,0.631929337978363,0.7327418327331543,0.6450628042221069,0.8298179507255554,0.6269276142120361,0.7922505140304565,0
0.6140533685684204,0.43002986907958984,0.6156423687934875,0.41394922137260437,0.6178514361381531,0.41024619340896606,0.6196366548538208,0.406542032957077,0.6103225946426392,0.41920793056488037,0.6085999608039856,0.4195234179496765,0.606575608253479,0.41982293128967285,0.6223061084747314,0.39388301968574524,0.6051109433174133,0.4127168655395508,0.6199572086334229,0.4324803352355957,0.6133487820625305,0.4367944896221161,0.6519326567649841,0.4074127674102783,0.5957987308502197,0.4222804307937622,0.670470118522644,0.5359826683998108,0.590843141078949,0.5082303881645203,0.6624440550804138,0.6501308083534241,0.5933931469917297,0.6004183292388916,0.663544774055481,0.6764640808105469,0.5926890969276428,0.6268069744110107,0.6578050851821899,0.6749247908592224,0.5946800708770752,0.6219801306724548,0.6569467186927795,0.6694663166999817,0.5969129800796509,0.6149187684059143,0.6509081721305847,0.516484260559082,0.6224467158317566,0.5213988423347473,0.6529209613800049,0.6446688175201416,0.6198516488075256,0.6312495470046997,0.6455876231193542,0.7534501552581787,0.6304668188095093,0.7163306474685669,0.6509467959403992,0.7581571936607361,0.6350464820861816,0.7229875922203064,0.6436831951141357,0.8236203193664551,0.6250979900360107,0.7741528749465942,0
0.6166594624519348,0.4419441819190979,0.6183289885520935,0.4247133135795593,0.6203343868255615,0.42149481177330017,0.6222352385520935,0.41787636280059814,0.6120654940605164,0.43073946237564087,0.6103047132492065,0.4310283660888672,0.6084487438201904,0.4308309555053711,0.6245951652526855,0.4055120348930359,0.6064996719360352,0.4230874180793762,0.6222691535949707,0.44450682401657104,0.6155017614364624,0.4489469528198242,0.6534532904624939,0.4244524836540222,0.5976921319961548,0.4415891468524933,0.6644073128700256,0.5477830767631531,0.5944939851760864,0.5436429977416992,0.6609240770339966,0.6624818444252014,0.5915681719779968,0.6193424463272095,0.6637701392173767,0.6883832216262817,0.5902059078216553,0.642175555229187,0.6589516401290894,0.6886715292930603,0.5927921533584595,0.6384398937225342,0.6570155024528503,0.6799229383468628,0.594475507736206,0.6301966309547424,0.647850513458252,0.5490815043449402,0.621214747428894,0.5526913404464722,0.6477142572402954,0.6454668641090393,0.6150491237640381,0.6315610408782959,0.6473983526229858,0.7527748346328735,0.6244182586669922,0.7086201310157776,0.6483469009399414,0.761563241481781,0.6288639307022095,0.7136756181716919,0.6429444551467896,0.8192410469055176,0.619304358959198,0.7696133255958557,0
0.0,0.0,0.0,0.0,0.0,0.0,0.0,0.0,0.0,0.0,0.0,0.0,0.0,0.0,0.0,0.0,0.0,0.0,0.0,0.0,0.0,0.0,0.0,0.0,0.0,0.0,0.0,0.0,0.0,0.0,0.0,0.0,0.0,0.0,0.0,0.0,0.0,0.0,0.0,0.0,0.0,0.0,0.0,0.0,0.0,0.0,0.0,0.0,0.0,0.0,0.0,0.0,0.0,0.0,0.0,0.0,0.0,0.0,0.0,0.0,0.0,0.0,0.0,0.0,0.0,0.0,0
0.617355465888977,0.4655855596065521,0.6180576682090759,0.4470406174659729,0.6200656890869141,0.4427505135536194,0.6217424273490906,0.43867337703704834,0.6128730177879333,0.4541372060775757,0.6110306978225708,0.4549972116947174,0.6093741059303284,0.4551447927951813,0.6241456270217896,0.4278144836425781,0.6062734723091125,0.45102113485336304,0.6230678558349609,0.469107449054718,0.616613507270813,0.47406691312789917,0.6511077880859375,0.4398990869522095,0.596805214881897,0.4756612777709961,0.6631796956062317,0.5586271286010742,0.5913660526275635,0.573357105255127,0.6636910438537598,0.685571014881134,0.5889315009117126,0.6584765911102295,0.6688668727874756,0.7177085280418396,0.5867944955825806,0.678560197353363,0.6634028553962708,0.720594584941864,0.5906647443771362,0.6768808960914612,0.6600084900856018,0.7108920812606812,0.5928000807762146,0.6682934761047363,0.645003616809845,0.5398164391517639,0.6173884868621826,0.55018550157547,0.6505040526390076,0.6537336707115173,0.6122140288352966,0.6433734893798828,0.6438663601875305,0.7591933012008667,0.6204790472984314,0.7166800498962402,0.6446692943572998,0.7693054676055908,0.6245242953300476,0.7214312553405762,0.646243155002594,0.818874716758728,0.6168092489242554,0.7567939162254333,0
0.6232894659042358,0.474213570356369,0.6214855909347534,0.4576842188835144,0.6226481199264526,0.45351147651672363,0.6230396628379822,0.4520522356033325,0.6174253225326538,0.4694526195526123,0.6164759993553162,0.47144103050231934,0.6146948933601379,0.47594451904296875,0.6260548830032349,0.4533606171607971,0.6117089986801147,0.47797465324401855,0.6258512735366821,0.478559285402298,0.6200553774833679,0.48954424262046814,0.6394627094268799,0.4644257426261902,0.6138594746589661,0.5270546078681946,0.6528366208076477,0.47805526852607727,0.6068204045295715,0.60014808177948,0.6601670384407043,0.4713972210884094,0.5969364643096924,0.6639893054962158,0.6632980108261108,0.4682254195213318,0.592707097530365,0.6829041838645935,0.6609475612640381,0.4670373201370239,0.5930702090263367,0.6816895604133606,0.6602240204811096,0.47058093547821045,0.5934931039810181,0.6817408800125122,0.653983473777771,0.5384851098060608,0.6390936374664307,0.5652280449867249,0.6469913125038147,0.6316859722137451,0.6284931898117065,0.6571398377418518,0.6583870053291321,0.7219215631484985,0.6501811742782593,0.7239534854888916,0.6612294316291809,0.7276244163513184,0.6550719738006592,0.7253878712654114,0.6589460968971252,0.7708275318145752,0.652431309223175,0.7719017863273621,0
0.0,0.0,0.0,0.0,0.0,0.0,0.0,0.0,0.0,0.0,0.0,0.0,0.0,0.0,0.0,0.0,0.0,0.0,0.0,0.0,0.0,0.0,0.0,0.0,0.0,0.0,0.0,0.0,0.0,0.0,0.0,0.0,0.0,0.0,0.0,0.0,0.0,0.0,0.0,0.0,0.0,0.0,0.0,0.0,0.0,0.0,0.0,0.0,0.0,0.0,0.0,0.0,0.0,0.0,0.0,0.0,0.0,0.0,0.0,0.0,0.0,0.0,0.0,0.0,0.0,0.0,0
0.6184843182563782,0.5080088376998901,0.618064284324646,0.49358364939689636,0.6210082769393921,0.4940672814846039,0.6216715574264526,0.49266043305397034,0.6144710183143616,0.501427173614502,0.6135401129722595,0.502307116985321,0.6126032471656799,0.5031370520591736,0.622320830821991,0.4823727607727051,0.6106916069984436,0.49803459644317627,0.6239304542541504,0.5110106468200684,0.6179245710372925,0.5131399035453796,0.6444989442825317,0.48495709896087646,0.6074212193489075,0.5312933921813965,0.6510006189346313,0.5815057754516602,0.593379020690918,0.622616708278656,0.6472141146659851,0.6916376352310181,0.588463306427002,0.7108933925628662,0.6499938368797302,0.7227025032043457,0.5882776379585266,0.7285206317901611,0.6435163617134094,0.7361523509025574,0.5899957418441772,0.7237634062767029,0.6438621282577515,0.710881233215332,0.5917457938194275,0.7208304405212402,0.6825345158576965,0.5443886518478394,0.6607470512390137,0.5710458159446716,0.6604470610618591,0.6530811190605164,0.6381462216377258,0.6561809182167053,0.6607010364532471,0.7790389657020569,0.6459303498268127,0.7592647075653076,0.6622600555419922,0.7958215475082397,0.6483217477798462,0.7751033306121826,0.6468327045440674,0.8202193975448608,0.6394005417823792,0.8104313015937805,0
0.616314709186554,0.5228406190872192,0.6142863035202026,0.5071962475776672,0.6143595576286316,0.5074968934059143,0.614296019077301,0.5082201361656189,0.6131242513656616,0.5142958164215088,0.6130008697509766,0.5144166350364685,0.6127570271492004,0.5150106549263,0.6191666126251221,0.5101165175437927,0.6143373847007751,0.5143232941627502,0.6239683032035828,0.5195146799087524,0.6218892335891724,0.5290716886520386,0.6497668027877808,0.5265122652053833,0.6394252777099609,0.5326741337776184,0.642633318901062,0.6390830874443054,0.6409763693809509,0.5817184448242188,0.6096298694610596,0.7224439382553101,0.6207538843154907,0.6268514394760132,0.5910347104072571,0.7495511770248413,0.6132459044456482,0.6353115439414978,0.590806245803833,0.745414137840271,0.6127467751502991,0.63424152135849,0.591871976852417,0.7421187162399292,0.6161303520202637,0.6312406063079834,0.7307281494140625,0.5742478966712952,0.7258809208869934,0.5884755849838257,0.7590175867080688,0.5873416662216187,0.7690093517303467,0.623860776424408,0.8059358596801758,0.6274625658988953,0.8164757490158081,0.6312628984451294,0.8148065805435181,0.6335588693618774,0.8253592252731323,0.6312862038612366,0.8123472332954407,0.6435784697532654,0.8232716917991638,0.6467322707176208,0
0.618149995803833,0.5236439108848572,0.614923357963562,0.5164514780044556,0.6149774193763733,0.5161369442939758,0.6148157119750977,0.5162605047225952,0.6142857670783997,0.5178750157356262,0.6138797998428345,0.5184489488601685,0.6133412718772888,0.5192363858222961,0.6200377941131592,0.5127710700035095,0.6145552396774292,0.5192810297012329,0.6234540343284607,0.529396653175354,0.6222653388977051,0.5313366055488586,0.6511960625648499,0.5147310495376587,0.6299681067466736,0.5415726900100708,0.6471208333969116,0.6242316365242004,0.6115928888320923,0.6159917116165161,0.630959153175354,0.7374400496482849,0.5920437574386597,0.7380149364471436,0.6281329393386841,0.7648728489875793,0.5857144594192505,0.7511317133903503,0.6249117255210876,0.7617076635360718,0.5865539312362671,0.7511524558067322,0.6257510185241699,0.7532706260681152,0.5917977094650269,0.7451414465904236,0.7227893471717834,0.5761867761611938,0.7091492414474487,0.6046297550201416,0.7626356482505798,0.5549522638320923,0.7242818474769592,0.6672317385673523,0.823267936706543,0.5629805326461792,0.7589361071586609,0.7245427966117859,0.8332749009132385,0.5653245449066162,0.7689276933670044,0.7294895648956299,0.8365417718887329,0.5712026357650757,0.7572901248931885,0.7592479586601257,0
0.65447598695755,0.5564234256744385,0.6350216865539551,0.5479499101638794,0.6351054310798645,0.5474386215209961,0.6497485041618347,0.5454674363136292,0.6342966556549072,0.5492637157440186,0.6339986324310303,0.5497297644615173,0.6338832974433899,0.5505602359771729,0.6528581976890564,0.5460749864578247,0.6504400372505188,0.5663266181945801,0.6608715653419495,0.5559313893318176,0.6598479151725769,0.5651866793632507,0.6817203164100647,0.5651409029960632,0.676166832447052,0.6017364859580994,0.6754796504974365,0.6633503437042236,0.6871393918991089,0.6557437777519226,0.6327354907989502,0.6981711983680725,0.6665621399879456,0.6683789491653442,0.6238337755203247,0.7115961909294128,0.6623308658599854,0.6743648648262024,0.622320294380188,0.7014737725257874,0.6606482863426208,0.6717921495437622,0.6255784630775452,0.6981801390647888,0.6629639863967896,0.6672675013542175,0.7659426927566528,0.6329275369644165,0.7623339891433716,0.6706393361091614,0.8022300004959106,0.5739569067955017,0.7981276512145996,0.6251829862594604,0.8643801212310791,0.5576868057250977,0.8633787631988525,0.5757186412811279,0.8734772205352783,0.5597907304763794,0.8712804317474365,0.577763557434082,0.8835636973381042,0.5697749853134155,0.882999837398529,0.5701892375946045,0
0.6221591830253601,0.556759238243103,0.6202980279922485,0.5492687225341797,0.6211898922920227,0.541486382484436,0.6210842728614807,0.5416226387023926,0.620078444480896,0.5498685836791992,0.6198403239250183,0.5501172542572021,0.6195349097251892,0.5508944988250732,0.6279485821723938,0.5429330468177795,0.6205562949180603,0.5494160652160645,0.6285669207572937,0.5502884984016418,0.6267012357711792,0.5612339973449707,0.6614654660224915,0.5529145002365112,0.6509042978286743,0.6068263053894043,0.6732794642448425,0.6485708355903625,0.6597743630409241,0.6682341694831848,0.6483277082443237,0.7369559407234192,0.650603711605072,0.7121524810791016,0.6443637609481812,0.7641944885253906,0.6474729776382446,0.7279922962188721,0.6423201560974121,0.7807157635688782,0.6478575468063354,0.7227967381477356,0.6430162787437439,0.7789583206176758,0.6501471996307373,0.7147312760353088,0.7460533976554871,0.6239485740661621,0.7406318783760071,0.6667296290397644,0.7659438848495483,0.58092200756073,0.7701011896133423,0.6516408920288086,0.844452977180481,0.5833233594894409,0.8282018303871155,0.6323513388633728,0.8566285967826843,0.5846883058547974,0.8388913869857788,0.6263453960418701,0.8601869344711304,0.5902910232543945,0.8397660255432129,0.6379525065422058,0
0.624108076095581,0.569974422454834,0.6230456829071045,0.562697172164917,0.624324381351471,0.5535123348236084,0.6244432926177979,0.553779125213623,0.6226890087127686,0.5634912252426147,0.6226353645324707,0.5641080737113953,0.6225250363349915,0.5653327107429504,0.6267939805984497,0.5569767355918884,0.6252827644348145,0.5656582117080688,0.6333341598510742,0.5641764998435974,0.6309477090835571,0.5766762495040894,0.668656587600708,0.5511898994445801,0.6631574630737305,0.6120184063911438,0.6718292832374573,0.5601600408554077,0.6721181869506836,0.6626175045967102,0.6305605173110962,0.5575560331344604,0.6503539085388184,0.6775219440460205,0.6221106052398682,0.5595493912696838,0.6460647583007812,0.6832273602485657,0.6166284084320068,0.5542863011360168,0.6431231498718262,0.680887758731842,0.6200965046882629,0.5542995929718018,0.6455681324005127,0.6775081157684326,0.763450562953949,0.6259356737136841,0.7587379217147827,0.6687939763069153,0.7769438028335571,0.5718586444854736,0.777706503868103,0.6167406439781189,0.8574678301811218,0.5629239678382874,0.8527977466583252,0.5689712762832642,0.8687728047370911,0.5660639405250549,0.8626399636268616,0.5544807314872742,0.8703263998031616,0.5819374322891235,0.8704330921173096,0.5834089517593384,0
0.6372455954551697,0.5951927900314331,0.6308608651161194,0.5875375270843506,0.6311701536178589,0.5875903964042664,0.6411145329475403,0.5872852206230164,0.6299762725830078,0.5886277556419373,0.6283231973648071,0.6020758748054504,0.6282154321670532,0.6030576825141907,0.6458437442779541,0.5846610069274902,0.633979320526123,0.6050996780395508,0.6442811489105225,0.5983566045761108,0.6434565186500549,0.5995477437973022,0.677882730960846,0.5923212170600891,0.6696007251739502,0.6432443261146545,0.6810467839241028,0.6356869339942932,0.668178915977478,0.6930134892463684,0.6370272040367126,0.6532307267189026,0.6427528262138367,0.6817895174026489,0.62729811668396,0.6640169620513916,0.6373570561408997,0.6811339855194092,0.623024582862854,0.6546270251274109,0.6346819996833801,0.6750483512878418,0.6268453001976013,0.6517068147659302,0.6375266313552856,0.6736412644386292,0.7589150071144104,0.6623818278312683,0.7551757097244263,0.7040939331054688,0.7927685976028442,0.6002357602119446,0.791118860244751,0.6576855182647705,0.8651027679443359,0.570746660232544,0.8554244041442871,0.6142764687538147,0.8769934177398682,0.566845178604126,0.8664581179618835,0.6017080545425415,0.8810800909996033,0.5814695358276367,0.868362545967102,0.6029860973358154,0
0.6113973259925842,0.622978150844574,0.6118073463439941,0.6130856275558472,0.6068548560142517,0.613834023475647,0.6117891669273376,0.6259347200393677,0.6121405959129333,0.6120412945747375,0.6121255159378052,0.6120222210884094,0.6120182275772095,0.6129235625267029,0.6144189834594727,0.6105268597602844,0.6146044135093689,0.6084269285202026,0.6181268095970154,0.6248530149459839,0.6179875135421753,0.6240158081054688,0.6352320313453674,0.6347603797912598,0.6388198733329773,0.6253845691680908,0.6412868499755859,0.6690336465835571,0.6470650434494019,0.6481541991233826,0.6190990209579468,0.7005342245101929,0.6275203227996826,0.6128546595573425,0.6126262545585632,0.7066499590873718,0.6218687295913696,0.5992644429206848,0.6113297939300537,0.705420732498169,0.6189407110214233,0.5944505333900452,0.6138814687728882,0.7043107748031616,0.6223138570785522,0.598883867263794,0.7190514802932739,0.6419227719306946,0.7203313708305359,0.6470757126808167,0.7660772204399109,0.5978559851646423,0.7672199606895447,0.6388784050941467,0.827187180519104,0.5780630707740784,0.819875955581665,0.6281277537345886,0.8358054161071777,0.571430504322052,0.8288545608520508,0.6218814253807068,0.8402467370033264,0.5751015543937683,0.8301106691360474,0.6356936693191528,0
0.6277210116386414,0.6557007431983948,0.6228891015052795,0.6478811502456665,0.6231648921966553,0.6458947062492371,0.6234290599822998,0.6438251733779907,0.6174961924552917,0.6588740348815918,0.6174964904785156,0.6578172445297241,0.6174253225326538,0.6576312184333801,0.6200658082962036,0.6345028281211853,0.619227945804596,0.6525724530220032,0.6327628493309021,0.6567841172218323,0.6244333386421204,0.6655807495117188,0.6466233730316162,0.6522613167762756,0.6445809602737427,0.6914992928504944,0.6525397300720215,0.6591747403144836,0.6545594334602356,0.7195066213607788,0.6232141852378845,0.6663811206817627,0.634986162185669,0.6707021594047546,0.6156266927719116,0.6678124666213989,0.6308881044387817,0.6544511914253235,0.6139374375343323,0.6517485976219177,0.6218430995941162,0.6291597485542297,0.6193705201148987,0.6506443023681641,0.6256762742996216,0.6502920389175415,0.7334997653961182,0.6661157011985779,0.7351670861244202,0.6905667781829834,0.7635892033576965,0.6120567321777344,0.7729353904724121,0.6392101645469666,0.8256901502609253,0.5697566866874695,0.8196113705635071,0.5960482358932495,0.8344159126281738,0.5602810382843018,0.8271167278289795,0.5847156047821045,0.8392495512962341,0.5651326179504395,0.8308249711990356,0.5943228006362915,0
0.6323269605636597,0.6497884392738342,0.6224761605262756,0.6326421499252319,0.6226100325584412,0.6327794790267944,0.6273608803749084,0.6418081521987915,0.6220918893814087,0.6322869062423706,0.6219973564147949,0.6324009299278259,0.6218405961990356,0.633356511592865,0.6241989731788635,0.6193914413452148,0.6227537989616394,0.6295086145401001,0.6282941102981567,0.6392065286636353,0.6276569962501526,0.6391036510467529,0.6590234041213989,0.6311103701591492,0.6556462645530701,0.6532924771308899,0.6687847375869751,0.6391538381576538,0.670078694820404,0.681127667427063,0.6321520805358887,0.6501748561859131,0.6502161026000977,0.6716797947883606,0.6226045489311218,0.6544178128242493,0.6453323364257812,0.6672921180725098,0.6191843152046204,0.6504391431808472,0.643234133720398,0.6664173007011414,0.621850311756134,0.6366873979568481,0.6451617479324341,0.6668302416801453,0.7399550676345825,0.6410509347915649,0.7378085851669312,0.6573622822761536,0.7728501558303833,0.5924122333526611,0.776472806930542,0.6322293877601624,0.8374608755111694,0.5882811546325684,0.8316789865493774,0.6024034023284912,0.8463225364685059,0.5886276364326477,0.8397753238677979,0.5973005294799805,0.8515629172325134,0.5767014622688293,0.847282350063324,0.6031661033630371,0
0.6136944890022278,0.633954644203186,0.6144083738327026,0.6266752481460571,0.6143299341201782,0.6266088485717773,0.61408531665802,0.6272274851799011,0.613831639289856,0.626564085483551,0.6097816824913025,0.624906599521637,0.6091431379318237,0.6252228021621704,0.6159533858299255,0.61851567029953,0.6102209687232971,0.6223222613334656,0.6190759539604187,0.636640727519989,0.6182894110679626,0.6365799903869629,0.6394368410110474,0.6435993909835815,0.6321507692337036,0.650252640247345,0.6511901617050171,0.7389832735061646,0.6397415399551392,0.7522037625312805,0.6356310844421387,0.8315413594245911,0.6225000619888306,0.8562815189361572,0.6315759420394897,0.8536523580551147,0.614401638507843,0.880175769329071,0.6284170150756836,0.852401852607727,0.6145774722099304,0.8828415274620056,0.6299741864204407,0.8460127115249634,0.6183668375015259,0.8736484050750732,0.7219967842102051,0.6739883422851562,0.719842791557312,0.6827828288078308,0.7686380743980408,0.5949896574020386,0.7642841339111328,0.6359525322914124,0.8413099646568298,0.5824582576751709,0.8296151757240295,0.6003508567810059,0.8506962656974792,0.5808424353599548,0.8391466736793518,0.5926411151885986,0.8595890402793884,0.5733107328414917,0.8462560772895813,0.5998690724372864,0
0.6081435680389404,0.6746662259101868,0.6113775968551636,0.6616187691688538,0.611876368522644,0.6625394821166992,0.6122538447380066,0.6641819477081299,0.6081181168556213,0.659680187702179,0.6079621315002441,0.6587144732475281,0.6078140735626221,0.6586167812347412,0.6176084280014038,0.6566000580787659,0.6128497123718262,0.6439335346221924,0.6139854788780212,0.6859177947044373,0.609520435333252,0.6842051148414612,0.6457467079162598,0.7026405334472656,0.6301205158233643,0.6551006436347961,0.6436232924461365,0.8168060183525085,0.623867392539978,0.7475676536560059,0.6190959811210632,0.912256121635437,0.6005458235740662,0.8855572938919067,0.5998286008834839,0.939240574836731,0.5915099382400513,0.9049707055091858,0.593734085559845,0.9320964217185974,0.5913165211677551,0.9056608080863953,0.6000217795372009,0.9252387285232544,0.5952765941619873,0.9027658700942993,0.7092128992080688,0.680079996585846,0.7016817331314087,0.6580814123153687,0.754289984703064,0.6542215347290039,0.7404707074165344,0.6449120044708252,0.8064926862716675,0.6336637139320374,0.7918251156806946,0.6385412216186523,0.8134591579437256,0.6256080269813538,0.7991712689399719,0.6345202922821045,0.816780149936676,0.6520286202430725,0.8025816679000854,0.6530574560165405,0
0.6170316934585571,0.6700732111930847,0.6150191426277161,0.6553782224655151,0.6172295808792114,0.654032826423645,0.6172690987586975,0.6539630889892578,0.6143131852149963,0.6624781489372253,0.6139904260635376,0.6629289984703064,0.6135575175285339,0.664030134677887,0.6192508935928345,0.6424167156219482,0.6149125099182129,0.6607942581176758,0.6217800974845886,0.6700400114059448,0.6206951141357422,0.6719605922698975,0.6446319818496704,0.6434829235076904,0.6359668374061584,0.6973495483398438,0.6601037383079529,0.7026467323303223,0.640252947807312,0.77357017993927,0.6491685509681702,0.8288007974624634,0.6390129327774048,0.8432559967041016,0.6456568241119385,0.8612105846405029,0.6366254091262817,0.8612711429595947,0.6441064476966858,0.8626204133033752,0.6376002430915833,0.8594591617584229,0.6447938680648804,0.8616800308227539,0.639214038848877,0.8504688143730164,0.7212862968444824,0.6367616653442383,0.7204256653785706,0.6680798530578613,0.7622641324996948,0.5972213745117188,0.7671989798545837,0.6371414661407471,0.8197708129882812,0.5845529437065125,0.8087269067764282,0.6165734529495239,0.8262555003166199,0.5833027958869934,0.8156565427780151,0.6122106909751892,0.8350566625595093,0.5859224796295166,0.81822669506073,0.618201732635498,0
0.6194809675216675,0.6798493266105652,0.6179673671722412,0.6643645763397217,0.6183075308799744,0.663022518157959,0.6185826063156128,0.6621662378311157,0.6151823401451111,0.6745002269744873,0.6146298050880432,0.6752997636795044,0.6140335202217102,0.6764589548110962,0.6192018985748291,0.6534850001335144,0.6144311428070068,0.6757570505142212,0.6244105696678162,0.6793004274368286,0.6231979131698608,0.6919065713882446,0.6483269929885864,0.6329051852226257,0.6366401314735413,0.7132841944694519,0.6612284779548645,0.7284067273139954,0.6357965469360352,0.8318440318107605,0.6530048847198486,0.8663477301597595,0.6293965578079224,0.9088016748428345,0.6538770794868469,0.8999463319778442,0.6255303025245667,0.9293811321258545,0.6499044299125671,0.8996214866638184,0.6257603168487549,0.9240488409996033,0.6490078568458557,0.8891553282737732,0.628491222858429,0.9141112565994263,0.7280415296554565,0.6005975604057312,0.7260499596595764,0.6480265259742737,0.7707098722457886,0.5686938166618347,0.7779273986816406,0.6182167530059814,0.8501303195953369,0.5637653470039368,0.8368726968765259,0.5869215130805969,0.8585666418075562,0.5613901615142822,0.8453186750411987,0.5763331055641174,0.8737151026725769,0.5776124596595764,0.8548470735549927,0.6033526062965393,0
0.6204695701599121,0.7051036953926086,0.6176339387893677,0.6914699673652649,0.6182298064231873,0.6909931302070618,0.6206358075141907,0.6895509362220764,0.6158515810966492,0.6982308030128479,0.6150723695755005,0.6917611956596375,0.6145760416984558,0.6986504197120667,0.6259876489639282,0.6717162132263184,0.6147952079772949,0.6873142719268799,0.6255727410316467,0.7037065029144287,0.6209672093391418,0.7055417895317078,0.6555320024490356,0.659748375415802,0.6338649392127991,0.676669716835022,0.6707826256752014,0.7501468062400818,0.6239151358604431,0.744093656539917,0.6540325880050659,0.882209062576294,0.6114899516105652,0.820908784866333,0.6523370742797852,0.9081161022186279,0.6039366126060486,0.8353995680809021,0.6477608680725098,0.9074121117591858,0.6054922938346863,0.8364818692207336,0.6505548357963562,0.9025158882141113,0.6092230677604675,0.8307780027389526,0.7190186381340027,0.6260043382644653,0.712113082408905,0.6416298151016235,0.7764332890510559,0.6013530492782593,0.7643833756446838,0.6245082020759583,0.8276804089546204,0.5895122289657593,0.816331148147583,0.5891163349151611,0.834237813949585,0.5856696963310242,0.8241113424301147,0.5819084644317627,0.8424367904663086,0.5990836024284363,0.8292396068572998,0.5923274159431458,0
0.618972659111023,0.7161712646484375,0.6167700290679932,0.7015708088874817,0.6173243522644043,0.699603259563446,0.6175793409347534,0.6939396262168884,0.6135023236274719,0.7064753770828247,0.6127438545227051,0.707060694694519,0.6119471192359924,0.7079319953918457,0.6205477714538574,0.6801478862762451,0.6122019290924072,0.6978667974472046,0.6244599223136902,0.70454341173172,0.6223812103271484,0.7152879238128662,0.647274911403656,0.6469127535820007,0.6324980854988098,0.6924727559089661,0.6688967943191528,0.7596249580383301,0.6345923542976379,0.8078562021255493,0.6585056185722351,0.8917443752288818,0.6137809753417969,0.9241200685501099,0.660394012928009,0.9259943962097168,0.6196452975273132,0.9420341849327087,0.6573030948638916,0.9260667562484741,0.6197798252105713,0.940504789352417,0.6560091972351074,0.9134427309036255,0.6233834624290466,0.9300835728645325,0.7170428037643433,0.5926245450973511,0.7111355066299438,0.6244074702262878,0.7681237459182739,0.5788806080818176,0.7618171572685242,0.618611216545105,0.8435267806053162,0.5782968997955322,0.8346341848373413,0.5844478607177734,0.8538147807121277,0.5748476386070251,0.8446550369262695,0.5731446743011475,0.8608382940292358,0.5929482579231262,0.855546772480011,0.5984452962875366,0
0.6178594827651978,0.7304431200027466,0.6164280772209167,0.720163881778717,0.617404043674469,0.7130188941955566,0.6184057593345642,0.7101049423217773,0.6115942001342773,0.7235825061798096,0.6105685234069824,0.7236934304237366,0.6096599102020264,0.7237317562103271,0.6201274991035461,0.6934973001480103,0.6090092062950134,0.7057406902313232,0.6235429048538208,0.7226577997207642,0.6184869408607483,0.7300589084625244,0.6471564173698425,0.663875937461853,0.6065186262130737,0.657519519329071,0.6738917827606201,0.7950533032417297,0.6146137714385986,0.7591108083724976,0.6599816679954529,0.906121015548706,0.6110145449638367,0.8602985143661499,0.6626036763191223,0.934302806854248,0.6024051904678345,0.8821721076965332,0.6593706011772156,0.933711588382721,0.6045442223548889,0.8830284476280212,0.6582162380218506,0.9244486689567566,0.6106075048446655,0.876629114151001,0.6847610473632812,0.6044156551361084,0.6603976488113403,0.6204192638397217,0.6912243366241455,0.6695029735565186,0.6375013589859009,0.7122076153755188,0.7125418186187744,0.741490364074707,0.6565285921096802,0.8017205595970154,0.7153676748275757,0.7505806088447571,0.6619035601615906,0.8141825199127197,0.7111763954162598,0.7852475643157959,0.6499925255775452,0.8364521265029907,0
0.6071984767913818,0.7281399965286255,0.6088928580284119,0.7271515130996704,0.6112724542617798,0.7258117198944092,0.6113314628601074,0.7263641953468323,0.6082442402839661,0.720378041267395,0.6060357689857483,0.7110792994499207,0.6050962805747986,0.7065131068229675,0.6132394671440125,0.7158970236778259,0.6070488095283508,0.6809393167495728,0.6144994497299194,0.7311121821403503,0.6085579991340637,0.713705837726593,0.6442273855209351,0.7182044982910156,0.5989348292350769,0.610586404800415,0.6578791737556458,0.8125039339065552,0.5760670304298401,0.5652966499328613,0.6552145481109619,0.9199513792991638,0.553598165512085,0.5930600166320801,0.6593369245529175,0.9485969543457031,0.5443441867828369,0.5866703987121582,0.6523007154464722,0.9437688589096069,0.5501691699028015,0.598588228225708,0.652040958404541,0.9346688389778137,0.5521286725997925,0.5988470911979675,0.6671437621116638,0.6682690978050232,0.6492611765861511,0.628093957901001,0.6735673546791077,0.7029954791069031,0.6495011448860168,0.6414029002189636,0.695199191570282,0.7051962018013,0.6699012517929077,0.6626725196838379,0.6995164155960083,0.7022528648376465,0.6744036078453064,0.6646687388420105,0.6922121644020081,0.7269887924194336,0.6677085757255554,0.6718481779098511,0
0.6083377599716187,0.7241050601005554,0.608749508857727,0.7253586649894714,0.6095138788223267,0.7258410453796387,0.6102370023727417,0.7263151407241821,0.606476366519928,0.7206296920776367,0.6057133078575134,0.7177563309669495,0.6049481630325317,0.7150170207023621,0.6120873689651489,0.7143451571464539,0.6049579381942749,0.6990813612937927,0.6111556887626648,0.7184846997261047,0.609222948551178,0.7141702175140381,0.6277090311050415,0.7096470594406128,0.6033169627189636,0.6368696689605713,0.6185797452926636,0.7924933433532715,0.5937260985374451,0.6532310843467712,0.5978133082389832,0.9015486240386963,0.5801976323127747,0.7006226778030396,0.5886778235435486,0.9499741196632385,0.5722516775131226,0.7023704648017883,0.5867438316345215,0.9456621408462524,0.5739589929580688,0.7116178870201111,0.5894486308097839,0.9383386373519897,0.5782354474067688,0.7149204611778259,0.6523109674453735,0.6889969706535339,0.6387032866477966,0.6582440733909607,0.6483975648880005,0.7513927817344666,0.6333224773406982,0.7140712141990662,0.6585865616798401,0.7664966583251953,0.651505172252655,0.7347461581230164,0.6603378057479858,0.760840654373169,0.6551089882850647,0.7326166033744812,0.6566506624221802,0.7945860624313354,0.6526740789413452,0.746543824672699,0
0.6062927842140198,0.7293710708618164,0.606346845626831,0.7287469506263733,0.6068193316459656,0.7310076951980591,0.6072579622268677,0.7332605123519897,0.6055651307106018,0.7220948934555054,0.6054625511169434,0.7198765277862549,0.6053439378738403,0.7177960872650146,0.6103410124778748,0.7388083338737488,0.6081270575523376,0.7161533832550049,0.6093176007270813,0.7374095320701599,0.6083747148513794,0.7310587167739868,0.6206270456314087,0.7904763221740723,0.6208592653274536,0.7031422853469849,0.6214237213134766,0.879631757736206,0.6347044706344604,0.6932602524757385,0.5984146595001221,0.9377720355987549,0.629284143447876,0.7012839317321777,0.6020657420158386,0.9537184238433838,0.6260697841644287,0.6959530115127563,0.5908993482589722,0.9469201564788818,0.6249894499778748,0.704197347164154,0.5927032232284546,0.94077068567276,0.626875102519989,0.7092907428741455,0.6514851450920105,0.8059186935424805,0.6510540843009949,0.765056312084198,0.6618888974189758,0.8426075577735901,0.6670741438865662,0.7767561078071594,0.6604503989219666,0.8953946828842163,0.6592812538146973,0.833051323890686,0.6608516573905945,0.8984749913215637,0.6568788886070251,0.8428921103477478,0.6541607975959778,0.9228093028068542,0.6574541926383972,0.841653048992157,0
0.612898051738739,0.7399077415466309,0.6131404042243958,0.7277972102165222,0.6133124232292175,0.7258214950561523,0.6133913993835449,0.7240265011787415,0.6080825328826904,0.7368433475494385,0.6075637936592102,0.7377986907958984,0.6068745851516724,0.7386273145675659,0.6178494691848755,0.7152073383331299,0.603195309638977,0.7336990237236023,0.6168310642242432,0.7388973832130432,0.612910807132721,0.7449056506156921,0.6372686624526978,0.7151095271110535,0.5972153544425964,0.7577921748161316,0.6540043950080872,0.8197998404502869,0.5990884304046631,0.8642215728759766,0.6609255075454712,0.9354032278060913,0.5944207906723022,0.9327755570411682,0.6662459969520569,0.9535884261131287,0.5875915884971619,0.9436718821525574,0.6602420210838318,0.9525141716003418,0.5884972810745239,0.9454330801963806,0.6576903462409973,0.944697380065918,0.5931957960128784,0.9405094385147095,0.6453828811645508,0.7573073506355286,0.628875195980072,0.7848233580589294,0.653420090675354,0.7365126013755798,0.641207218170166,0.7879815697669983,0.6679319739341736,0.6995548009872437,0.6521281003952026,0.7614278197288513,0.6703121066093445,0.6906375288963318,0.6552378535270691,0.7518705725669861,0.6701183319091797,0.7019025087356567,0.6529189348220825,0.7657740116119385,0
0.6081296801567078,0.7402973175048828,0.609663188457489,0.73277348279953,0.6110169887542725,0.7325599193572998,0.6123635172843933,0.7322713136672974,0.6058367490768433,0.7332428097724915,0.6046315431594849,0.7334221601486206,0.6033660173416138,0.7338875532150269,0.6156072616577148,0.7301860451698303,0.6034591197967529,0.7334784269332886,0.6122530698776245,0.7448244690895081,0.6085282564163208,0.7462003231048584,0.6348371505737305,0.7479727268218994,0.6006349325180054,0.7559067606925964,0.6408836841583252,0.8535897135734558,0.5947870016098022,0.8472213745117188,0.6427193880081177,0.9665429592132568,0.5910558104515076,0.9309290647506714,0.6471123099327087,0.9936285614967346,0.5844717025756836,0.9425275921821594,0.6397504210472107,0.9934384822845459,0.5862957239151001,0.9438538551330566,0.6383294463157654,0.9837759733200073,0.5889973640441895,0.9406507611274719,0.6571695804595947,0.774245023727417,0.6419245600700378,0.784453272819519,0.6608078479766846,0.8172512650489807,0.65693598985672,0.838787853717804,0.6641125082969666,0.8470853567123413,0.6637266278266907,0.8680158853530884,0.665436863899231,0.8458544611930847,0.6659920811653137,0.8674929738044739,0.6613953709602356,0.8748023509979248,0.6630697846412659,0.8846351504325867,0
0.6039422750473022,0.7496141791343689,0.6043651103973389,0.7432053685188293,0.6055215001106262,0.7434076070785522,0.6066436767578125,0.743584930896759,0.6015436053276062,0.7410579919815063,0.6007269024848938,0.740084707736969,0.5998966097831726,0.739255428314209,0.6103178262710571,0.7416747808456421,0.6013501286506653,0.7354850769042969,0.6080269813537598,0.7544015049934387,0.6050593852996826,0.7535220980644226,0.6265702843666077,0.771364688873291,0.6062575578689575,0.7375511527061462,0.621802031993866,0.8624297976493835,0.6043809056282043,0.7962999939918518,0.5967652797698975,0.9392113089561462,0.5963369607925415,0.8672410845756531,0.5917860269546509,0.9596415758132935,0.5899847745895386,0.8738051056861877,0.5885360240936279,0.9537200331687927,0.5915713906288147,0.8798397183418274,0.5909536480903625,0.9461302757263184,0.5952607989311218,0.8800838589668274,0.6572436094284058,0.7859075665473938,0.6465604305267334,0.7719361186027527,0.6602401733398438,0.8427178263664246,0.65720134973526,0.8282742500305176,0.6553926467895508,0.8572266697883606,0.6536226868629456,0.8637396097183228,0.6558840274810791,0.8550614714622498,0.6545026302337646,0.8673151731491089,0.6471276879310608,0.8791887760162354,0.6470988392829895,0.873313844203949,0
0.6096517443656921,0.7661073207855225,0.6111427545547485,0.7551146745681763,0.6124611496925354,0.7523743510246277,0.6137568950653076,0.7495770454406738,0.6056874394416809,0.7603643536567688,0.6049792766571045,0.7612454891204834,0.6014366745948792,0.7644214630126953,0.6159995794296265,0.727654755115509,0.602127730846405,0.7433300614356995,0.614815354347229,0.7563881874084473,0.6097106337547302,0.7685034275054932,0.6405783295631409,0.7019847631454468,0.5963927507400513,0.7305783629417419,0.6492810845375061,0.7935170531272888,0.588259220123291,0.8298441767692566,0.6376783847808838,0.957800567150116,0.5880309343338013,0.9336732625961304,0.6379503607749939,0.9946986436843872,0.5802157521247864,0.9448457956314087,0.6269933581352234,0.9986950159072876,0.5833467841148376,0.9460192322731018,0.6266507506370544,0.9854970574378967,0.5864543914794922,0.9437420964241028,0.6636912822723389,0.7318283319473267,0.6417866945266724,0.7509459257125854,0.6632514595985413,0.7813723087310791,0.6411232352256775,0.7918989062309265,0.6577025651931763,0.7977198362350464,0.641398012638092,0.7967807054519653,0.6579546332359314,0.7943050265312195,0.643123209476471,0.7916030883789062,0.6509406566619873,0.8235502243041992,0.6398006081581116,0.8058916330337524,0
0.5936028361320496,0.7607431411743164,0.5953314304351807,0.7656020522117615,0.5961383581161499,0.768856942653656,0.5969158411026001,0.7721329927444458,0.5935701727867126,0.7530530691146851,0.5932292938232422,0.7479776740074158,0.5928902626037598,0.7430047392845154,0.6017343401908875,0.7686144709587097,0.5966053605079651,0.7259253859519958,0.5971261858940125,0.7612712383270264,0.5956434607505798,0.7499029040336609,0.6210406422615051,0.7912089824676514,0.6056563854217529,0.6560807228088379,0.6170327067375183,0.8501938581466675,0.5952967405319214,0.6408745646476746,0.5971207022666931,0.9422497749328613,0.5798746943473816,0.7215704321861267,0.5928765535354614,0.9671134352684021,0.5732236504554749,0.7268203496932983,0.5901631712913513,0.9577797055244446,0.5754536390304565,0.7491174340248108,0.5922619700431824,0.9492260217666626,0.5784543752670288,0.7513282895088196,0.6564653515815735,0.7660011053085327,0.6486042737960815,0.7051759958267212,0.6481693387031555,0.8604255318641663,0.6472077369689941,0.7898980975151062,0.6533641815185547,0.8962695598602295,0.6458110809326172,0.8648115396499634,0.656228244304657,0.8900438547134399,0.6480422616004944,0.8730173707008362,0.6411985754966736,0.935340940952301,0.6349867582321167,0.8813519477844238,0
0.5978673696517944,0.7785670161247253,0.598578691482544,0.7742248773574829,0.6015748381614685,0.7711839079856873,0.6022573709487915,0.7712043523788452,0.5955859422683716,0.7689822912216187,0.5946230888366699,0.7585476636886597,0.5934165716171265,0.7554165124893188,0.6075338125228882,0.7605721950531006,0.5953314900398254,0.7372353076934814,0.6036489009857178,0.7794172167778015,0.597558856010437,0.7777636647224426,0.6314232349395752,0.7723372578620911,0.592943549156189,0.707072913646698,0.6357194185256958,0.8655505776405334,0.5923698544502258,0.7625994682312012,0.6033772826194763,0.9468303918838501,0.5907341837882996,0.842252254486084,0.5983645915985107,0.9676245450973511,0.5860486030578613,0.8563216328620911,0.5929233431816101,0.9588860869407654,0.5911113023757935,0.8613700270652771,0.5932268500328064,0.9489660859107971,0.5946833491325378,0.8574473857879639,0.6557719707489014,0.70257967710495,0.637406587600708,0.6737749576568604,0.6545946598052979,0.7980501651763916,0.6322556734085083,0.6973717212677002,0.6594829559326172,0.8708587288856506,0.6297574639320374,0.7306506633758545,0.6642319560050964,0.8766088485717773,0.6317357420921326,0.7375676035881042,0.6477289795875549,0.9183541536331177,0.6215535998344421,0.7434278130531311,0
0.0,0.0,0.0,0.0,0.0,0.0,0.0,0.0,0.0,0.0,0.0,0.0,0.0,0.0,0.0,0.0,0.0,0.0,0.0,0.0,0.0,0.0,0.0,0.0,0.0,0.0,0.0,0.0,0.0,0.0,0.0,0.0,0.0,0.0,0.0,0.0,0.0,0.0,0.0,0.0,0.0,0.0,0.0,0.0,0.0,0.0,0.0,0.0,0.0,0.0,0.0,0.0,0.0,0.0,0.0,0.0,0.0,0.0,0.0,0.0,0.0,0.0,0.0,0.0,0.0,0.0,0
0.6000383496284485,0.7941721081733704,0.6035664677619934,0.7875791788101196,0.6052528619766235,0.7893304228782654,0.606899082660675,0.791122555732727,0.5992646813392639,0.779177188873291,0.5979761481285095,0.7752604484558105,0.5967427492141724,0.7715252041816711,0.6130478382110596,0.7812286615371704,0.5984176397323608,0.7502613067626953,0.6043219566345215,0.7977651357650757,0.5999495387077332,0.7867695689201355,0.6333211064338684,0.794191837310791,0.5950470566749573,0.7170025110244751,0.6338120698928833,0.8747094869613647,0.5930182933807373,0.7810124158859253,0.6026471257209778,0.9434080719947815,0.5896750092506409,0.8650609850883484,0.5988235473632812,0.9670166969299316,0.5854911804199219,0.8789766430854797,0.5916955471038818,0.955947756767273,0.5897284746170044,0.8834319710731506,0.5942369103431702,0.9457796812057495,0.5930514335632324,0.8796777725219727,0.6583296060562134,0.7130062580108643,0.6375596523284912,0.677848756313324,0.6627504825592041,0.8118718862533569,0.6377243995666504,0.7621480226516724,0.6574905514717102,0.872046172618866,0.6362606883049011,0.8534752130508423,0.6594871878623962,0.8756700754165649,0.6388802528381348,0.8659182190895081,0.6467318534851074,0.9122451543807983,0.6268428564071655,0.8824630379676819,0
0.5967138409614563,0.7816848754882812,0.5982621908187866,0.793134868144989,0.5990538001060486,0.7935786843299866,0.5996958017349243,0.7939992547035217,0.5919833779335022,0.7857009172439575,0.5938646197319031,0.7654566168785095,0.5926970839500427,0.7602028250694275,0.6068925261497498,0.7804393768310547,0.5951105356216431,0.7356474995613098,0.6011000871658325,0.7963079810142517,0.598269522190094,0.7679259777069092,0.6372515559196472,0.785172164440155,0.5938677191734314,0.6406413316726685,0.6480115056037903,0.8539902567863464,0.5840608477592468,0.609112560749054,0.6040083765983582,0.9521501660346985,0.5549098253250122,0.6536068916320801,0.6017359495162964,0.9826491475105286,0.5439858436584473,0.6490866541862488,0.5955660343170166,0.9674478769302368,0.5466820001602173,0.6725077033042908,0.5990937948226929,0.9545290470123291,0.5524944067001343,0.6776970624923706,0.6722326874732971,0.7077652812004089,0.6489949226379395,0.644860029220581,0.6688984036445618,0.8328661918640137,0.640937328338623,0.7634403109550476,0.6784014701843262,0.9204295873641968,0.6528837084770203,0.876700222492218,0.680777370929718,0.9286077618598938,0.6572302579879761,0.8931670188903809,0.672446608543396,0.9621729850769043,0.6466950178146362,0.9095707535743713,0
0.6010440587997437,0.8215533494949341,0.602567195892334,0.8103500604629517,0.6036260724067688,0.8088675141334534,0.605962336063385,0.8038020133972168,0.5965619087219238,0.8099010586738586,0.5939046144485474,0.8049290180206299,0.5924732089042664,0.8031343221664429,0.6142075061798096,0.7844972610473633,0.595108151435852,0.7781244516372681,0.6069536209106445,0.8133667707443237,0.6019078493118286,0.8107044696807861,0.646199107170105,0.7545499205589294,0.5861313343048096,0.7043322324752808,0.6660563349723816,0.839176595211029,0.5867812633514404,0.7702930569648743,0.6352002024650574,0.9575985074043274,0.5722057819366455,0.8850785493850708,0.6320356726646423,0.9889782071113586,0.5629415512084961,0.9011130332946777,0.6212226152420044,0.974983274936676,0.5692678093910217,0.9144806861877441,0.6210997104644775,0.963415265083313,0.574951708316803,0.9094878435134888,0.666234016418457,0.6607283353805542,0.6347396373748779,0.6404753923416138,0.6626706719398499,0.7969887852668762,0.6192833185195923,0.7942814230918884,0.6713006496429443,0.8566471338272095,0.6411187648773193,0.8463941216468811,0.6727586388587952,0.8652268648147583,0.6460152268409729,0.8519876003265381,0.6673157215118408,0.8884105682373047,0.6381964683532715,0.8695006966590881,0
0.6056086421012878,0.8271465301513672,0.6061144471168518,0.8152067065238953,0.607008695602417,0.8127439022064209,0.607718288898468,0.8100510239601135,0.6000587344169617,0.8159749507904053,0.5983795523643494,0.8140366673469543,0.5968136787414551,0.8121159076690674,0.61063152551651,0.7848197221755981,0.5954560041427612,0.7837258577346802,0.610606849193573,0.8158234357833862,0.606545627117157,0.8173028230667114,0.6421552896499634,0.746406614780426,0.5825983285903931,0.7177388668060303,0.6583783030509949,0.8207284212112427,0.5873650312423706,0.785277247428894,0.6308796405792236,0.9389640092849731,0.5761800408363342,0.9060521125793457,0.6280400156974792,0.9691014885902405,0.5672171711921692,0.9275704622268677,0.6176857948303223,0.9605048894882202,0.5724136829376221,0.9375784397125244,0.6177882552146912,0.9496352672576904,0.5781208276748657,0.9301189184188843,0.6623339653015137,0.6506140232086182,0.6308668851852417,0.6425189971923828,0.6533572673797607,0.8012205958366394,0.6087910532951355,0.8062224388122559,0.6576979160308838,0.8453717231750488,0.6290847659111023,0.840822696685791,0.6575281620025635,0.8523621559143066,0.6330846548080444,0.8436864614486694,0.6546075940132141,0.8733290433883667,0.6270747184753418,0.8625603914260864,0
0.6038405299186707,0.8180218935012817,0.601966381072998,0.8084802031517029,0.6039496064186096,0.8014483451843262,0.6045355796813965,0.7986890077590942,0.598196268081665,0.8091443777084351,0.5970287919044495,0.8082813024520874,0.5945389270782471,0.8114327192306519,0.6069026589393616,0.7798884510993958,0.5951609015464783,0.7898515462875366,0.6090503334999084,0.8046866655349731,0.6041516661643982,0.8138407468795776,0.6407380700111389,0.7348728775978088,0.5818696618080139,0.7416658401489258,0.6668007969856262,0.8299778699874878,0.5923943519592285,0.8124470710754395,0.6622833609580994,0.9646193385124207,0.5878936648368835,0.9250119924545288,0.6534064412117004,0.9842100143432617,0.5796723961830139,0.9471323490142822,0.6429116129875183,0.9814121723175049,0.5826841592788696,0.9496509432792664,0.6419435143470764,0.9717028737068176,0.5860533118247986,0.9383630752563477,0.6588346362113953,0.6409494876861572,0.6312872767448425,0.6496800184249878,0.6514673233032227,0.7760692834854126,0.6201090812683105,0.7905974388122559,0.647075355052948,0.8185940980911255,0.6338844895362854,0.8095863461494446,0.6463649868965149,0.8229391574859619,0.6366974115371704,0.8061574697494507,0.6412580013275146,0.855975866317749,0.6305723786354065,0.840837299823761,0
0.599269449710846,0.8285547494888306,0.6001887321472168,0.8175030946731567,0.6013296246528625,0.8174745440483093,0.6045763492584229,0.8163756132125854,0.5948193669319153,0.8117629289627075,0.5932358503341675,0.8096542358398438,0.5906331539154053,0.8063368201255798,0.6090715527534485,0.7952466607093811,0.5898726582527161,0.7873373031616211,0.60619056224823,0.822223424911499,0.599970817565918,0.8163084983825684,0.6476241946220398,0.770363986492157,0.5801082849502563,0.7270007133483887,0.6565242409706116,0.8477727770805359,0.5769211053848267,0.8068165183067322,0.6385682821273804,0.9431647062301636,0.5742765665054321,0.9266669750213623,0.6398204565048218,0.9636993408203125,0.5671684145927429,0.9433907270431519,0.6291747689247131,0.9532922506332397,0.5818082094192505,0.9493533372879028,0.6272876262664795,0.9453035593032837,0.5828127264976501,0.9430035352706909,0.6575239300727844,0.6405444145202637,0.6239631772041321,0.6236978769302368,0.6395115256309509,0.7971463203430176,0.5997310876846313,0.7815649509429932,0.637968897819519,0.8252187967300415,0.6132091283798218,0.7899796366691589,0.6376585364341736,0.8241847157478333,0.6168703436851501,0.7852276563644409,0.6332743763923645,0.8500916957855225,0.6127051711082458,0.8147425651550293,0
0.6010839939117432,0.8181238770484924,0.6015644669532776,0.8126857876777649,0.6037387251853943,0.8138071298599243,0.604852557182312,0.8128575086593628,0.5960204601287842,0.8123646378517151,0.5945228338241577,0.8108969926834106,0.5919902920722961,0.8073455095291138,0.6110660433769226,0.789152204990387,0.5922488570213318,0.7847293019294739,0.6073088049888611,0.8122714757919312,0.602227509021759,0.808560848236084,0.643426775932312,0.7650261521339417,0.5841060280799866,0.7217695116996765,0.6667488217353821,0.8455304503440857,0.5953201055526733,0.7942409515380859,0.6464096307754517,0.9518389701843262,0.5901500582695007,0.9002074599266052,0.645368218421936,0.97869873046875,0.582898736000061,0.9184590578079224,0.6353272795677185,0.9700828790664673,0.5887513756752014,0.927630603313446,0.6343740224838257,0.9591870307922363,0.5936765074729919,0.9217955470085144,0.6605421900749207,0.6460453867912292,0.6315767168998718,0.6357386708259583,0.6502749919891357,0.765067994594574,0.6144739985466003,0.7586654424667358,0.6510099172592163,0.8154285550117493,0.6272698640823364,0.7981321811676025,0.6526345014572144,0.8186790347099304,0.6311208605766296,0.7999187111854553,0.6464363932609558,0.8527841567993164,0.6244726181030273,0.8271177411079407,0
0.600788414478302,0.8343496322631836,0.6007117033004761,0.8240125179290771,0.60418701171875,0.8212205171585083,0.6052665710449219,0.8189243674278259,0.594784140586853,0.8264980316162109,0.593325138092041,0.8257077932357788,0.590598464012146,0.8223550319671631,0.6133738160133362,0.7928115725517273,0.5910701155662537,0.7980732917785645,0.6071977019309998,0.8266777992248535,0.6018500328063965,0.8255977630615234,0.6456617712974548,0.7630661129951477,0.5763881206512451,0.7422938346862793,0.6699367165565491,0.8461927175521851,0.5799062848091125,0.8122470378875732,0.6599774360656738,0.9606319665908813,0.5779915452003479,0.9192224740982056,0.6532729268074036,0.985618531703949,0.5707508325576782,0.9412988424301147,0.6431808471679688,0.9808251261711121,0.5826125144958496,0.9492050409317017,0.6514788866043091,0.9659878015518188,0.585192859172821,0.9393972158432007,0.6588269472122192,0.6484687328338623,0.6246837377548218,0.6473214030265808,0.6560986042022705,0.7408890724182129,0.6154886484146118,0.7579391598701477,0.6568617224693298,0.7629467844963074,0.6279520392417908,0.7666535377502441,0.6586746573448181,0.7591972947120667,0.6316943764686584,0.7579839825630188,0.6535530686378479,0.810674786567688,0.6260608434677124,0.8092591762542725,0
0.5956920981407166,0.8386507034301758,0.6010391116142273,0.8272379636764526,0.6022258400917053,0.8259267807006836,0.6062718033790588,0.8241297006607056,0.5919983386993408,0.8209954500198364,0.5896761417388916,0.8184787631034851,0.5904015898704529,0.8228853940963745,0.6123011112213135,0.7979109287261963,0.5907309651374817,0.8005446195602417,0.607197642326355,0.8309347629547119,0.5960085391998291,0.8282395601272583,0.6492292881011963,0.7761110067367554,0.5767773389816284,0.7380310893058777,0.667834997177124,0.8518519401550293,0.5811402797698975,0.8091113567352295,0.6518280506134033,0.9544811248779297,0.5804828405380249,0.9196950197219849,0.6523056626319885,0.9791684746742249,0.5809124708175659,0.9552721977233887,0.6428115367889404,0.973274827003479,0.5846457481384277,0.9518803954124451,0.6410554647445679,0.9626368880271912,0.5872907042503357,0.9429856538772583,0.658183217048645,0.6497382521629333,0.6239674687385559,0.6361715793609619,0.6525686383247375,0.7468096017837524,0.6150755882263184,0.749098539352417,0.6494330167770386,0.7736110091209412,0.6251354217529297,0.7653166055679321,0.6513667106628418,0.7686100602149963,0.6288564205169678,0.75770103931427,0.6433779001235962,0.8257764577865601,0.6218281984329224,0.8104658126831055,0
0.5995683670043945,0.8452723026275635,0.5993061065673828,0.8333648443222046,0.6014763116836548,0.8350437879562378,0.6036352515220642,0.8298514485359192,0.5931283831596375,0.8335585594177246,0.5915554165840149,0.8323197364807129,0.5900890827178955,0.8312256932258606,0.6067407131195068,0.8030121326446533,0.5879908800125122,0.8046600222587585,0.6065132021903992,0.8302640318870544,0.5996706485748291,0.8338335752487183,0.644960343837738,0.7623897790908813,0.5754267573356628,0.7345766425132751,0.6781542897224426,0.8253344297409058,0.5832360982894897,0.776461660861969,0.651576042175293,0.937345027923584,0.5799570679664612,0.8888498544692993,0.648223876953125,0.9696076512336731,0.5719262957572937,0.9161293506622314,0.637336254119873,0.9624700546264648,0.5777771472930908,0.9197201728820801,0.6371668577194214,0.9491665363311768,0.583656370639801,0.9092931747436523,0.666161060333252,0.6619755029678345,0.6304449439048767,0.648248016834259,0.6658101677894592,0.726000189781189,0.623235285282135,0.731731116771698,0.6660866141319275,0.742350161075592,0.6394123435020447,0.7467872500419617,0.6679367423057556,0.7399130463600159,0.6438763737678528,0.7410442233085632,0.6623637676239014,0.7856411337852478,0.6368186473846436,0.7809191942214966,0
0.5960083603858948,0.8181785345077515,0.5983507633209229,0.8077502250671387,0.599999725818634,0.8069180250167847,0.6016242504119873,0.8061566948890686,0.594019889831543,0.8055463433265686,0.5927903056144714,0.8037551045417786,0.5916053056716919,0.802044153213501,0.607815682888031,0.7909318208694458,0.5930691361427307,0.7809696793556213,0.6013059616088867,0.8134081959724426,0.5972332954406738,0.8125272989273071,0.636101245880127,0.783069372177124,0.5918651819229126,0.7454787492752075,0.6588508486747742,0.8630519509315491,0.5923147201538086,0.7556502819061279,0.6581963300704956,0.92848801612854,0.6051444411277771,0.8085793256759644,0.6617461442947388,0.9434810876846313,0.6041150093078613,0.8168256282806396,0.6566538214683533,0.9412275552749634,0.6102896928787231,0.8176586031913757,0.6550250053405762,0.9342678785324097,0.6123961210250854,0.8138037323951721,0.6532180309295654,0.6966040134429932,0.6340398192405701,0.6858679056167603,0.6539465188980103,0.7174254059791565,0.6335660815238953,0.6999939680099487,0.6501399278640747,0.7393102049827576,0.635567307472229,0.7300187945365906,0.6531603932380676,0.7356500029563904,0.6391164064407349,0.7308355569839478,0.6394678354263306,0.7811920046806335,0.6258628368377686,0.7601792216300964,0
0.5927504301071167,0.8198422193527222,0.5958123803138733,0.8113277554512024,0.597761332988739,0.8116322755813599,0.5996554493904114,0.8120082020759583,0.5906071662902832,0.8059414625167847,0.589024543762207,0.8033202290534973,0.5874882936477661,0.8007887601852417,0.6062403917312622,0.7988189458847046,0.588865339756012,0.7797338366508484,0.5985280275344849,0.8176430463790894,0.5934939384460449,0.8136847615242004,0.6362367868423462,0.8029966354370117,0.5848233103752136,0.7372040748596191,0.6514759659767151,0.8865866661071777,0.5910703539848328,0.7913036346435547,0.6158964037895203,0.9564027786254883,0.584257960319519,0.8744888305664062,0.6031081080436707,0.9760895371437073,0.5770117044448853,0.8900518417358398,0.593489944934845,0.9593206644058228,0.5809488892555237,0.8944969177246094,0.5959149599075317,0.9471611976623535,0.5860519409179688,0.8893958330154419,0.6618093848228455,0.723297655582428,0.638206422328949,0.6921732425689697,0.6670415997505188,0.7519760131835938,0.6453831791877747,0.6998170614242554,0.6639666557312012,0.7178925275802612,0.6533884406089783,0.7033014893531799,0.6658785343170166,0.7081353068351746,0.6569944024085999,0.7022389769554138,0.6552040576934814,0.740298330783844,0.646049439907074,0.7205744981765747,0
0.5898414850234985,0.828093409538269,0.5907621383666992,0.823409378528595,0.5918432474136353,0.8229613304138184,0.5928270220756531,0.8227846026420593,0.5855457186698914,0.8205836415290833,0.5845860242843628,0.8183868527412415,0.580984354019165,0.8150244355201721,0.5989739298820496,0.8095318675041199,0.5824548006057739,0.7914721369743347,0.5958542823791504,0.8311412930488586,0.591092050075531,0.8157989978790283,0.6389666795730591,0.798899233341217,0.5818849205970764,0.7192851901054382,0.6717982292175293,0.8872618675231934,0.5964210033416748,0.7582519054412842,0.6348910331726074,0.9513434171676636,0.5862097144126892,0.877081036567688,0.6273457407951355,0.97210693359375,0.5757863521575928,0.8979879021644592,0.6184284687042236,0.9561967253684998,0.5830823183059692,0.9111766219139099,0.6200284361839294,0.9459466934204102,0.5895335674285889,0.9032793045043945,0.6701658368110657,0.7243047952651978,0.6418656706809998,0.690946638584137,0.6721084713935852,0.743130624294281,0.6353664398193359,0.7169944047927856,0.670653760433197,0.7340415120124817,0.6440584063529968,0.7178849577903748,0.6721366047859192,0.7277008295059204,0.6483911871910095,0.7104108333587646,0.6618501543998718,0.7596831321716309,0.6362098455429077,0.7432011961936951,0
0.5889534950256348,0.8477950692176819,0.5896894335746765,0.8452410101890564,0.5932019352912903,0.8456621170043945,0.5941780805587769,0.8455215692520142,0.5852620005607605,0.8385251760482788,0.5820749402046204,0.8383952379226685,0.5809833407402039,0.8364534378051758,0.5980153679847717,0.825982928276062,0.581652045249939,0.809726357460022,0.596174418926239,0.8498635292053223,0.5888586044311523,0.8471983671188354,0.6430309414863586,0.8214517831802368,0.5803967714309692,0.7321948409080505,0.6707916259765625,0.8815733194351196,0.5937466025352478,0.7690396308898926,0.6439796090126038,0.9671142101287842,0.5868989825248718,0.8875972032546997,0.6379730105400085,0.9937121868133545,0.5786750316619873,0.9098701477050781,0.6282041668891907,0.9761868715286255,0.5853004455566406,0.9191678762435913,0.6291998624801636,0.9652290344238281,0.5905452966690063,0.9121108055114746,0.6708048582077026,0.7178092002868652,0.6410511136054993,0.6777761578559875,0.657409131526947,0.7561559677124023,0.6282752156257629,0.7230802178382874,0.6453089714050293,0.7645778656005859,0.6383108496665955,0.7447710037231445,0.646769106388092,0.7651919722557068,0.6429916024208069,0.743537962436676,0.6311753988265991,0.7891615629196167,0.6287236213684082,0.7644649147987366,0
0.5920875668525696,0.8566714525222778,0.592642068862915,0.8459165096282959,0.5937340259552002,0.8441654443740845,0.5946306586265564,0.842492938041687,0.5871432423591614,0.8478038311004639,0.5857037901878357,0.8467516899108887,0.5843991041183472,0.8457068204879761,0.6032546162605286,0.8182154893875122,0.5828489065170288,0.8205766677856445,0.5978643894195557,0.8494329452514648,0.5934087038040161,0.8501423001289368,0.641716718673706,0.7827105522155762,0.5790863633155823,0.7527735233306885,0.6703625321388245,0.8563416004180908,0.5900293588638306,0.7937362790107727,0.6436833143234253,0.9476041793823242,0.5840469002723694,0.9004697799682617,0.6384202837944031,0.9763911962509155,0.57594895362854,0.9234150648117065,0.6280248761177063,0.9644132852554321,0.5817837119102478,0.9283328056335449,0.6285769939422607,0.9532452821731567,0.5870997309684753,0.9197717905044556,0.6660202145576477,0.689683735370636,0.6347112655639648,0.6729828119277954,0.6645623445510864,0.7429375052452087,0.6268316507339478,0.7366908192634583,0.6605300903320312,0.7602555155754089,0.6387650966644287,0.7590081095695496,0.6625299453735352,0.7587965130805969,0.6430336236953735,0.7555288076400757,0.6525086164474487,0.7990759611129761,0.6335744857788086,0.7895178198814392,0
0.5931772589683533,0.8582490086555481,0.5916957259178162,0.8482499122619629,0.594015896320343,0.8428652882575989,0.5950461030006409,0.8403607606887817,0.5866349935531616,0.8490761518478394,0.5847198963165283,0.8451701998710632,0.5828071236610413,0.8440431952476501,0.6027159094810486,0.8161477446556091,0.5818594694137573,0.8291959762573242,0.5995002388954163,0.8485711812973022,0.5931887030601501,0.8559517860412598,0.6396734714508057,0.7795338034629822,0.5773786902427673,0.7655340433120728,0.672884464263916,0.850149929523468,0.5832825899124146,0.8095847964286804,0.648871898651123,0.9523911476135254,0.5822629332542419,0.9209282398223877,0.6556886434555054,0.9799221158027649,0.5823284387588501,0.9552615284919739,0.6347399353981018,0.9717453718185425,0.5828626155853271,0.9526779651641846,0.6345747113227844,0.9612829685211182,0.5861692428588867,0.942313015460968,0.6622635126113892,0.6813081502914429,0.6315068602561951,0.6772873997688293,0.6644514799118042,0.741004467010498,0.6268719434738159,0.7398090958595276,0.6676955819129944,0.7426602840423584,0.6399655342102051,0.7511047124862671,0.6700795888900757,0.7345725297927856,0.6433743238449097,0.7451537847518921,0.6646222472190857,0.7880232334136963,0.6392307877540588,0.7834631204605103,0
0.5883165597915649,0.8653100728988647,0.5906014442443848,0.8534489870071411,0.5918517708778381,0.852399468421936,0.5928220152854919,0.8516740798950195,0.5839270949363708,0.8518555760383606,0.5823924541473389,0.850087583065033,0.5809816718101501,0.848581075668335,0.5981923937797546,0.8334028124809265,0.5784434676170349,0.8238992691040039,0.5955981612205505,0.8617017865180969,0.5906055569648743,0.857918381690979,0.6417689323425293,0.8083184361457825,0.577413022518158,0.7488624453544617,0.6722937226295471,0.8901012539863586,0.5878522992134094,0.7796183228492737,0.6462947726249695,0.9798461198806763,0.580156683921814,0.902690052986145,0.6402775049209595,1.008860468864441,0.5711119174957275,0.9273938536643982,0.6291130781173706,0.992314338684082,0.5811671018600464,0.9336883425712585,0.6300438642501831,0.9816714525222778,0.5847163200378418,0.925064742565155,0.6751488447189331,0.7090734243392944,0.6447667479515076,0.6831218004226685,0.6719435453414917,0.7311002016067505,0.6430808901786804,0.7040602564811707,0.6688774824142456,0.7285439968109131,0.654233992099762,0.717884361743927,0.6698889136314392,0.7221131324768066,0.6583479046821594,0.7109424471855164,0.6620784401893616,0.7563328742980957,0.6502570509910583,0.7483116388320923,0
0.5909609794616699,0.864086389541626,0.5898305177688599,0.8454163074493408,0.5928986072540283,0.8392045497894287,0.5937187075614929,0.8367888927459717,0.5869736075401306,0.8475322127342224,0.5837337970733643,0.8500458002090454,0.5827611684799194,0.849272608757019,0.5963663458824158,0.8152698874473572,0.5848101377487183,0.8272622227668762,0.5987063646316528,0.8388720750808716,0.5911557674407959,0.8615765571594238,0.6381676197052002,0.7829011678695679,0.5868045091629028,0.7783966660499573,0.6746372580528259,0.8700211048126221,0.5927084684371948,0.8310939073562622,0.6637033224105835,0.9901601076126099,0.590277910232544,0.9349331259727478,0.6618437170982361,1.0254430770874023,0.5814707279205322,0.9622183442115784,0.6503795385360718,1.0149589776992798,0.5850120782852173,0.9527238607406616,0.650144636631012,1.0039095878601074,0.5894032120704651,0.944725513458252,0.682473361492157,0.7144677639007568,0.6585714817047119,0.7207937836647034,0.727910041809082,0.7000057697296143,0.6927513480186462,0.6945956349372864,0.7773407101631165,0.6287251114845276,0.7356697916984558,0.6506407856941223,0.7821049690246582,0.5984570384025574,0.7412421703338623,0.633403480052948,0.7965917587280273,0.6781839728355408,0.7513567805290222,0.678337812423706,0
0.5869067311286926,0.8551861643791199,0.5869674682617188,0.8431821465492249,0.5898904204368591,0.8422838449478149,0.5910676121711731,0.840908408164978,0.5835153460502625,0.8425658941268921,0.5806856751441956,0.8427194952964783,0.5795724391937256,0.8412778377532959,0.5969196557998657,0.8187738656997681,0.5815479159355164,0.8176409602165222,0.5934828519821167,0.8512129783630371,0.5874634981155396,0.8536064624786377,0.6382870674133301,0.8152329921722412,0.5864864587783813,0.7658678889274597,0.6718767881393433,0.8846709132194519,0.5971510410308838,0.8002529144287109,0.6501145362854004,0.9772117137908936,0.5916683077812195,0.9181327223777771,0.6459887027740479,1.0010995864868164,0.5838290452957153,0.94709312915802,0.6375673413276672,0.9886032938957214,0.5876534581184387,0.9442788362503052,0.6378088593482971,0.9798151254653931,0.5916284918785095,0.9356963634490967,0.6736071109771729,0.7427429556846619,0.6455237865447998,0.7316897511482239,0.6750897169113159,0.7590314745903015,0.6442105174064636,0.7420161366462708,0.673768162727356,0.7505810856819153,0.6511126160621643,0.7403078079223633,0.6747093200683594,0.7421330809593201,0.6542938351631165,0.7318083047866821,0.6681431531906128,0.7787797451019287,0.6470455527305603,0.7657617926597595,0
0.5824940800666809,0.8280625343322754,0.5850890874862671,0.8178738355636597,0.5870531797409058,0.8178873062133789,0.5889666676521301,0.817987859249115,0.5798639059066772,0.8140009045600891,0.5782437324523926,0.8117285370826721,0.5766850709915161,0.8095982074737549,0.5948479175567627,0.8042281270027161,0.5774264335632324,0.7902171611785889,0.5884791016578674,0.8259678483009338,0.5832082629203796,0.8223884105682373,0.6218613386154175,0.8030143976211548,0.5735846757888794,0.7581927180290222,0.6275351643562317,0.867296576499939,0.5769113302230835,0.8072205185890198,0.6046087145805359,0.9454940557479858,0.5766192674636841,0.891382098197937,0.6071116924285889,0.9739832282066345,0.5714865922927856,0.9097945690155029,0.5944541096687317,0.9639519453048706,0.575510561466217,0.9112421274185181,0.5955997705459595,0.9512816071510315,0.579850435256958,0.9046304225921631,0.6414691805839539,0.7117679119110107,0.6178851127624512,0.6957682371139526,0.653827428817749,0.7648133635520935,0.6271873712539673,0.7385334968566895,0.6518240571022034,0.7734526991844177,0.638469398021698,0.7615800499916077,0.6534363031387329,0.7716602683067322,0.6413490176200867,0.7624070644378662,0.645779013633728,0.8058393001556396,0.635556161403656,0.7838006615638733,0
0.5778785347938538,0.8273692727088928,0.5781853199005127,0.8240187168121338,0.5789573192596436,0.8230196237564087,0.5796838402748108,0.8220081925392151,0.575426459312439,0.8242560029029846,0.5743843913078308,0.823570966720581,0.5733898878097534,0.8230258226394653,0.5814327001571655,0.8111611604690552,0.5721282958984375,0.8102911710739136,0.5807085633277893,0.822608232498169,0.5780088901519775,0.8229004740715027,0.5938525795936584,0.7878847718238831,0.5715250372886658,0.7888094782829285,0.6032406091690063,0.8335824012756348,0.5807743668556213,0.8130767345428467,0.5968641638755798,0.8846689462661743,0.5875952243804932,0.8454464077949524,0.5963808298110962,0.8968099355697632,0.5866494178771973,0.8506592512130737,0.5922983884811401,0.8949761986732483,0.5889151096343994,0.8512989282608032,0.5925602316856384,0.8914021849632263,0.5901108384132385,0.8498830199241638,0.6133777499198914,0.7208066582679749,0.601787805557251,0.7250089645385742,0.6196526288986206,0.7931498289108276,0.5982434153556824,0.797417163848877,0.6121041178703308,0.8784590363502502,0.5939605236053467,0.8782309293746948,0.6131900548934937,0.8915954232215881,0.5956417918205261,0.8955019116401672,0.6036586165428162,0.901792585849762,0.5869194269180298,0.8863524794578552,0
0.0,0.0,0.0,0.0,0.0,0.0,0.0,0.0,0.0,0.0,0.0,0.0,0.0,0.0,0.0,0.0,0.0,0.0,0.0,0.0,0.0,0.0,0.0,0.0,0.0,0.0,0.0,0.0,0.0,0.0,0.0,0.0,0.0,0.0,0.0,0.0,0.0,0.0,0.0,0.0,0.0,0.0,0.0,0.0,0.0,0.0,0.0,0.0,0.0,0.0,0.0,0.0,0.0,0.0,0.0,0.0,0.0,0.0,0.0,0.0,0.0,0.0,0.0,0.0,0.0,0.0,0
0.0,0.0,0.0,0.0,0.0,0.0,0.0,0.0,0.0,0.0,0.0,0.0,0.0,0.0,0.0,0.0,0.0,0.0,0.0,0.0,0.0,0.0,0.0,0.0,0.0,0.0,0.0,0.0,0.0,0.0,0.0,0.0,0.0,0.0,0.0,0.0,0.0,0.0,0.0,0.0,0.0,0.0,0.0,0.0,0.0,0.0,0.0,0.0,0.0,0.0,0.0,0.0,0.0,0.0,0.0,0.0,0.0,0.0,0.0,0.0,0.0,0.0,0.0,0.0,0.0,0.0,0
0.0,0.0,0.0,0.0,0.0,0.0,0.0,0.0,0.0,0.0,0.0,0.0,0.0,0.0,0.0,0.0,0.0,0.0,0.0,0.0,0.0,0.0,0.0,0.0,0.0,0.0,0.0,0.0,0.0,0.0,0.0,0.0,0.0,0.0,0.0,0.0,0.0,0.0,0.0,0.0,0.0,0.0,0.0,0.0,0.0,0.0,0.0,0.0,0.0,0.0,0.0,0.0,0.0,0.0,0.0,0.0,0.0,0.0,0.0,0.0,0.0,0.0,0.0,0.0,0.0,0.0,0
0.5927414894104004,0.8097055554389954,0.5941359400749207,0.8018457293510437,0.5947520732879639,0.8007161021232605,0.5970510244369507,0.7967238426208496,0.5906352996826172,0.8009498119354248,0.5903048515319824,0.7998252511024475,0.5887860655784607,0.7951854467391968,0.6012338399887085,0.7764954566955566,0.5938472747802734,0.7673214077949524,0.6029930710792542,0.8026750087738037,0.5996702313423157,0.8026770353317261,0.6410225033760071,0.7681898474693298,0.6031696796417236,0.7340801954269409,0.6571288704872131,0.8651067018508911,0.5955688953399658,0.8147822618484497,0.6590255498886108,0.9750257730484009,0.5817121267318726,0.8936342000961304,0.6632595658302307,0.9978069067001343,0.5741836428642273,0.9008079767227173,0.6545194387435913,0.9983997941017151,0.5763581991195679,0.9078389406204224,0.6523675918579102,0.9903789758682251,0.581317126750946,0.909651517868042,0.6530185341835022,0.8354223370552063,0.6326196193695068,0.8149375319480896,0.6273980140686035,0.8770832419395447,0.6100636124610901,0.8331121206283569,0.6307060122489929,0.8934922814369202,0.619113564491272,0.8838926553726196,0.6341502666473389,0.8829209804534912,0.6244596242904663,0.886160135269165,0.6227060556411743,0.9345951676368713,0.6131017804145813,0.9154973030090332,0
0.5828783512115479,0.8190717101097107,0.584985077381134,0.8037885427474976,0.5886107683181763,0.8023935556411743,0.590276837348938,0.8009819984436035,0.5809148550033569,0.8017770648002625,0.578403651714325,0.7989932298660278,0.5778603553771973,0.7965842485427856,0.5973063111305237,0.7817081212997437,0.5833512544631958,0.7751806378364563,0.5922958850860596,0.8191717267036438,0.5852876305580139,0.8173719644546509,0.6435304880142212,0.8033590316772461,0.5886332988739014,0.7230442762374878,0.6697355508804321,0.912169873714447,0.6016173362731934,0.7861301898956299,0.6378608345985413,0.9962019324302673,0.5787721276283264,0.9106725454330444,0.6289002895355225,1.0180284976959229,0.5643678307533264,0.9310221672058105,0.6063007712364197,0.9730967283248901,0.5679512619972229,0.9429048299789429,0.6198683977127075,0.988089919090271,0.5797571539878845,0.9396342039108276,0.6914166212081909,0.7914086580276489,0.6669343709945679,0.7585618495941162,0.7294121384620667,0.7747008204460144,0.6985551714897156,0.7268523573875427,0.7904478311538696,0.6968040466308594,0.7533358931541443,0.6802977323532104,0.7986130118370056,0.6697824597358704,0.7620301246643066,0.6631184220314026,0.803765594959259,0.7325546145439148,0.7639967203140259,0.7089596390724182,0
0.5943504571914673,0.8002833724021912,0.5945419669151306,0.7891749143600464,0.5963562726974487,0.7863404154777527,0.5978956818580627,0.7839924693107605,0.5915488600730896,0.7875096797943115,0.5910860300064087,0.7848894596099854,0.5909961462020874,0.7809913158416748,0.6045868396759033,0.7622582912445068,0.5940757989883423,0.7585951685905457,0.6018291115760803,0.7966194152832031,0.597158670425415,0.7980951070785522,0.6423853039741516,0.7735002040863037,0.6026005148887634,0.7183555960655212,0.6612699627876282,0.8879047632217407,0.5955261588096619,0.7983493208885193,0.6610807776451111,0.9809962511062622,0.5860028862953186,0.8870660066604614,0.6498653292655945,1.0074543952941895,0.5792214870452881,0.899576723575592,0.6419377326965332,0.998458206653595,0.5815479755401611,0.9036699533462524,0.641162097454071,0.9878053665161133,0.5859005451202393,0.9032872319221497,0.6728507280349731,0.8356508612632751,0.6528455018997192,0.8084512948989868,0.635891854763031,0.8615029454231262,0.6117696166038513,0.8175801634788513,0.6191767454147339,0.9103041291236877,0.6030357480049133,0.8646072745323181,0.6201150417327881,0.9145957827568054,0.6057876348495483,0.8693963885307312,0.6011264324188232,0.9371290802955627,0.5895285606384277,0.8887277245521545,0
0.592958927154541,0.8015668392181396,0.5935277342796326,0.7882304191589355,0.595599889755249,0.7869375944137573,0.5968563556671143,0.7852932214736938,0.5897151827812195,0.7866142988204956,0.5889352560043335,0.784201979637146,0.5881907939910889,0.7815874218940735,0.6039257645606995,0.76459801197052,0.592257559299469,0.7607746124267578,0.6003170013427734,0.8028326034545898,0.5954863429069519,0.8015697598457336,0.6488854289054871,0.792340099811554,0.5983679890632629,0.7224386930465698,0.6679711937904358,0.8971349596977234,0.6024292707443237,0.811673104763031,0.6287241578102112,0.9875048398971558,0.5853081345558167,0.919856071472168,0.6210370063781738,1.0122342109680176,0.5759503245353699,0.9338908791542053,0.6114833354949951,0.9974319338798523,0.5770326852798462,0.9368687868118286,0.6138579845428467,0.9879504442214966,0.5827364325523376,0.9347928762435913,0.6952987313270569,0.8015606999397278,0.6673005223274231,0.7820481061935425,0.6783496141433716,0.8516374826431274,0.6479130983352661,0.8089171051979065,0.6812291741371155,0.8774152398109436,0.6584882736206055,0.8376201391220093,0.6834697127342224,0.8786187171936035,0.6631730198860168,0.8378390073776245,0.6697252988815308,0.9075496196746826,0.6515615582466125,0.8646430969238281,0
0.5971142649650574,0.7925093173980713,0.598394513130188,0.782339334487915,0.5994929671287537,0.7808752059936523,0.6026485562324524,0.7775081396102905,0.5950634479522705,0.7805725336074829,0.5934320092201233,0.7785810232162476,0.5929126739501953,0.77658611536026,0.6088611483573914,0.7616439461708069,0.5957506895065308,0.7582878470420837,0.6041070222854614,0.7944460511207581,0.5999529361724854,0.7926175594329834,0.6436949372291565,0.7785548567771912,0.5997971296310425,0.7312501668930054,0.6565192937850952,0.880502462387085,0.5948102474212646,0.8295015692710876,0.6407378911972046,0.9717686176300049,0.588959813117981,0.930933952331543,0.6391528248786926,0.9942397475242615,0.5825568437576294,0.9500729441642761,0.6305697560310364,0.9857096672058105,0.5849879384040833,0.9481003880500793,0.6309834718704224,0.9763221144676208,0.588201105594635,0.9429540038108826,0.6772838234901428,0.7927770614624023,0.6544904708862305,0.7765603065490723,0.6599922776222229,0.8725159764289856,0.6338580846786499,0.8368498086929321,0.6571575403213501,0.8787887096405029,0.6419855356216431,0.8602263331413269,0.657901406288147,0.8736107349395752,0.6450352072715759,0.8584144711494446,0.6464507579803467,0.9114103317260742,0.6363817453384399,0.8876959681510925,0
0.5930714011192322,0.789967954158783,0.5955007076263428,0.7762681245803833,0.5968456268310547,0.7750577330589294,0.5982434749603271,0.7737798094749451,0.592016339302063,0.7736572623252869,0.5908584594726562,0.7704408168792725,0.5904675722122192,0.7675378918647766,0.6057211756706238,0.7605394124984741,0.5956884026527405,0.7518019676208496,0.6002612709999084,0.7935581207275391,0.5957165956497192,0.7905410528182983,0.6511589884757996,0.8010543584823608,0.6001363396644592,0.711729884147644,0.6715297102928162,0.8957138061523438,0.6007508039474487,0.78122878074646,0.655212938785553,0.9860730171203613,0.5847777724266052,0.8740630745887756,0.646992027759552,1.0187551975250244,0.5760650634765625,0.8849183320999146,0.6377865672111511,1.0070730447769165,0.5798218250274658,0.893928587436676,0.6377461552619934,0.9948079586029053,0.5836454033851624,0.9130704998970032,0.6827082633972168,0.8362235426902771,0.663577139377594,0.7944977879524231,0.6632850170135498,0.8720980286598206,0.626020610332489,0.8060563802719116,0.6650165915489197,0.9076827168464661,0.6375333070755005,0.8397632837295532,0.6671030521392822,0.9071714878082275,0.6427102088928223,0.8407608270645142,0.6536610126495361,0.9481285214424133,0.6292887926101685,0.8746123313903809,0
0.5940504670143127,0.7901164889335632,0.5960370302200317,0.7777296304702759,0.5974441170692444,0.7765483260154724,0.5988718271255493,0.7751325368881226,0.5925112366676331,0.7749627232551575,0.5916618704795837,0.7719096541404724,0.5913980007171631,0.7689204812049866,0.6062618494033813,0.7587286829948425,0.5968809723854065,0.751665472984314,0.6024956703186035,0.7922705411911011,0.5972589254379272,0.7898278832435608,0.6487929224967957,0.7856521010398865,0.6053237915039062,0.7076569199562073,0.6666038036346436,0.9032991528511047,0.6118745803833008,0.7861483097076416,0.6444829106330872,0.9965711832046509,0.597695529460907,0.8771399259567261,0.6417219042778015,1.0215165615081787,0.588641345500946,0.8867357969284058,0.6329116225242615,1.0093055963516235,0.5905193090438843,0.9262011051177979,0.6334097981452942,0.9989429116249084,0.5970431566238403,0.9134796857833862,0.6866394877433777,0.8142281174659729,0.663032591342926,0.7826016545295715,0.6723448634147644,0.8506283164024353,0.6373724937438965,0.793068528175354,0.6700326204299927,0.8683547973632812,0.6439948081970215,0.8135502934455872,0.6709091663360596,0.8644798994064331,0.6483068466186523,0.812318742275238,0.6612832546234131,0.9037055373191833,0.6374274492263794,0.8397102355957031,0
0.6025740504264832,0.7767532467842102,0.6030387878417969,0.7658199667930603,0.6038251519203186,0.7646975517272949,0.6052209138870239,0.7617608308792114,0.6003239750862122,0.7641433477401733,0.5988953113555908,0.7615623474121094,0.5984880924224854,0.7597682476043701,0.6106686592102051,0.7448832988739014,0.6014819145202637,0.7432430386543274,0.6077880859375,0.7771891355514526,0.6040068864822388,0.7765536904335022,0.6387412548065186,0.7601932883262634,0.6090649366378784,0.714886486530304,0.6429946422576904,0.8860211372375488,0.6062265634536743,0.8206297755241394,0.6276131868362427,0.9903745651245117,0.5989255309104919,0.944733738899231,0.6230716109275818,1.00627601146698,0.5898639559745789,0.9297073483467102,0.6157238483428955,0.9973894357681274,0.5927848815917969,0.9586942195892334,0.6173553466796875,0.9933186173439026,0.5967468023300171,0.9520987868309021,0.6720618009567261,0.791687548160553,0.656373143196106,0.7734235525131226,0.6546322703361511,0.8683804869651794,0.638925313949585,0.836123526096344,0.6584601402282715,0.876636266708374,0.6484068632125854,0.8627281785011292,0.6612880825996399,0.8684670329093933,0.6525872349739075,0.8592133522033691,0.6475011706352234,0.905685544013977,0.642428994178772,0.8868351578712463,0
0.5992123484611511,0.7823513746261597,0.5991162657737732,0.769737720489502,0.6004621386528015,0.7679745554924011,0.6016082167625427,0.766146719455719,0.5965642929077148,0.7678292393684387,0.5961753129959106,0.765372633934021,0.5956476926803589,0.7614611387252808,0.6078553199768066,0.750149130821228,0.6002233624458313,0.742516040802002,0.6064733862876892,0.7836121916770935,0.6024549007415771,0.7821924090385437,0.6457379460334778,0.7793779969215393,0.6118326187133789,0.7063843607902527,0.6590788960456848,0.9079689383506775,0.6214394569396973,0.7907500863075256,0.6357212662696838,0.9915622472763062,0.6106027960777283,0.8529922962188721,0.6311501264572144,1.013687252998352,0.6044982671737671,0.8540512323379517,0.6241992712020874,0.9969589114189148,0.6044565439224243,0.8593089580535889,0.6255282163619995,0.9881712198257446,0.6081578731536865,0.8637412786483765,0.6826828122138977,0.831270694732666,0.6643908619880676,0.7959835529327393,0.6496752500534058,0.8837742209434509,0.6287127137184143,0.8280701637268066,0.6486914157867432,0.9265938401222229,0.6373215317726135,0.8927174210548401,0.6517554521560669,0.9255131483078003,0.6424265503883362,0.8982765674591064,0.6347030401229858,0.9650876522064209,0.6276323795318604,0.9307425022125244,0
0.6064761877059937,0.7867517471313477,0.6061669588088989,0.7728199362754822,0.6078072786331177,0.7707396745681763,0.6097888350486755,0.7695656418800354,0.6028791666030884,0.7715156078338623,0.6021651029586792,0.7691822052001953,0.6014977693557739,0.766243577003479,0.6160147190093994,0.7487257122993469,0.6039380431175232,0.7452458143234253,0.612831711769104,0.7864400744438171,0.6088931560516357,0.7864040732383728,0.6588587760925293,0.7642282843589783,0.611382782459259,0.7314813733100891,0.6787861585617065,0.8912040591239929,0.6123167872428894,0.8175556063652039,0.6606842279434204,0.9742130041122437,0.6090400815010071,0.9389272928237915,0.6566096544265747,1.0087920427322388,0.6014829874038696,0.9551774859428406,0.6473025679588318,0.9954233169555664,0.6062754392623901,0.9595947861671448,0.6475043296813965,0.9870434999465942,0.6097121834754944,0.9520926475524902,0.6806217432022095,0.836148738861084,0.6565675139427185,0.8175076246261597,0.6611096262931824,0.8992564678192139,0.6366667747497559,0.860498309135437,0.6589046716690063,0.9178083539009094,0.643222987651825,0.8956959843635559,0.6597200036048889,0.9123578071594238,0.6465463638305664,0.89554363489151,0.6517967581748962,0.9562415480613708,0.639683723449707,0.9291952848434448,0
0.6034383773803711,0.7773005366325378,0.603355884552002,0.7649480700492859,0.6044192314147949,0.7635798454284668,0.6054357886314392,0.7619593739509583,0.600826621055603,0.7630764842033386,0.6004722714424133,0.7609092593193054,0.5998711585998535,0.7575927376747131,0.6129220724105835,0.7474601864814758,0.6035286784172058,0.7400623559951782,0.610578179359436,0.7789326906204224,0.6065288782119751,0.7782810926437378,0.6497430205345154,0.7834640741348267,0.6159587502479553,0.7194408178329468,0.6668472290039062,0.8968412280082703,0.6205399632453918,0.7888960838317871,0.6368196606636047,0.9608367681503296,0.6143543124198914,0.8606404066085815,0.6405203342437744,0.9942671060562134,0.6098490953445435,0.8696951270103455,0.6337028741836548,0.9783802032470703,0.6110174655914307,0.8756574988365173,0.6348735094070435,0.9693247079849243,0.6144002079963684,0.8762193918228149,0.6778797507286072,0.8400892019271851,0.658539354801178,0.8091074228286743,0.6444424390792847,0.8875223994255066,0.6260542869567871,0.8318204879760742,0.6500440835952759,0.9399083256721497,0.638923704624176,0.9103167653083801,0.6535086631774902,0.9413820505142212,0.6441765427589417,0.9192575216293335,0.6389030814170837,0.9774978160858154,0.6307381987571716,0.9483538866043091,0
0.6025909781455994,0.7830014228820801,0.6034142971038818,0.767931342124939,0.6045872569084167,0.7670003175735474,0.6062670350074768,0.7672672271728516,0.6013120412826538,0.765346884727478,0.6006006002426147,0.7614794373512268,0.6002623438835144,0.7582145929336548,0.612519383430481,0.7495940327644348,0.6049551963806152,0.7410464286804199,0.6098856925964355,0.7829229235649109,0.6067555546760559,0.7803022861480713,0.6506665349006653,0.7830449342727661,0.6211751103401184,0.711341142654419,0.674462080001831,0.9031904935836792,0.6243321299552917,0.7842798829078674,0.649857223033905,0.9646954536437988,0.6143012046813965,0.8619769811630249,0.6449745297431946,0.9843779802322388,0.6095021367073059,0.872724175453186,0.6395447254180908,0.9657464027404785,0.6111469864845276,0.8806979656219482,0.6403951644897461,0.9575056433677673,0.6146978735923767,0.8794848918914795,0.681363046169281,0.862639307975769,0.6656692624092102,0.8232240080833435,0.6559224128723145,0.8770374655723572,0.6428228616714478,0.8266830444335938,0.6581962704658508,0.9283372759819031,0.6480082869529724,0.8900876641273499,0.6624844074249268,0.9282006025314331,0.6535154581069946,0.8967657685279846,0.6472047567367554,0.9716171026229858,0.6375305652618408,0.932308554649353,0
0.5995316505432129,0.7835040092468262,0.6017970442771912,0.7681355476379395,0.6030685305595398,0.7672745585441589,0.6048833131790161,0.7671458721160889,0.5994030237197876,0.7652320265769958,0.5992539525032043,0.7624340653419495,0.5990713238716125,0.7593270540237427,0.6101786494255066,0.7536017894744873,0.6049685478210449,0.7409929633140564,0.6080300211906433,0.7874162793159485,0.6043165922164917,0.7832390069961548,0.6476690769195557,0.813120424747467,0.6159106492996216,0.7014622092247009,0.6688956618309021,0.9096422791481018,0.6264133453369141,0.7379363179206848,0.645588755607605,0.9641698002815247,0.6100356578826904,0.7818195819854736,0.6443946361541748,0.9789899587631226,0.6039566397666931,0.7802493572235107,0.6298635005950928,0.9604746699333191,0.6046336889266968,0.7902123928070068,0.6400966048240662,0.9519785642623901,0.6079992055892944,0.7955038547515869,0.6863475441932678,0.8630839586257935,0.6717016100883484,0.8092202544212341,0.664709746837616,0.9012390971183777,0.6494870781898499,0.8392238616943359,0.664447546005249,0.9480876922607422,0.6554306745529175,0.9112394452095032,0.6662075519561768,0.9521034359931946,0.6595263481140137,0.920705258846283,0.6550726890563965,0.9804043769836426,0.6479321122169495,0.9453696012496948,0
0.6010273694992065,0.7833024859428406,0.6019989848136902,0.7693486213684082,0.6029472947120667,0.7685717344284058,0.6037420630455017,0.7677149176597595,0.5998877286911011,0.7663785815238953,0.5997498035430908,0.7639262080192566,0.5995577573776245,0.7613439559936523,0.609865665435791,0.7521489858627319,0.6053667664527893,0.7443941235542297,0.6092468500137329,0.7876406311988831,0.6062408685684204,0.7855390310287476,0.6409027576446533,0.7889955043792725,0.6188888549804688,0.7110139727592468,0.6680586934089661,0.8754791021347046,0.6300939917564392,0.7779248356819153,0.6602280735969543,0.9352598786354065,0.6226270794868469,0.8364056944847107,0.6593517065048218,0.9520119428634644,0.6181381940841675,0.8440864086151123,0.6546410918235779,0.944639265537262,0.6194127202033997,0.848477303981781,0.6543876528739929,0.9378442168235779,0.6220998764038086,0.8483989238739014,0.684883177280426,0.8635221123695374,0.6741750240325928,0.8278797268867493,0.6506648063659668,0.8781622648239136,0.6393820643424988,0.8390111923217773,0.6555899381637573,0.9164694547653198,0.654992401599884,0.9052270650863647,0.6585031747817993,0.9145275354385376,0.6614848375320435,0.9113962650299072,0.6479173898696899,0.9543015956878662,0.6464285850524902,0.9442622065544128,0
0.6029444336891174,0.7893003821372986,0.6034101843833923,0.7761826515197754,0.6046175360679626,0.7748051285743713,0.6058741807937622,0.7732035517692566,0.6005616188049316,0.7743302583694458,0.5997909307479858,0.7715641260147095,0.5995095372200012,0.7688167095184326,0.6136168241500854,0.7583164572715759,0.6044579148292542,0.7513341307640076,0.6104663610458374,0.7911853194236755,0.606205403804779,0.7901812791824341,0.64922696352005,0.7882647514343262,0.612315833568573,0.7288635969161987,0.6638341546058655,0.9287165999412537,0.6269184947013855,0.8205476403236389,0.6472669243812561,1.0078531503677368,0.6254436373710632,0.8930194973945618,0.6441964507102966,1.025434136390686,0.6203514337539673,0.896252453327179,0.6369315385818481,1.0105866193771362,0.6215065717697144,0.9019538760185242,0.6380785703659058,1.004284143447876,0.6256603598594666,0.9045920372009277,0.6834729313850403,0.8316554427146912,0.6643751859664917,0.8037477135658264,0.658464789390564,0.9036095142364502,0.6399431824684143,0.8671280741691589,0.6653052568435669,0.9320775270462036,0.6541798710823059,0.9161664247512817,0.6679032444953918,0.926184356212616,0.6587331295013428,0.9164840579032898,0.6584984064102173,0.9726295471191406,0.6508124470710754,0.952566385269165,0
0.6009294986724854,0.7976846694946289,0.6031324863433838,0.7828847169876099,0.6042472124099731,0.7813896536827087,0.6059112548828125,0.778532087802887,0.5996437668800354,0.7809057831764221,0.598559558391571,0.7780241370201111,0.5982963442802429,0.775442898273468,0.6136374473571777,0.7638427019119263,0.6034907102584839,0.7600201368331909,0.6090319752693176,0.8026345372200012,0.6047047972679138,0.8009553551673889,0.6566119194030762,0.7920752167701721,0.6052101254463196,0.7567487359046936,0.6758842468261719,0.9082286357879639,0.605960488319397,0.8669472336769104,0.6606662273406982,0.9991191029548645,0.605144739151001,0.9673946499824524,0.6582257747650146,1.0230425596237183,0.599342942237854,0.9820766448974609,0.6493468284606934,1.0121020078659058,0.603725254535675,0.9864702820777893,0.6496942043304443,1.003394365310669,0.6088457703590393,0.984375,0.6855489015579224,0.8271589279174805,0.6599823236465454,0.8180633783340454,0.6721141934394836,0.8795873522758484,0.6422935724258423,0.8572787046432495,0.6692060232162476,0.9138730764389038,0.6527650356292725,0.8927335143089294,0.6698321104049683,0.9153501987457275,0.6571758389472961,0.8932937383651733,0.6598884463310242,0.9477776288986206,0.6471070051193237,0.9217703342437744,0
0.0,0.0,0.0,0.0,0.0,0.0,0.0,0.0,0.0,0.0,0.0,0.0,0.0,0.0,0.0,0.0,0.0,0.0,0.0,0.0,0.0,0.0,0.0,0.0,0.0,0.0,0.0,0.0,0.0,0.0,0.0,0.0,0.0,0.0,0.0,0.0,0.0,0.0,0.0,0.0,0.0,0.0,0.0,0.0,0.0,0.0,0.0,0.0,0.0,0.0,0.0,0.0,0.0,0.0,0.0,0.0,0.0,0.0,0.0,0.0,0.0,0.0,0.0,0.0,0.0,0.0,0
0.0,0.0,0.0,0.0,0.0,0.0,0.0,0.0,0.0,0.0,0.0,0.0,0.0,0.0,0.0,0.0,0.0,0.0,0.0,0.0,0.0,0.0,0.0,0.0,0.0,0.0,0.0,0.0,0.0,0.0,0.0,0.0,0.0,0.0,0.0,0.0,0.0,0.0,0.0,0.0,0.0,0.0,0.0,0.0,0.0,0.0,0.0,0.0,0.0,0.0,0.0,0.0,0.0,0.0,0.0,0.0,0.0,0.0,0.0,0.0,0.0,0.0,0.0,0.0,0.0,0.0,0
0.6056950092315674,0.7854860424995422,0.605442464351654,0.7786949276924133,0.606144368648529,0.7787890434265137,0.6068044304847717,0.7789058685302734,0.604146420955658,0.775039792060852,0.6039904952049255,0.7726860046386719,0.6038342118263245,0.7705149054527283,0.6113646030426025,0.7710103392601013,0.6073424816131592,0.758706271648407,0.6079701781272888,0.7942527532577515,0.6057965755462646,0.7947894334793091,0.6288427114486694,0.7967053651809692,0.618436336517334,0.7471976280212402,0.6255113482475281,0.8730308413505554,0.6182580590248108,0.7966195344924927,0.6186879277229309,0.9281669855117798,0.6172248125076294,0.8541004061698914,0.6156017780303955,0.939415454864502,0.6127001047134399,0.8577560186386108,0.6132280230522156,0.9361791610717773,0.6142705678939819,0.8647010922431946,0.6149466037750244,0.931926429271698,0.6169436573982239,0.8655762672424316,0.6739413142204285,0.7891360521316528,0.6665172576904297,0.7660936117172241,0.6635329723358154,0.8464441895484924,0.6571635603904724,0.8082882165908813,0.6577446460723877,0.8751731514930725,0.653107225894928,0.8578364849090576,0.659278392791748,0.8775293231010437,0.6543893218040466,0.8646248579025269,0.6451504826545715,0.8988445997238159,0.6438754796981812,0.8772071599960327,0
0.6051498651504517,0.8040580153465271,0.6049515604972839,0.8001725673675537,0.6056815385818481,0.8007512092590332,0.6063718795776367,0.8013461232185364,0.6034858226776123,0.7963985204696655,0.6031925082206726,0.7946077585220337,0.602929413318634,0.7929926514625549,0.6109308004379272,0.7973678708076477,0.6060885190963745,0.7839168310165405,0.6092838048934937,0.806195855140686,0.6077222228050232,0.8025754690170288,0.6288195848464966,0.8161876201629639,0.6157500743865967,0.7735196352005005,0.6377928853034973,0.8893507719039917,0.6237049102783203,0.8130729794502258,0.6271237134933472,0.9292998909950256,0.6216780543327332,0.8582724928855896,0.6254949569702148,0.9402098655700684,0.6191771030426025,0.8649721741676331,0.6225740909576416,0.9337645173072815,0.6207996606826782,0.8684211373329163,0.6235385537147522,0.928871750831604,0.6226003766059875,0.8666664958000183,0.6693915128707886,0.7786135673522949,0.6606510281562805,0.7605993747711182,0.657623827457428,0.8294327259063721,0.6479431986808777,0.796847403049469,0.6413364410400391,0.8798127174377441,0.6340500116348267,0.8640821576118469,0.6427053213119507,0.8862682580947876,0.6346539258956909,0.8769900798797607,0.6258358955383301,0.9021723866462708,0.621731162071228,0.8768437504768372,0
0.6037366986274719,0.8158804178237915,0.6033768653869629,0.8091832995414734,0.6078939437866211,0.8057512640953064,0.6094189882278442,0.8070951700210571,0.6015373468399048,0.8033012747764587,0.6011631488800049,0.801778256893158,0.6008377075195312,0.800490140914917,0.6175877451896667,0.8042343258857727,0.6064077615737915,0.781890869140625,0.6096615791320801,0.8208979368209839,0.6054036021232605,0.8165667653083801,0.6417855620384216,0.8374626040458679,0.6145713925361633,0.7661414742469788,0.6484042406082153,0.92916339635849,0.6179313659667969,0.7926487326622009,0.6282479166984558,0.9873051643371582,0.6115682125091553,0.8180709481239319,0.6245372295379639,1.0058739185333252,0.6063072681427002,0.8151757121086121,0.6199052333831787,0.9917950630187988,0.609417736530304,0.8218690752983093,0.6215643882751465,0.9846889972686768,0.6127538084983826,0.8245733380317688,0.6755260825157166,0.7903687953948975,0.6620085835456848,0.7617751359939575,0.6542842984199524,0.8690424561500549,0.645820677280426,0.8178558349609375,0.6338995099067688,0.9245501160621643,0.6321619749069214,0.899325966835022,0.634003221988678,0.9306979179382324,0.6327816247940063,0.9123270511627197,0.6186450719833374,0.9577988386154175,0.6196802258491516,0.9246527552604675,0
0.6024503707885742,0.8217666149139404,0.605675220489502,0.8151395320892334,0.6068536639213562,0.8179303407669067,0.6079738736152649,0.8206626772880554,0.6013004779815674,0.8095375299453735,0.601014256477356,0.8030391335487366,0.6023792624473572,0.797693133354187,0.6154854893684387,0.8201860785484314,0.6077510118484497,0.7849913239479065,0.607770562171936,0.8227986693382263,0.6039047241210938,0.8175456523895264,0.6386294364929199,0.862345278263092,0.6150206923484802,0.7395199537277222,0.641334056854248,0.950573205947876,0.6141514778137207,0.770061731338501,0.6232610940933228,0.9891576170921326,0.607896089553833,0.8336347937583923,0.6182296276092529,1.0031863451004028,0.6031825542449951,0.8408540487289429,0.61500084400177,0.9884433150291443,0.606414794921875,0.8500163555145264,0.6164857149124146,0.9804686307907104,0.609681248664856,0.8502773642539978,0.6792611479759216,0.8286264538764954,0.6656810641288757,0.7625399827957153,0.6490408778190613,0.9054840207099915,0.636785089969635,0.8220813870429993,0.6509860157966614,0.8905654549598694,0.6451958417892456,0.8536714315414429,0.653430700302124,0.8833765983581543,0.6481072902679443,0.8567360043525696,0.6426694989204407,0.9093367457389832,0.6407443284988403,0.8749382495880127,0
0.6031919121742249,0.7961829900741577,0.6001591682434082,0.804673433303833,0.6001083850860596,0.8043994903564453,0.6044137477874756,0.8019477725028992,0.6007263660430908,0.7955792546272278,0.602709174156189,0.7821123600006104,0.6026521921157837,0.7784997820854187,0.6091784238815308,0.8046904802322388,0.606966495513916,0.7692030668258667,0.6051895618438721,0.8126649260520935,0.6060588955879211,0.7932056188583374,0.6251522898674011,0.8520735502243042,0.6192061901092529,0.743468165397644,0.6263120174407959,0.9404917359352112,0.6220332384109497,0.7862608432769775,0.6167714595794678,0.9834613800048828,0.616725742816925,0.839540421962738,0.6112045049667358,0.9814602136611938,0.6132997870445251,0.8448277711868286,0.610312819480896,0.9695676565170288,0.6150129437446594,0.8530299663543701,0.611684262752533,0.9634533524513245,0.6171389222145081,0.8535661697387695,0.6726876497268677,0.8428784608840942,0.6684097051620483,0.7880449295043945,0.6378024220466614,0.8581162095069885,0.6357375979423523,0.7902586460113525,0.630901575088501,0.891339898109436,0.6316752433776855,0.8580155968666077,0.6321888566017151,0.8973636627197266,0.6325052976608276,0.8708458542823792,0.6212021112442017,0.9015918970108032,0.62516188621521,0.8719610571861267,0
0.5998706221580505,0.8308553099632263,0.599865198135376,0.8233027458190918,0.6019513607025146,0.8230384588241577,0.602878212928772,0.8233851194381714,0.5981961488723755,0.817675769329071,0.597765326499939,0.8133781552314758,0.5974000692367554,0.8103973865509033,0.6116740703582764,0.8354831337928772,0.6018750667572021,0.7955327033996582,0.6060066819190979,0.8351179361343384,0.6022514700889587,0.830446183681488,0.6406275629997253,0.8844245672225952,0.6159354448318481,0.737740695476532,0.6414799094200134,0.9673672318458557,0.6094748973846436,0.7601143717765808,0.6136351227760315,0.994274377822876,0.5889649391174316,0.8355177044868469,0.6045462489128113,1.011223554611206,0.5806025862693787,0.84142005443573,0.6019953489303589,0.9924691915512085,0.5842054486274719,0.8563477993011475,0.6039817929267883,0.9842921495437622,0.588737428188324,0.8570152521133423,0.6859385371208191,0.8395758867263794,0.6756486892700195,0.7661780118942261,0.6497382521629333,0.8894073963165283,0.6383966207504272,0.8137326240539551,0.6539921760559082,0.8763719797134399,0.6491639614105225,0.8380051851272583,0.6572591662406921,0.8687552213668823,0.6534701585769653,0.8373587131500244,0.6426630616188049,0.8961527943611145,0.6406020522117615,0.8617610931396484,0
0.6124883890151978,0.8456314206123352,0.6163467168807983,0.8319648504257202,0.6183213591575623,0.8315783143043518,0.6202576756477356,0.8312215805053711,0.6110187768936157,0.829065203666687,0.6094571948051453,0.8271781802177429,0.6079895496368408,0.8253874182701111,0.627254068851471,0.8172208070755005,0.6093277335166931,0.8068947792053223,0.6182201504707336,0.8440696597099304,0.6129763126373291,0.8422419428825378,0.6506766676902771,0.8158054947853088,0.6071591973304749,0.7846613526344299,0.6516850590705872,0.8611791133880615,0.6037482023239136,0.8067358136177063,0.6317419409751892,0.8892170190811157,0.6080334186553955,0.8490004539489746,0.6283582448959351,0.898949146270752,0.6045082807540894,0.8529796600341797,0.6225763559341431,0.8825157880783081,0.6110259890556335,0.852247953414917,0.6236218810081482,0.8794756531715393,0.6137404441833496,0.8526387214660645,0.6567398309707642,0.7446313500404358,0.6378834843635559,0.734377384185791,0.6596562266349792,0.7826650142669678,0.6340060234069824,0.7688196897506714,0.6613560914993286,0.7904566526412964,0.6435667872428894,0.7894369959831238,0.6639499664306641,0.7855890989303589,0.6472501158714294,0.7888392210006714,0.6560212969779968,0.8315490484237671,0.6388932466506958,0.819403350353241,0
0.5979272127151489,0.8353051543235779,0.6000272631645203,0.8270456790924072,0.60097336769104,0.8328227996826172,0.6016038656234741,0.8346449136734009,0.5987539887428284,0.8162830471992493,0.598653256893158,0.813044011592865,0.5966247916221619,0.8118875026702881,0.6169342994689941,0.8422704339027405,0.6066065430641174,0.7923349142074585,0.6048160195350647,0.8459956645965576,0.6030550003051758,0.8328933715820312,0.642208456993103,0.9004342555999756,0.6171605587005615,0.744094967842102,0.635600745677948,0.9799554347991943,0.6092711091041565,0.7730110883712769,0.6037431359291077,0.9667729139328003,0.5934815406799316,0.8435606360435486,0.5970255136489868,0.9713380336761475,0.5867173671722412,0.8493221998214722,0.5952997207641602,0.944688618183136,0.5913310647010803,0.8611018657684326,0.5979394316673279,0.9409864544868469,0.5947943925857544,0.8629043102264404,0.6825239658355713,0.8386921882629395,0.6708557605743408,0.7765316367149353,0.638524055480957,0.9261906743049622,0.6216251850128174,0.8442584276199341,0.6314558982849121,0.9427997469902039,0.6239800453186035,0.8865135312080383,0.6332470178604126,0.9404975175857544,0.6268208026885986,0.8897876143455505,0.6152175068855286,0.9644076824188232,0.6134742498397827,0.9109413027763367,0
0.5936331748962402,0.8478907346725464,0.5962262153625488,0.8427385091781616,0.5970315933227539,0.8437665104866028,0.5978033542633057,0.844988226890564,0.5944135189056396,0.8331112861633301,0.5927911400794983,0.8273374438285828,0.5924637913703918,0.8236275911331177,0.6132187247276306,0.8559455871582031,0.598400354385376,0.8072279691696167,0.6000338792800903,0.8557025790214539,0.5977436900138855,0.8446975350379944,0.6434227228164673,0.9065266251564026,0.6098660826683044,0.7527875900268555,0.6490679383277893,0.9874486327171326,0.6084480881690979,0.7888764142990112,0.6073253154754639,0.9823039174079895,0.5910581350326538,0.8715125322341919,0.598874032497406,0.9927364587783813,0.5832136273384094,0.8792367577552795,0.5972179174423218,0.9752762913703918,0.5881412029266357,0.8921548128128052,0.6007516384124756,0.971394419670105,0.5921202301979065,0.892581582069397,0.682108998298645,0.8387473225593567,0.6659669280052185,0.7695467472076416,0.6341599225997925,0.9311327934265137,0.6164215803146362,0.8473839163780212,0.6363559365272522,0.9109563827514648,0.6277151703834534,0.8624699711799622,0.6372339129447937,0.899725079536438,0.6312982439994812,0.8574379682540894,0.6271596550941467,0.9305773377418518,0.6203155517578125,0.8888087272644043,0
0.5954644680023193,0.8394010066986084,0.595687747001648,0.8381009101867676,0.5963573455810547,0.8404842615127563,0.5970640182495117,0.844589114189148,0.5944526195526123,0.8264676332473755,0.5943043231964111,0.8181300163269043,0.5941919684410095,0.8143181800842285,0.6049118041992188,0.8421961665153503,0.6039756536483765,0.7859137058258057,0.601019024848938,0.8471344113349915,0.597263753414154,0.8300462961196899,0.637466549873352,0.9071148037910461,0.6187726259231567,0.7356547713279724,0.6457340717315674,0.983592689037323,0.6221724152565002,0.7542709708213806,0.6059117317199707,0.9857205152511597,0.5985585451126099,0.8395985960960388,0.5996717214584351,1.0062335729599,0.5894525051116943,0.8449713587760925,0.5971609354019165,0.9818910956382751,0.5920769572257996,0.8678268790245056,0.5995767116546631,0.9730829000473022,0.5964233875274658,0.869186282157898,0.6855717897415161,0.8588711023330688,0.6772923469543457,0.7734912633895874,0.654370129108429,0.8898656368255615,0.64383864402771,0.7985089421272278,0.653921902179718,0.8791936635971069,0.6505534052848816,0.8333420753479004,0.65707927942276,0.877901554107666,0.6541426777839661,0.8392847180366516,0.6401397585868835,0.8836135268211365,0.6409763097763062,0.8426944017410278,0
0.6042450070381165,0.8435009121894836,0.6036076545715332,0.8462418913841248,0.6059107780456543,0.8508001565933228,0.6064783930778503,0.8520861268043518,0.6028379797935486,0.8360570669174194,0.6026158928871155,0.833315372467041,0.6025040149688721,0.8311353921890259,0.6129494309425354,0.8474674820899963,0.6052703857421875,0.8124625086784363,0.6068307161331177,0.8585184216499329,0.6077545285224915,0.8355688452720642,0.6348708271980286,0.8884814381599426,0.6207906603813171,0.7481080293655396,0.6368764042854309,0.9610199928283691,0.6224952340126038,0.7750003933906555,0.6035358905792236,0.9641398787498474,0.6003500819206238,0.8261863589286804,0.5966944694519043,0.9761211276054382,0.5917129516601562,0.8249933123588562,0.5949999690055847,0.9634460806846619,0.5926496982574463,0.8398539423942566,0.5972961187362671,0.9615328907966614,0.5974190831184387,0.8432021141052246,0.6766806244850159,0.8793155550956726,0.6689492464065552,0.8107775449752808,0.6496391892433167,0.9022822976112366,0.6445590853691101,0.8332281708717346,0.6548616290092468,0.8928238749504089,0.6505880355834961,0.8601556420326233,0.6585485339164734,0.8904736638069153,0.653950572013855,0.863574206829071,0.6433185935020447,0.8964522480964661,0.6416041254997253,0.8699706792831421,0
0.6020359396934509,0.881983757019043,0.6063575744628906,0.873969316482544,0.6084828972816467,0.8768150806427002,0.6105612516403198,0.8796744346618652,0.6015097498893738,0.8642510175704956,0.6003320217132568,0.8608194589614868,0.5992317795753479,0.857532262802124,0.6218135952949524,0.8775123953819275,0.6045390963554382,0.8423582911491394,0.6096667647361755,0.8895981311798096,0.6044821739196777,0.8800094723701477,0.6524422764778137,0.9168351888656616,0.6114954948425293,0.8130506873130798,0.6456164717674255,0.9469029307365417,0.5990703701972961,0.8057572245597839,0.6190023422241211,0.9438673257827759,0.5904765129089355,0.863520622253418,0.6134668588638306,0.9497892260551453,0.583701491355896,0.8681346774101257,0.6095114946365356,0.9293981194496155,0.5912107825279236,0.8795832395553589,0.6112579107284546,0.9267055988311768,0.5945553183555603,0.8806391954421997,0.6735314726829529,0.8281892538070679,0.6520235538482666,0.7767958045005798,0.6478794813156128,0.8991893529891968,0.6185462474822998,0.8425886631011963,0.6180154085159302,0.9506643414497375,0.6002258658409119,0.9047691822052002,0.6187489628791809,0.9560554623603821,0.601360559463501,0.9137638211250305,0.5957094430923462,0.9837549924850464,0.5849132537841797,0.9368479251861572,0
0.6025732159614563,0.8817088603973389,0.6022158265113831,0.8789036870002747,0.6031256914138794,0.8805877566337585,0.6039921045303345,0.8822677135467529,0.6003303527832031,0.8753011226654053,0.5998831987380981,0.8746659159660339,0.5995038747787476,0.8742266297340393,0.6100355386734009,0.8884404897689819,0.6031209826469421,0.8747692108154297,0.6079674959182739,0.8897257447242737,0.6055402159690857,0.8860988020896912,0.6294481158256531,0.9185400605201721,0.616854190826416,0.8827020525932312,0.6122888326644897,0.9374673366546631,0.5916537046432495,0.8745210766792297,0.5818442106246948,0.9149824976921082,0.5572157502174377,0.8889744877815247,0.5739681124687195,0.9132329225540161,0.5476980209350586,0.8847532272338867,0.5726973414421082,0.9014854431152344,0.5491650700569153,0.8950024247169495,0.5753985643386841,0.9023510217666626,0.5528007745742798,0.8982892036437988,0.667035698890686,0.8338857889175415,0.6615368127822876,0.8118877410888672,0.6275901794433594,0.8743067979812622,0.6139322519302368,0.8538051247596741,0.5911826491355896,0.9150369763374329,0.5862042903900146,0.878609836101532,0.5883139967918396,0.9230433106422424,0.5848013758659363,0.8824636936187744,0.5792884230613708,0.9261975288391113,0.5751786231994629,0.8950542211532593,0
0.5997004508972168,0.8904302716255188,0.6022931337356567,0.8845330476760864,0.6043021082878113,0.8875929713249207,0.6062583327293396,0.8906745910644531,0.5976731181144714,0.8753839731216431,0.5964926481246948,0.8725129961967468,0.5953982472419739,0.8698081970214844,0.6164824962615967,0.891788899898529,0.599929690361023,0.8590409159660339,0.6076633930206299,0.898942768573761,0.6024242639541626,0.8896313905715942,0.6461589336395264,0.9287065267562866,0.6102380156517029,0.840309739112854,0.6259496212005615,0.9473437070846558,0.5856934785842896,0.8412495851516724,0.5968944430351257,0.9280010461807251,0.5635808706283569,0.8881176710128784,0.5910206437110901,0.9316271543502808,0.5541298389434814,0.8912797570228577,0.5874778628349304,0.9169297218322754,0.5597329139709473,0.904645562171936,0.5892729163169861,0.9141216278076172,0.5641412734985352,0.9054818153381348,0.6736158728599548,0.8292511701583862,0.6544547080993652,0.7816262245178223,0.6432020664215088,0.8934184908866882,0.6123870015144348,0.8466091156005859,0.6101166009902954,0.9367527961730957,0.5914347171783447,0.8909876346588135,0.6091240644454956,0.9432851076126099,0.5920316576957703,0.899516224861145,0.5911327600479126,0.9583526849746704,0.5780304670333862,0.9157475829124451,0
0.596671462059021,0.8907700777053833,0.5999537110328674,0.8885505199432373,0.6020838022232056,0.8920775055885315,0.6041572690010071,0.8955585956573486,0.594943106174469,0.8775858283042908,0.5936693549156189,0.8738844990730286,0.5924798250198364,0.8703960180282593,0.6151971220970154,0.8966531753540039,0.5973367691040039,0.8574409484863281,0.604853093624115,0.8983922004699707,0.5993263721466064,0.8871683478355408,0.6445569396018982,0.9322597980499268,0.6063081622123718,0.8293362259864807,0.6217413544654846,0.9603471755981445,0.5850836038589478,0.8522250056266785,0.5817587375640869,0.9312216639518738,0.5558487176895142,0.8996096849441528,0.5723386406898499,0.9327296614646912,0.5452516078948975,0.9001692533493042,0.5692237019538879,0.9157010316848755,0.548694908618927,0.9135769605636597,0.5726250410079956,0.9131078720092773,0.5539436340332031,0.91595858335495,0.6734399199485779,0.8302570581436157,0.6525353193283081,0.7733815312385559,0.6445580720901489,0.9016016125679016,0.6108378171920776,0.8542919158935547,0.6204037666320801,0.9392891526222229,0.6008003354072571,0.8929046392440796,0.6190615296363831,0.9461158514022827,0.6021525859832764,0.9011019468307495,0.6072355508804321,0.9526184797286987,0.5919123888015747,0.9114015102386475,0
0.0,0.0,0.0,0.0,0.0,0.0,0.0,0.0,0.0,0.0,0.0,0.0,0.0,0.0,0.0,0.0,0.0,0.0,0.0,0.0,0.0,0.0,0.0,0.0,0.0,0.0,0.0,0.0,0.0,0.0,0.0,0.0,0.0,0.0,0.0,0.0,0.0,0.0,0.0,0.0,0.0,0.0,0.0,0.0,0.0,0.0,0.0,0.0,0.0,0.0,0.0,0.0,0.0,0.0,0.0,0.0,0.0,0.0,0.0,0.0,0.0,0.0,0.0,0.0,0.0,0.0,0
0.6010182499885559,0.8979370594024658,0.6016165018081665,0.8920541405677795,0.6030825972557068,0.8940987586975098,0.6044909954071045,0.8961789011955261,0.598497211933136,0.886631965637207,0.5978329181671143,0.8853844404220581,0.5972618460655212,0.8842865228652954,0.6127409934997559,0.8994284868240356,0.5995516777038574,0.8911834955215454,0.6084751486778259,0.9060022830963135,0.604703426361084,0.9008845090866089,0.6379460692405701,0.9326547384262085,0.6165744066238403,0.8786996603012085,0.6133204698562622,0.9371268153190613,0.5880647301673889,0.8726516962051392,0.5932349562644958,0.9267978668212891,0.5631428956985474,0.9155162572860718,0.5890141725540161,0.9320348501205444,0.5538049340248108,0.9219706058502197,0.5879035592079163,0.9249021410942078,0.5585189461708069,0.9329580068588257,0.5892044901847839,0.9222626686096191,0.5624491572380066,0.9317767024040222,0.668854832649231,0.8198448419570923,0.6573679447174072,0.7917155027389526,0.6324388980865479,0.8713306188583374,0.6103167533874512,0.8523061871528625,0.5996800661087036,0.934779703617096,0.5856732130050659,0.9019463658332825,0.5989516377449036,0.9437997341156006,0.5856688022613525,0.9076198935508728,0.5820155739784241,0.9642670750617981,0.5735061168670654,0.939250111579895,0
0.6023753881454468,0.8969742059707642,0.6022129058837891,0.8968244791030884,0.6037196516990662,0.8999751210212708,0.6051942110061646,0.9032267332077026,0.5988854169845581,0.8893454074859619,0.5979498624801636,0.8874933123588562,0.5971289873123169,0.8857578635215759,0.6109621524810791,0.9103876948356628,0.5995222926139832,0.8864814639091492,0.608784019947052,0.9053876399993896,0.6044245362281799,0.8977247476577759,0.6377666592597961,0.9444242715835571,0.6061552166938782,0.8819307684898376,0.6178416013717651,0.9525356888771057,0.573513925075531,0.894440770149231,0.5914069414138794,0.9321122169494629,0.5552335977554321,0.9418474435806274,0.5851000547409058,0.9338977932929993,0.5483921766281128,0.950140118598938,0.5847144722938538,0.9210019707679749,0.5530990362167358,0.9524588584899902,0.5865294337272644,0.919971227645874,0.5560006499290466,0.9510838389396667,0.6614049673080444,0.7890303730964661,0.6452301740646362,0.7578648328781128,0.6173235177993774,0.8763921856880188,0.6017839312553406,0.8747414350509644,0.5858104825019836,0.9149107933044434,0.5727719068527222,0.8905867338180542,0.5853523015975952,0.9141113758087158,0.5716044902801514,0.8820663094520569,0.5674781203269958,0.9601616859436035,0.5582492351531982,0.9441642761230469,0
0.6012012958526611,0.8904007077217102,0.6024256348609924,0.8935891389846802,0.6036867499351501,0.8966905474662781,0.6049126386642456,0.8998326063156128,0.6002826690673828,0.885126531124115,0.6001083850860596,0.8826582431793213,0.6000479459762573,0.8803480863571167,0.6133263111114502,0.9053552746772766,0.6055803298950195,0.8848124742507935,0.6071050763130188,0.8968207836151123,0.6047992706298828,0.8890156745910645,0.6353148221969604,0.9305914044380188,0.6148022413253784,0.8639259338378906,0.5996090769767761,0.9415308237075806,0.575825572013855,0.8907862305641174,0.5582466125488281,0.9595616459846497,0.5365524291992188,0.9550601840019226,0.5494350790977478,0.9684099555015564,0.5252602696418762,0.9574400782585144,0.5481553077697754,0.9584013223648071,0.5275009870529175,0.9695196151733398,0.551088809967041,0.9534283876419067,0.5321229696273804,0.9703156352043152,0.6673856377601624,0.7762554287910461,0.6532668471336365,0.7452915906906128,0.6389887928962708,0.8289073705673218,0.6173368096351624,0.8415136337280273,0.6399037837982178,0.8249181509017944,0.6188693046569824,0.8424736857414246,0.6427901387214661,0.8258122205734253,0.6210200786590576,0.8362778425216675,0.6307554841041565,0.8363972902297974,0.6107290983200073,0.8670867681503296,0
0.6001107096672058,0.8654230237007141,0.5983330011367798,0.8753170967102051,0.5990289449691772,0.8790441751480103,0.5996928811073303,0.8828338384628296,0.5978271961212158,0.8696689605712891,0.5979622602462769,0.8695118427276611,0.5982071161270142,0.8694927096366882,0.6048935651779175,0.9040097594261169,0.6036688685417175,0.900292694568634,0.6054128408432007,0.8742495775222778,0.6042371988296509,0.8685963153839111,0.6268060207366943,0.9159703254699707,0.6210904121398926,0.8786265850067139,0.6065552830696106,0.9094895124435425,0.591446042060852,0.8734366297721863,0.5818490386009216,0.9329591989517212,0.5605947375297546,0.9323078393936157,0.5762656927108765,0.9424163103103638,0.5527096390724182,0.9396723508834839,0.5761142373085022,0.9363435506820679,0.5559703707695007,0.9489092826843262,0.5775176882743835,0.9340017437934875,0.558293342590332,0.9488144516944885,0.6620622873306274,0.7433434724807739,0.6578346490859985,0.7198866605758667,0.5994712710380554,0.8525058031082153,0.5944068431854248,0.855778157711029,0.5417921543121338,0.9455767869949341,0.5307580828666687,0.9281531572341919,0.5334631204605103,0.948336124420166,0.5224767923355103,0.9273476600646973,0.5269155502319336,1.0116891860961914,0.5146455764770508,0.9941619038581848,0
0.5971347093582153,0.9308856725692749,0.6040637493133545,0.9317409992218018,0.6065357327461243,0.9340309500694275,0.6089093089103699,0.936375617980957,0.5980580449104309,0.922905445098877,0.5973403453826904,0.9282190203666687,0.5952607989311218,0.9156666398048401,0.6183531880378723,0.923661470413208,0.6009660363197327,0.911095142364502,0.6019895672798157,0.9240374565124512,0.5959269404411316,0.9147143363952637,0.6370570063591003,0.8966964483261108,0.5846394896507263,0.8346454501152039,0.6024782657623291,0.9406695365905762,0.5400599241256714,0.9006969928741455,0.5893751382827759,0.9611774682998657,0.5468221306800842,0.9922698140144348,0.579994797706604,0.9824249744415283,0.546054482460022,1.013391375541687,0.5788794755935669,0.9704630374908447,0.5550833344459534,1.0083246231079102,0.5789838433265686,0.9623572826385498,0.5567331314086914,1.0003923177719116,0.6503473520278931,0.6966663599014282,0.6254771947860718,0.6609703898429871,0.614323616027832,0.7539688348770142,0.5876599550247192,0.7140544652938843,0.5985398292541504,0.6698119640350342,0.5810785293579102,0.6410099267959595,0.5974842309951782,0.6462554335594177,0.5817240476608276,0.6153180003166199,0.5846377611160278,0.6943418979644775,0.5732179880142212,0.67958664894104,0
0.6041774749755859,0.8913409113883972,0.6013591289520264,0.9003229737281799,0.6011350154876709,0.9025476574897766,0.6008814573287964,0.9048043489456177,0.6032055616378784,0.8973144888877869,0.604241132736206,0.8976773023605347,0.6054097414016724,0.8981690406799316,0.6047349572181702,0.9183263778686523,0.6113104820251465,0.916545033454895,0.6076844334602356,0.8967593908309937,0.6095548868179321,0.8945229649543762,0.6188291311264038,0.9206581711769104,0.633179247379303,0.9103267192840576,0.5944913625717163,0.8918039202690125,0.6032776236534119,0.8838180899620056,0.5731761455535889,0.8879166841506958,0.5642135739326477,0.9200108051300049,0.5679325461387634,0.8917633891105652,0.5540770292282104,0.9209152460098267,0.5674270987510681,0.8850650787353516,0.5545873641967773,0.9333570003509521,0.5697125792503357,0.8849815726280212,0.5574073195457458,0.934489369392395,0.6620937585830688,0.7540953755378723,0.6661502122879028,0.7542741298675537,0.6388369202613831,0.7904711365699768,0.6369733810424805,0.8140128254890442,0.6430947780609131,0.7782357335090637,0.6356554627418518,0.8000405430793762,0.6458379030227661,0.7777733206748962,0.636523425579071,0.7940783500671387,0.6437487602233887,0.7758665680885315,0.6350572109222412,0.8008660078048706,0
0.6047630906105042,0.9225664138793945,0.6049374341964722,0.9161157011985779,0.6062878966331482,0.9335177540779114,0.6069639325141907,0.9336456656455994,0.6027724742889404,0.9175846576690674,0.6023990511894226,0.9176955819129944,0.6021414995193481,0.917901873588562,0.6131488680839539,0.9239625334739685,0.6051450371742249,0.9205477833747864,0.614521861076355,0.9387432336807251,0.6086390614509583,0.9214567542076111,0.63798588514328,0.8948059678077698,0.6248868107795715,0.8789846897125244,0.6544844508171082,0.8619662523269653,0.628944993019104,0.8139818906784058,0.6532591581344604,0.8807085752487183,0.6383562684059143,0.8256064653396606,0.6542800068855286,0.8926663994789124,0.6384328603744507,0.8269848823547363,0.6491573452949524,0.8793084621429443,0.6447299718856812,0.8300769925117493,0.6489465236663818,0.8760175704956055,0.6443803906440735,0.8320883512496948,0.6562929749488831,0.8114657998085022,0.6502603888511658,0.8061898946762085,0.6516595482826233,0.8532081842422485,0.6320917010307312,0.8719369769096375,0.658130407333374,0.8288460373878479,0.6367175579071045,0.863478422164917,0.6612452268600464,0.8250259160995483,0.6388638019561768,0.8558831810951233,0.6535863876342773,0.8442597389221191,0.6307936310768127,0.8847606778144836,0
0.603023886680603,0.9268089532852173,0.6052489876747131,0.925046443939209,0.6069159507751465,0.9270505905151367,0.6085378527641296,0.9291133880615234,0.6015380620956421,0.9186704754829407,0.600664496421814,0.9163738489151001,0.5998862385749817,0.9142132997512817,0.6147489547729492,0.946745753288269,0.6045213937759399,0.9042468070983887,0.6101267337799072,0.927170991897583,0.6061387658119202,0.9216164350509644,0.6478118300437927,0.9292868971824646,0.6207258701324463,0.8577258586883545,0.6632635593414307,0.8911441564559937,0.6241819858551025,0.7847849130630493,0.6453512907028198,0.89356529712677,0.632727324962616,0.8294879794120789,0.6422976851463318,0.9041494727134705,0.6321824193000793,0.8370426297187805,0.6364859342575073,0.8847382068634033,0.6396488547325134,0.8450484275817871,0.6372054815292358,0.8802405595779419,0.6400156617164612,0.8457835912704468,0.6652860641479492,0.8213561773300171,0.6530019640922546,0.7892710566520691,0.6507354974746704,0.8520681858062744,0.6279895305633545,0.8409042954444885,0.6482068300247192,0.8435680866241455,0.6277464032173157,0.8407104015350342,0.6508590579032898,0.8401949405670166,0.6303876638412476,0.8349403142929077,0.6377663612365723,0.8661630153656006,0.6169349551200867,0.8647534847259521,0
0.0,0.0,0.0,0.0,0.0,0.0,0.0,0.0,0.0,0.0,0.0,0.0,0.0,0.0,0.0,0.0,0.0,0.0,0.0,0.0,0.0,0.0,0.0,0.0,0.0,0.0,0.0,0.0,0.0,0.0,0.0,0.0,0.0,0.0,0.0,0.0,0.0,0.0,0.0,0.0,0.0,0.0,0.0,0.0,0.0,0.0,0.0,0.0,0.0,0.0,0.0,0.0,0.0,0.0,0.0,0.0,0.0,0.0,0.0,0.0,0.0,0.0,0.0,0.0,0.0,0.0,0
0.0,0.0,0.0,0.0,0.0,0.0,0.0,0.0,0.0,0.0,0.0,0.0,0.0,0.0,0.0,0.0,0.0,0.0,0.0,0.0,0.0,0.0,0.0,0.0,0.0,0.0,0.0,0.0,0.0,0.0,0.0,0.0,0.0,0.0,0.0,0.0,0.0,0.0,0.0,0.0,0.0,0.0,0.0,0.0,0.0,0.0,0.0,0.0,0.0,0.0,0.0,0.0,0.0,0.0,0.0,0.0,0.0,0.0,0.0,0.0,0.0,0.0,0.0,0.0,0.0,0.0,0
0.0,0.0,0.0,0.0,0.0,0.0,0.0,0.0,0.0,0.0,0.0,0.0,0.0,0.0,0.0,0.0,0.0,0.0,0.0,0.0,0.0,0.0,0.0,0.0,0.0,0.0,0.0,0.0,0.0,0.0,0.0,0.0,0.0,0.0,0.0,0.0,0.0,0.0,0.0,0.0,0.0,0.0,0.0,0.0,0.0,0.0,0.0,0.0,0.0,0.0,0.0,0.0,0.0,0.0,0.0,0.0,0.0,0.0,0.0,0.0,0.0,0.0,0.0,0.0,0.0,0.0,0
0.0,0.0,0.0,0.0,0.0,0.0,0.0,0.0,0.0,0.0,0.0,0.0,0.0,0.0,0.0,0.0,0.0,0.0,0.0,0.0,0.0,0.0,0.0,0.0,0.0,0.0,0.0,0.0,0.0,0.0,0.0,0.0,0.0,0.0,0.0,0.0,0.0,0.0,0.0,0.0,0.0,0.0,0.0,0.0,0.0,0.0,0.0,0.0,0.0,0.0,0.0,0.0,0.0,0.0,0.0,0.0,0.0,0.0,0.0,0.0,0.0,0.0,0.0,0.0,0.0,0.0,0
0.0,0.0,0.0,0.0,0.0,0.0,0.0,0.0,0.0,0.0,0.0,0.0,0.0,0.0,0.0,0.0,0.0,0.0,0.0,0.0,0.0,0.0,0.0,0.0,0.0,0.0,0.0,0.0,0.0,0.0,0.0,0.0,0.0,0.0,0.0,0.0,0.0,0.0,0.0,0.0,0.0,0.0,0.0,0.0,0.0,0.0,0.0,0.0,0.0,0.0,0.0,0.0,0.0,0.0,0.0,0.0,0.0,0.0,0.0,0.0,0.0,0.0,0.0,0.0,0.0,0.0,0
0.0,0.0,0.0,0.0,0.0,0.0,0.0,0.0,0.0,0.0,0.0,0.0,0.0,0.0,0.0,0.0,0.0,0.0,0.0,0.0,0.0,0.0,0.0,0.0,0.0,0.0,0.0,0.0,0.0,0.0,0.0,0.0,0.0,0.0,0.0,0.0,0.0,0.0,0.0,0.0,0.0,0.0,0.0,0.0,0.0,0.0,0.0,0.0,0.0,0.0,0.0,0.0,0.0,0.0,0.0,0.0,0.0,0.0,0.0,0.0,0.0,0.0,0.0,0.0,0.0,0.0,0
0.0,0.0,0.0,0.0,0.0,0.0,0.0,0.0,0.0,0.0,0.0,0.0,0.0,0.0,0.0,0.0,0.0,0.0,0.0,0.0,0.0,0.0,0.0,0.0,0.0,0.0,0.0,0.0,0.0,0.0,0.0,0.0,0.0,0.0,0.0,0.0,0.0,0.0,0.0,0.0,0.0,0.0,0.0,0.0,0.0,0.0,0.0,0.0,0.0,0.0,0.0,0.0,0.0,0.0,0.0,0.0,0.0,0.0,0.0,0.0,0.0,0.0,0.0,0.0,0.0,0.0,0
0.0,0.0,0.0,0.0,0.0,0.0,0.0,0.0,0.0,0.0,0.0,0.0,0.0,0.0,0.0,0.0,0.0,0.0,0.0,0.0,0.0,0.0,0.0,0.0,0.0,0.0,0.0,0.0,0.0,0.0,0.0,0.0,0.0,0.0,0.0,0.0,0.0,0.0,0.0,0.0,0.0,0.0,0.0,0.0,0.0,0.0,0.0,0.0,0.0,0.0,0.0,0.0,0.0,0.0,0.0,0.0,0.0,0.0,0.0,0.0,0.0,0.0,0.0,0.0,0.0,0.0,0
0.0,0.0,0.0,0.0,0.0,0.0,0.0,0.0,0.0,0.0,0.0,0.0,0.0,0.0,0.0,0.0,0.0,0.0,0.0,0.0,0.0,0.0,0.0,0.0,0.0,0.0,0.0,0.0,0.0,0.0,0.0,0.0,0.0,0.0,0.0,0.0,0.0,0.0,0.0,0.0,0.0,0.0,0.0,0.0,0.0,0.0,0.0,0.0,0.0,0.0,0.0,0.0,0.0,0.0,0.0,0.0,0.0,0.0,0.0,0.0,0.0,0.0,0.0,0.0,0.0,0.0,0
0.0,0.0,0.0,0.0,0.0,0.0,0.0,0.0,0.0,0.0,0.0,0.0,0.0,0.0,0.0,0.0,0.0,0.0,0.0,0.0,0.0,0.0,0.0,0.0,0.0,0.0,0.0,0.0,0.0,0.0,0.0,0.0,0.0,0.0,0.0,0.0,0.0,0.0,0.0,0.0,0.0,0.0,0.0,0.0,0.0,0.0,0.0,0.0,0.0,0.0,0.0,0.0,0.0,0.0,0.0,0.0,0.0,0.0,0.0,0.0,0.0,0.0,0.0,0.0,0.0,0.0,0
0.0,0.0,0.0,0.0,0.0,0.0,0.0,0.0,0.0,0.0,0.0,0.0,0.0,0.0,0.0,0.0,0.0,0.0,0.0,0.0,0.0,0.0,0.0,0.0,0.0,0.0,0.0,0.0,0.0,0.0,0.0,0.0,0.0,0.0,0.0,0.0,0.0,0.0,0.0,0.0,0.0,0.0,0.0,0.0,0.0,0.0,0.0,0.0,0.0,0.0,0.0,0.0,0.0,0.0,0.0,0.0,0.0,0.0,0.0,0.0,0.0,0.0,0.0,0.0,0.0,0.0,0
0.0,0.0,0.0,0.0,0.0,0.0,0.0,0.0,0.0,0.0,0.0,0.0,0.0,0.0,0.0,0.0,0.0,0.0,0.0,0.0,0.0,0.0,0.0,0.0,0.0,0.0,0.0,0.0,0.0,0.0,0.0,0.0,0.0,0.0,0.0,0.0,0.0,0.0,0.0,0.0,0.0,0.0,0.0,0.0,0.0,0.0,0.0,0.0,0.0,0.0,0.0,0.0,0.0,0.0,0.0,0.0,0.0,0.0,0.0,0.0,0.0,0.0,0.0,0.0,0.0,0.0,0
0.0,0.0,0.0,0.0,0.0,0.0,0.0,0.0,0.0,0.0,0.0,0.0,0.0,0.0,0.0,0.0,0.0,0.0,0.0,0.0,0.0,0.0,0.0,0.0,0.0,0.0,0.0,0.0,0.0,0.0,0.0,0.0,0.0,0.0,0.0,0.0,0.0,0.0,0.0,0.0,0.0,0.0,0.0,0.0,0.0,0.0,0.0,0.0,0.0,0.0,0.0,0.0,0.0,0.0,0.0,0.0,0.0,0.0,0.0,0.0,0.0,0.0,0.0,0.0,0.0,0.0,0
0.0,0.0,0.0,0.0,0.0,0.0,0.0,0.0,0.0,0.0,0.0,0.0,0.0,0.0,0.0,0.0,0.0,0.0,0.0,0.0,0.0,0.0,0.0,0.0,0.0,0.0,0.0,0.0,0.0,0.0,0.0,0.0,0.0,0.0,0.0,0.0,0.0,0.0,0.0,0.0,0.0,0.0,0.0,0.0,0.0,0.0,0.0,0.0,0.0,0.0,0.0,0.0,0.0,0.0,0.0,0.0,0.0,0.0,0.0,0.0,0.0,0.0,0.0,0.0,0.0,0.0,0
0.0,0.0,0.0,0.0,0.0,0.0,0.0,0.0,0.0,0.0,0.0,0.0,0.0,0.0,0.0,0.0,0.0,0.0,0.0,0.0,0.0,0.0,0.0,0.0,0.0,0.0,0.0,0.0,0.0,0.0,0.0,0.0,0.0,0.0,0.0,0.0,0.0,0.0,0.0,0.0,0.0,0.0,0.0,0.0,0.0,0.0,0.0,0.0,0.0,0.0,0.0,0.0,0.0,0.0,0.0,0.0,0.0,0.0,0.0,0.0,0.0,0.0,0.0,0.0,0.0,0.0,0
0.0,0.0,0.0,0.0,0.0,0.0,0.0,0.0,0.0,0.0,0.0,0.0,0.0,0.0,0.0,0.0,0.0,0.0,0.0,0.0,0.0,0.0,0.0,0.0,0.0,0.0,0.0,0.0,0.0,0.0,0.0,0.0,0.0,0.0,0.0,0.0,0.0,0.0,0.0,0.0,0.0,0.0,0.0,0.0,0.0,0.0,0.0,0.0,0.0,0.0,0.0,0.0,0.0,0.0,0.0,0.0,0.0,0.0,0.0,0.0,0.0,0.0,0.0,0.0,0.0,0.0,0
0.640794575214386,0.9272841215133667,0.6400025486946106,0.9250329732894897,0.64096999168396,0.9268648624420166,0.6418966054916382,0.9287925362586975,0.6404278874397278,0.9224756956100464,0.6402474641799927,0.9230276346206665,0.6401069164276123,0.9238659143447876,0.6475247740745544,0.9349721670150757,0.6432210206985474,0.9262136220932007,0.6470867395401001,0.933431088924408,0.6446049809455872,0.9295661449432373,0.6692488789558411,0.96567702293396,0.6584613919258118,0.9236233234405518,0.6511597037315369,0.9857653379440308,0.6452818512916565,0.9373819828033447,0.640711784362793,0.9811050891876221,0.6345728039741516,0.9750403165817261,0.6376463770866394,0.9855406880378723,0.6304324865341187,0.9823883175849915,0.6383155584335327,0.9765193462371826,0.6322009563446045,0.982806921005249,0.639851987361908,0.9743063449859619,0.6341102123260498,0.9821048974990845,0.6821648478507996,0.8203006386756897,0.6767526865005493,0.7990425825119019,0.6480779051780701,0.8483967781066895,0.6395852565765381,0.8293853998184204,0.6491323709487915,0.8708765506744385,0.6454756259918213,0.8417068719863892,0.6531810760498047,0.8682352900505066,0.6493932604789734,0.8393672108650208,0.6429795026779175,0.8994523286819458,0.6454928517341614,0.8666723966598511,0
0.0,0.0,0.0,0.0,0.0,0.0,0.0,0.0,0.0,0.0,0.0,0.0,0.0,0.0,0.0,0.0,0.0,0.0,0.0,0.0,0.0,0.0,0.0,0.0,0.0,0.0,0.0,0.0,0.0,0.0,0.0,0.0,0.0,0.0,0.0,0.0,0.0,0.0,0.0,0.0,0.0,0.0,0.0,0.0,0.0,0.0,0.0,0.0,0.0,0.0,0.0,0.0,0.0,0.0,0.0,0.0,0.0,0.0,0.0,0.0,0.0,0.0,0.0,0.0,0.0,0.0,0
0.0,0.0,0.0,0.0,0.0,0.0,0.0,0.0,0.0,0.0,0.0,0.0,0.0,0.0,0.0,0.0,0.0,0.0,0.0,0.0,0.0,0.0,0.0,0.0,0.0,0.0,0.0,0.0,0.0,0.0,0.0,0.0,0.0,0.0,0.0,0.0,0.0,0.0,0.0,0.0,0.0,0.0,0.0,0.0,0.0,0.0,0.0,0.0,0.0,0.0,0.0,0.0,0.0,0.0,0.0,0.0,0.0,0.0,0.0,0.0,0.0,0.0,0.0,0.0,0.0,0.0,0
0.0,0.0,0.0,0.0,0.0,0.0,0.0,0.0,0.0,0.0,0.0,0.0,0.0,0.0,0.0,0.0,0.0,0.0,0.0,0.0,0.0,0.0,0.0,0.0,0.0,0.0,0.0,0.0,0.0,0.0,0.0,0.0,0.0,0.0,0.0,0.0,0.0,0.0,0.0,0.0,0.0,0.0,0.0,0.0,0.0,0.0,0.0,0.0,0.0,0.0,0.0,0.0,0.0,0.0,0.0,0.0,0.0,0.0,0.0,0.0,0.0,0.0,0.0,0.0,0.0,0.0,0
0.0,0.0,0.0,0.0,0.0,0.0,0.0,0.0,0.0,0.0,0.0,0.0,0.0,0.0,0.0,0.0,0.0,0.0,0.0,0.0,0.0,0.0,0.0,0.0,0.0,0.0,0.0,0.0,0.0,0.0,0.0,0.0,0.0,0.0,0.0,0.0,0.0,0.0,0.0,0.0,0.0,0.0,0.0,0.0,0.0,0.0,0.0,0.0,0.0,0.0,0.0,0.0,0.0,0.0,0.0,0.0,0.0,0.0,0.0,0.0,0.0,0.0,0.0,0.0,0.0,0.0,0
0.0,0.0,0.0,0.0,0.0,0.0,0.0,0.0,0.0,0.0,0.0,0.0,0.0,0.0,0.0,0.0,0.0,0.0,0.0,0.0,0.0,0.0,0.0,0.0,0.0,0.0,0.0,0.0,0.0,0.0,0.0,0.0,0.0,0.0,0.0,0.0,0.0,0.0,0.0,0.0,0.0,0.0,0.0,0.0,0.0,0.0,0.0,0.0,0.0,0.0,0.0,0.0,0.0,0.0,0.0,0.0,0.0,0.0,0.0,0.0,0.0,0.0,0.0,0.0,0.0,0.0,0
0.0,0.0,0.0,0.0,0.0,0.0,0.0,0.0,0.0,0.0,0.0,0.0,0.0,0.0,0.0,0.0,0.0,0.0,0.0,0.0,0.0,0.0,0.0,0.0,0.0,0.0,0.0,0.0,0.0,0.0,0.0,0.0,0.0,0.0,0.0,0.0,0.0,0.0,0.0,0.0,0.0,0.0,0.0,0.0,0.0,0.0,0.0,0.0,0.0,0.0,0.0,0.0,0.0,0.0,0.0,0.0,0.0,0.0,0.0,0.0,0.0,0.0,0.0,0.0,0.0,0.0,0
0.0,0.0,0.0,0.0,0.0,0.0,0.0,0.0,0.0,0.0,0.0,0.0,0.0,0.0,0.0,0.0,0.0,0.0,0.0,0.0,0.0,0.0,0.0,0.0,0.0,0.0,0.0,0.0,0.0,0.0,0.0,0.0,0.0,0.0,0.0,0.0,0.0,0.0,0.0,0.0,0.0,0.0,0.0,0.0,0.0,0.0,0.0,0.0,0.0,0.0,0.0,0.0,0.0,0.0,0.0,0.0,0.0,0.0,0.0,0.0,0.0,0.0,0.0,0.0,0.0,0.0,0
0.0,0.0,0.0,0.0,0.0,0.0,0.0,0.0,0.0,0.0,0.0,0.0,0.0,0.0,0.0,0.0,0.0,0.0,0.0,0.0,0.0,0.0,0.0,0.0,0.0,0.0,0.0,0.0,0.0,0.0,0.0,0.0,0.0,0.0,0.0,0.0,0.0,0.0,0.0,0.0,0.0,0.0,0.0,0.0,0.0,0.0,0.0,0.0,0.0,0.0,0.0,0.0,0.0,0.0,0.0,0.0,0.0,0.0,0.0,0.0,0.0,0.0,0.0,0.0,0.0,0.0,0
0.0,0.0,0.0,0.0,0.0,0.0,0.0,0.0,0.0,0.0,0.0,0.0,0.0,0.0,0.0,0.0,0.0,0.0,0.0,0.0,0.0,0.0,0.0,0.0,0.0,0.0,0.0,0.0,0.0,0.0,0.0,0.0,0.0,0.0,0.0,0.0,0.0,0.0,0.0,0.0,0.0,0.0,0.0,0.0,0.0,0.0,0.0,0.0,0.0,0.0,0.0,0.0,0.0,0.0,0.0,0.0,0.0,0.0,0.0,0.0,0.0,0.0,0.0,0.0,0.0,0.0,0
0.0,0.0,0.0,0.0,0.0,0.0,0.0,0.0,0.0,0.0,0.0,0.0,0.0,0.0,0.0,0.0,0.0,0.0,0.0,0.0,0.0,0.0,0.0,0.0,0.0,0.0,0.0,0.0,0.0,0.0,0.0,0.0,0.0,0.0,0.0,0.0,0.0,0.0,0.0,0.0,0.0,0.0,0.0,0.0,0.0,0.0,0.0,0.0,0.0,0.0,0.0,0.0,0.0,0.0,0.0,0.0,0.0,0.0,0.0,0.0,0.0,0.0,0.0,0.0,0.0,0.0,0
0.0,0.0,0.0,0.0,0.0,0.0,0.0,0.0,0.0,0.0,0.0,0.0,0.0,0.0,0.0,0.0,0.0,0.0,0.0,0.0,0.0,0.0,0.0,0.0,0.0,0.0,0.0,0.0,0.0,0.0,0.0,0.0,0.0,0.0,0.0,0.0,0.0,0.0,0.0,0.0,0.0,0.0,0.0,0.0,0.0,0.0,0.0,0.0,0.0,0.0,0.0,0.0,0.0,0.0,0.0,0.0,0.0,0.0,0.0,0.0,0.0,0.0,0.0,0.0,0.0,0.0,0
0.0,0.0,0.0,0.0,0.0,0.0,0.0,0.0,0.0,0.0,0.0,0.0,0.0,0.0,0.0,0.0,0.0,0.0,0.0,0.0,0.0,0.0,0.0,0.0,0.0,0.0,0.0,0.0,0.0,0.0,0.0,0.0,0.0,0.0,0.0,0.0,0.0,0.0,0.0,0.0,0.0,0.0,0.0,0.0,0.0,0.0,0.0,0.0,0.0,0.0,0.0,0.0,0.0,0.0,0.0,0.0,0.0,0.0,0.0,0.0,0.0,0.0,0.0,0.0,0.0,0.0,0
0.0,0.0,0.0,0.0,0.0,0.0,0.0,0.0,0.0,0.0,0.0,0.0,0.0,0.0,0.0,0.0,0.0,0.0,0.0,0.0,0.0,0.0,0.0,0.0,0.0,0.0,0.0,0.0,0.0,0.0,0.0,0.0,0.0,0.0,0.0,0.0,0.0,0.0,0.0,0.0,0.0,0.0,0.0,0.0,0.0,0.0,0.0,0.0,0.0,0.0,0.0,0.0,0.0,0.0,0.0,0.0,0.0,0.0,0.0,0.0,0.0,0.0,0.0,0.0,0.0,0.0,0
0.0,0.0,0.0,0.0,0.0,0.0,0.0,0.0,0.0,0.0,0.0,0.0,0.0,0.0,0.0,0.0,0.0,0.0,0.0,0.0,0.0,0.0,0.0,0.0,0.0,0.0,0.0,0.0,0.0,0.0,0.0,0.0,0.0,0.0,0.0,0.0,0.0,0.0,0.0,0.0,0.0,0.0,0.0,0.0,0.0,0.0,0.0,0.0,0.0,0.0,0.0,0.0,0.0,0.0,0.0,0.0,0.0,0.0,0.0,0.0,0.0,0.0,0.0,0.0,0.0,0.0,0
0.0,0.0,0.0,0.0,0.0,0.0,0.0,0.0,0.0,0.0,0.0,0.0,0.0,0.0,0.0,0.0,0.0,0.0,0.0,0.0,0.0,0.0,0.0,0.0,0.0,0.0,0.0,0.0,0.0,0.0,0.0,0.0,0.0,0.0,0.0,0.0,0.0,0.0,0.0,0.0,0.0,0.0,0.0,0.0,0.0,0.0,0.0,0.0,0.0,0.0,0.0,0.0,0.0,0.0,0.0,0.0,0.0,0.0,0.0,0.0,0.0,0.0,0.0,0.0,0.0,0.0,0
0.0,0.0,0.0,0.0,0.0,0.0,0.0,0.0,0.0,0.0,0.0,0.0,0.0,0.0,0.0,0.0,0.0,0.0,0.0,0.0,0.0,0.0,0.0,0.0,0.0,0.0,0.0,0.0,0.0,0.0,0.0,0.0,0.0,0.0,0.0,0.0,0.0,0.0,0.0,0.0,0.0,0.0,0.0,0.0,0.0,0.0,0.0,0.0,0.0,0.0,0.0,0.0,0.0,0.0,0.0,0.0,0.0,0.0,0.0,0.0,0.0,0.0,0.0,0.0,0.0,0.0,0
0.0,0.0,0.0,0.0,0.0,0.0,0.0,0.0,0.0,0.0,0.0,0.0,0.0,0.0,0.0,0.0,0.0,0.0,0.0,0.0,0.0,0.0,0.0,0.0,0.0,0.0,0.0,0.0,0.0,0.0,0.0,0.0,0.0,0.0,0.0,0.0,0.0,0.0,0.0,0.0,0.0,0.0,0.0,0.0,0.0,0.0,0.0,0.0,0.0,0.0,0.0,0.0,0.0,0.0,0.0,0.0,0.0,0.0,0.0,0.0,0.0,0.0,0.0,0.0,0.0,0.0,0
0.0,0.0,0.0,0.0,0.0,0.0,0.0,0.0,0.0,0.0,0.0,0.0,0.0,0.0,0.0,0.0,0.0,0.0,0.0,0.0,0.0,0.0,0.0,0.0,0.0,0.0,0.0,0.0,0.0,0.0,0.0,0.0,0.0,0.0,0.0,0.0,0.0,0.0,0.0,0.0,0.0,0.0,0.0,0.0,0.0,0.0,0.0,0.0,0.0,0.0,0.0,0.0,0.0,0.0,0.0,0.0,0.0,0.0,0.0,0.0,0.0,0.0,0.0,0.0,0.0,0.0,0
0.0,0.0,0.0,0.0,0.0,0.0,0.0,0.0,0.0,0.0,0.0,0.0,0.0,0.0,0.0,0.0,0.0,0.0,0.0,0.0,0.0,0.0,0.0,0.0,0.0,0.0,0.0,0.0,0.0,0.0,0.0,0.0,0.0,0.0,0.0,0.0,0.0,0.0,0.0,0.0,0.0,0.0,0.0,0.0,0.0,0.0,0.0,0.0,0.0,0.0,0.0,0.0,0.0,0.0,0.0,0.0,0.0,0.0,0.0,0.0,0.0,0.0,0.0,0.0,0.0,0.0,0
0.0,0.0,0.0,0.0,0.0,0.0,0.0,0.0,0.0,0.0,0.0,0.0,0.0,0.0,0.0,0.0,0.0,0.0,0.0,0.0,0.0,0.0,0.0,0.0,0.0,0.0,0.0,0.0,0.0,0.0,0.0,0.0,0.0,0.0,0.0,0.0,0.0,0.0,0.0,0.0,0.0,0.0,0.0,0.0,0.0,0.0,0.0,0.0,0.0,0.0,0.0,0.0,0.0,0.0,0.0,0.0,0.0,0.0,0.0,0.0,0.0,0.0,0.0,0.0,0.0,0.0,0
0.0,0.0,0.0,0.0,0.0,0.0,0.0,0.0,0.0,0.0,0.0,0.0,0.0,0.0,0.0,0.0,0.0,0.0,0.0,0.0,0.0,0.0,0.0,0.0,0.0,0.0,0.0,0.0,0.0,0.0,0.0,0.0,0.0,0.0,0.0,0.0,0.0,0.0,0.0,0.0,0.0,0.0,0.0,0.0,0.0,0.0,0.0,0.0,0.0,0.0,0.0,0.0,0.0,0.0,0.0,0.0,0.0,0.0,0.0,0.0,0.0,0.0,0.0,0.0,0.0,0.0,0
0.0,0.0,0.0,0.0,0.0,0.0,0.0,0.0,0.0,0.0,0.0,0.0,0.0,0.0,0.0,0.0,0.0,0.0,0.0,0.0,0.0,0.0,0.0,0.0,0.0,0.0,0.0,0.0,0.0,0.0,0.0,0.0,0.0,0.0,0.0,0.0,0.0,0.0,0.0,0.0,0.0,0.0,0.0,0.0,0.0,0.0,0.0,0.0,0.0,0.0,0.0,0.0,0.0,0.0,0.0,0.0,0.0,0.0,0.0,0.0,0.0,0.0,0.0,0.0,0.0,0.0,0
0.0,0.0,0.0,0.0,0.0,0.0,0.0,0.0,0.0,0.0,0.0,0.0,0.0,0.0,0.0,0.0,0.0,0.0,0.0,0.0,0.0,0.0,0.0,0.0,0.0,0.0,0.0,0.0,0.0,0.0,0.0,0.0,0.0,0.0,0.0,0.0,0.0,0.0,0.0,0.0,0.0,0.0,0.0,0.0,0.0,0.0,0.0,0.0,0.0,0.0,0.0,0.0,0.0,0.0,0.0,0.0,0.0,0.0,0.0,0.0,0.0,0.0,0.0,0.0,0.0,0.0,0
0.0,0.0,0.0,0.0,0.0,0.0,0.0,0.0,0.0,0.0,0.0,0.0,0.0,0.0,0.0,0.0,0.0,0.0,0.0,0.0,0.0,0.0,0.0,0.0,0.0,0.0,0.0,0.0,0.0,0.0,0.0,0.0,0.0,0.0,0.0,0.0,0.0,0.0,0.0,0.0,0.0,0.0,0.0,0.0,0.0,0.0,0.0,0.0,0.0,0.0,0.0,0.0,0.0,0.0,0.0,0.0,0.0,0.0,0.0,0.0,0.0,0.0,0.0,0.0,0.0,0.0,0
0.0,0.0,0.0,0.0,0.0,0.0,0.0,0.0,0.0,0.0,0.0,0.0,0.0,0.0,0.0,0.0,0.0,0.0,0.0,0.0,0.0,0.0,0.0,0.0,0.0,0.0,0.0,0.0,0.0,0.0,0.0,0.0,0.0,0.0,0.0,0.0,0.0,0.0,0.0,0.0,0.0,0.0,0.0,0.0,0.0,0.0,0.0,0.0,0.0,0.0,0.0,0.0,0.0,0.0,0.0,0.0,0.0,0.0,0.0,0.0,0.0,0.0,0.0,0.0,0.0,0.0,0
0.0,0.0,0.0,0.0,0.0,0.0,0.0,0.0,0.0,0.0,0.0,0.0,0.0,0.0,0.0,0.0,0.0,0.0,0.0,0.0,0.0,0.0,0.0,0.0,0.0,0.0,0.0,0.0,0.0,0.0,0.0,0.0,0.0,0.0,0.0,0.0,0.0,0.0,0.0,0.0,0.0,0.0,0.0,0.0,0.0,0.0,0.0,0.0,0.0,0.0,0.0,0.0,0.0,0.0,0.0,0.0,0.0,0.0,0.0,0.0,0.0,0.0,0.0,0.0,0.0,0.0,0
0.0,0.0,0.0,0.0,0.0,0.0,0.0,0.0,0.0,0.0,0.0,0.0,0.0,0.0,0.0,0.0,0.0,0.0,0.0,0.0,0.0,0.0,0.0,0.0,0.0,0.0,0.0,0.0,0.0,0.0,0.0,0.0,0.0,0.0,0.0,0.0,0.0,0.0,0.0,0.0,0.0,0.0,0.0,0.0,0.0,0.0,0.0,0.0,0.0,0.0,0.0,0.0,0.0,0.0,0.0,0.0,0.0,0.0,0.0,0.0,0.0,0.0,0.0,0.0,0.0,0.0,0
0.0,0.0,0.0,0.0,0.0,0.0,0.0,0.0,0.0,0.0,0.0,0.0,0.0,0.0,0.0,0.0,0.0,0.0,0.0,0.0,0.0,0.0,0.0,0.0,0.0,0.0,0.0,0.0,0.0,0.0,0.0,0.0,0.0,0.0,0.0,0.0,0.0,0.0,0.0,0.0,0.0,0.0,0.0,0.0,0.0,0.0,0.0,0.0,0.0,0.0,0.0,0.0,0.0,0.0,0.0,0.0,0.0,0.0,0.0,0.0,0.0,0.0,0.0,0.0,0.0,0.0,0
0.0,0.0,0.0,0.0,0.0,0.0,0.0,0.0,0.0,0.0,0.0,0.0,0.0,0.0,0.0,0.0,0.0,0.0,0.0,0.0,0.0,0.0,0.0,0.0,0.0,0.0,0.0,0.0,0.0,0.0,0.0,0.0,0.0,0.0,0.0,0.0,0.0,0.0,0.0,0.0,0.0,0.0,0.0,0.0,0.0,0.0,0.0,0.0,0.0,0.0,0.0,0.0,0.0,0.0,0.0,0.0,0.0,0.0,0.0,0.0,0.0,0.0,0.0,0.0,0.0,0.0,0
0.0,0.0,0.0,0.0,0.0,0.0,0.0,0.0,0.0,0.0,0.0,0.0,0.0,0.0,0.0,0.0,0.0,0.0,0.0,0.0,0.0,0.0,0.0,0.0,0.0,0.0,0.0,0.0,0.0,0.0,0.0,0.0,0.0,0.0,0.0,0.0,0.0,0.0,0.0,0.0,0.0,0.0,0.0,0.0,0.0,0.0,0.0,0.0,0.0,0.0,0.0,0.0,0.0,0.0,0.0,0.0,0.0,0.0,0.0,0.0,0.0,0.0,0.0,0.0,0.0,0.0,0
0.0,0.0,0.0,0.0,0.0,0.0,0.0,0.0,0.0,0.0,0.0,0.0,0.0,0.0,0.0,0.0,0.0,0.0,0.0,0.0,0.0,0.0,0.0,0.0,0.0,0.0,0.0,0.0,0.0,0.0,0.0,0.0,0.0,0.0,0.0,0.0,0.0,0.0,0.0,0.0,0.0,0.0,0.0,0.0,0.0,0.0,0.0,0.0,0.0,0.0,0.0,0.0,0.0,0.0,0.0,0.0,0.0,0.0,0.0,0.0,0.0,0.0,0.0,0.0,0.0,0.0,0
0.0,0.0,0.0,0.0,0.0,0.0,0.0,0.0,0.0,0.0,0.0,0.0,0.0,0.0,0.0,0.0,0.0,0.0,0.0,0.0,0.0,0.0,0.0,0.0,0.0,0.0,0.0,0.0,0.0,0.0,0.0,0.0,0.0,0.0,0.0,0.0,0.0,0.0,0.0,0.0,0.0,0.0,0.0,0.0,0.0,0.0,0.0,0.0,0.0,0.0,0.0,0.0,0.0,0.0,0.0,0.0,0.0,0.0,0.0,0.0,0.0,0.0,0.0,0.0,0.0,0.0,0
0.0,0.0,0.0,0.0,0.0,0.0,0.0,0.0,0.0,0.0,0.0,0.0,0.0,0.0,0.0,0.0,0.0,0.0,0.0,0.0,0.0,0.0,0.0,0.0,0.0,0.0,0.0,0.0,0.0,0.0,0.0,0.0,0.0,0.0,0.0,0.0,0.0,0.0,0.0,0.0,0.0,0.0,0.0,0.0,0.0,0.0,0.0,0.0,0.0,0.0,0.0,0.0,0.0,0.0,0.0,0.0,0.0,0.0,0.0,0.0,0.0,0.0,0.0,0.0,0.0,0.0,0
0.0,0.0,0.0,0.0,0.0,0.0,0.0,0.0,0.0,0.0,0.0,0.0,0.0,0.0,0.0,0.0,0.0,0.0,0.0,0.0,0.0,0.0,0.0,0.0,0.0,0.0,0.0,0.0,0.0,0.0,0.0,0.0,0.0,0.0,0.0,0.0,0.0,0.0,0.0,0.0,0.0,0.0,0.0,0.0,0.0,0.0,0.0,0.0,0.0,0.0,0.0,0.0,0.0,0.0,0.0,0.0,0.0,0.0,0.0,0.0,0.0,0.0,0.0,0.0,0.0,0.0,0
0.0,0.0,0.0,0.0,0.0,0.0,0.0,0.0,0.0,0.0,0.0,0.0,0.0,0.0,0.0,0.0,0.0,0.0,0.0,0.0,0.0,0.0,0.0,0.0,0.0,0.0,0.0,0.0,0.0,0.0,0.0,0.0,0.0,0.0,0.0,0.0,0.0,0.0,0.0,0.0,0.0,0.0,0.0,0.0,0.0,0.0,0.0,0.0,0.0,0.0,0.0,0.0,0.0,0.0,0.0,0.0,0.0,0.0,0.0,0.0,0.0,0.0,0.0,0.0,0.0,0.0,0
0.0,0.0,0.0,0.0,0.0,0.0,0.0,0.0,0.0,0.0,0.0,0.0,0.0,0.0,0.0,0.0,0.0,0.0,0.0,0.0,0.0,0.0,0.0,0.0,0.0,0.0,0.0,0.0,0.0,0.0,0.0,0.0,0.0,0.0,0.0,0.0,0.0,0.0,0.0,0.0,0.0,0.0,0.0,0.0,0.0,0.0,0.0,0.0,0.0,0.0,0.0,0.0,0.0,0.0,0.0,0.0,0.0,0.0,0.0,0.0,0.0,0.0,0.0,0.0,0.0,0.0,0
0.0,0.0,0.0,0.0,0.0,0.0,0.0,0.0,0.0,0.0,0.0,0.0,0.0,0.0,0.0,0.0,0.0,0.0,0.0,0.0,0.0,0.0,0.0,0.0,0.0,0.0,0.0,0.0,0.0,0.0,0.0,0.0,0.0,0.0,0.0,0.0,0.0,0.0,0.0,0.0,0.0,0.0,0.0,0.0,0.0,0.0,0.0,0.0,0.0,0.0,0.0,0.0,0.0,0.0,0.0,0.0,0.0,0.0,0.0,0.0,0.0,0.0,0.0,0.0,0.0,0.0,0
0.0,0.0,0.0,0.0,0.0,0.0,0.0,0.0,0.0,0.0,0.0,0.0,0.0,0.0,0.0,0.0,0.0,0.0,0.0,0.0,0.0,0.0,0.0,0.0,0.0,0.0,0.0,0.0,0.0,0.0,0.0,0.0,0.0,0.0,0.0,0.0,0.0,0.0,0.0,0.0,0.0,0.0,0.0,0.0,0.0,0.0,0.0,0.0,0.0,0.0,0.0,0.0,0.0,0.0,0.0,0.0,0.0,0.0,0.0,0.0,0.0,0.0,0.0,0.0,0.0,0.0,0
0.0,0.0,0.0,0.0,0.0,0.0,0.0,0.0,0.0,0.0,0.0,0.0,0.0,0.0,0.0,0.0,0.0,0.0,0.0,0.0,0.0,0.0,0.0,0.0,0.0,0.0,0.0,0.0,0.0,0.0,0.0,0.0,0.0,0.0,0.0,0.0,0.0,0.0,0.0,0.0,0.0,0.0,0.0,0.0,0.0,0.0,0.0,0.0,0.0,0.0,0.0,0.0,0.0,0.0,0.0,0.0,0.0,0.0,0.0,0.0,0.0,0.0,0.0,0.0,0.0,0.0,0
0.0,0.0,0.0,0.0,0.0,0.0,0.0,0.0,0.0,0.0,0.0,0.0,0.0,0.0,0.0,0.0,0.0,0.0,0.0,0.0,0.0,0.0,0.0,0.0,0.0,0.0,0.0,0.0,0.0,0.0,0.0,0.0,0.0,0.0,0.0,0.0,0.0,0.0,0.0,0.0,0.0,0.0,0.0,0.0,0.0,0.0,0.0,0.0,0.0,0.0,0.0,0.0,0.0,0.0,0.0,0.0,0.0,0.0,0.0,0.0,0.0,0.0,0.0,0.0,0.0,0.0,0
0.0,0.0,0.0,0.0,0.0,0.0,0.0,0.0,0.0,0.0,0.0,0.0,0.0,0.0,0.0,0.0,0.0,0.0,0.0,0.0,0.0,0.0,0.0,0.0,0.0,0.0,0.0,0.0,0.0,0.0,0.0,0.0,0.0,0.0,0.0,0.0,0.0,0.0,0.0,0.0,0.0,0.0,0.0,0.0,0.0,0.0,0.0,0.0,0.0,0.0,0.0,0.0,0.0,0.0,0.0,0.0,0.0,0.0,0.0,0.0,0.0,0.0,0.0,0.0,0.0,0.0,0
0.0,0.0,0.0,0.0,0.0,0.0,0.0,0.0,0.0,0.0,0.0,0.0,0.0,0.0,0.0,0.0,0.0,0.0,0.0,0.0,0.0,0.0,0.0,0.0,0.0,0.0,0.0,0.0,0.0,0.0,0.0,0.0,0.0,0.0,0.0,0.0,0.0,0.0,0.0,0.0,0.0,0.0,0.0,0.0,0.0,0.0,0.0,0.0,0.0,0.0,0.0,0.0,0.0,0.0,0.0,0.0,0.0,0.0,0.0,0.0,0.0,0.0,0.0,0.0,0.0,0.0,0
0.0,0.0,0.0,0.0,0.0,0.0,0.0,0.0,0.0,0.0,0.0,0.0,0.0,0.0,0.0,0.0,0.0,0.0,0.0,0.0,0.0,0.0,0.0,0.0,0.0,0.0,0.0,0.0,0.0,0.0,0.0,0.0,0.0,0.0,0.0,0.0,0.0,0.0,0.0,0.0,0.0,0.0,0.0,0.0,0.0,0.0,0.0,0.0,0.0,0.0,0.0,0.0,0.0,0.0,0.0,0.0,0.0,0.0,0.0,0.0,0.0,0.0,0.0,0.0,0.0,0.0,0
0.0,0.0,0.0,0.0,0.0,0.0,0.0,0.0,0.0,0.0,0.0,0.0,0.0,0.0,0.0,0.0,0.0,0.0,0.0,0.0,0.0,0.0,0.0,0.0,0.0,0.0,0.0,0.0,0.0,0.0,0.0,0.0,0.0,0.0,0.0,0.0,0.0,0.0,0.0,0.0,0.0,0.0,0.0,0.0,0.0,0.0,0.0,0.0,0.0,0.0,0.0,0.0,0.0,0.0,0.0,0.0,0.0,0.0,0.0,0.0,0.0,0.0,0.0,0.0,0.0,0.0,0
0.0,0.0,0.0,0.0,0.0,0.0,0.0,0.0,0.0,0.0,0.0,0.0,0.0,0.0,0.0,0.0,0.0,0.0,0.0,0.0,0.0,0.0,0.0,0.0,0.0,0.0,0.0,0.0,0.0,0.0,0.0,0.0,0.0,0.0,0.0,0.0,0.0,0.0,0.0,0.0,0.0,0.0,0.0,0.0,0.0,0.0,0.0,0.0,0.0,0.0,0.0,0.0,0.0,0.0,0.0,0.0,0.0,0.0,0.0,0.0,0.0,0.0,0.0,0.0,0.0,0.0,0
0.0,0.0,0.0,0.0,0.0,0.0,0.0,0.0,0.0,0.0,0.0,0.0,0.0,0.0,0.0,0.0,0.0,0.0,0.0,0.0,0.0,0.0,0.0,0.0,0.0,0.0,0.0,0.0,0.0,0.0,0.0,0.0,0.0,0.0,0.0,0.0,0.0,0.0,0.0,0.0,0.0,0.0,0.0,0.0,0.0,0.0,0.0,0.0,0.0,0.0,0.0,0.0,0.0,0.0,0.0,0.0,0.0,0.0,0.0,0.0,0.0,0.0,0.0,0.0,0.0,0.0,0
0.0,0.0,0.0,0.0,0.0,0.0,0.0,0.0,0.0,0.0,0.0,0.0,0.0,0.0,0.0,0.0,0.0,0.0,0.0,0.0,0.0,0.0,0.0,0.0,0.0,0.0,0.0,0.0,0.0,0.0,0.0,0.0,0.0,0.0,0.0,0.0,0.0,0.0,0.0,0.0,0.0,0.0,0.0,0.0,0.0,0.0,0.0,0.0,0.0,0.0,0.0,0.0,0.0,0.0,0.0,0.0,0.0,0.0,0.0,0.0,0.0,0.0,0.0,0.0,0.0,0.0,0
0.0,0.0,0.0,0.0,0.0,0.0,0.0,0.0,0.0,0.0,0.0,0.0,0.0,0.0,0.0,0.0,0.0,0.0,0.0,0.0,0.0,0.0,0.0,0.0,0.0,0.0,0.0,0.0,0.0,0.0,0.0,0.0,0.0,0.0,0.0,0.0,0.0,0.0,0.0,0.0,0.0,0.0,0.0,0.0,0.0,0.0,0.0,0.0,0.0,0.0,0.0,0.0,0.0,0.0,0.0,0.0,0.0,0.0,0.0,0.0,0.0,0.0,0.0,0.0,0.0,0.0,0
0.0,0.0,0.0,0.0,0.0,0.0,0.0,0.0,0.0,0.0,0.0,0.0,0.0,0.0,0.0,0.0,0.0,0.0,0.0,0.0,0.0,0.0,0.0,0.0,0.0,0.0,0.0,0.0,0.0,0.0,0.0,0.0,0.0,0.0,0.0,0.0,0.0,0.0,0.0,0.0,0.0,0.0,0.0,0.0,0.0,0.0,0.0,0.0,0.0,0.0,0.0,0.0,0.0,0.0,0.0,0.0,0.0,0.0,0.0,0.0,0.0,0.0,0.0,0.0,0.0,0.0,0
0.0,0.0,0.0,0.0,0.0,0.0,0.0,0.0,0.0,0.0,0.0,0.0,0.0,0.0,0.0,0.0,0.0,0.0,0.0,0.0,0.0,0.0,0.0,0.0,0.0,0.0,0.0,0.0,0.0,0.0,0.0,0.0,0.0,0.0,0.0,0.0,0.0,0.0,0.0,0.0,0.0,0.0,0.0,0.0,0.0,0.0,0.0,0.0,0.0,0.0,0.0,0.0,0.0,0.0,0.0,0.0,0.0,0.0,0.0,0.0,0.0,0.0,0.0,0.0,0.0,0.0,0
0.0,0.0,0.0,0.0,0.0,0.0,0.0,0.0,0.0,0.0,0.0,0.0,0.0,0.0,0.0,0.0,0.0,0.0,0.0,0.0,0.0,0.0,0.0,0.0,0.0,0.0,0.0,0.0,0.0,0.0,0.0,0.0,0.0,0.0,0.0,0.0,0.0,0.0,0.0,0.0,0.0,0.0,0.0,0.0,0.0,0.0,0.0,0.0,0.0,0.0,0.0,0.0,0.0,0.0,0.0,0.0,0.0,0.0,0.0,0.0,0.0,0.0,0.0,0.0,0.0,0.0,0
0.0,0.0,0.0,0.0,0.0,0.0,0.0,0.0,0.0,0.0,0.0,0.0,0.0,0.0,0.0,0.0,0.0,0.0,0.0,0.0,0.0,0.0,0.0,0.0,0.0,0.0,0.0,0.0,0.0,0.0,0.0,0.0,0.0,0.0,0.0,0.0,0.0,0.0,0.0,0.0,0.0,0.0,0.0,0.0,0.0,0.0,0.0,0.0,0.0,0.0,0.0,0.0,0.0,0.0,0.0,0.0,0.0,0.0,0.0,0.0,0.0,0.0,0.0,0.0,0.0,0.0,0
0.0,0.0,0.0,0.0,0.0,0.0,0.0,0.0,0.0,0.0,0.0,0.0,0.0,0.0,0.0,0.0,0.0,0.0,0.0,0.0,0.0,0.0,0.0,0.0,0.0,0.0,0.0,0.0,0.0,0.0,0.0,0.0,0.0,0.0,0.0,0.0,0.0,0.0,0.0,0.0,0.0,0.0,0.0,0.0,0.0,0.0,0.0,0.0,0.0,0.0,0.0,0.0,0.0,0.0,0.0,0.0,0.0,0.0,0.0,0.0,0.0,0.0,0.0,0.0,0.0,0.0,0
0.0,0.0,0.0,0.0,0.0,0.0,0.0,0.0,0.0,0.0,0.0,0.0,0.0,0.0,0.0,0.0,0.0,0.0,0.0,0.0,0.0,0.0,0.0,0.0,0.0,0.0,0.0,0.0,0.0,0.0,0.0,0.0,0.0,0.0,0.0,0.0,0.0,0.0,0.0,0.0,0.0,0.0,0.0,0.0,0.0,0.0,0.0,0.0,0.0,0.0,0.0,0.0,0.0,0.0,0.0,0.0,0.0,0.0,0.0,0.0,0.0,0.0,0.0,0.0,0.0,0.0,0
0.0,0.0,0.0,0.0,0.0,0.0,0.0,0.0,0.0,0.0,0.0,0.0,0.0,0.0,0.0,0.0,0.0,0.0,0.0,0.0,0.0,0.0,0.0,0.0,0.0,0.0,0.0,0.0,0.0,0.0,0.0,0.0,0.0,0.0,0.0,0.0,0.0,0.0,0.0,0.0,0.0,0.0,0.0,0.0,0.0,0.0,0.0,0.0,0.0,0.0,0.0,0.0,0.0,0.0,0.0,0.0,0.0,0.0,0.0,0.0,0.0,0.0,0.0,0.0,0.0,0.0,0
0.0,0.0,0.0,0.0,0.0,0.0,0.0,0.0,0.0,0.0,0.0,0.0,0.0,0.0,0.0,0.0,0.0,0.0,0.0,0.0,0.0,0.0,0.0,0.0,0.0,0.0,0.0,0.0,0.0,0.0,0.0,0.0,0.0,0.0,0.0,0.0,0.0,0.0,0.0,0.0,0.0,0.0,0.0,0.0,0.0,0.0,0.0,0.0,0.0,0.0,0.0,0.0,0.0,0.0,0.0,0.0,0.0,0.0,0.0,0.0,0.0,0.0,0.0,0.0,0.0,0.0,0
0.0,0.0,0.0,0.0,0.0,0.0,0.0,0.0,0.0,0.0,0.0,0.0,0.0,0.0,0.0,0.0,0.0,0.0,0.0,0.0,0.0,0.0,0.0,0.0,0.0,0.0,0.0,0.0,0.0,0.0,0.0,0.0,0.0,0.0,0.0,0.0,0.0,0.0,0.0,0.0,0.0,0.0,0.0,0.0,0.0,0.0,0.0,0.0,0.0,0.0,0.0,0.0,0.0,0.0,0.0,0.0,0.0,0.0,0.0,0.0,0.0,0.0,0.0,0.0,0.0,0.0,0
0.0,0.0,0.0,0.0,0.0,0.0,0.0,0.0,0.0,0.0,0.0,0.0,0.0,0.0,0.0,0.0,0.0,0.0,0.0,0.0,0.0,0.0,0.0,0.0,0.0,0.0,0.0,0.0,0.0,0.0,0.0,0.0,0.0,0.0,0.0,0.0,0.0,0.0,0.0,0.0,0.0,0.0,0.0,0.0,0.0,0.0,0.0,0.0,0.0,0.0,0.0,0.0,0.0,0.0,0.0,0.0,0.0,0.0,0.0,0.0,0.0,0.0,0.0,0.0,0.0,0.0,0
0.0,0.0,0.0,0.0,0.0,0.0,0.0,0.0,0.0,0.0,0.0,0.0,0.0,0.0,0.0,0.0,0.0,0.0,0.0,0.0,0.0,0.0,0.0,0.0,0.0,0.0,0.0,0.0,0.0,0.0,0.0,0.0,0.0,0.0,0.0,0.0,0.0,0.0,0.0,0.0,0.0,0.0,0.0,0.0,0.0,0.0,0.0,0.0,0.0,0.0,0.0,0.0,0.0,0.0,0.0,0.0,0.0,0.0,0.0,0.0,0.0,0.0,0.0,0.0,0.0,0.0,0
0.0,0.0,0.0,0.0,0.0,0.0,0.0,0.0,0.0,0.0,0.0,0.0,0.0,0.0,0.0,0.0,0.0,0.0,0.0,0.0,0.0,0.0,0.0,0.0,0.0,0.0,0.0,0.0,0.0,0.0,0.0,0.0,0.0,0.0,0.0,0.0,0.0,0.0,0.0,0.0,0.0,0.0,0.0,0.0,0.0,0.0,0.0,0.0,0.0,0.0,0.0,0.0,0.0,0.0,0.0,0.0,0.0,0.0,0.0,0.0,0.0,0.0,0.0,0.0,0.0,0.0,0
0.0,0.0,0.0,0.0,0.0,0.0,0.0,0.0,0.0,0.0,0.0,0.0,0.0,0.0,0.0,0.0,0.0,0.0,0.0,0.0,0.0,0.0,0.0,0.0,0.0,0.0,0.0,0.0,0.0,0.0,0.0,0.0,0.0,0.0,0.0,0.0,0.0,0.0,0.0,0.0,0.0,0.0,0.0,0.0,0.0,0.0,0.0,0.0,0.0,0.0,0.0,0.0,0.0,0.0,0.0,0.0,0.0,0.0,0.0,0.0,0.0,0.0,0.0,0.0,0.0,0.0,0
0.0,0.0,0.0,0.0,0.0,0.0,0.0,0.0,0.0,0.0,0.0,0.0,0.0,0.0,0.0,0.0,0.0,0.0,0.0,0.0,0.0,0.0,0.0,0.0,0.0,0.0,0.0,0.0,0.0,0.0,0.0,0.0,0.0,0.0,0.0,0.0,0.0,0.0,0.0,0.0,0.0,0.0,0.0,0.0,0.0,0.0,0.0,0.0,0.0,0.0,0.0,0.0,0.0,0.0,0.0,0.0,0.0,0.0,0.0,0.0,0.0,0.0,0.0,0.0,0.0,0.0,0
0.0,0.0,0.0,0.0,0.0,0.0,0.0,0.0,0.0,0.0,0.0,0.0,0.0,0.0,0.0,0.0,0.0,0.0,0.0,0.0,0.0,0.0,0.0,0.0,0.0,0.0,0.0,0.0,0.0,0.0,0.0,0.0,0.0,0.0,0.0,0.0,0.0,0.0,0.0,0.0,0.0,0.0,0.0,0.0,0.0,0.0,0.0,0.0,0.0,0.0,0.0,0.0,0.0,0.0,0.0,0.0,0.0,0.0,0.0,0.0,0.0,0.0,0.0,0.0,0.0,0.0,0
0.0,0.0,0.0,0.0,0.0,0.0,0.0,0.0,0.0,0.0,0.0,0.0,0.0,0.0,0.0,0.0,0.0,0.0,0.0,0.0,0.0,0.0,0.0,0.0,0.0,0.0,0.0,0.0,0.0,0.0,0.0,0.0,0.0,0.0,0.0,0.0,0.0,0.0,0.0,0.0,0.0,0.0,0.0,0.0,0.0,0.0,0.0,0.0,0.0,0.0,0.0,0.0,0.0,0.0,0.0,0.0,0.0,0.0,0.0,0.0,0.0,0.0,0.0,0.0,0.0,0.0,0
0.0,0.0,0.0,0.0,0.0,0.0,0.0,0.0,0.0,0.0,0.0,0.0,0.0,0.0,0.0,0.0,0.0,0.0,0.0,0.0,0.0,0.0,0.0,0.0,0.0,0.0,0.0,0.0,0.0,0.0,0.0,0.0,0.0,0.0,0.0,0.0,0.0,0.0,0.0,0.0,0.0,0.0,0.0,0.0,0.0,0.0,0.0,0.0,0.0,0.0,0.0,0.0,0.0,0.0,0.0,0.0,0.0,0.0,0.0,0.0,0.0,0.0,0.0,0.0,0.0,0.0,0
0.0,0.0,0.0,0.0,0.0,0.0,0.0,0.0,0.0,0.0,0.0,0.0,0.0,0.0,0.0,0.0,0.0,0.0,0.0,0.0,0.0,0.0,0.0,0.0,0.0,0.0,0.0,0.0,0.0,0.0,0.0,0.0,0.0,0.0,0.0,0.0,0.0,0.0,0.0,0.0,0.0,0.0,0.0,0.0,0.0,0.0,0.0,0.0,0.0,0.0,0.0,0.0,0.0,0.0,0.0,0.0,0.0,0.0,0.0,0.0,0.0,0.0,0.0,0.0,0.0,0.0,0
0.0,0.0,0.0,0.0,0.0,0.0,0.0,0.0,0.0,0.0,0.0,0.0,0.0,0.0,0.0,0.0,0.0,0.0,0.0,0.0,0.0,0.0,0.0,0.0,0.0,0.0,0.0,0.0,0.0,0.0,0.0,0.0,0.0,0.0,0.0,0.0,0.0,0.0,0.0,0.0,0.0,0.0,0.0,0.0,0.0,0.0,0.0,0.0,0.0,0.0,0.0,0.0,0.0,0.0,0.0,0.0,0.0,0.0,0.0,0.0,0.0,0.0,0.0,0.0,0.0,0.0,0
0.0,0.0,0.0,0.0,0.0,0.0,0.0,0.0,0.0,0.0,0.0,0.0,0.0,0.0,0.0,0.0,0.0,0.0,0.0,0.0,0.0,0.0,0.0,0.0,0.0,0.0,0.0,0.0,0.0,0.0,0.0,0.0,0.0,0.0,0.0,0.0,0.0,0.0,0.0,0.0,0.0,0.0,0.0,0.0,0.0,0.0,0.0,0.0,0.0,0.0,0.0,0.0,0.0,0.0,0.0,0.0,0.0,0.0,0.0,0.0,0.0,0.0,0.0,0.0,0.0,0.0,0
0.0,0.0,0.0,0.0,0.0,0.0,0.0,0.0,0.0,0.0,0.0,0.0,0.0,0.0,0.0,0.0,0.0,0.0,0.0,0.0,0.0,0.0,0.0,0.0,0.0,0.0,0.0,0.0,0.0,0.0,0.0,0.0,0.0,0.0,0.0,0.0,0.0,0.0,0.0,0.0,0.0,0.0,0.0,0.0,0.0,0.0,0.0,0.0,0.0,0.0,0.0,0.0,0.0,0.0,0.0,0.0,0.0,0.0,0.0,0.0,0.0,0.0,0.0,0.0,0.0,0.0,0
0.0,0.0,0.0,0.0,0.0,0.0,0.0,0.0,0.0,0.0,0.0,0.0,0.0,0.0,0.0,0.0,0.0,0.0,0.0,0.0,0.0,0.0,0.0,0.0,0.0,0.0,0.0,0.0,0.0,0.0,0.0,0.0,0.0,0.0,0.0,0.0,0.0,0.0,0.0,0.0,0.0,0.0,0.0,0.0,0.0,0.0,0.0,0.0,0.0,0.0,0.0,0.0,0.0,0.0,0.0,0.0,0.0,0.0,0.0,0.0,0.0,0.0,0.0,0.0,0.0,0.0,0
0.0,0.0,0.0,0.0,0.0,0.0,0.0,0.0,0.0,0.0,0.0,0.0,0.0,0.0,0.0,0.0,0.0,0.0,0.0,0.0,0.0,0.0,0.0,0.0,0.0,0.0,0.0,0.0,0.0,0.0,0.0,0.0,0.0,0.0,0.0,0.0,0.0,0.0,0.0,0.0,0.0,0.0,0.0,0.0,0.0,0.0,0.0,0.0,0.0,0.0,0.0,0.0,0.0,0.0,0.0,0.0,0.0,0.0,0.0,0.0,0.0,0.0,0.0,0.0,0.0,0.0,0
0.0,0.0,0.0,0.0,0.0,0.0,0.0,0.0,0.0,0.0,0.0,0.0,0.0,0.0,0.0,0.0,0.0,0.0,0.0,0.0,0.0,0.0,0.0,0.0,0.0,0.0,0.0,0.0,0.0,0.0,0.0,0.0,0.0,0.0,0.0,0.0,0.0,0.0,0.0,0.0,0.0,0.0,0.0,0.0,0.0,0.0,0.0,0.0,0.0,0.0,0.0,0.0,0.0,0.0,0.0,0.0,0.0,0.0,0.0,0.0,0.0,0.0,0.0,0.0,0.0,0.0,0
0.0,0.0,0.0,0.0,0.0,0.0,0.0,0.0,0.0,0.0,0.0,0.0,0.0,0.0,0.0,0.0,0.0,0.0,0.0,0.0,0.0,0.0,0.0,0.0,0.0,0.0,0.0,0.0,0.0,0.0,0.0,0.0,0.0,0.0,0.0,0.0,0.0,0.0,0.0,0.0,0.0,0.0,0.0,0.0,0.0,0.0,0.0,0.0,0.0,0.0,0.0,0.0,0.0,0.0,0.0,0.0,0.0,0.0,0.0,0.0,0.0,0.0,0.0,0.0,0.0,0.0,0
0.0,0.0,0.0,0.0,0.0,0.0,0.0,0.0,0.0,0.0,0.0,0.0,0.0,0.0,0.0,0.0,0.0,0.0,0.0,0.0,0.0,0.0,0.0,0.0,0.0,0.0,0.0,0.0,0.0,0.0,0.0,0.0,0.0,0.0,0.0,0.0,0.0,0.0,0.0,0.0,0.0,0.0,0.0,0.0,0.0,0.0,0.0,0.0,0.0,0.0,0.0,0.0,0.0,0.0,0.0,0.0,0.0,0.0,0.0,0.0,0.0,0.0,0.0,0.0,0.0,0.0,0
0.0,0.0,0.0,0.0,0.0,0.0,0.0,0.0,0.0,0.0,0.0,0.0,0.0,0.0,0.0,0.0,0.0,0.0,0.0,0.0,0.0,0.0,0.0,0.0,0.0,0.0,0.0,0.0,0.0,0.0,0.0,0.0,0.0,0.0,0.0,0.0,0.0,0.0,0.0,0.0,0.0,0.0,0.0,0.0,0.0,0.0,0.0,0.0,0.0,0.0,0.0,0.0,0.0,0.0,0.0,0.0,0.0,0.0,0.0,0.0,0.0,0.0,0.0,0.0,0.0,0.0,0
0.0,0.0,0.0,0.0,0.0,0.0,0.0,0.0,0.0,0.0,0.0,0.0,0.0,0.0,0.0,0.0,0.0,0.0,0.0,0.0,0.0,0.0,0.0,0.0,0.0,0.0,0.0,0.0,0.0,0.0,0.0,0.0,0.0,0.0,0.0,0.0,0.0,0.0,0.0,0.0,0.0,0.0,0.0,0.0,0.0,0.0,0.0,0.0,0.0,0.0,0.0,0.0,0.0,0.0,0.0,0.0,0.0,0.0,0.0,0.0,0.0,0.0,0.0,0.0,0.0,0.0,0
0.0,0.0,0.0,0.0,0.0,0.0,0.0,0.0,0.0,0.0,0.0,0.0,0.0,0.0,0.0,0.0,0.0,0.0,0.0,0.0,0.0,0.0,0.0,0.0,0.0,0.0,0.0,0.0,0.0,0.0,0.0,0.0,0.0,0.0,0.0,0.0,0.0,0.0,0.0,0.0,0.0,0.0,0.0,0.0,0.0,0.0,0.0,0.0,0.0,0.0,0.0,0.0,0.0,0.0,0.0,0.0,0.0,0.0,0.0,0.0,0.0,0.0,0.0,0.0,0.0,0.0,0
0.0,0.0,0.0,0.0,0.0,0.0,0.0,0.0,0.0,0.0,0.0,0.0,0.0,0.0,0.0,0.0,0.0,0.0,0.0,0.0,0.0,0.0,0.0,0.0,0.0,0.0,0.0,0.0,0.0,0.0,0.0,0.0,0.0,0.0,0.0,0.0,0.0,0.0,0.0,0.0,0.0,0.0,0.0,0.0,0.0,0.0,0.0,0.0,0.0,0.0,0.0,0.0,0.0,0.0,0.0,0.0,0.0,0.0,0.0,0.0,0.0,0.0,0.0,0.0,0.0,0.0,0
0.0,0.0,0.0,0.0,0.0,0.0,0.0,0.0,0.0,0.0,0.0,0.0,0.0,0.0,0.0,0.0,0.0,0.0,0.0,0.0,0.0,0.0,0.0,0.0,0.0,0.0,0.0,0.0,0.0,0.0,0.0,0.0,0.0,0.0,0.0,0.0,0.0,0.0,0.0,0.0,0.0,0.0,0.0,0.0,0.0,0.0,0.0,0.0,0.0,0.0,0.0,0.0,0.0,0.0,0.0,0.0,0.0,0.0,0.0,0.0,0.0,0.0,0.0,0.0,0.0,0.0,0
0.0,0.0,0.0,0.0,0.0,0.0,0.0,0.0,0.0,0.0,0.0,0.0,0.0,0.0,0.0,0.0,0.0,0.0,0.0,0.0,0.0,0.0,0.0,0.0,0.0,0.0,0.0,0.0,0.0,0.0,0.0,0.0,0.0,0.0,0.0,0.0,0.0,0.0,0.0,0.0,0.0,0.0,0.0,0.0,0.0,0.0,0.0,0.0,0.0,0.0,0.0,0.0,0.0,0.0,0.0,0.0,0.0,0.0,0.0,0.0,0.0,0.0,0.0,0.0,0.0,0.0,0
0.0,0.0,0.0,0.0,0.0,0.0,0.0,0.0,0.0,0.0,0.0,0.0,0.0,0.0,0.0,0.0,0.0,0.0,0.0,0.0,0.0,0.0,0.0,0.0,0.0,0.0,0.0,0.0,0.0,0.0,0.0,0.0,0.0,0.0,0.0,0.0,0.0,0.0,0.0,0.0,0.0,0.0,0.0,0.0,0.0,0.0,0.0,0.0,0.0,0.0,0.0,0.0,0.0,0.0,0.0,0.0,0.0,0.0,0.0,0.0,0.0,0.0,0.0,0.0,0.0,0.0,0
0.0,0.0,0.0,0.0,0.0,0.0,0.0,0.0,0.0,0.0,0.0,0.0,0.0,0.0,0.0,0.0,0.0,0.0,0.0,0.0,0.0,0.0,0.0,0.0,0.0,0.0,0.0,0.0,0.0,0.0,0.0,0.0,0.0,0.0,0.0,0.0,0.0,0.0,0.0,0.0,0.0,0.0,0.0,0.0,0.0,0.0,0.0,0.0,0.0,0.0,0.0,0.0,0.0,0.0,0.0,0.0,0.0,0.0,0.0,0.0,0.0,0.0,0.0,0.0,0.0,0.0,0
0.0,0.0,0.0,0.0,0.0,0.0,0.0,0.0,0.0,0.0,0.0,0.0,0.0,0.0,0.0,0.0,0.0,0.0,0.0,0.0,0.0,0.0,0.0,0.0,0.0,0.0,0.0,0.0,0.0,0.0,0.0,0.0,0.0,0.0,0.0,0.0,0.0,0.0,0.0,0.0,0.0,0.0,0.0,0.0,0.0,0.0,0.0,0.0,0.0,0.0,0.0,0.0,0.0,0.0,0.0,0.0,0.0,0.0,0.0,0.0,0.0,0.0,0.0,0.0,0.0,0.0,0
0.0,0.0,0.0,0.0,0.0,0.0,0.0,0.0,0.0,0.0,0.0,0.0,0.0,0.0,0.0,0.0,0.0,0.0,0.0,0.0,0.0,0.0,0.0,0.0,0.0,0.0,0.0,0.0,0.0,0.0,0.0,0.0,0.0,0.0,0.0,0.0,0.0,0.0,0.0,0.0,0.0,0.0,0.0,0.0,0.0,0.0,0.0,0.0,0.0,0.0,0.0,0.0,0.0,0.0,0.0,0.0,0.0,0.0,0.0,0.0,0.0,0.0,0.0,0.0,0.0,0.0,0
0.0,0.0,0.0,0.0,0.0,0.0,0.0,0.0,0.0,0.0,0.0,0.0,0.0,0.0,0.0,0.0,0.0,0.0,0.0,0.0,0.0,0.0,0.0,0.0,0.0,0.0,0.0,0.0,0.0,0.0,0.0,0.0,0.0,0.0,0.0,0.0,0.0,0.0,0.0,0.0,0.0,0.0,0.0,0.0,0.0,0.0,0.0,0.0,0.0,0.0,0.0,0.0,0.0,0.0,0.0,0.0,0.0,0.0,0.0,0.0,0.0,0.0,0.0,0.0,0.0,0.0,0
0.0,0.0,0.0,0.0,0.0,0.0,0.0,0.0,0.0,0.0,0.0,0.0,0.0,0.0,0.0,0.0,0.0,0.0,0.0,0.0,0.0,0.0,0.0,0.0,0.0,0.0,0.0,0.0,0.0,0.0,0.0,0.0,0.0,0.0,0.0,0.0,0.0,0.0,0.0,0.0,0.0,0.0,0.0,0.0,0.0,0.0,0.0,0.0,0.0,0.0,0.0,0.0,0.0,0.0,0.0,0.0,0.0,0.0,0.0,0.0,0.0,0.0,0.0,0.0,0.0,0.0,0
0.0,0.0,0.0,0.0,0.0,0.0,0.0,0.0,0.0,0.0,0.0,0.0,0.0,0.0,0.0,0.0,0.0,0.0,0.0,0.0,0.0,0.0,0.0,0.0,0.0,0.0,0.0,0.0,0.0,0.0,0.0,0.0,0.0,0.0,0.0,0.0,0.0,0.0,0.0,0.0,0.0,0.0,0.0,0.0,0.0,0.0,0.0,0.0,0.0,0.0,0.0,0.0,0.0,0.0,0.0,0.0,0.0,0.0,0.0,0.0,0.0,0.0,0.0,0.0,0.0,0.0,0
0.0,0.0,0.0,0.0,0.0,0.0,0.0,0.0,0.0,0.0,0.0,0.0,0.0,0.0,0.0,0.0,0.0,0.0,0.0,0.0,0.0,0.0,0.0,0.0,0.0,0.0,0.0,0.0,0.0,0.0,0.0,0.0,0.0,0.0,0.0,0.0,0.0,0.0,0.0,0.0,0.0,0.0,0.0,0.0,0.0,0.0,0.0,0.0,0.0,0.0,0.0,0.0,0.0,0.0,0.0,0.0,0.0,0.0,0.0,0.0,0.0,0.0,0.0,0.0,0.0,0.0,0
0.0,0.0,0.0,0.0,0.0,0.0,0.0,0.0,0.0,0.0,0.0,0.0,0.0,0.0,0.0,0.0,0.0,0.0,0.0,0.0,0.0,0.0,0.0,0.0,0.0,0.0,0.0,0.0,0.0,0.0,0.0,0.0,0.0,0.0,0.0,0.0,0.0,0.0,0.0,0.0,0.0,0.0,0.0,0.0,0.0,0.0,0.0,0.0,0.0,0.0,0.0,0.0,0.0,0.0,0.0,0.0,0.0,0.0,0.0,0.0,0.0,0.0,0.0,0.0,0.0,0.0,0
0.0,0.0,0.0,0.0,0.0,0.0,0.0,0.0,0.0,0.0,0.0,0.0,0.0,0.0,0.0,0.0,0.0,0.0,0.0,0.0,0.0,0.0,0.0,0.0,0.0,0.0,0.0,0.0,0.0,0.0,0.0,0.0,0.0,0.0,0.0,0.0,0.0,0.0,0.0,0.0,0.0,0.0,0.0,0.0,0.0,0.0,0.0,0.0,0.0,0.0,0.0,0.0,0.0,0.0,0.0,0.0,0.0,0.0,0.0,0.0,0.0,0.0,0.0,0.0,0.0,0.0,0
0.0,0.0,0.0,0.0,0.0,0.0,0.0,0.0,0.0,0.0,0.0,0.0,0.0,0.0,0.0,0.0,0.0,0.0,0.0,0.0,0.0,0.0,0.0,0.0,0.0,0.0,0.0,0.0,0.0,0.0,0.0,0.0,0.0,0.0,0.0,0.0,0.0,0.0,0.0,0.0,0.0,0.0,0.0,0.0,0.0,0.0,0.0,0.0,0.0,0.0,0.0,0.0,0.0,0.0,0.0,0.0,0.0,0.0,0.0,0.0,0.0,0.0,0.0,0.0,0.0,0.0,0
0.0,0.0,0.0,0.0,0.0,0.0,0.0,0.0,0.0,0.0,0.0,0.0,0.0,0.0,0.0,0.0,0.0,0.0,0.0,0.0,0.0,0.0,0.0,0.0,0.0,0.0,0.0,0.0,0.0,0.0,0.0,0.0,0.0,0.0,0.0,0.0,0.0,0.0,0.0,0.0,0.0,0.0,0.0,0.0,0.0,0.0,0.0,0.0,0.0,0.0,0.0,0.0,0.0,0.0,0.0,0.0,0.0,0.0,0.0,0.0,0.0,0.0,0.0,0.0,0.0,0.0,0
0.0,0.0,0.0,0.0,0.0,0.0,0.0,0.0,0.0,0.0,0.0,0.0,0.0,0.0,0.0,0.0,0.0,0.0,0.0,0.0,0.0,0.0,0.0,0.0,0.0,0.0,0.0,0.0,0.0,0.0,0.0,0.0,0.0,0.0,0.0,0.0,0.0,0.0,0.0,0.0,0.0,0.0,0.0,0.0,0.0,0.0,0.0,0.0,0.0,0.0,0.0,0.0,0.0,0.0,0.0,0.0,0.0,0.0,0.0,0.0,0.0,0.0,0.0,0.0,0.0,0.0,0
0.0,0.0,0.0,0.0,0.0,0.0,0.0,0.0,0.0,0.0,0.0,0.0,0.0,0.0,0.0,0.0,0.0,0.0,0.0,0.0,0.0,0.0,0.0,0.0,0.0,0.0,0.0,0.0,0.0,0.0,0.0,0.0,0.0,0.0,0.0,0.0,0.0,0.0,0.0,0.0,0.0,0.0,0.0,0.0,0.0,0.0,0.0,0.0,0.0,0.0,0.0,0.0,0.0,0.0,0.0,0.0,0.0,0.0,0.0,0.0,0.0,0.0,0.0,0.0,0.0,0.0,0
0.0,0.0,0.0,0.0,0.0,0.0,0.0,0.0,0.0,0.0,0.0,0.0,0.0,0.0,0.0,0.0,0.0,0.0,0.0,0.0,0.0,0.0,0.0,0.0,0.0,0.0,0.0,0.0,0.0,0.0,0.0,0.0,0.0,0.0,0.0,0.0,0.0,0.0,0.0,0.0,0.0,0.0,0.0,0.0,0.0,0.0,0.0,0.0,0.0,0.0,0.0,0.0,0.0,0.0,0.0,0.0,0.0,0.0,0.0,0.0,0.0,0.0,0.0,0.0,0.0,0.0,0
0.0,0.0,0.0,0.0,0.0,0.0,0.0,0.0,0.0,0.0,0.0,0.0,0.0,0.0,0.0,0.0,0.0,0.0,0.0,0.0,0.0,0.0,0.0,0.0,0.0,0.0,0.0,0.0,0.0,0.0,0.0,0.0,0.0,0.0,0.0,0.0,0.0,0.0,0.0,0.0,0.0,0.0,0.0,0.0,0.0,0.0,0.0,0.0,0.0,0.0,0.0,0.0,0.0,0.0,0.0,0.0,0.0,0.0,0.0,0.0,0.0,0.0,0.0,0.0,0.0,0.0,0
0.0,0.0,0.0,0.0,0.0,0.0,0.0,0.0,0.0,0.0,0.0,0.0,0.0,0.0,0.0,0.0,0.0,0.0,0.0,0.0,0.0,0.0,0.0,0.0,0.0,0.0,0.0,0.0,0.0,0.0,0.0,0.0,0.0,0.0,0.0,0.0,0.0,0.0,0.0,0.0,0.0,0.0,0.0,0.0,0.0,0.0,0.0,0.0,0.0,0.0,0.0,0.0,0.0,0.0,0.0,0.0,0.0,0.0,0.0,0.0,0.0,0.0,0.0,0.0,0.0,0.0,0
0.0,0.0,0.0,0.0,0.0,0.0,0.0,0.0,0.0,0.0,0.0,0.0,0.0,0.0,0.0,0.0,0.0,0.0,0.0,0.0,0.0,0.0,0.0,0.0,0.0,0.0,0.0,0.0,0.0,0.0,0.0,0.0,0.0,0.0,0.0,0.0,0.0,0.0,0.0,0.0,0.0,0.0,0.0,0.0,0.0,0.0,0.0,0.0,0.0,0.0,0.0,0.0,0.0,0.0,0.0,0.0,0.0,0.0,0.0,0.0,0.0,0.0,0.0,0.0,0.0,0.0,0
0.0,0.0,0.0,0.0,0.0,0.0,0.0,0.0,0.0,0.0,0.0,0.0,0.0,0.0,0.0,0.0,0.0,0.0,0.0,0.0,0.0,0.0,0.0,0.0,0.0,0.0,0.0,0.0,0.0,0.0,0.0,0.0,0.0,0.0,0.0,0.0,0.0,0.0,0.0,0.0,0.0,0.0,0.0,0.0,0.0,0.0,0.0,0.0,0.0,0.0,0.0,0.0,0.0,0.0,0.0,0.0,0.0,0.0,0.0,0.0,0.0,0.0,0.0,0.0,0.0,0.0,0
0.0,0.0,0.0,0.0,0.0,0.0,0.0,0.0,0.0,0.0,0.0,0.0,0.0,0.0,0.0,0.0,0.0,0.0,0.0,0.0,0.0,0.0,0.0,0.0,0.0,0.0,0.0,0.0,0.0,0.0,0.0,0.0,0.0,0.0,0.0,0.0,0.0,0.0,0.0,0.0,0.0,0.0,0.0,0.0,0.0,0.0,0.0,0.0,0.0,0.0,0.0,0.0,0.0,0.0,0.0,0.0,0.0,0.0,0.0,0.0,0.0,0.0,0.0,0.0,0.0,0.0,0
0.0,0.0,0.0,0.0,0.0,0.0,0.0,0.0,0.0,0.0,0.0,0.0,0.0,0.0,0.0,0.0,0.0,0.0,0.0,0.0,0.0,0.0,0.0,0.0,0.0,0.0,0.0,0.0,0.0,0.0,0.0,0.0,0.0,0.0,0.0,0.0,0.0,0.0,0.0,0.0,0.0,0.0,0.0,0.0,0.0,0.0,0.0,0.0,0.0,0.0,0.0,0.0,0.0,0.0,0.0,0.0,0.0,0.0,0.0,0.0,0.0,0.0,0.0,0.0,0.0,0.0,0
0.0,0.0,0.0,0.0,0.0,0.0,0.0,0.0,0.0,0.0,0.0,0.0,0.0,0.0,0.0,0.0,0.0,0.0,0.0,0.0,0.0,0.0,0.0,0.0,0.0,0.0,0.0,0.0,0.0,0.0,0.0,0.0,0.0,0.0,0.0,0.0,0.0,0.0,0.0,0.0,0.0,0.0,0.0,0.0,0.0,0.0,0.0,0.0,0.0,0.0,0.0,0.0,0.0,0.0,0.0,0.0,0.0,0.0,0.0,0.0,0.0,0.0,0.0,0.0,0.0,0.0,0
0.0,0.0,0.0,0.0,0.0,0.0,0.0,0.0,0.0,0.0,0.0,0.0,0.0,0.0,0.0,0.0,0.0,0.0,0.0,0.0,0.0,0.0,0.0,0.0,0.0,0.0,0.0,0.0,0.0,0.0,0.0,0.0,0.0,0.0,0.0,0.0,0.0,0.0,0.0,0.0,0.0,0.0,0.0,0.0,0.0,0.0,0.0,0.0,0.0,0.0,0.0,0.0,0.0,0.0,0.0,0.0,0.0,0.0,0.0,0.0,0.0,0.0,0.0,0.0,0.0,0.0,0
0.0,0.0,0.0,0.0,0.0,0.0,0.0,0.0,0.0,0.0,0.0,0.0,0.0,0.0,0.0,0.0,0.0,0.0,0.0,0.0,0.0,0.0,0.0,0.0,0.0,0.0,0.0,0.0,0.0,0.0,0.0,0.0,0.0,0.0,0.0,0.0,0.0,0.0,0.0,0.0,0.0,0.0,0.0,0.0,0.0,0.0,0.0,0.0,0.0,0.0,0.0,0.0,0.0,0.0,0.0,0.0,0.0,0.0,0.0,0.0,0.0,0.0,0.0,0.0,0.0,0.0,0
0.0,0.0,0.0,0.0,0.0,0.0,0.0,0.0,0.0,0.0,0.0,0.0,0.0,0.0,0.0,0.0,0.0,0.0,0.0,0.0,0.0,0.0,0.0,0.0,0.0,0.0,0.0,0.0,0.0,0.0,0.0,0.0,0.0,0.0,0.0,0.0,0.0,0.0,0.0,0.0,0.0,0.0,0.0,0.0,0.0,0.0,0.0,0.0,0.0,0.0,0.0,0.0,0.0,0.0,0.0,0.0,0.0,0.0,0.0,0.0,0.0,0.0,0.0,0.0,0.0,0.0,0
0.0,0.0,0.0,0.0,0.0,0.0,0.0,0.0,0.0,0.0,0.0,0.0,0.0,0.0,0.0,0.0,0.0,0.0,0.0,0.0,0.0,0.0,0.0,0.0,0.0,0.0,0.0,0.0,0.0,0.0,0.0,0.0,0.0,0.0,0.0,0.0,0.0,0.0,0.0,0.0,0.0,0.0,0.0,0.0,0.0,0.0,0.0,0.0,0.0,0.0,0.0,0.0,0.0,0.0,0.0,0.0,0.0,0.0,0.0,0.0,0.0,0.0,0.0,0.0,0.0,0.0,0
0.0,0.0,0.0,0.0,0.0,0.0,0.0,0.0,0.0,0.0,0.0,0.0,0.0,0.0,0.0,0.0,0.0,0.0,0.0,0.0,0.0,0.0,0.0,0.0,0.0,0.0,0.0,0.0,0.0,0.0,0.0,0.0,0.0,0.0,0.0,0.0,0.0,0.0,0.0,0.0,0.0,0.0,0.0,0.0,0.0,0.0,0.0,0.0,0.0,0.0,0.0,0.0,0.0,0.0,0.0,0.0,0.0,0.0,0.0,0.0,0.0,0.0,0.0,0.0,0.0,0.0,0
0.0,0.0,0.0,0.0,0.0,0.0,0.0,0.0,0.0,0.0,0.0,0.0,0.0,0.0,0.0,0.0,0.0,0.0,0.0,0.0,0.0,0.0,0.0,0.0,0.0,0.0,0.0,0.0,0.0,0.0,0.0,0.0,0.0,0.0,0.0,0.0,0.0,0.0,0.0,0.0,0.0,0.0,0.0,0.0,0.0,0.0,0.0,0.0,0.0,0.0,0.0,0.0,0.0,0.0,0.0,0.0,0.0,0.0,0.0,0.0,0.0,0.0,0.0,0.0,0.0,0.0,0
0.0,0.0,0.0,0.0,0.0,0.0,0.0,0.0,0.0,0.0,0.0,0.0,0.0,0.0,0.0,0.0,0.0,0.0,0.0,0.0,0.0,0.0,0.0,0.0,0.0,0.0,0.0,0.0,0.0,0.0,0.0,0.0,0.0,0.0,0.0,0.0,0.0,0.0,0.0,0.0,0.0,0.0,0.0,0.0,0.0,0.0,0.0,0.0,0.0,0.0,0.0,0.0,0.0,0.0,0.0,0.0,0.0,0.0,0.0,0.0,0.0,0.0,0.0,0.0,0.0,0.0,0
0.0,0.0,0.0,0.0,0.0,0.0,0.0,0.0,0.0,0.0,0.0,0.0,0.0,0.0,0.0,0.0,0.0,0.0,0.0,0.0,0.0,0.0,0.0,0.0,0.0,0.0,0.0,0.0,0.0,0.0,0.0,0.0,0.0,0.0,0.0,0.0,0.0,0.0,0.0,0.0,0.0,0.0,0.0,0.0,0.0,0.0,0.0,0.0,0.0,0.0,0.0,0.0,0.0,0.0,0.0,0.0,0.0,0.0,0.0,0.0,0.0,0.0,0.0,0.0,0.0,0.0,0
0.0,0.0,0.0,0.0,0.0,0.0,0.0,0.0,0.0,0.0,0.0,0.0,0.0,0.0,0.0,0.0,0.0,0.0,0.0,0.0,0.0,0.0,0.0,0.0,0.0,0.0,0.0,0.0,0.0,0.0,0.0,0.0,0.0,0.0,0.0,0.0,0.0,0.0,0.0,0.0,0.0,0.0,0.0,0.0,0.0,0.0,0.0,0.0,0.0,0.0,0.0,0.0,0.0,0.0,0.0,0.0,0.0,0.0,0.0,0.0,0.0,0.0,0.0,0.0,0.0,0.0,0
0.0,0.0,0.0,0.0,0.0,0.0,0.0,0.0,0.0,0.0,0.0,0.0,0.0,0.0,0.0,0.0,0.0,0.0,0.0,0.0,0.0,0.0,0.0,0.0,0.0,0.0,0.0,0.0,0.0,0.0,0.0,0.0,0.0,0.0,0.0,0.0,0.0,0.0,0.0,0.0,0.0,0.0,0.0,0.0,0.0,0.0,0.0,0.0,0.0,0.0,0.0,0.0,0.0,0.0,0.0,0.0,0.0,0.0,0.0,0.0,0.0,0.0,0.0,0.0,0.0,0.0,0
0.0,0.0,0.0,0.0,0.0,0.0,0.0,0.0,0.0,0.0,0.0,0.0,0.0,0.0,0.0,0.0,0.0,0.0,0.0,0.0,0.0,0.0,0.0,0.0,0.0,0.0,0.0,0.0,0.0,0.0,0.0,0.0,0.0,0.0,0.0,0.0,0.0,0.0,0.0,0.0,0.0,0.0,0.0,0.0,0.0,0.0,0.0,0.0,0.0,0.0,0.0,0.0,0.0,0.0,0.0,0.0,0.0,0.0,0.0,0.0,0.0,0.0,0.0,0.0,0.0,0.0,0
0.0,0.0,0.0,0.0,0.0,0.0,0.0,0.0,0.0,0.0,0.0,0.0,0.0,0.0,0.0,0.0,0.0,0.0,0.0,0.0,0.0,0.0,0.0,0.0,0.0,0.0,0.0,0.0,0.0,0.0,0.0,0.0,0.0,0.0,0.0,0.0,0.0,0.0,0.0,0.0,0.0,0.0,0.0,0.0,0.0,0.0,0.0,0.0,0.0,0.0,0.0,0.0,0.0,0.0,0.0,0.0,0.0,0.0,0.0,0.0,0.0,0.0,0.0,0.0,0.0,0.0,0
0.0,0.0,0.0,0.0,0.0,0.0,0.0,0.0,0.0,0.0,0.0,0.0,0.0,0.0,0.0,0.0,0.0,0.0,0.0,0.0,0.0,0.0,0.0,0.0,0.0,0.0,0.0,0.0,0.0,0.0,0.0,0.0,0.0,0.0,0.0,0.0,0.0,0.0,0.0,0.0,0.0,0.0,0.0,0.0,0.0,0.0,0.0,0.0,0.0,0.0,0.0,0.0,0.0,0.0,0.0,0.0,0.0,0.0,0.0,0.0,0.0,0.0,0.0,0.0,0.0,0.0,0
0.0,0.0,0.0,0.0,0.0,0.0,0.0,0.0,0.0,0.0,0.0,0.0,0.0,0.0,0.0,0.0,0.0,0.0,0.0,0.0,0.0,0.0,0.0,0.0,0.0,0.0,0.0,0.0,0.0,0.0,0.0,0.0,0.0,0.0,0.0,0.0,0.0,0.0,0.0,0.0,0.0,0.0,0.0,0.0,0.0,0.0,0.0,0.0,0.0,0.0,0.0,0.0,0.0,0.0,0.0,0.0,0.0,0.0,0.0,0.0,0.0,0.0,0.0,0.0,0.0,0.0,0
0.0,0.0,0.0,0.0,0.0,0.0,0.0,0.0,0.0,0.0,0.0,0.0,0.0,0.0,0.0,0.0,0.0,0.0,0.0,0.0,0.0,0.0,0.0,0.0,0.0,0.0,0.0,0.0,0.0,0.0,0.0,0.0,0.0,0.0,0.0,0.0,0.0,0.0,0.0,0.0,0.0,0.0,0.0,0.0,0.0,0.0,0.0,0.0,0.0,0.0,0.0,0.0,0.0,0.0,0.0,0.0,0.0,0.0,0.0,0.0,0.0,0.0,0.0,0.0,0.0,0.0,0
0.0,0.0,0.0,0.0,0.0,0.0,0.0,0.0,0.0,0.0,0.0,0.0,0.0,0.0,0.0,0.0,0.0,0.0,0.0,0.0,0.0,0.0,0.0,0.0,0.0,0.0,0.0,0.0,0.0,0.0,0.0,0.0,0.0,0.0,0.0,0.0,0.0,0.0,0.0,0.0,0.0,0.0,0.0,0.0,0.0,0.0,0.0,0.0,0.0,0.0,0.0,0.0,0.0,0.0,0.0,0.0,0.0,0.0,0.0,0.0,0.0,0.0,0.0,0.0,0.0,0.0,0
0.0,0.0,0.0,0.0,0.0,0.0,0.0,0.0,0.0,0.0,0.0,0.0,0.0,0.0,0.0,0.0,0.0,0.0,0.0,0.0,0.0,0.0,0.0,0.0,0.0,0.0,0.0,0.0,0.0,0.0,0.0,0.0,0.0,0.0,0.0,0.0,0.0,0.0,0.0,0.0,0.0,0.0,0.0,0.0,0.0,0.0,0.0,0.0,0.0,0.0,0.0,0.0,0.0,0.0,0.0,0.0,0.0,0.0,0.0,0.0,0.0,0.0,0.0,0.0,0.0,0.0,0
0.0,0.0,0.0,0.0,0.0,0.0,0.0,0.0,0.0,0.0,0.0,0.0,0.0,0.0,0.0,0.0,0.0,0.0,0.0,0.0,0.0,0.0,0.0,0.0,0.0,0.0,0.0,0.0,0.0,0.0,0.0,0.0,0.0,0.0,0.0,0.0,0.0,0.0,0.0,0.0,0.0,0.0,0.0,0.0,0.0,0.0,0.0,0.0,0.0,0.0,0.0,0.0,0.0,0.0,0.0,0.0,0.0,0.0,0.0,0.0,0.0,0.0,0.0,0.0,0.0,0.0,0
0.0,0.0,0.0,0.0,0.0,0.0,0.0,0.0,0.0,0.0,0.0,0.0,0.0,0.0,0.0,0.0,0.0,0.0,0.0,0.0,0.0,0.0,0.0,0.0,0.0,0.0,0.0,0.0,0.0,0.0,0.0,0.0,0.0,0.0,0.0,0.0,0.0,0.0,0.0,0.0,0.0,0.0,0.0,0.0,0.0,0.0,0.0,0.0,0.0,0.0,0.0,0.0,0.0,0.0,0.0,0.0,0.0,0.0,0.0,0.0,0.0,0.0,0.0,0.0,0.0,0.0,0
0.0,0.0,0.0,0.0,0.0,0.0,0.0,0.0,0.0,0.0,0.0,0.0,0.0,0.0,0.0,0.0,0.0,0.0,0.0,0.0,0.0,0.0,0.0,0.0,0.0,0.0,0.0,0.0,0.0,0.0,0.0,0.0,0.0,0.0,0.0,0.0,0.0,0.0,0.0,0.0,0.0,0.0,0.0,0.0,0.0,0.0,0.0,0.0,0.0,0.0,0.0,0.0,0.0,0.0,0.0,0.0,0.0,0.0,0.0,0.0,0.0,0.0,0.0,0.0,0.0,0.0,0
0.0,0.0,0.0,0.0,0.0,0.0,0.0,0.0,0.0,0.0,0.0,0.0,0.0,0.0,0.0,0.0,0.0,0.0,0.0,0.0,0.0,0.0,0.0,0.0,0.0,0.0,0.0,0.0,0.0,0.0,0.0,0.0,0.0,0.0,0.0,0.0,0.0,0.0,0.0,0.0,0.0,0.0,0.0,0.0,0.0,0.0,0.0,0.0,0.0,0.0,0.0,0.0,0.0,0.0,0.0,0.0,0.0,0.0,0.0,0.0,0.0,0.0,0.0,0.0,0.0,0.0,0
0.0,0.0,0.0,0.0,0.0,0.0,0.0,0.0,0.0,0.0,0.0,0.0,0.0,0.0,0.0,0.0,0.0,0.0,0.0,0.0,0.0,0.0,0.0,0.0,0.0,0.0,0.0,0.0,0.0,0.0,0.0,0.0,0.0,0.0,0.0,0.0,0.0,0.0,0.0,0.0,0.0,0.0,0.0,0.0,0.0,0.0,0.0,0.0,0.0,0.0,0.0,0.0,0.0,0.0,0.0,0.0,0.0,0.0,0.0,0.0,0.0,0.0,0.0,0.0,0.0,0.0,0
0.0,0.0,0.0,0.0,0.0,0.0,0.0,0.0,0.0,0.0,0.0,0.0,0.0,0.0,0.0,0.0,0.0,0.0,0.0,0.0,0.0,0.0,0.0,0.0,0.0,0.0,0.0,0.0,0.0,0.0,0.0,0.0,0.0,0.0,0.0,0.0,0.0,0.0,0.0,0.0,0.0,0.0,0.0,0.0,0.0,0.0,0.0,0.0,0.0,0.0,0.0,0.0,0.0,0.0,0.0,0.0,0.0,0.0,0.0,0.0,0.0,0.0,0.0,0.0,0.0,0.0,0
0.6355569362640381,0.9464272260665894,0.6340805292129517,0.9525409936904907,0.6336678266525269,0.9528771638870239,0.6332772970199585,0.9534705281257629,0.6345003247261047,0.9495493769645691,0.6343639492988586,0.9494789838790894,0.6342154741287231,0.9496358633041382,0.6291273832321167,0.9508066177368164,0.6306571960449219,0.9461835622787476,0.6326299905776978,0.9413594007492065,0.6320487260818481,0.9408842325210571,0.6205264329910278,0.9184350371360779,0.6287282705307007,0.920454740524292,0.6328811645507812,0.9033517837524414,0.636358380317688,0.9110655188560486,0.6437026858329773,0.9447903037071228,0.6429949998855591,0.9544293284416199,0.6462398171424866,0.9540022611618042,0.6451301574707031,0.9659921526908875,0.6451646089553833,0.9555672407150269,0.6455734372138977,0.9673386812210083,0.6441840529441833,0.9529863595962524,0.6446219682693481,0.9636539220809937,0.6285739541053772,0.7911101579666138,0.6324500441551208,0.797247588634491,0.6558263301849365,0.7905271053314209,0.6545720100402832,0.7941152453422546,0.6527302861213684,0.8660975694656372,0.6546961665153503,0.8760422468185425,0.6523043513298035,0.8722549676895142,0.6550188660621643,0.88260418176651,0.6519652605056763,0.9028800129890442,0.6529154181480408,0.9115946888923645,0
0.0,0.0,0.0,0.0,0.0,0.0,0.0,0.0,0.0,0.0,0.0,0.0,0.0,0.0,0.0,0.0,0.0,0.0,0.0,0.0,0.0,0.0,0.0,0.0,0.0,0.0,0.0,0.0,0.0,0.0,0.0,0.0,0.0,0.0,0.0,0.0,0.0,0.0,0.0,0.0,0.0,0.0,0.0,0.0,0.0,0.0,0.0,0.0,0.0,0.0,0.0,0.0,0.0,0.0,0.0,0.0,0.0,0.0,0.0,0.0,0.0,0.0,0.0,0.0,0.0,0.0,0
0.0,0.0,0.0,0.0,0.0,0.0,0.0,0.0,0.0,0.0,0.0,0.0,0.0,0.0,0.0,0.0,0.0,0.0,0.0,0.0,0.0,0.0,0.0,0.0,0.0,0.0,0.0,0.0,0.0,0.0,0.0,0.0,0.0,0.0,0.0,0.0,0.0,0.0,0.0,0.0,0.0,0.0,0.0,0.0,0.0,0.0,0.0,0.0,0.0,0.0,0.0,0.0,0.0,0.0,0.0,0.0,0.0,0.0,0.0,0.0,0.0,0.0,0.0,0.0,0.0,0.0,0
