kp0_x,kp0_y,kp1_x,kp1_y,kp2_x,kp2_y,kp3_x,kp3_y,kp4_x,kp4_y,kp5_x,kp5_y,kp6_x,kp6_y,kp7_x,kp7_y,kp8_x,kp8_y,kp9_x,kp9_y,kp10_x,kp10_y,kp11_x,kp11_y,kp12_x,kp12_y,kp13_x,kp13_y,kp14_x,kp14_y,kp15_x,kp15_y,kp16_x,kp16_y,kp17_x,kp17_y,kp18_x,kp18_y,kp19_x,kp19_y,kp20_x,kp20_y,kp21_x,kp21_y,kp22_x,kp22_y,kp23_x,kp23_y,kp24_x,kp24_y,kp25_x,kp25_y,kp26_x,kp26_y,kp27_x,kp27_y,kp28_x,kp28_y,kp29_x,kp29_y,kp30_x,kp30_y,kp31_x,kp31_y,kp32_x,kp32_y,label
0.0,0.0,0.0,0.0,0.0,0.0,0.0,0.0,0.0,0.0,0.0,0.0,0.0,0.0,0.0,0.0,0.0,0.0,0.0,0.0,0.0,0.0,0.0,0.0,0.0,0.0,0.0,0.0,0.0,0.0,0.0,0.0,0.0,0.0,0.0,0.0,0.0,0.0,0.0,0.0,0.0,0.0,0.0,0.0,0.0,0.0,0.0,0.0,0.0,0.0,0.0,0.0,0.0,0.0,0.0,0.0,0.0,0.0,0.0,0.0,0.0,0.0,0.0,0.0,0.0,0.0,0
0.0,0.0,0.0,0.0,0.0,0.0,0.0,0.0,0.0,0.0,0.0,0.0,0.0,0.0,0.0,0.0,0.0,0.0,0.0,0.0,0.0,0.0,0.0,0.0,0.0,0.0,0.0,0.0,0.0,0.0,0.0,0.0,0.0,0.0,0.0,0.0,0.0,0.0,0.0,0.0,0.0,0.0,0.0,0.0,0.0,0.0,0.0,0.0,0.0,0.0,0.0,0.0,0.0,0.0,0.0,0.0,0.0,0.0,0.0,0.0,0.0,0.0,0.0,0.0,0.0,0.0,0
0.0,0.0,0.0,0.0,0.0,0.0,0.0,0.0,0.0,0.0,0.0,0.0,0.0,0.0,0.0,0.0,0.0,0.0,0.0,0.0,0.0,0.0,0.0,0.0,0.0,0.0,0.0,0.0,0.0,0.0,0.0,0.0,0.0,0.0,0.0,0.0,0.0,0.0,0.0,0.0,0.0,0.0,0.0,0.0,0.0,0.0,0.0,0.0,0.0,0.0,0.0,0.0,0.0,0.0,0.0,0.0,0.0,0.0,0.0,0.0,0.0,0.0,0.0,0.0,0.0,0.0,0
0.0,0.0,0.0,0.0,0.0,0.0,0.0,0.0,0.0,0.0,0.0,0.0,0.0,0.0,0.0,0.0,0.0,0.0,0.0,0.0,0.0,0.0,0.0,0.0,0.0,0.0,0.0,0.0,0.0,0.0,0.0,0.0,0.0,0.0,0.0,0.0,0.0,0.0,0.0,0.0,0.0,0.0,0.0,0.0,0.0,0.0,0.0,0.0,0.0,0.0,0.0,0.0,0.0,0.0,0.0,0.0,0.0,0.0,0.0,0.0,0.0,0.0,0.0,0.0,0.0,0.0,0
0.0,0.0,0.0,0.0,0.0,0.0,0.0,0.0,0.0,0.0,0.0,0.0,0.0,0.0,0.0,0.0,0.0,0.0,0.0,0.0,0.0,0.0,0.0,0.0,0.0,0.0,0.0,0.0,0.0,0.0,0.0,0.0,0.0,0.0,0.0,0.0,0.0,0.0,0.0,0.0,0.0,0.0,0.0,0.0,0.0,0.0,0.0,0.0,0.0,0.0,0.0,0.0,0.0,0.0,0.0,0.0,0.0,0.0,0.0,0.0,0.0,0.0,0.0,0.0,0.0,0.0,0
0.0,0.0,0.0,0.0,0.0,0.0,0.0,0.0,0.0,0.0,0.0,0.0,0.0,0.0,0.0,0.0,0.0,0.0,0.0,0.0,0.0,0.0,0.0,0.0,0.0,0.0,0.0,0.0,0.0,0.0,0.0,0.0,0.0,0.0,0.0,0.0,0.0,0.0,0.0,0.0,0.0,0.0,0.0,0.0,0.0,0.0,0.0,0.0,0.0,0.0,0.0,0.0,0.0,0.0,0.0,0.0,0.0,0.0,0.0,0.0,0.0,0.0,0.0,0.0,0.0,0.0,0
0.0,0.0,0.0,0.0,0.0,0.0,0.0,0.0,0.0,0.0,0.0,0.0,0.0,0.0,0.0,0.0,0.0,0.0,0.0,0.0,0.0,0.0,0.0,0.0,0.0,0.0,0.0,0.0,0.0,0.0,0.0,0.0,0.0,0.0,0.0,0.0,0.0,0.0,0.0,0.0,0.0,0.0,0.0,0.0,0.0,0.0,0.0,0.0,0.0,0.0,0.0,0.0,0.0,0.0,0.0,0.0,0.0,0.0,0.0,0.0,0.0,0.0,0.0,0.0,0.0,0.0,0
0.0,0.0,0.0,0.0,0.0,0.0,0.0,0.0,0.0,0.0,0.0,0.0,0.0,0.0,0.0,0.0,0.0,0.0,0.0,0.0,0.0,0.0,0.0,0.0,0.0,0.0,0.0,0.0,0.0,0.0,0.0,0.0,0.0,0.0,0.0,0.0,0.0,0.0,0.0,0.0,0.0,0.0,0.0,0.0,0.0,0.0,0.0,0.0,0.0,0.0,0.0,0.0,0.0,0.0,0.0,0.0,0.0,0.0,0.0,0.0,0.0,0.0,0.0,0.0,0.0,0.0,0
0.0,0.0,0.0,0.0,0.0,0.0,0.0,0.0,0.0,0.0,0.0,0.0,0.0,0.0,0.0,0.0,0.0,0.0,0.0,0.0,0.0,0.0,0.0,0.0,0.0,0.0,0.0,0.0,0.0,0.0,0.0,0.0,0.0,0.0,0.0,0.0,0.0,0.0,0.0,0.0,0.0,0.0,0.0,0.0,0.0,0.0,0.0,0.0,0.0,0.0,0.0,0.0,0.0,0.0,0.0,0.0,0.0,0.0,0.0,0.0,0.0,0.0,0.0,0.0,0.0,0.0,0
0.0,0.0,0.0,0.0,0.0,0.0,0.0,0.0,0.0,0.0,0.0,0.0,0.0,0.0,0.0,0.0,0.0,0.0,0.0,0.0,0.0,0.0,0.0,0.0,0.0,0.0,0.0,0.0,0.0,0.0,0.0,0.0,0.0,0.0,0.0,0.0,0.0,0.0,0.0,0.0,0.0,0.0,0.0,0.0,0.0,0.0,0.0,0.0,0.0,0.0,0.0,0.0,0.0,0.0,0.0,0.0,0.0,0.0,0.0,0.0,0.0,0.0,0.0,0.0,0.0,0.0,0
0.0,0.0,0.0,0.0,0.0,0.0,0.0,0.0,0.0,0.0,0.0,0.0,0.0,0.0,0.0,0.0,0.0,0.0,0.0,0.0,0.0,0.0,0.0,0.0,0.0,0.0,0.0,0.0,0.0,0.0,0.0,0.0,0.0,0.0,0.0,0.0,0.0,0.0,0.0,0.0,0.0,0.0,0.0,0.0,0.0,0.0,0.0,0.0,0.0,0.0,0.0,0.0,0.0,0.0,0.0,0.0,0.0,0.0,0.0,0.0,0.0,0.0,0.0,0.0,0.0,0.0,0
0.0,0.0,0.0,0.0,0.0,0.0,0.0,0.0,0.0,0.0,0.0,0.0,0.0,0.0,0.0,0.0,0.0,0.0,0.0,0.0,0.0,0.0,0.0,0.0,0.0,0.0,0.0,0.0,0.0,0.0,0.0,0.0,0.0,0.0,0.0,0.0,0.0,0.0,0.0,0.0,0.0,0.0,0.0,0.0,0.0,0.0,0.0,0.0,0.0,0.0,0.0,0.0,0.0,0.0,0.0,0.0,0.0,0.0,0.0,0.0,0.0,0.0,0.0,0.0,0.0,0.0,0
0.0,0.0,0.0,0.0,0.0,0.0,0.0,0.0,0.0,0.0,0.0,0.0,0.0,0.0,0.0,0.0,0.0,0.0,0.0,0.0,0.0,0.0,0.0,0.0,0.0,0.0,0.0,0.0,0.0,0.0,0.0,0.0,0.0,0.0,0.0,0.0,0.0,0.0,0.0,0.0,0.0,0.0,0.0,0.0,0.0,0.0,0.0,0.0,0.0,0.0,0.0,0.0,0.0,0.0,0.0,0.0,0.0,0.0,0.0,0.0,0.0,0.0,0.0,0.0,0.0,0.0,0
0.0,0.0,0.0,0.0,0.0,0.0,0.0,0.0,0.0,0.0,0.0,0.0,0.0,0.0,0.0,0.0,0.0,0.0,0.0,0.0,0.0,0.0,0.0,0.0,0.0,0.0,0.0,0.0,0.0,0.0,0.0,0.0,0.0,0.0,0.0,0.0,0.0,0.0,0.0,0.0,0.0,0.0,0.0,0.0,0.0,0.0,0.0,0.0,0.0,0.0,0.0,0.0,0.0,0.0,0.0,0.0,0.0,0.0,0.0,0.0,0.0,0.0,0.0,0.0,0.0,0.0,0
0.0,0.0,0.0,0.0,0.0,0.0,0.0,0.0,0.0,0.0,0.0,0.0,0.0,0.0,0.0,0.0,0.0,0.0,0.0,0.0,0.0,0.0,0.0,0.0,0.0,0.0,0.0,0.0,0.0,0.0,0.0,0.0,0.0,0.0,0.0,0.0,0.0,0.0,0.0,0.0,0.0,0.0,0.0,0.0,0.0,0.0,0.0,0.0,0.0,0.0,0.0,0.0,0.0,0.0,0.0,0.0,0.0,0.0,0.0,0.0,0.0,0.0,0.0,0.0,0.0,0.0,0
0.0,0.0,0.0,0.0,0.0,0.0,0.0,0.0,0.0,0.0,0.0,0.0,0.0,0.0,0.0,0.0,0.0,0.0,0.0,0.0,0.0,0.0,0.0,0.0,0.0,0.0,0.0,0.0,0.0,0.0,0.0,0.0,0.0,0.0,0.0,0.0,0.0,0.0,0.0,0.0,0.0,0.0,0.0,0.0,0.0,0.0,0.0,0.0,0.0,0.0,0.0,0.0,0.0,0.0,0.0,0.0,0.0,0.0,0.0,0.0,0.0,0.0,0.0,0.0,0.0,0.0,0
0.0,0.0,0.0,0.0,0.0,0.0,0.0,0.0,0.0,0.0,0.0,0.0,0.0,0.0,0.0,0.0,0.0,0.0,0.0,0.0,0.0,0.0,0.0,0.0,0.0,0.0,0.0,0.0,0.0,0.0,0.0,0.0,0.0,0.0,0.0,0.0,0.0,0.0,0.0,0.0,0.0,0.0,0.0,0.0,0.0,0.0,0.0,0.0,0.0,0.0,0.0,0.0,0.0,0.0,0.0,0.0,0.0,0.0,0.0,0.0,0.0,0.0,0.0,0.0,0.0,0.0,0
0.0,0.0,0.0,0.0,0.0,0.0,0.0,0.0,0.0,0.0,0.0,0.0,0.0,0.0,0.0,0.0,0.0,0.0,0.0,0.0,0.0,0.0,0.0,0.0,0.0,0.0,0.0,0.0,0.0,0.0,0.0,0.0,0.0,0.0,0.0,0.0,0.0,0.0,0.0,0.0,0.0,0.0,0.0,0.0,0.0,0.0,0.0,0.0,0.0,0.0,0.0,0.0,0.0,0.0,0.0,0.0,0.0,0.0,0.0,0.0,0.0,0.0,0.0,0.0,0.0,0.0,0
0.0,0.0,0.0,0.0,0.0,0.0,0.0,0.0,0.0,0.0,0.0,0.0,0.0,0.0,0.0,0.0,0.0,0.0,0.0,0.0,0.0,0.0,0.0,0.0,0.0,0.0,0.0,0.0,0.0,0.0,0.0,0.0,0.0,0.0,0.0,0.0,0.0,0.0,0.0,0.0,0.0,0.0,0.0,0.0,0.0,0.0,0.0,0.0,0.0,0.0,0.0,0.0,0.0,0.0,0.0,0.0,0.0,0.0,0.0,0.0,0.0,0.0,0.0,0.0,0.0,0.0,0
0.0,0.0,0.0,0.0,0.0,0.0,0.0,0.0,0.0,0.0,0.0,0.0,0.0,0.0,0.0,0.0,0.0,0.0,0.0,0.0,0.0,0.0,0.0,0.0,0.0,0.0,0.0,0.0,0.0,0.0,0.0,0.0,0.0,0.0,0.0,0.0,0.0,0.0,0.0,0.0,0.0,0.0,0.0,0.0,0.0,0.0,0.0,0.0,0.0,0.0,0.0,0.0,0.0,0.0,0.0,0.0,0.0,0.0,0.0,0.0,0.0,0.0,0.0,0.0,0.0,0.0,0
0.0,0.0,0.0,0.0,0.0,0.0,0.0,0.0,0.0,0.0,0.0,0.0,0.0,0.0,0.0,0.0,0.0,0.0,0.0,0.0,0.0,0.0,0.0,0.0,0.0,0.0,0.0,0.0,0.0,0.0,0.0,0.0,0.0,0.0,0.0,0.0,0.0,0.0,0.0,0.0,0.0,0.0,0.0,0.0,0.0,0.0,0.0,0.0,0.0,0.0,0.0,0.0,0.0,0.0,0.0,0.0,0.0,0.0,0.0,0.0,0.0,0.0,0.0,0.0,0.0,0.0,0
0.0,0.0,0.0,0.0,0.0,0.0,0.0,0.0,0.0,0.0,0.0,0.0,0.0,0.0,0.0,0.0,0.0,0.0,0.0,0.0,0.0,0.0,0.0,0.0,0.0,0.0,0.0,0.0,0.0,0.0,0.0,0.0,0.0,0.0,0.0,0.0,0.0,0.0,0.0,0.0,0.0,0.0,0.0,0.0,0.0,0.0,0.0,0.0,0.0,0.0,0.0,0.0,0.0,0.0,0.0,0.0,0.0,0.0,0.0,0.0,0.0,0.0,0.0,0.0,0.0,0.0,0
0.0,0.0,0.0,0.0,0.0,0.0,0.0,0.0,0.0,0.0,0.0,0.0,0.0,0.0,0.0,0.0,0.0,0.0,0.0,0.0,0.0,0.0,0.0,0.0,0.0,0.0,0.0,0.0,0.0,0.0,0.0,0.0,0.0,0.0,0.0,0.0,0.0,0.0,0.0,0.0,0.0,0.0,0.0,0.0,0.0,0.0,0.0,0.0,0.0,0.0,0.0,0.0,0.0,0.0,0.0,0.0,0.0,0.0,0.0,0.0,0.0,0.0,0.0,0.0,0.0,0.0,0
0.0,0.0,0.0,0.0,0.0,0.0,0.0,0.0,0.0,0.0,0.0,0.0,0.0,0.0,0.0,0.0,0.0,0.0,0.0,0.0,0.0,0.0,0.0,0.0,0.0,0.0,0.0,0.0,0.0,0.0,0.0,0.0,0.0,0.0,0.0,0.0,0.0,0.0,0.0,0.0,0.0,0.0,0.0,0.0,0.0,0.0,0.0,0.0,0.0,0.0,0.0,0.0,0.0,0.0,0.0,0.0,0.0,0.0,0.0,0.0,0.0,0.0,0.0,0.0,0.0,0.0,0
0.0,0.0,0.0,0.0,0.0,0.0,0.0,0.0,0.0,0.0,0.0,0.0,0.0,0.0,0.0,0.0,0.0,0.0,0.0,0.0,0.0,0.0,0.0,0.0,0.0,0.0,0.0,0.0,0.0,0.0,0.0,0.0,0.0,0.0,0.0,0.0,0.0,0.0,0.0,0.0,0.0,0.0,0.0,0.0,0.0,0.0,0.0,0.0,0.0,0.0,0.0,0.0,0.0,0.0,0.0,0.0,0.0,0.0,0.0,0.0,0.0,0.0,0.0,0.0,0.0,0.0,0
0.0,0.0,0.0,0.0,0.0,0.0,0.0,0.0,0.0,0.0,0.0,0.0,0.0,0.0,0.0,0.0,0.0,0.0,0.0,0.0,0.0,0.0,0.0,0.0,0.0,0.0,0.0,0.0,0.0,0.0,0.0,0.0,0.0,0.0,0.0,0.0,0.0,0.0,0.0,0.0,0.0,0.0,0.0,0.0,0.0,0.0,0.0,0.0,0.0,0.0,0.0,0.0,0.0,0.0,0.0,0.0,0.0,0.0,0.0,0.0,0.0,0.0,0.0,0.0,0.0,0.0,0
0.0,0.0,0.0,0.0,0.0,0.0,0.0,0.0,0.0,0.0,0.0,0.0,0.0,0.0,0.0,0.0,0.0,0.0,0.0,0.0,0.0,0.0,0.0,0.0,0.0,0.0,0.0,0.0,0.0,0.0,0.0,0.0,0.0,0.0,0.0,0.0,0.0,0.0,0.0,0.0,0.0,0.0,0.0,0.0,0.0,0.0,0.0,0.0,0.0,0.0,0.0,0.0,0.0,0.0,0.0,0.0,0.0,0.0,0.0,0.0,0.0,0.0,0.0,0.0,0.0,0.0,0
0.0,0.0,0.0,0.0,0.0,0.0,0.0,0.0,0.0,0.0,0.0,0.0,0.0,0.0,0.0,0.0,0.0,0.0,0.0,0.0,0.0,0.0,0.0,0.0,0.0,0.0,0.0,0.0,0.0,0.0,0.0,0.0,0.0,0.0,0.0,0.0,0.0,0.0,0.0,0.0,0.0,0.0,0.0,0.0,0.0,0.0,0.0,0.0,0.0,0.0,0.0,0.0,0.0,0.0,0.0,0.0,0.0,0.0,0.0,0.0,0.0,0.0,0.0,0.0,0.0,0.0,0
0.819675087928772,0.25009164214134216,0.8234412670135498,0.23771226406097412,0.8254274725914001,0.23719605803489685,0.8282838463783264,0.2363397181034088,0.8188513517379761,0.23922905325889587,0.8176468014717102,0.23967832326889038,0.816078245639801,0.24046120047569275,0.831444501876831,0.24980860948562622,0.8166876435279846,0.24811029434204102,0.824004590511322,0.2590336203575134,0.8173089027404785,0.26294833421707153,0.8394538164138794,0.324354887008667,0.8144602179527283,0.33962154388427734,0.8382219672203064,0.452287882566452,0.8072662353515625,0.4534248113632202,0.8227404356002808,0.5335623621940613,0.8102392554283142,0.5210103988647461,0.8205048441886902,0.558451771736145,0.8099242448806763,0.5417177677154541,0.817721426486969,0.555587112903595,0.8053885698318481,0.5155550241470337,0.817173421382904,0.5483956336975098,0.8058417439460754,0.5141804218292236,0.8419561982154846,0.5553717613220215,0.8284348845481873,0.5686185956001282,0.8425120711326599,0.6872131824493408,0.8207899332046509,0.6836535334587097,0.8446200489997864,0.7727153897285461,0.8374688625335693,0.7307818531990051,0.8478808403015137,0.7830060720443726,0.8398749232292175,0.7402758002281189,0.8363958597183228,0.8194918632507324,0.8358129858970642,0.761178195476532,0
0.0,0.0,0.0,0.0,0.0,0.0,0.0,0.0,0.0,0.0,0.0,0.0,0.0,0.0,0.0,0.0,0.0,0.0,0.0,0.0,0.0,0.0,0.0,0.0,0.0,0.0,0.0,0.0,0.0,0.0,0.0,0.0,0.0,0.0,0.0,0.0,0.0,0.0,0.0,0.0,0.0,0.0,0.0,0.0,0.0,0.0,0.0,0.0,0.0,0.0,0.0,0.0,0.0,0.0,0.0,0.0,0.0,0.0,0.0,0.0,0.0,0.0,0.0,0.0,0.0,0.0,0
0.0,0.0,0.0,0.0,0.0,0.0,0.0,0.0,0.0,0.0,0.0,0.0,0.0,0.0,0.0,0.0,0.0,0.0,0.0,0.0,0.0,0.0,0.0,0.0,0.0,0.0,0.0,0.0,0.0,0.0,0.0,0.0,0.0,0.0,0.0,0.0,0.0,0.0,0.0,0.0,0.0,0.0,0.0,0.0,0.0,0.0,0.0,0.0,0.0,0.0,0.0,0.0,0.0,0.0,0.0,0.0,0.0,0.0,0.0,0.0,0.0,0.0,0.0,0.0,0.0,0.0,0
0.0,0.0,0.0,0.0,0.0,0.0,0.0,0.0,0.0,0.0,0.0,0.0,0.0,0.0,0.0,0.0,0.0,0.0,0.0,0.0,0.0,0.0,0.0,0.0,0.0,0.0,0.0,0.0,0.0,0.0,0.0,0.0,0.0,0.0,0.0,0.0,0.0,0.0,0.0,0.0,0.0,0.0,0.0,0.0,0.0,0.0,0.0,0.0,0.0,0.0,0.0,0.0,0.0,0.0,0.0,0.0,0.0,0.0,0.0,0.0,0.0,0.0,0.0,0.0,0.0,0.0,0
0.0,0.0,0.0,0.0,0.0,0.0,0.0,0.0,0.0,0.0,0.0,0.0,0.0,0.0,0.0,0.0,0.0,0.0,0.0,0.0,0.0,0.0,0.0,0.0,0.0,0.0,0.0,0.0,0.0,0.0,0.0,0.0,0.0,0.0,0.0,0.0,0.0,0.0,0.0,0.0,0.0,0.0,0.0,0.0,0.0,0.0,0.0,0.0,0.0,0.0,0.0,0.0,0.0,0.0,0.0,0.0,0.0,0.0,0.0,0.0,0.0,0.0,0.0,0.0,0.0,0.0,0
0.0,0.0,0.0,0.0,0.0,0.0,0.0,0.0,0.0,0.0,0.0,0.0,0.0,0.0,0.0,0.0,0.0,0.0,0.0,0.0,0.0,0.0,0.0,0.0,0.0,0.0,0.0,0.0,0.0,0.0,0.0,0.0,0.0,0.0,0.0,0.0,0.0,0.0,0.0,0.0,0.0,0.0,0.0,0.0,0.0,0.0,0.0,0.0,0.0,0.0,0.0,0.0,0.0,0.0,0.0,0.0,0.0,0.0,0.0,0.0,0.0,0.0,0.0,0.0,0.0,0.0,0
0.8126966953277588,0.23258677124977112,0.8155896067619324,0.22064849734306335,0.8174765110015869,0.22088465094566345,0.819614052772522,0.22119352221488953,0.8109616637229919,0.2213272750377655,0.8094343543052673,0.22192654013633728,0.8078718185424805,0.22245189547538757,0.8238154649734497,0.23160740733146667,0.8062870502471924,0.23238509893417358,0.8163835406303406,0.2494451105594635,0.8103857636451721,0.2501641809940338,0.8381556272506714,0.3044654428958893,0.7951862215995789,0.31834903359413147,0.8485596776008606,0.3906492292881012,0.7872966527938843,0.4188228249549866,0.8484878540039062,0.4755190908908844,0.7829996347427368,0.4984375238418579,0.8488293290138245,0.4990508258342743,0.7804545164108276,0.5182877779006958,0.8450185656547546,0.4985116124153137,0.7838617563247681,0.5158582925796509,0.8437352180480957,0.48989659547805786,0.7846556901931763,0.5121639966964722,0.8306930661201477,0.5057833790779114,0.8057712316513062,0.5039668679237366,0.8373198509216309,0.6515974998474121,0.8068472146987915,0.6558303833007812,0.8464588522911072,0.7945478558540344,0.8194674849510193,0.7849310636520386,0.848930835723877,0.8115139007568359,0.8240982294082642,0.8011619448661804,0.842007577419281,0.8533209562301636,0.8093146085739136,0.8189077377319336,0
0.8121640086174011,0.2240716516971588,0.814954400062561,0.21414247155189514,0.8170212507247925,0.21481025218963623,0.8193702101707458,0.21557220816612244,0.8102607727050781,0.21409255266189575,0.8086572885513306,0.21461766958236694,0.8069372177124023,0.21514922380447388,0.8235306143760681,0.22577741742134094,0.8048960566520691,0.22494003176689148,0.8158663511276245,0.2421499788761139,0.809639036655426,0.2414010763168335,0.8382985591888428,0.30177536606788635,0.7929463386535645,0.3165736198425293,0.8462843298912048,0.3971138298511505,0.7860053181648254,0.42425182461738586,0.8479936122894287,0.47473496198654175,0.7818076610565186,0.5085573196411133,0.8484184741973877,0.4963817596435547,0.7786580920219421,0.5344644784927368,0.8445544838905334,0.496467649936676,0.7796428203582764,0.533775806427002,0.8435148000717163,0.490795761346817,0.7823941707611084,0.5217495560646057,0.8312158584594727,0.5091303586959839,0.8053004741668701,0.5152543187141418,0.8388051390647888,0.6448748707771301,0.8058819770812988,0.6563969254493713,0.8500794768333435,0.7934761047363281,0.8146106004714966,0.7793012261390686,0.8527889251708984,0.811302125453949,0.8193009495735168,0.7952988743782043,0.8461335301399231,0.855787992477417,0.8070919513702393,0.8222332000732422,0
0.8098222017288208,0.2211514711380005,0.8127927780151367,0.210435688495636,0.8148167729377747,0.21070674061775208,0.8170385360717773,0.2109740674495697,0.8083628416061401,0.21060946583747864,0.8070132732391357,0.2110024094581604,0.8056103587150574,0.211409330368042,0.8212885856628418,0.22120743989944458,0.8041192293167114,0.22141143679618835,0.8135176301002502,0.23902255296707153,0.8075791001319885,0.23837459087371826,0.8371351361274719,0.3007179796695709,0.7908852696418762,0.31487324833869934,0.846623957157135,0.3869312107563019,0.783154308795929,0.41836440563201904,0.8441399335861206,0.4681742787361145,0.7804467678070068,0.5063056945800781,0.8449891209602356,0.4915276765823364,0.7766751050949097,0.5253309011459351,0.8410497307777405,0.4923565983772278,0.7806689739227295,0.5208474397659302,0.8398081660270691,0.48707252740859985,0.7829499244689941,0.5158567428588867,0.8289110064506531,0.5136036276817322,0.8037335872650146,0.5182390213012695,0.8381614089012146,0.6367131471633911,0.8014614582061768,0.6259234547615051,0.8499965667724609,0.787038266658783,0.8124106526374817,0.7762851715087891,0.8518552184104919,0.8062910437583923,0.8171651363372803,0.7953927516937256,0.8492529392242432,0.8461964726448059,0.8036482930183411,0.8178613185882568,0
0.808363676071167,0.22341027855873108,0.8111575245857239,0.2111217975616455,0.8131948113441467,0.21162259578704834,0.8154451251029968,0.21223917603492737,0.806606650352478,0.21129032969474792,0.8051785230636597,0.2117631733417511,0.8036211133003235,0.21226459741592407,0.8199824094772339,0.22180670499801636,0.8022572994232178,0.22151663899421692,0.8118364214897156,0.23860430717468262,0.8060107827186584,0.2394644320011139,0.8373144268989563,0.3000589609146118,0.7893078923225403,0.30758577585220337,0.8440998792648315,0.39517679810523987,0.7792067527770996,0.39820513129234314,0.8471854329109192,0.4773646593093872,0.7751795649528503,0.4921131134033203,0.848433256149292,0.4962363541126251,0.7735452055931091,0.5160598158836365,0.8451189994812012,0.49464312195777893,0.7759467959403992,0.5153656601905823,0.8441557884216309,0.4893370568752289,0.7780216932296753,0.5046507716178894,0.8289507627487183,0.49716508388519287,0.8006558418273926,0.4958351254463196,0.8260139226913452,0.6295313239097595,0.801891028881073,0.6304101347923279,0.8376212120056152,0.7724477052688599,0.8054121732711792,0.7690544128417969,0.8370538949966431,0.7887370586395264,0.8029395937919617,0.7726351022720337,0.8372958898544312,0.8285434246063232,0.80039381980896,0.7996801137924194,0
0.8082746863365173,0.21865242719650269,0.8116768002510071,0.20652040839195251,0.813843309879303,0.20686939358711243,0.8160327672958374,0.2072232961654663,0.8062012195587158,0.20667049288749695,0.8046403527259827,0.20713132619857788,0.8031898736953735,0.207527756690979,0.8194620013237,0.21515712141990662,0.8013736009597778,0.21651899814605713,0.811726450920105,0.2331918478012085,0.8053185939788818,0.23400098085403442,0.8343715071678162,0.2931470572948456,0.786877453327179,0.2988997995853424,0.8434516191482544,0.3848390579223633,0.7775029540061951,0.3913472890853882,0.8455070853233337,0.4687519669532776,0.7747795581817627,0.4817747473716736,0.8472239375114441,0.49483346939086914,0.7718462347984314,0.5083651542663574,0.8446880578994751,0.4927205443382263,0.7751528024673462,0.5069920420646667,0.8429385423660278,0.48389971256256104,0.7763832807540894,0.4963090717792511,0.8265905976295471,0.4880037307739258,0.7985548973083496,0.49049004912376404,0.8231096863746643,0.6190598011016846,0.8004435300827026,0.6161141991615295,0.828188419342041,0.7475621700286865,0.8021306991577148,0.7481480240821838,0.8257789015769958,0.7636051177978516,0.8024564385414124,0.7589128017425537,0.830938458442688,0.7995481491088867,0.8001956343650818,0.7787041068077087,0
0.8082910776138306,0.2171509563922882,0.8109334707260132,0.20472052693367004,0.8128702044487,0.20492896437644958,0.8150338530540466,0.20530521869659424,0.8061549067497253,0.20575478672981262,0.8045779466629028,0.20654833316802979,0.8028655052185059,0.2074739634990692,0.818580687046051,0.2148878574371338,0.800847053527832,0.21749040484428406,0.8120553493499756,0.2326270043849945,0.8055424690246582,0.2336142361164093,0.8356860280036926,0.2963787317276001,0.7859863638877869,0.30404630303382874,0.8432645797729492,0.3922073245048523,0.7759473919868469,0.40403664112091064,0.8448600769042969,0.47206124663352966,0.7714214324951172,0.4912908375263214,0.8468217253684998,0.49429696798324585,0.7683250904083252,0.5176199674606323,0.8442423939704895,0.4885590374469757,0.772096574306488,0.514559805393219,0.8423845767974854,0.48350387811660767,0.7740511298179626,0.5036110877990723,0.8268073201179504,0.4935867190361023,0.7987502217292786,0.49858036637306213,0.8237884640693665,0.6335236430168152,0.8038875460624695,0.6323363780975342,0.8322944641113281,0.7687963247299194,0.8106002807617188,0.7650850415229797,0.8315517902374268,0.7844744920730591,0.8146693706512451,0.781327486038208,0.8315175175666809,0.8271365761756897,0.8032919764518738,0.7976619005203247,0
0.807271420955658,0.21065443754196167,0.8099093437194824,0.19801273941993713,0.8119121193885803,0.19802501797676086,0.8140816688537598,0.1981860101222992,0.8050286769866943,0.1991693675518036,0.8034961819648743,0.1998540759086609,0.8017686605453491,0.20075729489326477,0.8177019357681274,0.20744651556015015,0.7997358441352844,0.2110026478767395,0.8110107779502869,0.22737586498260498,0.8047242760658264,0.2280784547328949,0.8348687291145325,0.2926551103591919,0.7846823930740356,0.30042564868927,0.8416488766670227,0.39059096574783325,0.7764564752578735,0.40263694524765015,0.8444573879241943,0.46528616547584534,0.7716426253318787,0.4832480251789093,0.8464149236679077,0.48615762591362,0.7690441608428955,0.505290687084198,0.843815803527832,0.48316097259521484,0.7721810340881348,0.502411961555481,0.841529369354248,0.47310954332351685,0.7734363079071045,0.49192261695861816,0.8255783319473267,0.5062613487243652,0.7976980805397034,0.5055705308914185,0.8235849738121033,0.631808340549469,0.7994838356971741,0.6327703595161438,0.8330627679824829,0.7723418474197388,0.802000880241394,0.767357587814331,0.8321021795272827,0.7891143560409546,0.8001813292503357,0.7760620713233948,0.8277024030685425,0.8092145919799805,0.7982984781265259,0.8059276342391968,0
0.8062045574188232,0.21174129843711853,0.8090489506721497,0.19890344142913818,0.8111329674720764,0.19884151220321655,0.8133549094200134,0.19891521334648132,0.8041128516197205,0.2001272737979889,0.8025351166725159,0.2008378505706787,0.8007798194885254,0.20171594619750977,0.8172685503959656,0.20773404836654663,0.7991337180137634,0.21113696694374084,0.8099755048751831,0.2269781529903412,0.8036401271820068,0.22837990522384644,0.8346043229103088,0.29031336307525635,0.7844176888465881,0.297653466463089,0.8403182029724121,0.38772737979888916,0.77357417345047,0.4030662775039673,0.8433888554573059,0.4649689197540283,0.7682355642318726,0.4814993441104889,0.8459660410881042,0.48924362659454346,0.7648845911026001,0.5018026232719421,0.8434320688247681,0.48171377182006836,0.7684726715087891,0.49930524826049805,0.842237651348114,0.4771050214767456,0.7696503400802612,0.4949876070022583,0.8255463242530823,0.4872780442237854,0.7979761362075806,0.49135300517082214,0.8234102129936218,0.6298494935035706,0.8008780479431152,0.6386513710021973,0.8324884176254272,0.7756350040435791,0.8036336898803711,0.7674432396888733,0.8316399455070496,0.7925463914871216,0.8062618970870972,0.782412052154541,0.8283278942108154,0.8101304173469543,0.7983442544937134,0.8013326525688171,0
0.8068185448646545,0.2078690528869629,0.8094884157180786,0.19514799118041992,0.8114547729492188,0.19516319036483765,0.8135255575180054,0.1952454149723053,0.8046097159385681,0.1961805820465088,0.8030025362968445,0.1968385875225067,0.8012217879295349,0.1976567506790161,0.8167823553085327,0.20393630862236023,0.7993031740188599,0.20723319053649902,0.8105701208114624,0.22374948859214783,0.804286777973175,0.2250099778175354,0.8338193297386169,0.28575399518013,0.7829586267471313,0.29788535833358765,0.8391652703285217,0.3806515336036682,0.7749931812286377,0.3993641138076782,0.8412301540374756,0.45170626044273376,0.769323468208313,0.4668654203414917,0.8438154458999634,0.4735185205936432,0.7655497193336487,0.4889334738254547,0.8413576483726501,0.4721158742904663,0.7683638334274292,0.4845682382583618,0.8390061259269714,0.4670155644416809,0.7707663178443909,0.4790862202644348,0.8243690133094788,0.48958319425582886,0.7972714304924011,0.4971892535686493,0.8214657306671143,0.6256741881370544,0.8017934560775757,0.634253203868866,0.8245481252670288,0.7736577987670898,0.8043186068534851,0.7697084546089172,0.8204514384269714,0.7810445427894592,0.8066344261169434,0.7861791849136353,0.8238440752029419,0.8064302802085876,0.8049933314323425,0.8221930861473083,0
0.8053918480873108,0.2079375684261322,0.8085700869560242,0.19461938738822937,0.810822069644928,0.19493624567985535,0.8131155371665955,0.1953110694885254,0.8030318021774292,0.19521191716194153,0.8014054298400879,0.19568106532096863,0.7997685074806213,0.1962040662765503,0.8164265751838684,0.20369526743888855,0.798060953617096,0.20522332191467285,0.8093826174736023,0.2232411503791809,0.8024250864982605,0.224115252494812,0.8305577039718628,0.2836480140686035,0.7832530736923218,0.2899244725704193,0.8395614624023438,0.37518203258514404,0.7706591486930847,0.38487696647644043,0.8436205983161926,0.4652365744113922,0.7651593685150146,0.46570199728012085,0.8454371690750122,0.4913703501224518,0.762550950050354,0.489568829536438,0.8418774604797363,0.4893254041671753,0.7650785446166992,0.48828980326652527,0.840736985206604,0.4808889925479889,0.7672330141067505,0.48078396916389465,0.8246147632598877,0.4809177815914154,0.797740638256073,0.4826352596282959,0.8193042278289795,0.6136606931686401,0.800559937953949,0.6173697710037231,0.8182163238525391,0.741855263710022,0.8015896677970886,0.7537999153137207,0.8152496814727783,0.7593444585800171,0.8004746437072754,0.7642995119094849,0.8200803399085999,0.7900598049163818,0.7990647554397583,0.7926412224769592,0
0.8048801422119141,0.20701268315315247,0.807874858379364,0.19436568021774292,0.8102312088012695,0.19407248497009277,0.8123451471328735,0.1940184235572815,0.8020709156990051,0.19554704427719116,0.8004059195518494,0.19595664739608765,0.7988830804824829,0.19633904099464417,0.8154680728912354,0.20131027698516846,0.7968008518218994,0.20424208045005798,0.8092315793037415,0.22313234210014343,0.8020878434181213,0.22309482097625732,0.8302252292633057,0.28097662329673767,0.7828343510627747,0.2904641926288605,0.8412869572639465,0.3734787702560425,0.7706944942474365,0.3863484859466553,0.8426783680915833,0.46499478816986084,0.7629134654998779,0.46762794256210327,0.8437359929084778,0.48851168155670166,0.7596579790115356,0.4894756078720093,0.8401067852973938,0.48787957429885864,0.7632986903190613,0.4896295368671417,0.8392804861068726,0.48057299852371216,0.7642001509666443,0.4808017611503601,0.8238046169281006,0.47659385204315186,0.7972425818443298,0.48254403471946716,0.8188624382019043,0.62171870470047,0.803299605846405,0.6221421957015991,0.8139054775238037,0.7461424469947815,0.8097629547119141,0.7503212690353394,0.8112460970878601,0.7638687491416931,0.811199963092804,0.7646105289459229,0.8169609904289246,0.7955120801925659,0.8082095384597778,0.7876948118209839,0
0.8049256205558777,0.20844966173171997,0.8076781034469604,0.19535133242607117,0.809999942779541,0.19491156935691833,0.8124018311500549,0.19466352462768555,0.8021700382232666,0.1966547667980194,0.8006285429000854,0.19703015685081482,0.7989988327026367,0.19735413789749146,0.8156389594078064,0.20199745893478394,0.7968100309371948,0.20493364334106445,0.8091964721679688,0.22463944554328918,0.8025117516517639,0.22441473603248596,0.8292528390884399,0.2808022201061249,0.7828754186630249,0.2868209481239319,0.840311586856842,0.3739783763885498,0.7700217962265015,0.3828968107700348,0.8426582217216492,0.4650927186012268,0.7618755102157593,0.46176010370254517,0.8439534306526184,0.48845797777175903,0.7582774758338928,0.4829915463924408,0.8403840065002441,0.48823946714401245,0.7609905004501343,0.48386168479919434,0.8394919633865356,0.4806961417198181,0.7629643678665161,0.47600555419921875,0.8223720788955688,0.47626936435699463,0.7963636517524719,0.48029738664627075,0.8161025643348694,0.6195430755615234,0.8016932010650635,0.6216795444488525,0.812251091003418,0.7540311813354492,0.807435929775238,0.7545477747917175,0.8099418878555298,0.7727221846580505,0.809509813785553,0.7692697048187256,0.8109726905822754,0.8014654517173767,0.8056022524833679,0.7921192049980164,0
0.8059213757514954,0.20573577284812927,0.8085062503814697,0.19149240851402283,0.8104719519615173,0.19084832072257996,0.8125510811805725,0.1902836263179779,0.8031206130981445,0.19361114501953125,0.8012977838516235,0.19434955716133118,0.7994977235794067,0.19501125812530518,0.8151576519012451,0.19551151990890503,0.7972366809844971,0.20164290070533752,0.8095575571060181,0.2214297652244568,0.8032181859016418,0.22330835461616516,0.8300598859786987,0.2818986475467682,0.7828563451766968,0.28819388151168823,0.8414498567581177,0.3772335648536682,0.7699792981147766,0.38021355867385864,0.8424785733222961,0.46622732281684875,0.7607253789901733,0.4618068039417267,0.843608558177948,0.4875064492225647,0.7573093175888062,0.48110777139663696,0.8401851654052734,0.48785707354545593,0.7606048583984375,0.4820362627506256,0.8393763303756714,0.48012930154800415,0.7624108791351318,0.4740539789199829,0.8212425708770752,0.478913277387619,0.79619300365448,0.48503491282463074,0.8156797885894775,0.6157434582710266,0.802870512008667,0.619551420211792,0.8149112462997437,0.7483921051025391,0.8100758790969849,0.7519655227661133,0.8117053508758545,0.7664541602134705,0.8097167611122131,0.7736592292785645,0.8194582462310791,0.7880648374557495,0.8083956837654114,0.7861555814743042,0
0.8072575926780701,0.20354992151260376,0.8096810579299927,0.18918979167938232,0.8117133975028992,0.18843847513198853,0.8137498497962952,0.1877821981906891,0.8040609955787659,0.19121870398521423,0.8022568225860596,0.19178465008735657,0.8003703355789185,0.19241449236869812,0.8156952857971191,0.19293323159217834,0.7976187467575073,0.19865098595619202,0.8107602596282959,0.21982842683792114,0.8043654561042786,0.2212672233581543,0.8302516937255859,0.28031018376350403,0.7817614078521729,0.2861546576023102,0.8399600386619568,0.37952280044555664,0.7695252895355225,0.38419872522354126,0.842674195766449,0.4678139090538025,0.7609061598777771,0.46746617555618286,0.843822717666626,0.4902007579803467,0.7573651075363159,0.4884882867336273,0.8402064442634583,0.4904894530773163,0.7603425979614258,0.4898820221424103,0.8392171859741211,0.48306694626808167,0.7621774077415466,0.4812399446964264,0.8220934271812439,0.47725021839141846,0.7955781817436218,0.481700599193573,0.8163319230079651,0.6226551532745361,0.8007361888885498,0.6202147006988525,0.8112649917602539,0.7611886262893677,0.8058096170425415,0.7490659952163696,0.8080483078956604,0.7806435823440552,0.8061684370040894,0.7691234946250916,0.8146748542785645,0.8038127422332764,0.8079996109008789,0.7858636379241943,0
0.8081364035606384,0.20168596506118774,0.8106010556221008,0.18742495775222778,0.8125446438789368,0.1868237853050232,0.8145846128463745,0.18628475069999695,0.8050270676612854,0.18951547145843506,0.8030451536178589,0.1901848018169403,0.8010296821594238,0.19088110327720642,0.8167408108711243,0.19087547063827515,0.7980928421020508,0.1972452998161316,0.8114941716194153,0.21685534715652466,0.8050979971885681,0.21948233246803284,0.8313837647438049,0.27860313653945923,0.7824034094810486,0.2849879562854767,0.8418006896972656,0.3796580135822296,0.7695726752281189,0.3785165250301361,0.842151403427124,0.4687661826610565,0.7604197859764099,0.46173420548439026,0.8432093262672424,0.4907313585281372,0.7570146918296814,0.48260730504989624,0.8395485877990723,0.49039027094841003,0.7601592540740967,0.48347219824790955,0.8385732769966125,0.48323339223861694,0.7620443105697632,0.4749656915664673,0.8210560083389282,0.481330543756485,0.7960493564605713,0.48602747917175293,0.8138442635536194,0.6237005591392517,0.8016309142112732,0.6202614307403564,0.811906635761261,0.7654367089271545,0.8092052936553955,0.7494078874588013,0.8095561861991882,0.785450279712677,0.8098423480987549,0.760394811630249,0.8139873147010803,0.8041688203811646,0.8056806921958923,0.7854337692260742,0
0.8091726303100586,0.20156508684158325,0.8115761280059814,0.18624955415725708,0.8135666847229004,0.18560555577278137,0.8154388070106506,0.18520772457122803,0.8058691024780273,0.18824589252471924,0.80377197265625,0.18876290321350098,0.8015543818473816,0.18946626782417297,0.8176353573799133,0.19102561473846436,0.7980127334594727,0.19639503955841064,0.8123495578765869,0.21891072392463684,0.8056135177612305,0.22111117839813232,0.83179771900177,0.2755923569202423,0.7833313345909119,0.28158044815063477,0.8404415249824524,0.37722042202949524,0.7704330086708069,0.38120314478874207,0.8442623615264893,0.4687524139881134,0.7620527744293213,0.4630511701107025,0.8455333709716797,0.49255651235580444,0.7580623626708984,0.4855821430683136,0.8414345383644104,0.49192482233047485,0.7619385719299316,0.48543524742126465,0.8409289717674255,0.4838869571685791,0.7637184262275696,0.477687269449234,0.8221462965011597,0.4810447096824646,0.795330822467804,0.4867625832557678,0.8151090741157532,0.6278294324874878,0.7992714047431946,0.6277055144309998,0.8122710585594177,0.7560871839523315,0.8053755760192871,0.7567489147186279,0.8072533011436462,0.7681229114532471,0.8048044443130493,0.7704077959060669,0.8121360540390015,0.7997268438339233,0.8050424456596375,0.7923897504806519,0
0.8096226453781128,0.1981043517589569,0.8122723698616028,0.18267172574996948,0.8141407370567322,0.18235355615615845,0.8161407113075256,0.18222224712371826,0.806787371635437,0.18385937809944153,0.8047844767570496,0.18432918190956116,0.8025808930397034,0.18471455574035645,0.8181930780410767,0.1894410252571106,0.7990103363990784,0.19200816750526428,0.8126586675643921,0.2156076431274414,0.8059597611427307,0.21579208970069885,0.8324695825576782,0.274326890707016,0.7841802835464478,0.27930155396461487,0.8409380912780762,0.37834641337394714,0.7712741494178772,0.374359667301178,0.8452818393707275,0.47223326563835144,0.7630017399787903,0.4637879729270935,0.846750795841217,0.49492698907852173,0.7588748335838318,0.48940756916999817,0.8422660231590271,0.49448704719543457,0.7633491158485413,0.4878455102443695,0.8415015935897827,0.487041175365448,0.7646826505661011,0.4803721606731415,0.8216425776481628,0.4813350439071655,0.7942937612533569,0.4897993206977844,0.8132041692733765,0.634040892124176,0.7964581251144409,0.6300240755081177,0.8093428015708923,0.7661309242248535,0.8066649436950684,0.7432537078857422,0.8072816729545593,0.784082293510437,0.8122721910476685,0.7458966970443726,0.8103829026222229,0.8070274591445923,0.8025998473167419,0.7817391753196716,0
0.8086337447166443,0.19832172989845276,0.8114908933639526,0.18337911367416382,0.8135445713996887,0.1834922432899475,0.8155441284179688,0.18389901518821716,0.8059185147285461,0.18366333842277527,0.8040415048599243,0.18377625942230225,0.802107572555542,0.18393099308013916,0.8185011148452759,0.19078800082206726,0.7989086508750916,0.19021430611610413,0.811810314655304,0.21178531646728516,0.8053091168403625,0.21148639917373657,0.8342973589897156,0.276183545589447,0.7829936146736145,0.28184500336647034,0.8436407446861267,0.38777998089790344,0.7709909081459045,0.37877318263053894,0.8444679379463196,0.47688066959381104,0.763276219367981,0.47282254695892334,0.8457832932472229,0.5052081942558289,0.7590186595916748,0.4932039678096771,0.8411591053009033,0.5049750804901123,0.7630873918533325,0.493734210729599,0.8402873873710632,0.4962001144886017,0.764411985874176,0.48623818159103394,0.8211642503738403,0.48206886649131775,0.7931474447250366,0.4847163259983063,0.8144036531448364,0.6360988020896912,0.7954279780387878,0.6237247586250305,0.8089836239814758,0.7622929811477661,0.8053900003433228,0.7335555553436279,0.8051087856292725,0.7801187038421631,0.8059738278388977,0.7468616962432861,0.810469388961792,0.8115249872207642,0.8032311797142029,0.7894129753112793,0
0.812646210193634,0.19149157404899597,0.8153185248374939,0.17594799399375916,0.8172788023948669,0.17581415176391602,0.8190963864326477,0.17573821544647217,0.809396505355835,0.17647632956504822,0.807194173336029,0.17657724022865295,0.8050154447555542,0.17672747373580933,0.8206123113632202,0.18090757727622986,0.8007287383079529,0.18257001042366028,0.8151573538780212,0.2088758945465088,0.8086234331130981,0.20957911014556885,0.8338996171951294,0.27203822135925293,0.7834752798080444,0.27710649371147156,0.8440558314323425,0.3780943751335144,0.7715252637863159,0.37873920798301697,0.8453335165977478,0.47534459829330444,0.7644753456115723,0.4760168790817261,0.8471855521202087,0.49950215220451355,0.7606712579727173,0.5009433627128601,0.842573881149292,0.4997163712978363,0.7641489505767822,0.5003604292869568,0.8418732285499573,0.4908224940299988,0.7660637497901917,0.49280428886413574,0.8223181366920471,0.48369812965393066,0.794549286365509,0.48935624957084656,0.8151352405548096,0.636501133441925,0.7940840125083923,0.6275722980499268,0.8093170523643494,0.757829487323761,0.8066175580024719,0.7184156179428101,0.8054521679878235,0.777563214302063,0.8088127374649048,0.7267155051231384,0.8094120621681213,0.8073277473449707,0.8014751076698303,0.7635373473167419,0
0.8132748007774353,0.1906672716140747,0.8159895539283752,0.17473337054252625,0.8179410696029663,0.17496180534362793,0.8200100660324097,0.1752738058567047,0.8100453019142151,0.1743951141834259,0.8078010678291321,0.1740674376487732,0.8056212663650513,0.17390012741088867,0.8221794366836548,0.18195819854736328,0.8017104864120483,0.18003535270690918,0.8163009881973267,0.20693376660346985,0.8096169829368591,0.20696783065795898,0.8353816270828247,0.26801785826683044,0.7832463383674622,0.2746136486530304,0.8434692621231079,0.377773642539978,0.7722343802452087,0.3742842972278595,0.846289336681366,0.473658949136734,0.7678780555725098,0.47603732347488403,0.8478453755378723,0.49808943271636963,0.7649534940719604,0.5004332065582275,0.8431976437568665,0.49845948815345764,0.7676457762718201,0.501337468624115,0.8424105048179626,0.4881446063518524,0.7692756056785583,0.49260377883911133,0.822466254234314,0.48309725522994995,0.7939390540122986,0.4890517294406891,0.8157122135162354,0.6406768560409546,0.7946543097496033,0.6348980665206909,0.8070753216743469,0.7601909637451172,0.8031548857688904,0.7171454429626465,0.8020860552787781,0.7784906029701233,0.8030478954315186,0.7153287529945374,0.8068456649780273,0.8059790730476379,0.7998278737068176,0.7608563303947449,0
0.8144853115081787,0.183314710855484,0.8173308372497559,0.1674257516860962,0.8193195462226868,0.16751018166542053,0.8211443424224854,0.16774874925613403,0.8115334510803223,0.16689756512641907,0.809407651424408,0.1665230691432953,0.8072022199630737,0.16614025831222534,0.8224049806594849,0.17353850603103638,0.8030673265457153,0.1715124547481537,0.8168982863426208,0.2026926577091217,0.8102461099624634,0.20162025094032288,0.8356099724769592,0.26377540826797485,0.7841959595680237,0.26608139276504517,0.8449069857597351,0.3713195323944092,0.7727252840995789,0.37162816524505615,0.847847580909729,0.4703727066516876,0.7692487835884094,0.47209328413009644,0.8493927717208862,0.4953892230987549,0.7654555439949036,0.49970048666000366,0.8448137044906616,0.4953678548336029,0.7689560651779175,0.4997439384460449,0.8442422747612,0.48650872707366943,0.7708359956741333,0.4914786219596863,0.8227633237838745,0.48042264580726624,0.7939823269844055,0.48320436477661133,0.81659996509552,0.6343860030174255,0.791414201259613,0.6265249252319336,0.810099184513092,0.7466787695884705,0.8016642928123474,0.7380838990211487,0.8056020736694336,0.7633476257324219,0.8012340664863586,0.7489262819290161,0.8104569315910339,0.8062523603439331,0.8006366491317749,0.7877374887466431,0
0.8145846128463745,0.18371328711509705,0.8178519010543823,0.16854849457740784,0.8199531435966492,0.1687571108341217,0.8218858242034912,0.16904395818710327,0.811701238155365,0.16738471388816833,0.8096052408218384,0.16672486066818237,0.807620108127594,0.16613826155662537,0.8236808180809021,0.17411857843399048,0.8040439486503601,0.17141112685203552,0.8169234395027161,0.2010183036327362,0.8105270266532898,0.2010536789894104,0.8367195129394531,0.26335981488227844,0.7851239442825317,0.2646231949329376,0.8471538424491882,0.3725467920303345,0.7738808989524841,0.3725247383117676,0.8496559858322144,0.4657140374183655,0.76938796043396,0.47090092301368713,0.8509753942489624,0.49469393491744995,0.7673504948616028,0.498711496591568,0.8464887142181396,0.492983341217041,0.7697651386260986,0.4991401731967926,0.845866322517395,0.4828803837299347,0.7715766429901123,0.4894713759422302,0.8248374462127686,0.4844729006290436,0.7946873307228088,0.48354095220565796,0.8175148367881775,0.6314329504966736,0.7923470735549927,0.6248043179512024,0.8080447912216187,0.7534245252609253,0.7994889616966248,0.7338307499885559,0.803303599357605,0.7694836258888245,0.7973682880401611,0.7484298944473267,0.8111674785614014,0.8080624341964722,0.8010092377662659,0.7906601428985596,0
0.8154861927032471,0.17855116724967957,0.8191198706626892,0.1622277796268463,0.8212879300117493,0.162500262260437,0.8233486413955688,0.1628488302230835,0.8129389882087708,0.16076141595840454,0.8107711672782898,0.15994203090667725,0.808775007724762,0.15928295254707336,0.8248277306556702,0.1685311198234558,0.805284321308136,0.16520044207572937,0.8177511096000671,0.197268545627594,0.8110606074333191,0.19575336575508118,0.8382870554924011,0.2610994577407837,0.7855445742607117,0.2599756419658661,0.8474642634391785,0.3697417974472046,0.7739692330360413,0.375610888004303,0.8508647084236145,0.4600525498390198,0.7694404721260071,0.4774533212184906,0.8519488573074341,0.4879811704158783,0.7680947780609131,0.5030176639556885,0.8474941253662109,0.485847532749176,0.7712341547012329,0.5028619766235352,0.8467761278152466,0.47570809721946716,0.7723496556282043,0.4940983057022095,0.8260411620140076,0.4854200482368469,0.7941288948059082,0.48450279235839844,0.8196947574615479,0.6294699311256409,0.7920477390289307,0.6141095161437988,0.8079693913459778,0.7549348473548889,0.7971641421318054,0.735297441482544,0.8033174276351929,0.7757304906845093,0.7950220704078674,0.7508389949798584,0.8082908987998962,0.8144955635070801,0.789406955242157,0.786192774772644,0
0.8159101009368896,0.17501220107078552,0.8192510008811951,0.16015106439590454,0.8212776184082031,0.16112041473388672,0.8234029412269592,0.16229099035263062,0.8132977485656738,0.15799790620803833,0.8111686706542969,0.15736255049705505,0.8087998032569885,0.15686392784118652,0.8255372047424316,0.17100274562835693,0.8050470352172852,0.16298940777778625,0.8186884522438049,0.19210654497146606,0.811495304107666,0.18986928462982178,0.8370411992073059,0.25585466623306274,0.7849912643432617,0.2625504434108734,0.8458335399627686,0.36462318897247314,0.7748615145683289,0.37005943059921265,0.8496613502502441,0.4588993489742279,0.7703006267547607,0.47918230295181274,0.8516265153884888,0.48255684971809387,0.7689629793167114,0.5009257793426514,0.8466007113456726,0.48141705989837646,0.772491455078125,0.5020633339881897,0.845403254032135,0.4733043909072876,0.7734155058860779,0.49401456117630005,0.8248326182365417,0.48077747225761414,0.7938417792320251,0.4830331802368164,0.82063889503479,0.6321898698806763,0.7919638156890869,0.6167768239974976,0.80828458070755,0.7499970197677612,0.7917042374610901,0.7510350942611694,0.8043991923332214,0.7679219245910645,0.791418731212616,0.76960289478302,0.811531126499176,0.8132561445236206,0.7829397320747375,0.8025945425033569,0
0.8173109292984009,0.1696213185787201,0.8210435509681702,0.1552758514881134,0.8227670788764954,0.1562143862247467,0.8244773149490356,0.15702888369560242,0.8150399923324585,0.15175727009773254,0.8128500580787659,0.15050816535949707,0.8108099699020386,0.14945778250694275,0.8258571624755859,0.16395026445388794,0.8071388006210327,0.1553097367286682,0.8198686242103577,0.18819764256477356,0.8127733469009399,0.18576699495315552,0.8393605351448059,0.2562783360481262,0.7850154638290405,0.25916239619255066,0.8474706411361694,0.36211973428726196,0.7750965356826782,0.36734282970428467,0.8500028252601624,0.4547252357006073,0.7709683775901794,0.47379472851753235,0.851354718208313,0.4824753999710083,0.7686235308647156,0.500054657459259,0.8468825817108154,0.4802304208278656,0.7716932892799377,0.5007739067077637,0.8461102247238159,0.4703829288482666,0.7737146615982056,0.4923226237297058,0.8266581892967224,0.480621337890625,0.7946671843528748,0.47925353050231934,0.8205121159553528,0.6274651885032654,0.793560266494751,0.6182526350021362,0.8100612759590149,0.7628882527351379,0.7911385297775269,0.7615388035774231,0.8065650463104248,0.7796252965927124,0.7900753617286682,0.7796285152435303,0.8116720914840698,0.8221588134765625,0.7815953493118286,0.8153215646743774,0
0.8195881843566895,0.16094756126403809,0.8224982023239136,0.147751122713089,0.824195921421051,0.14830109477043152,0.8259186148643494,0.1489051878452301,0.8169419765472412,0.1458677053451538,0.8148245811462402,0.1450304090976715,0.812565267086029,0.14428439736366272,0.8267382979393005,0.15657535195350647,0.8083862066268921,0.15038526058197021,0.8218271136283875,0.17935463786125183,0.8150666356086731,0.17713910341262817,0.8398258686065674,0.24756672978401184,0.7863634824752808,0.2533319294452667,0.8500308990478516,0.3559976816177368,0.7760041356086731,0.36590903997421265,0.8517695665359497,0.44790124893188477,0.7693925499916077,0.4779471158981323,0.8532692193984985,0.47713130712509155,0.7677426338195801,0.5043063759803772,0.8488402962684631,0.4747653007507324,0.7706983685493469,0.5059874057769775,0.8475452065467834,0.46385881304740906,0.7731238603591919,0.4979712665081024,0.8272656202316284,0.47725775837898254,0.7954853177070618,0.479539692401886,0.8193511366844177,0.6307179927825928,0.7955250144004822,0.6275871992111206,0.8078970909118652,0.7647784948348999,0.789707601070404,0.7756948471069336,0.8010354042053223,0.7860782146453857,0.7871871590614319,0.7960776090621948,0.8141319751739502,0.8166558146476746,0.7854884266853333,0.8280283212661743,0
0.8207780122756958,0.15018373727798462,0.8234168291091919,0.13677072525024414,0.8251786231994629,0.13719981908798218,0.8271375298500061,0.13778430223464966,0.8177942037582397,0.13476836681365967,0.8156249523162842,0.1339656114578247,0.8133798837661743,0.13325214385986328,0.8277891278266907,0.14646685123443604,0.8083726763725281,0.1411660611629486,0.8232981562614441,0.17015528678894043,0.8162271976470947,0.16851890087127686,0.8432474732398987,0.2448895275592804,0.7855746150016785,0.24641868472099304,0.8446977734565735,0.350737065076828,0.7728228569030762,0.3655409812927246,0.8464855551719666,0.4382847547531128,0.7716084718704224,0.485790878534317,0.8487059473991394,0.4684756398200989,0.7701758146286011,0.5087000131607056,0.8460608720779419,0.4665822982788086,0.7730496525764465,0.5081267356872559,0.8441978693008423,0.45669353008270264,0.7757885456085205,0.50125652551651,0.8297279477119446,0.46529775857925415,0.797925591468811,0.46394291520118713,0.8135717511177063,0.6320814490318298,0.795795202255249,0.6170896887779236,0.8024437427520752,0.7799180746078491,0.7882287502288818,0.7840393781661987,0.7999094724655151,0.8067923784255981,0.7849368453025818,0.8094736337661743,0.8056228756904602,0.829167366027832,0.7772022485733032,0.8367151618003845,0
0.8209517002105713,0.1495988965034485,0.8243269920349121,0.1362239420413971,0.8262931108474731,0.1371365785598755,0.8281908631324768,0.13819223642349243,0.8181626200675964,0.13397759199142456,0.8159050941467285,0.13324055075645447,0.8135853409767151,0.13277500867843628,0.8293843269348145,0.14888551831245422,0.8097978234291077,0.1401553452014923,0.824574887752533,0.16968438029289246,0.8161906599998474,0.16793715953826904,0.843161404132843,0.24169877171516418,0.7874276041984558,0.24383506178855896,0.8476810455322266,0.3515484929084778,0.7759249806404114,0.35293468832969666,0.8479357361793518,0.44004935026168823,0.7714099884033203,0.4654098153114319,0.8496084213256836,0.46467655897140503,0.7689278721809387,0.496181458234787,0.8467316031455994,0.46027907729148865,0.7716767191886902,0.4966282844543457,0.8455075025558472,0.44773292541503906,0.7738998532295227,0.48969197273254395,0.8294681310653687,0.465637743473053,0.7980153560638428,0.4650009274482727,0.823564887046814,0.6250777244567871,0.7992416620254517,0.622125506401062,0.8109849691390991,0.7568241953849792,0.7959522604942322,0.780026912689209,0.8058759570121765,0.7986006736755371,0.7931099534034729,0.8084020614624023,0.8151406645774841,0.8161855936050415,0.7984825968742371,0.8365631103515625,0
0.8244712352752686,0.14022785425186157,0.8267053961753845,0.12830916047096252,0.8283434510231018,0.12926962971687317,0.8299141526222229,0.13047170639038086,0.8207675814628601,0.12624961137771606,0.8185440897941589,0.12591275572776794,0.8161615133285522,0.12557506561279297,0.8300151824951172,0.14264047145843506,0.8108458518981934,0.1339804232120514,0.8268052339553833,0.16032373905181885,0.8196476101875305,0.15771815180778503,0.8424550294876099,0.23988333344459534,0.7883662581443787,0.2407653033733368,0.8448541760444641,0.3509884774684906,0.7757594585418701,0.35848307609558105,0.8471386432647705,0.445562481880188,0.7723740339279175,0.4703015089035034,0.8495479822158813,0.4649788737297058,0.7696429491043091,0.49982190132141113,0.8475410342216492,0.4612731337547302,0.7724395990371704,0.499062180519104,0.8451973795890808,0.4549727737903595,0.7748589515686035,0.4913053810596466,0.8288493752479553,0.4694528579711914,0.7987222075462341,0.46948546171188354,0.821651816368103,0.6341361999511719,0.8020814061164856,0.6281252503395081,0.808512270450592,0.770847499370575,0.7959412336349487,0.7987792491912842,0.808310329914093,0.8066975474357605,0.7923134565353394,0.8275766372680664,0.8231996893882751,0.8251330852508545,0.803779125213623,0.8613612055778503,0
0.8230569958686829,0.13569647073745728,0.8261752724647522,0.12425071001052856,0.8280989527702332,0.12559595704078674,0.8299994468688965,0.1272471845149994,0.8198378086090088,0.12165766954421997,0.8176450133323669,0.12117993831634521,0.8152052164077759,0.12076717615127563,0.8307446241378784,0.14103636145591736,0.8107918500900269,0.1299467384815216,0.8263014554977417,0.1573185920715332,0.8182498216629028,0.15331700444221497,0.8429661393165588,0.24336937069892883,0.7886324524879456,0.23871546983718872,0.8437370657920837,0.35204651951789856,0.7755922079086304,0.3573227524757385,0.847933828830719,0.445395827293396,0.771355926990509,0.47430819272994995,0.8500669002532959,0.46605804562568665,0.7685703635215759,0.5001651048660278,0.8480513691902161,0.46225982904434204,0.7712817192077637,0.49949076771736145,0.8458694219589233,0.4558967053890228,0.7739232778549194,0.49281010031700134,0.8293464779853821,0.46294480562210083,0.798993706703186,0.4632907509803772,0.8231375813484192,0.6335725784301758,0.8020466566085815,0.6366937756538391,0.8115212321281433,0.7800701856613159,0.7985968589782715,0.8097047209739685,0.8119763135910034,0.8116530776023865,0.7944881916046143,0.8350710868835449,0.822386622428894,0.8303456902503967,0.8028402924537659,0.8737868070602417,0
0.8243729472160339,0.1357436180114746,0.8272120952606201,0.12390688061714172,0.8290597796440125,0.12492766976356506,0.8308596611022949,0.12623819708824158,0.8212459683418274,0.12213972210884094,0.8191702365875244,0.12175920605659485,0.8168179392814636,0.12159374356269836,0.8312510251998901,0.13837140798568726,0.8125008940696716,0.13052013516426086,0.8275350332260132,0.15640851855278015,0.8198773860931396,0.15533262491226196,0.843511700630188,0.23665770888328552,0.790597677230835,0.23397114872932434,0.846795916557312,0.34810173511505127,0.7772108316421509,0.3575151860713959,0.8501121997833252,0.44856369495391846,0.7731803059577942,0.46386969089508057,0.8510602712631226,0.472221314907074,0.7701541185379028,0.49767085909843445,0.848266065120697,0.4685405492782593,0.773934543132782,0.4971362054347992,0.846656322479248,0.4597947895526886,0.7751451134681702,0.4901449680328369,0.8299110531806946,0.4723849594593048,0.8001224994659424,0.4710168242454529,0.8238540291786194,0.6407735347747803,0.8045381903648376,0.6410325765609741,0.8113541007041931,0.7823935151100159,0.8019919395446777,0.809960126876831,0.8052809834480286,0.8068689107894897,0.7982612252235413,0.8391726613044739,0.8286482095718384,0.831559419631958,0.8108654618263245,0.8699505925178528,0
0.8258496522903442,0.12542888522148132,0.8282227516174316,0.11545383930206299,0.8299115300178528,0.11665463447570801,0.8315216302871704,0.11812859773635864,0.8223987817764282,0.11357617378234863,0.8201783299446106,0.11355963349342346,0.8180209994316101,0.11369174718856812,0.8315653204917908,0.13191011548042297,0.8131619095802307,0.12467017769813538,0.8284752368927002,0.14604118466377258,0.8211334943771362,0.14348164200782776,0.8463647365570068,0.23588156700134277,0.7895097136497498,0.2289825975894928,0.8495672941207886,0.3445230722427368,0.7760210633277893,0.35564982891082764,0.8523977398872375,0.450190931558609,0.7710479497909546,0.4673839211463928,0.8527817726135254,0.4743955731391907,0.7688156962394714,0.4927750825881958,0.8503301739692688,0.4720870852470398,0.7716550230979919,0.4928874969482422,0.8494663834571838,0.4632266163825989,0.7737153172492981,0.48629510402679443,0.8314542174339294,0.4602869749069214,0.798685610294342,0.45985186100006104,0.8266474604606628,0.6331535577774048,0.8061836957931519,0.6384595036506653,0.81776362657547,0.7560266256332397,0.8055402636528015,0.8212151527404785,0.813045859336853,0.7925189733505249,0.8033723831176758,0.8452695608139038,0.8268696665763855,0.8173924088478088,0.8079601526260376,0.8696383237838745,0
0.8263311386108398,0.12975719571113586,0.8290060758590698,0.11799189448356628,0.8308513164520264,0.1190386712551117,0.8326267004013062,0.12034627795219421,0.8229396939277649,0.11603513360023499,0.820809543132782,0.11568784713745117,0.8185141086578369,0.1154153048992157,0.8327165842056274,0.1330845057964325,0.8140584826469421,0.12489935755729675,0.8294603824615479,0.1504373848438263,0.8219082355499268,0.14835074543952942,0.8457021713256836,0.23446807265281677,0.7922139763832092,0.22723186016082764,0.8497948050498962,0.34707456827163696,0.7769589424133301,0.34807759523391724,0.8535264134407043,0.44940394163131714,0.7734798192977905,0.46072667837142944,0.8536702394485474,0.4733816683292389,0.7713038921356201,0.49121949076652527,0.8502800464630127,0.4704288840293884,0.7754301428794861,0.4904899597167969,0.8494107723236084,0.4619986116886139,0.7767330408096313,0.48012930154800415,0.8329801559448242,0.4625474810600281,0.8017447590827942,0.4632487893104553,0.8287761211395264,0.6344477534294128,0.8091217875480652,0.6426787972450256,0.8249133825302124,0.7635513544082642,0.8089180588722229,0.8298546075820923,0.8184094429016113,0.7834528088569641,0.8068673610687256,0.8534208536148071,0.8335695266723633,0.810677170753479,0.812699556350708,0.87309730052948,0
0.8261182904243469,0.1251070499420166,0.8293428421020508,0.11158621311187744,0.8312997221946716,0.11249294877052307,0.8332818150520325,0.11370539665222168,0.8227456212043762,0.10956844687461853,0.8201233744621277,0.10898306965827942,0.8174997568130493,0.10841068625450134,0.8336358070373535,0.1272757649421692,0.8126422762870789,0.11766785383224487,0.8294491767883301,0.14709150791168213,0.8208242654800415,0.144809752702713,0.8480336666107178,0.2290307581424713,0.7908631563186646,0.22491541504859924,0.8534142971038818,0.34524139761924744,0.7749786376953125,0.3462171256542206,0.8537325859069824,0.4465852975845337,0.7712751030921936,0.46314537525177,0.8532194495201111,0.468467116355896,0.7691637277603149,0.49188923835754395,0.8502010107040405,0.4670206904411316,0.7721376419067383,0.48978960514068604,0.8492398262023926,0.46143651008605957,0.7749751806259155,0.47866228222846985,0.8344610929489136,0.454276978969574,0.8018454909324646,0.4575386941432953,0.8280495405197144,0.6491463780403137,0.8106819987297058,0.6498801708221436,0.8264791369438171,0.8096348643302917,0.8146231770515442,0.8348835706710815,0.822466254234314,0.8303530216217041,0.8127394914627075,0.8641312122344971,0.8224371075630188,0.8609634637832642,0.8109040260314941,0.885596513748169,0
0.8248112201690674,0.11699309945106506,0.8281863927841187,0.10711219906806946,0.8302669525146484,0.10831835865974426,0.8323288559913635,0.10986703634262085,0.8213717341423035,0.10549187660217285,0.8189980983734131,0.10550296306610107,0.816467821598053,0.1055293083190918,0.8329893946647644,0.12447646260261536,0.8123130202293396,0.11608481407165527,0.8284924030303955,0.13773426413536072,0.8199614882469177,0.13582336902618408,0.8491653203964233,0.2302609384059906,0.789238691329956,0.22580909729003906,0.8541454076766968,0.3551257252693176,0.7744085192680359,0.35382258892059326,0.8551642298698425,0.4541345238685608,0.772150993347168,0.46898359060287476,0.8551387786865234,0.4733259081840515,0.770348846912384,0.4973115026950836,0.8509743213653564,0.4724583029747009,0.7748773097991943,0.49552103877067566,0.8499518036842346,0.46788543462753296,0.7762354612350464,0.48445338010787964,0.8347440958023071,0.45987123250961304,0.8016582727432251,0.4618954658508301,0.8283685445785522,0.6434566974639893,0.8119251132011414,0.640403687953949,0.8270457983016968,0.8079363107681274,0.817111074924469,0.8093481659889221,0.8247514367103577,0.8305138349533081,0.8189938068389893,0.8299612998962402,0.8173403739929199,0.8572847843170166,0.813953697681427,0.8539273738861084,0
0.8265904188156128,0.10698449611663818,0.8292549848556519,0.09755122661590576,0.8310818672180176,0.0986475944519043,0.8330081105232239,0.09997886419296265,0.8232718110084534,0.09630537033081055,0.8210035562515259,0.09629827737808228,0.8185040354728699,0.09618806838989258,0.8329676389694214,0.11667770147323608,0.8138759136199951,0.1078639030456543,0.8298959136009216,0.12840652465820312,0.8219388723373413,0.12713146209716797,0.8501139879226685,0.22637629508972168,0.7893559336662292,0.2235247790813446,0.8533841967582703,0.35656559467315674,0.7755104303359985,0.34844833612442017,0.8593474626541138,0.48465627431869507,0.7743451595306396,0.46940791606903076,0.8590510487556458,0.5122742056846619,0.7703869342803955,0.500286340713501,0.8561795353889465,0.5108480453491211,0.7751799821853638,0.4968840479850769,0.853264331817627,0.49909964203834534,0.7782377600669861,0.48393213748931885,0.8371917009353638,0.46920618414878845,0.80333411693573,0.4736255407333374,0.8356263041496277,0.6259601712226868,0.8157212138175964,0.6671696901321411,0.8339075446128845,0.833885908126831,0.8219901919364929,0.8533178567886353,0.8328302502632141,0.8603655099868774,0.8250393271446228,0.8773711919784546,0.8222183585166931,0.8959838151931763,0.8183786273002625,0.898453950881958,0
0.8247643113136292,0.10690855979919434,0.8281658887863159,0.0970754623413086,0.8302958011627197,0.09804302453994751,0.8324964642524719,0.09928852319717407,0.8214738965034485,0.09634953737258911,0.8190787434577942,0.09655463695526123,0.816544234752655,0.09667760133743286,0.8334110379219055,0.11431586742401123,0.8125219345092773,0.10758757591247559,0.8287392854690552,0.12739670276641846,0.8200951218605042,0.12714365124702454,0.8526291847229004,0.22011446952819824,0.7893901467323303,0.21773478388786316,0.8565019965171814,0.3542496860027313,0.7764464020729065,0.3468812108039856,0.8593089580535889,0.46674102544784546,0.775330662727356,0.46974366903305054,0.8586468696594238,0.4810769557952881,0.7720448970794678,0.4983980357646942,0.853844940662384,0.47858816385269165,0.7770851254463196,0.4956458806991577,0.8528740406036377,0.46629250049591064,0.7784631848335266,0.4838546812534332,0.8381650447845459,0.45488011837005615,0.8046690225601196,0.4625714421272278,0.8352707028388977,0.648219645023346,0.8175171613693237,0.6492200493812561,0.8320308327674866,0.8310809135437012,0.822419285774231,0.8308736085891724,0.8288309574127197,0.8528565168380737,0.8243600130081177,0.8521146178245544,0.8236278891563416,0.8865712285041809,0.8180070519447327,0.8850351572036743,0
0.825208842754364,0.11458685994148254,0.8285250663757324,0.10213804244995117,0.8305591344833374,0.10328066349029541,0.8327216506004333,0.10482525825500488,0.8222703337669373,0.10050460696220398,0.8200215101242065,0.10042122006416321,0.8178402781486511,0.10043907165527344,0.8338673114776611,0.11990782618522644,0.8139463663101196,0.11227142810821533,0.8291879892349243,0.13765546679496765,0.8210000991821289,0.1340009868144989,0.850695788860321,0.2295830249786377,0.7906614542007446,0.23205894231796265,0.8568742871284485,0.3562663197517395,0.7777957916259766,0.34461307525634766,0.8612109422683716,0.4731581211090088,0.7761058807373047,0.4694245457649231,0.862663984298706,0.5047186613082886,0.774626612663269,0.4967142343521118,0.8588275909423828,0.5000707507133484,0.7789223194122314,0.49459555745124817,0.8584508895874023,0.4859454333782196,0.7801458835601807,0.4875427782535553,0.8389808535575867,0.4771542549133301,0.8070557713508606,0.48039400577545166,0.839332640171051,0.6478756666183472,0.820652425289154,0.6516275405883789,0.8323150873184204,0.822435200214386,0.8235777616500854,0.8188397288322449,0.828553318977356,0.8432745933532715,0.8260226249694824,0.8398197889328003,0.8246076107025146,0.8780529499053955,0.8208611607551575,0.863068699836731,0
0.8217672109603882,0.10045963525772095,0.8254680633544922,0.08810275793075562,0.8278923034667969,0.08936941623687744,0.8303962349891663,0.09095019102096558,0.8182651400566101,0.08655273914337158,0.8157113790512085,0.08645641803741455,0.8133097887039185,0.08638173341751099,0.8329331874847412,0.10944688320159912,0.8102701306343079,0.09939616918563843,0.8270766735076904,0.12420538067817688,0.8176584243774414,0.12161356210708618,0.8534144163131714,0.22685807943344116,0.7892006635665894,0.22664886713027954,0.8577452898025513,0.3828562796115875,0.7755411267280579,0.35839423537254333,0.8630061745643616,0.5172218084335327,0.7761484384536743,0.4790576100349426,0.8651432991027832,0.5404376983642578,0.7745924592018127,0.5025447010993958,0.8616982698440552,0.5774552226066589,0.7770175337791443,0.49782976508140564,0.857348620891571,0.5628571510314941,0.7808733582496643,0.4912445545196533,0.8402732014656067,0.48016858100891113,0.8068838715553284,0.4860387444496155,0.8356940150260925,0.6626513004302979,0.8191352486610413,0.6648111939430237,0.8373292684555054,0.8357248902320862,0.8269102573394775,0.8349241614341736,0.8344063758850098,0.8567958474159241,0.8297043442726135,0.8552337288856506,0.8290595412254333,0.8843657970428467,0.824303388595581,0.8834656476974487,0
0.8191148638725281,0.10878029465675354,0.8233276605606079,0.09650754928588867,0.8259783983230591,0.0968051552772522,0.828731119632721,0.09772932529449463,0.8162304759025574,0.09773021936416626,0.8139524459838867,0.0985713005065918,0.8118166327476501,0.09940195083618164,0.83184814453125,0.11546081304550171,0.8103179335594177,0.11112534999847412,0.8253080248832703,0.12985017895698547,0.8160873651504517,0.1292755901813507,0.8555013537406921,0.22677522897720337,0.7890294194221497,0.2310650646686554,0.8582203984260559,0.3863697648048401,0.7776691317558289,0.3553231954574585,0.8569459915161133,0.5139650106430054,0.781862735748291,0.48199397325515747,0.8624503016471863,0.5553032755851746,0.7796810269355774,0.5131855010986328,0.8551815748214722,0.5369603037834167,0.7817882299423218,0.5093216300010681,0.8543029427528381,0.5357109308242798,0.7859018445014954,0.4952550530433655,0.8415622115135193,0.4888511896133423,0.8098713755607605,0.4873334467411041,0.8338051438331604,0.6647955775260925,0.8176050186157227,0.6678866744041443,0.8402939438819885,0.8452275395393372,0.8298841118812561,0.8540714979171753,0.8393616676330566,0.8652507662773132,0.8347057700157166,0.8737953901290894,0.8331299424171448,0.909065842628479,0.8249230980873108,0.9100391864776611,0
0.8223836421966553,0.11173224449157715,0.8249824643135071,0.09884363412857056,0.8268485069274902,0.09911823272705078,0.8288393020629883,0.09965437650680542,0.8193979859352112,0.09891003370285034,0.8172184824943542,0.09945601224899292,0.8152916431427002,0.10024189949035645,0.82945716381073,0.11096924543380737,0.8118185997009277,0.11197620630264282,0.8263596892356873,0.12987840175628662,0.8187066912651062,0.13074517250061035,0.8521097302436829,0.21085208654403687,0.7904047966003418,0.2254873514175415,0.8595266342163086,0.3359290361404419,0.7783573269844055,0.3454511761665344,0.8690007925033569,0.39645346999168396,0.7816988229751587,0.4663049280643463,0.8668614625930786,0.4455561637878418,0.7774490118026733,0.5007916688919067,0.858635425567627,0.4282424747943878,0.783244788646698,0.4957810640335083,0.8570203185081482,0.4280618131160736,0.7846483588218689,0.48404234647750854,0.8450014591217041,0.47161513566970825,0.813335120677948,0.48308467864990234,0.8379828929901123,0.6395871043205261,0.8212299346923828,0.6444085836410522,0.8334393501281738,0.7962961196899414,0.824428915977478,0.8121874928474426,0.8294258713722229,0.8164001107215881,0.8267115950584412,0.8322423100471497,0.8350464105606079,0.8512935638427734,0.8236668705940247,0.8664120435714722,0
0.0,0.0,0.0,0.0,0.0,0.0,0.0,0.0,0.0,0.0,0.0,0.0,0.0,0.0,0.0,0.0,0.0,0.0,0.0,0.0,0.0,0.0,0.0,0.0,0.0,0.0,0.0,0.0,0.0,0.0,0.0,0.0,0.0,0.0,0.0,0.0,0.0,0.0,0.0,0.0,0.0,0.0,0.0,0.0,0.0,0.0,0.0,0.0,0.0,0.0,0.0,0.0,0.0,0.0,0.0,0.0,0.0,0.0,0.0,0.0,0.0,0.0,0.0,0.0,0.0,0.0,0
0.8185571432113647,0.11720281839370728,0.820220947265625,0.10117769241333008,0.821674644947052,0.10010874271392822,0.8232120275497437,0.09947562217712402,0.816609263420105,0.10321107506752014,0.8152706027030945,0.10367760062217712,0.8141312003135681,0.10424324870109558,0.824533224105835,0.10745662450790405,0.8134411573410034,0.11093449592590332,0.8221604228019714,0.1299973726272583,0.8170633912086487,0.13305199146270752,0.8529654741287231,0.20215073227882385,0.7933643460273743,0.2231232225894928,0.8566831946372986,0.3307996392250061,0.7837411761283875,0.34627577662467957,0.8659112453460693,0.4353678226470947,0.7847397327423096,0.4779829680919647,0.8667240738868713,0.4541707932949066,0.7828891277313232,0.5013601779937744,0.8641640543937683,0.4532686471939087,0.7853289842605591,0.503394365310669,0.8636309504508972,0.4523095488548279,0.788422703742981,0.4905632436275482,0.8428500294685364,0.4590551257133484,0.8164330124855042,0.46710705757141113,0.8412195444107056,0.6474254727363586,0.8234644532203674,0.6460593342781067,0.8355921506881714,0.8087470531463623,0.8265464901924133,0.822448194026947,0.8334767818450928,0.8438510894775391,0.8274462819099426,0.8470630645751953,0.8405259251594543,0.8832223415374756,0.8256334662437439,0.8821616172790527,0
0.8180404901504517,0.11001253128051758,0.818677544593811,0.0962529182434082,0.819103479385376,0.09604543447494507,0.8195340633392334,0.09611248970031738,0.8174418807029724,0.09593456983566284,0.8171137571334839,0.09565126895904541,0.816737711429596,0.09556716680526733,0.8193485140800476,0.1040654182434082,0.8164703249931335,0.10382276773452759,0.8196550011634827,0.12567728757858276,0.8180131912231445,0.12714797258377075,0.8484454154968262,0.2014809548854828,0.7967007756233215,0.2189323604106903,0.8478407263755798,0.3342745900154114,0.7889125347137451,0.3371747136116028,0.8440477252006531,0.41937971115112305,0.788765013217926,0.4704655408859253,0.8490327596664429,0.44219669699668884,0.7856671214103699,0.4967673420906067,0.8476090431213379,0.441278338432312,0.790195107460022,0.4929603934288025,0.8400698900222778,0.4371560215950012,0.7912370562553406,0.48520272970199585,0.8373597860336304,0.4621300995349884,0.8248305916786194,0.46762627363204956,0.8382815718650818,0.6599737405776978,0.8304500579833984,0.6537495255470276,0.8351446390151978,0.8290739059448242,0.8311185836791992,0.8328306674957275,0.8398976922035217,0.8651109933853149,0.83538419008255,0.8507764339447021,0.840524435043335,0.8998395800590515,0.8329928517341614,0.8853007555007935,0
0.8172520995140076,0.10715645551681519,0.8184814453125,0.09163081645965576,0.8197270631790161,0.09144014120101929,0.821011483669281,0.09152597188949585,0.81523197889328,0.09217703342437744,0.8142549395561218,0.09243494272232056,0.8132162690162659,0.0928945541381836,0.8223986029624939,0.10066229104995728,0.8121110200881958,0.10270333290100098,0.8211939334869385,0.1238899827003479,0.816861629486084,0.12519928812980652,0.8576372861862183,0.198981374502182,0.7945448756217957,0.22295013070106506,0.8589393496513367,0.3280828595161438,0.7845523357391357,0.34169477224349976,0.8593953251838684,0.44611990451812744,0.7879065871238708,0.4764251708984375,0.8602002859115601,0.4641956090927124,0.7870886921882629,0.5018764138221741,0.8587357401847839,0.46320366859436035,0.7909116148948669,0.49875661730766296,0.858040452003479,0.46110692620277405,0.7943937182426453,0.48843175172805786,0.8441437482833862,0.46935388445854187,0.8234305381774902,0.4752045273780823,0.8442777395248413,0.6521840691566467,0.8277014493942261,0.658319354057312,0.843675434589386,0.834681510925293,0.8302709460258484,0.8464280366897583,0.8408297896385193,0.8592464923858643,0.8380039930343628,0.8660844564437866,0.8467884063720703,0.8980510234832764,0.8328151106834412,0.9063622951507568,0
0.8194939494132996,0.09965047240257263,0.8209057450294495,0.0850939154624939,0.8223446011543274,0.08459168672561646,0.8239069581031799,0.08436495065689087,0.8167514801025391,0.08615237474441528,0.8154504895210266,0.08648145198822021,0.8141215443611145,0.08704066276550293,0.825301468372345,0.09327971935272217,0.8130995631217957,0.09637928009033203,0.8232933878898621,0.1163310706615448,0.8181000351905823,0.11837467551231384,0.857734739780426,0.1901252567768097,0.7934056520462036,0.22348344326019287,0.8625769019126892,0.31173616647720337,0.7841108441352844,0.35475844144821167,0.8680611848831177,0.45288771390914917,0.7840149402618408,0.4724273383617401,0.8672868013381958,0.46862781047821045,0.7816349267959595,0.4999221861362457,0.8666604161262512,0.4661397933959961,0.787351667881012,0.49654561281204224,0.8637288808822632,0.46459269523620605,0.7884174585342407,0.48720043897628784,0.8482840061187744,0.4688935875892639,0.8219708204269409,0.47130444645881653,0.8493919372558594,0.6573053598403931,0.8263742327690125,0.6633918881416321,0.846245527267456,0.8273526430130005,0.8320991396903992,0.838415801525116,0.8451518416404724,0.8627766370773315,0.8349426984786987,0.8586902618408203,0.8494915962219238,0.9098676443099976,0.8277814984321594,0.9001897573471069,0
0.817847490310669,0.11038851737976074,0.8190461993217468,0.09060919284820557,0.8208885192871094,0.08902060985565186,0.8229393362998962,0.08754998445510864,0.8143466114997864,0.09460979700088501,0.8128964900970459,0.09574651718139648,0.8113570809364319,0.09697186946868896,0.8261880874633789,0.0964745283126831,0.8096955418586731,0.10740745067596436,0.8225857615470886,0.12364614009857178,0.8159686923027039,0.12759077548980713,0.8582823276519775,0.1864786446094513,0.7906404733657837,0.22038117051124573,0.8679777979850769,0.30672863125801086,0.7827744483947754,0.35001036524772644,0.8637110590934753,0.41442734003067017,0.7847595810890198,0.46822500228881836,0.8645614385604858,0.44336622953414917,0.7842788100242615,0.5024911165237427,0.8653527498245239,0.44329169392585754,0.7880091071128845,0.49938032031059265,0.8591961860656738,0.4246872067451477,0.7909906506538391,0.4855491518974304,0.8537740707397461,0.4645256996154785,0.8156458139419556,0.4707879424095154,0.8541427850723267,0.6400688886642456,0.8224083185195923,0.6571782827377319,0.8551234602928162,0.8133139610290527,0.8295015692710876,0.8216091394424438,0.8548687100410461,0.8405038118362427,0.8305798172950745,0.8474739789962769,0.861500084400177,0.8811668753623962,0.8191892504692078,0.8864173293113708,0
0.8157762885093689,0.10118627548217773,0.8178141117095947,0.08428525924682617,0.8198291063308716,0.08270609378814697,0.8219435811042786,0.08176252245903015,0.8126308917999268,0.08696034550666809,0.8110575079917908,0.08768263459205627,0.8095793724060059,0.08851420879364014,0.825265109539032,0.09333771467208862,0.8090603351593018,0.09853711724281311,0.8214810490608215,0.11719265580177307,0.814830482006073,0.11961564421653748,0.8607362508773804,0.18343690037727356,0.7948025465011597,0.22410842776298523,0.8672198057174683,0.28735288977622986,0.7855411171913147,0.34107109904289246,0.8709815740585327,0.38172444701194763,0.785060465335846,0.4584280848503113,0.8753046989440918,0.41248220205307007,0.7826696038246155,0.49748694896698,0.87077397108078,0.4117280840873718,0.7885233163833618,0.49466755986213684,0.8675829172134399,0.40228521823883057,0.7896931767463684,0.4831961989402771,0.8535073399543762,0.4591061472892761,0.8194875121116638,0.4693971276283264,0.8534107804298401,0.649956464767456,0.8232849836349487,0.6590256690979004,0.8583362102508545,0.8287826180458069,0.8320379853248596,0.8371474742889404,0.8554929494857788,0.8538144826889038,0.8360604643821716,0.8575870394706726,0.8565542101860046,0.9037265777587891,0.8241237998008728,0.8935842514038086,0
0.815544068813324,0.11332452297210693,0.8164983987808228,0.0943189263343811,0.8185370564460754,0.09242421388626099,0.8206037282943726,0.09074828028678894,0.8112517595291138,0.09792554378509521,0.8097668290138245,0.09859105944633484,0.8083896636962891,0.09934315085411072,0.8244346976280212,0.09696170687675476,0.8079230785369873,0.10627168416976929,0.8214548826217651,0.1262701451778412,0.8147159814834595,0.12938696146011353,0.8602650761604309,0.18418055772781372,0.7962460517883301,0.22599101066589355,0.8731303811073303,0.29019033908843994,0.7874625325202942,0.3500986695289612,0.8790653347969055,0.43721669912338257,0.7865990400314331,0.47345855832099915,0.8818210363388062,0.46855026483535767,0.7855627536773682,0.5058980584144592,0.8780810832977295,0.4758837819099426,0.7891407012939453,0.506174623966217,0.8743891716003418,0.4637536406517029,0.7905575037002563,0.4924100339412689,0.8560221791267395,0.4606105089187622,0.820346474647522,0.46860232949256897,0.8548813462257385,0.65031898021698,0.8225131034851074,0.6531549692153931,0.8592032194137573,0.8294908404350281,0.8305264711380005,0.8270232677459717,0.8576352596282959,0.8537492752075195,0.836678683757782,0.8521435856819153,0.8561868071556091,0.9107221364974976,0.8143494725227356,0.8893598318099976,0
0.8148424625396729,0.13145998120307922,0.8157073855400085,0.11169978976249695,0.8178797364234924,0.10933566093444824,0.8200777173042297,0.10689818859100342,0.8107249736785889,0.11595284938812256,0.8092092275619507,0.11651787161827087,0.8077724575996399,0.11681470274925232,0.8247543573379517,0.107089102268219,0.8071790933609009,0.11917251348495483,0.8214160799980164,0.1415157914161682,0.8137102127075195,0.14468511939048767,0.862805962562561,0.18168509006500244,0.7955827116966248,0.22927352786064148,0.8777912855148315,0.286020964384079,0.7887825965881348,0.36090636253356934,0.879338264465332,0.432148814201355,0.787895679473877,0.47650346159935,0.883662760257721,0.45647022128105164,0.7859121561050415,0.5103139877319336,0.8760547041893005,0.4643770456314087,0.7893930077552795,0.5097265839576721,0.8748989105224609,0.4496524930000305,0.7917221188545227,0.4957846999168396,0.8562391996383667,0.44902944564819336,0.8212759494781494,0.45968344807624817,0.855378270149231,0.6433955430984497,0.8232309222221375,0.6525126695632935,0.8635790348052979,0.8284282684326172,0.8312926292419434,0.834153413772583,0.861489474773407,0.8536142110824585,0.8359329104423523,0.8586744666099548,0.8584708571434021,0.903395414352417,0.8119497299194336,0.8911662101745605,0
0.8157035708427429,0.13841566443443298,0.8166951537132263,0.11467552185058594,0.819216787815094,0.11159417033195496,0.8216518759727478,0.10844135284423828,0.809784471988678,0.12008821964263916,0.807876706123352,0.12084159255027771,0.8061634302139282,0.12135720252990723,0.8258338570594788,0.10552641749382019,0.8056706190109253,0.12234139442443848,0.82320237159729,0.1494711935520172,0.8143635988235474,0.1533881425857544,0.8620427250862122,0.17489975690841675,0.7978284955024719,0.22539061307907104,0.8794361352920532,0.28758105635643005,0.7919325232505798,0.3615487515926361,0.8806934952735901,0.4311899244785309,0.7878558039665222,0.4676136374473572,0.8859792351722717,0.4640806317329407,0.784445583820343,0.5083560943603516,0.8802996277809143,0.4652746319770813,0.7876573204994202,0.5072299242019653,0.8789887428283691,0.45830559730529785,0.7906002402305603,0.49273180961608887,0.8568770289421082,0.4489622712135315,0.8232510089874268,0.4582529067993164,0.8565982580184937,0.6359357833862305,0.8248180747032166,0.6497246026992798,0.8657791018486023,0.8331663608551025,0.8304281234741211,0.8413951396942139,0.8643857836723328,0.8559949398040771,0.8360297679901123,0.8647116422653198,0.8641105890274048,0.8971544504165649,0.8152994513511658,0.8967608213424683,0
0.8123558163642883,0.1337723731994629,0.8128154277801514,0.11190417408943176,0.815334677696228,0.10842546820640564,0.8177739381790161,0.10479328036308289,0.8070929646492004,0.11772507429122925,0.8055220246315002,0.12003663182258606,0.8040507435798645,0.12068688869476318,0.82328861951828,0.10051548480987549,0.804341197013855,0.12213551998138428,0.8204516768455505,0.14265340566635132,0.8120025396347046,0.14907750487327576,0.8642699122428894,0.1704765260219574,0.7978894710540771,0.22720077633857727,0.8840673565864563,0.30785369873046875,0.7934090495109558,0.36415958404541016,0.8842471837997437,0.45526114106178284,0.7896906137466431,0.47611764073371887,0.888046145439148,0.4928014576435089,0.7853677868843079,0.5140423774719238,0.8831736445426941,0.49404558539390564,0.7891936898231506,0.5132503509521484,0.8812922835350037,0.482059121131897,0.7920401692390442,0.5002058744430542,0.8600386381149292,0.45073890686035156,0.824959933757782,0.4592982828617096,0.8572866916656494,0.6416887044906616,0.8281176090240479,0.6509053111076355,0.8650549650192261,0.8400580883026123,0.8349409103393555,0.8396751284599304,0.8641833662986755,0.8613131046295166,0.8414020538330078,0.8638478517532349,0.8616459965705872,0.9131292104721069,0.81648188829422,0.8950113654136658,0
0.8106728196144104,0.1513509452342987,0.8117148876190186,0.1260252594947815,0.8149495124816895,0.12121236324310303,0.8181838989257812,0.11602631211280823,0.8052080869674683,0.13307586312294006,0.8035585880279541,0.13353264331817627,0.8020063638687134,0.13409143686294556,0.8248996138572693,0.10758441686630249,0.8021759986877441,0.13207164406776428,0.8198416233062744,0.15894901752471924,0.810430645942688,0.16595864295959473,0.8658726811408997,0.1736842691898346,0.7992901802062988,0.2296823114156723,0.8868398666381836,0.31261223554611206,0.7965338826179504,0.36617356538772583,0.8835216760635376,0.4625246822834015,0.7893790006637573,0.47572192549705505,0.8867147564888,0.4956701397895813,0.7843920588493347,0.5136955976486206,0.8807368278503418,0.4947607219219208,0.7882637977600098,0.5139516592025757,0.8786840438842773,0.48373550176620483,0.791558027267456,0.5029993057250977,0.8604936003684998,0.45540523529052734,0.8247959613800049,0.46005529165267944,0.8579524159431458,0.651397168636322,0.8257541656494141,0.6557092070579529,0.8712842464447021,0.8377448320388794,0.8306376934051514,0.8353577256202698,0.8711397647857666,0.8561887741088867,0.8394297957420349,0.8561765551567078,0.8707417249679565,0.905859649181366,0.813565194606781,0.8894944190979004,0
0.8104861378669739,0.15497103333473206,0.8099565505981445,0.12942147254943848,0.8121879696846008,0.12368065118789673,0.814565896987915,0.11755102872848511,0.8046323657035828,0.1384357511997223,0.8030229210853577,0.14082267880439758,0.8014023303985596,0.14156997203826904,0.8220158815383911,0.1066150963306427,0.8020073771476746,0.14039462804794312,0.8190333247184753,0.15803870558738708,0.8106957674026489,0.16769346594810486,0.8675008416175842,0.17193543910980225,0.8021865487098694,0.23089733719825745,0.8854795098304749,0.3046921491622925,0.798384428024292,0.36131513118743896,0.8856751918792725,0.4569993019104004,0.7913723587989807,0.47644340991973877,0.8895752429962158,0.4913652837276459,0.78577721118927,0.508095920085907,0.8828227519989014,0.49162864685058594,0.7894833087921143,0.506822407245636,0.880456805229187,0.47909122705459595,0.7927631735801697,0.49687492847442627,0.8615455627441406,0.44915953278541565,0.8265706896781921,0.45242249965667725,0.8567758202552795,0.6465041041374207,0.8238965272903442,0.6483566164970398,0.8706543445587158,0.8393142223358154,0.8283977508544922,0.8306217193603516,0.868980348110199,0.8598160743713379,0.8371289372444153,0.8566585779190063,0.8652100563049316,0.9134979844093323,0.8113864660263062,0.8884689807891846,0
0.8093956708908081,0.15127155184745789,0.8089718818664551,0.1278873085975647,0.8109792470932007,0.12197473645210266,0.8132435083389282,0.11564046144485474,0.8044086694717407,0.13883936405181885,0.8030463457107544,0.14094966650009155,0.8017252087593079,0.1430802047252655,0.8207594156265259,0.105105459690094,0.8032991290092468,0.14216363430023193,0.8184913992881775,0.15351396799087524,0.8106403946876526,0.1636982262134552,0.8667235374450684,0.16891196370124817,0.8068231344223022,0.22844329476356506,0.8881551027297974,0.29404115676879883,0.8016709089279175,0.3623659014701843,0.8851887583732605,0.4443363547325134,0.7926380634307861,0.4753236472606659,0.8880915641784668,0.47989675402641296,0.7874810099601746,0.5057721734046936,0.8828033804893494,0.4829062223434448,0.7908744215965271,0.5071952939033508,0.8807880878448486,0.4694591164588928,0.7936670184135437,0.49465954303741455,0.863650918006897,0.4534085988998413,0.8308274745941162,0.45794743299484253,0.8564485311508179,0.6442446708679199,0.826816737651825,0.6497769355773926,0.8675207495689392,0.8306353092193604,0.8323339819908142,0.8293182849884033,0.8679077625274658,0.8487740755081177,0.8397846817970276,0.8467817306518555,0.8576436042785645,0.9007005095481873,0.8105255365371704,0.8839795589447021,0
0.8058952689170837,0.1653769612312317,0.8045907020568848,0.14151251316070557,0.8061505556106567,0.1372499167919159,0.8080185651779175,0.13201606273651123,0.8012073636054993,0.14836391806602478,0.800252377986908,0.1482166349887848,0.7992708086967468,0.14776530861854553,0.8170078992843628,0.11678627133369446,0.8030778169631958,0.14045175909996033,0.8134453892707825,0.16515696048736572,0.8081761598587036,0.17384135723114014,0.8662492036819458,0.16798335313796997,0.8090423941612244,0.2264646291732788,0.889533281326294,0.30024057626724243,0.8064322471618652,0.36467114090919495,0.8836362957954407,0.44983503222465515,0.7955134510993958,0.47565168142318726,0.8866588473320007,0.48765891790390015,0.790493369102478,0.5130879282951355,0.882428765296936,0.48745715618133545,0.7923569679260254,0.5132485032081604,0.877978503704071,0.4827401638031006,0.7955930233001709,0.5032830238342285,0.8664571642875671,0.4493754506111145,0.8344792723655701,0.45056262612342834,0.8534592390060425,0.6432237029075623,0.8278089165687561,0.6466075778007507,0.8676777482032776,0.8229314088821411,0.8317424058914185,0.8294651508331299,0.8713024258613586,0.843650758266449,0.8390923142433167,0.854326605796814,0.8575783371925354,0.9002212285995483,0.8086893558502197,0.8835606575012207,0
0.8017656803131104,0.1638590693473816,0.8012495636940002,0.1424405872821808,0.8028444647789001,0.13861116766929626,0.8045686483383179,0.13401129841804504,0.7981305718421936,0.14846548438072205,0.7974843382835388,0.1487211287021637,0.7968385219573975,0.1486729085445404,0.8154184222221375,0.11921870708465576,0.8013615608215332,0.14257624745368958,0.8105440735816956,0.16647425293922424,0.8052126169204712,0.17382964491844177,0.8663251399993896,0.17065748572349548,0.8094173669815063,0.2316821813583374,0.8859090209007263,0.3077910840511322,0.807737410068512,0.3673768639564514,0.8824623823165894,0.4614662826061249,0.8008578419685364,0.47391071915626526,0.8863703608512878,0.5011210441589355,0.7935129404067993,0.5072997808456421,0.8797481656074524,0.5021771192550659,0.7948956489562988,0.5052751302719116,0.8756945133209229,0.4913858473300934,0.7990975975990295,0.4935520887374878,0.867245614528656,0.4571853280067444,0.8357748985290527,0.4629139006137848,0.8564423322677612,0.6491360068321228,0.8295499086380005,0.6464189291000366,0.8700915575027466,0.8397289514541626,0.8330762982368469,0.8297652006149292,0.8755765557289124,0.8584153652191162,0.8412147760391235,0.8556479215621948,0.8592970371246338,0.912600576877594,0.8089982271194458,0.8820497393608093,0
0.804503858089447,0.1702367067337036,0.8033255934715271,0.14923089742660522,0.8048768043518066,0.14470654726028442,0.8065075874328613,0.13963714241981506,0.8002613186836243,0.15605130791664124,0.7996183037757874,0.15683728456497192,0.7989298105239868,0.1574479639530182,0.8154948353767395,0.12322366237640381,0.8030948638916016,0.14931896328926086,0.8125613927841187,0.17266470193862915,0.8071943521499634,0.18005231022834778,0.8655027747154236,0.1708574891090393,0.8111227750778198,0.2330963909626007,0.8860687017440796,0.3080354928970337,0.8114763498306274,0.36937224864959717,0.8814179301261902,0.45875000953674316,0.8038849234580994,0.4735848903656006,0.8843905925750732,0.5006290078163147,0.797692060470581,0.5063161849975586,0.8795300722122192,0.5002540946006775,0.8011084198951721,0.5090285539627075,0.8748310804367065,0.4881814420223236,0.8035574555397034,0.4927506744861603,0.8692002892494202,0.4574652910232544,0.8374266624450684,0.4612511396408081,0.856134295463562,0.6440560817718506,0.8287438154220581,0.6425803303718567,0.8644005060195923,0.821193277835846,0.8324441313743591,0.8270902633666992,0.8683762550354004,0.8412126898765564,0.8399586081504822,0.8548310995101929,0.8501735925674438,0.8971855640411377,0.8072430491447449,0.8717924356460571,0
0.8033023476600647,0.1807464063167572,0.8026341199874878,0.16001072525978088,0.8043889999389648,0.15546563267707825,0.8060738444328308,0.1487630307674408,0.7995525598526001,0.16573485732078552,0.7989591956138611,0.16601386666297913,0.7982916235923767,0.16620105504989624,0.8159185647964478,0.12943384051322937,0.8036247491836548,0.15380847454071045,0.8124060034751892,0.18255755305290222,0.806506335735321,0.18891584873199463,0.865641713142395,0.17300480604171753,0.8145918250083923,0.23184728622436523,0.8868663311004639,0.31007593870162964,0.8158466815948486,0.36699235439300537,0.8806869983673096,0.46139004826545715,0.8083952069282532,0.4782600700855255,0.8835485577583313,0.504959225654602,0.8029999732971191,0.5127472877502441,0.8756194710731506,0.5042406320571899,0.8068097829818726,0.5114246010780334,0.8723347783088684,0.48987168073654175,0.8088856935501099,0.49815699458122253,0.8716033697128296,0.45326855778694153,0.8410609364509583,0.46172696352005005,0.8582442998886108,0.6434670090675354,0.8346171379089355,0.6463411450386047,0.8695831298828125,0.8388664722442627,0.8348744511604309,0.828012228012085,0.8762943744659424,0.861725926399231,0.8419389724731445,0.8556697964668274,0.8536379933357239,0.9182925820350647,0.8091040849685669,0.8739151954650879,0
0.8045905828475952,0.1884928047657013,0.8021317720413208,0.16534388065338135,0.8034818172454834,0.16124370694160461,0.8048911094665527,0.15499508380889893,0.7993637919425964,0.17102286219596863,0.7988301515579224,0.1713082194328308,0.7982631921768188,0.17142066359519958,0.8144955039024353,0.13940337300300598,0.8035370111465454,0.16318601369857788,0.8125082850456238,0.19203555583953857,0.8087006211280823,0.19877088069915771,0.8649843335151672,0.17446023225784302,0.8153242468833923,0.23900826275348663,0.8879092335700989,0.32477006316185,0.817767322063446,0.37225082516670227,0.8820076584815979,0.47993314266204834,0.8123239278793335,0.473982572555542,0.8809739947319031,0.5167521834373474,0.8099312782287598,0.5131465792655945,0.8769426345825195,0.5150651931762695,0.8118621706962585,0.511905312538147,0.8753069639205933,0.5047073364257812,0.8135002255439758,0.49334779381752014,0.8743487596511841,0.4651421010494232,0.8441623449325562,0.47124752402305603,0.8586843609809875,0.6501115560531616,0.8310718536376953,0.6473576426506042,0.8689716458320618,0.8485369086265564,0.8332016468048096,0.833224892616272,0.8779614567756653,0.8767290115356445,0.8417841196060181,0.8593769669532776,0.8526507019996643,0.9322470426559448,0.8018115758895874,0.8870307207107544,0
0.8016809225082397,0.1869068145751953,0.8005724549293518,0.16690775752067566,0.8022328615188599,0.16266191005706787,0.8039450645446777,0.15637829899787903,0.7979825139045715,0.17248868942260742,0.7977558374404907,0.172643780708313,0.7975824475288391,0.17266273498535156,0.8141233921051025,0.1402471959590912,0.8039652705192566,0.16360801458358765,0.8111310005187988,0.1888173520565033,0.8074070811271667,0.19552069902420044,0.8635796904563904,0.17741146683692932,0.8163381814956665,0.24257129430770874,0.8851633667945862,0.3136868476867676,0.8200598359107971,0.37517470121383667,0.8840553164482117,0.4669419229030609,0.8198366165161133,0.4940475821495056,0.8847728967666626,0.5084514617919922,0.816268265247345,0.531990110874176,0.878229558467865,0.5104990601539612,0.8180468082427979,0.5291707515716553,0.8760247230529785,0.5023921132087708,0.8220376372337341,0.512195885181427,0.8737838864326477,0.4502519369125366,0.8443269729614258,0.45989641547203064,0.8620900511741638,0.6481614112854004,0.8379518985748291,0.649197518825531,0.8754658699035645,0.8701682090759277,0.8401078581809998,0.823318600654602,0.883402943611145,0.8956784009933472,0.8554728627204895,0.848732590675354,0.8551029562950134,0.9532012939453125,0.8146757483482361,0.8777084350585938,0
0.8007132411003113,0.19552847743034363,0.7996169328689575,0.17437094449996948,0.8010662794113159,0.16903647780418396,0.8027883768081665,0.16389432549476624,0.7968058586120605,0.18120184540748596,0.7964155077934265,0.18179184198379517,0.7960892915725708,0.18212777376174927,0.812457799911499,0.14630088210105896,0.8015389442443848,0.17375817894935608,0.8103463649749756,0.19629636406898499,0.8062742948532104,0.204556405544281,0.8621228933334351,0.17648068070411682,0.8165742754936218,0.24957945942878723,0.886054277420044,0.30555111169815063,0.8237321972846985,0.36637574434280396,0.882594883441925,0.47525686025619507,0.8295078873634338,0.49728256464004517,0.8854141235351562,0.5125625133514404,0.8272070288658142,0.5239011645317078,0.8787637948989868,0.5147572159767151,0.8278571367263794,0.5218009352684021,0.8766703009605408,0.5009551048278809,0.8297858238220215,0.5158568620681763,0.8811154365539551,0.45894885063171387,0.8522372245788574,0.4675644338130951,0.8590706586837769,0.6598868370056152,0.8382046818733215,0.6500627994537354,0.8736246824264526,0.8778715133666992,0.8423681855201721,0.8343928456306458,0.8812656402587891,0.916552722454071,0.8536230325698853,0.8627371788024902,0.8496459126472473,0.9815025329589844,0.8107600212097168,0.8951444625854492,0
0.7994341850280762,0.21014264225959778,0.797594428062439,0.1888238489627838,0.7989500164985657,0.18470221757888794,0.8006691932678223,0.17942193150520325,0.7956922054290771,0.1946392059326172,0.7954453825950623,0.19449889659881592,0.7953321933746338,0.19383463263511658,0.8111181855201721,0.15866178274154663,0.8011828064918518,0.182323157787323,0.8084737062454224,0.20882382988929749,0.8054132461547852,0.21664217114448547,0.8586123585700989,0.185834139585495,0.8208432197570801,0.2579129934310913,0.8821885585784912,0.3173944354057312,0.8314369320869446,0.38257861137390137,0.878429651260376,0.48550134897232056,0.8350149393081665,0.5098243355751038,0.8783342242240906,0.5256843566894531,0.8334819674491882,0.5495903491973877,0.8707771301269531,0.5302601456642151,0.8335480690002441,0.5382837653160095,0.8687319159507751,0.518511950969696,0.8367419242858887,0.5275420546531677,0.8915218710899353,0.44791489839553833,0.8620518445968628,0.4629870057106018,0.8553943037986755,0.6558807492256165,0.8359353542327881,0.6459246277809143,0.8745287656784058,0.8732556700706482,0.8495051264762878,0.8338160514831543,0.8850128650665283,0.8922424912452698,0.8629948496818542,0.8563223481178284,0.8495029211044312,0.9731453657150269,0.8154478669166565,0.9021614789962769,0
0.7982057332992554,0.21684271097183228,0.7963820099830627,0.19661357998847961,0.7976871728897095,0.19167441129684448,0.7991193532943726,0.18533259630203247,0.7945811152458191,0.2026175856590271,0.7944071292877197,0.20262223482131958,0.7943601012229919,0.20209670066833496,0.8089455962181091,0.1621011197566986,0.8005262613296509,0.18718823790550232,0.8071978092193604,0.21633845567703247,0.8042612075805664,0.22404274344444275,0.8592926263809204,0.18982461094856262,0.818998396396637,0.2636570334434509,0.8866069316864014,0.32630807161331177,0.8311972618103027,0.3873249590396881,0.8804692625999451,0.4880104064941406,0.8364099264144897,0.508090078830719,0.8836584091186523,0.523128092288971,0.8370400667190552,0.5476070642471313,0.8758754730224609,0.5195406079292297,0.8387609720230103,0.5423286557197571,0.8746424317359924,0.5147758722305298,0.8406692743301392,0.5286267399787903,0.890328586101532,0.45852169394493103,0.8619757890701294,0.47106829285621643,0.8533757328987122,0.6542230844497681,0.8390872478485107,0.6481273174285889,0.8636085391044617,0.8802846670150757,0.8578952550888062,0.8446537256240845,0.8737350702285767,0.9011262655258179,0.8724417686462402,0.8707536458969116,0.8368353843688965,0.9777513742446899,0.8306339979171753,0.9056309461593628,0
0.8006336688995361,0.22294263541698456,0.7980468273162842,0.20159652829170227,0.7997128367424011,0.1965356171131134,0.8010388016700745,0.1894194781780243,0.7958588004112244,0.20767635107040405,0.7954142689704895,0.20821957290172577,0.7952225208282471,0.2081226110458374,0.8105692267417908,0.17124101519584656,0.8010352849960327,0.19726046919822693,0.809809148311615,0.22374345362186432,0.8062047958374023,0.2324923872947693,0.8578464388847351,0.19080662727355957,0.8172361254692078,0.27178025245666504,0.8951500058174133,0.3051649332046509,0.8360583782196045,0.38883674144744873,0.8907549381256104,0.46029818058013916,0.839250922203064,0.5328243374824524,0.8932721018791199,0.4807245433330536,0.8361449241638184,0.5756257772445679,0.8850744962692261,0.4928964674472809,0.8407758474349976,0.573867917060852,0.88332599401474,0.4746747314929962,0.8434308171272278,0.5565795302391052,0.894034743309021,0.4489770233631134,0.865217924118042,0.46643003821372986,0.8573908805847168,0.6465032696723938,0.8489124178886414,0.6557943224906921,0.8673017024993896,0.8589897155761719,0.8642610907554626,0.8483457565307617,0.8806993365287781,0.881557047367096,0.8763260245323181,0.8699340224266052,0.8385485410690308,0.934888482093811,0.8435990214347839,0.9307864308357239,0
0.7986721992492676,0.2294130027294159,0.7957392930984497,0.2062256932258606,0.7971993684768677,0.20137570798397064,0.7987377047538757,0.1959395408630371,0.7935697436332703,0.21257491409778595,0.7933920621871948,0.2126801609992981,0.7928773760795593,0.21313069760799408,0.8084738850593567,0.17585429549217224,0.7987067699432373,0.20129428803920746,0.8070862293243408,0.2263922542333603,0.803364634513855,0.23648479580879211,0.8570494651794434,0.1975206732749939,0.8171535730361938,0.27772337198257446,0.8912394642829895,0.3228260576725006,0.8398116230964661,0.3896132707595825,0.884393572807312,0.4807376563549042,0.850188672542572,0.5326939225196838,0.8865859508514404,0.5158094763755798,0.851597249507904,0.5778530836105347,0.8796733617782593,0.5224475860595703,0.8530946969985962,0.5749537348747253,0.8765919804573059,0.511773407459259,0.8550095558166504,0.5569459795951843,0.8977659344673157,0.4366993308067322,0.8690320253372192,0.4642047882080078,0.8579578995704651,0.6373846530914307,0.8485104441642761,0.643922746181488,0.8708056807518005,0.8534813523292542,0.8665034770965576,0.8463923931121826,0.8843329548835754,0.8591535091400146,0.8766801357269287,0.8722031116485596,0.8423289656639099,0.929234504699707,0.8481491208076477,0.9354276657104492,0
0.7954934239387512,0.23782779276371002,0.793060302734375,0.21996894478797913,0.7941169142723083,0.21648190915584564,0.7955493330955505,0.2118539810180664,0.7918764352798462,0.22374406456947327,0.7920141816139221,0.22325696051120758,0.7921584844589233,0.2225261777639389,0.8057043552398682,0.19090941548347473,0.7990206480026245,0.21117547154426575,0.8050518035888672,0.23938527703285217,0.8028779029846191,0.2440045028924942,0.8550243973731995,0.20644597709178925,0.8220023512840271,0.27350908517837524,0.8874014019966125,0.3422386348247528,0.8446357250213623,0.3870691657066345,0.8826521635055542,0.4923516809940338,0.8563360571861267,0.5242595076560974,0.8850250840187073,0.5332933068275452,0.8585759401321411,0.5654802322387695,0.8791471719741821,0.5342382192611694,0.8590279817581177,0.5636026859283447,0.8764255046844482,0.5236188173294067,0.8603596687316895,0.5471546649932861,0.9002448320388794,0.429702490568161,0.8758914470672607,0.4556608200073242,0.8572843670845032,0.6331260204315186,0.8488445281982422,0.6334556341171265,0.8719796538352966,0.840743899345398,0.8666430115699768,0.8346182703971863,0.8835145235061646,0.8614816665649414,0.8751384615898132,0.857282280921936,0.8453723788261414,0.9115495681762695,0.8404637575149536,0.8906013369560242,0
0.7906323075294495,0.25860100984573364,0.7899491190910339,0.22950220108032227,0.7913581728935242,0.22686389088630676,0.7927645444869995,0.2243681102991104,0.7874969840049744,0.23125702142715454,0.7875218391418457,0.22964490950107574,0.7876055836677551,0.22789376974105835,0.8027610182762146,0.20943519473075867,0.7951521873474121,0.2156897634267807,0.8016020059585571,0.26187407970428467,0.7979757785797119,0.2656756639480591,0.846198558807373,0.24336624145507812,0.8223282098770142,0.2887272238731384,0.8838839530944824,0.33457499742507935,0.8448194265365601,0.39962977170944214,0.8824813961982727,0.5084003806114197,0.8565590381622314,0.5603403449058533,0.8869937658309937,0.5498499870300293,0.8572684526443481,0.6066583395004272,0.8804998993873596,0.5640847682952881,0.8600539565086365,0.6082024574279785,0.8786556720733643,0.5449182987213135,0.862036943435669,0.5890152454376221,0.9133243560791016,0.3720252811908722,0.8914332985877991,0.38875725865364075,0.8747325539588928,0.5887841582298279,0.8555401563644409,0.5872805714607239,0.8652323484420776,0.8324173092842102,0.8630416393280029,0.8496639132499695,0.8747304081916809,0.8700752258300781,0.8728885650634766,0.8786172866821289,0.8334687352180481,0.9074478149414062,0.8330246210098267,0.9022509455680847,0
0.7925534248352051,0.25436294078826904,0.7897018194198608,0.23511257767677307,0.7906878590583801,0.23186542093753815,0.7916586995124817,0.22866660356521606,0.78874671459198,0.23693978786468506,0.7888255715370178,0.2356463074684143,0.788935661315918,0.23404312133789062,0.8018218278884888,0.2102217674255371,0.7963548302650452,0.2204442322254181,0.8011326193809509,0.2584286630153656,0.7998966574668884,0.26192837953567505,0.8453531861305237,0.23287545144557953,0.8285323977470398,0.2671849727630615,0.8870299458503723,0.33736929297447205,0.8665062189102173,0.3695507347583771,0.8878162503242493,0.49954333901405334,0.8781205415725708,0.48721209168434143,0.8900450468063354,0.5375996828079224,0.8812360763549805,0.5212136507034302,0.8851917386054993,0.5438091158866882,0.8795900344848633,0.5248183012008667,0.8836868405342102,0.5301145911216736,0.880039632320404,0.5108969807624817,0.9065289497375488,0.43618977069854736,0.8915855884552002,0.4528520405292511,0.8565129041671753,0.6426660418510437,0.8492406606674194,0.6261067390441895,0.8729231953620911,0.8723064661026001,0.8665505051612854,0.8499587774276733,0.8849495649337769,0.8974369764328003,0.8785182237625122,0.8786317110061646,0.852291464805603,0.9736589193344116,0.8416149616241455,0.9076836109161377,0
0.7927666306495667,0.26309728622436523,0.7901859283447266,0.24194593727588654,0.7912583947181702,0.23907315731048584,0.792725145816803,0.23510050773620605,0.7888094782829285,0.24419330060482025,0.7888327240943909,0.24308989942073822,0.7889073491096497,0.2417093962430954,0.8037286996841431,0.2163718193769455,0.7965457439422607,0.23019680380821228,0.8023417592048645,0.26752060651779175,0.8007250428199768,0.27230751514434814,0.8474074006080627,0.23406004905700684,0.8246923685073853,0.2829768657684326,0.8886330127716064,0.34049519896507263,0.8583306670188904,0.386711061000824,0.8902161717414856,0.5119243264198303,0.8717053532600403,0.5201238393783569,0.8923164010047913,0.5496638417243958,0.8738144636154175,0.5610386729240417,0.8863009214401245,0.5546370148658752,0.8727138042449951,0.5644170641899109,0.8853172659873962,0.5397393703460693,0.8737558126449585,0.5478512644767761,0.9097782373428345,0.4461534023284912,0.8911224603652954,0.46180468797683716,0.8578736186027527,0.6437079310417175,0.8522469401359558,0.6358959674835205,0.8815562129020691,0.8859453797340393,0.8697609901428223,0.8626292943954468,0.8935084342956543,0.909485399723053,0.8807783126831055,0.8961116075515747,0.8585174083709717,0.9829728603363037,0.8426227569580078,0.9201260805130005,0
0.7951847314834595,0.2756328582763672,0.7917747497558594,0.2545135021209717,0.7928507328033447,0.2507948875427246,0.7938213348388672,0.24737422168254852,0.7908409237861633,0.2560110092163086,0.7909181118011475,0.25445011258125305,0.7910110354423523,0.252641499042511,0.8032429218292236,0.22845639288425446,0.7980464100837708,0.23724128305912018,0.8036580681800842,0.27685457468032837,0.801811695098877,0.28012293577194214,0.8441818952560425,0.24984809756278992,0.8264187574386597,0.2782406806945801,0.8882061243057251,0.3565426468849182,0.8623295426368713,0.38204681873321533,0.8928205370903015,0.5175922513008118,0.8767647743225098,0.5157086849212646,0.8963146805763245,0.5525623559951782,0.8820933103561401,0.5569034218788147,0.8898698091506958,0.55759197473526,0.8814428448677063,0.5611779689788818,0.8895466923713684,0.5467259883880615,0.8819313645362854,0.545690655708313,0.9123951196670532,0.45054012537002563,0.8970695734024048,0.4605526328086853,0.8578625917434692,0.6471816897392273,0.852581799030304,0.6356799006462097,0.877098023891449,0.8828891515731812,0.8703219294548035,0.8528525829315186,0.8857011198997498,0.9068769812583923,0.8814738392829895,0.8891721963882446,0.8525600433349609,0.9698423147201538,0.8438810110092163,0.9099500775337219,0
0.7946473360061646,0.28761354088783264,0.7916983366012573,0.26805341243743896,0.7925413846969604,0.2649538516998291,0.793723464012146,0.26067864894866943,0.7907927632331848,0.27025389671325684,0.7909274697303772,0.26890337467193604,0.7911182641983032,0.2671734690666199,0.803895890712738,0.23955368995666504,0.7980754375457764,0.2525726556777954,0.8043417930603027,0.2887021601200104,0.8027490973472595,0.293006956577301,0.8478865027427673,0.251687616109848,0.8276664614677429,0.2965267598628998,0.8877582550048828,0.36050087213516235,0.8632054924964905,0.40883496403694153,0.8924764394760132,0.5296135544776917,0.8743382692337036,0.5457727909088135,0.8954062461853027,0.5627029538154602,0.8770937919616699,0.5864355564117432,0.8903385400772095,0.5719245076179504,0.8767034411430359,0.589057207107544,0.8892313241958618,0.5567319393157959,0.8771959543228149,0.5724579691886902,0.9142349362373352,0.4642654061317444,0.8968381881713867,0.47826850414276123,0.8586661219596863,0.6430879235267639,0.8528968095779419,0.6379324197769165,0.8788620233535767,0.8784900903701782,0.8706105947494507,0.8662504553794861,0.8860204219818115,0.8949795961380005,0.8788636922836304,0.8901636600494385,0.8462417125701904,0.943852424621582,0.8434662222862244,0.9272489547729492,0
0.7955350279808044,0.29579809308052063,0.7923943400382996,0.2748062312602997,0.7929229736328125,0.2722982168197632,0.7935020327568054,0.26972952485084534,0.7923607230186462,0.2768711447715759,0.792747437953949,0.2757260799407959,0.7931716442108154,0.27443423867225647,0.8035548329353333,0.25109943747520447,0.8009790778160095,0.2600448727607727,0.8035047650337219,0.2987467050552368,0.803291380405426,0.30092182755470276,0.8447709083557129,0.2620111405849457,0.8324425220489502,0.30359727144241333,0.8843192458152771,0.3797198534011841,0.8632819652557373,0.41750457882881165,0.8950146436691284,0.5367783308029175,0.8775584697723389,0.5540544986724854,0.8986561894416809,0.5692039132118225,0.8796802759170532,0.5944886803627014,0.8939350843429565,0.5761057138442993,0.8785281777381897,0.5985018014907837,0.8904475569725037,0.568230152130127,0.8790397047996521,0.5823788642883301,0.9095655083656311,0.4693429470062256,0.8987624049186707,0.48714762926101685,0.8562775254249573,0.6467710137367249,0.854930579662323,0.6463639736175537,0.8707340359687805,0.8771169185638428,0.8678601384162903,0.8593792915344238,0.8885047435760498,0.9095048904418945,0.8800718784332275,0.8884751200675964,0.8531467914581299,0.9653812646865845,0.8405454158782959,0.9217346906661987,0
0.7969825863838196,0.30968528985977173,0.7941082119941711,0.287520170211792,0.7948517799377441,0.2842874228954315,0.7958288788795471,0.27962273359298706,0.7932858467102051,0.2902803122997284,0.7934926152229309,0.2889041304588318,0.7937494516372681,0.28725746273994446,0.8050190210342407,0.2621358633041382,0.8007948398590088,0.27284714579582214,0.8056038022041321,0.30968236923217773,0.8054274320602417,0.31496375799179077,0.8485220670700073,0.26164478063583374,0.8325552344322205,0.30563658475875854,0.8885436058044434,0.3786763548851013,0.8696190714836121,0.42172694206237793,0.8977381587028503,0.5401057004928589,0.882470965385437,0.5653603672981262,0.9045427441596985,0.5756121277809143,0.8853451013565063,0.6087868213653564,0.899450421333313,0.5823551416397095,0.884402334690094,0.6116904020309448,0.8960338234901428,0.5730137228965759,0.8846713900566101,0.5949416160583496,0.911354124546051,0.4758378565311432,0.8925207853317261,0.49262553453445435,0.8580639958381653,0.6511677503585815,0.8522354960441589,0.6395575404167175,0.8724289536476135,0.8713619709014893,0.8712784051895142,0.8434361219406128,0.8863137364387512,0.9102843999862671,0.8811779618263245,0.8677279949188232,0.8424220085144043,0.9401110410690308,0.8394396305084229,0.9047347903251648,0
0.7967521548271179,0.31966423988342285,0.793750524520874,0.29846781492233276,0.7944048047065735,0.29534250497817993,0.7950234413146973,0.2922641336917877,0.7932990789413452,0.30032074451446533,0.7936184406280518,0.29855042695999146,0.7939425110816956,0.29652005434036255,0.8033143877983093,0.2736595869064331,0.8006760478019714,0.28237849473953247,0.8060694932937622,0.320350706577301,0.805392324924469,0.3229743540287018,0.8453800082206726,0.28417107462882996,0.8332705497741699,0.31371432542800903,0.8888813257217407,0.38928353786468506,0.8706498146057129,0.41982942819595337,0.8986281156539917,0.5545451641082764,0.8777719140052795,0.5705018043518066,0.9024826288223267,0.5851085186004639,0.8787914514541626,0.6138075590133667,0.8963088989257812,0.5893065929412842,0.8778306245803833,0.6184945702552795,0.8941729068756104,0.5838814973831177,0.8788518309593201,0.601716935634613,0.9145621061325073,0.4881591200828552,0.9024617075920105,0.5000357031822205,0.8556368350982666,0.648979127407074,0.8538259863853455,0.6457825899124146,0.8702702522277832,0.8802134990692139,0.8691097497940063,0.8568497896194458,0.8806470632553101,0.9092877507209778,0.8760152459144592,0.8867608904838562,0.8368600010871887,0.9297431111335754,0.8379301428794861,0.9060624241828918,0
0.7977662086486816,0.3324412703514099,0.7940660715103149,0.30822092294692993,0.7948166728019714,0.3054797649383545,0.7958301901817322,0.30192333459854126,0.7934004068374634,0.3100423812866211,0.7936760187149048,0.3084847927093506,0.7939881086349487,0.30669718980789185,0.8049755096435547,0.28691989183425903,0.8021126985549927,0.2925034761428833,0.8067638874053955,0.3323856592178345,0.8061164021492004,0.33561915159225464,0.8448529839515686,0.29389336705207825,0.8339089751243591,0.3299083113670349,0.889837384223938,0.39777079224586487,0.8714033961296082,0.4368433952331543,0.901617169380188,0.5560429096221924,0.8806466460227966,0.5857997536659241,0.9055711030960083,0.5879356265068054,0.8822456002235413,0.6281846761703491,0.8996959328651428,0.5931272506713867,0.8817893266677856,0.6331934928894043,0.8974336981773376,0.5872081518173218,0.8824449181556702,0.6165392994880676,0.9156917333602905,0.49595504999160767,0.9032846689224243,0.5089008808135986,0.8554821610450745,0.6538574695587158,0.8520862460136414,0.6467081308364868,0.8724246621131897,0.8744833469390869,0.8707109689712524,0.8590313196182251,0.8853703141212463,0.9030892848968506,0.8810324668884277,0.8801184892654419,0.8412817716598511,0.9364153742790222,0.8413135409355164,0.9115076065063477,0
0.798966646194458,0.33745935559272766,0.7961342930793762,0.3147967755794525,0.7969895601272583,0.3121258020401001,0.7974148988723755,0.30849432945251465,0.7952013611793518,0.31665897369384766,0.7954791784286499,0.31502169370651245,0.7960444688796997,0.3124745488166809,0.8058098554611206,0.2946762442588806,0.803621768951416,0.29965782165527344,0.8074140548706055,0.3358224630355835,0.8077357411384583,0.3405240774154663,0.8447733521461487,0.3034680187702179,0.8333387970924377,0.3333244323730469,0.8893128037452698,0.4021333158016205,0.8734851479530334,0.4401971399784088,0.9017033576965332,0.5563605427742004,0.88492751121521,0.5678443312644958,0.9071691632270813,0.5898633599281311,0.8874276876449585,0.6173279285430908,0.9017102122306824,0.5962844491004944,0.8865714073181152,0.6224375367164612,0.8995084166526794,0.5836623907089233,0.8867124915122986,0.6068028807640076,0.9161450862884521,0.4922149181365967,0.9032250046730042,0.5065410733222961,0.8568776249885559,0.6569161415100098,0.8552029132843018,0.6479055881500244,0.8761112093925476,0.8909487724304199,0.8727386593818665,0.86336350440979,0.8869839310646057,0.9209192395210266,0.8808850646018982,0.8879222273826599,0.852939248085022,0.9648905396461487,0.8416079878807068,0.9096642136573792,0
0.7994981408119202,0.34690529108047485,0.7956568002700806,0.3264496922492981,0.7967032790184021,0.32325220108032227,0.79769366979599,0.3203887939453125,0.7949153184890747,0.3269827961921692,0.795258641242981,0.32534027099609375,0.795865535736084,0.32248246669769287,0.8072753548622131,0.29908597469329834,0.8036394715309143,0.30759668350219727,0.8094532489776611,0.34999537467956543,0.8085907697677612,0.35201865434646606,0.8475401997566223,0.3128284811973572,0.8371221423149109,0.3446303904056549,0.8906810879707336,0.425670325756073,0.8703568577766418,0.4553353786468506,0.9040812849998474,0.5691468715667725,0.8801624774932861,0.601317286491394,0.9089441895484924,0.6027005910873413,0.8819761872291565,0.6407749056816101,0.9040481448173523,0.6097501516342163,0.8820062279701233,0.6464320421218872,0.9007759690284729,0.6024729609489441,0.8824617266654968,0.6306179761886597,0.9197521805763245,0.486520916223526,0.9084160923957825,0.5036224722862244,0.8569687008857727,0.6427314281463623,0.8558214902877808,0.6437817811965942,0.8744848370552063,0.8767169117927551,0.8715862035751343,0.8631190061569214,0.8854144215583801,0.9054762125015259,0.8814096450805664,0.8994174599647522,0.844548225402832,0.9198938012123108,0.8448139429092407,0.9114747047424316,0
0.7978635430335999,0.34724438190460205,0.7959954142570496,0.3268513083457947,0.7969849109649658,0.3246791362762451,0.797993540763855,0.32259058952331543,0.7951339483261108,0.3278096318244934,0.7955263257026672,0.3263081908226013,0.7959880828857422,0.3246992826461792,0.8081742525100708,0.30462175607681274,0.8038568496704102,0.31329047679901123,0.8081619739532471,0.34929293394088745,0.807045042514801,0.3514114320278168,0.847280740737915,0.3172031044960022,0.837715744972229,0.3542092740535736,0.8914679884910583,0.4192221164703369,0.8733871579170227,0.4600948393344879,0.903498649597168,0.5674911141395569,0.881199300289154,0.5965795516967773,0.9073748588562012,0.6008760929107666,0.8828535676002502,0.6351711750030518,0.9013534188270569,0.607536792755127,0.882148265838623,0.6397452354431152,0.8996379375457764,0.6004156470298767,0.8826727271080017,0.6241636276245117,0.9192280769348145,0.4957321882247925,0.9071446657180786,0.5154955387115479,0.8574719429016113,0.6496772766113281,0.8573510646820068,0.6464201211929321,0.8810491561889648,0.8792861700057983,0.8764213919639587,0.8706237077713013,0.8872700929641724,0.9076437950134277,0.8857337236404419,0.9008140563964844,0.8491958379745483,0.9368695020675659,0.8464884161949158,0.9198440313339233,0
0.8033897280693054,0.35977160930633545,0.8002931475639343,0.3399161100387573,0.801115870475769,0.3375547528266907,0.8023668527603149,0.33375099301338196,0.7994426488876343,0.34088510274887085,0.7997028827667236,0.3391648828983307,0.7999861240386963,0.33738312125205994,0.810518205165863,0.3169509470462799,0.8075302839279175,0.3224284052848816,0.8132810592651367,0.359849750995636,0.8119711875915527,0.36171233654022217,0.8492631912231445,0.32499945163726807,0.8384760618209839,0.3567848205566406,0.892591118812561,0.4264880418777466,0.8793375492095947,0.45479854941368103,0.9043616652488708,0.5784528851509094,0.8864666819572449,0.5833548307418823,0.9094682931900024,0.6122839450836182,0.8906396627426147,0.6208254098892212,0.9029420614242554,0.6176818013191223,0.8915495872497559,0.6233986020088196,0.8998827338218689,0.6087307929992676,0.8902073502540588,0.6166315078735352,0.9191155433654785,0.5053661465644836,0.9064205288887024,0.5184930562973022,0.8561875224113464,0.6478006839752197,0.8535020351409912,0.6437770128250122,0.878131091594696,0.8793800473213196,0.8722865581512451,0.8618602752685547,0.8884053826332092,0.9055130481719971,0.8816989064216614,0.8899881839752197,0.857574999332428,0.9494311809539795,0.845523476600647,0.9049550294876099,0
0.8051400780677795,0.36711424589157104,0.8030271530151367,0.3455590605735779,0.8039473295211792,0.34353533387184143,0.8047158718109131,0.3416523039340973,0.8017716407775879,0.34598568081855774,0.8018882870674133,0.3441898822784424,0.8019919991493225,0.3423001766204834,0.813116192817688,0.3268408179283142,0.8096619248390198,0.32753676176071167,0.8156598806381226,0.3678092956542969,0.8140076994895935,0.36948162317276,0.8511753082275391,0.3460988998413086,0.8412750959396362,0.3625553250312805,0.8963679671287537,0.4500231444835663,0.877359926700592,0.46632498502731323,0.905995786190033,0.5962614417076111,0.8822627067565918,0.6088948249816895,0.9105738401412964,0.627405047416687,0.8823859095573425,0.6482275724411011,0.9030195474624634,0.6314883828163147,0.8822470903396606,0.6552039980888367,0.9014726877212524,0.6262519955635071,0.8835597038269043,0.639656662940979,0.921356737613678,0.5165778994560242,0.9069772362709045,0.5243852138519287,0.8547662496566772,0.6424802541732788,0.8517758846282959,0.6349834203720093,0.8802006244659424,0.8618437051773071,0.8765050768852234,0.8431553840637207,0.8909366130828857,0.8845129013061523,0.8851035833358765,0.8717561960220337,0.8612369298934937,0.9362291693687439,0.851733386516571,0.8984708786010742,0
0.8093893527984619,0.37779688835144043,0.8056197166442871,0.3591548502445221,0.8061027526855469,0.35688623785972595,0.8075067400932312,0.35234934091567993,0.8049940466880798,0.3603628873825073,0.8050330877304077,0.3588569760322571,0.8050203323364258,0.35696256160736084,0.8146442174911499,0.3345244526863098,0.8118627667427063,0.3406367003917694,0.8176406025886536,0.37794607877731323,0.8166003227233887,0.379830002784729,0.8551880121231079,0.34615808725357056,0.8422371745109558,0.37573814392089844,0.8968693614006042,0.44884052872657776,0.8823555111885071,0.4724270701408386,0.9060631394386292,0.5967897772789001,0.8845123648643494,0.6124911904335022,0.9118609428405762,0.6313452124595642,0.8833558559417725,0.6517581939697266,0.9036060571670532,0.6378723978996277,0.8827894330024719,0.6579857468605042,0.9030831456184387,0.6272056102752686,0.8845334053039551,0.6426902413368225,0.9180001020431519,0.5278376340866089,0.9045299887657166,0.5306757688522339,0.855562686920166,0.6500704884529114,0.8558545112609863,0.6459004282951355,0.8776834011077881,0.8592027425765991,0.8719965219497681,0.8352988958358765,0.8912123441696167,0.8773709535598755,0.8842507004737854,0.8627891540527344,0.860447347164154,0.9303091764450073,0.8489997982978821,0.8920106291770935,0
0.8092641234397888,0.3766780495643616,0.8053172826766968,0.3538142144680023,0.8060601949691772,0.3518260717391968,0.8067657351493835,0.34995490312576294,0.8044429421424866,0.35474157333374023,0.8045763969421387,0.35329192876815796,0.804707407951355,0.351693332195282,0.8164882659912109,0.33629047870635986,0.8116338849067688,0.3410548269748688,0.8171385526657104,0.3780854642391205,0.8158202767372131,0.3801562786102295,0.8569948673248291,0.3538517355918884,0.8419932723045349,0.37408876419067383,0.9015007019042969,0.45008113980293274,0.8793155550956726,0.4787300229072571,0.906955361366272,0.6086750030517578,0.8802245855331421,0.6207592487335205,0.9111508727073669,0.6456966996192932,0.8789724111557007,0.6615476608276367,0.9041305780410767,0.6472088694572449,0.8785672783851624,0.6672475337982178,0.9011273980140686,0.6365094184875488,0.8804593682289124,0.6514559984207153,0.9202207922935486,0.5393357276916504,0.9038233757019043,0.5451176762580872,0.8552558422088623,0.6627468466758728,0.854465126991272,0.6502649784088135,0.8833122849464417,0.8506726026535034,0.8785122036933899,0.8368996977806091,0.895246684551239,0.8665573596954346,0.8893068432807922,0.8573347330093384,0.8636645674705505,0.9282540082931519,0.8613141775131226,0.9124902486801147,0
0.8089073896408081,0.3823074698448181,0.8073475956916809,0.3619396984577179,0.8082877993583679,0.36037230491638184,0.8090837001800537,0.3589221239089966,0.8061429858207703,0.3616738021373749,0.8062800765037537,0.3598545491695404,0.8063733577728271,0.35799020528793335,0.8174369931221008,0.3466733694076538,0.8145847320556641,0.34543347358703613,0.8179016709327698,0.3850082755088806,0.8163293600082397,0.3865853548049927,0.8500136733055115,0.37365686893463135,0.8475713729858398,0.37205421924591064,0.8973992466926575,0.4734140932559967,0.888570249080658,0.4800754189491272,0.9064176678657532,0.6264946460723877,0.8938973546028137,0.6082795858383179,0.908014178276062,0.6607620716094971,0.8918587565422058,0.6563259959220886,0.9011731147766113,0.663964569568634,0.8906692862510681,0.6644682288169861,0.9007877111434937,0.6544044017791748,0.8919690847396851,0.6502120494842529,0.9225133061408997,0.5457592606544495,0.9148052334785461,0.5429983139038086,0.8545131087303162,0.6621837019920349,0.8544808030128479,0.656385064125061,0.8751340508460999,0.8612369298934937,0.8724133968353271,0.8422650694847107,0.8853164315223694,0.884192705154419,0.8820176720619202,0.8684332370758057,0.8556423783302307,0.927314043045044,0.8465871214866638,0.888683557510376,0
0.8105795383453369,0.39816027879714966,0.8073577880859375,0.38097625970840454,0.807745099067688,0.3792852759361267,0.8081214427947998,0.37747693061828613,0.8070003390312195,0.380809485912323,0.8071100115776062,0.3789113163948059,0.8071825504302979,0.37674999237060547,0.8162738084793091,0.3607966899871826,0.814197301864624,0.3580337464809418,0.8189680576324463,0.4005209803581238,0.8181250691413879,0.4004566967487335,0.8543082475662231,0.3865475356578827,0.850308895111084,0.37157192826271057,0.899286150932312,0.495761901140213,0.8942952156066895,0.4793643355369568,0.9074697494506836,0.6415838003158569,0.8954359292984009,0.6210334300994873,0.9068813920021057,0.6744120717048645,0.894122838973999,0.6580943465232849,0.9006268382072449,0.6744480133056641,0.8924189209938049,0.6659371852874756,0.898521900177002,0.6655334234237671,0.8938995599746704,0.651764452457428,0.9209327697753906,0.5684826374053955,0.9120075702667236,0.5558245778083801,0.8554021716117859,0.6783835887908936,0.8538109064102173,0.6570234894752502,0.8743059635162354,0.87912517786026,0.8726899027824402,0.8386210203170776,0.8842187523841858,0.901599645614624,0.8830830454826355,0.8629696369171143,0.8548897504806519,0.9470007419586182,0.8461620211601257,0.8843041062355042,0
0.8093783259391785,0.39552396535873413,0.8071464896202087,0.37569791078567505,0.8078364133834839,0.3733309805393219,0.8085636496543884,0.3708944022655487,0.8060779571533203,0.3774389922618866,0.8068811297416687,0.37449371814727783,0.8072031736373901,0.37226927280426025,0.8179382681846619,0.35629165172576904,0.8142096400260925,0.35814812779426575,0.8178620934486389,0.3978448510169983,0.8167166113853455,0.3990030884742737,0.8582712411880493,0.3826490640640259,0.8480314016342163,0.38735514879226685,0.8991281986236572,0.4941348731517792,0.8903559446334839,0.4934108257293701,0.9065096378326416,0.6457371115684509,0.8910576105117798,0.626851499080658,0.9067318439483643,0.6829650402069092,0.8895651698112488,0.6637557148933411,0.8993306756019592,0.6810120940208435,0.8883165121078491,0.6688442826271057,0.8972325921058655,0.6719328761100769,0.8898829817771912,0.6549698114395142,0.9189085364341736,0.5792686939239502,0.9091881513595581,0.5732671022415161,0.8549312949180603,0.6880398392677307,0.8498184084892273,0.6636770963668823,0.8748453855514526,0.869273841381073,0.8730528950691223,0.8353949785232544,0.8856081366539001,0.8835391998291016,0.8838136196136475,0.8558381795883179,0.851504385471344,0.9233386516571045,0.8498965501785278,0.881263256072998,0
0.8130669593811035,0.4034098982810974,0.8113114833831787,0.3819270133972168,0.8124030232429504,0.3771480321884155,0.8133686780929565,0.3742791414260864,0.8104552626609802,0.38261282444000244,0.8106376528739929,0.38082942366600037,0.810550332069397,0.37706059217453003,0.8234374523162842,0.3586633503437042,0.8194168210029602,0.3606555461883545,0.8221645951271057,0.40568381547927856,0.8211331963539124,0.4075659513473511,0.8673593997955322,0.38461580872535706,0.8520490527153015,0.3902699053287506,0.9072115421295166,0.5129799246788025,0.888235330581665,0.5081785321235657,0.9084385633468628,0.6683327555656433,0.8894752860069275,0.6370206475257874,0.9076437950134277,0.6979977488517761,0.888563334941864,0.673248291015625,0.9009494185447693,0.6987740397453308,0.8869284391403198,0.6760573387145996,0.8998053669929504,0.690839409828186,0.8885591626167297,0.6630389094352722,0.9162713289260864,0.596758246421814,0.9046294689178467,0.5858114361763,0.8548751473426819,0.6936477422714233,0.8511700630187988,0.6641121506690979,0.8765171766281128,0.8783339262008667,0.8798849582672119,0.8345832228660583,0.8868854641914368,0.8928602337837219,0.8912135362625122,0.8539907932281494,0.8597231507301331,0.9474350214004517,0.8535081744194031,0.8927823901176453,0
0.8177706599235535,0.41301867365837097,0.8148242235183716,0.38844358921051025,0.8165968656539917,0.3855642080307007,0.8174324631690979,0.3835248649120331,0.8143045902252197,0.3886201083660126,0.8145189881324768,0.38697829842567444,0.8146915435791016,0.3851310908794403,0.8263494968414307,0.37016427516937256,0.8238223195075989,0.36831122636795044,0.8269497156143188,0.41309958696365356,0.8258894681930542,0.4136259853839874,0.867283284664154,0.3918665647506714,0.8534756302833557,0.4020681381225586,0.909379243850708,0.5352553725242615,0.893065869808197,0.5318484306335449,0.908577024936676,0.6807292103767395,0.8890237808227539,0.6706057786941528,0.9077718257904053,0.7132367491722107,0.8862664699554443,0.7077731490135193,0.9001897573471069,0.7155459523200989,0.8837757706642151,0.7118614912033081,0.899037778377533,0.7049962282180786,0.8864063620567322,0.6981329321861267,0.9190855026245117,0.613163948059082,0.9068161845207214,0.6046355366706848,0.8534989953041077,0.7023979425430298,0.8499159216880798,0.6711330413818359,0.8849758505821228,0.8952577710151672,0.8831175565719604,0.839537501335144,0.896616518497467,0.9076659083366394,0.8938804864883423,0.856388509273529,0.8729671835899353,0.9747673869132996,0.8600831031799316,0.8877686858177185,0
0.8184115290641785,0.4147506654262543,0.8174055218696594,0.39409464597702026,0.8187040090560913,0.3920361399650574,0.8193509578704834,0.3863218426704407,0.8152852654457092,0.39456310868263245,0.8154950141906738,0.39256080985069275,0.8157688975334167,0.390464186668396,0.8291805386543274,0.3746384084224701,0.8245660066604614,0.3740573525428772,0.8285795450210571,0.41919824481010437,0.8270153999328613,0.4195137619972229,0.8722816109657288,0.39574140310287476,0.8532568216323853,0.4134598970413208,0.9098294377326965,0.5386397242546082,0.8812209963798523,0.5459279417991638,0.9082762002944946,0.6977722644805908,0.8818957209587097,0.6742603778839111,0.907713770866394,0.7289242744445801,0.8809245824813843,0.7129610180854797,0.8978197574615479,0.7278816103935242,0.8804392218589783,0.7129184603691101,0.8994743227958679,0.7152552604675293,0.8822858333587646,0.6998103260993958,0.9205789566040039,0.6231105327606201,0.9021933674812317,0.6132981777191162,0.8566550612449646,0.7096191048622131,0.8472375869750977,0.6686819791793823,0.8790863752365112,0.8706651329994202,0.8795884847640991,0.8275026679039001,0.8927700519561768,0.879817008972168,0.8930425643920898,0.8446938991546631,0.8667823076248169,0.9419589638710022,0.8553819060325623,0.8821314573287964,0
0.8203827142715454,0.4124550223350525,0.8191142678260803,0.393435001373291,0.8201588988304138,0.392228901386261,0.821260392665863,0.3911319971084595,0.8182755708694458,0.3929157257080078,0.8187506198883057,0.39134031534194946,0.8193362951278687,0.3897113502025604,0.8320585489273071,0.3807511031627655,0.8283076286315918,0.3786618709564209,0.8293161392211914,0.41980689764022827,0.8283095359802246,0.41959619522094727,0.8713119029998779,0.41881972551345825,0.8612404465675354,0.4154391586780548,0.9095022082328796,0.5670009851455688,0.8983396887779236,0.5554680228233337,0.9103325009346008,0.7177519798278809,0.892828106880188,0.6890958547592163,0.9076670408248901,0.7536717653274536,0.8900614976882935,0.7249629497528076,0.901418924331665,0.752640962600708,0.8876241445541382,0.7288272976875305,0.9018917083740234,0.7387670278549194,0.8902612328529358,0.7157018780708313,0.924613356590271,0.640437662601471,0.9112353324890137,0.6248636841773987,0.853815495967865,0.7060033679008484,0.8499240875244141,0.6693401336669922,0.8875336647033691,0.8827667236328125,0.8856470584869385,0.8494616746902466,0.9000207185745239,0.8926884531974792,0.897855281829834,0.867825984954834,0.8682199120521545,0.9497246742248535,0.8722222447395325,0.9226680397987366,0
0.8234351873397827,0.41899996995925903,0.8215417861938477,0.398773729801178,0.8225001096725464,0.39335963129997253,0.8235579133033752,0.3916105329990387,0.8206861019134521,0.3983251750469208,0.8209320902824402,0.39666005969047546,0.8212343454360962,0.39489874243736267,0.832545816898346,0.38271304965019226,0.8300078511238098,0.37997332215309143,0.8308150768280029,0.42305195331573486,0.8300771117210388,0.4251669645309448,0.8740313649177551,0.4285159111022949,0.8624992370605469,0.4249498248100281,0.9117164015769958,0.5697399377822876,0.8997064232826233,0.5546972751617432,0.9175145626068115,0.7174323201179504,0.8977718949317932,0.6745603680610657,0.9153832197189331,0.743445098400116,0.8962439298629761,0.7065386772155762,0.9087671637535095,0.7459636926651001,0.8936759829521179,0.7099707126617432,0.9081246256828308,0.7358494997024536,0.8959307670593262,0.6987549066543579,0.926371157169342,0.6491203904151917,0.9152785539627075,0.6302173733711243,0.8519164323806763,0.6998346447944641,0.8489755392074585,0.6672950387001038,0.8813810348510742,0.8885769248008728,0.8802106976509094,0.8440126776695251,0.8932311534881592,0.8995278477668762,0.8921912312507629,0.8626768589019775,0.8683559894561768,0.9637073278427124,0.8651706576347351,0.9161757230758667,0
0.8259106278419495,0.4163745641708374,0.8245019316673279,0.39412200450897217,0.8252915740013123,0.3934618830680847,0.826083242893219,0.39283743500709534,0.824155330657959,0.39180105924606323,0.8246817588806152,0.38966625928878784,0.8251884579658508,0.387626975774765,0.835293173789978,0.3867424726486206,0.8336933851242065,0.38141247630119324,0.8350951075553894,0.42742040753364563,0.834719181060791,0.42615246772766113,0.8722848892211914,0.43992501497268677,0.8652707934379578,0.42698413133621216,0.9129159450531006,0.603549063205719,0.9033798575401306,0.5520689487457275,0.9152504801750183,0.7308975458145142,0.897224485874176,0.6354113221168518,0.9110804200172424,0.7602289319038391,0.8948713541030884,0.6557756662368774,0.9021208882331848,0.7584474086761475,0.8906530141830444,0.6581097841262817,0.9044721722602844,0.7438127398490906,0.8928393721580505,0.6516302227973938,0.9238185882568359,0.6557188630104065,0.9150203466415405,0.6393811702728271,0.8566422462463379,0.7099148631095886,0.8513963222503662,0.668891191482544,0.8865743279457092,0.8928958177566528,0.8791375756263733,0.8482570648193359,0.898674726486206,0.9092978239059448,0.8965572118759155,0.8585111498832703,0.8686164021492004,0.9640530347824097,0.8555809259414673,0.8959622383117676,0
0.8293882608413696,0.423581600189209,0.8272650241851807,0.4013251066207886,0.8278951048851013,0.3999386727809906,0.8285430073738098,0.3985161781311035,0.8259360194206238,0.40166622400283813,0.8275601267814636,0.3982968032360077,0.8280234336853027,0.39611560106277466,0.8378371596336365,0.3885044753551483,0.8360677361488342,0.3861497640609741,0.8377578258514404,0.4326153099536896,0.8363654613494873,0.43376877903938293,0.8758066892623901,0.4380572736263275,0.8685815334320068,0.43429064750671387,0.9145633578300476,0.6021460294723511,0.9033102989196777,0.5641189217567444,0.9164226055145264,0.7377722859382629,0.9001556038856506,0.6551991701126099,0.9148679375648499,0.7719897627830505,0.8983127474784851,0.6781129240989685,0.9082217216491699,0.7697525024414062,0.8947897553443909,0.6801235675811768,0.907680332660675,0.7564685344696045,0.8968598246574402,0.6720687747001648,0.9237824082374573,0.6686351895332336,0.9141983985900879,0.6543911099433899,0.8524928689002991,0.7006051540374756,0.8485470414161682,0.6678416728973389,0.8843666315078735,0.890637218952179,0.8765992522239685,0.8420473337173462,0.8966025114059448,0.9060246348381042,0.8931326866149902,0.8491249680519104,0.8573825359344482,0.945540189743042,0.8561148047447205,0.8856006860733032,0
0.8338586688041687,0.4361597001552582,0.8332884311676025,0.41503825783729553,0.8337984085083008,0.413606733083725,0.8343002200126648,0.4122205972671509,0.8319211006164551,0.41551467776298523,0.8321998119354248,0.4136420786380768,0.8341222405433655,0.40994536876678467,0.842657744884491,0.39932605624198914,0.8410077095031738,0.39605745673179626,0.843266487121582,0.44448280334472656,0.8418575525283813,0.445667564868927,0.8831471800804138,0.4524070620536804,0.8733040690422058,0.44199255108833313,0.9222247004508972,0.618721067905426,0.9097179174423218,0.5605429410934448,0.9151591062545776,0.7390721440315247,0.9004644155502319,0.634653627872467,0.9141823649406433,0.7762302160263062,0.8969395756721497,0.6524101495742798,0.9070947766304016,0.7706310749053955,0.8925628066062927,0.6541936993598938,0.907101571559906,0.7573444247245789,0.8950161337852478,0.648158848285675,0.9268829822540283,0.6717730164527893,0.9177998900413513,0.6572223901748657,0.8597529530525208,0.706987738609314,0.8521050810813904,0.6693611741065979,0.8857945203781128,0.890752911567688,0.8784545660018921,0.8456039428710938,0.896214485168457,0.9074889421463013,0.8945915699005127,0.8559929132461548,0.8686338663101196,0.9617106914520264,0.8587138652801514,0.8814800977706909,0
0.8362722992897034,0.43297651410102844,0.8352750539779663,0.41271302103996277,0.8355668187141418,0.4089624583721161,0.8362699747085571,0.4080916941165924,0.8349745273590088,0.4114578664302826,0.8354999423027039,0.4097311198711395,0.8356021642684937,0.4053375720977783,0.8464524745941162,0.40257129073143005,0.8437642455101013,0.39976048469543457,0.8446654081344604,0.44224387407302856,0.8447055816650391,0.4450570046901703,0.8852319121360779,0.4564364552497864,0.8739330172538757,0.4463805854320526,0.9197038412094116,0.60121089220047,0.9086713790893555,0.5811921954154968,0.9171916842460632,0.7436069250106812,0.9014230370521545,0.6742463707923889,0.9163023233413696,0.7730278372764587,0.8983778953552246,0.6974784135818481,0.9096283316612244,0.7696041464805603,0.8949530720710754,0.6995834708213806,0.909389317035675,0.757072925567627,0.8972518444061279,0.691399872303009,0.9288133382797241,0.6776954531669617,0.9192730784416199,0.6646573543548584,0.8560053110122681,0.6992334723472595,0.8508313298225403,0.6734407544136047,0.8895331025123596,0.8900229930877686,0.8793148994445801,0.8384608626365662,0.9014884233474731,0.9059959053993225,0.8973415493965149,0.8529722690582275,0.862448513507843,0.938307523727417,0.8592344522476196,0.8783168196678162,0
0.8388928174972534,0.4369647204875946,0.8385313749313354,0.41259855031967163,0.8392842411994934,0.411367267370224,0.8399654626846313,0.41005459427833557,0.8370643854141235,0.41342198848724365,0.837395966053009,0.4119683504104614,0.8376188278198242,0.4103526473045349,0.8496792316436768,0.40315085649490356,0.8467380404472351,0.4026142954826355,0.8472365140914917,0.44386783242225647,0.8458021879196167,0.4444844722747803,0.8884533643722534,0.4573145806789398,0.8772438764572144,0.4599952697753906,0.9229944348335266,0.621795654296875,0.9075560569763184,0.5908350348472595,0.9102336168289185,0.7513657212257385,0.8948359489440918,0.6752151846885681,0.9098427891731262,0.7852995991706848,0.8903055787086487,0.6962982416152954,0.902296245098114,0.7812097072601318,0.8867809176445007,0.6981481909751892,0.9027451276779175,0.768449604511261,0.8897086977958679,0.6913549900054932,0.9328987002372742,0.6890208721160889,0.9191471934318542,0.6767231225967407,0.8595858216285706,0.7158405184745789,0.8513756394386292,0.6656191349029541,0.891157865524292,0.8879830837249756,0.881611704826355,0.831341028213501,0.9028589129447937,0.903528094291687,0.8990489840507507,0.8490926027297974,0.8624637722969055,0.9359480142593384,0.8607028722763062,0.8889259099960327,0
0.8424477577209473,0.43567731976509094,0.8427255153656006,0.41606104373931885,0.8437068462371826,0.4148603081703186,0.8448051810264587,0.4136398136615753,0.8418562412261963,0.41592806577682495,0.8422884345054626,0.41452014446258545,0.842750072479248,0.4130151569843292,0.85498046875,0.40587928891181946,0.8525301814079285,0.4039193093776703,0.8502885699272156,0.44775673747062683,0.84891676902771,0.447695791721344,0.8918849229812622,0.4681456685066223,0.8828302621841431,0.462446004152298,0.9245879650115967,0.6093183755874634,0.9083570837974548,0.6010876893997192,0.9239474534988403,0.7460833191871643,0.9021261930465698,0.7008911371231079,0.925744891166687,0.7808563113212585,0.8993490934371948,0.726243257522583,0.9197012186050415,0.7790302038192749,0.8971291184425354,0.7281581163406372,0.9186549782752991,0.7673335671424866,0.8990479707717896,0.7194074392318726,0.9330371022224426,0.7083189487457275,0.921481192111969,0.6927830576896667,0.8551174998283386,0.6737357378005981,0.8537676334381104,0.6601123213768005,0.884577751159668,0.8675239086151123,0.8808872699737549,0.825455367565155,0.9006959199905396,0.8985291123390198,0.89910489320755,0.8442186713218689,0.8637966513633728,0.9254169464111328,0.8631646037101746,0.8782463073730469,0
0.8449043035507202,0.4368470311164856,0.8456733822822571,0.41619086265563965,0.8470195531845093,0.4149015247821808,0.8486967086791992,0.41339561343193054,0.8444070219993591,0.4166628420352936,0.8447392582893372,0.41574567556381226,0.8451943397521973,0.4147227704524994,0.8595126271247864,0.4098384380340576,0.8546575307846069,0.4108249545097351,0.8526679277420044,0.44968658685684204,0.8506994843482971,0.44980916380882263,0.8979376554489136,0.4773901700973511,0.883470356464386,0.4704212546348572,0.9256450533866882,0.6412099599838257,0.9079155325889587,0.6131407022476196,0.9169883131980896,0.7547348141670227,0.8939419388771057,0.6976573467254639,0.917309582233429,0.785483717918396,0.8887259364128113,0.718870222568512,0.9111324548721313,0.7797045111656189,0.8860239386558533,0.7193223834037781,0.9111078381538391,0.7691564559936523,0.8890151977539062,0.7128213047981262,0.9349462389945984,0.7209556698799133,0.9226230978965759,0.7056493163108826,0.8581498265266418,0.6829679608345032,0.8551732301712036,0.6601574420928955,0.8945952653884888,0.8792638182640076,0.8824145197868347,0.8253216743469238,0.9071714878082275,0.9024175405502319,0.9009968638420105,0.8409872651100159,0.8686479926109314,0.9219119548797607,0.868937075138092,0.8665319085121155,0
0.8508371710777283,0.4425407350063324,0.8523961305618286,0.4222314953804016,0.8538786172866821,0.4207298457622528,0.8556140661239624,0.41902729868888855,0.8506296277046204,0.4236975610256195,0.8508998155593872,0.4231100082397461,0.8512886166572571,0.4223968982696533,0.8671006560325623,0.4138411581516266,0.8601653575897217,0.4174755811691284,0.858967661857605,0.4534399211406708,0.8566404581069946,0.4548739194869995,0.9004376530647278,0.4803410470485687,0.8861895799636841,0.48048222064971924,0.9265308976173401,0.654761552810669,0.905412495136261,0.6146701574325562,0.9086435437202454,0.7510514855384827,0.8841758370399475,0.6865696310997009,0.907219409942627,0.7767164707183838,0.8763126134872437,0.7068650126457214,0.901067316532135,0.7674583792686462,0.8740090727806091,0.7053258419036865,0.9020273089408875,0.7590311765670776,0.87837153673172,0.7000582218170166,0.9384750127792358,0.7181873917579651,0.9257972836494446,0.7004749774932861,0.8632503151893616,0.6891167759895325,0.8559321761131287,0.6586109399795532,0.8873597383499146,0.8706676959991455,0.8810385465621948,0.8319683074951172,0.9004504680633545,0.897528886795044,0.8982605934143066,0.8542454838752747,0.8709907531738281,0.9342902898788452,0.8590317964553833,0.8731005191802979,0
0.8541111350059509,0.44018808007240295,0.8555395007133484,0.4198720455169678,0.8568354249000549,0.4187299311161041,0.8583751320838928,0.4173864424228668,0.8542972207069397,0.42054346203804016,0.8547152876853943,0.4197116792201996,0.8551990985870361,0.41871407628059387,0.8699352741241455,0.4132741391658783,0.8644230365753174,0.4143216609954834,0.8619421720504761,0.45227673649787903,0.8603680729866028,0.4532647132873535,0.9013383984565735,0.49150580167770386,0.8944611549377441,0.47579196095466614,0.9247246384620667,0.6696279644966125,0.9143694639205933,0.6173163652420044,0.9115808010101318,0.7598927617073059,0.8965175747871399,0.7001879811286926,0.9112668633460999,0.7835608720779419,0.8898805975914001,0.7222287058830261,0.9058551788330078,0.7732548117637634,0.8876680731773376,0.7218663692474365,0.9064940214157104,0.7651885151863098,0.8915376663208008,0.7158130407333374,0.945193886756897,0.7263142466545105,0.9350443482398987,0.7096481323242188,0.8660759925842285,0.6899505257606506,0.8593334555625916,0.6613848805427551,0.8897373080253601,0.8803188800811768,0.8866159915924072,0.8385646343231201,0.9055099487304688,0.9136614203453064,0.9056892395019531,0.8675798177719116,0.8766653537750244,0.9497994780540466,0.8779692649841309,0.89561527967453,0
0.8576818704605103,0.43216875195503235,0.8600039482116699,0.4127959907054901,0.8612037301063538,0.41234761476516724,0.862494707107544,0.4119395315647125,0.858964741230011,0.4122655689716339,0.859484076499939,0.4112595319747925,0.8600590229034424,0.4102439880371094,0.8748687505722046,0.4117043912410736,0.8708451390266418,0.40817874670028687,0.8654909133911133,0.4484436810016632,0.863938570022583,0.44731420278549194,0.9058629274368286,0.49024325609207153,0.8962662816047668,0.4676852524280548,0.9294797778129578,0.6553406715393066,0.9170358777046204,0.611572265625,0.9219465255737305,0.7534120082855225,0.911873996257782,0.6947628855705261,0.9225057363510132,0.7855622172355652,0.9085924029350281,0.7176568508148193,0.9185503125190735,0.7777752876281738,0.9073094129562378,0.7166182994842529,0.9185675978660583,0.7699826955795288,0.909706175327301,0.7105309367179871,0.9426802396774292,0.7170597314834595,0.9317094087600708,0.700348436832428,0.867977499961853,0.6886758208274841,0.8617387413978577,0.6630395650863647,0.8895525336265564,0.8875413537025452,0.882317841053009,0.8469802737236023,0.9023425579071045,0.9212395548820496,0.90004563331604,0.8761767148971558,0.8745508193969727,0.9615478515625,0.8584960699081421,0.8922752737998962,0
0.8622094392776489,0.430910587310791,0.8645177483558655,0.4120766818523407,0.8656635284423828,0.4110913574695587,0.8672260642051697,0.4098563492298126,0.8636618852615356,0.41188371181488037,0.8641310930252075,0.41071227192878723,0.8646643161773682,0.409548282623291,0.8787109851837158,0.4077747166156769,0.8744399547576904,0.4062509834766388,0.8701914548873901,0.44564002752304077,0.8682514429092407,0.44517457485198975,0.9063243269920349,0.48787978291511536,0.8992075324058533,0.46496492624282837,0.9272676110267639,0.6501807570457458,0.9177268147468567,0.6138817667961121,0.911635160446167,0.7480578422546387,0.9043616056442261,0.679009199142456,0.9107235670089722,0.7691443562507629,0.8991219401359558,0.6955864429473877,0.9072310924530029,0.7593869566917419,0.8966116905212402,0.693922758102417,0.9082319140434265,0.7521828413009644,0.8996843695640564,0.6901389360427856,0.9424096345901489,0.7216523289680481,0.9300895929336548,0.6944855451583862,0.8697199821472168,0.6949944496154785,0.8624404668807983,0.6556224822998047,0.8947557806968689,0.8941376805305481,0.8852260112762451,0.8317824006080627,0.9061121344566345,0.9165906310081482,0.9030050039291382,0.8635996580123901,0.876116931438446,0.9542816877365112,0.8630998134613037,0.8704469203948975,0
0.8666268587112427,0.43078869581222534,0.868983268737793,0.4119117558002472,0.8705219030380249,0.4108182191848755,0.8721520900726318,0.4099214971065521,0.8677420616149902,0.41182029247283936,0.8681005239486694,0.4109465777873993,0.8685883283615112,0.41007089614868164,0.8849822878837585,0.4075784683227539,0.8781410455703735,0.4086468517780304,0.8742802143096924,0.4469550549983978,0.8720704913139343,0.44629350304603577,0.9124801754951477,0.49015000462532043,0.9005691409111023,0.47472846508026123,0.929695725440979,0.6599142551422119,0.9168310761451721,0.6229259967803955,0.9095340371131897,0.7516721487045288,0.8997101783752441,0.6921365261077881,0.9074433445930481,0.7729333639144897,0.8931549787521362,0.7102461457252502,0.9037342071533203,0.7621897459030151,0.8909614682197571,0.7086794972419739,0.9051372408866882,0.7554734945297241,0.894699215888977,0.704797089099884,0.948072612285614,0.7295780777931213,0.9322773218154907,0.7108849287033081,0.8725351095199585,0.6773171424865723,0.8665382266044617,0.6552694439888,0.8878158926963806,0.8757311105728149,0.8848807215690613,0.8380057215690613,0.9021676182746887,0.9174362421035767,0.9021676182746887,0.8696285486221313,0.8702545762062073,0.9486798048019409,0.8610196113586426,0.8747534155845642,0
0.8713576793670654,0.42845961451530457,0.8738094568252563,0.4085627496242523,0.8755247592926025,0.4076218605041504,0.8773502707481384,0.4068305492401123,0.872273325920105,0.40844035148620605,0.8725447058677673,0.40769901871681213,0.8724155426025391,0.4074815809726715,0.8913674354553223,0.40468671917915344,0.883040189743042,0.4055391848087311,0.8785690665245056,0.4465980529785156,0.8760099411010742,0.44620221853256226,0.9223332405090332,0.5003217458724976,0.90610271692276,0.4860723912715912,0.9377431869506836,0.6854717135429382,0.92414790391922,0.6358751058578491,0.9151548147201538,0.7597367167472839,0.9042278528213501,0.703481912612915,0.9121458530426025,0.7788459062576294,0.8965791463851929,0.7222504615783691,0.9077790379524231,0.765872597694397,0.8946364521980286,0.7197707891464233,0.9094393849372864,0.7602651715278625,0.899090051651001,0.7159424424171448,0.9473732113838196,0.7467629909515381,0.9350643754005432,0.7062076330184937,0.8707728385925293,0.6781478524208069,0.8683590292930603,0.6491038203239441,0.8858000040054321,0.8865534663200378,0.8853029608726501,0.8451536893844604,0.8960201740264893,0.9133948087692261,0.8944358825683594,0.878523588180542,0.8655647039413452,0.9391001462936401,0.8593769073486328,0.8760126829147339,0
0.8765850067138672,0.4252553880214691,0.8795362710952759,0.40641653537750244,0.881060779094696,0.4059599041938782,0.8828752636909485,0.40539824962615967,0.8777377605438232,0.4061487317085266,0.8778806328773499,0.40545204281806946,0.8776436448097229,0.4051957428455353,0.8960718512535095,0.4061741828918457,0.8877841830253601,0.40619274973869324,0.8827592134475708,0.44585898518562317,0.8803049325942993,0.44586682319641113,0.92076176404953,0.4968704879283905,0.9084762334823608,0.4893256425857544,0.9356670379638672,0.6833435297012329,0.9244192838668823,0.6329261064529419,0.9048048257827759,0.7488378286361694,0.905798614025116,0.7081633806228638,0.8988600969314575,0.7673445343971252,0.8986991047859192,0.72929847240448,0.8949452042579651,0.7525067329406738,0.8969911932945251,0.7274857759475708,0.8980175256729126,0.7472571730613708,0.9014538526535034,0.7230455875396729,0.9503281116485596,0.7500098347663879,0.9360916614532471,0.7157393097877502,0.8741600513458252,0.7043439745903015,0.8698769211769104,0.6546977162361145,0.8835312128067017,0.881134569644928,0.8809815645217896,0.8545281291007996,0.8939890265464783,0.9265806674957275,0.8936896920204163,0.886387050151825,0.8595051765441895,0.9464090466499329,0.8519189357757568,0.8753780126571655,0
0.8791274428367615,0.42407339811325073,0.8818268179893494,0.4049467146396637,0.8831446170806885,0.40459632873535156,0.8847463130950928,0.40418046712875366,0.8802950978279114,0.40466758608818054,0.8804990649223328,0.40402621030807495,0.8807469606399536,0.40336352586746216,0.8981142044067383,0.40557894110679626,0.889149010181427,0.40544599294662476,0.8851935267448425,0.44138357043266296,0.8830183744430542,0.44037774205207825,0.9246134161949158,0.4947764277458191,0.9079497456550598,0.4751468300819397,0.9355859160423279,0.6827776432037354,0.9175829887390137,0.6187640428543091,0.9125528931617737,0.7525739669799805,0.8977828025817871,0.6887391805648804,0.9089009761810303,0.7716254591941833,0.8899505138397217,0.7070841193199158,0.9054242372512817,0.7580465078353882,0.8887182474136353,0.7056891322135925,0.9074301719665527,0.7523927688598633,0.8930515646934509,0.7028586864471436,0.9422257542610168,0.7261132597923279,0.9294158816337585,0.7029226422309875,0.8766292929649353,0.6781646609306335,0.8703975677490234,0.6429471969604492,0.8797297477722168,0.879467248916626,0.8773894309997559,0.8308356404304504,0.8871157765388489,0.9082933068275452,0.8852687478065491,0.866737425327301,0.8535642027854919,0.9270771741867065,0.8456078767776489,0.8558311462402344,0
0.8839954733848572,0.4250021278858185,0.8868985772132874,0.4050474464893341,0.8886153697967529,0.4043910503387451,0.890623927116394,0.40361982583999634,0.8848551511764526,0.4054950475692749,0.8846377730369568,0.4052944779396057,0.8847564458847046,0.40488559007644653,0.9040456414222717,0.40575602650642395,0.8924852609634399,0.4072570502758026,0.8899639248847961,0.4393543004989624,0.8870089054107666,0.43864721059799194,0.928998589515686,0.4947073757648468,0.9097040891647339,0.4791390299797058,0.9484291076660156,0.6692128777503967,0.9155309796333313,0.611923098564148,0.9313849806785583,0.7643519043922424,0.8953503966331482,0.6948976516723633,0.9333512187004089,0.7972283363342285,0.8867749571800232,0.7190659642219543,0.9279134273529053,0.7870465517044067,0.8867049217224121,0.7179012298583984,0.9283739328384399,0.7799250483512878,0.8915022611618042,0.7134982347488403,0.949088454246521,0.7321276068687439,0.931240439414978,0.7028704285621643,0.8810814619064331,0.7047187685966492,0.869990348815918,0.6463603377342224,0.8749898076057434,0.8845463991165161,0.8750021457672119,0.8386169075965881,0.8809013962745667,0.912682831287384,0.8825299143791199,0.8757100701332092,0.8470775485038757,0.8976162672042847,0.8439533114433289,0.8591548204421997,0
0.8869106769561768,0.4181987941265106,0.8900941014289856,0.3999885618686676,0.891863226890564,0.4000464379787445,0.8940744996070862,0.39996904134750366,0.8878450393676758,0.39935562014579773,0.887854278087616,0.39900094270706177,0.8878937363624573,0.3988184332847595,0.9074380993843079,0.40262570977211,0.8966096639633179,0.4033301770687103,0.8932579755783081,0.4368961751461029,0.8901265263557434,0.43610134720802307,0.9332517385482788,0.49522700905799866,0.9131771326065063,0.4765799343585968,0.9439723491668701,0.6752440929412842,0.9235912561416626,0.6215078234672546,0.9265308380126953,0.7750311493873596,0.9072766900062561,0.7036402821540833,0.9249249696731567,0.8005707859992981,0.900116503238678,0.7286691069602966,0.9205780029296875,0.7886874675750732,0.8998605608940125,0.7261996865272522,0.9216764569282532,0.7816838026046753,0.904254674911499,0.7212085127830505,0.9525574445724487,0.7513273358345032,0.9354153275489807,0.7178739905357361,0.8819876909255981,0.6993275880813599,0.8710459470748901,0.6518601775169373,0.8731961250305176,0.8913650512695312,0.8721289038658142,0.8549942970275879,0.8790006637573242,0.9209117889404297,0.8793159127235413,0.8937273621559143,0.8471594452857971,0.9322388768196106,0.8433777689933777,0.8667175769805908,0
0.8908100724220276,0.4133892357349396,0.8949441909790039,0.3965701162815094,0.8968513011932373,0.3966091573238373,0.8990095257759094,0.39650943875312805,0.8925169706344604,0.3959098756313324,0.8925018906593323,0.3954474925994873,0.8925231695175171,0.39490270614624023,0.9123232364654541,0.4027549922466278,0.9011660814285278,0.3996122181415558,0.8966121673583984,0.43363550305366516,0.8933095932006836,0.4314883053302765,0.9355396628379822,0.49872419238090515,0.9151279330253601,0.47119683027267456,0.9518099427223206,0.6692631840705872,0.9201059937477112,0.5311140418052673,0.9254844784736633,0.7490129470825195,0.9028834104537964,0.4913933575153351,0.9241114854812622,0.7834228873252869,0.8977982997894287,0.4830281138420105,0.9183239340782166,0.7674137949943542,0.8949150443077087,0.4746813476085663,0.919826865196228,0.7587606310844421,0.8972516059875488,0.4830423593521118,0.9546860456466675,0.7532420754432678,0.9361460208892822,0.7199411988258362,0.8860886693000793,0.7230882048606873,0.8685561418533325,0.6527742743492126,0.8684098720550537,0.8939614295959473,0.8690224885940552,0.8538212776184082,0.8729745149612427,0.9192167520523071,0.8753771781921387,0.8965233564376831,0.8373221158981323,0.91150963306427,0.8355943560600281,0.8775385022163391,0
0.8927987217903137,0.4070805311203003,0.896355152130127,0.39038825035095215,0.8981993198394775,0.38992732763290405,0.900166928768158,0.389581561088562,0.8944432139396667,0.39078712463378906,0.8945909738540649,0.39073631167411804,0.8948255181312561,0.390731543302536,0.9129312038421631,0.3950718939304352,0.9041392207145691,0.39459115266799927,0.898737907409668,0.42563095688819885,0.8960119485855103,0.42714908719062805,0.938319206237793,0.4949988126754761,0.9195476770401001,0.4808829128742218,0.9528756737709045,0.6776292324066162,0.9234938621520996,0.5909704566001892,0.9266003370285034,0.760653555393219,0.9017632007598877,0.6250069737434387,0.9217724204063416,0.7909289598464966,0.8941928744316101,0.634971559047699,0.91667240858078,0.7763300538063049,0.8920095562934875,0.6311492323875427,0.9187426567077637,0.7687223553657532,0.8957852721214294,0.6323286294937134,0.9529083371162415,0.7537758350372314,0.9371934533119202,0.7295981645584106,0.8815312385559082,0.6862754821777344,0.8715272545814514,0.6483097672462463,0.8742210268974304,0.8923494219779968,0.8715975880622864,0.8634840250015259,0.8809342980384827,0.9218966364860535,0.8788744807243347,0.9028908610343933,0.8435184955596924,0.9201362133026123,0.8407257199287415,0.8809637427330017,0
0.8958876132965088,0.40364912152290344,0.8996734023094177,0.3865799605846405,0.9013893604278564,0.3858644664287567,0.9034467339515686,0.385084867477417,0.8976144194602966,0.38752269744873047,0.8976837992668152,0.3872964382171631,0.8978725671768188,0.3870368003845215,0.9159382581710815,0.3903424143791199,0.9065700769424438,0.391208291053772,0.9012039303779602,0.4222058653831482,0.8983327150344849,0.4224218428134918,0.9422549605369568,0.49087056517601013,0.9193915724754333,0.4841073453426361,0.954119861125946,0.6676225662231445,0.9237135052680969,0.6149840354919434,0.9273877739906311,0.76847904920578,0.8982921838760376,0.6950608491897583,0.9212579727172852,0.796934962272644,0.8885829448699951,0.7174096703529358,0.9155080318450928,0.7847565412521362,0.8879404067993164,0.7169678807258606,0.9178298115730286,0.777080774307251,0.8928624987602234,0.7138242721557617,0.9519180655479431,0.7559919357299805,0.9338013529777527,0.7237485647201538,0.8779638409614563,0.6860193014144897,0.87126225233078,0.6480180025100708,0.8676773905754089,0.8911648988723755,0.8666685819625854,0.8575888276100159,0.8753050565719604,0.9221246242523193,0.8749833106994629,0.9001157879829407,0.834083080291748,0.9127716422080994,0.832485556602478,0.8827657699584961,0
0.8964521288871765,0.3967175781726837,0.9009000658988953,0.3803342580795288,0.9030821919441223,0.3804754614830017,0.9057353138923645,0.38029003143310547,0.8982194066047668,0.3791731595993042,0.8981119394302368,0.37882864475250244,0.8982805609703064,0.37835389375686646,0.9181117415428162,0.38719525933265686,0.9077898859977722,0.3850683569908142,0.9027175307273865,0.4182809591293335,0.8991088271141052,0.4171021580696106,0.9432092905044556,0.49664050340652466,0.921247661113739,0.48155733942985535,0.9539644122123718,0.6633557081222534,0.9178123474121094,0.5312151908874512,0.9292845129966736,0.7779362201690674,0.896462082862854,0.500526487827301,0.9270187616348267,0.8119685053825378,0.8905526995658875,0.49456608295440674,0.9198203682899475,0.7980419993400574,0.8878571391105652,0.4862903952598572,0.9213348627090454,0.7865308523178101,0.8901014924049377,0.4942289888858795,0.9687814116477966,0.786884605884552,0.953479528427124,0.7554985880851746,0.9037512540817261,0.7693316340446472,0.8707759380340576,0.6656428575515747,0.8731587529182434,0.9076246023178101,0.8754895925521851,0.8754733204841614,0.8769213557243347,0.9295977354049683,0.8839420676231384,0.9091391563415527,0.8402436971664429,0.915259838104248,0.8392810225486755,0.8980529308319092,0
0.8991057276725769,0.392078161239624,0.9044733643531799,0.3737533688545227,0.9070007801055908,0.3744133710861206,0.909673810005188,0.3748323321342468,0.9009050130844116,0.37208977341651917,0.9007648229598999,0.3717384934425354,0.9008163213729858,0.3714446425437927,0.9209234714508057,0.38333308696746826,0.9104440808296204,0.3805277943611145,0.9057128429412842,0.4136708974838257,0.9010485410690308,0.4117075502872467,0.9437730312347412,0.49223580956459045,0.9220717549324036,0.46555644273757935,0.9579182267189026,0.6692765951156616,0.9243584871292114,0.537096381187439,0.9321678280830383,0.7850201725959778,0.8969759941101074,0.5104888081550598,0.9244484901428223,0.8095454573631287,0.8886293768882751,0.5050721764564514,0.9229118227958679,0.8030506372451782,0.8856236338615417,0.49652764201164246,0.9218159317970276,0.7897616028785706,0.8889052271842957,0.5048650503158569,0.968512773513794,0.7796549201011658,0.9487720727920532,0.7420466542243958,0.8823081851005554,0.7393717765808105,0.8692647218704224,0.6689300537109375,0.8727810382843018,0.8893575668334961,0.8721225261688232,0.8731851577758789,0.8753979206085205,0.9482324123382568,0.8796019554138184,0.9179693460464478,0.8361179828643799,0.9225439429283142,0.8360345363616943,0.9054344296455383,0
0.8998842239379883,0.38668206334114075,0.9054300785064697,0.36826223134994507,0.9078564047813416,0.36923882365226746,0.9104921817779541,0.3700723350048065,0.9027312397956848,0.3664141893386841,0.9028973579406738,0.3662568926811218,0.9032675623893738,0.36616939306259155,0.9223803877830505,0.38092297315597534,0.9141387939453125,0.37780261039733887,0.9056040644645691,0.4108250141143799,0.9021757245063782,0.4093286097049713,0.946323037147522,0.4920976758003235,0.9260808825492859,0.4906351566314697,0.9595480561256409,0.6641629934310913,0.9308335185050964,0.6339765787124634,0.9273107051849365,0.7850762605667114,0.9022142291069031,0.7182689905166626,0.9233037829399109,0.8204534649848938,0.8926131725311279,0.7415607571601868,0.9163541197776794,0.8069829940795898,0.8910197019577026,0.7392861247062683,0.9188878536224365,0.7966445088386536,0.895897626876831,0.7351387143135071,0.9696473479270935,0.7942416071891785,0.9505358338356018,0.7767853736877441,0.8857653737068176,0.7098959684371948,0.8706913590431213,0.6679672002792358,0.8699846267700195,0.9059205055236816,0.8707180023193359,0.8894737362861633,0.8760181069374084,0.9335342645645142,0.8790469169616699,0.9255258440971375,0.834639310836792,0.9068107604980469,0.8377706408500671,0.9007536172866821,0
0.9030083417892456,0.3868711590766907,0.9094715118408203,0.3687915503978729,0.9118436574935913,0.37009066343307495,0.9143465757369995,0.37113329768180847,0.9064115881919861,0.3663739562034607,0.90655517578125,0.3661217987537384,0.9068970084190369,0.3660076856613159,0.9251894354820251,0.38351017236709595,0.9173884987831116,0.3791261911392212,0.9087372422218323,0.41010168194770813,0.9050155878067017,0.4084475040435791,0.946815550327301,0.49262410402297974,0.9298284649848938,0.4910198450088501,0.9622145295143127,0.6664091348648071,0.9323220252990723,0.64374178647995,0.9301546216011047,0.794887900352478,0.9009675979614258,0.7325999140739441,0.9252128005027771,0.8270653486251831,0.8908489942550659,0.7555553317070007,0.9183395504951477,0.8127655982971191,0.888917863368988,0.7533544301986694,0.92117840051651,0.8024402260780334,0.894106924533844,0.7494258880615234,0.9712198972702026,0.798681914806366,0.958234965801239,0.7730512022972107,0.881604015827179,0.7027176022529602,0.8710824847221375,0.6653791666030884,0.8737694025039673,0.9178446531295776,0.8744571208953857,0.8982906341552734,0.8818166851997375,0.9468281865119934,0.882335364818573,0.9361355304718018,0.8482897281646729,0.9552503824234009,0.841346025466919,0.9168522953987122,0
0.9055732488632202,0.39066576957702637,0.9116056561470032,0.373564213514328,0.9139280915260315,0.3742164373397827,0.9163665771484375,0.37481632828712463,0.9091178178787231,0.3717251121997833,0.9093722105026245,0.371065616607666,0.909846305847168,0.3703753650188446,0.9277395009994507,0.385191947221756,0.9199848175048828,0.3793112337589264,0.9108601808547974,0.41258493065834045,0.9074743390083313,0.4111388921737671,0.9489976763725281,0.49480369687080383,0.9277878403663635,0.4670388102531433,0.9661540985107422,0.6507318615913391,0.9240372776985168,0.48795047402381897,0.9362671375274658,0.776201069355011,0.9006549715995789,0.43966662883758545,0.9259487986564636,0.7993330359458923,0.894649863243103,0.4269792437553406,0.9195433259010315,0.7817021012306213,0.891457736492157,0.4204736053943634,0.919928789138794,0.7772786021232605,0.8935993313789368,0.431003212928772,0.9675254821777344,0.7624827027320862,0.955076277256012,0.7418969869613647,0.887269139289856,0.7239609956741333,0.8723449110984802,0.6575531959533691,0.863906741142273,0.8936493396759033,0.8664630651473999,0.866297721862793,0.8669296503067017,0.9202619194984436,0.8710789084434509,0.9036411643028259,0.8360643982887268,0.9029555320739746,0.8342533707618713,0.8864122629165649,0
