kp0_x,kp0_y,kp1_x,kp1_y,kp2_x,kp2_y,kp3_x,kp3_y,kp4_x,kp4_y,kp5_x,kp5_y,kp6_x,kp6_y,kp7_x,kp7_y,kp8_x,kp8_y,kp9_x,kp9_y,kp10_x,kp10_y,kp11_x,kp11_y,kp12_x,kp12_y,kp13_x,kp13_y,kp14_x,kp14_y,kp15_x,kp15_y,kp16_x,kp16_y,kp17_x,kp17_y,kp18_x,kp18_y,kp19_x,kp19_y,kp20_x,kp20_y,kp21_x,kp21_y,kp22_x,kp22_y,kp23_x,kp23_y,kp24_x,kp24_y,kp25_x,kp25_y,kp26_x,kp26_y,kp27_x,kp27_y,kp28_x,kp28_y,kp29_x,kp29_y,kp30_x,kp30_y,kp31_x,kp31_y,kp32_x,kp32_y,label
0.8793599009513855,0.4049857258796692,0.8825870752334595,0.3914047181606293,0.8846678137779236,0.3904496133327484,0.8865729570388794,0.38959991931915283,0.8770579099655151,0.392665833234787,0.8754648566246033,0.39233148097991943,0.8739486932754517,0.3917347192764282,0.8892413973808289,0.39282315969467163,0.8730936646461487,0.3933795094490051,0.8839127421379089,0.413746178150177,0.8772528171539307,0.41514497995376587,0.9066758155822754,0.4537261426448822,0.8593499064445496,0.4443794786930084,0.9169692993164062,0.5467139482498169,0.851993978023529,0.5374822616577148,0.916737973690033,0.6468220353126526,0.8502039313316345,0.6143093705177307,0.9185124635696411,0.6706997752189636,0.8488006591796875,0.6360160112380981,0.9145077466964722,0.667668342590332,0.8513155579566956,0.6353546977043152,0.9132911562919617,0.6593356132507324,0.8533989787101746,0.6295299530029297,0.8959155678749084,0.6143459677696228,0.8697168827056885,0.6126554012298584,0.8931143879890442,0.7608378529548645,0.8681741952896118,0.7375549674034119,0.8938531279563904,0.8946890234947205,0.8700234293937683,0.856846809387207,0.8925827741622925,0.9045268893241882,0.8720440864562988,0.8731467723846436,0.8907344937324524,0.9488269686698914,0.8640211224555969,0.9143698811531067,0
0.8753347396850586,0.40164682269096375,0.8782883882522583,0.38893938064575195,0.8805214166641235,0.388216495513916,0.8826842904090881,0.38754573464393616,0.8734214901924133,0.3900536596775055,0.8722230195999146,0.3900372087955475,0.8709772229194641,0.38981661200523376,0.8868321180343628,0.39176833629608154,0.8712225556373596,0.3933166265487671,0.8803135752677917,0.4120957553386688,0.873968243598938,0.41400590538978577,0.9052666425704956,0.4527830183506012,0.8596062064170837,0.44860702753067017,0.915859043598175,0.5388974547386169,0.8520827889442444,0.5367945432662964,0.9166271090507507,0.638191282749176,0.8495476841926575,0.6250901222229004,0.9182144403457642,0.6637076735496521,0.8468379974365234,0.6398459672927856,0.914602518081665,0.661693811416626,0.8500524759292603,0.6385590434074402,0.9129411578178406,0.6539325714111328,0.8509952425956726,0.6340348124504089,0.896173357963562,0.6149492859840393,0.8714954257011414,0.6154685616493225,0.8920644521713257,0.7555786967277527,0.8692924976348877,0.7406359910964966,0.8926467895507812,0.8860177397727966,0.8720629215240479,0.8640332818031311,0.8917982578277588,0.8996846675872803,0.874876081943512,0.8799946904182434,0.8931178450584412,0.941860020160675,0.8608033657073975,0.9094430208206177,0
0.8772960901260376,0.40870577096939087,0.8798312544822693,0.39459502696990967,0.8819169998168945,0.39296582341194153,0.8838804960250854,0.39149829745292664,0.8744019865989685,0.3975451588630676,0.872913122177124,0.39772745966911316,0.8714233040809631,0.3977288007736206,0.8870635628700256,0.3931989371776581,0.8709160089492798,0.39806365966796875,0.8822593688964844,0.4162875711917877,0.8757068514823914,0.4197706878185272,0.9057973623275757,0.4492653012275696,0.8590440154075623,0.44875842332839966,0.9163957834243774,0.5437394976615906,0.8509042263031006,0.5352248549461365,0.9171501994132996,0.6420485377311707,0.8497430682182312,0.6175284385681152,0.9185540080070496,0.6671251654624939,0.8486213088035583,0.6340566873550415,0.9153457283973694,0.6645017266273499,0.8508221507072449,0.6338512301445007,0.9140322208404541,0.6556373834609985,0.85242760181427,0.6285578012466431,0.8976943492889404,0.6216815710067749,0.870692253112793,0.6206743717193604,0.89506995677948,0.7549852132797241,0.870962917804718,0.7378984093666077,0.8933871984481812,0.8809890151023865,0.8714883923530579,0.8578652143478394,0.8920822739601135,0.8911656737327576,0.872372031211853,0.8713501691818237,0.8926078081130981,0.9353830814361572,0.8646972179412842,0.9025861024856567,0
0.8738134503364563,0.41041529178619385,0.876078724861145,0.3971121311187744,0.8781336545944214,0.3955243229866028,0.8801922798156738,0.39407438039779663,0.8713526129722595,0.3996533453464508,0.870133101940155,0.3997282087802887,0.8688784837722778,0.3996676504611969,0.8840529322624207,0.39573854207992554,0.8689649701118469,0.40028783679008484,0.8788557052612305,0.4181072413921356,0.8727317452430725,0.4209088981151581,0.9039781093597412,0.451089471578598,0.857914388179779,0.4494059681892395,0.9153029918670654,0.5401695370674133,0.8508540987968445,0.5353463888168335,0.9148992896080017,0.6399194002151489,0.8504537343978882,0.6086471676826477,0.916028618812561,0.6658617854118347,0.8486994504928589,0.6302732229232788,0.9124265909194946,0.6637123823165894,0.8511864542961121,0.6293065547943115,0.9113451242446899,0.6549978852272034,0.8522338271141052,0.6241201758384705,0.8962827324867249,0.6174664497375488,0.871056854724884,0.6171963810920715,0.8923067450523376,0.7546507120132446,0.8691340684890747,0.7396205067634583,0.8941711187362671,0.8833320140838623,0.8672149181365967,0.8520045280456543,0.8924532532691956,0.8991736173629761,0.8717435598373413,0.8688121438026428,0.8933641910552979,0.9358630776405334,0.8579913377761841,0.9001279473304749,0
0.8719937205314636,0.40667524933815,0.874443531036377,0.3936780095100403,0.8764055967330933,0.39238348603248596,0.8783249258995056,0.3912077844142914,0.8697637319564819,0.3963142931461334,0.8685210943222046,0.39669936895370483,0.8672366738319397,0.39694347977638245,0.8823046088218689,0.39422306418418884,0.8674485087394714,0.39965829253196716,0.8771277666091919,0.4152609705924988,0.8709595203399658,0.41864892840385437,0.902662992477417,0.45080193877220154,0.8576188683509827,0.45391136407852173,0.9149166345596313,0.5420480966567993,0.8499007225036621,0.5391897559165955,0.9136660099029541,0.6445843577384949,0.8494976758956909,0.6204559803009033,0.9147599935531616,0.6681229472160339,0.8481823205947876,0.6392566561698914,0.9109373688697815,0.6661579012870789,0.8502088785171509,0.6380705833435059,0.9094416499137878,0.6586137413978577,0.8517202734947205,0.6298420429229736,0.8957905769348145,0.6151109337806702,0.8709350228309631,0.6172322630882263,0.8919249773025513,0.7545584440231323,0.8687798976898193,0.739848792552948,0.8926745653152466,0.8864733576774597,0.8683241009712219,0.8623102903366089,0.8919357657432556,0.9010878801345825,0.872681736946106,0.8807605504989624,0.8928171396255493,0.9419347047805786,0.8570006489753723,0.906531035900116,0
0.8707661628723145,0.4060527980327606,0.8728711605072021,0.3936062753200531,0.8747158646583557,0.3921947777271271,0.8765276670455933,0.3909149765968323,0.8681899309158325,0.39654749631881714,0.866845965385437,0.3969936966896057,0.8654657006263733,0.39724525809288025,0.880039632320404,0.39370080828666687,0.8654370307922363,0.3993610739707947,0.8756526112556458,0.4134262204170227,0.8696615695953369,0.41752731800079346,0.9017033576965332,0.4482099115848541,0.8559377193450928,0.45692721009254456,0.9133415222167969,0.5397773385047913,0.8499699234962463,0.5434218049049377,0.9109570980072021,0.6409533023834229,0.849180281162262,0.6258233189582825,0.9109426736831665,0.6646090745925903,0.8479822874069214,0.6428139805793762,0.9072561264038086,0.6621204018592834,0.8500300049781799,0.6405879259109497,0.9062193036079407,0.6543434858322144,0.8517985939979553,0.6355480551719666,0.8953850865364075,0.6264651417732239,0.8706164956092834,0.6313446164131165,0.8923705220222473,0.7553261518478394,0.8707802891731262,0.7376440763473511,0.8944028615951538,0.8864458799362183,0.8674640655517578,0.85556960105896,0.8934275507926941,0.9016635417938232,0.8712403178215027,0.8715505003929138,0.8918249607086182,0.9439117908477783,0.8588346838951111,0.905584990978241,0
0.8685085773468018,0.4082699120044708,0.8706624507904053,0.3948153853416443,0.8728293776512146,0.3935428857803345,0.8749497532844543,0.39203116297721863,0.8655905723571777,0.39756855368614197,0.8642610907554626,0.3980616331100464,0.8629109263420105,0.39835554361343384,0.8787298202514648,0.3957304060459137,0.8631414771080017,0.40211740136146545,0.8740344047546387,0.41645628213882446,0.8674494624137878,0.42035961151123047,0.9004285931587219,0.45057496428489685,0.8530516624450684,0.459598571062088,0.9126337170600891,0.5453741550445557,0.8480542302131653,0.5490044355392456,0.9085724949836731,0.6432375907897949,0.8490811586380005,0.6241137981414795,0.9088040590286255,0.66562819480896,0.8481242656707764,0.6400958299636841,0.9040594100952148,0.6618344783782959,0.8509966135025024,0.6392424702644348,0.9033085703849792,0.6537474393844604,0.8520243167877197,0.6350313425064087,0.8926815986633301,0.6309182047843933,0.8684232234954834,0.6307622194290161,0.890842854976654,0.7585679292678833,0.8680265545845032,0.7358473539352417,0.8950117826461792,0.8910085558891296,0.8639791011810303,0.8545387387275696,0.8935007452964783,0.9057409763336182,0.868721067905426,0.8719679713249207,0.8928393721580505,0.951901912689209,0.8535253405570984,0.9102199673652649,0
0.865515410900116,0.4195886254310608,0.8673151731491089,0.4035436809062958,0.8694485425949097,0.4015752971172333,0.8715535402297974,0.39975154399871826,0.8624506592750549,0.4075284004211426,0.8611739277839661,0.40815478563308716,0.859942615032196,0.40854763984680176,0.8755748271942139,0.39997100830078125,0.8601547479629517,0.4085303544998169,0.8710966110229492,0.4277258515357971,0.8645538687705994,0.4313785135746002,0.8980479836463928,0.45248526334762573,0.8522117733955383,0.46418997645378113,0.9119066596031189,0.5453797578811646,0.846910297870636,0.5476920008659363,0.9072865843772888,0.6481311321258545,0.8490697741508484,0.6306064128875732,0.9071979522705078,0.6675630807876587,0.8492730855941772,0.6476597785949707,0.9029272794723511,0.6642479300498962,0.8522465229034424,0.6472406983375549,0.9020372629165649,0.6580158472061157,0.8528711795806885,0.642174243927002,0.8917496204376221,0.6315709948539734,0.8676853179931641,0.6364196538925171,0.89164799451828,0.7593759894371033,0.8682790994644165,0.7515586018562317,0.8949670195579529,0.8823915719985962,0.866909384727478,0.8596399426460266,0.8932090401649475,0.8956393003463745,0.8702347874641418,0.8731200695037842,0.8929846882820129,0.9340630769729614,0.8589716553688049,0.9051909446716309,0
0.8635099530220032,0.4296031892299652,0.8650814294815063,0.412592351436615,0.8671991229057312,0.41060513257980347,0.8691915273666382,0.40871524810791016,0.8600745797157288,0.4159489572048187,0.8586733937263489,0.4162366986274719,0.857465922832489,0.4163224995136261,0.8728008270263672,0.405709445476532,0.8573420643806458,0.4146046042442322,0.868662416934967,0.4367137849330902,0.8621301054954529,0.4403643310070038,0.8953969478607178,0.45476585626602173,0.850673258304596,0.4676753878593445,0.9088280200958252,0.549553632736206,0.8466343879699707,0.5518690347671509,0.9029028415679932,0.6471081972122192,0.8499515056610107,0.6391620635986328,0.9033517241477966,0.6707359552383423,0.8496288657188416,0.6598985195159912,0.898574948310852,0.6665569543838501,0.8515897989273071,0.6596980094909668,0.8969091176986694,0.6583189964294434,0.8532012104988098,0.6532485485076904,0.8922119140625,0.6275221109390259,0.8684884905815125,0.6330458521842957,0.8896197080612183,0.7673469185829163,0.8668003082275391,0.7561532855033875,0.8947032690048218,0.8905450105667114,0.8645613789558411,0.8616884350776672,0.8930930495262146,0.9081177711486816,0.8686062097549438,0.8763296008110046,0.890906035900116,0.9447634220123291,0.8549803495407104,0.9080439805984497,0
0.8603141903877258,0.43393591046333313,0.8619315028190613,0.4177708029747009,0.863744854927063,0.41609469056129456,0.8655739426612854,0.4142870008945465,0.8571146726608276,0.42043474316596985,0.8557175993919373,0.42048871517181396,0.8543409109115601,0.4204495847225189,0.8691996335983276,0.41052067279815674,0.8543797731399536,0.41867294907569885,0.8653643727302551,0.43981754779815674,0.8591896891593933,0.4434790015220642,0.8936830759048462,0.4580709934234619,0.8478451371192932,0.4731435179710388,0.9069840312004089,0.5500101447105408,0.8436262011528015,0.5548118352890015,0.9030366539955139,0.6419425010681152,0.849116861820221,0.6419389843940735,0.9042028188705444,0.6648406982421875,0.8490628004074097,0.6626948714256287,0.8996782302856445,0.662723183631897,0.8524147272109985,0.6616904735565186,0.8983621597290039,0.6552353501319885,0.8528034687042236,0.6552345752716064,0.8900909423828125,0.6277530193328857,0.8667392730712891,0.634438693523407,0.8890091180801392,0.7645847201347351,0.8662375211715698,0.7616647481918335,0.894964337348938,0.8881320953369141,0.8639327883720398,0.8625662326812744,0.8932828307151794,0.9047774076461792,0.8671108484268188,0.8780443072319031,0.8916671872138977,0.9386365413665771,0.8535056710243225,0.9089690446853638,0
0.859370231628418,0.44239887595176697,0.8603487014770508,0.42448171973228455,0.8623347282409668,0.42179903388023376,0.8643233180046082,0.4193173348903656,0.8553698658943176,0.4294363856315613,0.8540026545524597,0.4298606812953949,0.8526780009269714,0.43009912967681885,0.8677253723144531,0.416474312543869,0.8524594306945801,0.42785680294036865,0.8647286891937256,0.4471968114376068,0.8584457039833069,0.45243409276008606,0.8912237286567688,0.45759838819503784,0.8452667593955994,0.47939130663871765,0.9043034911155701,0.5466500520706177,0.8419927358627319,0.5648335814476013,0.9013307094573975,0.6433917284011841,0.8505192399024963,0.6425365805625916,0.9022224545478821,0.6666944622993469,0.850793719291687,0.6599787473678589,0.8979479074478149,0.6628013253211975,0.8537891507148743,0.6585444808006287,0.8970276713371277,0.6573242545127869,0.8551656007766724,0.6524056196212769,0.8905168771743774,0.628608763217926,0.8650723099708557,0.6327669024467468,0.8891544938087463,0.7588901519775391,0.8652274012565613,0.7409073114395142,0.8944643139839172,0.8805047273635864,0.8639331459999084,0.8617203831672668,0.8945093154907227,0.9077163934707642,0.8688303828239441,0.876727283000946,0.8932076096534729,0.9373270273208618,0.8566622734069824,0.9064178466796875,0
0.0,0.0,0.0,0.0,0.0,0.0,0.0,0.0,0.0,0.0,0.0,0.0,0.0,0.0,0.0,0.0,0.0,0.0,0.0,0.0,0.0,0.0,0.0,0.0,0.0,0.0,0.0,0.0,0.0,0.0,0.0,0.0,0.0,0.0,0.0,0.0,0.0,0.0,0.0,0.0,0.0,0.0,0.0,0.0,0.0,0.0,0.0,0.0,0.0,0.0,0.0,0.0,0.0,0.0,0.0,0.0,0.0,0.0,0.0,0.0,0.0,0.0,0.0,0.0,0.0,0.0,0
0.8534523248672485,0.46409493684768677,0.8544449210166931,0.44759929180145264,0.8561304807662964,0.4451982378959656,0.857715368270874,0.4424965977668762,0.8496448993682861,0.4510445296764374,0.847995936870575,0.4511416256427765,0.8464285135269165,0.45103514194488525,0.8610252737998962,0.43540599942207336,0.8461780548095703,0.4478338360786438,0.8581275939941406,0.4685450792312622,0.852500855922699,0.47296279668807983,0.8861570358276367,0.46989765763282776,0.842015266418457,0.49855226278305054,0.900528073310852,0.5621370077133179,0.8397555351257324,0.5809694528579712,0.8948177099227905,0.6509010791778564,0.8500148057937622,0.6588608026504517,0.8948143720626831,0.67884361743927,0.8502888679504395,0.6785548329353333,0.889034628868103,0.6748396754264832,0.8536314368247986,0.6780209541320801,0.887948215007782,0.6682267189025879,0.8544833064079285,0.6722896695137024,0.8859569430351257,0.6294862031936646,0.8622948527336121,0.6376431584358215,0.8865317702293396,0.7530588507652283,0.8621662259101868,0.7464895248413086,0.8917381763458252,0.8740032911300659,0.8622034788131714,0.8560440540313721,0.889285147190094,0.8878559470176697,0.8652191162109375,0.8693987131118774,0.8914805054664612,0.9268121719360352,0.8531806468963623,0.90284264087677,0
0.8502207398414612,0.47216761112213135,0.8506624102592468,0.4558830261230469,0.8523409962654114,0.4529881775379181,0.853937029838562,0.44988423585891724,0.8460609316825867,0.46115386486053467,0.8445338010787964,0.46186357736587524,0.8430988788604736,0.4623776972293854,0.8574921488761902,0.44220951199531555,0.8429998159408569,0.4598851799964905,0.8555076122283936,0.4767027497291565,0.8498575687408447,0.48204201459884644,0.8841419816017151,0.475490540266037,0.8400141596794128,0.5100175142288208,0.8993111848831177,0.5664530992507935,0.8403962850570679,0.5988776683807373,0.8929668664932251,0.6530939340591431,0.8495849967002869,0.6695167422294617,0.8920308947563171,0.6806681156158447,0.849957287311554,0.6895690560340881,0.8872316479682922,0.67836594581604,0.853023111820221,0.6893929243087769,0.8860706686973572,0.6715359687805176,0.853728175163269,0.6831380128860474,0.8857545852661133,0.6305282711982727,0.8620784878730774,0.6405957341194153,0.8860400319099426,0.7462277412414551,0.8606204986572266,0.7445546388626099,0.8911570310592651,0.8736629486083984,0.8629918694496155,0.8619846701622009,0.8884105086326599,0.8875747323036194,0.8680909276008606,0.8752775192260742,0.8906965851783752,0.9283536076545715,0.8526373505592346,0.9060264229774475,0
0.847577691078186,0.4865723252296448,0.848208487033844,0.47300291061401367,0.8498704433441162,0.47052931785583496,0.8514580130577087,0.46783891320228577,0.8442038297653198,0.47696352005004883,0.8430207967758179,0.47743794322013855,0.8418705463409424,0.47769689559936523,0.8557325601577759,0.46196985244750977,0.8425275087356567,0.4750758409500122,0.8530030846595764,0.4903424382209778,0.8478718400001526,0.49409419298171997,0.8812184929847717,0.4828746020793915,0.8399206399917603,0.5182769298553467,0.8969675898551941,0.5691954493522644,0.8398394584655762,0.6084620356559753,0.8897724151611328,0.6577230095863342,0.8471515774726868,0.6525653600692749,0.8891178369522095,0.6846393346786499,0.8479063510894775,0.6674336791038513,0.8837133646011353,0.6806280016899109,0.849574089050293,0.6670985817909241,0.883006751537323,0.6753143072128296,0.8510236144065857,0.6632794737815857,0.8878960013389587,0.6324299573898315,0.8637248277664185,0.633436918258667,0.8842495083808899,0.7316510677337646,0.8583889007568359,0.7266808748245239,0.887130081653595,0.8697690367698669,0.8621022701263428,0.854844331741333,0.8869900107383728,0.8828316926956177,0.8657482862472534,0.8795443177223206,0.8878358602523804,0.919044017791748,0.8516117334365845,0.9028624296188354,0
0.845849871635437,0.49843883514404297,0.8463315367698669,0.4836851954460144,0.8480072617530823,0.4806091785430908,0.8495998382568359,0.4774559736251831,0.8423934578895569,0.4887917637825012,0.8413408994674683,0.4896676540374756,0.8402107954025269,0.4901161789894104,0.8539703488349915,0.4688930809497833,0.8407461047172546,0.48672759532928467,0.8515008091926575,0.5010801553726196,0.8462897539138794,0.5053549408912659,0.8806267976760864,0.4923485517501831,0.8390083312988281,0.5258648991584778,0.8952147960662842,0.587460458278656,0.8411568403244019,0.6216476559638977,0.8863205909729004,0.6713994145393372,0.8475543856620789,0.657627522945404,0.8855863213539124,0.6940237879753113,0.8487004041671753,0.6825316548347473,0.8804652094841003,0.6930822134017944,0.8502846956253052,0.6730252504348755,0.8798104524612427,0.6835065484046936,0.8512353897094727,0.671058177947998,0.8854854106903076,0.635534942150116,0.8615624904632568,0.6346672773361206,0.8821404576301575,0.7194175720214844,0.8546680808067322,0.7189347147941589,0.8889148831367493,0.872800886631012,0.8595904111862183,0.8505706191062927,0.8882742524147034,0.8883570432662964,0.8647265434265137,0.8653786182403564,0.8864875435829163,0.9250895380973816,0.849653422832489,0.9008854627609253,0
0.8438121676445007,0.5147804021835327,0.844517707824707,0.49944794178009033,0.8459824919700623,0.49719494581222534,0.8474263548851013,0.49461492896080017,0.8415368795394897,0.5061492919921875,0.8407461047172546,0.506538987159729,0.8395975828170776,0.5067209005355835,0.8519995808601379,0.48580142855644226,0.8412319421768188,0.5011584758758545,0.848998486995697,0.5163975954055786,0.8450431227684021,0.5208250880241394,0.8798855543136597,0.5020806789398193,0.8409538269042969,0.5395880937576294,0.8956744074821472,0.5813185572624207,0.8409884572029114,0.6138996481895447,0.8870251178741455,0.6732752323150635,0.8420025110244751,0.6640968322753906,0.8853650093078613,0.6984297633171082,0.8411172032356262,0.6810821890830994,0.8802657723426819,0.6960774660110474,0.8427467942237854,0.6768074631690979,0.8798039555549622,0.6871923804283142,0.8447550535202026,0.6707466840744019,0.8848313689231873,0.6562695503234863,0.8626171350479126,0.6607572436332703,0.8862372636795044,0.7525013089179993,0.8578700423240662,0.7371488809585571,0.8865105509757996,0.8757410049438477,0.8635258674621582,0.8637620806694031,0.8856186866760254,0.8888310790061951,0.8679227232933044,0.8781507611274719,0.8867135047912598,0.9237912893295288,0.8544230461120605,0.9095979928970337,0
0.8424651622772217,0.5257920026779175,0.8425437211990356,0.5117393732070923,0.8442640900611877,0.5061797499656677,0.8456963300704956,0.5036812424659729,0.8399370312690735,0.5156604647636414,0.8385462760925293,0.5157557725906372,0.8378812074661255,0.5160845518112183,0.8504247069358826,0.49583160877227783,0.8396457433700562,0.5120459794998169,0.847932755947113,0.5278477668762207,0.8444834351539612,0.5334184169769287,0.8781895637512207,0.5126118063926697,0.8399284482002258,0.5497378706932068,0.8961642980575562,0.5940378904342651,0.838850736618042,0.6343104839324951,0.8861895203590393,0.6864604949951172,0.8422869443893433,0.6867622137069702,0.8845391273498535,0.7139260768890381,0.8423058390617371,0.7054217457771301,0.8779468536376953,0.707412600517273,0.8442258834838867,0.7003056406974792,0.8777666091918945,0.7014573812484741,0.8459253311157227,0.6936925649642944,0.8808538317680359,0.6729879379272461,0.8572400212287903,0.685490071773529,0.8865157961845398,0.7572728395462036,0.8561220169067383,0.749281644821167,0.885805606842041,0.8725252151489258,0.8606674075126648,0.8643614053726196,0.8853974938392639,0.8815755844116211,0.8651297688484192,0.8838688731193542,0.8879216909408569,0.9222062826156616,0.8517921566963196,0.9113240242004395,0
0.0,0.0,0.0,0.0,0.0,0.0,0.0,0.0,0.0,0.0,0.0,0.0,0.0,0.0,0.0,0.0,0.0,0.0,0.0,0.0,0.0,0.0,0.0,0.0,0.0,0.0,0.0,0.0,0.0,0.0,0.0,0.0,0.0,0.0,0.0,0.0,0.0,0.0,0.0,0.0,0.0,0.0,0.0,0.0,0.0,0.0,0.0,0.0,0.0,0.0,0.0,0.0,0.0,0.0,0.0,0.0,0.0,0.0,0.0,0.0,0.0,0.0,0.0,0.0,0.0,0.0,0
0.73692786693573,0.7468371391296387,0.7388537526130676,0.7425397634506226,0.738977313041687,0.7426254749298096,0.7391088008880615,0.7427240610122681,0.7385745048522949,0.74208003282547,0.738476037979126,0.7417183518409729,0.7383553385734558,0.7412461638450623,0.7386667132377625,0.7428748607635498,0.7377423048019409,0.7412886619567871,0.7356503009796143,0.7503978610038757,0.7351787090301514,0.7495709657669067,0.7292398810386658,0.7532001733779907,0.7311923503875732,0.7571099996566772,0.7196826338768005,0.743511974811554,0.7261215448379517,0.766986072063446,0.7262295484542847,0.7171040177345276,0.7299842834472656,0.772301971912384,0.7275208234786987,0.709568440914154,0.7308773398399353,0.7732027769088745,0.7293241024017334,0.7099927663803101,0.7321938276290894,0.7727441787719727,0.7287048101425171,0.7127958536148071,0.731536328792572,0.7722132205963135,0.7025869488716125,0.7811551690101624,0.7025518417358398,0.78807133436203,0.6975648403167725,0.7536142468452454,0.6935952305793762,0.8282644152641296,0.6854192018508911,0.735039234161377,0.6838670969009399,0.8793272972106934,0.6825587749481201,0.7346210479736328,0.6819679737091064,0.8856046795845032,0.68459552526474,0.729966938495636,0.6832149624824524,0.8995671272277832,0
0.8426845073699951,0.5729885101318359,0.8430124521255493,0.5564932823181152,0.8444498181343079,0.5535888671875,0.8458850979804993,0.5499378442764282,0.8394288420677185,0.5627064108848572,0.8380303382873535,0.562583863735199,0.8369033336639404,0.5623222589492798,0.8506372570991516,0.5369547605514526,0.8371962904930115,0.5560047626495361,0.8477229475975037,0.574306309223175,0.8433638215065002,0.5786856412887573,0.8774923086166382,0.5488620400428772,0.8364039063453674,0.5868361592292786,0.8948809504508972,0.6278364658355713,0.835447371006012,0.6696471571922302,0.8846586346626282,0.7166796922683716,0.8417972326278687,0.7582247257232666,0.8836221694946289,0.7429245114326477,0.84193354845047,0.7838799357414246,0.8788938522338867,0.7404402494430542,0.8453996181488037,0.779102087020874,0.8786686658859253,0.7296634316444397,0.8459205627441406,0.7717174887657166,0.8773622512817383,0.6951870918273926,0.8530003428459167,0.7073049545288086,0.8838655352592468,0.7591233253479004,0.8524725437164307,0.7869000434875488,0.8881012201309204,0.879211962223053,0.8626161217689514,0.866597592830658,0.8861052393913269,0.8913739919662476,0.8670664429664612,0.8807461857795715,0.8894699215888977,0.9273725152015686,0.8545538187026978,0.9069551825523376,0
0.8415566086769104,0.5802706480026245,0.8420417904853821,0.5655971765518188,0.8435742259025574,0.5622182488441467,0.8449798226356506,0.5596505403518677,0.8382422924041748,0.568630576133728,0.8370944261550903,0.5684448480606079,0.8358890414237976,0.5689822435379028,0.8491330742835999,0.5498083829879761,0.8364514708518982,0.5632453560829163,0.846367597579956,0.5834352970123291,0.841796875,0.5875903964042664,0.8766520619392395,0.5652722120285034,0.837437629699707,0.5935879945755005,0.8943583965301514,0.6369689702987671,0.8422349691390991,0.6745133399963379,0.8838595747947693,0.7198975086212158,0.8391900062561035,0.7460058927536011,0.8818774819374084,0.7465130090713501,0.840839684009552,0.7619092464447021,0.8781225681304932,0.7429302930831909,0.8424370288848877,0.7595412731170654,0.8762526512145996,0.734178900718689,0.8439624905586243,0.7526982426643372,0.8697193264961243,0.7012104988098145,0.8504228591918945,0.700934112071991,0.8795888423919678,0.784588634967804,0.8533146381378174,0.7892379760742188,0.887523889541626,0.8749560117721558,0.8619695901870728,0.8646894693374634,0.8874079585075378,0.8883394002914429,0.8653151392936707,0.8784573674201965,0.8880671858787537,0.9216418266296387,0.854853630065918,0.90183424949646,0
0.842699408531189,0.5891920924186707,0.8427895903587341,0.5760034322738647,0.8442392945289612,0.5712870955467224,0.8455081582069397,0.568584680557251,0.8398419618606567,0.5793780088424683,0.838678777217865,0.5794197916984558,0.8376227021217346,0.5792511105537415,0.8495168089866638,0.5578315854072571,0.8380824327468872,0.5740674138069153,0.8475624918937683,0.5915595293045044,0.8437235355377197,0.5946052074432373,0.8778464794158936,0.5770910382270813,0.839042603969574,0.6006332635879517,0.895745038986206,0.6377332806587219,0.8435892462730408,0.6861137747764587,0.8842908143997192,0.7245798707008362,0.8397107124328613,0.7669190168380737,0.8844642043113708,0.7513899207115173,0.837580680847168,0.7894954681396484,0.8791566491127014,0.74810391664505,0.8413769006729126,0.7896029949188232,0.8782492876052856,0.7386682033538818,0.8415912985801697,0.7773926258087158,0.8729559183120728,0.7022655010223389,0.8532341122627258,0.7059903144836426,0.882151186466217,0.7890467643737793,0.8515310883522034,0.7888980507850647,0.8852205276489258,0.8808227777481079,0.8639034628868103,0.8685402870178223,0.8865942358970642,0.8923367857933044,0.8675141334533691,0.8798295259475708,0.8852429389953613,0.9262493848800659,0.8529187440872192,0.9014110565185547,0
0.0,0.0,0.0,0.0,0.0,0.0,0.0,0.0,0.0,0.0,0.0,0.0,0.0,0.0,0.0,0.0,0.0,0.0,0.0,0.0,0.0,0.0,0.0,0.0,0.0,0.0,0.0,0.0,0.0,0.0,0.0,0.0,0.0,0.0,0.0,0.0,0.0,0.0,0.0,0.0,0.0,0.0,0.0,0.0,0.0,0.0,0.0,0.0,0.0,0.0,0.0,0.0,0.0,0.0,0.0,0.0,0.0,0.0,0.0,0.0,0.0,0.0,0.0,0.0,0.0,0.0,0
0.8444040417671204,0.6124334335327148,0.8440129160881042,0.599374532699585,0.8451498746871948,0.5967172980308533,0.8463290333747864,0.5932900309562683,0.8409305214881897,0.6036109328269958,0.8398519158363342,0.6036099195480347,0.8388168811798096,0.6032986640930176,0.8501275181770325,0.5786571502685547,0.8389149308204651,0.5973576307296753,0.8488948941230774,0.6133995056152344,0.8450603485107422,0.6175841093063354,0.8749215602874756,0.5857658982276917,0.8372197151184082,0.6232563257217407,0.896733283996582,0.654887318611145,0.8329721689224243,0.7157032489776611,0.8855248093605042,0.743777871131897,0.8333012461662292,0.8100445866584778,0.8857078552246094,0.7674148678779602,0.8320314288139343,0.8329910635948181,0.8807947635650635,0.7652758955955505,0.8361805081367493,0.8336206674575806,0.8798754811286926,0.7562413215637207,0.8385723233222961,0.8234546780586243,0.8725671768188477,0.7211201190948486,0.8525136113166809,0.7257185578346252,0.8798224329948425,0.8155984878540039,0.8506602644920349,0.8144025802612305,0.8864619731903076,0.8870801329612732,0.8608447909355164,0.8684768080711365,0.8854020833969116,0.8924306035041809,0.8641401529312134,0.8747763633728027,0.8850957155227661,0.9306257367134094,0.8542667031288147,0.9048487544059753,0
0.0,0.0,0.0,0.0,0.0,0.0,0.0,0.0,0.0,0.0,0.0,0.0,0.0,0.0,0.0,0.0,0.0,0.0,0.0,0.0,0.0,0.0,0.0,0.0,0.0,0.0,0.0,0.0,0.0,0.0,0.0,0.0,0.0,0.0,0.0,0.0,0.0,0.0,0.0,0.0,0.0,0.0,0.0,0.0,0.0,0.0,0.0,0.0,0.0,0.0,0.0,0.0,0.0,0.0,0.0,0.0,0.0,0.0,0.0,0.0,0.0,0.0,0.0,0.0,0.0,0.0,0
0.8431950807571411,0.6334365606307983,0.8443974256515503,0.6263448596000671,0.8460023403167725,0.624444305896759,0.8475996851921082,0.6225014925003052,0.8399540185928345,0.6223452091217041,0.8391505479812622,0.6221913695335388,0.8377667665481567,0.6220477819442749,0.8490631580352783,0.6037559509277344,0.8364898562431335,0.6197084188461304,0.8476077914237976,0.6353586912155151,0.8432143926620483,0.6383314728736877,0.8663892149925232,0.6286094188690186,0.8319629430770874,0.6527107954025269,0.8854866623878479,0.6868166923522949,0.833021879196167,0.7418803572654724,0.8916399478912354,0.7580322623252869,0.8304672241210938,0.827078640460968,0.8951368927955627,0.7717261910438538,0.8282601833343506,0.8488284349441528,0.8911881446838379,0.7764508724212646,0.835390031337738,0.8479523658752441,0.8889422416687012,0.7741178870201111,0.8340842723846436,0.8438591957092285,0.861524224281311,0.7026551961898804,0.8438023924827576,0.7101621031761169,0.8680678606033325,0.7806376218795776,0.8459727764129639,0.7797733545303345,0.8609689474105835,0.8293938636779785,0.8475329279899597,0.8443470597267151,0.858786404132843,0.8323084712028503,0.8488720059394836,0.8522494435310364,0.8619205951690674,0.8649759292602539,0.8458757400512695,0.8773855566978455,0
0.0,0.0,0.0,0.0,0.0,0.0,0.0,0.0,0.0,0.0,0.0,0.0,0.0,0.0,0.0,0.0,0.0,0.0,0.0,0.0,0.0,0.0,0.0,0.0,0.0,0.0,0.0,0.0,0.0,0.0,0.0,0.0,0.0,0.0,0.0,0.0,0.0,0.0,0.0,0.0,0.0,0.0,0.0,0.0,0.0,0.0,0.0,0.0,0.0,0.0,0.0,0.0,0.0,0.0,0.0,0.0,0.0,0.0,0.0,0.0,0.0,0.0,0.0,0.0,0.0,0.0,0
0.0,0.0,0.0,0.0,0.0,0.0,0.0,0.0,0.0,0.0,0.0,0.0,0.0,0.0,0.0,0.0,0.0,0.0,0.0,0.0,0.0,0.0,0.0,0.0,0.0,0.0,0.0,0.0,0.0,0.0,0.0,0.0,0.0,0.0,0.0,0.0,0.0,0.0,0.0,0.0,0.0,0.0,0.0,0.0,0.0,0.0,0.0,0.0,0.0,0.0,0.0,0.0,0.0,0.0,0.0,0.0,0.0,0.0,0.0,0.0,0.0,0.0,0.0,0.0,0.0,0.0,0
0.0,0.0,0.0,0.0,0.0,0.0,0.0,0.0,0.0,0.0,0.0,0.0,0.0,0.0,0.0,0.0,0.0,0.0,0.0,0.0,0.0,0.0,0.0,0.0,0.0,0.0,0.0,0.0,0.0,0.0,0.0,0.0,0.0,0.0,0.0,0.0,0.0,0.0,0.0,0.0,0.0,0.0,0.0,0.0,0.0,0.0,0.0,0.0,0.0,0.0,0.0,0.0,0.0,0.0,0.0,0.0,0.0,0.0,0.0,0.0,0.0,0.0,0.0,0.0,0.0,0.0,0
0.0,0.0,0.0,0.0,0.0,0.0,0.0,0.0,0.0,0.0,0.0,0.0,0.0,0.0,0.0,0.0,0.0,0.0,0.0,0.0,0.0,0.0,0.0,0.0,0.0,0.0,0.0,0.0,0.0,0.0,0.0,0.0,0.0,0.0,0.0,0.0,0.0,0.0,0.0,0.0,0.0,0.0,0.0,0.0,0.0,0.0,0.0,0.0,0.0,0.0,0.0,0.0,0.0,0.0,0.0,0.0,0.0,0.0,0.0,0.0,0.0,0.0,0.0,0.0,0.0,0.0,0
0.0,0.0,0.0,0.0,0.0,0.0,0.0,0.0,0.0,0.0,0.0,0.0,0.0,0.0,0.0,0.0,0.0,0.0,0.0,0.0,0.0,0.0,0.0,0.0,0.0,0.0,0.0,0.0,0.0,0.0,0.0,0.0,0.0,0.0,0.0,0.0,0.0,0.0,0.0,0.0,0.0,0.0,0.0,0.0,0.0,0.0,0.0,0.0,0.0,0.0,0.0,0.0,0.0,0.0,0.0,0.0,0.0,0.0,0.0,0.0,0.0,0.0,0.0,0.0,0.0,0.0,0
0.0,0.0,0.0,0.0,0.0,0.0,0.0,0.0,0.0,0.0,0.0,0.0,0.0,0.0,0.0,0.0,0.0,0.0,0.0,0.0,0.0,0.0,0.0,0.0,0.0,0.0,0.0,0.0,0.0,0.0,0.0,0.0,0.0,0.0,0.0,0.0,0.0,0.0,0.0,0.0,0.0,0.0,0.0,0.0,0.0,0.0,0.0,0.0,0.0,0.0,0.0,0.0,0.0,0.0,0.0,0.0,0.0,0.0,0.0,0.0,0.0,0.0,0.0,0.0,0.0,0.0,0
0.0,0.0,0.0,0.0,0.0,0.0,0.0,0.0,0.0,0.0,0.0,0.0,0.0,0.0,0.0,0.0,0.0,0.0,0.0,0.0,0.0,0.0,0.0,0.0,0.0,0.0,0.0,0.0,0.0,0.0,0.0,0.0,0.0,0.0,0.0,0.0,0.0,0.0,0.0,0.0,0.0,0.0,0.0,0.0,0.0,0.0,0.0,0.0,0.0,0.0,0.0,0.0,0.0,0.0,0.0,0.0,0.0,0.0,0.0,0.0,0.0,0.0,0.0,0.0,0.0,0.0,0
0.0,0.0,0.0,0.0,0.0,0.0,0.0,0.0,0.0,0.0,0.0,0.0,0.0,0.0,0.0,0.0,0.0,0.0,0.0,0.0,0.0,0.0,0.0,0.0,0.0,0.0,0.0,0.0,0.0,0.0,0.0,0.0,0.0,0.0,0.0,0.0,0.0,0.0,0.0,0.0,0.0,0.0,0.0,0.0,0.0,0.0,0.0,0.0,0.0,0.0,0.0,0.0,0.0,0.0,0.0,0.0,0.0,0.0,0.0,0.0,0.0,0.0,0.0,0.0,0.0,0.0,0
0.0,0.0,0.0,0.0,0.0,0.0,0.0,0.0,0.0,0.0,0.0,0.0,0.0,0.0,0.0,0.0,0.0,0.0,0.0,0.0,0.0,0.0,0.0,0.0,0.0,0.0,0.0,0.0,0.0,0.0,0.0,0.0,0.0,0.0,0.0,0.0,0.0,0.0,0.0,0.0,0.0,0.0,0.0,0.0,0.0,0.0,0.0,0.0,0.0,0.0,0.0,0.0,0.0,0.0,0.0,0.0,0.0,0.0,0.0,0.0,0.0,0.0,0.0,0.0,0.0,0.0,0
0.0,0.0,0.0,0.0,0.0,0.0,0.0,0.0,0.0,0.0,0.0,0.0,0.0,0.0,0.0,0.0,0.0,0.0,0.0,0.0,0.0,0.0,0.0,0.0,0.0,0.0,0.0,0.0,0.0,0.0,0.0,0.0,0.0,0.0,0.0,0.0,0.0,0.0,0.0,0.0,0.0,0.0,0.0,0.0,0.0,0.0,0.0,0.0,0.0,0.0,0.0,0.0,0.0,0.0,0.0,0.0,0.0,0.0,0.0,0.0,0.0,0.0,0.0,0.0,0.0,0.0,0
0.0,0.0,0.0,0.0,0.0,0.0,0.0,0.0,0.0,0.0,0.0,0.0,0.0,0.0,0.0,0.0,0.0,0.0,0.0,0.0,0.0,0.0,0.0,0.0,0.0,0.0,0.0,0.0,0.0,0.0,0.0,0.0,0.0,0.0,0.0,0.0,0.0,0.0,0.0,0.0,0.0,0.0,0.0,0.0,0.0,0.0,0.0,0.0,0.0,0.0,0.0,0.0,0.0,0.0,0.0,0.0,0.0,0.0,0.0,0.0,0.0,0.0,0.0,0.0,0.0,0.0,0
0.0,0.0,0.0,0.0,0.0,0.0,0.0,0.0,0.0,0.0,0.0,0.0,0.0,0.0,0.0,0.0,0.0,0.0,0.0,0.0,0.0,0.0,0.0,0.0,0.0,0.0,0.0,0.0,0.0,0.0,0.0,0.0,0.0,0.0,0.0,0.0,0.0,0.0,0.0,0.0,0.0,0.0,0.0,0.0,0.0,0.0,0.0,0.0,0.0,0.0,0.0,0.0,0.0,0.0,0.0,0.0,0.0,0.0,0.0,0.0,0.0,0.0,0.0,0.0,0.0,0.0,0
0.0,0.0,0.0,0.0,0.0,0.0,0.0,0.0,0.0,0.0,0.0,0.0,0.0,0.0,0.0,0.0,0.0,0.0,0.0,0.0,0.0,0.0,0.0,0.0,0.0,0.0,0.0,0.0,0.0,0.0,0.0,0.0,0.0,0.0,0.0,0.0,0.0,0.0,0.0,0.0,0.0,0.0,0.0,0.0,0.0,0.0,0.0,0.0,0.0,0.0,0.0,0.0,0.0,0.0,0.0,0.0,0.0,0.0,0.0,0.0,0.0,0.0,0.0,0.0,0.0,0.0,0
0.0,0.0,0.0,0.0,0.0,0.0,0.0,0.0,0.0,0.0,0.0,0.0,0.0,0.0,0.0,0.0,0.0,0.0,0.0,0.0,0.0,0.0,0.0,0.0,0.0,0.0,0.0,0.0,0.0,0.0,0.0,0.0,0.0,0.0,0.0,0.0,0.0,0.0,0.0,0.0,0.0,0.0,0.0,0.0,0.0,0.0,0.0,0.0,0.0,0.0,0.0,0.0,0.0,0.0,0.0,0.0,0.0,0.0,0.0,0.0,0.0,0.0,0.0,0.0,0.0,0.0,0
0.0,0.0,0.0,0.0,0.0,0.0,0.0,0.0,0.0,0.0,0.0,0.0,0.0,0.0,0.0,0.0,0.0,0.0,0.0,0.0,0.0,0.0,0.0,0.0,0.0,0.0,0.0,0.0,0.0,0.0,0.0,0.0,0.0,0.0,0.0,0.0,0.0,0.0,0.0,0.0,0.0,0.0,0.0,0.0,0.0,0.0,0.0,0.0,0.0,0.0,0.0,0.0,0.0,0.0,0.0,0.0,0.0,0.0,0.0,0.0,0.0,0.0,0.0,0.0,0.0,0.0,0
0.0,0.0,0.0,0.0,0.0,0.0,0.0,0.0,0.0,0.0,0.0,0.0,0.0,0.0,0.0,0.0,0.0,0.0,0.0,0.0,0.0,0.0,0.0,0.0,0.0,0.0,0.0,0.0,0.0,0.0,0.0,0.0,0.0,0.0,0.0,0.0,0.0,0.0,0.0,0.0,0.0,0.0,0.0,0.0,0.0,0.0,0.0,0.0,0.0,0.0,0.0,0.0,0.0,0.0,0.0,0.0,0.0,0.0,0.0,0.0,0.0,0.0,0.0,0.0,0.0,0.0,0
0.0,0.0,0.0,0.0,0.0,0.0,0.0,0.0,0.0,0.0,0.0,0.0,0.0,0.0,0.0,0.0,0.0,0.0,0.0,0.0,0.0,0.0,0.0,0.0,0.0,0.0,0.0,0.0,0.0,0.0,0.0,0.0,0.0,0.0,0.0,0.0,0.0,0.0,0.0,0.0,0.0,0.0,0.0,0.0,0.0,0.0,0.0,0.0,0.0,0.0,0.0,0.0,0.0,0.0,0.0,0.0,0.0,0.0,0.0,0.0,0.0,0.0,0.0,0.0,0.0,0.0,0
0.0,0.0,0.0,0.0,0.0,0.0,0.0,0.0,0.0,0.0,0.0,0.0,0.0,0.0,0.0,0.0,0.0,0.0,0.0,0.0,0.0,0.0,0.0,0.0,0.0,0.0,0.0,0.0,0.0,0.0,0.0,0.0,0.0,0.0,0.0,0.0,0.0,0.0,0.0,0.0,0.0,0.0,0.0,0.0,0.0,0.0,0.0,0.0,0.0,0.0,0.0,0.0,0.0,0.0,0.0,0.0,0.0,0.0,0.0,0.0,0.0,0.0,0.0,0.0,0.0,0.0,0
0.0,0.0,0.0,0.0,0.0,0.0,0.0,0.0,0.0,0.0,0.0,0.0,0.0,0.0,0.0,0.0,0.0,0.0,0.0,0.0,0.0,0.0,0.0,0.0,0.0,0.0,0.0,0.0,0.0,0.0,0.0,0.0,0.0,0.0,0.0,0.0,0.0,0.0,0.0,0.0,0.0,0.0,0.0,0.0,0.0,0.0,0.0,0.0,0.0,0.0,0.0,0.0,0.0,0.0,0.0,0.0,0.0,0.0,0.0,0.0,0.0,0.0,0.0,0.0,0.0,0.0,0
0.0,0.0,0.0,0.0,0.0,0.0,0.0,0.0,0.0,0.0,0.0,0.0,0.0,0.0,0.0,0.0,0.0,0.0,0.0,0.0,0.0,0.0,0.0,0.0,0.0,0.0,0.0,0.0,0.0,0.0,0.0,0.0,0.0,0.0,0.0,0.0,0.0,0.0,0.0,0.0,0.0,0.0,0.0,0.0,0.0,0.0,0.0,0.0,0.0,0.0,0.0,0.0,0.0,0.0,0.0,0.0,0.0,0.0,0.0,0.0,0.0,0.0,0.0,0.0,0.0,0.0,0
0.0,0.0,0.0,0.0,0.0,0.0,0.0,0.0,0.0,0.0,0.0,0.0,0.0,0.0,0.0,0.0,0.0,0.0,0.0,0.0,0.0,0.0,0.0,0.0,0.0,0.0,0.0,0.0,0.0,0.0,0.0,0.0,0.0,0.0,0.0,0.0,0.0,0.0,0.0,0.0,0.0,0.0,0.0,0.0,0.0,0.0,0.0,0.0,0.0,0.0,0.0,0.0,0.0,0.0,0.0,0.0,0.0,0.0,0.0,0.0,0.0,0.0,0.0,0.0,0.0,0.0,0
0.0,0.0,0.0,0.0,0.0,0.0,0.0,0.0,0.0,0.0,0.0,0.0,0.0,0.0,0.0,0.0,0.0,0.0,0.0,0.0,0.0,0.0,0.0,0.0,0.0,0.0,0.0,0.0,0.0,0.0,0.0,0.0,0.0,0.0,0.0,0.0,0.0,0.0,0.0,0.0,0.0,0.0,0.0,0.0,0.0,0.0,0.0,0.0,0.0,0.0,0.0,0.0,0.0,0.0,0.0,0.0,0.0,0.0,0.0,0.0,0.0,0.0,0.0,0.0,0.0,0.0,0
0.0,0.0,0.0,0.0,0.0,0.0,0.0,0.0,0.0,0.0,0.0,0.0,0.0,0.0,0.0,0.0,0.0,0.0,0.0,0.0,0.0,0.0,0.0,0.0,0.0,0.0,0.0,0.0,0.0,0.0,0.0,0.0,0.0,0.0,0.0,0.0,0.0,0.0,0.0,0.0,0.0,0.0,0.0,0.0,0.0,0.0,0.0,0.0,0.0,0.0,0.0,0.0,0.0,0.0,0.0,0.0,0.0,0.0,0.0,0.0,0.0,0.0,0.0,0.0,0.0,0.0,0
0.0,0.0,0.0,0.0,0.0,0.0,0.0,0.0,0.0,0.0,0.0,0.0,0.0,0.0,0.0,0.0,0.0,0.0,0.0,0.0,0.0,0.0,0.0,0.0,0.0,0.0,0.0,0.0,0.0,0.0,0.0,0.0,0.0,0.0,0.0,0.0,0.0,0.0,0.0,0.0,0.0,0.0,0.0,0.0,0.0,0.0,0.0,0.0,0.0,0.0,0.0,0.0,0.0,0.0,0.0,0.0,0.0,0.0,0.0,0.0,0.0,0.0,0.0,0.0,0.0,0.0,0
0.0,0.0,0.0,0.0,0.0,0.0,0.0,0.0,0.0,0.0,0.0,0.0,0.0,0.0,0.0,0.0,0.0,0.0,0.0,0.0,0.0,0.0,0.0,0.0,0.0,0.0,0.0,0.0,0.0,0.0,0.0,0.0,0.0,0.0,0.0,0.0,0.0,0.0,0.0,0.0,0.0,0.0,0.0,0.0,0.0,0.0,0.0,0.0,0.0,0.0,0.0,0.0,0.0,0.0,0.0,0.0,0.0,0.0,0.0,0.0,0.0,0.0,0.0,0.0,0.0,0.0,0
0.8425722718238831,0.770868182182312,0.8392331004142761,0.7563514113426208,0.8392760157585144,0.7528572082519531,0.840949535369873,0.7500655651092529,0.8382642269134521,0.7665484547615051,0.8377090692520142,0.7696272134780884,0.8371474146842957,0.7728143930435181,0.8366883397102356,0.7410584688186646,0.8328465819358826,0.7753304243087769,0.8426843881607056,0.7631815075874329,0.8394548296928406,0.777213990688324,0.8361343145370483,0.7167227268218994,0.8247525691986084,0.8043235540390015,0.8509184122085571,0.7251317501068115,0.8303820490837097,0.8586003184318542,0.8541714549064636,0.7786830067634583,0.839356541633606,0.8960397243499756,0.8557670712471008,0.7890273332595825,0.838388204574585,0.9111495018005371,0.8504757285118103,0.7993093729019165,0.8392195701599121,0.9038540124893188,0.8500239253044128,0.7952255606651306,0.840705394744873,0.8959336280822754,0.842644453048706,0.7378372550010681,0.8370132446289062,0.7838330864906311,0.8592165112495422,0.7497087121009827,0.852214515209198,0.803954005241394,0.8554568290710449,0.7722864747047424,0.856865644454956,0.8110712766647339,0.8523164987564087,0.7729737758636475,0.8557604551315308,0.811138391494751,0.8635339736938477,0.791557252407074,0.8643680810928345,0.8125126957893372,0
0.8408786058425903,0.7578583359718323,0.8386171460151672,0.7546849846839905,0.8382148146629333,0.7523106336593628,0.8378233313560486,0.7499359846115112,0.8391803503036499,0.7622363567352295,0.8391536474227905,0.7646765112876892,0.8391359448432922,0.7671633958816528,0.8340744972229004,0.7459535598754883,0.8361289501190186,0.7729375958442688,0.8394787311553955,0.7545032501220703,0.8400304913520813,0.7620043158531189,0.8269331455230713,0.7323161959648132,0.8312665224075317,0.7949745655059814,0.8284767866134644,0.7208530306816101,0.8345658183097839,0.8239343166351318,0.8376679420471191,0.7402252554893494,0.845111072063446,0.8114942312240601,0.839765727519989,0.7419355511665344,0.8475210070610046,0.8140273690223694,0.8386896848678589,0.7473708987236023,0.8464378714561462,0.8065979480743408,0.8380842804908752,0.7475569844245911,0.845457136631012,0.8041203022003174,0.8280848860740662,0.7472209930419922,0.8301395773887634,0.7784779667854309,0.8310067057609558,0.7614570260047913,0.8351948857307434,0.7875015139579773,0.8299227952957153,0.7686318755149841,0.8331186771392822,0.794477105140686,0.8280348777770996,0.7682293057441711,0.8314132690429688,0.7955456376075745,0.8349132537841797,0.7753283977508545,0.8363623023033142,0.7923204898834229,0
0.0,0.0,0.0,0.0,0.0,0.0,0.0,0.0,0.0,0.0,0.0,0.0,0.0,0.0,0.0,0.0,0.0,0.0,0.0,0.0,0.0,0.0,0.0,0.0,0.0,0.0,0.0,0.0,0.0,0.0,0.0,0.0,0.0,0.0,0.0,0.0,0.0,0.0,0.0,0.0,0.0,0.0,0.0,0.0,0.0,0.0,0.0,0.0,0.0,0.0,0.0,0.0,0.0,0.0,0.0,0.0,0.0,0.0,0.0,0.0,0.0,0.0,0.0,0.0,0.0,0.0,0
0.0,0.0,0.0,0.0,0.0,0.0,0.0,0.0,0.0,0.0,0.0,0.0,0.0,0.0,0.0,0.0,0.0,0.0,0.0,0.0,0.0,0.0,0.0,0.0,0.0,0.0,0.0,0.0,0.0,0.0,0.0,0.0,0.0,0.0,0.0,0.0,0.0,0.0,0.0,0.0,0.0,0.0,0.0,0.0,0.0,0.0,0.0,0.0,0.0,0.0,0.0,0.0,0.0,0.0,0.0,0.0,0.0,0.0,0.0,0.0,0.0,0.0,0.0,0.0,0.0,0.0,0
0.0,0.0,0.0,0.0,0.0,0.0,0.0,0.0,0.0,0.0,0.0,0.0,0.0,0.0,0.0,0.0,0.0,0.0,0.0,0.0,0.0,0.0,0.0,0.0,0.0,0.0,0.0,0.0,0.0,0.0,0.0,0.0,0.0,0.0,0.0,0.0,0.0,0.0,0.0,0.0,0.0,0.0,0.0,0.0,0.0,0.0,0.0,0.0,0.0,0.0,0.0,0.0,0.0,0.0,0.0,0.0,0.0,0.0,0.0,0.0,0.0,0.0,0.0,0.0,0.0,0.0,0
0.0,0.0,0.0,0.0,0.0,0.0,0.0,0.0,0.0,0.0,0.0,0.0,0.0,0.0,0.0,0.0,0.0,0.0,0.0,0.0,0.0,0.0,0.0,0.0,0.0,0.0,0.0,0.0,0.0,0.0,0.0,0.0,0.0,0.0,0.0,0.0,0.0,0.0,0.0,0.0,0.0,0.0,0.0,0.0,0.0,0.0,0.0,0.0,0.0,0.0,0.0,0.0,0.0,0.0,0.0,0.0,0.0,0.0,0.0,0.0,0.0,0.0,0.0,0.0,0.0,0.0,0
0.0,0.0,0.0,0.0,0.0,0.0,0.0,0.0,0.0,0.0,0.0,0.0,0.0,0.0,0.0,0.0,0.0,0.0,0.0,0.0,0.0,0.0,0.0,0.0,0.0,0.0,0.0,0.0,0.0,0.0,0.0,0.0,0.0,0.0,0.0,0.0,0.0,0.0,0.0,0.0,0.0,0.0,0.0,0.0,0.0,0.0,0.0,0.0,0.0,0.0,0.0,0.0,0.0,0.0,0.0,0.0,0.0,0.0,0.0,0.0,0.0,0.0,0.0,0.0,0.0,0.0,0
0.0,0.0,0.0,0.0,0.0,0.0,0.0,0.0,0.0,0.0,0.0,0.0,0.0,0.0,0.0,0.0,0.0,0.0,0.0,0.0,0.0,0.0,0.0,0.0,0.0,0.0,0.0,0.0,0.0,0.0,0.0,0.0,0.0,0.0,0.0,0.0,0.0,0.0,0.0,0.0,0.0,0.0,0.0,0.0,0.0,0.0,0.0,0.0,0.0,0.0,0.0,0.0,0.0,0.0,0.0,0.0,0.0,0.0,0.0,0.0,0.0,0.0,0.0,0.0,0.0,0.0,0
0.0,0.0,0.0,0.0,0.0,0.0,0.0,0.0,0.0,0.0,0.0,0.0,0.0,0.0,0.0,0.0,0.0,0.0,0.0,0.0,0.0,0.0,0.0,0.0,0.0,0.0,0.0,0.0,0.0,0.0,0.0,0.0,0.0,0.0,0.0,0.0,0.0,0.0,0.0,0.0,0.0,0.0,0.0,0.0,0.0,0.0,0.0,0.0,0.0,0.0,0.0,0.0,0.0,0.0,0.0,0.0,0.0,0.0,0.0,0.0,0.0,0.0,0.0,0.0,0.0,0.0,0
0.8265633583068848,0.7759609222412109,0.8266224265098572,0.7764483094215393,0.8265795111656189,0.7765083312988281,0.8265359401702881,0.7765721678733826,0.826755702495575,0.7762569189071655,0.8268108367919922,0.776178777217865,0.826870322227478,0.776094913482666,0.8265098333358765,0.7762799859046936,0.8269609808921814,0.7756272554397583,0.8264065980911255,0.7755147218704224,0.8265913128852844,0.7752578854560852,0.8257442712783813,0.7741578221321106,0.826862096786499,0.7723178863525391,0.8251676559448242,0.7724817991256714,0.8263357281684875,0.7701325416564941,0.8252670764923096,0.7730357646942139,0.8257141709327698,0.771175742149353,0.8252584338188171,0.7730954885482788,0.8254989981651306,0.7712072730064392,0.8253291845321655,0.7733609080314636,0.8255557417869568,0.77168869972229,0.8253549933433533,0.7732164263725281,0.8256208896636963,0.7716808319091797,0.8245280385017395,0.7666386961936951,0.8254355192184448,0.7654904127120972,0.823790431022644,0.7657548785209656,0.8262197375297546,0.76324862241745,0.8233389854431152,0.7616348266601562,0.8255636692047119,0.7610132098197937,0.8232786655426025,0.7610478401184082,0.8252543210983276,0.7608070969581604,0.8231840133666992,0.7602072954177856,0.8258541226387024,0.7598266005516052,0
0.8397663235664368,0.781620979309082,0.8413386344909668,0.7834311127662659,0.8414422273635864,0.7843780517578125,0.841556191444397,0.7853468656539917,0.8410369753837585,0.781830906867981,0.8409253358840942,0.7816426753997803,0.8404209017753601,0.7809818983078003,0.84084552526474,0.7885153293609619,0.8403353691101074,0.7841821908950806,0.8385119438171387,0.7845643162727356,0.8381654620170593,0.782473623752594,0.8352565169334412,0.8017715215682983,0.8329460024833679,0.783908486366272,0.8312450647354126,0.8040899634361267,0.8268096446990967,0.7753618359565735,0.83291095495224,0.8094378709793091,0.8273752331733704,0.7851752638816833,0.8336471915245056,0.8119969367980957,0.8267490863800049,0.7883797287940979,0.8336675763130188,0.8125077486038208,0.8274083733558655,0.7906650304794312,0.833103358745575,0.8109931349754333,0.8275986909866333,0.7898046970367432,0.8121137022972107,0.8062862157821655,0.8130673170089722,0.7963732481002808,0.823039174079895,0.7730194926261902,0.827809751033783,0.7580347061157227,0.8288511633872986,0.7274703979492188,0.8299675583839417,0.7287288904190063,0.8288297057151794,0.7198696136474609,0.8287636637687683,0.7250963449478149,0.834542989730835,0.7181915640830994,0.8350746035575867,0.7213372588157654,0
0.829802393913269,0.7567417025566101,0.8296189904212952,0.7523960471153259,0.829689085483551,0.7522180080413818,0.8297709822654724,0.7520294189453125,0.8291212320327759,0.7527942657470703,0.8288028240203857,0.7528079152107239,0.8284541368484497,0.7527948617935181,0.8285257816314697,0.7521413564682007,0.8268106579780579,0.7532923221588135,0.8294560313224792,0.7598999738693237,0.8287332057952881,0.7601113319396973,0.8267598152160645,0.7677528858184814,0.8236835598945618,0.7709642052650452,0.8290850520133972,0.7913470268249512,0.8264492750167847,0.7985877394676208,0.8303306698799133,0.8176974058151245,0.8304672837257385,0.8287048935890198,0.8308729529380798,0.8214925527572632,0.8310588002204895,0.8341335654258728,0.8304321765899658,0.8225025534629822,0.8318713903427124,0.8332445025444031,0.8300824165344238,0.8219361305236816,0.8317140936851501,0.831902265548706,0.8208265900611877,0.8026103377342224,0.818169116973877,0.8064445853233337,0.8303509950637817,0.7992162108421326,0.8288456797599792,0.8100910186767578,0.833170473575592,0.820928692817688,0.8303772211074829,0.8291504383087158,0.8325591683387756,0.8256320953369141,0.8292832970619202,0.8321053385734558,0.8370532393455505,0.8228265047073364,0.8354596495628357,0.8337299823760986,0
0.0,0.0,0.0,0.0,0.0,0.0,0.0,0.0,0.0,0.0,0.0,0.0,0.0,0.0,0.0,0.0,0.0,0.0,0.0,0.0,0.0,0.0,0.0,0.0,0.0,0.0,0.0,0.0,0.0,0.0,0.0,0.0,0.0,0.0,0.0,0.0,0.0,0.0,0.0,0.0,0.0,0.0,0.0,0.0,0.0,0.0,0.0,0.0,0.0,0.0,0.0,0.0,0.0,0.0,0.0,0.0,0.0,0.0,0.0,0.0,0.0,0.0,0.0,0.0,0.0,0.0,0
0.8437371253967285,0.7735522985458374,0.8442673683166504,0.7651886940002441,0.845092236995697,0.7637388110160828,0.8459147214889526,0.7622886300086975,0.8412012457847595,0.7685379981994629,0.8400183916091919,0.7691560387611389,0.8388122320175171,0.7698369026184082,0.844950258731842,0.7546717524528503,0.8343861103057861,0.7665926218032837,0.8438695073127747,0.7724882364273071,0.8406386971473694,0.7755528092384338,0.8454764485359192,0.7461980581283569,0.8225579261779785,0.7768091559410095,0.8544428944587708,0.7577854990959167,0.8168033361434937,0.8056724667549133,0.8571748733520508,0.8013822436332703,0.8230275511741638,0.8370087146759033,0.8592074513435364,0.8097161650657654,0.822293221950531,0.845168948173523,0.8563585877418518,0.8115915060043335,0.8241450786590576,0.8422694802284241,0.8549759387969971,0.8094441294670105,0.8251333236694336,0.8382378220558167,0.8419208526611328,0.771404504776001,0.8310518860816956,0.7899152040481567,0.8411305546760559,0.7798930406570435,0.8316159844398499,0.8008059859275818,0.8385685086250305,0.7790170907974243,0.8314457535743713,0.7946261167526245,0.8376954793930054,0.7762786746025085,0.8308194875717163,0.7903584241867065,0.8385835289955139,0.7913585305213928,0.8334565162658691,0.8045573234558105,0
0.8446016311645508,0.7655159831047058,0.8445041179656982,0.7576338052749634,0.8453299403190613,0.7562834024429321,0.8461524248123169,0.7549245953559875,0.8417620658874512,0.7609314322471619,0.8407332897186279,0.7617635130882263,0.8396797776222229,0.7626457214355469,0.8458836078643799,0.7497305870056152,0.8364396691322327,0.7615984082221985,0.8455920219421387,0.7654798626899719,0.8425357937812805,0.7688998579978943,0.8495456576347351,0.7472175359725952,0.8285689353942871,0.7775938510894775,0.8587933778762817,0.7675589323043823,0.8254010677337646,0.8132362961769104,0.8581305146217346,0.804235577583313,0.8312015533447266,0.831418514251709,0.8584131002426147,0.8133950233459473,0.8313784003257751,0.8361287713050842,0.8551342487335205,0.8124957084655762,0.8326383233070374,0.8312928676605225,0.8548916578292847,0.8114361763000488,0.8330729603767395,0.829491138458252,0.8472767472267151,0.7771759033203125,0.8375266790390015,0.7938320636749268,0.848601222038269,0.7843003869056702,0.8388458490371704,0.7993711233139038,0.8470595479011536,0.7893896698951721,0.8402990102767944,0.7963966727256775,0.8464093208312988,0.7889523506164551,0.8401222229003906,0.7940053939819336,0.8481760621070862,0.8000609874725342,0.8437616229057312,0.803011417388916,0
0.8529925346374512,0.7958113551139832,0.8524132370948792,0.7864845395088196,0.8533005118370056,0.7839272022247314,0.854866623878479,0.7789269089698792,0.8477370142936707,0.7967894673347473,0.8468500375747681,0.7975162863731384,0.8452709317207336,0.7998491525650024,0.8553204536437988,0.761241614818573,0.8424810171127319,0.7935442924499512,0.8566468954086304,0.7922784686088562,0.8518221378326416,0.7988888025283813,0.8647922277450562,0.7421410083770752,0.8364441990852356,0.8066602945327759,0.8792223334312439,0.7745104432106018,0.826659619808197,0.8660328388214111,0.8774312734603882,0.8301446437835693,0.8273478150367737,0.8945110440254211,0.8776406049728394,0.8433733582496643,0.8256694674491882,0.9019193053245544,0.8736663460731506,0.8433980941772461,0.826774001121521,0.8960824608802795,0.8734959959983826,0.8394946455955505,0.8284759521484375,0.8930463790893555,0.8713859915733337,0.7872562408447266,0.8558885455131531,0.81763756275177,0.8793971538543701,0.8563916087150574,0.8616631627082825,0.8771023154258728,0.8808985948562622,0.9189819097518921,0.8646020293235779,0.917553722858429,0.8796249628067017,0.9216275811195374,0.8644288778305054,0.9162051677703857,0.8849483728408813,0.9655516147613525,0.8708425760269165,0.9507559537887573,0
0.0,0.0,0.0,0.0,0.0,0.0,0.0,0.0,0.0,0.0,0.0,0.0,0.0,0.0,0.0,0.0,0.0,0.0,0.0,0.0,0.0,0.0,0.0,0.0,0.0,0.0,0.0,0.0,0.0,0.0,0.0,0.0,0.0,0.0,0.0,0.0,0.0,0.0,0.0,0.0,0.0,0.0,0.0,0.0,0.0,0.0,0.0,0.0,0.0,0.0,0.0,0.0,0.0,0.0,0.0,0.0,0.0,0.0,0.0,0.0,0.0,0.0,0.0,0.0,0.0,0.0,0
0.8552432656288147,0.7976755499839783,0.8533028960227966,0.789892315864563,0.8551476001739502,0.7851912379264832,0.8568052649497986,0.7803713083267212,0.8496735692024231,0.7960420250892639,0.8488062620162964,0.796306312084198,0.8471413850784302,0.7981547713279724,0.8569681644439697,0.759638786315918,0.8446453213691711,0.7921724915504456,0.856928288936615,0.7966218590736389,0.8525460362434387,0.8044358491897583,0.8706105351448059,0.7464674711227417,0.8398634195327759,0.801689088344574,0.8881222009658813,0.7984092235565186,0.8386082053184509,0.8456422686576843,0.8853409886360168,0.8599924445152283,0.8437681198120117,0.8543180227279663,0.8861678838729858,0.8753097057342529,0.8448330760002136,0.8577650785446167,0.8806411027908325,0.8785700798034668,0.8460030555725098,0.8512558341026306,0.8798800110816956,0.8733925223350525,0.8461940884590149,0.8500596284866333,0.8779478073120117,0.7992174625396729,0.8611937165260315,0.8277970552444458,0.8847391605377197,0.8669732809066772,0.8646602034568787,0.8806065320968628,0.8796298503875732,0.8874003887176514,0.8663052916526794,0.8979315757751465,0.8776636719703674,0.8830800652503967,0.8659788966178894,0.8953238725662231,0.8811168074607849,0.924083948135376,0.8714695572853088,0.9211611747741699,0
0.8492171168327332,0.7684575319290161,0.8484240174293518,0.7612048983573914,0.8488894104957581,0.7593157291412354,0.8493480086326599,0.7574161887168884,0.8467283844947815,0.7658626437187195,0.8460429906845093,0.7671059966087341,0.8453340530395508,0.7684227824211121,0.8487842082977295,0.7509863376617432,0.8429277539253235,0.7671776413917542,0.8501039147377014,0.7663627862930298,0.8481893539428711,0.7714457511901855,0.8533220887184143,0.7454770803451538,0.839241087436676,0.7837322950363159,0.8633725643157959,0.7682710886001587,0.8444240689277649,0.8134504556655884,0.8650486469268799,0.8032852411270142,0.852821409702301,0.8239902853965759,0.86609947681427,0.8109160661697388,0.8539051413536072,0.8278814554214478,0.8637152910232544,0.8120926022529602,0.8547201752662659,0.8224682807922363,0.8630928993225098,0.8101516962051392,0.8546786904335022,0.8202299475669861,0.8577418327331543,0.7784692645072937,0.8507786393165588,0.7960761785507202,0.8615644574165344,0.8037301301956177,0.8546690344810486,0.8143409490585327,0.8618069887161255,0.8039798736572266,0.8561140894889832,0.8111590147018433,0.8613352179527283,0.801767110824585,0.8557770252227783,0.8085684776306152,0.8636707067489624,0.8156034350395203,0.8597621917724609,0.8166099190711975,0
0.8500484824180603,0.7743238210678101,0.850579559803009,0.7671517133712769,0.85137939453125,0.7665895223617554,0.8521749973297119,0.76600182056427,0.8478072285652161,0.7682285308837891,0.8467720150947571,0.7682974934577942,0.8457022309303284,0.768397331237793,0.8517487049102783,0.7622966766357422,0.8422390222549438,0.7661489844322205,0.8506288528442383,0.776235818862915,0.8475934863090515,0.7770005464553833,0.8545029163360596,0.7659845948219299,0.8340895771980286,0.7850318551063538,0.8636986017227173,0.7935878038406372,0.8360922336578369,0.8171271681785583,0.8651028275489807,0.826803982257843,0.8465729355812073,0.8346256613731384,0.8659242987632751,0.8314343690872192,0.8471550941467285,0.8366165161132812,0.8632691502571106,0.8320397138595581,0.8492429256439209,0.8318380117416382,0.8626149296760559,0.8318347334861755,0.8495447635650635,0.8310650587081909,0.8510599732398987,0.8015452027320862,0.8422446846961975,0.8135234117507935,0.8507301807403564,0.8047494888305664,0.8425548076629639,0.822219967842102,0.8486706018447876,0.803778350353241,0.8435432314872742,0.8174590468406677,0.8481347560882568,0.8026986718177795,0.8440150618553162,0.8160157799720764,0.8486277461051941,0.8107389211654663,0.8439801931381226,0.820067286491394,0
0.0,0.0,0.0,0.0,0.0,0.0,0.0,0.0,0.0,0.0,0.0,0.0,0.0,0.0,0.0,0.0,0.0,0.0,0.0,0.0,0.0,0.0,0.0,0.0,0.0,0.0,0.0,0.0,0.0,0.0,0.0,0.0,0.0,0.0,0.0,0.0,0.0,0.0,0.0,0.0,0.0,0.0,0.0,0.0,0.0,0.0,0.0,0.0,0.0,0.0,0.0,0.0,0.0,0.0,0.0,0.0,0.0,0.0,0.0,0.0,0.0,0.0,0.0,0.0,0.0,0.0,0
0.0,0.0,0.0,0.0,0.0,0.0,0.0,0.0,0.0,0.0,0.0,0.0,0.0,0.0,0.0,0.0,0.0,0.0,0.0,0.0,0.0,0.0,0.0,0.0,0.0,0.0,0.0,0.0,0.0,0.0,0.0,0.0,0.0,0.0,0.0,0.0,0.0,0.0,0.0,0.0,0.0,0.0,0.0,0.0,0.0,0.0,0.0,0.0,0.0,0.0,0.0,0.0,0.0,0.0,0.0,0.0,0.0,0.0,0.0,0.0,0.0,0.0,0.0,0.0,0.0,0.0,0
0.0,0.0,0.0,0.0,0.0,0.0,0.0,0.0,0.0,0.0,0.0,0.0,0.0,0.0,0.0,0.0,0.0,0.0,0.0,0.0,0.0,0.0,0.0,0.0,0.0,0.0,0.0,0.0,0.0,0.0,0.0,0.0,0.0,0.0,0.0,0.0,0.0,0.0,0.0,0.0,0.0,0.0,0.0,0.0,0.0,0.0,0.0,0.0,0.0,0.0,0.0,0.0,0.0,0.0,0.0,0.0,0.0,0.0,0.0,0.0,0.0,0.0,0.0,0.0,0.0,0.0,0
0.0,0.0,0.0,0.0,0.0,0.0,0.0,0.0,0.0,0.0,0.0,0.0,0.0,0.0,0.0,0.0,0.0,0.0,0.0,0.0,0.0,0.0,0.0,0.0,0.0,0.0,0.0,0.0,0.0,0.0,0.0,0.0,0.0,0.0,0.0,0.0,0.0,0.0,0.0,0.0,0.0,0.0,0.0,0.0,0.0,0.0,0.0,0.0,0.0,0.0,0.0,0.0,0.0,0.0,0.0,0.0,0.0,0.0,0.0,0.0,0.0,0.0,0.0,0.0,0.0,0.0,0
0.0,0.0,0.0,0.0,0.0,0.0,0.0,0.0,0.0,0.0,0.0,0.0,0.0,0.0,0.0,0.0,0.0,0.0,0.0,0.0,0.0,0.0,0.0,0.0,0.0,0.0,0.0,0.0,0.0,0.0,0.0,0.0,0.0,0.0,0.0,0.0,0.0,0.0,0.0,0.0,0.0,0.0,0.0,0.0,0.0,0.0,0.0,0.0,0.0,0.0,0.0,0.0,0.0,0.0,0.0,0.0,0.0,0.0,0.0,0.0,0.0,0.0,0.0,0.0,0.0,0.0,0
0.0,0.0,0.0,0.0,0.0,0.0,0.0,0.0,0.0,0.0,0.0,0.0,0.0,0.0,0.0,0.0,0.0,0.0,0.0,0.0,0.0,0.0,0.0,0.0,0.0,0.0,0.0,0.0,0.0,0.0,0.0,0.0,0.0,0.0,0.0,0.0,0.0,0.0,0.0,0.0,0.0,0.0,0.0,0.0,0.0,0.0,0.0,0.0,0.0,0.0,0.0,0.0,0.0,0.0,0.0,0.0,0.0,0.0,0.0,0.0,0.0,0.0,0.0,0.0,0.0,0.0,0
0.0,0.0,0.0,0.0,0.0,0.0,0.0,0.0,0.0,0.0,0.0,0.0,0.0,0.0,0.0,0.0,0.0,0.0,0.0,0.0,0.0,0.0,0.0,0.0,0.0,0.0,0.0,0.0,0.0,0.0,0.0,0.0,0.0,0.0,0.0,0.0,0.0,0.0,0.0,0.0,0.0,0.0,0.0,0.0,0.0,0.0,0.0,0.0,0.0,0.0,0.0,0.0,0.0,0.0,0.0,0.0,0.0,0.0,0.0,0.0,0.0,0.0,0.0,0.0,0.0,0.0,0
0.0,0.0,0.0,0.0,0.0,0.0,0.0,0.0,0.0,0.0,0.0,0.0,0.0,0.0,0.0,0.0,0.0,0.0,0.0,0.0,0.0,0.0,0.0,0.0,0.0,0.0,0.0,0.0,0.0,0.0,0.0,0.0,0.0,0.0,0.0,0.0,0.0,0.0,0.0,0.0,0.0,0.0,0.0,0.0,0.0,0.0,0.0,0.0,0.0,0.0,0.0,0.0,0.0,0.0,0.0,0.0,0.0,0.0,0.0,0.0,0.0,0.0,0.0,0.0,0.0,0.0,0
0.7724842429161072,0.6996826529502869,0.7744160294532776,0.7022398710250854,0.7741606831550598,0.702447235584259,0.7739225029945374,0.7027207612991333,0.7753828763961792,0.7009009718894958,0.775797426700592,0.7002769708633423,0.7762228846549988,0.6994948387145996,0.7738538384437561,0.6995060443878174,0.7769564986228943,0.6949037909507751,0.7705895304679871,0.6961153745651245,0.7721151113510132,0.6919838786125183,0.7629535794258118,0.6936896443367004,0.7714348435401917,0.6738647222518921,0.7504482269287109,0.7058836817741394,0.769781768321991,0.6964969038963318,0.7410082221031189,0.679004967212677,0.7697218060493469,0.7250227332115173,0.7374812364578247,0.6726049184799194,0.7696265578269958,0.7322093844413757,0.7385637164115906,0.667655348777771,0.7694079279899597,0.7307716012001038,0.7399347424507141,0.669600248336792,0.7691097855567932,0.7276334762573242,0.7291466593742371,0.669756293296814,0.7315216660499573,0.6537856459617615,0.7055920362472534,0.6690873503684998,0.7119840979576111,0.6727134585380554,0.7005017995834351,0.6811425685882568,0.7109883427619934,0.6882346272468567,0.6995884776115417,0.6792659163475037,0.7107946276664734,0.6887281537055969,0.6983674168586731,0.686721682548523,0.7103611826896667,0.6988809108734131,0
0.0,0.0,0.0,0.0,0.0,0.0,0.0,0.0,0.0,0.0,0.0,0.0,0.0,0.0,0.0,0.0,0.0,0.0,0.0,0.0,0.0,0.0,0.0,0.0,0.0,0.0,0.0,0.0,0.0,0.0,0.0,0.0,0.0,0.0,0.0,0.0,0.0,0.0,0.0,0.0,0.0,0.0,0.0,0.0,0.0,0.0,0.0,0.0,0.0,0.0,0.0,0.0,0.0,0.0,0.0,0.0,0.0,0.0,0.0,0.0,0.0,0.0,0.0,0.0,0.0,0.0,0
0.0,0.0,0.0,0.0,0.0,0.0,0.0,0.0,0.0,0.0,0.0,0.0,0.0,0.0,0.0,0.0,0.0,0.0,0.0,0.0,0.0,0.0,0.0,0.0,0.0,0.0,0.0,0.0,0.0,0.0,0.0,0.0,0.0,0.0,0.0,0.0,0.0,0.0,0.0,0.0,0.0,0.0,0.0,0.0,0.0,0.0,0.0,0.0,0.0,0.0,0.0,0.0,0.0,0.0,0.0,0.0,0.0,0.0,0.0,0.0,0.0,0.0,0.0,0.0,0.0,0.0,0
0.8712199926376343,0.8638335466384888,0.8739026784896851,0.857529878616333,0.8753458261489868,0.8538854122161865,0.8762083649635315,0.8521671295166016,0.8700953125953674,0.8639808893203735,0.8637008666992188,0.8596768975257874,0.8622804284095764,0.8602979779243469,0.8754926323890686,0.8371133804321289,0.8602803945541382,0.8554295301437378,0.871724009513855,0.8526012897491455,0.8667469024658203,0.8614043593406677,0.8756581544876099,0.7838374376296997,0.8345544338226318,0.8417573571205139,0.8876743316650391,0.8218439221382141,0.8168874382972717,0.8920668959617615,0.8930544257164001,0.8803225755691528,0.816612184047699,0.9674596786499023,0.8986796140670776,0.890692412853241,0.8208304643630981,0.9797284603118896,0.8933887481689453,0.8978396654129028,0.8246818780899048,0.9760673642158508,0.8894397616386414,0.895350456237793,0.8257547616958618,0.9667404890060425,0.8324151635169983,0.7252267599105835,0.8128743767738342,0.7528886198997498,0.8191388845443726,0.7687599062919617,0.7837885022163391,0.785629391670227,0.7828575372695923,0.7592695951461792,0.7475640177726746,0.7540269494056702,0.7757551074028015,0.7555345296859741,0.7417492866516113,0.7437423467636108,0.7789757251739502,0.7736222743988037,0.7422519326210022,0.773703932762146,0
0.8734699487686157,0.8555746078491211,0.8744798898696899,0.8465834259986877,0.8756846785545349,0.8431453704833984,0.8768858313560486,0.8397569060325623,0.8701466917991638,0.8539677262306213,0.8684136271476746,0.8554836511611938,0.866722047328949,0.8568466305732727,0.8748682737350464,0.821445882320404,0.8598548173904419,0.8485224843025208,0.873200535774231,0.8467791080474854,0.8688625693321228,0.8545352220535278,0.875150203704834,0.7786016464233398,0.8398423194885254,0.8453211188316345,0.8913438320159912,0.7943485379219055,0.8366417288780212,0.9346932172775269,0.8860702514648438,0.866504430770874,0.8562090396881104,0.9498564600944519,0.8888344764709473,0.8823246955871582,0.8604025840759277,0.9572020173072815,0.8827915191650391,0.8833441734313965,0.8623320460319519,0.9420588612556458,0.8809524774551392,0.8780795335769653,0.8609523773193359,0.9391326904296875,0.8421310782432556,0.7440147995948792,0.8268845081329346,0.7778103351593018,0.8412028551101685,0.7592798471450806,0.8268082737922668,0.7863256931304932,0.8386751413345337,0.7597567439079285,0.8252378702163696,0.7743660807609558,0.8354128003120422,0.7527812719345093,0.8233615159988403,0.7637540102005005,0.8470519781112671,0.7850510478019714,0.834422767162323,0.793516218662262,0
0.8749009966850281,0.8517643213272095,0.8774150609970093,0.8408388495445251,0.8785030841827393,0.8350212574005127,0.8790498375892639,0.8332982063293457,0.8713078498840332,0.8467532992362976,0.8694894909858704,0.8480095267295837,0.867709755897522,0.849087119102478,0.8781793713569641,0.8201926350593567,0.8604348301887512,0.841173529624939,0.8773289918899536,0.8422488570213318,0.8693348169326782,0.8530160784721375,0.8728758692741394,0.7836859822273254,0.8367978930473328,0.8567038774490356,0.8809150457382202,0.8295121192932129,0.8358919024467468,0.943300187587738,0.8890513181686401,0.8815829753875732,0.8479855060577393,0.9811508655548096,0.8948377966880798,0.8869367837905884,0.848795473575592,0.9919568300247192,0.890485405921936,0.890214741230011,0.8508142828941345,0.9819424152374268,0.8866262435913086,0.8905643820762634,0.8507744669914246,0.9759749174118042,0.8285384774208069,0.7523468136787415,0.8134457468986511,0.7839512228965759,0.8293164372444153,0.7490801811218262,0.8099764585494995,0.7732229828834534,0.8262231945991516,0.7598326206207275,0.8081425428390503,0.7589213252067566,0.821988046169281,0.7593788504600525,0.8039506673812866,0.7538421750068665,0.8378003835678101,0.777178168296814,0.8199209570884705,0.7738012671470642,0
0.0,0.0,0.0,0.0,0.0,0.0,0.0,0.0,0.0,0.0,0.0,0.0,0.0,0.0,0.0,0.0,0.0,0.0,0.0,0.0,0.0,0.0,0.0,0.0,0.0,0.0,0.0,0.0,0.0,0.0,0.0,0.0,0.0,0.0,0.0,0.0,0.0,0.0,0.0,0.0,0.0,0.0,0.0,0.0,0.0,0.0,0.0,0.0,0.0,0.0,0.0,0.0,0.0,0.0,0.0,0.0,0.0,0.0,0.0,0.0,0.0,0.0,0.0,0.0,0.0,0.0,0
0.0,0.0,0.0,0.0,0.0,0.0,0.0,0.0,0.0,0.0,0.0,0.0,0.0,0.0,0.0,0.0,0.0,0.0,0.0,0.0,0.0,0.0,0.0,0.0,0.0,0.0,0.0,0.0,0.0,0.0,0.0,0.0,0.0,0.0,0.0,0.0,0.0,0.0,0.0,0.0,0.0,0.0,0.0,0.0,0.0,0.0,0.0,0.0,0.0,0.0,0.0,0.0,0.0,0.0,0.0,0.0,0.0,0.0,0.0,0.0,0.0,0.0,0.0,0.0,0.0,0.0,0
0.0,0.0,0.0,0.0,0.0,0.0,0.0,0.0,0.0,0.0,0.0,0.0,0.0,0.0,0.0,0.0,0.0,0.0,0.0,0.0,0.0,0.0,0.0,0.0,0.0,0.0,0.0,0.0,0.0,0.0,0.0,0.0,0.0,0.0,0.0,0.0,0.0,0.0,0.0,0.0,0.0,0.0,0.0,0.0,0.0,0.0,0.0,0.0,0.0,0.0,0.0,0.0,0.0,0.0,0.0,0.0,0.0,0.0,0.0,0.0,0.0,0.0,0.0,0.0,0.0,0.0,0
0.8715256452560425,0.8361775875091553,0.8786094188690186,0.824773907661438,0.878940999507904,0.8228893280029297,0.8759668469429016,0.8198312520980835,0.8746945858001709,0.8332130908966064,0.8744987845420837,0.8345693349838257,0.8744179606437683,0.8362480401992798,0.873440682888031,0.8025088906288147,0.8645071983337402,0.8297304511070251,0.8685847520828247,0.8274227380752563,0.8660100698471069,0.8348206281661987,0.865039587020874,0.7542505860328674,0.8356692790985107,0.8434445261955261,0.8781283497810364,0.7851070165634155,0.8210932612419128,0.9269183874130249,0.8969924449920654,0.8352031707763672,0.8272016048431396,0.9869396090507507,0.905506432056427,0.839872419834137,0.8270854949951172,1.0057905912399292,0.9019282460212708,0.8500930666923523,0.8309470415115356,1.0001506805419922,0.8968058824539185,0.8502860069274902,0.8311770558357239,0.9908029437065125,0.8013896346092224,0.7299538254737854,0.7902799248695374,0.7682133316993713,0.7658356428146362,0.7004593014717102,0.7570163607597351,0.7532113790512085,0.7392188310623169,0.6731556057929993,0.7403393983840942,0.703916609287262,0.7351506352424622,0.6689691543579102,0.7384470701217651,0.6955257654190063,0.7361248135566711,0.6736049056053162,0.737955629825592,0.7085311412811279,0
0.8773433566093445,0.8435831069946289,0.8800122737884521,0.8317631483078003,0.8812146186828613,0.8277145624160767,0.8824673891067505,0.8237261772155762,0.8768535852432251,0.839347243309021,0.876045823097229,0.8411585688591003,0.8748452067375183,0.8465070724487305,0.8796496391296387,0.8040993213653564,0.8672056794166565,0.834672749042511,0.8802281618118286,0.8343347311019897,0.8761618733406067,0.8471943736076355,0.8748279213905334,0.7585669159889221,0.8360641598701477,0.8553343415260315,0.8889913558959961,0.8144892454147339,0.8256261944770813,0.9310834407806396,0.8960312604904175,0.8890313506126404,0.8326942920684814,1.0080475807189941,0.9028710126876831,0.9006722569465637,0.8332481384277344,1.02157723903656,0.8966013789176941,0.9112346768379211,0.8362497687339783,1.0205074548721313,0.8916327357292175,0.9090984463691711,0.8366323709487915,1.0109822750091553,0.8129899501800537,0.7309452295303345,0.7963825464248657,0.7760308980941772,0.7938770055770874,0.7152650356292725,0.7821809649467468,0.7716840505599976,0.7747340202331543,0.7173606753349304,0.7711045742034912,0.7548119425773621,0.7701990008354187,0.7175224423408508,0.768117368221283,0.7545540928840637,0.7793115377426147,0.7257789969444275,0.7765907645225525,0.7608039975166321,0
0.8817306160926819,0.837127149105072,0.8796879053115845,0.8277497887611389,0.8823489546775818,0.82154381275177,0.8820540904998779,0.8182121515274048,0.8780649900436401,0.8385443091392517,0.8772485256195068,0.8442502617835999,0.8743616342544556,0.8452707529067993,0.8795881271362305,0.8016663193702698,0.8674908876419067,0.8435150384902954,0.8809850215911865,0.8264379501342773,0.8782094120979309,0.8431001305580139,0.8785109519958496,0.7517803311347961,0.8445290327072144,0.8657568693161011,0.8859365582466125,0.7823221683502197,0.8428957462310791,0.9466716051101685,0.8999637961387634,0.8319936990737915,0.854547381401062,0.9831911325454712,0.907182514667511,0.8344973921775818,0.8556369543075562,0.9961058497428894,0.9032235741615295,0.8419452905654907,0.8571360111236572,0.9861778020858765,0.8986269235610962,0.844563901424408,0.8567540049552917,0.9788225889205933,0.8287248611450195,0.7484086155891418,0.8158507347106934,0.8043462038040161,0.8286458253860474,0.7550815343856812,0.8207655549049377,0.8140013217926025,0.8183684945106506,0.7580583095550537,0.8156417012214661,0.7993759512901306,0.813893735408783,0.7568739652633667,0.8113043904304504,0.7952286601066589,0.8272254467010498,0.7666561007499695,0.8272669315338135,0.807672381401062,0
0.0,0.0,0.0,0.0,0.0,0.0,0.0,0.0,0.0,0.0,0.0,0.0,0.0,0.0,0.0,0.0,0.0,0.0,0.0,0.0,0.0,0.0,0.0,0.0,0.0,0.0,0.0,0.0,0.0,0.0,0.0,0.0,0.0,0.0,0.0,0.0,0.0,0.0,0.0,0.0,0.0,0.0,0.0,0.0,0.0,0.0,0.0,0.0,0.0,0.0,0.0,0.0,0.0,0.0,0.0,0.0,0.0,0.0,0.0,0.0,0.0,0.0,0.0,0.0,0.0,0.0,0
0.8748231530189514,0.8284836411476135,0.873145341873169,0.8182373642921448,0.8737446069717407,0.8143246173858643,0.8743447065353394,0.8104442358016968,0.8702012896537781,0.8278889060020447,0.8687768578529358,0.8304851651191711,0.8673723340034485,0.8329496383666992,0.8699916005134583,0.796134889125824,0.8599114418029785,0.8310957551002502,0.8743602633476257,0.8223612904548645,0.8715007901191711,0.8319850564002991,0.8685578107833862,0.7631360292434692,0.843471884727478,0.850885808467865,0.8840349912643433,0.7803968191146851,0.8501420021057129,0.9324737787246704,0.8862162232398987,0.8290241956710815,0.8628602623939514,0.9203248023986816,0.8890402317047119,0.832798957824707,0.8647966980934143,0.9200184345245361,0.8841730356216431,0.8380119204521179,0.8641220331192017,0.9047865271568298,0.882326602935791,0.8380408883094788,0.863703191280365,0.9043117165565491,0.835360050201416,0.7599782347679138,0.8250434994697571,0.8042249083518982,0.8306626677513123,0.7631479501724243,0.8217698335647583,0.8064441084861755,0.8334667086601257,0.7787609100341797,0.825514018535614,0.8094982504844666,0.8294451832771301,0.7789070010185242,0.8220707774162292,0.8060134053230286,0.84695965051651,0.7954031229019165,0.8391808867454529,0.8176077604293823,0
0.0,0.0,0.0,0.0,0.0,0.0,0.0,0.0,0.0,0.0,0.0,0.0,0.0,0.0,0.0,0.0,0.0,0.0,0.0,0.0,0.0,0.0,0.0,0.0,0.0,0.0,0.0,0.0,0.0,0.0,0.0,0.0,0.0,0.0,0.0,0.0,0.0,0.0,0.0,0.0,0.0,0.0,0.0,0.0,0.0,0.0,0.0,0.0,0.0,0.0,0.0,0.0,0.0,0.0,0.0,0.0,0.0,0.0,0.0,0.0,0.0,0.0,0.0,0.0,0.0,0.0,0
0.8696570992469788,0.8591380715370178,0.8685886859893799,0.8495773673057556,0.8695356845855713,0.8467110395431519,0.8705157041549683,0.843889057636261,0.8653452396392822,0.8551961183547974,0.8640668988227844,0.8562494516372681,0.8627995848655701,0.8572211265563965,0.8695369362831116,0.828999936580658,0.8583336472511292,0.8495599031448364,0.871121883392334,0.852708637714386,0.8677429556846619,0.8587799072265625,0.8804133534431458,0.7992126941680908,0.8482991456985474,0.860736072063446,0.8968086242675781,0.8646444082260132,0.8567898869514465,0.9412398934364319,0.8981822729110718,0.9127678275108337,0.8663352727890015,0.9765529036521912,0.9009401202201843,0.9188632965087891,0.866679847240448,0.9883778691291809,0.8960888981819153,0.9199281930923462,0.8678076267242432,0.9781969785690308,0.8942402601242065,0.918726921081543,0.868518590927124,0.9717912077903748,0.8514957427978516,0.7548007965087891,0.8357166051864624,0.7876969575881958,0.8649058938026428,0.7952486276626587,0.8442996740341187,0.8291995525360107,0.8664120435714722,0.8308089971542358,0.8516852259635925,0.8473932147026062,0.8638283610343933,0.827802300453186,0.8505381941795349,0.8415005207061768,0.8772430419921875,0.869483232498169,0.8628408312797546,0.8821538686752319,0
0.8776777386665344,0.8821980357170105,0.8781428933143616,0.8727554678916931,0.8785794377326965,0.8705490231513977,0.8789840936660767,0.8684750199317932,0.8734801411628723,0.8785310983657837,0.8722739815711975,0.8822101354598999,0.8713980913162231,0.8835018873214722,0.8751460909843445,0.8460122346878052,0.8639238476753235,0.8718709945678711,0.8761347532272339,0.8750705122947693,0.8731868863105774,0.8853063583374023,0.8769099712371826,0.8021185994148254,0.8390811085700989,0.8779460191726685,0.8955453634262085,0.8779981732368469,0.8438258767127991,0.9643327593803406,0.8963333368301392,0.9624987840652466,0.8554709553718567,1.0136399269104004,0.9015114307403564,0.9774671792984009,0.8563366532325745,1.0287975072860718,0.8956717848777771,0.9815137386322021,0.8587482571601868,1.01918363571167,0.891899049282074,0.9782395958900452,0.8588260412216187,1.0120304822921753,0.8243372440338135,0.7657340168952942,0.8085364699363708,0.8039081692695618,0.8286970853805542,0.7798050045967102,0.8133171796798706,0.8247772455215454,0.8214227557182312,0.7923575639724731,0.8068525195121765,0.8144856095314026,0.8178224563598633,0.7924898862838745,0.8024865984916687,0.8119726181030273,0.8312671780586243,0.8060084581375122,0.8196865320205688,0.82475745677948,0
0.0,0.0,0.0,0.0,0.0,0.0,0.0,0.0,0.0,0.0,0.0,0.0,0.0,0.0,0.0,0.0,0.0,0.0,0.0,0.0,0.0,0.0,0.0,0.0,0.0,0.0,0.0,0.0,0.0,0.0,0.0,0.0,0.0,0.0,0.0,0.0,0.0,0.0,0.0,0.0,0.0,0.0,0.0,0.0,0.0,0.0,0.0,0.0,0.0,0.0,0.0,0.0,0.0,0.0,0.0,0.0,0.0,0.0,0.0,0.0,0.0,0.0,0.0,0.0,0.0,0.0,0
0.872399091720581,0.9033279418945312,0.87099689245224,0.8891487121582031,0.871669352054596,0.8863633871078491,0.8730661273002625,0.8808160424232483,0.8674641251564026,0.89718097448349,0.8656083941459656,0.9005184173583984,0.864349365234375,0.9018311500549316,0.8714364767074585,0.8633824586868286,0.8577309250831604,0.8903800845146179,0.8731040358543396,0.8907403945922852,0.868670642375946,0.900010883808136,0.878326416015625,0.8040022253990173,0.8360133767127991,0.8930658102035522,0.9010521173477173,0.8860347270965576,0.8451119661331177,0.9885104894638062,0.8856950998306274,0.9683480262756348,0.8556954264640808,1.0655860900878906,0.899226188659668,1.0142781734466553,0.8553427457809448,1.0894181728363037,0.8924066424369812,1.018599271774292,0.8577597141265869,1.0820308923721313,0.881935715675354,0.986189603805542,0.8585997223854065,1.07008695602417,0.8292043209075928,0.744128406047821,0.8106725215911865,0.7894471883773804,0.8479716777801514,0.7893284559249878,0.8325956463813782,0.8530749082565308,0.8468009233474731,0.825610876083374,0.8363692164421082,0.8745177984237671,0.8432756662368774,0.82508385181427,0.8330214619636536,0.8732768893241882,0.86330246925354,0.8604254722595215,0.8538721799850464,0.9073028564453125,0
0.8652406930923462,0.8981800675392151,0.8656336069107056,0.8887490630149841,0.8664064407348633,0.886553168296814,0.8679906725883484,0.8825750350952148,0.8612841367721558,0.8923068046569824,0.8594780564308167,0.8952181935310364,0.8583385944366455,0.8965248465538025,0.8661070466041565,0.8559685945510864,0.8522169589996338,0.8871135711669922,0.8679009675979614,0.8914905190467834,0.8620423078536987,0.8959629535675049,0.8773718476295471,0.813978374004364,0.835725724697113,0.8952909708023071,0.8920605182647705,0.8759517669677734,0.840412437915802,0.968849778175354,0.8968414664268494,0.9542976021766663,0.8520632386207581,1.0211312770843506,0.9002493023872375,0.9691517353057861,0.8509348034858704,1.0391244888305664,0.8946462273597717,0.9727434515953064,0.8533838391304016,1.0295759439468384,0.8920226693153381,0.968445897102356,0.8547400832176208,1.0196352005004883,0.8366785049438477,0.7566559314727783,0.8174238204956055,0.801673173904419,0.859889030456543,0.8083656430244446,0.8397441506385803,0.8604450821876526,0.8567418456077576,0.8297208547592163,0.8437538743019104,0.8667292594909668,0.8534758687019348,0.8277455568313599,0.8412857055664062,0.8627066612243652,0.8689700365066528,0.8607231378555298,0.8568505048751831,0.8965784907341003,0
0.861819863319397,0.897856593132019,0.8624866008758545,0.8868709802627563,0.8637890815734863,0.8825118541717529,0.8665683269500732,0.8794347643852234,0.8580644130706787,0.8962964415550232,0.8563595414161682,0.8983985185623169,0.8546806573867798,0.9003766179084778,0.8663599491119385,0.861230731010437,0.8492389917373657,0.8913468718528748,0.8619024753570557,0.8866184949874878,0.8574661612510681,0.8966018557548523,0.8674302101135254,0.8022218942642212,0.8265492916107178,0.8964196443557739,0.8772639036178589,0.8383445739746094,0.8245489597320557,0.9527696967124939,0.8865755796432495,0.900071382522583,0.8429148197174072,0.9656425714492798,0.8927052617073059,0.9077997803688049,0.8451737761497498,0.9740225076675415,0.8874868154525757,0.9138705730438232,0.8476039171218872,0.9590592384338379,0.8837860822677612,0.9128543734550476,0.847278356552124,0.9541053771972656,0.8259829878807068,0.7628927826881409,0.8081003427505493,0.8121675848960876,0.834775984287262,0.7786169648170471,0.8143628239631653,0.8240182995796204,0.840064525604248,0.7939072847366333,0.8221712112426758,0.8106544613838196,0.8379759788513184,0.7916083931922913,0.8209941387176514,0.8029280304908752,0.8519266247749329,0.8150545954704285,0.8344791531562805,0.8264708518981934,0
0.0,0.0,0.0,0.0,0.0,0.0,0.0,0.0,0.0,0.0,0.0,0.0,0.0,0.0,0.0,0.0,0.0,0.0,0.0,0.0,0.0,0.0,0.0,0.0,0.0,0.0,0.0,0.0,0.0,0.0,0.0,0.0,0.0,0.0,0.0,0.0,0.0,0.0,0.0,0.0,0.0,0.0,0.0,0.0,0.0,0.0,0.0,0.0,0.0,0.0,0.0,0.0,0.0,0.0,0.0,0.0,0.0,0.0,0.0,0.0,0.0,0.0,0.0,0.0,0.0,0.0,0
0.0,0.0,0.0,0.0,0.0,0.0,0.0,0.0,0.0,0.0,0.0,0.0,0.0,0.0,0.0,0.0,0.0,0.0,0.0,0.0,0.0,0.0,0.0,0.0,0.0,0.0,0.0,0.0,0.0,0.0,0.0,0.0,0.0,0.0,0.0,0.0,0.0,0.0,0.0,0.0,0.0,0.0,0.0,0.0,0.0,0.0,0.0,0.0,0.0,0.0,0.0,0.0,0.0,0.0,0.0,0.0,0.0,0.0,0.0,0.0,0.0,0.0,0.0,0.0,0.0,0.0,0
0.0,0.0,0.0,0.0,0.0,0.0,0.0,0.0,0.0,0.0,0.0,0.0,0.0,0.0,0.0,0.0,0.0,0.0,0.0,0.0,0.0,0.0,0.0,0.0,0.0,0.0,0.0,0.0,0.0,0.0,0.0,0.0,0.0,0.0,0.0,0.0,0.0,0.0,0.0,0.0,0.0,0.0,0.0,0.0,0.0,0.0,0.0,0.0,0.0,0.0,0.0,0.0,0.0,0.0,0.0,0.0,0.0,0.0,0.0,0.0,0.0,0.0,0.0,0.0,0.0,0.0,0
0.0,0.0,0.0,0.0,0.0,0.0,0.0,0.0,0.0,0.0,0.0,0.0,0.0,0.0,0.0,0.0,0.0,0.0,0.0,0.0,0.0,0.0,0.0,0.0,0.0,0.0,0.0,0.0,0.0,0.0,0.0,0.0,0.0,0.0,0.0,0.0,0.0,0.0,0.0,0.0,0.0,0.0,0.0,0.0,0.0,0.0,0.0,0.0,0.0,0.0,0.0,0.0,0.0,0.0,0.0,0.0,0.0,0.0,0.0,0.0,0.0,0.0,0.0,0.0,0.0,0.0,0
0.0,0.0,0.0,0.0,0.0,0.0,0.0,0.0,0.0,0.0,0.0,0.0,0.0,0.0,0.0,0.0,0.0,0.0,0.0,0.0,0.0,0.0,0.0,0.0,0.0,0.0,0.0,0.0,0.0,0.0,0.0,0.0,0.0,0.0,0.0,0.0,0.0,0.0,0.0,0.0,0.0,0.0,0.0,0.0,0.0,0.0,0.0,0.0,0.0,0.0,0.0,0.0,0.0,0.0,0.0,0.0,0.0,0.0,0.0,0.0,0.0,0.0,0.0,0.0,0.0,0.0,0
0.0,0.0,0.0,0.0,0.0,0.0,0.0,0.0,0.0,0.0,0.0,0.0,0.0,0.0,0.0,0.0,0.0,0.0,0.0,0.0,0.0,0.0,0.0,0.0,0.0,0.0,0.0,0.0,0.0,0.0,0.0,0.0,0.0,0.0,0.0,0.0,0.0,0.0,0.0,0.0,0.0,0.0,0.0,0.0,0.0,0.0,0.0,0.0,0.0,0.0,0.0,0.0,0.0,0.0,0.0,0.0,0.0,0.0,0.0,0.0,0.0,0.0,0.0,0.0,0.0,0.0,0
0.0,0.0,0.0,0.0,0.0,0.0,0.0,0.0,0.0,0.0,0.0,0.0,0.0,0.0,0.0,0.0,0.0,0.0,0.0,0.0,0.0,0.0,0.0,0.0,0.0,0.0,0.0,0.0,0.0,0.0,0.0,0.0,0.0,0.0,0.0,0.0,0.0,0.0,0.0,0.0,0.0,0.0,0.0,0.0,0.0,0.0,0.0,0.0,0.0,0.0,0.0,0.0,0.0,0.0,0.0,0.0,0.0,0.0,0.0,0.0,0.0,0.0,0.0,0.0,0.0,0.0,0
0.0,0.0,0.0,0.0,0.0,0.0,0.0,0.0,0.0,0.0,0.0,0.0,0.0,0.0,0.0,0.0,0.0,0.0,0.0,0.0,0.0,0.0,0.0,0.0,0.0,0.0,0.0,0.0,0.0,0.0,0.0,0.0,0.0,0.0,0.0,0.0,0.0,0.0,0.0,0.0,0.0,0.0,0.0,0.0,0.0,0.0,0.0,0.0,0.0,0.0,0.0,0.0,0.0,0.0,0.0,0.0,0.0,0.0,0.0,0.0,0.0,0.0,0.0,0.0,0.0,0.0,0
0.0,0.0,0.0,0.0,0.0,0.0,0.0,0.0,0.0,0.0,0.0,0.0,0.0,0.0,0.0,0.0,0.0,0.0,0.0,0.0,0.0,0.0,0.0,0.0,0.0,0.0,0.0,0.0,0.0,0.0,0.0,0.0,0.0,0.0,0.0,0.0,0.0,0.0,0.0,0.0,0.0,0.0,0.0,0.0,0.0,0.0,0.0,0.0,0.0,0.0,0.0,0.0,0.0,0.0,0.0,0.0,0.0,0.0,0.0,0.0,0.0,0.0,0.0,0.0,0.0,0.0,0
0.0,0.0,0.0,0.0,0.0,0.0,0.0,0.0,0.0,0.0,0.0,0.0,0.0,0.0,0.0,0.0,0.0,0.0,0.0,0.0,0.0,0.0,0.0,0.0,0.0,0.0,0.0,0.0,0.0,0.0,0.0,0.0,0.0,0.0,0.0,0.0,0.0,0.0,0.0,0.0,0.0,0.0,0.0,0.0,0.0,0.0,0.0,0.0,0.0,0.0,0.0,0.0,0.0,0.0,0.0,0.0,0.0,0.0,0.0,0.0,0.0,0.0,0.0,0.0,0.0,0.0,0
0.0,0.0,0.0,0.0,0.0,0.0,0.0,0.0,0.0,0.0,0.0,0.0,0.0,0.0,0.0,0.0,0.0,0.0,0.0,0.0,0.0,0.0,0.0,0.0,0.0,0.0,0.0,0.0,0.0,0.0,0.0,0.0,0.0,0.0,0.0,0.0,0.0,0.0,0.0,0.0,0.0,0.0,0.0,0.0,0.0,0.0,0.0,0.0,0.0,0.0,0.0,0.0,0.0,0.0,0.0,0.0,0.0,0.0,0.0,0.0,0.0,0.0,0.0,0.0,0.0,0.0,0
0.0,0.0,0.0,0.0,0.0,0.0,0.0,0.0,0.0,0.0,0.0,0.0,0.0,0.0,0.0,0.0,0.0,0.0,0.0,0.0,0.0,0.0,0.0,0.0,0.0,0.0,0.0,0.0,0.0,0.0,0.0,0.0,0.0,0.0,0.0,0.0,0.0,0.0,0.0,0.0,0.0,0.0,0.0,0.0,0.0,0.0,0.0,0.0,0.0,0.0,0.0,0.0,0.0,0.0,0.0,0.0,0.0,0.0,0.0,0.0,0.0,0.0,0.0,0.0,0.0,0.0,0
0.0,0.0,0.0,0.0,0.0,0.0,0.0,0.0,0.0,0.0,0.0,0.0,0.0,0.0,0.0,0.0,0.0,0.0,0.0,0.0,0.0,0.0,0.0,0.0,0.0,0.0,0.0,0.0,0.0,0.0,0.0,0.0,0.0,0.0,0.0,0.0,0.0,0.0,0.0,0.0,0.0,0.0,0.0,0.0,0.0,0.0,0.0,0.0,0.0,0.0,0.0,0.0,0.0,0.0,0.0,0.0,0.0,0.0,0.0,0.0,0.0,0.0,0.0,0.0,0.0,0.0,0
0.0,0.0,0.0,0.0,0.0,0.0,0.0,0.0,0.0,0.0,0.0,0.0,0.0,0.0,0.0,0.0,0.0,0.0,0.0,0.0,0.0,0.0,0.0,0.0,0.0,0.0,0.0,0.0,0.0,0.0,0.0,0.0,0.0,0.0,0.0,0.0,0.0,0.0,0.0,0.0,0.0,0.0,0.0,0.0,0.0,0.0,0.0,0.0,0.0,0.0,0.0,0.0,0.0,0.0,0.0,0.0,0.0,0.0,0.0,0.0,0.0,0.0,0.0,0.0,0.0,0.0,0
0.0,0.0,0.0,0.0,0.0,0.0,0.0,0.0,0.0,0.0,0.0,0.0,0.0,0.0,0.0,0.0,0.0,0.0,0.0,0.0,0.0,0.0,0.0,0.0,0.0,0.0,0.0,0.0,0.0,0.0,0.0,0.0,0.0,0.0,0.0,0.0,0.0,0.0,0.0,0.0,0.0,0.0,0.0,0.0,0.0,0.0,0.0,0.0,0.0,0.0,0.0,0.0,0.0,0.0,0.0,0.0,0.0,0.0,0.0,0.0,0.0,0.0,0.0,0.0,0.0,0.0,0
0.0,0.0,0.0,0.0,0.0,0.0,0.0,0.0,0.0,0.0,0.0,0.0,0.0,0.0,0.0,0.0,0.0,0.0,0.0,0.0,0.0,0.0,0.0,0.0,0.0,0.0,0.0,0.0,0.0,0.0,0.0,0.0,0.0,0.0,0.0,0.0,0.0,0.0,0.0,0.0,0.0,0.0,0.0,0.0,0.0,0.0,0.0,0.0,0.0,0.0,0.0,0.0,0.0,0.0,0.0,0.0,0.0,0.0,0.0,0.0,0.0,0.0,0.0,0.0,0.0,0.0,0
0.0,0.0,0.0,0.0,0.0,0.0,0.0,0.0,0.0,0.0,0.0,0.0,0.0,0.0,0.0,0.0,0.0,0.0,0.0,0.0,0.0,0.0,0.0,0.0,0.0,0.0,0.0,0.0,0.0,0.0,0.0,0.0,0.0,0.0,0.0,0.0,0.0,0.0,0.0,0.0,0.0,0.0,0.0,0.0,0.0,0.0,0.0,0.0,0.0,0.0,0.0,0.0,0.0,0.0,0.0,0.0,0.0,0.0,0.0,0.0,0.0,0.0,0.0,0.0,0.0,0.0,0
0.0,0.0,0.0,0.0,0.0,0.0,0.0,0.0,0.0,0.0,0.0,0.0,0.0,0.0,0.0,0.0,0.0,0.0,0.0,0.0,0.0,0.0,0.0,0.0,0.0,0.0,0.0,0.0,0.0,0.0,0.0,0.0,0.0,0.0,0.0,0.0,0.0,0.0,0.0,0.0,0.0,0.0,0.0,0.0,0.0,0.0,0.0,0.0,0.0,0.0,0.0,0.0,0.0,0.0,0.0,0.0,0.0,0.0,0.0,0.0,0.0,0.0,0.0,0.0,0.0,0.0,0
0.0,0.0,0.0,0.0,0.0,0.0,0.0,0.0,0.0,0.0,0.0,0.0,0.0,0.0,0.0,0.0,0.0,0.0,0.0,0.0,0.0,0.0,0.0,0.0,0.0,0.0,0.0,0.0,0.0,0.0,0.0,0.0,0.0,0.0,0.0,0.0,0.0,0.0,0.0,0.0,0.0,0.0,0.0,0.0,0.0,0.0,0.0,0.0,0.0,0.0,0.0,0.0,0.0,0.0,0.0,0.0,0.0,0.0,0.0,0.0,0.0,0.0,0.0,0.0,0.0,0.0,0
0.0,0.0,0.0,0.0,0.0,0.0,0.0,0.0,0.0,0.0,0.0,0.0,0.0,0.0,0.0,0.0,0.0,0.0,0.0,0.0,0.0,0.0,0.0,0.0,0.0,0.0,0.0,0.0,0.0,0.0,0.0,0.0,0.0,0.0,0.0,0.0,0.0,0.0,0.0,0.0,0.0,0.0,0.0,0.0,0.0,0.0,0.0,0.0,0.0,0.0,0.0,0.0,0.0,0.0,0.0,0.0,0.0,0.0,0.0,0.0,0.0,0.0,0.0,0.0,0.0,0.0,0
0.0,0.0,0.0,0.0,0.0,0.0,0.0,0.0,0.0,0.0,0.0,0.0,0.0,0.0,0.0,0.0,0.0,0.0,0.0,0.0,0.0,0.0,0.0,0.0,0.0,0.0,0.0,0.0,0.0,0.0,0.0,0.0,0.0,0.0,0.0,0.0,0.0,0.0,0.0,0.0,0.0,0.0,0.0,0.0,0.0,0.0,0.0,0.0,0.0,0.0,0.0,0.0,0.0,0.0,0.0,0.0,0.0,0.0,0.0,0.0,0.0,0.0,0.0,0.0,0.0,0.0,0
0.0,0.0,0.0,0.0,0.0,0.0,0.0,0.0,0.0,0.0,0.0,0.0,0.0,0.0,0.0,0.0,0.0,0.0,0.0,0.0,0.0,0.0,0.0,0.0,0.0,0.0,0.0,0.0,0.0,0.0,0.0,0.0,0.0,0.0,0.0,0.0,0.0,0.0,0.0,0.0,0.0,0.0,0.0,0.0,0.0,0.0,0.0,0.0,0.0,0.0,0.0,0.0,0.0,0.0,0.0,0.0,0.0,0.0,0.0,0.0,0.0,0.0,0.0,0.0,0.0,0.0,0
0.0,0.0,0.0,0.0,0.0,0.0,0.0,0.0,0.0,0.0,0.0,0.0,0.0,0.0,0.0,0.0,0.0,0.0,0.0,0.0,0.0,0.0,0.0,0.0,0.0,0.0,0.0,0.0,0.0,0.0,0.0,0.0,0.0,0.0,0.0,0.0,0.0,0.0,0.0,0.0,0.0,0.0,0.0,0.0,0.0,0.0,0.0,0.0,0.0,0.0,0.0,0.0,0.0,0.0,0.0,0.0,0.0,0.0,0.0,0.0,0.0,0.0,0.0,0.0,0.0,0.0,0
0.0,0.0,0.0,0.0,0.0,0.0,0.0,0.0,0.0,0.0,0.0,0.0,0.0,0.0,0.0,0.0,0.0,0.0,0.0,0.0,0.0,0.0,0.0,0.0,0.0,0.0,0.0,0.0,0.0,0.0,0.0,0.0,0.0,0.0,0.0,0.0,0.0,0.0,0.0,0.0,0.0,0.0,0.0,0.0,0.0,0.0,0.0,0.0,0.0,0.0,0.0,0.0,0.0,0.0,0.0,0.0,0.0,0.0,0.0,0.0,0.0,0.0,0.0,0.0,0.0,0.0,0
0.0,0.0,0.0,0.0,0.0,0.0,0.0,0.0,0.0,0.0,0.0,0.0,0.0,0.0,0.0,0.0,0.0,0.0,0.0,0.0,0.0,0.0,0.0,0.0,0.0,0.0,0.0,0.0,0.0,0.0,0.0,0.0,0.0,0.0,0.0,0.0,0.0,0.0,0.0,0.0,0.0,0.0,0.0,0.0,0.0,0.0,0.0,0.0,0.0,0.0,0.0,0.0,0.0,0.0,0.0,0.0,0.0,0.0,0.0,0.0,0.0,0.0,0.0,0.0,0.0,0.0,0
0.0,0.0,0.0,0.0,0.0,0.0,0.0,0.0,0.0,0.0,0.0,0.0,0.0,0.0,0.0,0.0,0.0,0.0,0.0,0.0,0.0,0.0,0.0,0.0,0.0,0.0,0.0,0.0,0.0,0.0,0.0,0.0,0.0,0.0,0.0,0.0,0.0,0.0,0.0,0.0,0.0,0.0,0.0,0.0,0.0,0.0,0.0,0.0,0.0,0.0,0.0,0.0,0.0,0.0,0.0,0.0,0.0,0.0,0.0,0.0,0.0,0.0,0.0,0.0,0.0,0.0,0
0.0,0.0,0.0,0.0,0.0,0.0,0.0,0.0,0.0,0.0,0.0,0.0,0.0,0.0,0.0,0.0,0.0,0.0,0.0,0.0,0.0,0.0,0.0,0.0,0.0,0.0,0.0,0.0,0.0,0.0,0.0,0.0,0.0,0.0,0.0,0.0,0.0,0.0,0.0,0.0,0.0,0.0,0.0,0.0,0.0,0.0,0.0,0.0,0.0,0.0,0.0,0.0,0.0,0.0,0.0,0.0,0.0,0.0,0.0,0.0,0.0,0.0,0.0,0.0,0.0,0.0,0
0.0,0.0,0.0,0.0,0.0,0.0,0.0,0.0,0.0,0.0,0.0,0.0,0.0,0.0,0.0,0.0,0.0,0.0,0.0,0.0,0.0,0.0,0.0,0.0,0.0,0.0,0.0,0.0,0.0,0.0,0.0,0.0,0.0,0.0,0.0,0.0,0.0,0.0,0.0,0.0,0.0,0.0,0.0,0.0,0.0,0.0,0.0,0.0,0.0,0.0,0.0,0.0,0.0,0.0,0.0,0.0,0.0,0.0,0.0,0.0,0.0,0.0,0.0,0.0,0.0,0.0,0
0.0,0.0,0.0,0.0,0.0,0.0,0.0,0.0,0.0,0.0,0.0,0.0,0.0,0.0,0.0,0.0,0.0,0.0,0.0,0.0,0.0,0.0,0.0,0.0,0.0,0.0,0.0,0.0,0.0,0.0,0.0,0.0,0.0,0.0,0.0,0.0,0.0,0.0,0.0,0.0,0.0,0.0,0.0,0.0,0.0,0.0,0.0,0.0,0.0,0.0,0.0,0.0,0.0,0.0,0.0,0.0,0.0,0.0,0.0,0.0,0.0,0.0,0.0,0.0,0.0,0.0,0
0.0,0.0,0.0,0.0,0.0,0.0,0.0,0.0,0.0,0.0,0.0,0.0,0.0,0.0,0.0,0.0,0.0,0.0,0.0,0.0,0.0,0.0,0.0,0.0,0.0,0.0,0.0,0.0,0.0,0.0,0.0,0.0,0.0,0.0,0.0,0.0,0.0,0.0,0.0,0.0,0.0,0.0,0.0,0.0,0.0,0.0,0.0,0.0,0.0,0.0,0.0,0.0,0.0,0.0,0.0,0.0,0.0,0.0,0.0,0.0,0.0,0.0,0.0,0.0,0.0,0.0,0
0.0,0.0,0.0,0.0,0.0,0.0,0.0,0.0,0.0,0.0,0.0,0.0,0.0,0.0,0.0,0.0,0.0,0.0,0.0,0.0,0.0,0.0,0.0,0.0,0.0,0.0,0.0,0.0,0.0,0.0,0.0,0.0,0.0,0.0,0.0,0.0,0.0,0.0,0.0,0.0,0.0,0.0,0.0,0.0,0.0,0.0,0.0,0.0,0.0,0.0,0.0,0.0,0.0,0.0,0.0,0.0,0.0,0.0,0.0,0.0,0.0,0.0,0.0,0.0,0.0,0.0,0
0.0,0.0,0.0,0.0,0.0,0.0,0.0,0.0,0.0,0.0,0.0,0.0,0.0,0.0,0.0,0.0,0.0,0.0,0.0,0.0,0.0,0.0,0.0,0.0,0.0,0.0,0.0,0.0,0.0,0.0,0.0,0.0,0.0,0.0,0.0,0.0,0.0,0.0,0.0,0.0,0.0,0.0,0.0,0.0,0.0,0.0,0.0,0.0,0.0,0.0,0.0,0.0,0.0,0.0,0.0,0.0,0.0,0.0,0.0,0.0,0.0,0.0,0.0,0.0,0.0,0.0,0
0.0,0.0,0.0,0.0,0.0,0.0,0.0,0.0,0.0,0.0,0.0,0.0,0.0,0.0,0.0,0.0,0.0,0.0,0.0,0.0,0.0,0.0,0.0,0.0,0.0,0.0,0.0,0.0,0.0,0.0,0.0,0.0,0.0,0.0,0.0,0.0,0.0,0.0,0.0,0.0,0.0,0.0,0.0,0.0,0.0,0.0,0.0,0.0,0.0,0.0,0.0,0.0,0.0,0.0,0.0,0.0,0.0,0.0,0.0,0.0,0.0,0.0,0.0,0.0,0.0,0.0,0
0.0,0.0,0.0,0.0,0.0,0.0,0.0,0.0,0.0,0.0,0.0,0.0,0.0,0.0,0.0,0.0,0.0,0.0,0.0,0.0,0.0,0.0,0.0,0.0,0.0,0.0,0.0,0.0,0.0,0.0,0.0,0.0,0.0,0.0,0.0,0.0,0.0,0.0,0.0,0.0,0.0,0.0,0.0,0.0,0.0,0.0,0.0,0.0,0.0,0.0,0.0,0.0,0.0,0.0,0.0,0.0,0.0,0.0,0.0,0.0,0.0,0.0,0.0,0.0,0.0,0.0,0
0.0,0.0,0.0,0.0,0.0,0.0,0.0,0.0,0.0,0.0,0.0,0.0,0.0,0.0,0.0,0.0,0.0,0.0,0.0,0.0,0.0,0.0,0.0,0.0,0.0,0.0,0.0,0.0,0.0,0.0,0.0,0.0,0.0,0.0,0.0,0.0,0.0,0.0,0.0,0.0,0.0,0.0,0.0,0.0,0.0,0.0,0.0,0.0,0.0,0.0,0.0,0.0,0.0,0.0,0.0,0.0,0.0,0.0,0.0,0.0,0.0,0.0,0.0,0.0,0.0,0.0,0
0.0,0.0,0.0,0.0,0.0,0.0,0.0,0.0,0.0,0.0,0.0,0.0,0.0,0.0,0.0,0.0,0.0,0.0,0.0,0.0,0.0,0.0,0.0,0.0,0.0,0.0,0.0,0.0,0.0,0.0,0.0,0.0,0.0,0.0,0.0,0.0,0.0,0.0,0.0,0.0,0.0,0.0,0.0,0.0,0.0,0.0,0.0,0.0,0.0,0.0,0.0,0.0,0.0,0.0,0.0,0.0,0.0,0.0,0.0,0.0,0.0,0.0,0.0,0.0,0.0,0.0,0
0.0,0.0,0.0,0.0,0.0,0.0,0.0,0.0,0.0,0.0,0.0,0.0,0.0,0.0,0.0,0.0,0.0,0.0,0.0,0.0,0.0,0.0,0.0,0.0,0.0,0.0,0.0,0.0,0.0,0.0,0.0,0.0,0.0,0.0,0.0,0.0,0.0,0.0,0.0,0.0,0.0,0.0,0.0,0.0,0.0,0.0,0.0,0.0,0.0,0.0,0.0,0.0,0.0,0.0,0.0,0.0,0.0,0.0,0.0,0.0,0.0,0.0,0.0,0.0,0.0,0.0,0
0.0,0.0,0.0,0.0,0.0,0.0,0.0,0.0,0.0,0.0,0.0,0.0,0.0,0.0,0.0,0.0,0.0,0.0,0.0,0.0,0.0,0.0,0.0,0.0,0.0,0.0,0.0,0.0,0.0,0.0,0.0,0.0,0.0,0.0,0.0,0.0,0.0,0.0,0.0,0.0,0.0,0.0,0.0,0.0,0.0,0.0,0.0,0.0,0.0,0.0,0.0,0.0,0.0,0.0,0.0,0.0,0.0,0.0,0.0,0.0,0.0,0.0,0.0,0.0,0.0,0.0,0
0.0,0.0,0.0,0.0,0.0,0.0,0.0,0.0,0.0,0.0,0.0,0.0,0.0,0.0,0.0,0.0,0.0,0.0,0.0,0.0,0.0,0.0,0.0,0.0,0.0,0.0,0.0,0.0,0.0,0.0,0.0,0.0,0.0,0.0,0.0,0.0,0.0,0.0,0.0,0.0,0.0,0.0,0.0,0.0,0.0,0.0,0.0,0.0,0.0,0.0,0.0,0.0,0.0,0.0,0.0,0.0,0.0,0.0,0.0,0.0,0.0,0.0,0.0,0.0,0.0,0.0,0
0.0,0.0,0.0,0.0,0.0,0.0,0.0,0.0,0.0,0.0,0.0,0.0,0.0,0.0,0.0,0.0,0.0,0.0,0.0,0.0,0.0,0.0,0.0,0.0,0.0,0.0,0.0,0.0,0.0,0.0,0.0,0.0,0.0,0.0,0.0,0.0,0.0,0.0,0.0,0.0,0.0,0.0,0.0,0.0,0.0,0.0,0.0,0.0,0.0,0.0,0.0,0.0,0.0,0.0,0.0,0.0,0.0,0.0,0.0,0.0,0.0,0.0,0.0,0.0,0.0,0.0,0
0.0,0.0,0.0,0.0,0.0,0.0,0.0,0.0,0.0,0.0,0.0,0.0,0.0,0.0,0.0,0.0,0.0,0.0,0.0,0.0,0.0,0.0,0.0,0.0,0.0,0.0,0.0,0.0,0.0,0.0,0.0,0.0,0.0,0.0,0.0,0.0,0.0,0.0,0.0,0.0,0.0,0.0,0.0,0.0,0.0,0.0,0.0,0.0,0.0,0.0,0.0,0.0,0.0,0.0,0.0,0.0,0.0,0.0,0.0,0.0,0.0,0.0,0.0,0.0,0.0,0.0,0
0.0,0.0,0.0,0.0,0.0,0.0,0.0,0.0,0.0,0.0,0.0,0.0,0.0,0.0,0.0,0.0,0.0,0.0,0.0,0.0,0.0,0.0,0.0,0.0,0.0,0.0,0.0,0.0,0.0,0.0,0.0,0.0,0.0,0.0,0.0,0.0,0.0,0.0,0.0,0.0,0.0,0.0,0.0,0.0,0.0,0.0,0.0,0.0,0.0,0.0,0.0,0.0,0.0,0.0,0.0,0.0,0.0,0.0,0.0,0.0,0.0,0.0,0.0,0.0,0.0,0.0,0
0.0,0.0,0.0,0.0,0.0,0.0,0.0,0.0,0.0,0.0,0.0,0.0,0.0,0.0,0.0,0.0,0.0,0.0,0.0,0.0,0.0,0.0,0.0,0.0,0.0,0.0,0.0,0.0,0.0,0.0,0.0,0.0,0.0,0.0,0.0,0.0,0.0,0.0,0.0,0.0,0.0,0.0,0.0,0.0,0.0,0.0,0.0,0.0,0.0,0.0,0.0,0.0,0.0,0.0,0.0,0.0,0.0,0.0,0.0,0.0,0.0,0.0,0.0,0.0,0.0,0.0,0
0.0,0.0,0.0,0.0,0.0,0.0,0.0,0.0,0.0,0.0,0.0,0.0,0.0,0.0,0.0,0.0,0.0,0.0,0.0,0.0,0.0,0.0,0.0,0.0,0.0,0.0,0.0,0.0,0.0,0.0,0.0,0.0,0.0,0.0,0.0,0.0,0.0,0.0,0.0,0.0,0.0,0.0,0.0,0.0,0.0,0.0,0.0,0.0,0.0,0.0,0.0,0.0,0.0,0.0,0.0,0.0,0.0,0.0,0.0,0.0,0.0,0.0,0.0,0.0,0.0,0.0,0
0.0,0.0,0.0,0.0,0.0,0.0,0.0,0.0,0.0,0.0,0.0,0.0,0.0,0.0,0.0,0.0,0.0,0.0,0.0,0.0,0.0,0.0,0.0,0.0,0.0,0.0,0.0,0.0,0.0,0.0,0.0,0.0,0.0,0.0,0.0,0.0,0.0,0.0,0.0,0.0,0.0,0.0,0.0,0.0,0.0,0.0,0.0,0.0,0.0,0.0,0.0,0.0,0.0,0.0,0.0,0.0,0.0,0.0,0.0,0.0,0.0,0.0,0.0,0.0,0.0,0.0,0
0.0,0.0,0.0,0.0,0.0,0.0,0.0,0.0,0.0,0.0,0.0,0.0,0.0,0.0,0.0,0.0,0.0,0.0,0.0,0.0,0.0,0.0,0.0,0.0,0.0,0.0,0.0,0.0,0.0,0.0,0.0,0.0,0.0,0.0,0.0,0.0,0.0,0.0,0.0,0.0,0.0,0.0,0.0,0.0,0.0,0.0,0.0,0.0,0.0,0.0,0.0,0.0,0.0,0.0,0.0,0.0,0.0,0.0,0.0,0.0,0.0,0.0,0.0,0.0,0.0,0.0,0
0.0,0.0,0.0,0.0,0.0,0.0,0.0,0.0,0.0,0.0,0.0,0.0,0.0,0.0,0.0,0.0,0.0,0.0,0.0,0.0,0.0,0.0,0.0,0.0,0.0,0.0,0.0,0.0,0.0,0.0,0.0,0.0,0.0,0.0,0.0,0.0,0.0,0.0,0.0,0.0,0.0,0.0,0.0,0.0,0.0,0.0,0.0,0.0,0.0,0.0,0.0,0.0,0.0,0.0,0.0,0.0,0.0,0.0,0.0,0.0,0.0,0.0,0.0,0.0,0.0,0.0,0
0.0,0.0,0.0,0.0,0.0,0.0,0.0,0.0,0.0,0.0,0.0,0.0,0.0,0.0,0.0,0.0,0.0,0.0,0.0,0.0,0.0,0.0,0.0,0.0,0.0,0.0,0.0,0.0,0.0,0.0,0.0,0.0,0.0,0.0,0.0,0.0,0.0,0.0,0.0,0.0,0.0,0.0,0.0,0.0,0.0,0.0,0.0,0.0,0.0,0.0,0.0,0.0,0.0,0.0,0.0,0.0,0.0,0.0,0.0,0.0,0.0,0.0,0.0,0.0,0.0,0.0,0
0.0,0.0,0.0,0.0,0.0,0.0,0.0,0.0,0.0,0.0,0.0,0.0,0.0,0.0,0.0,0.0,0.0,0.0,0.0,0.0,0.0,0.0,0.0,0.0,0.0,0.0,0.0,0.0,0.0,0.0,0.0,0.0,0.0,0.0,0.0,0.0,0.0,0.0,0.0,0.0,0.0,0.0,0.0,0.0,0.0,0.0,0.0,0.0,0.0,0.0,0.0,0.0,0.0,0.0,0.0,0.0,0.0,0.0,0.0,0.0,0.0,0.0,0.0,0.0,0.0,0.0,0
0.0,0.0,0.0,0.0,0.0,0.0,0.0,0.0,0.0,0.0,0.0,0.0,0.0,0.0,0.0,0.0,0.0,0.0,0.0,0.0,0.0,0.0,0.0,0.0,0.0,0.0,0.0,0.0,0.0,0.0,0.0,0.0,0.0,0.0,0.0,0.0,0.0,0.0,0.0,0.0,0.0,0.0,0.0,0.0,0.0,0.0,0.0,0.0,0.0,0.0,0.0,0.0,0.0,0.0,0.0,0.0,0.0,0.0,0.0,0.0,0.0,0.0,0.0,0.0,0.0,0.0,0
0.0,0.0,0.0,0.0,0.0,0.0,0.0,0.0,0.0,0.0,0.0,0.0,0.0,0.0,0.0,0.0,0.0,0.0,0.0,0.0,0.0,0.0,0.0,0.0,0.0,0.0,0.0,0.0,0.0,0.0,0.0,0.0,0.0,0.0,0.0,0.0,0.0,0.0,0.0,0.0,0.0,0.0,0.0,0.0,0.0,0.0,0.0,0.0,0.0,0.0,0.0,0.0,0.0,0.0,0.0,0.0,0.0,0.0,0.0,0.0,0.0,0.0,0.0,0.0,0.0,0.0,0
0.0,0.0,0.0,0.0,0.0,0.0,0.0,0.0,0.0,0.0,0.0,0.0,0.0,0.0,0.0,0.0,0.0,0.0,0.0,0.0,0.0,0.0,0.0,0.0,0.0,0.0,0.0,0.0,0.0,0.0,0.0,0.0,0.0,0.0,0.0,0.0,0.0,0.0,0.0,0.0,0.0,0.0,0.0,0.0,0.0,0.0,0.0,0.0,0.0,0.0,0.0,0.0,0.0,0.0,0.0,0.0,0.0,0.0,0.0,0.0,0.0,0.0,0.0,0.0,0.0,0.0,0
0.0,0.0,0.0,0.0,0.0,0.0,0.0,0.0,0.0,0.0,0.0,0.0,0.0,0.0,0.0,0.0,0.0,0.0,0.0,0.0,0.0,0.0,0.0,0.0,0.0,0.0,0.0,0.0,0.0,0.0,0.0,0.0,0.0,0.0,0.0,0.0,0.0,0.0,0.0,0.0,0.0,0.0,0.0,0.0,0.0,0.0,0.0,0.0,0.0,0.0,0.0,0.0,0.0,0.0,0.0,0.0,0.0,0.0,0.0,0.0,0.0,0.0,0.0,0.0,0.0,0.0,0
0.0,0.0,0.0,0.0,0.0,0.0,0.0,0.0,0.0,0.0,0.0,0.0,0.0,0.0,0.0,0.0,0.0,0.0,0.0,0.0,0.0,0.0,0.0,0.0,0.0,0.0,0.0,0.0,0.0,0.0,0.0,0.0,0.0,0.0,0.0,0.0,0.0,0.0,0.0,0.0,0.0,0.0,0.0,0.0,0.0,0.0,0.0,0.0,0.0,0.0,0.0,0.0,0.0,0.0,0.0,0.0,0.0,0.0,0.0,0.0,0.0,0.0,0.0,0.0,0.0,0.0,0
0.0,0.0,0.0,0.0,0.0,0.0,0.0,0.0,0.0,0.0,0.0,0.0,0.0,0.0,0.0,0.0,0.0,0.0,0.0,0.0,0.0,0.0,0.0,0.0,0.0,0.0,0.0,0.0,0.0,0.0,0.0,0.0,0.0,0.0,0.0,0.0,0.0,0.0,0.0,0.0,0.0,0.0,0.0,0.0,0.0,0.0,0.0,0.0,0.0,0.0,0.0,0.0,0.0,0.0,0.0,0.0,0.0,0.0,0.0,0.0,0.0,0.0,0.0,0.0,0.0,0.0,0
0.8346211910247803,0.8850248456001282,0.8325066566467285,0.875485897064209,0.8334566354751587,0.8803454637527466,0.833678662776947,0.8749524354934692,0.8308594226837158,0.8813786506652832,0.83006751537323,0.8823865652084351,0.8292701840400696,0.8835412263870239,0.8311734199523926,0.8604331612586975,0.825537383556366,0.8756685853004456,0.8359282612800598,0.8781303763389587,0.8344219326972961,0.8838871717453003,0.8401926159858704,0.8297426700592041,0.8211055397987366,0.8813900947570801,0.8605453372001648,0.8439321517944336,0.8256463408470154,0.931056559085846,0.8722965121269226,0.9036994576454163,0.8397160768508911,0.9519541263580322,0.876806378364563,0.9154687523841858,0.8412110805511475,0.9567587971687317,0.871547281742096,0.9241699576377869,0.8429577946662903,0.9521647095680237,0.8701170086860657,0.9199167490005493,0.8438196778297424,0.9508894085884094,0.8612630367279053,0.8505669832229614,0.8529403209686279,0.8783118724822998,0.8839727640151978,0.8855003118515015,0.8780986666679382,0.8939843773841858,0.9032286405563354,0.9166498780250549,0.8996989130973816,0.9008642435073853,0.9051799178123474,0.9167529344558716,0.9023232460021973,0.8963207006454468,0.9118989706039429,0.9458843469619751,0.9094430208206177,0.9202960729598999,0
0.8384291529655457,0.9157310128211975,0.8373335003852844,0.905101478099823,0.838001549243927,0.8992783427238464,0.8383365869522095,0.8955646753311157,0.8347740173339844,0.9150293469429016,0.8332367539405823,0.9164892435073853,0.832170307636261,0.9175888299942017,0.8377047181129456,0.8741483092308044,0.826635479927063,0.9066715240478516,0.8416296243667603,0.9053400754928589,0.8388100266456604,0.917673647403717,0.85823655128479,0.8344716429710388,0.8126859068870544,0.8926059603691101,0.8902018666267395,0.900438666343689,0.8200814723968506,0.9620999693870544,0.9086301922798157,0.9755473732948303,0.832257866859436,1.033923864364624,0.9145737290382385,0.9829993844032288,0.8261783719062805,1.0491937398910522,0.9050297141075134,0.9941034317016602,0.8314312696456909,1.0467524528503418,0.9027188420295715,0.9925323128700256,0.8369190096855164,1.0405137538909912,0.8666708469390869,0.8450846076011658,0.84847491979599,0.8803607225418091,0.8828902840614319,0.8513219952583313,0.870787501335144,0.8856425285339355,0.892832338809967,0.8370785117149353,0.8843950629234314,0.8729564547538757,0.892116367816925,0.829829752445221,0.8845618367195129,0.8663471937179565,0.9016612768173218,0.8562043905258179,0.8950678110122681,0.8805210590362549,0
0.8365448117256165,0.9070764780044556,0.8350279927253723,0.8984622955322266,0.8352651000022888,0.8958014249801636,0.8355361223220825,0.8894625306129456,0.8324952125549316,0.9072337746620178,0.8317974209785461,0.9082301259040833,0.8299018740653992,0.9015089869499207,0.833601713180542,0.8737027049064636,0.8252151608467102,0.8923341631889343,0.8379790186882019,0.8967136740684509,0.8359995484352112,0.8976321220397949,0.8472915887832642,0.8326172828674316,0.8157713413238525,0.8862522840499878,0.8762155175209045,0.8555083274841309,0.8244220614433289,0.9269453883171082,0.8993426561355591,0.9217791557312012,0.8374048471450806,0.9737085700035095,0.9058162569999695,0.9291958212852478,0.8342372179031372,0.9856480956077576,0.8993082046508789,0.9464054107666016,0.8378821015357971,0.9828755855560303,0.8969547152519226,0.9441619515419006,0.8413310050964355,0.9782822728157043,0.8593605756759644,0.8439174890518188,0.8464874625205994,0.8731046319007874,0.8805708885192871,0.8611450791358948,0.8647041916847229,0.885421872138977,0.8923752903938293,0.8677254915237427,0.8761943578720093,0.8845195770263672,0.8922792673110962,0.8642560243606567,0.8767185807228088,0.8809152245521545,0.9007534980773926,0.8871710300445557,0.8846502304077148,0.89070725440979,0
0.8218459486961365,0.9141960740089417,0.8227384090423584,0.9047201871871948,0.8240276575088501,0.9032308459281921,0.8252972960472107,0.9018017053604126,0.8202452063560486,0.9092563986778259,0.8194591999053955,0.9104475378990173,0.8178791403770447,0.9071781039237976,0.8297403454780579,0.8868362903594971,0.8177019357681274,0.8879227042198181,0.8265714049339294,0.9081501960754395,0.8232671618461609,0.9098186492919922,0.8533973097801208,0.8638091087341309,0.8164975047111511,0.8608912229537964,0.8790323734283447,0.8778108954429626,0.8198030591011047,0.8806203603744507,0.8790682554244995,0.9128774404525757,0.8253016471862793,0.9314484596252441,0.8817090392112732,0.9209870100021362,0.8226127028465271,0.942086935043335,0.8754982352256775,0.9207736849784851,0.8274388313293457,0.9453315734863281,0.8740178942680359,0.9177407026290894,0.829950749874115,0.9409939646720886,0.8590782880783081,0.7989363670349121,0.842623233795166,0.8023345470428467,0.8751468062400818,0.8577194809913635,0.8550193905830383,0.8478450179100037,0.8956345319747925,0.8724858164787292,0.8810790181159973,0.8736087083816528,0.8994423151016235,0.8653600215911865,0.886282205581665,0.8715351223945618,0.8998588919639587,0.9210518598556519,0.8849085569381714,0.9094492793083191,0
0.8256822228431702,0.8870051503181458,0.8240113258361816,0.8856329321861267,0.8242359757423401,0.8842617273330688,0.8244393467903137,0.8829071521759033,0.8225602507591248,0.8875049352645874,0.8218582272529602,0.8876696825027466,0.8211801052093506,0.8879034519195557,0.8227044939994812,0.8734821081161499,0.8181784749031067,0.8800193667411804,0.8265719413757324,0.8797919154167175,0.8253101706504822,0.8822930455207825,0.8314998745918274,0.8390309810638428,0.8146589398384094,0.8650459051132202,0.8473301529884338,0.8436903953552246,0.8228016495704651,0.8938965797424316,0.8464205861091614,0.894909679889679,0.8260130882263184,0.925011396408081,0.8478114008903503,0.9072960615158081,0.8254238367080688,0.9319988489151001,0.8434993624687195,0.9129970669746399,0.8260536789894104,0.9327290654182434,0.8425885438919067,0.9079999923706055,0.8274181485176086,0.9292081594467163,0.8506203293800354,0.801536500453949,0.8417254686355591,0.8208156228065491,0.8737169504165649,0.8590376377105713,0.8590453267097473,0.8681878447532654,0.8933106064796448,0.8591363430023193,0.8820406794548035,0.853678822517395,0.8944061398506165,0.852027416229248,0.8846728801727295,0.8466359972953796,0.9029130339622498,0.8896140456199646,0.8900936841964722,0.8687062859535217,0
0.0,0.0,0.0,0.0,0.0,0.0,0.0,0.0,0.0,0.0,0.0,0.0,0.0,0.0,0.0,0.0,0.0,0.0,0.0,0.0,0.0,0.0,0.0,0.0,0.0,0.0,0.0,0.0,0.0,0.0,0.0,0.0,0.0,0.0,0.0,0.0,0.0,0.0,0.0,0.0,0.0,0.0,0.0,0.0,0.0,0.0,0.0,0.0,0.0,0.0,0.0,0.0,0.0,0.0,0.0,0.0,0.0,0.0,0.0,0.0,0.0,0.0,0.0,0.0,0.0,0.0,0
0.8342273235321045,0.9235485792160034,0.8312297463417053,0.9082093238830566,0.8320947289466858,0.9061916470527649,0.8342239260673523,0.8965371251106262,0.8262808918952942,0.913170576095581,0.8261038064956665,0.9183366298675537,0.8250923752784729,0.9187591075897217,0.8333878517150879,0.857748806476593,0.8218072056770325,0.9093800783157349,0.8378098607063293,0.9112783670425415,0.8339024782180786,0.9239360094070435,0.8604280352592468,0.8053120970726013,0.8148198127746582,0.922805666923523,0.900671660900116,0.8874431848526001,0.8341832160949707,1.0061719417572021,0.9143440127372742,0.9747248888015747,0.8559543490409851,1.050931453704834,0.9189466238021851,0.9880492091178894,0.856549084186554,1.0698752403259277,0.9113097786903381,0.9942919015884399,0.8579874634742737,1.0533151626586914,0.9084981083869934,0.9911158680915833,0.8594832420349121,1.0414308309555054,0.8341931104660034,0.7471932768821716,0.8128072023391724,0.802401065826416,0.8611307144165039,0.8384426832199097,0.8327168226242065,0.9025394916534424,0.8618736267089844,0.8816083669662476,0.8423311710357666,0.9305509328842163,0.8610551357269287,0.8777672648429871,0.8426043391227722,0.925091028213501,0.8739761114120483,0.9399495124816895,0.8535640239715576,0.982302188873291,0
0.8318377137184143,0.9246835708618164,0.8303385972976685,0.9112453460693359,0.8306636810302734,0.904672384262085,0.8330735564231873,0.902495801448822,0.8265823721885681,0.9132611751556396,0.8234338164329529,0.9125055074691772,0.8220193386077881,0.9145427346229553,0.8356438279151917,0.881961464881897,0.8194395899772644,0.9005681276321411,0.8365164399147034,0.9157723784446716,0.8334664106369019,0.9246154427528381,0.8622850775718689,0.8322723507881165,0.8178277015686035,0.9047495126724243,0.9068784117698669,0.8762518167495728,0.8314050436019897,0.9600054025650024,0.9118660092353821,0.9103080034255981,0.8524830341339111,0.9767044186592102,0.9144737720489502,0.9103879928588867,0.8525782823562622,0.9868979454040527,0.9065435528755188,0.9130488038063049,0.8562703728675842,0.9713683128356934,0.9052053689956665,0.9143121838569641,0.8578803539276123,0.965232253074646,0.8476166129112244,0.7720056176185608,0.8317213654518127,0.8040223717689514,0.8650362491607666,0.8084744215011597,0.8393262028694153,0.8532906770706177,0.8684645295143127,0.8126535415649414,0.8508732318878174,0.8523163795471191,0.8686019778251648,0.8046505451202393,0.8523090481758118,0.8455759286880493,0.8782950043678284,0.8568312525749207,0.8581162691116333,0.8868434429168701,0
0.833382785320282,0.9339069128036499,0.8308615684509277,0.9196550250053406,0.8333563804626465,0.9171113967895508,0.8336499929428101,0.9105371832847595,0.8278805017471313,0.9268695116043091,0.8270911574363708,0.9274885654449463,0.8252227902412415,0.9281190633773804,0.8368568420410156,0.8859243392944336,0.8186753988265991,0.9106897115707397,0.8394059538841248,0.923935055732727,0.8356183171272278,0.9337132573127747,0.8665334582328796,0.8224601745605469,0.8112586140632629,0.9176822900772095,0.9058927297592163,0.8880664706230164,0.826644778251648,1.0026743412017822,0.9184318780899048,0.9624772071838379,0.851518452167511,1.049377679824829,0.9226220846176147,0.9724588394165039,0.8520131707191467,1.0674569606781006,0.9136063456535339,0.9764447808265686,0.8558621406555176,1.0503153800964355,0.9110848903656006,0.9744353294372559,0.8576353788375854,1.0394387245178223,0.8445687890052795,0.7577613592147827,0.8262094259262085,0.8010481595993042,0.8619060516357422,0.8007081747055054,0.8329982757568359,0.8713876008987427,0.8587391376495361,0.8224127292633057,0.8386058807373047,0.8831397294998169,0.8570516109466553,0.815184473991394,0.8386531472206116,0.8745473027229309,0.8698345422744751,0.877805233001709,0.8469998240470886,0.9332014322280884,0
0.8223757743835449,0.9143575429916382,0.822546124458313,0.9099533557891846,0.8236894011497498,0.9067978262901306,0.8244814872741699,0.9054186344146729,0.8192223906517029,0.9115098714828491,0.8174242377281189,0.9092131853103638,0.8169935941696167,0.9087244272232056,0.829329252243042,0.8803583383560181,0.816322386264801,0.8844395279884338,0.8271191120147705,0.9056189656257629,0.8234018087387085,0.9087281227111816,0.8549758195877075,0.8464303612709045,0.8165470361709595,0.8509873151779175,0.8888753652572632,0.8468690514564514,0.8209818005561829,0.8492743372917175,0.8967016339302063,0.8821414113044739,0.8287374377250671,0.9051980972290039,0.9015495777130127,0.8884423971176147,0.8259273767471313,0.9177367687225342,0.8947601318359375,0.8914910554885864,0.8317916393280029,0.9229994416236877,0.8922798037528992,0.8891701698303223,0.8326626420021057,0.9165451526641846,0.8603007793426514,0.777320146560669,0.8420184254646301,0.7861552834510803,0.8774043917655945,0.8539553880691528,0.855309784412384,0.8546844124794006,0.8965912461280823,0.8672038912773132,0.8813679814338684,0.8682709336280823,0.8991827368736267,0.8605321645736694,0.8857917189598083,0.8638279438018799,0.9042178988456726,0.909896969795227,0.8872740864753723,0.8976354598999023,0
0.8174613118171692,0.9040491580963135,0.8181976675987244,0.8951947689056396,0.8195202946662903,0.8938465714454651,0.8208200335502625,0.892556369304657,0.8166767358779907,0.9033414721488953,0.8147621750831604,0.9007883071899414,0.8142562508583069,0.9004829525947571,0.8253023624420166,0.8774920105934143,0.8127387166023254,0.8775165677070618,0.8224139213562012,0.8979467153549194,0.8188743591308594,0.8991338014602661,0.8495676517486572,0.856013298034668,0.8121643662452698,0.8493388891220093,0.8743539452552795,0.8752482533454895,0.8163096904754639,0.8719221353530884,0.8735732436180115,0.8947149515151978,0.8262472152709961,0.9166552424430847,0.8751802444458008,0.8986049294471741,0.82511305809021,0.9271056652069092,0.8700997829437256,0.8973479866981506,0.8290833830833435,0.9266851544380188,0.8690969944000244,0.8955754637718201,0.829668402671814,0.9219173789024353,0.8582103252410889,0.7754487991333008,0.8407838344573975,0.776362419128418,0.8752322793006897,0.8418282270431519,0.8507145047187805,0.8375145196914673,0.877358078956604,0.8341549038887024,0.8672773838043213,0.8306801915168762,0.8770474791526794,0.8261946439743042,0.8701676726341248,0.8254004716873169,0.8809261918067932,0.8673014640808105,0.8712837100028992,0.8540683388710022,0
0.8187439441680908,0.9029915928840637,0.8191976547241211,0.8950375318527222,0.8203374743461609,0.8938673734664917,0.8214559555053711,0.8927581310272217,0.8183667659759521,0.901724636554718,0.816546618938446,0.8996307849884033,0.8160403966903687,0.8995060920715332,0.8248241543769836,0.8784517049789429,0.8138536214828491,0.8773009181022644,0.8229720592498779,0.8972442746162415,0.819769024848938,0.8977292776107788,0.8456598520278931,0.8592743873596191,0.8128504753112793,0.8520057797431946,0.8630548119544983,0.8865624666213989,0.816520094871521,0.8792784214019775,0.8551282286643982,0.915156900882721,0.8234440684318542,0.9160277843475342,0.8544886708259583,0.9222817420959473,0.8222548365592957,0.9239647388458252,0.8498947024345398,0.9197132587432861,0.8257321119308472,0.9233925938606262,0.8496856093406677,0.9164603352546692,0.8274675011634827,0.9201757311820984,0.8549963235855103,0.782371461391449,0.8393378853797913,0.784062922000885,0.8758320212364197,0.8347501754760742,0.8523571491241455,0.8271737098693848,0.8894616961479187,0.8461793661117554,0.8728346824645996,0.8382651805877686,0.8920520544052124,0.8401756286621094,0.8771178126335144,0.8351548314094543,0.8930149078369141,0.8868268132209778,0.8762801885604858,0.8674589395523071,0
0.8144505620002747,0.8995371460914612,0.8151437640190125,0.8924370408058167,0.8161472678184509,0.8917518854141235,0.8171231150627136,0.8910905718803406,0.8125587105751038,0.8909369707107544,0.8118757605552673,0.8894784450531006,0.8112247586250305,0.8880947828292847,0.8211527466773987,0.879094660282135,0.8124313950538635,0.8739125728607178,0.8187370896339417,0.8955045342445374,0.8162193894386292,0.8944068551063538,0.8432350158691406,0.8689214587211609,0.8135296106338501,0.8502238988876343,0.8622019290924072,0.9007769823074341,0.8187801837921143,0.8819855451583862,0.8538255095481873,0.9126490950584412,0.8236283659934998,0.9131981134414673,0.8523014783859253,0.9161891937255859,0.8217623233795166,0.9211298227310181,0.8494091033935547,0.9119632244110107,0.8251292109489441,0.9181181788444519,0.8498067259788513,0.9091683626174927,0.827056884765625,0.914598286151886,0.854886531829834,0.7831581830978394,0.8402702212333679,0.7809544205665588,0.8722698092460632,0.8534532785415649,0.8502698540687561,0.83668053150177,0.8899290561676025,0.8438688516616821,0.876293957233429,0.8393597602844238,0.8929883241653442,0.8341456055641174,0.8812797665596008,0.8345029950141907,0.8942018151283264,0.8831790089607239,0.8808503150939941,0.8681113123893738,0
0.8191196322441101,0.9151791930198669,0.8197862505912781,0.9058217406272888,0.8210841417312622,0.9042561650276184,0.8223555088043213,0.9027718305587769,0.8162546753883362,0.9069254398345947,0.8151671290397644,0.9063127040863037,0.8141210675239563,0.9057340025901794,0.8262913227081299,0.887873113155365,0.8143153190612793,0.8908928632736206,0.8238741755485535,0.9089698791503906,0.8203144669532776,0.910647451877594,0.8482338190078735,0.8671785593032837,0.8121263980865479,0.8714945316314697,0.8646088242530823,0.8939676880836487,0.8169496655464172,0.903852105140686,0.8575040102005005,0.9123384356498718,0.8253102898597717,0.9318248629570007,0.8565279841423035,0.9163013100624084,0.8242427110671997,0.9385094046592712,0.8521331548690796,0.9128455519676208,0.8277739882469177,0.9340701699256897,0.8520919680595398,0.9107478260993958,0.8298102617263794,0.9309073686599731,0.8539475798606873,0.7827743291854858,0.8369954228401184,0.7924302220344543,0.8751077055931091,0.8219808340072632,0.8514108657836914,0.8421890735626221,0.8873383402824402,0.8455203175544739,0.8727239370346069,0.85893714427948,0.8896396160125732,0.8398502469062805,0.877294659614563,0.8534964323043823,0.8918678760528564,0.8932785987854004,0.8768743872642517,0.8983317613601685,0
0.8299140334129333,0.9244174361228943,0.827994704246521,0.9154700040817261,0.8284695148468018,0.9146276712417603,0.8286303281784058,0.9098497629165649,0.823420524597168,0.9147583246231079,0.8235063552856445,0.9189777374267578,0.8214306831359863,0.9264649748802185,0.834068775177002,0.8971706628799438,0.8207365870475769,0.9185280799865723,0.8358570337295532,0.9212380647659302,0.8317915797233582,0.9229742288589478,0.8643554449081421,0.8731657862663269,0.8209899067878723,0.9116184711456299,0.890863299369812,0.9205877184867859,0.8226910829544067,0.9501776099205017,0.8967097401618958,0.9366854429244995,0.831246554851532,0.9716532230377197,0.8988476991653442,0.9377480149269104,0.8292765617370605,0.9817531108856201,0.8954594135284424,0.9345372319221497,0.8328440189361572,0.9720107316970825,0.8939417004585266,0.9345308542251587,0.8350067138671875,0.9675949811935425,0.8494775295257568,0.7842679619789124,0.8299437165260315,0.8036125898361206,0.8690553903579712,0.8219760060310364,0.8371883034706116,0.8521960973739624,0.8748566508293152,0.8520791530609131,0.844117283821106,0.8976308107376099,0.8752385973930359,0.8466508984565735,0.8448124527931213,0.8968324661254883,0.8851388692855835,0.9005339741706848,0.8516029715538025,0.9410538673400879,0
0.8291447162628174,0.9244727492332458,0.8272322416305542,0.9155990481376648,0.8274779915809631,0.9147191643714905,0.827856719493866,0.9139530062675476,0.8254666328430176,0.9206876754760742,0.8220254182815552,0.9214336276054382,0.8210170269012451,0.922968327999115,0.8321769833564758,0.8960921168327332,0.820374608039856,0.9153633117675781,0.8338329195976257,0.915794849395752,0.8310294151306152,0.9228007793426514,0.8618582487106323,0.8674709796905518,0.8249251842498779,0.9011856317520142,0.8893591165542603,0.8962841033935547,0.8315656781196594,0.9239447116851807,0.8990418910980225,0.921038031578064,0.8364464044570923,0.9548830986022949,0.9018644094467163,0.9259610772132874,0.8338663578033447,0.9674828052520752,0.898568332195282,0.9250072836875916,0.8370209336280823,0.9606491327285767,0.8968772888183594,0.9234262108802795,0.8391824960708618,0.9551274180412292,0.8477628231048584,0.7759039998054504,0.8305588960647583,0.7923011183738708,0.858404815196991,0.8208534121513367,0.8288584351539612,0.8509501218795776,0.8637824654579163,0.8888415098190308,0.8370509147644043,0.9278920292854309,0.8647969961166382,0.8896836638450623,0.83857262134552,0.9327893257141113,0.8720927834510803,0.9408131837844849,0.8438671827316284,0.9734557867050171,0
0.8235961198806763,0.913083016872406,0.8210949897766113,0.9049304723739624,0.8218986988067627,0.9028376936912537,0.8226982951164246,0.9008601307868958,0.8189651370048523,0.9086098074913025,0.8182806372642517,0.9092316627502441,0.8176611661911011,0.9098585844039917,0.8256585001945496,0.8887832164764404,0.8180902004241943,0.9009916186332703,0.8297613859176636,0.9118645787239075,0.8264750838279724,0.9105714559555054,0.8498987555503845,0.8715219497680664,0.8281139135360718,0.887242317199707,0.8782573342323303,0.8943381309509277,0.8426471948623657,0.9021481275558472,0.8846172094345093,0.9180070161819458,0.8424972891807556,0.9374197125434875,0.8860316872596741,0.9231768846511841,0.838484525680542,0.9484107494354248,0.8823158740997314,0.9227007031440735,0.8410020470619202,0.9469594359397888,0.8815967440605164,0.9201126098632812,0.8438005447387695,0.9422166347503662,0.8474251627922058,0.7765480279922485,0.8389785289764404,0.7913013696670532,0.8719059228897095,0.8136455416679382,0.8592749238014221,0.8470547795295715,0.8857921361923218,0.8726980090141296,0.8743340969085693,0.8890600800514221,0.887904703617096,0.8746673464775085,0.8770658373832703,0.8878533244132996,0.8932759761810303,0.9143801331520081,0.8802043199539185,0.9268661141395569,0
0.8236008286476135,0.9290069341659546,0.8205612897872925,0.9231961369514465,0.8217387795448303,0.9205209612846375,0.8228847980499268,0.9179258346557617,0.8174344301223755,0.9272801876068115,0.816493809223175,0.9275439977645874,0.8156035542488098,0.9278499484062195,0.8271318674087524,0.9002814888954163,0.8162533640861511,0.9125890731811523,0.8266341686248779,0.9229046702384949,0.824894368648529,0.9291567206382751,0.8534032702445984,0.8748961687088013,0.8166276216506958,0.8932640552520752,0.8820386528968811,0.8854429125785828,0.8295289278030396,0.90976881980896,0.8884329199790955,0.9053954482078552,0.830869197845459,0.9449508190155029,0.891008198261261,0.9067421555519104,0.8265977501869202,0.9540455341339111,0.8859120607376099,0.9076483845710754,0.8295876383781433,0.9527552127838135,0.8846744298934937,0.9064694046974182,0.8332483768463135,0.9483451247215271,0.8577339053153992,0.7914018630981445,0.8417774438858032,0.8065158724784851,0.88551265001297,0.8346180319786072,0.8599681258201599,0.8498795628547668,0.8847459554672241,0.8782777786254883,0.8695300221443176,0.8959721922874451,0.8852425813674927,0.8755555152893066,0.8718085289001465,0.8968713879585266,0.886945366859436,0.9324475526809692,0.8718546628952026,0.9356667399406433,0
0.8235112428665161,0.928511917591095,0.823238730430603,0.9226908087730408,0.8237795233726501,0.9219062328338623,0.8243650794029236,0.9210760593414307,0.8206128478050232,0.9230884313583374,0.8200488090515137,0.9223396182060242,0.8183521032333374,0.9198079109191895,0.8301883935928345,0.9012607932090759,0.8173468112945557,0.9075640439987183,0.8277008533477783,0.9212956428527832,0.8245779275894165,0.9237148761749268,0.8597809076309204,0.8705023527145386,0.8224267959594727,0.8659391403198242,0.9001845121383667,0.8783833980560303,0.8440375924110413,0.8469427227973938,0.9083341360092163,0.8995615839958191,0.8632665276527405,0.8876928091049194,0.9130299091339111,0.9047428369522095,0.8631576895713806,0.9000459909439087,0.9073910713195801,0.9082000255584717,0.8676229119300842,0.902356743812561,0.9049999117851257,0.9042884111404419,0.8693151473999023,0.8966660499572754,0.8674686551094055,0.7828414440155029,0.8507684469223022,0.7879912853240967,0.8828824162483215,0.8810832500457764,0.864764392375946,0.8722918033599854,0.9006404280662537,0.8831716775894165,0.8907629251480103,0.8840004205703735,0.9020108580589294,0.8766568899154663,0.8938946723937988,0.878567099571228,0.9093853235244751,0.9247155785560608,0.8972412347793579,0.9164373874664307,0
0.8252853751182556,0.9223350286483765,0.8227382302284241,0.9185007810592651,0.8230806589126587,0.9173662066459656,0.8234207630157471,0.9159960150718689,0.8213117122650146,0.9197614192962646,0.8208934664726257,0.9191046953201294,0.8198130130767822,0.9164996147155762,0.8258520364761353,0.9001558423042297,0.8196569085121155,0.9005700945854187,0.8290340304374695,0.9173714518547058,0.8278308510780334,0.9184057712554932,0.8567365407943726,0.8735978007316589,0.8279095888137817,0.8445104956626892,0.893876850605011,0.8739722967147827,0.853753387928009,0.8369839787483215,0.9001997709274292,0.9087989926338196,0.866066038608551,0.8947385549545288,0.9030521512031555,0.9177167415618896,0.8644039034843445,0.9078060984611511,0.8976433873176575,0.9209482669830322,0.8676820397377014,0.9171549081802368,0.8962082862854004,0.9150122404098511,0.8696165084838867,0.9115511775016785,0.8848376274108887,0.7870693206787109,0.8700929880142212,0.7759193778038025,0.8770732879638672,0.9027096033096313,0.860378623008728,0.8690361976623535,0.884979248046875,0.8661365509033203,0.8796781897544861,0.852828860282898,0.884458065032959,0.8515929579734802,0.8820393681526184,0.8427007794380188,0.890396237373352,0.8964160084724426,0.8846325874328613,0.8768660426139832,0
0.8230879902839661,0.9251004457473755,0.8219576478004456,0.9229919910430908,0.8224053978919983,0.9222526550292969,0.8229032158851624,0.9213995933532715,0.8199160695075989,0.9224709272384644,0.8194431662559509,0.9216068387031555,0.8189998865127563,0.9206515550613403,0.8284258842468262,0.907549262046814,0.8184620141983032,0.9025428295135498,0.826947808265686,0.9210353493690491,0.8248336315155029,0.9203157424926758,0.8549723029136658,0.8783938884735107,0.8252173066139221,0.8454605340957642,0.893515944480896,0.8735330700874329,0.8417716026306152,0.8290812969207764,0.8941606879234314,0.9059761762619019,0.8470751047134399,0.8854413032531738,0.8963755369186401,0.9163289666175842,0.8444871306419373,0.8964713215827942,0.8904425501823425,0.9146984815597534,0.848152220249176,0.9064105749130249,0.8890285491943359,0.9092381000518799,0.8503914475440979,0.9020963907241821,0.8825101852416992,0.7930830717086792,0.8660518527030945,0.7774512767791748,0.8884612321853638,0.9036227464675903,0.866548478603363,0.8505504727363586,0.8936556577682495,0.8563677668571472,0.8803698420524597,0.8211209177970886,0.8924777507781982,0.8415573835372925,0.8811837434768677,0.8111974596977234,0.899846076965332,0.8806269764900208,0.8855664730072021,0.8351786136627197,0
0.8260907530784607,0.9265639781951904,0.8239374756813049,0.9255015850067139,0.8247084617614746,0.923682689666748,0.8250927329063416,0.9227918386459351,0.8223282098770142,0.923444926738739,0.8219401836395264,0.9226340651512146,0.8206737637519836,0.9191102981567383,0.8272807002067566,0.9114314913749695,0.820819616317749,0.9040865898132324,0.8297259211540222,0.9215231537818909,0.8284233212471008,0.9217638969421387,0.856719970703125,0.8827738761901855,0.8300741314888,0.834336519241333,0.8933199048042297,0.8686637282371521,0.8533467650413513,0.8068707585334778,0.8968380093574524,0.8973823189735413,0.8637800812721252,0.8604297041893005,0.8991475701332092,0.9071199893951416,0.8629395961761475,0.8708131313323975,0.8946077227592468,0.9068166613578796,0.8659881353378296,0.8818079233169556,0.8932479023933411,0.9009645581245422,0.867249071598053,0.8780399560928345,0.8877098560333252,0.7916858792304993,0.873114824295044,0.769016444683075,0.8826636075973511,0.9020987153053284,0.866032600402832,0.8507668375968933,0.8890342116355896,0.85718834400177,0.8827462792396545,0.8308745622634888,0.8883559107780457,0.8415594100952148,0.8847643733024597,0.8208783268928528,0.8941857814788818,0.8856747150421143,0.8865010142326355,0.8519840240478516,0
0.827244222164154,0.9399312734603882,0.8260678052902222,0.9322217106819153,0.8262907266616821,0.92864590883255,0.8266803026199341,0.9278703331947327,0.8211758136749268,0.9375670552253723,0.8204537630081177,0.9374160766601562,0.8197880983352661,0.9372913837432861,0.8314672708511353,0.9122668504714966,0.8217968344688416,0.9221012592315674,0.832582950592041,0.9361083507537842,0.8299993276596069,0.9357094764709473,0.8603761792182922,0.8907415866851807,0.8288803696632385,0.8924137353897095,0.8924654722213745,0.9144514799118042,0.8453270792961121,0.8977621793746948,0.8930853605270386,0.937424898147583,0.8456909656524658,0.9130530953407288,0.8944969177246094,0.9418845176696777,0.841377854347229,0.9164720773696899,0.8880653381347656,0.9366753697395325,0.8434333801269531,0.9127745628356934,0.8873409032821655,0.9334439039230347,0.8463691473007202,0.9114346504211426,0.8567331433296204,0.7859996557235718,0.8442215323448181,0.7935619950294495,0.8937554955482483,0.8099939823150635,0.8673937320709229,0.8285396695137024,0.890434741973877,0.7999365329742432,0.8773115873336792,0.8145304322242737,0.8887691497802734,0.7950704097747803,0.8776012063026428,0.8095788955688477,0.897287130355835,0.8280199766159058,0.8829053640365601,0.8335652947425842,0
0.8275176286697388,0.9364703893661499,0.8262656331062317,0.929436981678009,0.8267523050308228,0.9285959005355835,0.8273106813430786,0.9276390671730042,0.8235156536102295,0.9295688271522522,0.8219117522239685,0.9273767471313477,0.8212171792984009,0.9259656667709351,0.8304259777069092,0.9126368761062622,0.8218898177146912,0.9085192680358887,0.8315175175666809,0.9310425519943237,0.828708827495575,0.9303854703903198,0.8657212853431702,0.8939789533615112,0.8262761235237122,0.8665894269943237,0.8854471445083618,0.9039443731307983,0.8363529443740845,0.8550771474838257,0.8695192337036133,0.9150339365005493,0.847780168056488,0.8787323236465454,0.866601824760437,0.9201209545135498,0.8468307256698608,0.8848423957824707,0.86039137840271,0.9082856178283691,0.8510846495628357,0.8814154863357544,0.860926628112793,0.9051578044891357,0.8526172637939453,0.8802069425582886,0.8691315054893494,0.7869117259979248,0.851048469543457,0.7810956239700317,0.8946161866188049,0.8519022464752197,0.8644593954086304,0.8538084030151367,0.8875980973243713,0.8430882096290588,0.8725181221961975,0.8464117050170898,0.8852654099464417,0.8399430513381958,0.8729366064071655,0.8427938222885132,0.8907885551452637,0.8739218711853027,0.8746163845062256,0.8695660829544067,0
0.826551079750061,0.9370050430297852,0.8256641626358032,0.9341918230056763,0.8262957334518433,0.9337137937545776,0.8282206654548645,0.9332765340805054,0.8229768872261047,0.9320328235626221,0.8223632574081421,0.9308193325996399,0.820896565914154,0.9280564785003662,0.832504153251648,0.9238788485527039,0.8220555782318115,0.9147636890411377,0.8310391306877136,0.9322278499603271,0.8281676769256592,0.9311408400535583,0.8694719076156616,0.898134708404541,0.8255024552345276,0.8567572832107544,0.8976966738700867,0.879611074924469,0.8464070558547974,0.8284939527511597,0.8889803886413574,0.8860269784927368,0.8615368604660034,0.8719226717948914,0.8880336880683899,0.8914554119110107,0.8611081838607788,0.882524311542511,0.8824400901794434,0.8828527927398682,0.8655508160591125,0.8869882822036743,0.8819538354873657,0.8793222904205322,0.8671156764030457,0.8839105367660522,0.8835697770118713,0.7912258505821228,0.8615781664848328,0.7774184346199036,0.899373471736908,0.8763991594314575,0.8671479225158691,0.8661640882492065,0.9200703501701355,0.8534756898880005,0.8893369436264038,0.8560368418693542,0.9228792190551758,0.8442543148994446,0.8924258947372437,0.8494964241981506,0.9270217418670654,0.8891260623931885,0.8934794664382935,0.8800085783004761,0
0.8271462917327881,0.9273247718811035,0.8259825110435486,0.9255767464637756,0.8265111446380615,0.925254225730896,0.8270960450172424,0.9249046444892883,0.823447048664093,0.9239106774330139,0.8223968744277954,0.9210071563720703,0.822071373462677,0.9197944402694702,0.8315278887748718,0.9165421724319458,0.8241337537765503,0.9028000831604004,0.8318959474563599,0.9248762726783752,0.8293646574020386,0.9214606285095215,0.8633589744567871,0.8926723599433899,0.8286049365997314,0.8406489491462708,0.8965712189674377,0.8687521815299988,0.8466329574584961,0.805637001991272,0.8898662328720093,0.8827191591262817,0.8489069938659668,0.8742179274559021,0.8893839716911316,0.8916327357292175,0.8451573848724365,0.8883731365203857,0.884441614151001,0.8851860761642456,0.8490812182426453,0.900749683380127,0.8838170170783997,0.8802835941314697,0.851648211479187,0.8960520625114441,0.8961986303329468,0.7995882630348206,0.876763641834259,0.7652161121368408,0.8895468711853027,0.9000159502029419,0.8649851679801941,0.826669454574585,0.9043852090835571,0.865453839302063,0.8856451511383057,0.8039631843566895,0.9053393006324768,0.8536701798439026,0.8886855840682983,0.7976571321487427,0.9104710817337036,0.8895159959793091,0.8899927139282227,0.8152629137039185,0
0.8307031989097595,0.9317160844802856,0.8276216387748718,0.9274951815605164,0.8284899592399597,0.9259402751922607,0.8290704488754272,0.9247327446937561,0.8259154558181763,0.9256081581115723,0.8253912329673767,0.9241882562637329,0.8249358534812927,0.9227097630500793,0.8322662711143494,0.9111778736114502,0.8257429599761963,0.9041140675544739,0.8355926275253296,0.9278424978256226,0.8337548971176147,0.9276920557022095,0.8642857670783997,0.8909617066383362,0.8344752192497253,0.833063542842865,0.9044615626335144,0.9001349806785583,0.8649457097053528,0.8069347739219666,0.8995009660720825,0.9559642672538757,0.8676638007164001,0.8726140856742859,0.8993282318115234,0.9585864543914795,0.864222526550293,0.8834362030029297,0.8929191827774048,0.9538828134536743,0.8665533065795898,0.8992303609848022,0.8924880623817444,0.9454923868179321,0.8689224123954773,0.895338773727417,0.9001439213752747,0.8005771636962891,0.8828613758087158,0.7721657156944275,0.8882665634155273,0.9065883755683899,0.8630887866020203,0.8754357099533081,0.8961923122406006,0.8913856744766235,0.880478024482727,0.8798335790634155,0.8960570693016052,0.8799237608909607,0.8836250901222229,0.8723466396331787,0.9005686640739441,0.9263228178024292,0.882836103439331,0.9093161821365356,0
0.8315195441246033,0.9304421544075012,0.8279337882995605,0.9248678684234619,0.8283953070640564,0.923886775970459,0.8289129734039307,0.9227510690689087,0.8260602951049805,0.9222527742385864,0.8256198167800903,0.920268714427948,0.8252633213996887,0.9182905554771423,0.8325904607772827,0.9079287052154541,0.8266605734825134,0.8976839780807495,0.837205171585083,0.9256919622421265,0.8351261019706726,0.9255139827728271,0.8631389737129211,0.8844111561775208,0.8382079601287842,0.8274992108345032,0.9088971614837646,0.9048428535461426,0.8753307461738586,0.7995437383651733,0.9025651812553406,0.9697258472442627,0.8831161260604858,0.8642159104347229,0.9031623601913452,0.9778912663459778,0.8806043863296509,0.8764452338218689,0.8971619606018066,0.972467303276062,0.882784903049469,0.8908721804618835,0.8972580432891846,0.9630908966064453,0.8845998644828796,0.8862521648406982,0.9050724506378174,0.8033833503723145,0.8899492025375366,0.7733157277107239,0.8854591250419617,0.9057153463363647,0.864177405834198,0.876061737537384,0.8993505239486694,0.8895811438560486,0.8852643370628357,0.8769447803497314,0.9009485244750977,0.8773688077926636,0.8897465467453003,0.8670315146446228,0.9014262557029724,0.9291780591011047,0.8853074312210083,0.9122815132141113,0
0.832141101360321,0.9332913756370544,0.8284304141998291,0.9277386665344238,0.8293150663375854,0.9264691472053528,0.830005407333374,0.9252466559410095,0.8270598649978638,0.9264793992042542,0.8263683915138245,0.9234630465507507,0.8259973526000977,0.9215123653411865,0.8339617252349854,0.9108383059501648,0.8274086713790894,0.9041411876678467,0.8378438949584961,0.9288004040718079,0.8352986574172974,0.9277284145355225,0.8632122278213501,0.8869947791099548,0.8343799114227295,0.8327107429504395,0.9110929369926453,0.9110543131828308,0.8676950931549072,0.811506986618042,0.9034596681594849,0.9848044514656067,0.8698821067810059,0.8798118233680725,0.9062775373458862,1.0007390975952148,0.865199089050293,0.8922255039215088,0.8990912437438965,0.9950817823410034,0.8674413561820984,0.9074485898017883,0.8987942934036255,0.985069215297699,0.8704035878181458,0.9030055403709412,0.9045993685722351,0.8071237802505493,0.8881338834762573,0.7738654017448425,0.8783503174781799,0.8905069231987,0.8609066009521484,0.8530428409576416,0.8967313170433044,0.8714603781700134,0.8865640163421631,0.8489304184913635,0.8996908068656921,0.8573847413063049,0.8919687271118164,0.8378725051879883,0.8986960053443909,0.9128350615501404,0.8880477547645569,0.8863152265548706,0
0.8322227597236633,0.9339696764945984,0.8292714357376099,0.9301759004592896,0.8299222588539124,0.9291878342628479,0.8306532502174377,0.9280157685279846,0.8271301984786987,0.9283125400543213,0.8266632556915283,0.9266586303710938,0.826269268989563,0.9249669909477234,0.8344414234161377,0.9117940664291382,0.8277288675308228,0.9072715640068054,0.8385692238807678,0.9260711669921875,0.8362624049186707,0.9257407188415527,0.8658098578453064,0.8806825876235962,0.835084855556488,0.8227707147598267,0.9133142232894897,0.9212205410003662,0.867756187915802,0.821524441242218,0.9042438268661499,1.0056153535842896,0.873712420463562,0.876717209815979,0.9044341444969177,1.0317870378494263,0.8672398328781128,0.8809068202972412,0.9000528454780579,1.024653434753418,0.8694435954093933,0.8962674140930176,0.8986856341362,1.0139316320419312,0.8731932640075684,0.8946559429168701,0.905551552772522,0.8136022090911865,0.8888503909111023,0.7799113392829895,0.8847941756248474,0.8921621441841125,0.8678640127182007,0.8413224220275879,0.9078423976898193,0.8783878684043884,0.8927130699157715,0.8397729396820068,0.9128563404083252,0.8647981882095337,0.898554265499115,0.8298668265342712,0.9052039980888367,0.9129127264022827,0.892480194568634,0.8753823637962341,0
0.8341196775436401,0.9323047399520874,0.8306359052658081,0.9271396398544312,0.8317591547966003,0.9256667494773865,0.8325192332267761,0.9243587851524353,0.8291143178939819,0.9259993433952332,0.8286875486373901,0.9243670701980591,0.828046977519989,0.9211102724075317,0.8363202810287476,0.908021867275238,0.8295409679412842,0.9035276174545288,0.8397433757781982,0.9272910356521606,0.8374755382537842,0.9253705739974976,0.865403413772583,0.8827046751976013,0.8344602584838867,0.834595799446106,0.9125117063522339,0.9088574051856995,0.8627591133117676,0.8224858045578003,0.9041743874549866,0.9918386936187744,0.8637617826461792,0.8939805626869202,0.9054009318351746,1.013729453086853,0.8576816320419312,0.9054635167121887,0.9002783298492432,1.0101840496063232,0.860319197177887,0.9208214282989502,0.8979228734970093,0.991831362247467,0.8639827966690063,0.9165642261505127,0.9076318144798279,0.8064588308334351,0.889366090297699,0.7751541137695312,0.884955883026123,0.8932346701622009,0.8652920722961426,0.8548552393913269,0.9027576446533203,0.871231734752655,0.8906670808792114,0.8488683700561523,0.90583336353302,0.856485903263092,0.8960847854614258,0.8373209238052368,0.9030793905258179,0.9099588990211487,0.8919755220413208,0.8861706852912903,0
0.8358979225158691,0.9261930584907532,0.832923412322998,0.9212706089019775,0.8333673477172852,0.9205050468444824,0.8338587880134583,0.9195791482925415,0.8308713436126709,0.9180883169174194,0.8303720355033875,0.9161986112594604,0.8294515013694763,0.9118103981018066,0.8369413018226624,0.9042689204216003,0.8311518430709839,0.894920289516449,0.8408768773078918,0.921820878982544,0.8388711810112,0.9188372492790222,0.8663237690925598,0.8817861676216125,0.83931964635849,0.8204942941665649,0.9108635187149048,0.9078982472419739,0.8670975565910339,0.8120265007019043,0.902400553226471,0.9702975749969482,0.8647619485855103,0.8762964606285095,0.9009376764297485,0.9784132838249207,0.8589197993278503,0.8863493800163269,0.8941720724105835,0.9701677560806274,0.8610545992851257,0.9017705917358398,0.8943151831626892,0.9619498252868652,0.8644490242004395,0.8980169892311096,0.9082028269767761,0.8101406693458557,0.8913812041282654,0.7766497135162354,0.8938709497451782,0.8974961042404175,0.8710774183273315,0.8580038547515869,0.9134378433227539,0.8908998966217041,0.8961092829704285,0.869813859462738,0.9168028831481934,0.8790455460548401,0.9018998146057129,0.8619632124900818,0.9138754606246948,0.9309685826301575,0.8960837125778198,0.9087420701980591,0
0.8356189131736755,0.9250645637512207,0.8331420421600342,0.9199105501174927,0.8336496353149414,0.9192641973495483,0.8341485261917114,0.9184626936912537,0.8305748701095581,0.916279673576355,0.8300946950912476,0.9143134951591492,0.829108476638794,0.9097478985786438,0.8378003835678101,0.9027271270751953,0.8310174345970154,0.8937553763389587,0.8412992358207703,0.9212256669998169,0.8387191891670227,0.9205715656280518,0.8698183298110962,0.8830452561378479,0.8409571051597595,0.8165302276611328,0.9128532409667969,0.9008097648620605,0.8715587258338928,0.7998528480529785,0.9066030383110046,0.9558268189430237,0.8735219240188599,0.8666945099830627,0.9058938026428223,0.9751796126365662,0.8694901466369629,0.8782669305801392,0.8992791175842285,0.969162106513977,0.8717403411865234,0.8933722972869873,0.8990286588668823,0.9600362777709961,0.8743512630462646,0.889173686504364,0.9089497923851013,0.8020554780960083,0.8910644054412842,0.7714601159095764,0.9020328521728516,0.8944333791732788,0.8716810345649719,0.847083330154419,0.9172874093055725,0.893626868724823,0.8905889987945557,0.8462743163108826,0.9195524454116821,0.8840505480766296,0.8948034644126892,0.8378630876541138,0.918566107749939,0.9349234104156494,0.8907084465026855,0.8772904276847839,0
0.8363655209541321,0.9249365329742432,0.8340749144554138,0.9207865595817566,0.834537923336029,0.9198852777481079,0.8355209827423096,0.9181302785873413,0.8325017690658569,0.9186857342720032,0.8320316672325134,0.9171327352523804,0.8316025137901306,0.9154112935066223,0.838892936706543,0.9019598960876465,0.8326596021652222,0.8946830630302429,0.8420315980911255,0.920461118221283,0.8404582142829895,0.9202092885971069,0.8692469596862793,0.8815990090370178,0.8436651825904846,0.8265283107757568,0.9083543419837952,0.9026665091514587,0.8755576610565186,0.8107136487960815,0.9012240767478943,0.9773613810539246,0.8798485398292542,0.8822073340415955,0.9002482295036316,0.9837651252746582,0.8762917518615723,0.8960444331169128,0.8939867615699768,0.9799023270606995,0.8785399794578552,0.9102393984794617,0.8941882252693176,0.9698964953422546,0.8810016512870789,0.9045957326889038,0.9069026708602905,0.799559473991394,0.890880286693573,0.7744966745376587,0.896530032157898,0.8981483578681946,0.8739054799079895,0.8684935569763184,0.9115351438522339,0.8789598941802979,0.8970060348510742,0.8684884905815125,0.9129883646965027,0.865959882736206,0.9010484218597412,0.8589197993278503,0.9150555729866028,0.9167732000350952,0.8998900651931763,0.9003725647926331,0
0.8365451693534851,0.9253109693527222,0.8359197378158569,0.9200370907783508,0.8368238210678101,0.9207913875579834,0.8371934294700623,0.9201099872589111,0.833930253982544,0.9209734201431274,0.8327330350875854,0.9180494546890259,0.8321902751922607,0.9169555902481079,0.8422206044197083,0.9098659753799438,0.8323834538459778,0.8967872262001038,0.8409756422042847,0.9186608791351318,0.83885258436203,0.9164872765541077,0.8735132813453674,0.8857510685920715,0.8414320945739746,0.8333560228347778,0.9075044989585876,0.894037127494812,0.8536150455474854,0.8159661889076233,0.9016157388687134,0.9347149133682251,0.8501874208450317,0.8850122690200806,0.903030514717102,0.948016881942749,0.8459355235099792,0.8947698473930359,0.8967888951301575,0.9436348080635071,0.8493723273277283,0.9088967442512512,0.8956342935562134,0.9369645714759827,0.85211181640625,0.9058545827865601,0.8972148895263672,0.7878640294075012,0.8824960589408875,0.7671509385108948,0.8977656960487366,0.8748140335083008,0.8793396949768066,0.8315412998199463,0.9026823043823242,0.8405678272247314,0.8943235874176025,0.8037168979644775,0.9022440314292908,0.8272024393081665,0.8967171311378479,0.7941454648971558,0.9053990840911865,0.8662912845611572,0.8963223695755005,0.8200353384017944,0
