kp0_x,kp0_y,kp1_x,kp1_y,kp2_x,kp2_y,kp3_x,kp3_y,kp4_x,kp4_y,kp5_x,kp5_y,kp6_x,kp6_y,kp7_x,kp7_y,kp8_x,kp8_y,kp9_x,kp9_y,kp10_x,kp10_y,kp11_x,kp11_y,kp12_x,kp12_y,kp13_x,kp13_y,kp14_x,kp14_y,kp15_x,kp15_y,kp16_x,kp16_y,kp17_x,kp17_y,kp18_x,kp18_y,kp19_x,kp19_y,kp20_x,kp20_y,kp21_x,kp21_y,kp22_x,kp22_y,kp23_x,kp23_y,kp24_x,kp24_y,kp25_x,kp25_y,kp26_x,kp26_y,kp27_x,kp27_y,kp28_x,kp28_y,kp29_x,kp29_y,kp30_x,kp30_y,kp31_x,kp31_y,kp32_x,kp32_y,label
0.0,0.0,0.0,0.0,0.0,0.0,0.0,0.0,0.0,0.0,0.0,0.0,0.0,0.0,0.0,0.0,0.0,0.0,0.0,0.0,0.0,0.0,0.0,0.0,0.0,0.0,0.0,0.0,0.0,0.0,0.0,0.0,0.0,0.0,0.0,0.0,0.0,0.0,0.0,0.0,0.0,0.0,0.0,0.0,0.0,0.0,0.0,0.0,0.0,0.0,0.0,0.0,0.0,0.0,0.0,0.0,0.0,0.0,0.0,0.0,0.0,0.0,0.0,0.0,0.0,0.0,0
0.0,0.0,0.0,0.0,0.0,0.0,0.0,0.0,0.0,0.0,0.0,0.0,0.0,0.0,0.0,0.0,0.0,0.0,0.0,0.0,0.0,0.0,0.0,0.0,0.0,0.0,0.0,0.0,0.0,0.0,0.0,0.0,0.0,0.0,0.0,0.0,0.0,0.0,0.0,0.0,0.0,0.0,0.0,0.0,0.0,0.0,0.0,0.0,0.0,0.0,0.0,0.0,0.0,0.0,0.0,0.0,0.0,0.0,0.0,0.0,0.0,0.0,0.0,0.0,0.0,0.0,0
0.0,0.0,0.0,0.0,0.0,0.0,0.0,0.0,0.0,0.0,0.0,0.0,0.0,0.0,0.0,0.0,0.0,0.0,0.0,0.0,0.0,0.0,0.0,0.0,0.0,0.0,0.0,0.0,0.0,0.0,0.0,0.0,0.0,0.0,0.0,0.0,0.0,0.0,0.0,0.0,0.0,0.0,0.0,0.0,0.0,0.0,0.0,0.0,0.0,0.0,0.0,0.0,0.0,0.0,0.0,0.0,0.0,0.0,0.0,0.0,0.0,0.0,0.0,0.0,0.0,0.0,0
0.0,0.0,0.0,0.0,0.0,0.0,0.0,0.0,0.0,0.0,0.0,0.0,0.0,0.0,0.0,0.0,0.0,0.0,0.0,0.0,0.0,0.0,0.0,0.0,0.0,0.0,0.0,0.0,0.0,0.0,0.0,0.0,0.0,0.0,0.0,0.0,0.0,0.0,0.0,0.0,0.0,0.0,0.0,0.0,0.0,0.0,0.0,0.0,0.0,0.0,0.0,0.0,0.0,0.0,0.0,0.0,0.0,0.0,0.0,0.0,0.0,0.0,0.0,0.0,0.0,0.0,0
0.0,0.0,0.0,0.0,0.0,0.0,0.0,0.0,0.0,0.0,0.0,0.0,0.0,0.0,0.0,0.0,0.0,0.0,0.0,0.0,0.0,0.0,0.0,0.0,0.0,0.0,0.0,0.0,0.0,0.0,0.0,0.0,0.0,0.0,0.0,0.0,0.0,0.0,0.0,0.0,0.0,0.0,0.0,0.0,0.0,0.0,0.0,0.0,0.0,0.0,0.0,0.0,0.0,0.0,0.0,0.0,0.0,0.0,0.0,0.0,0.0,0.0,0.0,0.0,0.0,0.0,0
0.0,0.0,0.0,0.0,0.0,0.0,0.0,0.0,0.0,0.0,0.0,0.0,0.0,0.0,0.0,0.0,0.0,0.0,0.0,0.0,0.0,0.0,0.0,0.0,0.0,0.0,0.0,0.0,0.0,0.0,0.0,0.0,0.0,0.0,0.0,0.0,0.0,0.0,0.0,0.0,0.0,0.0,0.0,0.0,0.0,0.0,0.0,0.0,0.0,0.0,0.0,0.0,0.0,0.0,0.0,0.0,0.0,0.0,0.0,0.0,0.0,0.0,0.0,0.0,0.0,0.0,0
0.0,0.0,0.0,0.0,0.0,0.0,0.0,0.0,0.0,0.0,0.0,0.0,0.0,0.0,0.0,0.0,0.0,0.0,0.0,0.0,0.0,0.0,0.0,0.0,0.0,0.0,0.0,0.0,0.0,0.0,0.0,0.0,0.0,0.0,0.0,0.0,0.0,0.0,0.0,0.0,0.0,0.0,0.0,0.0,0.0,0.0,0.0,0.0,0.0,0.0,0.0,0.0,0.0,0.0,0.0,0.0,0.0,0.0,0.0,0.0,0.0,0.0,0.0,0.0,0.0,0.0,0
0.0,0.0,0.0,0.0,0.0,0.0,0.0,0.0,0.0,0.0,0.0,0.0,0.0,0.0,0.0,0.0,0.0,0.0,0.0,0.0,0.0,0.0,0.0,0.0,0.0,0.0,0.0,0.0,0.0,0.0,0.0,0.0,0.0,0.0,0.0,0.0,0.0,0.0,0.0,0.0,0.0,0.0,0.0,0.0,0.0,0.0,0.0,0.0,0.0,0.0,0.0,0.0,0.0,0.0,0.0,0.0,0.0,0.0,0.0,0.0,0.0,0.0,0.0,0.0,0.0,0.0,0
0.0,0.0,0.0,0.0,0.0,0.0,0.0,0.0,0.0,0.0,0.0,0.0,0.0,0.0,0.0,0.0,0.0,0.0,0.0,0.0,0.0,0.0,0.0,0.0,0.0,0.0,0.0,0.0,0.0,0.0,0.0,0.0,0.0,0.0,0.0,0.0,0.0,0.0,0.0,0.0,0.0,0.0,0.0,0.0,0.0,0.0,0.0,0.0,0.0,0.0,0.0,0.0,0.0,0.0,0.0,0.0,0.0,0.0,0.0,0.0,0.0,0.0,0.0,0.0,0.0,0.0,0
0.0,0.0,0.0,0.0,0.0,0.0,0.0,0.0,0.0,0.0,0.0,0.0,0.0,0.0,0.0,0.0,0.0,0.0,0.0,0.0,0.0,0.0,0.0,0.0,0.0,0.0,0.0,0.0,0.0,0.0,0.0,0.0,0.0,0.0,0.0,0.0,0.0,0.0,0.0,0.0,0.0,0.0,0.0,0.0,0.0,0.0,0.0,0.0,0.0,0.0,0.0,0.0,0.0,0.0,0.0,0.0,0.0,0.0,0.0,0.0,0.0,0.0,0.0,0.0,0.0,0.0,0
0.0,0.0,0.0,0.0,0.0,0.0,0.0,0.0,0.0,0.0,0.0,0.0,0.0,0.0,0.0,0.0,0.0,0.0,0.0,0.0,0.0,0.0,0.0,0.0,0.0,0.0,0.0,0.0,0.0,0.0,0.0,0.0,0.0,0.0,0.0,0.0,0.0,0.0,0.0,0.0,0.0,0.0,0.0,0.0,0.0,0.0,0.0,0.0,0.0,0.0,0.0,0.0,0.0,0.0,0.0,0.0,0.0,0.0,0.0,0.0,0.0,0.0,0.0,0.0,0.0,0.0,0
0.0,0.0,0.0,0.0,0.0,0.0,0.0,0.0,0.0,0.0,0.0,0.0,0.0,0.0,0.0,0.0,0.0,0.0,0.0,0.0,0.0,0.0,0.0,0.0,0.0,0.0,0.0,0.0,0.0,0.0,0.0,0.0,0.0,0.0,0.0,0.0,0.0,0.0,0.0,0.0,0.0,0.0,0.0,0.0,0.0,0.0,0.0,0.0,0.0,0.0,0.0,0.0,0.0,0.0,0.0,0.0,0.0,0.0,0.0,0.0,0.0,0.0,0.0,0.0,0.0,0.0,0
0.0,0.0,0.0,0.0,0.0,0.0,0.0,0.0,0.0,0.0,0.0,0.0,0.0,0.0,0.0,0.0,0.0,0.0,0.0,0.0,0.0,0.0,0.0,0.0,0.0,0.0,0.0,0.0,0.0,0.0,0.0,0.0,0.0,0.0,0.0,0.0,0.0,0.0,0.0,0.0,0.0,0.0,0.0,0.0,0.0,0.0,0.0,0.0,0.0,0.0,0.0,0.0,0.0,0.0,0.0,0.0,0.0,0.0,0.0,0.0,0.0,0.0,0.0,0.0,0.0,0.0,0
0.0,0.0,0.0,0.0,0.0,0.0,0.0,0.0,0.0,0.0,0.0,0.0,0.0,0.0,0.0,0.0,0.0,0.0,0.0,0.0,0.0,0.0,0.0,0.0,0.0,0.0,0.0,0.0,0.0,0.0,0.0,0.0,0.0,0.0,0.0,0.0,0.0,0.0,0.0,0.0,0.0,0.0,0.0,0.0,0.0,0.0,0.0,0.0,0.0,0.0,0.0,0.0,0.0,0.0,0.0,0.0,0.0,0.0,0.0,0.0,0.0,0.0,0.0,0.0,0.0,0.0,0
0.0,0.0,0.0,0.0,0.0,0.0,0.0,0.0,0.0,0.0,0.0,0.0,0.0,0.0,0.0,0.0,0.0,0.0,0.0,0.0,0.0,0.0,0.0,0.0,0.0,0.0,0.0,0.0,0.0,0.0,0.0,0.0,0.0,0.0,0.0,0.0,0.0,0.0,0.0,0.0,0.0,0.0,0.0,0.0,0.0,0.0,0.0,0.0,0.0,0.0,0.0,0.0,0.0,0.0,0.0,0.0,0.0,0.0,0.0,0.0,0.0,0.0,0.0,0.0,0.0,0.0,0
0.0,0.0,0.0,0.0,0.0,0.0,0.0,0.0,0.0,0.0,0.0,0.0,0.0,0.0,0.0,0.0,0.0,0.0,0.0,0.0,0.0,0.0,0.0,0.0,0.0,0.0,0.0,0.0,0.0,0.0,0.0,0.0,0.0,0.0,0.0,0.0,0.0,0.0,0.0,0.0,0.0,0.0,0.0,0.0,0.0,0.0,0.0,0.0,0.0,0.0,0.0,0.0,0.0,0.0,0.0,0.0,0.0,0.0,0.0,0.0,0.0,0.0,0.0,0.0,0.0,0.0,0
0.0,0.0,0.0,0.0,0.0,0.0,0.0,0.0,0.0,0.0,0.0,0.0,0.0,0.0,0.0,0.0,0.0,0.0,0.0,0.0,0.0,0.0,0.0,0.0,0.0,0.0,0.0,0.0,0.0,0.0,0.0,0.0,0.0,0.0,0.0,0.0,0.0,0.0,0.0,0.0,0.0,0.0,0.0,0.0,0.0,0.0,0.0,0.0,0.0,0.0,0.0,0.0,0.0,0.0,0.0,0.0,0.0,0.0,0.0,0.0,0.0,0.0,0.0,0.0,0.0,0.0,0
0.0,0.0,0.0,0.0,0.0,0.0,0.0,0.0,0.0,0.0,0.0,0.0,0.0,0.0,0.0,0.0,0.0,0.0,0.0,0.0,0.0,0.0,0.0,0.0,0.0,0.0,0.0,0.0,0.0,0.0,0.0,0.0,0.0,0.0,0.0,0.0,0.0,0.0,0.0,0.0,0.0,0.0,0.0,0.0,0.0,0.0,0.0,0.0,0.0,0.0,0.0,0.0,0.0,0.0,0.0,0.0,0.0,0.0,0.0,0.0,0.0,0.0,0.0,0.0,0.0,0.0,0
0.0,0.0,0.0,0.0,0.0,0.0,0.0,0.0,0.0,0.0,0.0,0.0,0.0,0.0,0.0,0.0,0.0,0.0,0.0,0.0,0.0,0.0,0.0,0.0,0.0,0.0,0.0,0.0,0.0,0.0,0.0,0.0,0.0,0.0,0.0,0.0,0.0,0.0,0.0,0.0,0.0,0.0,0.0,0.0,0.0,0.0,0.0,0.0,0.0,0.0,0.0,0.0,0.0,0.0,0.0,0.0,0.0,0.0,0.0,0.0,0.0,0.0,0.0,0.0,0.0,0.0,0
0.0,0.0,0.0,0.0,0.0,0.0,0.0,0.0,0.0,0.0,0.0,0.0,0.0,0.0,0.0,0.0,0.0,0.0,0.0,0.0,0.0,0.0,0.0,0.0,0.0,0.0,0.0,0.0,0.0,0.0,0.0,0.0,0.0,0.0,0.0,0.0,0.0,0.0,0.0,0.0,0.0,0.0,0.0,0.0,0.0,0.0,0.0,0.0,0.0,0.0,0.0,0.0,0.0,0.0,0.0,0.0,0.0,0.0,0.0,0.0,0.0,0.0,0.0,0.0,0.0,0.0,0
0.0,0.0,0.0,0.0,0.0,0.0,0.0,0.0,0.0,0.0,0.0,0.0,0.0,0.0,0.0,0.0,0.0,0.0,0.0,0.0,0.0,0.0,0.0,0.0,0.0,0.0,0.0,0.0,0.0,0.0,0.0,0.0,0.0,0.0,0.0,0.0,0.0,0.0,0.0,0.0,0.0,0.0,0.0,0.0,0.0,0.0,0.0,0.0,0.0,0.0,0.0,0.0,0.0,0.0,0.0,0.0,0.0,0.0,0.0,0.0,0.0,0.0,0.0,0.0,0.0,0.0,0
0.0,0.0,0.0,0.0,0.0,0.0,0.0,0.0,0.0,0.0,0.0,0.0,0.0,0.0,0.0,0.0,0.0,0.0,0.0,0.0,0.0,0.0,0.0,0.0,0.0,0.0,0.0,0.0,0.0,0.0,0.0,0.0,0.0,0.0,0.0,0.0,0.0,0.0,0.0,0.0,0.0,0.0,0.0,0.0,0.0,0.0,0.0,0.0,0.0,0.0,0.0,0.0,0.0,0.0,0.0,0.0,0.0,0.0,0.0,0.0,0.0,0.0,0.0,0.0,0.0,0.0,0
0.0,0.0,0.0,0.0,0.0,0.0,0.0,0.0,0.0,0.0,0.0,0.0,0.0,0.0,0.0,0.0,0.0,0.0,0.0,0.0,0.0,0.0,0.0,0.0,0.0,0.0,0.0,0.0,0.0,0.0,0.0,0.0,0.0,0.0,0.0,0.0,0.0,0.0,0.0,0.0,0.0,0.0,0.0,0.0,0.0,0.0,0.0,0.0,0.0,0.0,0.0,0.0,0.0,0.0,0.0,0.0,0.0,0.0,0.0,0.0,0.0,0.0,0.0,0.0,0.0,0.0,0
0.0,0.0,0.0,0.0,0.0,0.0,0.0,0.0,0.0,0.0,0.0,0.0,0.0,0.0,0.0,0.0,0.0,0.0,0.0,0.0,0.0,0.0,0.0,0.0,0.0,0.0,0.0,0.0,0.0,0.0,0.0,0.0,0.0,0.0,0.0,0.0,0.0,0.0,0.0,0.0,0.0,0.0,0.0,0.0,0.0,0.0,0.0,0.0,0.0,0.0,0.0,0.0,0.0,0.0,0.0,0.0,0.0,0.0,0.0,0.0,0.0,0.0,0.0,0.0,0.0,0.0,0
0.0,0.0,0.0,0.0,0.0,0.0,0.0,0.0,0.0,0.0,0.0,0.0,0.0,0.0,0.0,0.0,0.0,0.0,0.0,0.0,0.0,0.0,0.0,0.0,0.0,0.0,0.0,0.0,0.0,0.0,0.0,0.0,0.0,0.0,0.0,0.0,0.0,0.0,0.0,0.0,0.0,0.0,0.0,0.0,0.0,0.0,0.0,0.0,0.0,0.0,0.0,0.0,0.0,0.0,0.0,0.0,0.0,0.0,0.0,0.0,0.0,0.0,0.0,0.0,0.0,0.0,0
0.0,0.0,0.0,0.0,0.0,0.0,0.0,0.0,0.0,0.0,0.0,0.0,0.0,0.0,0.0,0.0,0.0,0.0,0.0,0.0,0.0,0.0,0.0,0.0,0.0,0.0,0.0,0.0,0.0,0.0,0.0,0.0,0.0,0.0,0.0,0.0,0.0,0.0,0.0,0.0,0.0,0.0,0.0,0.0,0.0,0.0,0.0,0.0,0.0,0.0,0.0,0.0,0.0,0.0,0.0,0.0,0.0,0.0,0.0,0.0,0.0,0.0,0.0,0.0,0.0,0.0,0
0.0,0.0,0.0,0.0,0.0,0.0,0.0,0.0,0.0,0.0,0.0,0.0,0.0,0.0,0.0,0.0,0.0,0.0,0.0,0.0,0.0,0.0,0.0,0.0,0.0,0.0,0.0,0.0,0.0,0.0,0.0,0.0,0.0,0.0,0.0,0.0,0.0,0.0,0.0,0.0,0.0,0.0,0.0,0.0,0.0,0.0,0.0,0.0,0.0,0.0,0.0,0.0,0.0,0.0,0.0,0.0,0.0,0.0,0.0,0.0,0.0,0.0,0.0,0.0,0.0,0.0,0
0.0,0.0,0.0,0.0,0.0,0.0,0.0,0.0,0.0,0.0,0.0,0.0,0.0,0.0,0.0,0.0,0.0,0.0,0.0,0.0,0.0,0.0,0.0,0.0,0.0,0.0,0.0,0.0,0.0,0.0,0.0,0.0,0.0,0.0,0.0,0.0,0.0,0.0,0.0,0.0,0.0,0.0,0.0,0.0,0.0,0.0,0.0,0.0,0.0,0.0,0.0,0.0,0.0,0.0,0.0,0.0,0.0,0.0,0.0,0.0,0.0,0.0,0.0,0.0,0.0,0.0,0
0.0,0.0,0.0,0.0,0.0,0.0,0.0,0.0,0.0,0.0,0.0,0.0,0.0,0.0,0.0,0.0,0.0,0.0,0.0,0.0,0.0,0.0,0.0,0.0,0.0,0.0,0.0,0.0,0.0,0.0,0.0,0.0,0.0,0.0,0.0,0.0,0.0,0.0,0.0,0.0,0.0,0.0,0.0,0.0,0.0,0.0,0.0,0.0,0.0,0.0,0.0,0.0,0.0,0.0,0.0,0.0,0.0,0.0,0.0,0.0,0.0,0.0,0.0,0.0,0.0,0.0,0
0.0,0.0,0.0,0.0,0.0,0.0,0.0,0.0,0.0,0.0,0.0,0.0,0.0,0.0,0.0,0.0,0.0,0.0,0.0,0.0,0.0,0.0,0.0,0.0,0.0,0.0,0.0,0.0,0.0,0.0,0.0,0.0,0.0,0.0,0.0,0.0,0.0,0.0,0.0,0.0,0.0,0.0,0.0,0.0,0.0,0.0,0.0,0.0,0.0,0.0,0.0,0.0,0.0,0.0,0.0,0.0,0.0,0.0,0.0,0.0,0.0,0.0,0.0,0.0,0.0,0.0,0
0.0,0.0,0.0,0.0,0.0,0.0,0.0,0.0,0.0,0.0,0.0,0.0,0.0,0.0,0.0,0.0,0.0,0.0,0.0,0.0,0.0,0.0,0.0,0.0,0.0,0.0,0.0,0.0,0.0,0.0,0.0,0.0,0.0,0.0,0.0,0.0,0.0,0.0,0.0,0.0,0.0,0.0,0.0,0.0,0.0,0.0,0.0,0.0,0.0,0.0,0.0,0.0,0.0,0.0,0.0,0.0,0.0,0.0,0.0,0.0,0.0,0.0,0.0,0.0,0.0,0.0,0
0.0,0.0,0.0,0.0,0.0,0.0,0.0,0.0,0.0,0.0,0.0,0.0,0.0,0.0,0.0,0.0,0.0,0.0,0.0,0.0,0.0,0.0,0.0,0.0,0.0,0.0,0.0,0.0,0.0,0.0,0.0,0.0,0.0,0.0,0.0,0.0,0.0,0.0,0.0,0.0,0.0,0.0,0.0,0.0,0.0,0.0,0.0,0.0,0.0,0.0,0.0,0.0,0.0,0.0,0.0,0.0,0.0,0.0,0.0,0.0,0.0,0.0,0.0,0.0,0.0,0.0,0
0.0,0.0,0.0,0.0,0.0,0.0,0.0,0.0,0.0,0.0,0.0,0.0,0.0,0.0,0.0,0.0,0.0,0.0,0.0,0.0,0.0,0.0,0.0,0.0,0.0,0.0,0.0,0.0,0.0,0.0,0.0,0.0,0.0,0.0,0.0,0.0,0.0,0.0,0.0,0.0,0.0,0.0,0.0,0.0,0.0,0.0,0.0,0.0,0.0,0.0,0.0,0.0,0.0,0.0,0.0,0.0,0.0,0.0,0.0,0.0,0.0,0.0,0.0,0.0,0.0,0.0,0
0.0,0.0,0.0,0.0,0.0,0.0,0.0,0.0,0.0,0.0,0.0,0.0,0.0,0.0,0.0,0.0,0.0,0.0,0.0,0.0,0.0,0.0,0.0,0.0,0.0,0.0,0.0,0.0,0.0,0.0,0.0,0.0,0.0,0.0,0.0,0.0,0.0,0.0,0.0,0.0,0.0,0.0,0.0,0.0,0.0,0.0,0.0,0.0,0.0,0.0,0.0,0.0,0.0,0.0,0.0,0.0,0.0,0.0,0.0,0.0,0.0,0.0,0.0,0.0,0.0,0.0,0
0.0,0.0,0.0,0.0,0.0,0.0,0.0,0.0,0.0,0.0,0.0,0.0,0.0,0.0,0.0,0.0,0.0,0.0,0.0,0.0,0.0,0.0,0.0,0.0,0.0,0.0,0.0,0.0,0.0,0.0,0.0,0.0,0.0,0.0,0.0,0.0,0.0,0.0,0.0,0.0,0.0,0.0,0.0,0.0,0.0,0.0,0.0,0.0,0.0,0.0,0.0,0.0,0.0,0.0,0.0,0.0,0.0,0.0,0.0,0.0,0.0,0.0,0.0,0.0,0.0,0.0,0
0.0,0.0,0.0,0.0,0.0,0.0,0.0,0.0,0.0,0.0,0.0,0.0,0.0,0.0,0.0,0.0,0.0,0.0,0.0,0.0,0.0,0.0,0.0,0.0,0.0,0.0,0.0,0.0,0.0,0.0,0.0,0.0,0.0,0.0,0.0,0.0,0.0,0.0,0.0,0.0,0.0,0.0,0.0,0.0,0.0,0.0,0.0,0.0,0.0,0.0,0.0,0.0,0.0,0.0,0.0,0.0,0.0,0.0,0.0,0.0,0.0,0.0,0.0,0.0,0.0,0.0,0
0.0,0.0,0.0,0.0,0.0,0.0,0.0,0.0,0.0,0.0,0.0,0.0,0.0,0.0,0.0,0.0,0.0,0.0,0.0,0.0,0.0,0.0,0.0,0.0,0.0,0.0,0.0,0.0,0.0,0.0,0.0,0.0,0.0,0.0,0.0,0.0,0.0,0.0,0.0,0.0,0.0,0.0,0.0,0.0,0.0,0.0,0.0,0.0,0.0,0.0,0.0,0.0,0.0,0.0,0.0,0.0,0.0,0.0,0.0,0.0,0.0,0.0,0.0,0.0,0.0,0.0,0
0.0,0.0,0.0,0.0,0.0,0.0,0.0,0.0,0.0,0.0,0.0,0.0,0.0,0.0,0.0,0.0,0.0,0.0,0.0,0.0,0.0,0.0,0.0,0.0,0.0,0.0,0.0,0.0,0.0,0.0,0.0,0.0,0.0,0.0,0.0,0.0,0.0,0.0,0.0,0.0,0.0,0.0,0.0,0.0,0.0,0.0,0.0,0.0,0.0,0.0,0.0,0.0,0.0,0.0,0.0,0.0,0.0,0.0,0.0,0.0,0.0,0.0,0.0,0.0,0.0,0.0,0
0.0,0.0,0.0,0.0,0.0,0.0,0.0,0.0,0.0,0.0,0.0,0.0,0.0,0.0,0.0,0.0,0.0,0.0,0.0,0.0,0.0,0.0,0.0,0.0,0.0,0.0,0.0,0.0,0.0,0.0,0.0,0.0,0.0,0.0,0.0,0.0,0.0,0.0,0.0,0.0,0.0,0.0,0.0,0.0,0.0,0.0,0.0,0.0,0.0,0.0,0.0,0.0,0.0,0.0,0.0,0.0,0.0,0.0,0.0,0.0,0.0,0.0,0.0,0.0,0.0,0.0,0
0.0,0.0,0.0,0.0,0.0,0.0,0.0,0.0,0.0,0.0,0.0,0.0,0.0,0.0,0.0,0.0,0.0,0.0,0.0,0.0,0.0,0.0,0.0,0.0,0.0,0.0,0.0,0.0,0.0,0.0,0.0,0.0,0.0,0.0,0.0,0.0,0.0,0.0,0.0,0.0,0.0,0.0,0.0,0.0,0.0,0.0,0.0,0.0,0.0,0.0,0.0,0.0,0.0,0.0,0.0,0.0,0.0,0.0,0.0,0.0,0.0,0.0,0.0,0.0,0.0,0.0,0
0.0,0.0,0.0,0.0,0.0,0.0,0.0,0.0,0.0,0.0,0.0,0.0,0.0,0.0,0.0,0.0,0.0,0.0,0.0,0.0,0.0,0.0,0.0,0.0,0.0,0.0,0.0,0.0,0.0,0.0,0.0,0.0,0.0,0.0,0.0,0.0,0.0,0.0,0.0,0.0,0.0,0.0,0.0,0.0,0.0,0.0,0.0,0.0,0.0,0.0,0.0,0.0,0.0,0.0,0.0,0.0,0.0,0.0,0.0,0.0,0.0,0.0,0.0,0.0,0.0,0.0,0
0.0,0.0,0.0,0.0,0.0,0.0,0.0,0.0,0.0,0.0,0.0,0.0,0.0,0.0,0.0,0.0,0.0,0.0,0.0,0.0,0.0,0.0,0.0,0.0,0.0,0.0,0.0,0.0,0.0,0.0,0.0,0.0,0.0,0.0,0.0,0.0,0.0,0.0,0.0,0.0,0.0,0.0,0.0,0.0,0.0,0.0,0.0,0.0,0.0,0.0,0.0,0.0,0.0,0.0,0.0,0.0,0.0,0.0,0.0,0.0,0.0,0.0,0.0,0.0,0.0,0.0,0
0.0,0.0,0.0,0.0,0.0,0.0,0.0,0.0,0.0,0.0,0.0,0.0,0.0,0.0,0.0,0.0,0.0,0.0,0.0,0.0,0.0,0.0,0.0,0.0,0.0,0.0,0.0,0.0,0.0,0.0,0.0,0.0,0.0,0.0,0.0,0.0,0.0,0.0,0.0,0.0,0.0,0.0,0.0,0.0,0.0,0.0,0.0,0.0,0.0,0.0,0.0,0.0,0.0,0.0,0.0,0.0,0.0,0.0,0.0,0.0,0.0,0.0,0.0,0.0,0.0,0.0,0
0.0,0.0,0.0,0.0,0.0,0.0,0.0,0.0,0.0,0.0,0.0,0.0,0.0,0.0,0.0,0.0,0.0,0.0,0.0,0.0,0.0,0.0,0.0,0.0,0.0,0.0,0.0,0.0,0.0,0.0,0.0,0.0,0.0,0.0,0.0,0.0,0.0,0.0,0.0,0.0,0.0,0.0,0.0,0.0,0.0,0.0,0.0,0.0,0.0,0.0,0.0,0.0,0.0,0.0,0.0,0.0,0.0,0.0,0.0,0.0,0.0,0.0,0.0,0.0,0.0,0.0,0
0.0,0.0,0.0,0.0,0.0,0.0,0.0,0.0,0.0,0.0,0.0,0.0,0.0,0.0,0.0,0.0,0.0,0.0,0.0,0.0,0.0,0.0,0.0,0.0,0.0,0.0,0.0,0.0,0.0,0.0,0.0,0.0,0.0,0.0,0.0,0.0,0.0,0.0,0.0,0.0,0.0,0.0,0.0,0.0,0.0,0.0,0.0,0.0,0.0,0.0,0.0,0.0,0.0,0.0,0.0,0.0,0.0,0.0,0.0,0.0,0.0,0.0,0.0,0.0,0.0,0.0,0
0.0,0.0,0.0,0.0,0.0,0.0,0.0,0.0,0.0,0.0,0.0,0.0,0.0,0.0,0.0,0.0,0.0,0.0,0.0,0.0,0.0,0.0,0.0,0.0,0.0,0.0,0.0,0.0,0.0,0.0,0.0,0.0,0.0,0.0,0.0,0.0,0.0,0.0,0.0,0.0,0.0,0.0,0.0,0.0,0.0,0.0,0.0,0.0,0.0,0.0,0.0,0.0,0.0,0.0,0.0,0.0,0.0,0.0,0.0,0.0,0.0,0.0,0.0,0.0,0.0,0.0,0
0.0,0.0,0.0,0.0,0.0,0.0,0.0,0.0,0.0,0.0,0.0,0.0,0.0,0.0,0.0,0.0,0.0,0.0,0.0,0.0,0.0,0.0,0.0,0.0,0.0,0.0,0.0,0.0,0.0,0.0,0.0,0.0,0.0,0.0,0.0,0.0,0.0,0.0,0.0,0.0,0.0,0.0,0.0,0.0,0.0,0.0,0.0,0.0,0.0,0.0,0.0,0.0,0.0,0.0,0.0,0.0,0.0,0.0,0.0,0.0,0.0,0.0,0.0,0.0,0.0,0.0,0
0.0,0.0,0.0,0.0,0.0,0.0,0.0,0.0,0.0,0.0,0.0,0.0,0.0,0.0,0.0,0.0,0.0,0.0,0.0,0.0,0.0,0.0,0.0,0.0,0.0,0.0,0.0,0.0,0.0,0.0,0.0,0.0,0.0,0.0,0.0,0.0,0.0,0.0,0.0,0.0,0.0,0.0,0.0,0.0,0.0,0.0,0.0,0.0,0.0,0.0,0.0,0.0,0.0,0.0,0.0,0.0,0.0,0.0,0.0,0.0,0.0,0.0,0.0,0.0,0.0,0.0,0
0.0,0.0,0.0,0.0,0.0,0.0,0.0,0.0,0.0,0.0,0.0,0.0,0.0,0.0,0.0,0.0,0.0,0.0,0.0,0.0,0.0,0.0,0.0,0.0,0.0,0.0,0.0,0.0,0.0,0.0,0.0,0.0,0.0,0.0,0.0,0.0,0.0,0.0,0.0,0.0,0.0,0.0,0.0,0.0,0.0,0.0,0.0,0.0,0.0,0.0,0.0,0.0,0.0,0.0,0.0,0.0,0.0,0.0,0.0,0.0,0.0,0.0,0.0,0.0,0.0,0.0,0
0.0,0.0,0.0,0.0,0.0,0.0,0.0,0.0,0.0,0.0,0.0,0.0,0.0,0.0,0.0,0.0,0.0,0.0,0.0,0.0,0.0,0.0,0.0,0.0,0.0,0.0,0.0,0.0,0.0,0.0,0.0,0.0,0.0,0.0,0.0,0.0,0.0,0.0,0.0,0.0,0.0,0.0,0.0,0.0,0.0,0.0,0.0,0.0,0.0,0.0,0.0,0.0,0.0,0.0,0.0,0.0,0.0,0.0,0.0,0.0,0.0,0.0,0.0,0.0,0.0,0.0,0
0.0,0.0,0.0,0.0,0.0,0.0,0.0,0.0,0.0,0.0,0.0,0.0,0.0,0.0,0.0,0.0,0.0,0.0,0.0,0.0,0.0,0.0,0.0,0.0,0.0,0.0,0.0,0.0,0.0,0.0,0.0,0.0,0.0,0.0,0.0,0.0,0.0,0.0,0.0,0.0,0.0,0.0,0.0,0.0,0.0,0.0,0.0,0.0,0.0,0.0,0.0,0.0,0.0,0.0,0.0,0.0,0.0,0.0,0.0,0.0,0.0,0.0,0.0,0.0,0.0,0.0,0
0.0,0.0,0.0,0.0,0.0,0.0,0.0,0.0,0.0,0.0,0.0,0.0,0.0,0.0,0.0,0.0,0.0,0.0,0.0,0.0,0.0,0.0,0.0,0.0,0.0,0.0,0.0,0.0,0.0,0.0,0.0,0.0,0.0,0.0,0.0,0.0,0.0,0.0,0.0,0.0,0.0,0.0,0.0,0.0,0.0,0.0,0.0,0.0,0.0,0.0,0.0,0.0,0.0,0.0,0.0,0.0,0.0,0.0,0.0,0.0,0.0,0.0,0.0,0.0,0.0,0.0,0
0.0,0.0,0.0,0.0,0.0,0.0,0.0,0.0,0.0,0.0,0.0,0.0,0.0,0.0,0.0,0.0,0.0,0.0,0.0,0.0,0.0,0.0,0.0,0.0,0.0,0.0,0.0,0.0,0.0,0.0,0.0,0.0,0.0,0.0,0.0,0.0,0.0,0.0,0.0,0.0,0.0,0.0,0.0,0.0,0.0,0.0,0.0,0.0,0.0,0.0,0.0,0.0,0.0,0.0,0.0,0.0,0.0,0.0,0.0,0.0,0.0,0.0,0.0,0.0,0.0,0.0,0
0.0,0.0,0.0,0.0,0.0,0.0,0.0,0.0,0.0,0.0,0.0,0.0,0.0,0.0,0.0,0.0,0.0,0.0,0.0,0.0,0.0,0.0,0.0,0.0,0.0,0.0,0.0,0.0,0.0,0.0,0.0,0.0,0.0,0.0,0.0,0.0,0.0,0.0,0.0,0.0,0.0,0.0,0.0,0.0,0.0,0.0,0.0,0.0,0.0,0.0,0.0,0.0,0.0,0.0,0.0,0.0,0.0,0.0,0.0,0.0,0.0,0.0,0.0,0.0,0.0,0.0,0
0.0,0.0,0.0,0.0,0.0,0.0,0.0,0.0,0.0,0.0,0.0,0.0,0.0,0.0,0.0,0.0,0.0,0.0,0.0,0.0,0.0,0.0,0.0,0.0,0.0,0.0,0.0,0.0,0.0,0.0,0.0,0.0,0.0,0.0,0.0,0.0,0.0,0.0,0.0,0.0,0.0,0.0,0.0,0.0,0.0,0.0,0.0,0.0,0.0,0.0,0.0,0.0,0.0,0.0,0.0,0.0,0.0,0.0,0.0,0.0,0.0,0.0,0.0,0.0,0.0,0.0,0
0.0,0.0,0.0,0.0,0.0,0.0,0.0,0.0,0.0,0.0,0.0,0.0,0.0,0.0,0.0,0.0,0.0,0.0,0.0,0.0,0.0,0.0,0.0,0.0,0.0,0.0,0.0,0.0,0.0,0.0,0.0,0.0,0.0,0.0,0.0,0.0,0.0,0.0,0.0,0.0,0.0,0.0,0.0,0.0,0.0,0.0,0.0,0.0,0.0,0.0,0.0,0.0,0.0,0.0,0.0,0.0,0.0,0.0,0.0,0.0,0.0,0.0,0.0,0.0,0.0,0.0,0
0.0,0.0,0.0,0.0,0.0,0.0,0.0,0.0,0.0,0.0,0.0,0.0,0.0,0.0,0.0,0.0,0.0,0.0,0.0,0.0,0.0,0.0,0.0,0.0,0.0,0.0,0.0,0.0,0.0,0.0,0.0,0.0,0.0,0.0,0.0,0.0,0.0,0.0,0.0,0.0,0.0,0.0,0.0,0.0,0.0,0.0,0.0,0.0,0.0,0.0,0.0,0.0,0.0,0.0,0.0,0.0,0.0,0.0,0.0,0.0,0.0,0.0,0.0,0.0,0.0,0.0,0
0.0,0.0,0.0,0.0,0.0,0.0,0.0,0.0,0.0,0.0,0.0,0.0,0.0,0.0,0.0,0.0,0.0,0.0,0.0,0.0,0.0,0.0,0.0,0.0,0.0,0.0,0.0,0.0,0.0,0.0,0.0,0.0,0.0,0.0,0.0,0.0,0.0,0.0,0.0,0.0,0.0,0.0,0.0,0.0,0.0,0.0,0.0,0.0,0.0,0.0,0.0,0.0,0.0,0.0,0.0,0.0,0.0,0.0,0.0,0.0,0.0,0.0,0.0,0.0,0.0,0.0,0
0.8086094856262207,0.24735680222511292,0.8148459196090698,0.23932448029518127,0.8166759610176086,0.23927447199821472,0.8182891607284546,0.2392808198928833,0.8102806806564331,0.23544174432754517,0.8093518614768982,0.2366291582584381,0.8073112368583679,0.2384680211544037,0.824989378452301,0.25876113772392273,0.810432493686676,0.2554280757904053,0.8124387264251709,0.2687557339668274,0.8082045912742615,0.2710781991481781,0.8308202624320984,0.34236592054367065,0.8074156045913696,0.3442440927028656,0.839239239692688,0.5100858211517334,0.8031986951828003,0.45794326066970825,0.8160719871520996,0.5610364675521851,0.8020663857460022,0.4986327588558197,0.8131403923034668,0.5775251984596252,0.801241934299469,0.5112829208374023,0.809475302696228,0.567461371421814,0.8034424781799316,0.5059333443641663,0.8096268773078918,0.561884343624115,0.804887056350708,0.5032411217689514,0.8479719161987305,0.630479097366333,0.8309873342514038,0.6249648332595825,0.8628134727478027,0.7793515920639038,0.8443582653999329,0.7417608499526978,0.8679659962654114,0.8555197715759277,0.8575926423072815,0.7917026281356812,0.8725011348724365,0.8649040460586548,0.8617533445358276,0.8019742965698242,0.8547244668006897,0.8937837481498718,0.8527751564979553,0.8109205961227417,0
0.8057183623313904,0.24478888511657715,0.8113822340965271,0.22951510548591614,0.8138129115104675,0.23289605975151062,0.8170674443244934,0.23212212324142456,0.807141900062561,0.23284336924552917,0.8060668706893921,0.23411023616790771,0.8050327897071838,0.23519179224967957,0.8216499090194702,0.24630528688430786,0.8068767189979553,0.25132182240486145,0.8116486072540283,0.26126301288604736,0.8054379820823669,0.266564279794693,0.8388354182243347,0.3302324712276459,0.8062062859535217,0.3538098931312561,0.8392559289932251,0.4907883405685425,0.8013898134231567,0.48315203189849854,0.8157901763916016,0.5922614336013794,0.7985314726829529,0.517254650592804,0.8125776052474976,0.6228467226028442,0.7988980412483215,0.5323904156684875,0.8078476786613464,0.6128107309341431,0.7991147637367249,0.5321010947227478,0.8085627555847168,0.6024599671363831,0.8041621446609497,0.5438940525054932,0.8579981923103333,0.5959336757659912,0.8354143500328064,0.6111344695091248,0.8695753812789917,0.7682113647460938,0.8426328301429749,0.7476839423179626,0.8862699270248413,0.8569740653038025,0.8669279217720032,0.8264533877372742,0.8929128646850586,0.8641738891601562,0.872161328792572,0.8386574983596802,0.870965301990509,0.9021904468536377,0.862334132194519,0.8542370200157166,0
0.0,0.0,0.0,0.0,0.0,0.0,0.0,0.0,0.0,0.0,0.0,0.0,0.0,0.0,0.0,0.0,0.0,0.0,0.0,0.0,0.0,0.0,0.0,0.0,0.0,0.0,0.0,0.0,0.0,0.0,0.0,0.0,0.0,0.0,0.0,0.0,0.0,0.0,0.0,0.0,0.0,0.0,0.0,0.0,0.0,0.0,0.0,0.0,0.0,0.0,0.0,0.0,0.0,0.0,0.0,0.0,0.0,0.0,0.0,0.0,0.0,0.0,0.0,0.0,0.0,0.0,0
0.0,0.0,0.0,0.0,0.0,0.0,0.0,0.0,0.0,0.0,0.0,0.0,0.0,0.0,0.0,0.0,0.0,0.0,0.0,0.0,0.0,0.0,0.0,0.0,0.0,0.0,0.0,0.0,0.0,0.0,0.0,0.0,0.0,0.0,0.0,0.0,0.0,0.0,0.0,0.0,0.0,0.0,0.0,0.0,0.0,0.0,0.0,0.0,0.0,0.0,0.0,0.0,0.0,0.0,0.0,0.0,0.0,0.0,0.0,0.0,0.0,0.0,0.0,0.0,0.0,0.0,0
0.0,0.0,0.0,0.0,0.0,0.0,0.0,0.0,0.0,0.0,0.0,0.0,0.0,0.0,0.0,0.0,0.0,0.0,0.0,0.0,0.0,0.0,0.0,0.0,0.0,0.0,0.0,0.0,0.0,0.0,0.0,0.0,0.0,0.0,0.0,0.0,0.0,0.0,0.0,0.0,0.0,0.0,0.0,0.0,0.0,0.0,0.0,0.0,0.0,0.0,0.0,0.0,0.0,0.0,0.0,0.0,0.0,0.0,0.0,0.0,0.0,0.0,0.0,0.0,0.0,0.0,0
0.8035081624984741,0.2297896444797516,0.809230625629425,0.21902090311050415,0.81171053647995,0.2185363471508026,0.8141800761222839,0.21819764375686646,0.8035181760787964,0.22220739722251892,0.8021537065505981,0.223609060049057,0.8008387088775635,0.22504478693008423,0.8211995363235474,0.23077178001403809,0.8026157021522522,0.2346380054950714,0.8101193308830261,0.24540787935256958,0.8014848232269287,0.24937587976455688,0.8355669975280762,0.3086775243282318,0.7972162961959839,0.32808199524879456,0.8341946005821228,0.4596763849258423,0.791520357131958,0.4577363133430481,0.8114868998527527,0.5227837562561035,0.7900575399398804,0.45984238386154175,0.8078616857528687,0.5418155789375305,0.7894214391708374,0.4589685797691345,0.8053783774375916,0.5326911211013794,0.7899438142776489,0.45455503463745117,0.8056161403656006,0.5276715755462646,0.7943218350410461,0.4538836181163788,0.8425601720809937,0.5576670169830322,0.8231604695320129,0.576841413974762,0.8388135433197021,0.727478563785553,0.8288906812667847,0.7339649796485901,0.8796246647834778,0.8740541338920593,0.8649246692657471,0.8355034589767456,0.8895019888877869,0.88111412525177,0.8729966282844543,0.8432605862617493,0.8675060868263245,0.9599213600158691,0.8589663505554199,0.8962995409965515,0
0.8040752410888672,0.22830143570899963,0.8079403638839722,0.21845507621765137,0.8100063800811768,0.21732601523399353,0.812722384929657,0.21594685316085815,0.8031597137451172,0.22244736552238464,0.8015368580818176,0.22437071800231934,0.8000248074531555,0.2262115478515625,0.8175727128982544,0.22276997566223145,0.8008168935775757,0.23544949293136597,0.8098247647285461,0.23925292491912842,0.8030533790588379,0.24410536885261536,0.8368129730224609,0.2942273020744324,0.79249107837677,0.3394554853439331,0.8451120853424072,0.4294138252735138,0.7920312285423279,0.4369969367980957,0.833871066570282,0.556290864944458,0.7940196394920349,0.4876788258552551,0.8344361186027527,0.5958471298217773,0.7989851832389832,0.5114492774009705,0.8290457725524902,0.5969517230987549,0.8016718626022339,0.5045182704925537,0.8273677229881287,0.5845555663108826,0.8032858967781067,0.4973503351211548,0.8421135544776917,0.5450384616851807,0.8213531970977783,0.5693414807319641,0.8453167676925659,0.7209317088127136,0.832528829574585,0.7277334928512573,0.877841055393219,0.8612649440765381,0.868177056312561,0.835303008556366,0.8840280771255493,0.8801971673965454,0.8749274015426636,0.8501659035682678,0.8733947277069092,0.9345853328704834,0.8675770163536072,0.8947771191596985,0
0.8019376993179321,0.23086535930633545,0.8051413893699646,0.21901601552963257,0.807780921459198,0.21700075268745422,0.8099315762519836,0.21522477269172668,0.8009493947029114,0.2242966890335083,0.7998587489128113,0.22620278596878052,0.7987683415412903,0.22801974415779114,0.816304087638855,0.2200298011302948,0.8010979890823364,0.235073983669281,0.8075681328773499,0.2389652132987976,0.8015240430831909,0.24583396315574646,0.837541937828064,0.28798481822013855,0.7946794033050537,0.33432045578956604,0.8422266244888306,0.4247097671031952,0.7889850735664368,0.43233218789100647,0.8315060138702393,0.5517820715904236,0.7908486127853394,0.44544512033462524,0.8325610756874084,0.5901919603347778,0.7939842343330383,0.47250819206237793,0.8280391097068787,0.5916826725006104,0.7914803624153137,0.4572080671787262,0.8265195488929749,0.5792781710624695,0.7975695133209229,0.45676618814468384,0.8419262766838074,0.5321333408355713,0.8197364211082458,0.5511970520019531,0.8386685848236084,0.696406900882721,0.8273419141769409,0.7086933255195618,0.8672232031822205,0.8493878841400146,0.8565046787261963,0.8259655237197876,0.8738431930541992,0.8657243847846985,0.8633925914764404,0.8396652936935425,0.8599563241004944,0.9263008832931519,0.8537693619728088,0.8901557326316833,0
0.8001253604888916,0.2396477460861206,0.8025850653648376,0.22349408268928528,0.8043485283851624,0.2212919294834137,0.8060716986656189,0.21919497847557068,0.7982816696166992,0.22998064756393433,0.7972720861434937,0.23194554448127747,0.7962222695350647,0.23392841219902039,0.811716616153717,0.222214013338089,0.7991611361503601,0.2389381229877472,0.8069166541099548,0.24754685163497925,0.8009485006332397,0.25501570105552673,0.8322291970252991,0.28471019864082336,0.7946683764457703,0.3321358859539032,0.8357285261154175,0.41117507219314575,0.7891196012496948,0.43470102548599243,0.8276141285896301,0.522072970867157,0.7918917536735535,0.44310900568962097,0.8293489217758179,0.551744818687439,0.7976070642471313,0.46856367588043213,0.8256113529205322,0.5548815727233887,0.8003420233726501,0.45855119824409485,0.8241990804672241,0.5457132458686829,0.8013820052146912,0.4554119408130646,0.8378779888153076,0.5076526403427124,0.8187324404716492,0.5295793414115906,0.8264724016189575,0.655066192150116,0.8248581290245056,0.6614465713500977,0.8554220795631409,0.8024046421051025,0.8480117917060852,0.7782111763954163,0.8611067533493042,0.8205857872962952,0.8534396886825562,0.7922554016113281,0.8474707007408142,0.8745476007461548,0.84578937292099,0.8377037048339844,0
0.0,0.0,0.0,0.0,0.0,0.0,0.0,0.0,0.0,0.0,0.0,0.0,0.0,0.0,0.0,0.0,0.0,0.0,0.0,0.0,0.0,0.0,0.0,0.0,0.0,0.0,0.0,0.0,0.0,0.0,0.0,0.0,0.0,0.0,0.0,0.0,0.0,0.0,0.0,0.0,0.0,0.0,0.0,0.0,0.0,0.0,0.0,0.0,0.0,0.0,0.0,0.0,0.0,0.0,0.0,0.0,0.0,0.0,0.0,0.0,0.0,0.0,0.0,0.0,0.0,0.0,0
0.7949046492576599,0.23742017149925232,0.7967894673347473,0.2203502655029297,0.7989437580108643,0.21700918674468994,0.8010181784629822,0.2138248085975647,0.7910987734794617,0.22916853427886963,0.7894083857536316,0.23171401023864746,0.7877650260925293,0.23406612873077393,0.8068199157714844,0.21407264471054077,0.7893602252006531,0.23913845419883728,0.8020939230918884,0.24473431706428528,0.7954217195510864,0.25539517402648926,0.8320530652999878,0.27296948432922363,0.7933911085128784,0.3281724750995636,0.8315374255180359,0.3739069998264313,0.7838305234909058,0.41847044229507446,0.8136792182922363,0.45921647548675537,0.7810533046722412,0.4279981553554535,0.8124574422836304,0.48131442070007324,0.7764139175415039,0.43208712339401245,0.8097856044769287,0.47848212718963623,0.7798349261283875,0.4162226915359497,0.8099643588066101,0.472404420375824,0.7824358344078064,0.41605305671691895,0.8372973799705505,0.48758843541145325,0.8144418001174927,0.5088614225387573,0.8159127235412598,0.5463008880615234,0.8100508451461792,0.5953388214111328,0.8236716985702515,0.7349244952201843,0.8187220096588135,0.7243850827217102,0.8408774733543396,0.7719643712043762,0.8317374587059021,0.7462053298950195,0.8150272369384766,0.802625298500061,0.8131272792816162,0.7924872636795044,0
0.0,0.0,0.0,0.0,0.0,0.0,0.0,0.0,0.0,0.0,0.0,0.0,0.0,0.0,0.0,0.0,0.0,0.0,0.0,0.0,0.0,0.0,0.0,0.0,0.0,0.0,0.0,0.0,0.0,0.0,0.0,0.0,0.0,0.0,0.0,0.0,0.0,0.0,0.0,0.0,0.0,0.0,0.0,0.0,0.0,0.0,0.0,0.0,0.0,0.0,0.0,0.0,0.0,0.0,0.0,0.0,0.0,0.0,0.0,0.0,0.0,0.0,0.0,0.0,0.0,0.0,0
0.791822612285614,0.24187225103378296,0.7948907017707825,0.22886058688163757,0.7968449592590332,0.22711074352264404,0.7987625598907471,0.22543805837631226,0.7901138067245483,0.23528620600700378,0.7889942526817322,0.23764312267303467,0.7878088355064392,0.24024364352226257,0.8061326146125793,0.2335357964038849,0.7904736399650574,0.25255730748176575,0.7969980835914612,0.2490232288837433,0.7906180620193481,0.25950032472610474,0.8246778249740601,0.28404027223587036,0.7876218557357788,0.3403409719467163,0.8150268197059631,0.3719913065433502,0.7797906398773193,0.42557692527770996,0.8014574646949768,0.3668156862258911,0.7857893109321594,0.40919217467308044,0.8016745448112488,0.3669965863227844,0.7844426035881042,0.4146575629711151,0.8004202246665955,0.36021244525909424,0.7888399362564087,0.3991386294364929,0.8001956939697266,0.3623145520687103,0.7903891205787659,0.3984920084476471,0.8450973629951477,0.5158305764198303,0.8242276906967163,0.5459102392196655,0.8035879135131836,0.528220534324646,0.7966737151145935,0.5746632218360901,0.817361056804657,0.7368765473365784,0.8158518671989441,0.7139788269996643,0.8316969871520996,0.7718674540519714,0.8234387040138245,0.7310579419136047,0.8073238730430603,0.8094183206558228,0.8023266196250916,0.7847744226455688,0
0.7871221899986267,0.24324578046798706,0.7901487350463867,0.23022666573524475,0.791773796081543,0.22854334115982056,0.7932812571525574,0.22685208916664124,0.7862615585327148,0.23457342386245728,0.785618007183075,0.23540392518043518,0.7849029302597046,0.2362038791179657,0.8002853989601135,0.23002773523330688,0.7899244427680969,0.23871293663978577,0.7925880551338196,0.25432246923446655,0.7890409231185913,0.2580777406692505,0.815336287021637,0.3117620646953583,0.7974012494087219,0.331875741481781,0.8089295625686646,0.47451362013816833,0.7826060056686401,0.4469815492630005,0.7945666909217834,0.5597677230834961,0.7839021682739258,0.4402519464492798,0.7948029041290283,0.5859463214874268,0.7830097079277039,0.4469003677368164,0.7926771640777588,0.5832580924034119,0.7862695455551147,0.4359787106513977,0.7923269867897034,0.5746989846229553,0.787548840045929,0.4354957640171051,0.8350813388824463,0.5528671741485596,0.8184068202972412,0.5618164539337158,0.8119663000106812,0.5801582932472229,0.7926015853881836,0.6120008230209351,0.8158659338951111,0.7399479746818542,0.8079127669334412,0.7158700227737427,0.8238898515701294,0.7703580856323242,0.821300208568573,0.7326066493988037,0.8000711798667908,0.8042866587638855,0.8008794784545898,0.7770766615867615,0
0.7848869562149048,0.23950567841529846,0.7884907126426697,0.22386175394058228,0.7902055382728577,0.22560307383537292,0.7913086414337158,0.22437554597854614,0.7852663993835449,0.22782990336418152,0.7850098609924316,0.22860610485076904,0.7845631241798401,0.22924330830574036,0.7974928617477417,0.2288149893283844,0.7890266180038452,0.2386043667793274,0.7897508144378662,0.2525585889816284,0.7873766422271729,0.25659316778182983,0.8134089708328247,0.3246670663356781,0.7979804277420044,0.32950130105018616,0.8074714541435242,0.4868246018886566,0.7812377214431763,0.43455958366394043,0.7974973320960999,0.6403447389602661,0.7801594734191895,0.4466139078140259,0.7990421652793884,0.6831833124160767,0.7782166004180908,0.4531027674674988,0.7946315407752991,0.6860353350639343,0.7800598740577698,0.4448802173137665,0.7939093112945557,0.6709111928939819,0.7814322113990784,0.44504109025001526,0.8306839466094971,0.5378092527389526,0.819034218788147,0.5477154850959778,0.8178806900978088,0.5832089781761169,0.8032288551330566,0.6157019138336182,0.8136833906173706,0.749733567237854,0.8048686981201172,0.7289623618125916,0.8293435573577881,0.7866959571838379,0.81569504737854,0.7412497401237488,0.7994946837425232,0.8110074996948242,0.791804313659668,0.7744681239128113,0
0.7833972573280334,0.24267444014549255,0.7857890129089355,0.22544953227043152,0.787433922290802,0.22309455275535583,0.7893986105918884,0.2199259102344513,0.7824273705482483,0.2300359606742859,0.7819697856903076,0.2304886281490326,0.7814021110534668,0.23073959350585938,0.7971393465995789,0.22004249691963196,0.7842631340026855,0.2333405613899231,0.7898396253585815,0.24981847405433655,0.7855401635169983,0.25539863109588623,0.8180319666862488,0.27783992886543274,0.7886976599693298,0.3182678520679474,0.8167292475700378,0.40139442682266235,0.7764497995376587,0.4257693588733673,0.7963236570358276,0.49762290716171265,0.7695632576942444,0.5010066628456116,0.7938085794448853,0.5249258875846863,0.764725923538208,0.5137287974357605,0.7901716232299805,0.5216799378395081,0.7692522406578064,0.5077968239784241,0.7913192510604858,0.5129280090332031,0.7702089548110962,0.5065586566925049,0.8277196884155273,0.4886540174484253,0.8075165152549744,0.49049121141433716,0.8182334899902344,0.6203382611274719,0.8016846179962158,0.627675473690033,0.8198715448379517,0.7619902491569519,0.8094127178192139,0.7326874136924744,0.833686113357544,0.8074822425842285,0.8133782744407654,0.7452699542045593,0.8050885200500488,0.8236560821533203,0.7923527956008911,0.7902926206588745,0
0.7780598402023315,0.2308083474636078,0.781184196472168,0.21781885623931885,0.7825654149055481,0.21477210521697998,0.7839066386222839,0.21157386898994446,0.7784003615379333,0.22470229864120483,0.778089165687561,0.2260746955871582,0.7776907086372375,0.2271110713481903,0.791327178478241,0.2128046751022339,0.7830540537834167,0.23253688216209412,0.7836228013038635,0.23679986596107483,0.7807719707489014,0.24468141794204712,0.8095372319221497,0.24911773204803467,0.7878242135047913,0.3267669081687927,0.8070651888847351,0.360461562871933,0.782882034778595,0.4120578169822693,0.7935435175895691,0.45957475900650024,0.7763542532920837,0.45781075954437256,0.7935405373573303,0.48671799898147583,0.7720615863800049,0.4694884717464447,0.7909071445465088,0.4905235767364502,0.7758632898330688,0.45588040351867676,0.790888786315918,0.4820605516433716,0.777673065662384,0.44980907440185547,0.8292729258537292,0.4311637878417969,0.8153413534164429,0.4720514118671417,0.810157835483551,0.5549100041389465,0.8013030886650085,0.5916338562965393,0.8157457709312439,0.7449058890342712,0.803899884223938,0.7229587435722351,0.8319922685623169,0.7800334095954895,0.8090420365333557,0.7424612641334534,0.8025333881378174,0.8141462206840515,0.7866846323013306,0.7906550765037537,0
0.7817304730415344,0.23812180757522583,0.7833726406097412,0.22102504968643188,0.7851183414459229,0.21785852313041687,0.7867459654808044,0.21438783407211304,0.7807352542877197,0.2263464331626892,0.780417263507843,0.2271817922592163,0.7796777486801147,0.22841081023216248,0.7933990359306335,0.21368056535720825,0.7851590514183044,0.2285371720790863,0.7876551151275635,0.24572104215621948,0.7841417193412781,0.2518462538719177,0.8190191984176636,0.27436456084251404,0.7843883633613586,0.32657137513160706,0.8119922280311584,0.4078961908817291,0.7766697406768799,0.432429701089859,0.79352205991745,0.4920341372489929,0.7693418264389038,0.4838613271713257,0.792565107345581,0.5194342136383057,0.7652456164360046,0.5051487684249878,0.7893027663230896,0.5154911279678345,0.7691303491592407,0.4933649003505707,0.7897327542304993,0.5085545778274536,0.77289217710495,0.4867362380027771,0.8278495669364929,0.4937970042228699,0.8062504529953003,0.5175960659980774,0.8031975626945496,0.5212497711181641,0.7807351350784302,0.5671482086181641,0.8229660987854004,0.7436568140983582,0.7968065738677979,0.7150202393531799,0.8328108787536621,0.7737270593643188,0.8058049082756042,0.7356225252151489,0.8060142993927002,0.8221648335456848,0.7830820679664612,0.7747369408607483,0
0.7813249230384827,0.23351648449897766,0.7819254398345947,0.21558600664138794,0.7837212085723877,0.2120356559753418,0.7855473160743713,0.20837602019309998,0.7779607772827148,0.2239508330821991,0.7771320939064026,0.22611257433891296,0.7763235569000244,0.2280256152153015,0.7910944223403931,0.20808976888656616,0.7800552845001221,0.23000752925872803,0.788390576839447,0.23838737607002258,0.7833731770515442,0.24816706776618958,0.8182042837142944,0.25845158100128174,0.7826567888259888,0.30985671281814575,0.8180500268936157,0.3816770315170288,0.7751957774162292,0.42189550399780273,0.8032197952270508,0.4709104299545288,0.767147421836853,0.4955153465270996,0.8045536279678345,0.4910253584384918,0.7657195329666138,0.5277702808380127,0.8005455732345581,0.4882744550704956,0.7704349756240845,0.5173333883285522,0.8000525236129761,0.48103606700897217,0.7740283012390137,0.5097987055778503,0.8255949020385742,0.4854877293109894,0.7985138893127441,0.4923707842826843,0.8053506016731262,0.541046679019928,0.7654237151145935,0.5159741640090942,0.8155800700187683,0.7400282025337219,0.7917554378509521,0.7051892876625061,0.8232526183128357,0.781293511390686,0.8028010725975037,0.7276772260665894,0.8052874803543091,0.8329174518585205,0.7816453576087952,0.7783325910568237,0
0.7779197692871094,0.23435354232788086,0.7794866561889648,0.21520167589187622,0.7813254594802856,0.2117636501789093,0.7831457853317261,0.20811814069747925,0.7757840752601624,0.22204220294952393,0.7751553654670715,0.2234572470188141,0.774582028388977,0.22462931275367737,0.7897798418998718,0.2062445878982544,0.7795489430427551,0.22488605976104736,0.7848992347717285,0.24048563838005066,0.7802524566650391,0.2482357621192932,0.8133499622344971,0.26044267416000366,0.7822228074073792,0.3057868778705597,0.8168630003929138,0.35978883504867554,0.7754405736923218,0.4217962622642517,0.8041597008705139,0.4802365005016327,0.7659300565719604,0.5015117526054382,0.8056555986404419,0.504945695400238,0.763435423374176,0.5298817753791809,0.7985649108886719,0.5100060105323792,0.7645230889320374,0.5287609696388245,0.7974672317504883,0.500167727470398,0.7680844068527222,0.5198062658309937,0.8188492655754089,0.4892742931842804,0.7934852838516235,0.5005680918693542,0.8069188594818115,0.6238132119178772,0.7814319133758545,0.6329649686813354,0.8246458172798157,0.7810810804367065,0.7950665950775146,0.7499379515647888,0.828916072845459,0.80314701795578,0.801794171333313,0.7641382813453674,0.8142784237861633,0.842553436756134,0.7848390936851501,0.8024718761444092,0
0.775070309638977,0.23503190279006958,0.7757741212844849,0.21612122654914856,0.7775794863700867,0.21244773268699646,0.779360294342041,0.2089327871799469,0.7726891040802002,0.2227751612663269,0.7722143530845642,0.22416740655899048,0.7717902660369873,0.22521847486495972,0.7864871621131897,0.20527541637420654,0.7766470909118652,0.2245054841041565,0.7821429967880249,0.24133354425430298,0.7779573202133179,0.2490374743938446,0.8104674816131592,0.25873830914497375,0.7839043736457825,0.29316475987434387,0.8149423003196716,0.36847633123397827,0.7760644555091858,0.4142535328865051,0.8009954690933228,0.47685909271240234,0.7733561992645264,0.49845385551452637,0.8015583753585815,0.4944700002670288,0.7703258991241455,0.5221359729766846,0.7989699840545654,0.486044317483902,0.7691246867179871,0.5165465474128723,0.7990270853042603,0.47687196731567383,0.7724995017051697,0.5089710354804993,0.8141785860061646,0.48758214712142944,0.793778121471405,0.49736547470092773,0.8107436299324036,0.618806779384613,0.7927606701850891,0.6368247270584106,0.8213125467300415,0.7757636904716492,0.8027003407478333,0.7475075721740723,0.8272596597671509,0.7974181175231934,0.8089166879653931,0.7638387084007263,0.7992597222328186,0.8260573744773865,0.7836193442344666,0.8005170822143555,0
0.7706337571144104,0.2326820194721222,0.7701746821403503,0.21626821160316467,0.7716944217681885,0.21280664205551147,0.7730554938316345,0.20952701568603516,0.7685028910636902,0.22236928343772888,0.7684067487716675,0.22363165020942688,0.7683060169219971,0.22469201683998108,0.781488835811615,0.20298707485198975,0.7726253867149353,0.22445479035377502,0.7772350311279297,0.23742511868476868,0.7745451927185059,0.2446150779724121,0.8077588081359863,0.24220141768455505,0.7801383137702942,0.2850937843322754,0.8132125735282898,0.35197824239730835,0.7725993990898132,0.4049348831176758,0.8063206672668457,0.46962806582450867,0.7708945870399475,0.5029260516166687,0.8023092746734619,0.492763876914978,0.7668949365615845,0.5347461104393005,0.800145149230957,0.4933677911758423,0.7707034945487976,0.5280227661132812,0.7999433279037476,0.4906751811504364,0.7716694474220276,0.5226311087608337,0.8111332654953003,0.4786118268966675,0.7927365899085999,0.48462408781051636,0.8022836446762085,0.6161453127861023,0.7786768078804016,0.6071407198905945,0.8068985342979431,0.7607976794242859,0.8021970391273499,0.7434365153312683,0.8136257529258728,0.7883878946304321,0.8093817830085754,0.7555254697799683,0.7888938784599304,0.8210335373878479,0.7839186787605286,0.7999064922332764,0
0.7710410952568054,0.23080649971961975,0.7712381482124329,0.21573683619499207,0.7729414105415344,0.21270981431007385,0.7746574282646179,0.20926395058631897,0.7683378458023071,0.22140371799468994,0.7679598927497864,0.22258445620536804,0.7676059007644653,0.22361230850219727,0.7823963165283203,0.20260944962501526,0.7727336883544922,0.22197332978248596,0.7780745625495911,0.23604699969291687,0.7744715213775635,0.2424626648426056,0.8054623603820801,0.249701589345932,0.7824724316596985,0.2800285518169403,0.8137412071228027,0.3531629145145416,0.7830331325531006,0.40155285596847534,0.8035876750946045,0.4746086895465851,0.7840903401374817,0.49592310190200806,0.8026024699211121,0.49519991874694824,0.7838268876075745,0.5246642827987671,0.8000460267066956,0.4934757947921753,0.7864636182785034,0.5215162634849548,0.7999168634414673,0.48956090211868286,0.787894070148468,0.5117762088775635,0.8068645596504211,0.49299973249435425,0.793093740940094,0.5006717443466187,0.8041785955429077,0.6453104019165039,0.7856128811836243,0.6315807700157166,0.8027364015579224,0.7829614877700806,0.8008084297180176,0.7668337821960449,0.8092123866081238,0.8139540553092957,0.8064233064651489,0.7901097536087036,0.7857739925384521,0.8447102308273315,0.7837802171707153,0.8183149099349976,0
0.7716184258460999,0.22754907608032227,0.7722759246826172,0.21309468150138855,0.7744149565696716,0.20995193719863892,0.7764565944671631,0.20688974857330322,0.7681597471237183,0.22030052542686462,0.7671887874603271,0.22243812680244446,0.7662578225135803,0.2244194746017456,0.782448947429657,0.2056107223033905,0.7699334621429443,0.2262648046016693,0.7785825729370117,0.2328302264213562,0.7737122178077698,0.24083256721496582,0.8019113540649414,0.25292953848838806,0.7789551615715027,0.27981317043304443,0.8055256605148315,0.34078699350357056,0.7612946629524231,0.33902862668037415,0.7861934304237366,0.3764103651046753,0.7510432600975037,0.33158594369888306,0.7854441404342651,0.38672906160354614,0.7473956346511841,0.33123672008514404,0.7823824882507324,0.3794551193714142,0.7495627999305725,0.3241921663284302,0.782829761505127,0.37602296471595764,0.7512022256851196,0.32683438062667847,0.8075483441352844,0.5036963224411011,0.7924691438674927,0.507192850112915,0.8005601763725281,0.6612007021903992,0.7778963446617126,0.6443591117858887,0.8117066025733948,0.8011226654052734,0.7850835919380188,0.7685803771018982,0.8167558312416077,0.8195536136627197,0.7878997921943665,0.7907689809799194,0.7964533567428589,0.8641257286071777,0.7701104879379272,0.8207079172134399,0
0.7726795673370361,0.22411775588989258,0.7737107276916504,0.21159517765045166,0.7749728560447693,0.20995280146598816,0.776254415512085,0.20796805620193481,0.7709082365036011,0.21578705310821533,0.7694534063339233,0.21782398223876953,0.7687258124351501,0.21912172436714172,0.7803569436073303,0.21082022786140442,0.7731710076332092,0.2239154875278473,0.7792086601257324,0.22906073927879333,0.7751502990722656,0.23535826802253723,0.7939069867134094,0.26898786425590515,0.7777390480041504,0.2727591395378113,0.7936580181121826,0.28135520219802856,0.7510620951652527,0.19490203261375427,0.781973123550415,0.28009095788002014,0.7316063046455383,0.15542584657669067,0.7807214260101318,0.284857839345932,0.7283070683479309,0.1378578543663025,0.7779881358146667,0.28212064504623413,0.7296885251998901,0.13113337755203247,0.7783541679382324,0.27909964323043823,0.7305156588554382,0.13784313201904297,0.8014544248580933,0.5114826560020447,0.7941673994064331,0.5209767818450928,0.7991878986358643,0.6546202301979065,0.7786086797714233,0.6418638825416565,0.7887843251228333,0.7646604776382446,0.7776053547859192,0.7588564157485962,0.7865891456604004,0.7766547799110413,0.7790196537971497,0.7764808535575867,0.7853902578353882,0.789419949054718,0.7761618494987488,0.7955574989318848,0
0.7575805187225342,0.26027408242225647,0.7611708045005798,0.22871002554893494,0.7623604536056519,0.22585833072662354,0.7650092840194702,0.24035954475402832,0.7591810822486877,0.23418471217155457,0.7589839696884155,0.23526054620742798,0.7585904598236084,0.2363276183605194,0.7725213766098022,0.21891897916793823,0.7645337581634521,0.23224204778671265,0.7631268501281738,0.2728833556175232,0.7663663625717163,0.2627390921115875,0.7937901616096497,0.2787911891937256,0.7763125896453857,0.29690447449684143,0.8052464723587036,0.35882997512817383,0.769653856754303,0.3663995862007141,0.7887951731681824,0.32988718152046204,0.7532643675804138,0.34429529309272766,0.7852687239646912,0.32514312863349915,0.7498316168785095,0.33839401602745056,0.7811483144760132,0.31389379501342773,0.7489016652107239,0.3337628245353699,0.7826539874076843,0.3150305151939392,0.7503544092178345,0.33753877878189087,0.8094027638435364,0.5727742910385132,0.7970346212387085,0.5650506019592285,0.7950678467750549,0.7361689209938049,0.7944998741149902,0.6893386840820312,0.8030134439468384,0.7738437056541443,0.7982988357543945,0.7500550746917725,0.8077985644340515,0.7774380445480347,0.8005232810974121,0.7592874765396118,0.7922530174255371,0.8138518333435059,0.7885803580284119,0.7783603668212891,0
0.7664005756378174,0.2941835820674896,0.7677786350250244,0.27886369824409485,0.7684547305107117,0.2788558006286621,0.7691560387611389,0.2787665128707886,0.7665820121765137,0.27926966547966003,0.7664503455162048,0.2795957922935486,0.7660779356956482,0.28014877438545227,0.7729485630989075,0.28737232089042664,0.7689760327339172,0.2884660065174103,0.7696569561958313,0.30907320976257324,0.7675161361694336,0.30974069237709045,0.7857245206832886,0.3554069697856903,0.7708404064178467,0.3595084846019745,0.8011910319328308,0.37444519996643066,0.7643526792526245,0.3784424364566803,0.7959812879562378,0.40242624282836914,0.7519071102142334,0.32332324981689453,0.7952114343643188,0.4102700352668762,0.7513979077339172,0.3058071732521057,0.7900061011314392,0.40593138337135315,0.7486194372177124,0.30237531661987305,0.7903789281845093,0.4014027714729309,0.7490525245666504,0.3101254999637604,0.8076419234275818,0.607266902923584,0.8026694059371948,0.6025789976119995,0.799723744392395,0.6724954843521118,0.7971363663673401,0.6350974440574646,0.795735239982605,0.7217065095901489,0.7948969602584839,0.6905947327613831,0.7936030626296997,0.7212473154067993,0.7924128174781799,0.6952515840530396,0.7988646626472473,0.758685827255249,0.7962514758110046,0.7190578579902649,0
0.7511107921600342,0.23465019464492798,0.7528829574584961,0.22425246238708496,0.7538403272628784,0.22291570901870728,0.7546809315681458,0.22173362970352173,0.7507011890411377,0.22675085067749023,0.7511149048805237,0.22616097331047058,0.7512588500976562,0.22581017017364502,0.7626303434371948,0.21681225299835205,0.756702721118927,0.222152441740036,0.7580468058586121,0.23626548051834106,0.7571181058883667,0.23781755566596985,0.7875415086746216,0.2564322054386139,0.7647092342376709,0.25905412435531616,0.7971125245094299,0.37069690227508545,0.7368859052658081,0.21599552035331726,0.7857060432434082,0.4738793969154358,0.7129854559898376,0.1795211136341095,0.7844290137290955,0.49463456869125366,0.7053523659706116,0.1631588637828827,0.7799412608146667,0.4956863522529602,0.7063484191894531,0.15613240003585815,0.7800381779670715,0.49164849519729614,0.7092671990394592,0.16282522678375244,0.8007712364196777,0.46520912647247314,0.7859236598014832,0.4765405058860779,0.7956341505050659,0.6277198791503906,0.7706338167190552,0.5980329513549805,0.8071578145027161,0.7775611281394958,0.7672063708305359,0.7595126628875732,0.8058418035507202,0.7918257713317871,0.7718884944915771,0.7905339598655701,0.7957802414894104,0.8369867205619812,0.7519237995147705,0.8072908520698547,0
0.7485678791999817,0.24000200629234314,0.7483287453651428,0.22815021872520447,0.7507452368736267,0.2242647111415863,0.7517006993293762,0.2215326428413391,0.747706413269043,0.2305784821510315,0.7483037710189819,0.23194992542266846,0.7484050393104553,0.23168817162513733,0.7595815658569336,0.21272686123847961,0.753430187702179,0.22665411233901978,0.7550474405288696,0.23661401867866516,0.753093957901001,0.24413180351257324,0.7824622392654419,0.23955944180488586,0.7639848589897156,0.2694072127342224,0.7920177578926086,0.3348938524723053,0.7471989989280701,0.31253287196159363,0.7863661646842957,0.4388290345668793,0.7303191423416138,0.28517934679985046,0.7847990393638611,0.4627649188041687,0.7263971567153931,0.27962401509284973,0.7805781960487366,0.4672855734825134,0.7259032726287842,0.2733617126941681,0.7790731191635132,0.44561558961868286,0.7271450757980347,0.27715620398521423,0.7979599237442017,0.4519760012626648,0.7855841517448425,0.4571285843849182,0.7852268815040588,0.6080321073532104,0.7712585926055908,0.6068424582481384,0.7959403395652771,0.7795466780662537,0.773341715335846,0.754402220249176,0.8026445508003235,0.8005216121673584,0.779529869556427,0.7767385244369507,0.778908908367157,0.846135139465332,0.7542097568511963,0.8101144433021545,0
0.7422018647193909,0.24746173620224,0.7420134544372559,0.23439663648605347,0.7427273392677307,0.2321091592311859,0.7454532980918884,0.2271452248096466,0.7426713109016418,0.23950475454330444,0.7432533502578735,0.2389410436153412,0.7435309886932373,0.23831012845039368,0.7534502744674683,0.21618962287902832,0.7489235997200012,0.23177534341812134,0.7495576739311218,0.24542447924613953,0.7479196190834045,0.2513851523399353,0.772531270980835,0.23926326632499695,0.760357141494751,0.2702845633029938,0.7485820055007935,0.22226670384407043,0.7342319488525391,0.30367112159729004,0.7306931614875793,0.2637595534324646,0.7298237085342407,0.26208949089050293,0.7257791757583618,0.2697729766368866,0.728757381439209,0.2542411983013153,0.7247496247291565,0.26561009883880615,0.7315016388893127,0.24727624654769897,0.7272492051124573,0.26539966464042664,0.7319149971008301,0.25119712948799133,0.7983670234680176,0.4547457695007324,0.7846803069114685,0.47354039549827576,0.7954906225204468,0.6178479194641113,0.7744422554969788,0.6216081976890564,0.8049691319465637,0.7790359854698181,0.7704006433486938,0.769497275352478,0.8112382292747498,0.7986275553703308,0.7762504816055298,0.792016863822937,0.7929822206497192,0.8469687104225159,0.7522987723350525,0.825200617313385,0
0.7404741048812866,0.24949195981025696,0.7389362454414368,0.23721075057983398,0.7396031618118286,0.2349468171596527,0.7400800585746765,0.2326299250125885,0.7389401197433472,0.23894473910331726,0.7395387291908264,0.23809248208999634,0.7399166226387024,0.23710045218467712,0.7472608685493469,0.22145262360572815,0.7455265522003174,0.2298121452331543,0.7453807592391968,0.24615061283111572,0.7455774545669556,0.24930933117866516,0.769385576248169,0.24442172050476074,0.756699800491333,0.25144079327583313,0.7840415835380554,0.3401421010494232,0.7363801002502441,0.2666107416152954,0.7754254937171936,0.4343448281288147,0.7285826802253723,0.2586449384689331,0.772658109664917,0.4577828347682953,0.7269525527954102,0.2586781978607178,0.7684817314147949,0.46335381269454956,0.7280958294868469,0.2533489465713501,0.7641254663467407,0.43478673696517944,0.7284552454948425,0.2558697462081909,0.7943603992462158,0.4548664391040802,0.7825143337249756,0.46689409017562866,0.7721318006515503,0.5905283093452454,0.779576301574707,0.6185747385025024,0.7669311761856079,0.7839770913124084,0.7935965061187744,0.7768758535385132,0.7747463583946228,0.8082675337791443,0.8013577461242676,0.7992783188819885,0.7418884038925171,0.8519883751869202,0.7759191393852234,0.838650107383728,0
0.732440173625946,0.25496697425842285,0.7314358353614807,0.2430582046508789,0.7323102355003357,0.24052086472511292,0.7354285717010498,0.2353980839252472,0.7310786843299866,0.24555149674415588,0.7317502498626709,0.24497702717781067,0.7322681546211243,0.2442989945411682,0.7432073950767517,0.22372111678123474,0.7389571070671082,0.2367590367794037,0.7408918142318726,0.24915757775306702,0.7409610748291016,0.2552918493747711,0.7670581936836243,0.24216127395629883,0.7541278600692749,0.2653343975543976,0.7788639068603516,0.34666743874549866,0.7477139830589294,0.3315204679965973,0.7724270224571228,0.474889874458313,0.737228512763977,0.3597308099269867,0.7699943780899048,0.49626994132995605,0.7340237498283386,0.3689732551574707,0.766363799571991,0.49906420707702637,0.7340639233589172,0.36384478211402893,0.7663512825965881,0.4890362620353699,0.7353527545928955,0.362184077501297,0.7921059131622314,0.44529062509536743,0.7813902497291565,0.4602417051792145,0.7691785097122192,0.5854769349098206,0.7750839591026306,0.6246489882469177,0.7692683339118958,0.7928774356842041,0.7935847043991089,0.7726381421089172,0.778210461139679,0.8174249529838562,0.8023495078086853,0.792333722114563,0.7433556318283081,0.8680119514465332,0.774873673915863,0.8377684950828552,0
0.7287791967391968,0.26432040333747864,0.7299230694770813,0.2530277669429779,0.7309233546257019,0.25042232871055603,0.7318825721740723,0.24786561727523804,0.729546844959259,0.2557187080383301,0.7303365468978882,0.2551184296607971,0.7311544418334961,0.25432834029197693,0.7399033308029175,0.23401957750320435,0.7381244897842407,0.24198070168495178,0.7375414371490479,0.26042741537094116,0.737628161907196,0.2641543447971344,0.7631994485855103,0.253334105014801,0.7552086114883423,0.27486130595207214,0.7801841497421265,0.3646794259548187,0.7683629989624023,0.36953598260879517,0.7701928615570068,0.47932168841362,0.7694008350372314,0.46358323097229004,0.7695282101631165,0.5062493681907654,0.7659305930137634,0.48475131392478943,0.7655936479568481,0.5092313885688782,0.766543984413147,0.48264506459236145,0.765384316444397,0.4995676875114441,0.7658827900886536,0.47995737195014954,0.7947534918785095,0.4443283677101135,0.785013735294342,0.45189666748046875,0.7846924066543579,0.5937023758888245,0.7709406614303589,0.6023547053337097,0.7956680655479431,0.772770881652832,0.7672860026359558,0.7722477912902832,0.8038780689239502,0.7976564764976501,0.7724695801734924,0.7945723533630371,0.7750699520111084,0.8326876163482666,0.7413817048072815,0.810404896736145,0
0.7213936448097229,0.2735150456428528,0.7205503582954407,0.2595716118812561,0.7216498255729675,0.2579537630081177,0.7227837443351746,0.255899041891098,0.7190404534339905,0.2607640326023102,0.719555675983429,0.25960177183151245,0.72010737657547,0.2581266760826111,0.730704128742218,0.24321600794792175,0.7282046675682068,0.24838769435882568,0.7300692796707153,0.2747022211551666,0.7293691039085388,0.27512988448143005,0.7591921091079712,0.2637397050857544,0.7476159930229187,0.2759738564491272,0.7730562686920166,0.3894248604774475,0.7433071732521057,0.32874757051467896,0.7669016122817993,0.49084198474884033,0.7221282124519348,0.34764429926872253,0.7653006911277771,0.5146729350090027,0.7159987092018127,0.35129231214523315,0.7631402611732483,0.5070453882217407,0.713969349861145,0.34735506772994995,0.7634795308113098,0.5027256608009338,0.7161304354667664,0.34867504239082336,0.7904382944107056,0.4453403353691101,0.7824392318725586,0.45740535855293274,0.7657955884933472,0.5907914638519287,0.7794275879859924,0.608427107334137,0.7656296491622925,0.7897171378135681,0.8042717576026917,0.7450621128082275,0.7751527428627014,0.8153573274612427,0.811547040939331,0.7639576196670532,0.7371806502342224,0.8342610597610474,0.7908658385276794,0.8094581961631775,0
0.7196671962738037,0.28793349862098694,0.7179803848266602,0.27538803219795227,0.7188235521316528,0.27314144372940063,0.71976238489151,0.27038031816482544,0.7174865007400513,0.27714216709136963,0.7179750800132751,0.2764011323451996,0.7185688614845276,0.275188684463501,0.7272774577140808,0.2522321343421936,0.7253586649894714,0.2650073766708374,0.7264541983604431,0.2856368124485016,0.7262585163116455,0.2881080210208893,0.7538033127784729,0.2602024972438812,0.7466689348220825,0.2842487394809723,0.7744541764259338,0.36880630254745483,0.7536664605140686,0.38038572669029236,0.7654995918273926,0.48221251368522644,0.7558545470237732,0.455572247505188,0.7652304768562317,0.5061820149421692,0.7576929330825806,0.4814246892929077,0.7615116834640503,0.5082358121871948,0.7571133375167847,0.4783426821231842,0.7608158588409424,0.49764835834503174,0.7466983199119568,0.4595080018043518,0.7891672253608704,0.4552411437034607,0.7812856435775757,0.470825731754303,0.7653090357780457,0.6081424951553345,0.7750353217124939,0.6227099895477295,0.7688785791397095,0.7972502708435059,0.7953547835350037,0.7569015026092529,0.7778387665748596,0.8222715258598328,0.802664577960968,0.7777073383331299,0.7452989220619202,0.8669660687446594,0.7798238396644592,0.818405032157898,0
0.717871904373169,0.28435394167900085,0.7155321836471558,0.2677668035030365,0.7165865302085876,0.26496410369873047,0.7176313400268555,0.26198798418045044,0.7145246863365173,0.27053171396255493,0.7148696780204773,0.2699374258518219,0.7152831554412842,0.2690422832965851,0.7279956340789795,0.24231171607971191,0.7225194573402405,0.25895312428474426,0.7247779369354248,0.2819679081439972,0.723673939704895,0.28578516840934753,0.7561036944389343,0.25484499335289,0.7416883707046509,0.2750493586063385,0.7721267938613892,0.3716605007648468,0.747068464756012,0.3732931613922119,0.7625641822814941,0.4690503776073456,0.7397058606147766,0.4181325137615204,0.7621138691902161,0.49069446325302124,0.737428605556488,0.4315336346626282,0.760348916053772,0.48065173625946045,0.7366220355033875,0.424468994140625,0.7605819702148438,0.47784239053726196,0.7376001477241516,0.42156803607940674,0.7869201898574829,0.47508111596107483,0.7769128084182739,0.48314112424850464,0.7649274468421936,0.630443811416626,0.7846224308013916,0.623127281665802,0.7828686833381653,0.8123408555984497,0.7941790223121643,0.7531218528747559,0.793898344039917,0.8360202312469482,0.8011378049850464,0.7717995643615723,0.7592388987541199,0.8869271874427795,0.7803525328636169,0.8154524564743042,0
0.7174758315086365,0.29812091588974,0.7146925926208496,0.28143632411956787,0.717002809047699,0.2784120738506317,0.7180486917495728,0.2762678861618042,0.7143435478210449,0.2841606140136719,0.7146923542022705,0.28347542881965637,0.7150105237960815,0.28268495202064514,0.7263438701629639,0.2614286541938782,0.722470223903656,0.269753634929657,0.7261470556259155,0.2978670299053192,0.72510826587677,0.2979435920715332,0.7545072436332703,0.2763462960720062,0.7429133057594299,0.280292809009552,0.7682193517684937,0.39821910858154297,0.7403810620307922,0.33129647374153137,0.7612916231155396,0.5044095516204834,0.7190739512443542,0.35205233097076416,0.7610315680503845,0.5208057165145874,0.7124501466751099,0.3552025556564331,0.7591494917869568,0.5119325518608093,0.7109782695770264,0.3507688045501709,0.7591311931610107,0.5100727081298828,0.7134583592414856,0.35254180431365967,0.7877169847488403,0.4796406030654907,0.779988169670105,0.48277658224105835,0.7616015672683716,0.6341536045074463,0.7649073600769043,0.6208364367485046,0.7828532457351685,0.7991008758544922,0.7858301997184753,0.7436226606369019,0.7937571406364441,0.8174684643745422,0.7927482724189758,0.7606909275054932,0.7637254595756531,0.8722935914993286,0.7740305662155151,0.8083411455154419,0
0.7222051620483398,0.2957369089126587,0.7202665209770203,0.28394758701324463,0.7212018370628357,0.2818807065486908,0.721548318862915,0.2768181562423706,0.7188652157783508,0.2863644063472748,0.7188659310340881,0.2862609624862671,0.7188719511032104,0.28607550263404846,0.730009138584137,0.26103630661964417,0.723875880241394,0.27626800537109375,0.7287183403968811,0.2924121916294098,0.726486325263977,0.2966477572917938,0.7508159279823303,0.2717708647251129,0.7437044382095337,0.2918727695941925,0.7666454315185547,0.3874223232269287,0.7386104464530945,0.3460012674331665,0.7599542737007141,0.4837523102760315,0.7208629846572876,0.34745192527770996,0.7565265893936157,0.5086995363235474,0.7157474160194397,0.3481403887271881,0.7554193735122681,0.5085266828536987,0.7139684557914734,0.34094884991645813,0.7554392218589783,0.4987420439720154,0.7157021164894104,0.34298136830329895,0.781735360622406,0.46696150302886963,0.7777239680290222,0.47434931993484497,0.7528542280197144,0.6093623042106628,0.7656373381614685,0.6090207099914551,0.7616742849349976,0.7972366809844971,0.7879242300987244,0.7480388879776001,0.773120641708374,0.8206335306167603,0.7887908816337585,0.7643035650253296,0.7329105138778687,0.8393042087554932,0.7611580491065979,0.806147575378418,0
0.718767523765564,0.29861214756965637,0.717963695526123,0.2864575982093811,0.7188889980316162,0.2841702997684479,0.7197938561439514,0.2815045714378357,0.7166440486907959,0.2886335551738739,0.7166464328765869,0.2881690263748169,0.7166706323623657,0.28727009892463684,0.7266958355903625,0.26770633459091187,0.7218177318572998,0.27961766719818115,0.7261089086532593,0.2975139319896698,0.7249379754066467,0.29932937026023865,0.7526490092277527,0.2770070731639862,0.7432916164398193,0.29543671011924744,0.7695481181144714,0.3863297700881958,0.7598972916603088,0.39497268199920654,0.7577443718910217,0.4937804639339447,0.753325343132019,0.47644996643066406,0.7537935972213745,0.5150472521781921,0.7520925998687744,0.4986422657966614,0.7525634765625,0.5082945227622986,0.7516495585441589,0.4957888722419739,0.7528557181358337,0.5055714249610901,0.7541751861572266,0.48798760771751404,0.780657947063446,0.4674949645996094,0.7747498750686646,0.4699905514717102,0.7510843873023987,0.6133459806442261,0.7548558115959167,0.6067042946815491,0.7589462399482727,0.7893122434616089,0.7604633569717407,0.7626665234565735,0.766495943069458,0.8135719299316406,0.7681019902229309,0.7899559736251831,0.7276001572608948,0.8354514837265015,0.7318472266197205,0.8094599843025208,0
0.7202486395835876,0.3056093454360962,0.718280553817749,0.295318603515625,0.7198877334594727,0.2935047149658203,0.720360517501831,0.2925243377685547,0.7176668047904968,0.2950422763824463,0.7186298966407776,0.2936151325702667,0.7186499834060669,0.29273995757102966,0.7242767810821533,0.2796292304992676,0.7224730849266052,0.2823449671268463,0.7250140309333801,0.30263760685920715,0.7243810296058655,0.30333411693573,0.7445232272148132,0.2922750413417816,0.7442156672477722,0.29372942447662354,0.7610161900520325,0.40406203269958496,0.7571345567703247,0.38199087977409363,0.7527678608894348,0.49676716327667236,0.7491805553436279,0.4301788806915283,0.7491087913513184,0.5268534421920776,0.7464345097541809,0.44099903106689453,0.7480801343917847,0.5204753279685974,0.7495454549789429,0.43544846773147583,0.7485254406929016,0.5176512598991394,0.7496159672737122,0.43703967332839966,0.7750786542892456,0.4748603403568268,0.7752758860588074,0.47062447667121887,0.7495599389076233,0.6185237765312195,0.7508962154388428,0.60080486536026,0.75309157371521,0.7912610769271851,0.754113495349884,0.7591543197631836,0.7613089680671692,0.8195657730102539,0.7594045400619507,0.7934207916259766,0.7216871976852417,0.8396066427230835,0.723034143447876,0.8106707334518433,0
0.7175425887107849,0.3272428810596466,0.7144380211830139,0.31700611114501953,0.7157954573631287,0.3147374093532562,0.7164115905761719,0.3136780261993408,0.7137097716331482,0.31646567583084106,0.7137042880058289,0.31529486179351807,0.7137325406074524,0.3143956959247589,0.7196212410926819,0.29929667711257935,0.717785120010376,0.3018769323825836,0.723063051700592,0.32270970940589905,0.7225310802459717,0.32307174801826477,0.7452663779258728,0.29516172409057617,0.7417849898338318,0.3064371943473816,0.763902485370636,0.39985406398773193,0.761673092842102,0.38956892490386963,0.7511788606643677,0.5031643509864807,0.7526664137840271,0.46621549129486084,0.7477580308914185,0.5281075835227966,0.7501536011695862,0.47499486804008484,0.7462332844734192,0.5242368578910828,0.7481745481491089,0.47920408844947815,0.7467473149299622,0.5203374624252319,0.7512058019638062,0.4698522984981537,0.777847409248352,0.4905508756637573,0.7745120525360107,0.4856621026992798,0.7405416965484619,0.6286812424659729,0.7452197074890137,0.611528754234314,0.7555097937583923,0.8008264303207397,0.7574543952941895,0.7734396457672119,0.7627060413360596,0.8229138851165771,0.7652814984321594,0.8012906312942505,0.7283332347869873,0.8434614539146423,0.734094500541687,0.8220256567001343,0
0.7077724933624268,0.2755541503429413,0.7083643674850464,0.26883336901664734,0.7091817259788513,0.2676606774330139,0.7094292640686035,0.2579343318939209,0.70679771900177,0.2709323465824127,0.7066153287887573,0.27119651436805725,0.7058428525924683,0.2628103196620941,0.7165423035621643,0.25132808089256287,0.7128665447235107,0.25815728306770325,0.7152736186981201,0.2801988422870636,0.7132652997970581,0.28304436802864075,0.7386423945426941,0.2794855535030365,0.7379904985427856,0.27912330627441406,0.7547842264175415,0.3950260579586029,0.7397490739822388,0.32469046115875244,0.7477617263793945,0.49947577714920044,0.7241138815879822,0.34950459003448486,0.7459429502487183,0.5214852094650269,0.7193394303321838,0.3530738651752472,0.7449904084205627,0.511934757232666,0.7174873948097229,0.3496593236923218,0.7454506754875183,0.5094882249832153,0.7188947200775146,0.3509104251861572,0.7723900675773621,0.4854211211204529,0.7739083766937256,0.47896599769592285,0.7404927611351013,0.6188989281654358,0.7480055093765259,0.5987741947174072,0.7424031496047974,0.82150799036026,0.749676525592804,0.7471993565559387,0.7554547786712646,0.8364996910095215,0.7575310468673706,0.780728280544281,0.7151200175285339,0.8465688824653625,0.7275784611701965,0.8000519275665283,0
0.7022779583930969,0.292388916015625,0.7030742764472961,0.278335303068161,0.7041702270507812,0.27835845947265625,0.7051292061805725,0.2780149579048157,0.7014009952545166,0.27816110849380493,0.7013818025588989,0.2779240906238556,0.7013406753540039,0.277252733707428,0.712583065032959,0.27348247170448303,0.707200825214386,0.27475497126579285,0.7101755142211914,0.2992897927761078,0.7065653204917908,0.29919853806495667,0.7399240732192993,0.3084423542022705,0.7359756231307983,0.2932935059070587,0.7609824538230896,0.43065181374549866,0.7354632616043091,0.35418450832366943,0.7443424463272095,0.5202282071113586,0.7174279689788818,0.36584705114364624,0.7399991750717163,0.540978193283081,0.7122017741203308,0.3652455806732178,0.735579252243042,0.5380931496620178,0.7099835872650146,0.3594158887863159,0.7380783557891846,0.5316745638847351,0.7116629481315613,0.36321771144866943,0.7729558348655701,0.5120304226875305,0.7714663147926331,0.49757975339889526,0.7370308041572571,0.6290172338485718,0.7438645958900452,0.6182775497436523,0.731090247631073,0.8248039484024048,0.7477092146873474,0.7715257406234741,0.7445451617240906,0.8450623750686646,0.7570578455924988,0.8044063448905945,0.6972922682762146,0.8475647568702698,0.7232521772384644,0.8125032186508179,0
0.6993122100830078,0.3092632293701172,0.7003795504570007,0.2966403365135193,0.7015001177787781,0.29582399129867554,0.7025225162506104,0.2944416403770447,0.6992822885513306,0.29613766074180603,0.6995372176170349,0.29510873556137085,0.6996991038322449,0.2937169671058655,0.7101900577545166,0.28168705105781555,0.7065948247909546,0.28361785411834717,0.7059587240219116,0.30554166436195374,0.7041549682617188,0.305083692073822,0.734962522983551,0.31145545840263367,0.731368899345398,0.30338534712791443,0.7523478865623474,0.41377007961273193,0.731825053691864,0.287936806678772,0.7409376502037048,0.5107224583625793,0.7087282538414001,0.2714158296585083,0.7411531209945679,0.5382726788520813,0.7019492387771606,0.26253238320350647,0.7363560795783997,0.5317221283912659,0.699566662311554,0.2604690194129944,0.7368341684341431,0.5211730003356934,0.7018582820892334,0.2666543424129486,0.7772294878959656,0.497545063495636,0.774069607257843,0.4889397621154785,0.7364832162857056,0.6425655484199524,0.7404288053512573,0.6227349638938904,0.7344105243682861,0.8358817100524902,0.7353066802024841,0.764444887638092,0.7392789125442505,0.8457128405570984,0.738491952419281,0.7912424802780151,0.6952400803565979,0.8555606007575989,0.7055784463882446,0.8070629835128784,0
0.7008543014526367,0.3546452522277832,0.6990851163864136,0.3463273048400879,0.6997135281562805,0.34531721472740173,0.7011845707893372,0.34257110953330994,0.6985366940498352,0.3435375392436981,0.6987466812133789,0.3406694233417511,0.6996390223503113,0.33618077635765076,0.7065996527671814,0.3197838068008423,0.7048962116241455,0.3148125410079956,0.7080708146095276,0.3479239344596863,0.7069101333618164,0.34468385577201843,0.7339271306991577,0.3279934823513031,0.7314677834510803,0.3077479898929596,0.7572606205940247,0.4375746250152588,0.7457808256149292,0.37036168575286865,0.7408586144447327,0.5405426025390625,0.7247464656829834,0.39762917160987854,0.7374864220619202,0.5621234178543091,0.7171244621276855,0.4037784934043884,0.7346051931381226,0.5530564785003662,0.7138532400131226,0.4055054485797882,0.7350471615791321,0.5493173003196716,0.7165748476982117,0.4048290252685547,0.7736791968345642,0.5139997601509094,0.7716315984725952,0.5022068619728088,0.7273029088973999,0.6358522772789001,0.7323595285415649,0.6142609715461731,0.7265114784240723,0.8068034648895264,0.7341834306716919,0.7617657780647278,0.7364624738693237,0.8375741839408875,0.7422988414764404,0.7930026054382324,0.6966877579689026,0.8505356907844543,0.7048720717430115,0.8094080686569214,0
0.699642539024353,0.3650522530078888,0.6971685886383057,0.35805949568748474,0.6975332498550415,0.3572015166282654,0.6991252303123474,0.3540276288986206,0.6967847347259521,0.35550570487976074,0.6968641877174377,0.352909654378891,0.6977759003639221,0.3484248220920563,0.7038545608520508,0.3308572769165039,0.7018244862556458,0.32770827412605286,0.706270158290863,0.3580299913883209,0.705053985118866,0.35509392619132996,0.7315595746040344,0.3340167999267578,0.7258199453353882,0.30884554982185364,0.7524507641792297,0.4460671842098236,0.742409884929657,0.2859630882740021,0.7383625507354736,0.5356040596961975,0.714831531047821,0.27968746423721313,0.7348100543022156,0.5631551146507263,0.7062471508979797,0.2708759009838104,0.7353633046150208,0.5518375039100647,0.7026085257530212,0.2736474573612213,0.7325864434242249,0.5448358654975891,0.7052775025367737,0.2790159583091736,0.7697299122810364,0.514356791973114,0.7654242515563965,0.5042582154273987,0.7264211177825928,0.6320151090621948,0.7291720509529114,0.6152745485305786,0.7272855639457703,0.8014160394668579,0.7348470687866211,0.7657827138900757,0.7375301718711853,0.8342641592025757,0.7410627603530884,0.784738302230835,0.6980471611022949,0.8446030616760254,0.7093478441238403,0.8132030367851257,0
0.6970808506011963,0.37671542167663574,0.6950043439865112,0.3696597218513489,0.6952987909317017,0.36880582571029663,0.6967860460281372,0.3659094274044037,0.694747805595398,0.366954505443573,0.6957378387451172,0.36222633719444275,0.6959640979766846,0.3590751588344574,0.7007443904876709,0.34240856766700745,0.7001330852508545,0.3358982503414154,0.7037479281425476,0.37154504656791687,0.7024007439613342,0.36575502157211304,0.7292323708534241,0.34828445315361023,0.7271936535835266,0.3225739896297455,0.7521237730979919,0.462367445230484,0.746779203414917,0.3484950661659241,0.7324491143226624,0.5540153384208679,0.7179392576217651,0.3776835799217224,0.730138897895813,0.5725640654563904,0.7085646390914917,0.3774055242538452,0.7233066558837891,0.5693352222442627,0.7045662999153137,0.3816627264022827,0.7242088317871094,0.565585196018219,0.7078617215156555,0.3826911449432373,0.7692996859550476,0.5277888774871826,0.7674635052680969,0.5171587467193604,0.7217223644256592,0.6360167860984802,0.7290992736816406,0.6149356961250305,0.726408064365387,0.8030949234962463,0.7314371466636658,0.7714457511901855,0.7335649728775024,0.838192880153656,0.7378180027008057,0.7895915508270264,0.6992772817611694,0.8509206175804138,0.7088187336921692,0.8090255856513977,0
0.6951400637626648,0.3920466899871826,0.6936319470405579,0.3847369849681854,0.6955733299255371,0.38246414065361023,0.6962915658950806,0.38205409049987793,0.6935769319534302,0.375496506690979,0.6936950087547302,0.37245142459869385,0.6937656998634338,0.369312584400177,0.7008819580078125,0.3595874309539795,0.6979413628578186,0.343875914812088,0.7019566297531128,0.38624557852745056,0.7005160450935364,0.38089224696159363,0.7287932634353638,0.370926171541214,0.721243143081665,0.31920096278190613,0.7424032092094421,0.4837639331817627,0.7305945158004761,0.23909741640090942,0.7257756590843201,0.5648183822631836,0.7056099772453308,0.21758532524108887,0.7186126112937927,0.5898818969726562,0.6989894509315491,0.20488181710243225,0.7144846320152283,0.5754474997520447,0.6982537508010864,0.20760884881019592,0.7156159281730652,0.5688421726226807,0.6999219059944153,0.21629464626312256,0.7635317444801331,0.5319024324417114,0.7611433267593384,0.5180312395095825,0.7205982208251953,0.6283501982688904,0.7388002276420593,0.623065173625946,0.7234094142913818,0.7991327047348022,0.7465965151786804,0.7634150981903076,0.7286689877510071,0.8235737681388855,0.748944103717804,0.7916820645332336,0.6894731521606445,0.8407725095748901,0.7265001535415649,0.8234124779701233,0
0.6956685185432434,0.3703247010707855,0.6937404274940491,0.362664133310318,0.6941845417022705,0.3621450364589691,0.6946079134941101,0.3614806532859802,0.6936283707618713,0.35986900329589844,0.6939372420310974,0.35754847526550293,0.6941446661949158,0.35536858439445496,0.699999213218689,0.3491217792034149,0.6980198621749878,0.34152522683143616,0.698162317276001,0.37913426756858826,0.6986005306243896,0.3771146833896637,0.7294792532920837,0.36713799834251404,0.7206328511238098,0.3382055163383484,0.7374527454376221,0.4835236668586731,0.7243789434432983,0.2498081922531128,0.7208530902862549,0.5666847229003906,0.698837399482727,0.19539368152618408,0.7122448682785034,0.582695484161377,0.6918717622756958,0.17558249831199646,0.7102236151695251,0.5763586163520813,0.690485417842865,0.1838023066520691,0.7114694714546204,0.5736408233642578,0.6918565034866333,0.19146984815597534,0.7621472477912903,0.5447877645492554,0.7567270994186401,0.5333783030509949,0.720853865146637,0.6319696307182312,0.7353674173355103,0.6194579601287842,0.73143470287323,0.8111259937286377,0.7350836396217346,0.745175838470459,0.7385186553001404,0.8272296190261841,0.7390801906585693,0.7645050883293152,0.7006187438964844,0.8429756760597229,0.7161701917648315,0.791196346282959,0
0.6909111142158508,0.39177411794662476,0.6904315948486328,0.3816608488559723,0.6908777356147766,0.3812890946865082,0.6912965774536133,0.38069334626197815,0.6902968287467957,0.3780776560306549,0.6906012892723083,0.3751884698867798,0.690811276435852,0.37222006916999817,0.6962273120880127,0.36691999435424805,0.6950522065162659,0.3526988625526428,0.6934946775436401,0.39331236481666565,0.694360077381134,0.38811659812927246,0.7235852479934692,0.3775691092014313,0.7188612818717957,0.3336651027202606,0.7308163046836853,0.49904173612594604,0.7206417918205261,0.2397274374961853,0.7189145088195801,0.5721451044082642,0.6949807405471802,0.18829551339149475,0.7115139961242676,0.5937564969062805,0.6882345676422119,0.16655027866363525,0.7090404629707336,0.5787800550460815,0.6874128580093384,0.16542509198188782,0.71015864610672,0.5698282122612,0.6889758706092834,0.1778138279914856,0.7600803971290588,0.5537210702896118,0.7569398880004883,0.539246141910553,0.7131668925285339,0.6362826228141785,0.7367850542068481,0.6104737520217896,0.7327722311019897,0.8111978769302368,0.7389485836029053,0.7611783742904663,0.7440087199211121,0.8265988826751709,0.7427695989608765,0.7687389254570007,0.7039504051208496,0.8406912088394165,0.7134958505630493,0.8091449737548828,0
0.6892632842063904,0.40823298692703247,0.6869811415672302,0.4004153907299042,0.6868860125541687,0.39613401889801025,0.6870459318161011,0.3957197964191437,0.6864409446716309,0.39454078674316406,0.6866536140441895,0.3928772211074829,0.6876511573791504,0.3896717429161072,0.6926307082176208,0.377075731754303,0.6919974088668823,0.3728257715702057,0.6965692639350891,0.40345510840415955,0.6973671913146973,0.39785993099212646,0.7246788740158081,0.3801816701889038,0.7190895080566406,0.35886916518211365,0.7340211868286133,0.5037553310394287,0.7248964309692383,0.3637511730194092,0.7123505473136902,0.591279923915863,0.69437575340271,0.3848832845687866,0.7050208449363708,0.6099920868873596,0.6846128702163696,0.38428112864494324,0.6994060277938843,0.5992793440818787,0.6834185719490051,0.3861748278141022,0.702880859375,0.5918043851852417,0.6869513988494873,0.38815000653266907,0.7573485374450684,0.5628144145011902,0.7518473863601685,0.5576615333557129,0.7234471440315247,0.638413667678833,0.7318886518478394,0.6309577226638794,0.7327532768249512,0.8011544346809387,0.7373276948928833,0.7653100490570068,0.7411337494850159,0.8185220956802368,0.7429124116897583,0.7816269993782043,0.7147669196128845,0.8636098504066467,0.721738874912262,0.8209672570228577,0
0.6909059286117554,0.42766016721725464,0.6862292885780334,0.4155566692352295,0.6866319179534912,0.4141293466091156,0.6877005100250244,0.412272572517395,0.6860445737838745,0.414482057094574,0.6863277554512024,0.4123440384864807,0.6865746378898621,0.41022056341171265,0.6919471621513367,0.3918563425540924,0.6910922527313232,0.3902081549167633,0.6969696283340454,0.4231581687927246,0.696511447429657,0.42253273725509644,0.7238726019859314,0.3861888647079468,0.7198986411094666,0.37605199217796326,0.7403343319892883,0.5076416730880737,0.7437237501144409,0.4851193130016327,0.7115057706832886,0.5884700417518616,0.720617413520813,0.5706263184547424,0.7050859928131104,0.6070364713668823,0.7193654179573059,0.5943136811256409,0.7012490630149841,0.5953468084335327,0.7169045209884644,0.5923660397529602,0.7019470930099487,0.5913156867027283,0.7193487882614136,0.5867438316345215,0.7497839331626892,0.583397626876831,0.7477987408638,0.5783205032348633,0.7090222239494324,0.6471347212791443,0.7400321960449219,0.670728325843811,0.7203300595283508,0.8099872469902039,0.7499773502349854,0.7814587354660034,0.7313225865364075,0.83452308177948,0.7566403746604919,0.7957059741020203,0.69871985912323,0.841393232345581,0.7399629950523376,0.8397687077522278,0
0.6863311529159546,0.4375150501728058,0.6837838888168335,0.4291051924228668,0.6841616630554199,0.4268035292625427,0.6846433877944946,0.4253976047039032,0.6833725571632385,0.4288804531097412,0.6834938526153564,0.4264291524887085,0.6837432384490967,0.42478370666503906,0.6898272633552551,0.40609920024871826,0.6884713172912598,0.4060910940170288,0.6935728192329407,0.4343288242816925,0.6930108666419983,0.4344029426574707,0.7235122919082642,0.3962283730506897,0.7176461219787598,0.38727471232414246,0.7463582754135132,0.5203923583030701,0.7399719953536987,0.47810131311416626,0.7138738036155701,0.5793789625167847,0.7148445248603821,0.5544237494468689,0.7066311240196228,0.6002386212348938,0.7063208818435669,0.5660891532897949,0.7021094560623169,0.5892525911331177,0.7044589519500732,0.5677551627159119,0.7042992115020752,0.5830126404762268,0.7048614025115967,0.5700346231460571,0.750786304473877,0.5904431343078613,0.7456983923912048,0.5861097574234009,0.7181283831596375,0.681616485118866,0.7320071458816528,0.656992495059967,0.7374790906906128,0.8131681680679321,0.7384752035140991,0.7714717984199524,0.7478100657463074,0.82694411277771,0.7438280582427979,0.7861947417259216,0.7221432328224182,0.8737549185752869,0.7283363938331604,0.826073408126831,0
0.6873899698257446,0.44701895117759705,0.6841832995414734,0.4347270131111145,0.6847565770149231,0.4328310191631317,0.6859261393547058,0.43079477548599243,0.6838423609733582,0.43503671884536743,0.6841826438903809,0.43330907821655273,0.6841744184494019,0.4295743703842163,0.6908422708511353,0.4137980341911316,0.6890133619308472,0.4146137833595276,0.6945234537124634,0.4447736442089081,0.6939257383346558,0.4459397792816162,0.7237011194229126,0.4090020954608917,0.7166308760643005,0.39747533202171326,0.7439314126968384,0.5464035272598267,0.7326384782791138,0.49463897943496704,0.7051684856414795,0.6117044687271118,0.7044020891189575,0.5686202645301819,0.6990088820457458,0.6304197311401367,0.6953707337379456,0.5771364569664001,0.6971017122268677,0.6139100790023804,0.6934924125671387,0.5778376460075378,0.6978064179420471,0.6091285347938538,0.6975452303886414,0.5772804617881775,0.7498049139976501,0.6284875869750977,0.7426184415817261,0.6023381352424622,0.7190733551979065,0.6991310715675354,0.7276297807693481,0.6518259048461914,0.7401803731918335,0.8096573352813721,0.7359838485717773,0.7617716789245605,0.7499198317527771,0.8187819719314575,0.741405725479126,0.7764846682548523,0.7253614664077759,0.8677369356155396,0.7248623371124268,0.8122344613075256,0
0.6828464865684509,0.4618847370147705,0.6805521249771118,0.447760671377182,0.6811131238937378,0.4449591636657715,0.6827971935272217,0.4416276216506958,0.6802161335945129,0.4499356746673584,0.6805180907249451,0.4487095773220062,0.6807530522346497,0.4476146101951599,0.6884301900863647,0.4229506254196167,0.6858006119728088,0.4293835759162903,0.6907315254211426,0.4568697214126587,0.6897280812263489,0.4620492458343506,0.7214019298553467,0.41819387674331665,0.7131787538528442,0.41429638862609863,0.7478401064872742,0.5374056100845337,0.7349446415901184,0.5133722424507141,0.7107661366462708,0.6025062203407288,0.7122596502304077,0.5921645760536194,0.7016212344169617,0.6206791400909424,0.7034934759140015,0.6016014814376831,0.6988269090652466,0.6072193384170532,0.6952559947967529,0.594860315322876,0.6995083689689636,0.6025838255882263,0.6994948983192444,0.5934125781059265,0.7460829615592957,0.6511508822441101,0.7355993986129761,0.6257374882698059,0.7151496410369873,0.6985938549041748,0.7169721126556396,0.6509965658187866,0.7382105588912964,0.8094195127487183,0.7335479259490967,0.77358078956604,0.7470893859863281,0.8174452185630798,0.7394967675209045,0.7884695529937744,0.7273452281951904,0.8666452765464783,0.7250989079475403,0.8268275260925293,0
0.6822636127471924,0.4703536629676819,0.6795359253883362,0.45581725239753723,0.6803278923034668,0.45314058661460876,0.6811681389808655,0.4506269693374634,0.6790906190872192,0.4574073553085327,0.6795382499694824,0.4559989869594574,0.6800092458724976,0.454671710729599,0.6874526143074036,0.43252962827682495,0.6854039430618286,0.43839651346206665,0.6897438764572144,0.4678303599357605,0.6888083219528198,0.4698032736778259,0.7217562198638916,0.4347115755081177,0.7144674062728882,0.42763552069664,0.7441180944442749,0.5520889759063721,0.7298702001571655,0.5394883751869202,0.7053340077400208,0.6090272068977356,0.7025073170661926,0.6164506673812866,0.6988676190376282,0.6301237940788269,0.6929283738136292,0.6300835609436035,0.6951247453689575,0.6144716739654541,0.6914308667182922,0.6116365790367126,0.6973549723625183,0.6094303131103516,0.6926049590110779,0.6072834730148315,0.7418066263198853,0.6715410947799683,0.7322720289230347,0.6451817154884338,0.7060062885284424,0.7170401811599731,0.7065874934196472,0.6523822546005249,0.7371020913124084,0.7915124297142029,0.7349940538406372,0.7520723342895508,0.7452054619789124,0.7907839417457581,0.7407447695732117,0.7592978477478027,0.7345885634422302,0.8416090607643127,0.7343434691429138,0.8024562001228333,0
0.6883621215820312,0.477158784866333,0.6846535205841064,0.4616461396217346,0.6855317950248718,0.4569225311279297,0.6866159439086914,0.4534318149089813,0.6822794675827026,0.4675696790218353,0.6819738149642944,0.46792858839035034,0.6817001104354858,0.4685817360877991,0.6927953362464905,0.4405610263347626,0.6856966018676758,0.4600352644920349,0.6956300735473633,0.4742415249347687,0.692706286907196,0.4809120297431946,0.729806125164032,0.44153645634651184,0.7080225348472595,0.4640543758869171,0.7491793632507324,0.5590610504150391,0.7140422463417053,0.5848762392997742,0.7060893177986145,0.6125143766403198,0.6864379644393921,0.6399598717689514,0.6980811357498169,0.6246934533119202,0.6811039447784424,0.6443020701408386,0.693818211555481,0.6118801832199097,0.6807333827018738,0.6398084163665771,0.6963285207748413,0.607300341129303,0.6846823692321777,0.630998432636261,0.7502692341804504,0.6641537547111511,0.7337087392807007,0.6533878445625305,0.714245080947876,0.6787340044975281,0.6996896862983704,0.6367332339286804,0.7387704849243164,0.7794377207756042,0.7285618185997009,0.741873562335968,0.7469756603240967,0.7879269123077393,0.7362881898880005,0.7509872317314148,0.732754111289978,0.8283093571662903,0.7247160077095032,0.7993240356445312,0
0.6805556416511536,0.49894285202026367,0.6782306432723999,0.48497307300567627,0.6786908507347107,0.48333966732025146,0.6807715892791748,0.48069775104522705,0.6776044964790344,0.4853462874889374,0.6776618957519531,0.48404461145401,0.6776833534240723,0.4828951954841614,0.6871249675750732,0.4641231894493103,0.6835628747940063,0.4697487950325012,0.6880829930305481,0.5014545321464539,0.6870045065879822,0.501667320728302,0.7231164574623108,0.45983585715293884,0.7083918452262878,0.46297764778137207,0.7501607537269592,0.5833863019943237,0.7250797748565674,0.600138247013092,0.7054974436759949,0.6218283772468567,0.7068292498588562,0.6611649990081787,0.6967914700508118,0.6309806108474731,0.6996301412582397,0.6740495562553406,0.6946967840194702,0.6143450736999512,0.6988140344619751,0.6702585220336914,0.6961808800697327,0.6115351319313049,0.7022990584373474,0.667738676071167,0.7385598421096802,0.7204141020774841,0.7309319972991943,0.6955282092094421,0.6885906457901001,0.687065064907074,0.6900544762611389,0.6202793121337891,0.7247741222381592,0.757585883140564,0.7230095267295837,0.7451347708702087,0.7348302006721497,0.75907963514328,0.7311393022537231,0.7577839493751526,0.71776282787323,0.7913125157356262,0.7196840643882751,0.7963322997093201,0
0.6813366413116455,0.5139400959014893,0.678141713142395,0.49437907338142395,0.6797444820404053,0.49079233407974243,0.6810580492019653,0.486794650554657,0.6762892603874207,0.4995308220386505,0.6760764122009277,0.499741792678833,0.6759316921234131,0.5000942945480347,0.6892032623291016,0.4714736044406891,0.6813413500785828,0.4913138747215271,0.6894750595092773,0.5151376724243164,0.6873858571052551,0.5249069929122925,0.7292019724845886,0.4741133451461792,0.7002885341644287,0.5225847959518433,0.7551847696304321,0.6031712293624878,0.7088250517845154,0.670139491558075,0.7041637301445007,0.6278200149536133,0.707664430141449,0.6972472071647644,0.6952235698699951,0.6262366771697998,0.7052484154701233,0.7118917107582092,0.6937277913093567,0.6105506420135498,0.7058972716331482,0.6922357082366943,0.6969394683837891,0.6083102822303772,0.7084524631500244,0.6898186206817627,0.7425989508628845,0.7392681837081909,0.7192272543907166,0.7382206320762634,0.6897623538970947,0.6940246820449829,0.6614791750907898,0.6604722142219543,0.7005273103713989,0.7859011888504028,0.6971912384033203,0.7797252535820007,0.7095379829406738,0.796977698802948,0.7104308605194092,0.7950939536094666,0.6858515739440918,0.8216293454170227,0.6828776001930237,0.8293290138244629,0
0.6804564595222473,0.5235208868980408,0.6784883141517639,0.505072295665741,0.6793613433837891,0.5026448369026184,0.6801055073738098,0.50090491771698,0.6765604615211487,0.5063493251800537,0.6761925220489502,0.5048847198486328,0.6739048957824707,0.5048145055770874,0.6891835331916809,0.4837125539779663,0.6813828349113464,0.4906948208808899,0.6879379153251648,0.5217059850692749,0.6835810542106628,0.5293121933937073,0.7252330183982849,0.48460668325424194,0.6975700855255127,0.5016686320304871,0.7541191577911377,0.6186615228652954,0.7085545063018799,0.6445066928863525,0.6991254687309265,0.6447111368179321,0.6921817064285278,0.6931641697883606,0.6898181438446045,0.648099422454834,0.6852203011512756,0.7084806561470032,0.6882193088531494,0.6328169107437134,0.6855252981185913,0.6987892389297485,0.6894094944000244,0.6323583722114563,0.6895340085029602,0.6956914663314819,0.7425984740257263,0.7441185116767883,0.7234566807746887,0.7232779264450073,0.6945552825927734,0.721409797668457,0.6650315523147583,0.6535402536392212,0.6939074993133545,0.763756275177002,0.6903634071350098,0.7545070052146912,0.6990898251533508,0.7654990553855896,0.6999534964561462,0.7682121992111206,0.6785839796066284,0.785582959651947,0.6769455075263977,0.7926874756813049,0
0.6776427626609802,0.5185372829437256,0.6758400201797485,0.5032869577407837,0.6766446828842163,0.5009187459945679,0.6774778366088867,0.49874380230903625,0.6746519207954407,0.505879282951355,0.6749818325042725,0.5054447650909424,0.6751787662506104,0.5051425695419312,0.6852260828018188,0.489563912153244,0.6808578968048096,0.4979509115219116,0.6847769021987915,0.5217254161834717,0.6830887794494629,0.5248361229896545,0.722506582736969,0.4837089776992798,0.6990906000137329,0.5185093879699707,0.7418041229248047,0.6054378747940063,0.6966893672943115,0.6512194275856018,0.7159016132354736,0.6189333200454712,0.7034026384353638,0.7156921625137329,0.7104179263114929,0.6290032863616943,0.7027245163917542,0.7417882680892944,0.7048269510269165,0.6148662567138672,0.7039403915405273,0.7272465825080872,0.7066500186920166,0.6112668514251709,0.7053108215332031,0.7196488380432129,0.7389294505119324,0.7407394051551819,0.7113508582115173,0.7394094467163086,0.6693440079689026,0.7191594243049622,0.6378321647644043,0.7371554970741272,0.6041603088378906,0.8205305933952332,0.5886294841766357,0.856452465057373,0.6022945046424866,0.8497625589370728,0.5890254378318787,0.8886756896972656,0.5702796578407288,0.818776547908783,0.5564170479774475,0.8588578701019287,0
0.0,0.0,0.0,0.0,0.0,0.0,0.0,0.0,0.0,0.0,0.0,0.0,0.0,0.0,0.0,0.0,0.0,0.0,0.0,0.0,0.0,0.0,0.0,0.0,0.0,0.0,0.0,0.0,0.0,0.0,0.0,0.0,0.0,0.0,0.0,0.0,0.0,0.0,0.0,0.0,0.0,0.0,0.0,0.0,0.0,0.0,0.0,0.0,0.0,0.0,0.0,0.0,0.0,0.0,0.0,0.0,0.0,0.0,0.0,0.0,0.0,0.0,0.0,0.0,0.0,0.0,0
0.6828657984733582,0.5411606431007385,0.6787428855895996,0.5304365754127502,0.679069459438324,0.5284630656242371,0.6793937683105469,0.5264647006988525,0.6783501505851746,0.5323374271392822,0.6784121990203857,0.5317520499229431,0.6784994602203369,0.5310378074645996,0.6845446228981018,0.5042334794998169,0.6809044480323792,0.5156020522117615,0.6889898777008057,0.5363035798072815,0.6882842779159546,0.5384857654571533,0.7138281464576721,0.4932928681373596,0.7006879448890686,0.5111391544342041,0.7369579672813416,0.5914455652236938,0.7189911007881165,0.6015947461128235,0.7028247714042664,0.6152879595756531,0.7040336728096008,0.6380846500396729,0.6945369839668274,0.6231786012649536,0.699268102645874,0.6446442008018494,0.6892037987709045,0.61448734998703,0.6961701512336731,0.6422803401947021,0.6931922435760498,0.6063306331634521,0.698699414730072,0.6397121548652649,0.7515609860420227,0.6543906331062317,0.7426731586456299,0.6533912420272827,0.6924739480018616,0.6607005596160889,0.6880423426628113,0.6337592601776123,0.7254891991615295,0.7624025344848633,0.7234218716621399,0.7474976181983948,0.7350836992263794,0.7699600458145142,0.7333665490150452,0.757895827293396,0.7208839058876038,0.8097195625305176,0.720899760723114,0.7967550754547119,0
0.6987061500549316,0.673258364200592,0.6972876787185669,0.6657854318618774,0.6976681351661682,0.6638351082801819,0.6980438828468323,0.6617992520332336,0.6961098313331604,0.6705945134162903,0.6956176161766052,0.6721905469894409,0.6950920820236206,0.673971951007843,0.6986313462257385,0.6589531302452087,0.6944741010665894,0.6760285496711731,0.7009206414222717,0.6731825470924377,0.6993062496185303,0.6793028116226196,0.7091864347457886,0.6630537509918213,0.6977102160453796,0.7036381363868713,0.7262319326400757,0.6464176177978516,0.703536331653595,0.7208430171012878,0.7124274373054504,0.6351240873336792,0.6993478536605835,0.6858280897140503,0.7081080675125122,0.6322839260101318,0.699002742767334,0.6761136054992676,0.705751895904541,0.6297582983970642,0.6966025233268738,0.6735594272613525,0.7072653770446777,0.632107138633728,0.6971408724784851,0.6767759323120117,0.7371924519538879,0.7328130006790161,0.7295875549316406,0.7527175545692444,0.7196899652481079,0.7335902452468872,0.7121004462242126,0.757351815700531,0.714150071144104,0.7224414944648743,0.717214047908783,0.7484133839607239,0.7141519784927368,0.7145960330963135,0.7187303304672241,0.7465230822563171,0.7077697515487671,0.7357895970344543,0.7145555019378662,0.7478361129760742,0
0.6828116178512573,0.5525090098381042,0.6789798736572266,0.5435760617256165,0.6797226667404175,0.540475606918335,0.6796417832374573,0.5369387865066528,0.6788741946220398,0.5451958179473877,0.6788910031318665,0.5446496605873108,0.6786049604415894,0.5432149767875671,0.68317711353302,0.5158669352531433,0.6807291507720947,0.529900848865509,0.6898109912872314,0.5475805997848511,0.6884769201278687,0.5512735843658447,0.7121022343635559,0.500484824180603,0.7003412246704102,0.5300171375274658,0.7415139675140381,0.5968859791755676,0.7181671857833862,0.6446748375892639,0.7016879320144653,0.6229951977729797,0.7031169533729553,0.6903260946273804,0.6923535466194153,0.6268438100814819,0.697979748249054,0.701345682144165,0.6886875629425049,0.6208209991455078,0.69549161195755,0.69725102186203,0.6910912990570068,0.6160961389541626,0.6983873844146729,0.6923488974571228,0.7486280202865601,0.674825131893158,0.7397691607475281,0.6843366622924805,0.6840170621871948,0.6676586270332336,0.6805886030197144,0.6424379348754883,0.720443844795227,0.7725399136543274,0.717680037021637,0.7572299838066101,0.731549084186554,0.7766295075416565,0.7287267446517944,0.7682446241378784,0.7159293293952942,0.8251691460609436,0.7143537402153015,0.8083725571632385,0
0.6820160746574402,0.5673959851264954,0.6788603067398071,0.5548867583274841,0.6790874004364014,0.5531501770019531,0.679895281791687,0.5498113632202148,0.6779114603996277,0.5578095316886902,0.6766042113304138,0.5563810467720032,0.6763683557510376,0.556232213973999,0.6822394132614136,0.5353977084159851,0.6784597635269165,0.5477014183998108,0.6875979900360107,0.565533459186554,0.6855634450912476,0.5713164210319519,0.7068886756896973,0.5341280698776245,0.6895355582237244,0.5712149143218994,0.7327600717544556,0.6017195582389832,0.7018081545829773,0.6717971563339233,0.6989497542381287,0.627098798751831,0.6899762153625488,0.6496157646179199,0.6948712468147278,0.6349515318870544,0.686523973941803,0.6419163346290588,0.6890175342559814,0.6234753131866455,0.6834725141525269,0.6322324275970459,0.6900995373725891,0.6232870817184448,0.6858547329902649,0.6346462368965149,0.7496392726898193,0.6488012075424194,0.736819326877594,0.6639173030853271,0.7046765685081482,0.6548097133636475,0.6843608021736145,0.6606184840202332,0.7284954190254211,0.7451997995376587,0.7227436304092407,0.73915034532547,0.7354190349578857,0.7414795160293579,0.7315918803215027,0.7436918616294861,0.7202740907669067,0.8124284148216248,0.7206823229789734,0.7792662382125854,0
0.6847755908966064,0.5780512094497681,0.6798357367515564,0.5636529922485352,0.6808989644050598,0.5598791837692261,0.6810259819030762,0.557906448841095,0.6792256236076355,0.5647220611572266,0.6789419054985046,0.5639145374298096,0.6785855293273926,0.5631192922592163,0.6833282709121704,0.5400809049606323,0.6805739998817444,0.5482720136642456,0.6905139684677124,0.5704212188720703,0.6872413754463196,0.5748000144958496,0.7086069583892822,0.533482015132904,0.6981609463691711,0.5508571863174438,0.7365984320640564,0.6106649041175842,0.7135574221611023,0.6424498558044434,0.6992354393005371,0.625346302986145,0.6980171203613281,0.6629847288131714,0.6922183036804199,0.6313173770904541,0.6933950185775757,0.6655817031860352,0.6879242062568665,0.6196338534355164,0.6899893879890442,0.6620093584060669,0.6911266446113586,0.6176843643188477,0.6923782825469971,0.6604796648025513,0.7481648921966553,0.6638261675834656,0.7392390370368958,0.6685043573379517,0.6939254999160767,0.6709721088409424,0.6839509010314941,0.6524580121040344,0.722758412361145,0.7532946467399597,0.7203720211982727,0.7459887266159058,0.7311064004898071,0.756572961807251,0.7299837470054626,0.7535724639892578,0.7188200950622559,0.799744188785553,0.718762218952179,0.7913796305656433,0
0.6836547255516052,0.5859472751617432,0.6791025996208191,0.5720885992050171,0.6791475415229797,0.5696344375610352,0.6803401708602905,0.5650417804718018,0.6784285306930542,0.574689507484436,0.676734447479248,0.576259970664978,0.676313579082489,0.5755239129066467,0.682811439037323,0.546774685382843,0.6781579256057739,0.562635064125061,0.688991367816925,0.5809182524681091,0.6876917481422424,0.5842335820198059,0.7094180583953857,0.5193400979042053,0.6953604221343994,0.5664815306663513,0.74062579870224,0.6076695919036865,0.7133642435073853,0.6761935949325562,0.70091313123703,0.6263637542724609,0.7025523781776428,0.7202357649803162,0.6925672292709351,0.6340519785881042,0.6977447271347046,0.7333441972732544,0.6883059740066528,0.6239701509475708,0.6956673860549927,0.7266232967376709,0.6915839910507202,0.6212401986122131,0.6983981132507324,0.7208627462387085,0.7518370747566223,0.6971028447151184,0.7406608462333679,0.7104713916778564,0.6843406558036804,0.665866494178772,0.6730355024337769,0.6549273729324341,0.7257329225540161,0.7791597247123718,0.7203992009162903,0.7588598728179932,0.7377179861068726,0.7823010683059692,0.7328428030014038,0.7667164206504822,0.7218455076217651,0.8372999429702759,0.7191478610038757,0.815544843673706,0
0.6824826002120972,0.5833420753479004,0.678616464138031,0.5729736685752869,0.6782211065292358,0.5706932544708252,0.678080141544342,0.5694791674613953,0.6780590415000916,0.5723346471786499,0.67734694480896,0.5698226094245911,0.6768975257873535,0.5684236884117126,0.6815677881240845,0.5513985753059387,0.6787787079811096,0.5555005669593811,0.6878114342689514,0.5814307928085327,0.6871060729026794,0.5803899765014648,0.7069543600082397,0.5239113569259644,0.6987069845199585,0.5401920676231384,0.7397924661636353,0.612878680229187,0.7259276509284973,0.6371686458587646,0.7008177638053894,0.6328099370002747,0.7123696804046631,0.6710019707679749,0.690963089466095,0.6398797631263733,0.7073090076446533,0.6758817434310913,0.6880280375480652,0.6287618279457092,0.7036144137382507,0.6728892922401428,0.6908930540084839,0.6273842453956604,0.705970823764801,0.6699643135070801,0.7453914880752563,0.7092050313949585,0.7383152842521667,0.7078681588172913,0.6784303188323975,0.6772655844688416,0.6691999435424805,0.6469258069992065,0.7137067914009094,0.7702663540840149,0.7127476334571838,0.7555243372917175,0.7240102887153625,0.7716453671455383,0.7237004041671753,0.7645239233970642,0.7125522494316101,0.820358157157898,0.7131270170211792,0.806337296962738,0
0.6879664659500122,0.5970916152000427,0.6838841438293457,0.584135115146637,0.6839749217033386,0.5820993185043335,0.6835579872131348,0.5793323516845703,0.681199312210083,0.5877882242202759,0.680597186088562,0.5869443416595459,0.6798950433731079,0.5861636400222778,0.6864462494850159,0.5603939890861511,0.6803714036941528,0.5746783018112183,0.693019449710846,0.5958635807037354,0.6899319291114807,0.6006401777267456,0.7105352282524109,0.5261236429214478,0.6925169229507446,0.5774596333503723,0.738937258720398,0.6153972148895264,0.7127622365951538,0.6736561059951782,0.703001081943512,0.6380643844604492,0.7041926383972168,0.699486255645752,0.6928303241729736,0.6455836296081543,0.7004908323287964,0.70799320936203,0.6897596120834351,0.6340591907501221,0.6981914043426514,0.7020270824432373,0.6920906901359558,0.6276876926422119,0.7005271911621094,0.6976512670516968,0.7477306127548218,0.708925724029541,0.7330052256584167,0.7205969095230103,0.6841328740119934,0.6713343858718872,0.6709944605827332,0.6640160083770752,0.7159095406532288,0.7626813054084778,0.7128461003303528,0.7539268732070923,0.7259979248046875,0.7564772963523865,0.7232454419136047,0.7600981593132019,0.7054431438446045,0.827210009098053,0.7161033153533936,0.7933453917503357,0
0.6893923282623291,0.5974416136741638,0.6850547194480896,0.5839759111404419,0.6864883899688721,0.5794261693954468,0.686363935470581,0.5773934125900269,0.6837050914764404,0.5847118496894836,0.6827661395072937,0.5835602283477783,0.6798757314682007,0.5855903625488281,0.6860452890396118,0.5624344944953918,0.6799468994140625,0.5748465061187744,0.6946443915367126,0.5957697629928589,0.6925866603851318,0.5963684320449829,0.7110994458198547,0.5302608013153076,0.6934230923652649,0.5823396444320679,0.7422804236412048,0.6163007020950317,0.7143496870994568,0.6775001287460327,0.7047622203826904,0.6370775699615479,0.7058324813842773,0.6747233271598816,0.6955757737159729,0.6440415382385254,0.7024626135826111,0.6756556034088135,0.6903482675552368,0.6266080141067505,0.6997461318969727,0.6661011576652527,0.6924989223480225,0.6281354427337646,0.7018238306045532,0.6649886965751648,0.7501600384712219,0.7052333354949951,0.7361776828765869,0.7172785401344299,0.6863012313842773,0.6796377897262573,0.6667605638504028,0.660438597202301,0.7201071381568909,0.7669476866722107,0.715232253074646,0.7526766061782837,0.7304267287254333,0.7647679448127747,0.7261305451393127,0.7595597505569458,0.7127889394760132,0.8270012140274048,0.7165006995201111,0.7962826490402222,0
0.6844188570976257,0.5985974669456482,0.6810064911842346,0.5812947750091553,0.6809605956077576,0.5797728300094604,0.680924654006958,0.5784123539924622,0.6795438528060913,0.5847575664520264,0.6791940331459045,0.5843525528907776,0.6788160800933838,0.5840487480163574,0.6833576560020447,0.5619861483573914,0.6796526908874512,0.5739701986312866,0.6902377605438232,0.592037558555603,0.6878916621208191,0.596356213092804,0.7132846713066101,0.5522722601890564,0.6920914649963379,0.5802282094955444,0.7406197190284729,0.614691972732544,0.716277003288269,0.6583948135375977,0.7017894983291626,0.6363651752471924,0.7116109132766724,0.6788376569747925,0.696204423904419,0.6460024118423462,0.7099336981773376,0.6848660111427307,0.6917206645011902,0.6371555328369141,0.7077392339706421,0.6809841394424438,0.6922612190246582,0.6310083866119385,0.709350049495697,0.6774425506591797,0.7429372668266296,0.7033466100692749,0.7271609306335449,0.7106809616088867,0.7032514214515686,0.6812443137168884,0.6774349212646484,0.6715041995048523,0.7188452482223511,0.7357354760169983,0.7171379923820496,0.7358652949333191,0.7237090468406677,0.7310579419136047,0.7250145673751831,0.7381422519683838,0.7136808037757874,0.7796188592910767,0.7205939292907715,0.7696117758750916,0
0.6813544034957886,0.5987772941589355,0.6785966157913208,0.5830799341201782,0.6786847114562988,0.5815259218215942,0.6787205934524536,0.5798966884613037,0.6770296692848206,0.5851575136184692,0.6767451763153076,0.5839163064956665,0.6764116287231445,0.5827940702438354,0.6821611523628235,0.5609139204025269,0.6775283217430115,0.5682989954948425,0.6874592304229736,0.5935820937156677,0.6851133704185486,0.5957628488540649,0.7068756222724915,0.5403000116348267,0.695334255695343,0.5716217160224915,0.7377942204475403,0.6167390942573547,0.7172779440879822,0.6621665358543396,0.6999479532241821,0.6336888074874878,0.7044188976287842,0.7087852954864502,0.6906052827835083,0.6390042901039124,0.6999467611312866,0.7201650142669678,0.6878155469894409,0.6274759769439697,0.6972798705101013,0.7187759876251221,0.6895262002944946,0.622294545173645,0.6997862458229065,0.7130100131034851,0.7430580854415894,0.705747663974762,0.7330912351608276,0.712395191192627,0.6833950877189636,0.67820143699646,0.6734320521354675,0.6764661073684692,0.717326283454895,0.7592248916625977,0.715735137462616,0.7443543076515198,0.7256797552108765,0.755163311958313,0.7248183488845825,0.7461786270141602,0.7122666239738464,0.8095642328262329,0.7202298641204834,0.7779425382614136,0
0.6811484694480896,0.6001687049865723,0.6779673099517822,0.5891567468643188,0.678259015083313,0.583664059638977,0.6782071590423584,0.5823839902877808,0.6775792837142944,0.5887348651885986,0.6764633655548096,0.5855927467346191,0.676112711429596,0.584639310836792,0.6801733374595642,0.5679395794868469,0.6777664422988892,0.5735194683074951,0.6872932314872742,0.5954877138137817,0.6848669648170471,0.597716748714447,0.7034685611724854,0.5480670928955078,0.6954854726791382,0.5679734945297241,0.7355067133903503,0.619455099105835,0.7215690612792969,0.6541950702667236,0.7001146078109741,0.6341383457183838,0.7118270397186279,0.6864699125289917,0.6914304494857788,0.6390377283096313,0.7087677717208862,0.6938620209693909,0.6876558065414429,0.6280767917633057,0.7055254578590393,0.6922661066055298,0.6899800300598145,0.6263312101364136,0.7072975635528564,0.6879746317863464,0.741862952709198,0.7067086100578308,0.7324560284614563,0.7115067839622498,0.6858112215995789,0.6750549674034119,0.6754257678985596,0.672062873840332,0.7153348922729492,0.7558103203773499,0.7137050628662109,0.740831732749939,0.7230250835418701,0.7537626624107361,0.7222113609313965,0.7442159056663513,0.7100223302841187,0.802237868309021,0.7173302173614502,0.7729018926620483,0
0.6857587099075317,0.5935132503509521,0.6799305081367493,0.5868735313415527,0.6804636716842651,0.5836310982704163,0.6809413433074951,0.5803601741790771,0.6798141598701477,0.587610125541687,0.679511308670044,0.5872600674629211,0.6782665252685547,0.5846055150032043,0.6821197271347046,0.5618963241577148,0.6785083413124084,0.5748119950294495,0.6909050941467285,0.5929862856864929,0.6889052391052246,0.5974981784820557,0.7085642218589783,0.5518802404403687,0.6940312385559082,0.5810135006904602,0.7364254593849182,0.6172411441802979,0.7180145978927612,0.661530613899231,0.7003462314605713,0.6328001022338867,0.7102220058441162,0.6849846243858337,0.6922826766967773,0.6323767900466919,0.7076675891876221,0.6905032992362976,0.6882863640785217,0.6217889785766602,0.7046772837638855,0.6876912117004395,0.6912521123886108,0.6204966902732849,0.7064467668533325,0.6841261982917786,0.7437947392463684,0.7009446024894714,0.7317878007888794,0.7093297243118286,0.6974382400512695,0.67612624168396,0.6769097447395325,0.6722530126571655,0.7153385281562805,0.7615554332733154,0.7125052809715271,0.7499679923057556,0.7218629121780396,0.758536696434021,0.719712495803833,0.7550346255302429,0.7057316899299622,0.815872311592102,0.7140551209449768,0.7814140319824219,0
0.68621826171875,0.6015173196792603,0.6824023127555847,0.5920146107673645,0.6821852922439575,0.5907841920852661,0.6820947527885437,0.5842089653015137,0.6820720434188843,0.591681957244873,0.6807683110237122,0.5881410241127014,0.6803631782531738,0.5870983600616455,0.6823902130126953,0.5676584243774414,0.6806753277778625,0.5739447474479675,0.6920070648193359,0.594136118888855,0.6899450421333313,0.5969603061676025,0.7046675086021423,0.540472149848938,0.6960604190826416,0.5587126016616821,0.7345694303512573,0.6168041825294495,0.7222529649734497,0.6518576741218567,0.7015414237976074,0.6335434913635254,0.7037070989608765,0.6577373147010803,0.6934118866920471,0.6304718255996704,0.7050415873527527,0.6690152287483215,0.687608003616333,0.6250737309455872,0.7011780738830566,0.6663793921470642,0.6921986937522888,0.6181445717811584,0.7029967904090881,0.6642774939537048,0.7428582906723022,0.7000147104263306,0.7343825101852417,0.7033317685127258,0.6838384866714478,0.6769914031028748,0.6766018271446228,0.6641710996627808,0.7154716849327087,0.7627564668655396,0.7129355669021606,0.7455052733421326,0.7236195802688599,0.761813759803772,0.7214720845222473,0.7504206299781799,0.7126120924949646,0.8146564364433289,0.7155296802520752,0.7901014089584351,0
0.6861099004745483,0.5979294776916504,0.6809630393981934,0.5859989523887634,0.6819517016410828,0.5807974338531494,0.6818038821220398,0.5786865949630737,0.6806057691574097,0.5877261161804199,0.6802164912223816,0.5871337652206421,0.6797314286231995,0.5866385102272034,0.6827123165130615,0.5629376769065857,0.6802836656570435,0.5762113928794861,0.6912292838096619,0.5934309363365173,0.6903712153434753,0.5941976308822632,0.7052541971206665,0.5331905484199524,0.6928948163986206,0.5782183408737183,0.7381932735443115,0.6078464388847351,0.7182625532150269,0.6612932682037354,0.702085018157959,0.6355471611022949,0.7117328643798828,0.6758842468261719,0.6922897100448608,0.6365821361541748,0.7097340822219849,0.6799741387367249,0.687968373298645,0.6271623373031616,0.7063918709754944,0.6754538416862488,0.6910783052444458,0.6243391036987305,0.7078203558921814,0.6724753975868225,0.7446094751358032,0.6950958967208862,0.7330225706100464,0.7054208517074585,0.6811606884002686,0.6764953136444092,0.6715089678764343,0.6790399551391602,0.7208656072616577,0.7688062787055969,0.7165878415107727,0.7479142546653748,0.729909360408783,0.7646807432174683,0.7266384959220886,0.7509118914604187,0.7162363529205322,0.828642725944519,0.7212134003639221,0.7857860922813416,0
0.6884139180183411,0.6003518104553223,0.6838991045951843,0.5876609086990356,0.6836815476417542,0.5855051279067993,0.6844179034233093,0.5803108811378479,0.68293696641922,0.589359700679779,0.6805648803710938,0.5918262004852295,0.6795712113380432,0.5908206105232239,0.6842822432518005,0.5647323727607727,0.6793317198753357,0.5797657370567322,0.6934471726417542,0.5978971719741821,0.6904012560844421,0.602433443069458,0.707675576210022,0.5348364114761353,0.6906770467758179,0.5925995111465454,0.7411940693855286,0.6090172529220581,0.7092100977897644,0.6906501054763794,0.7019162178039551,0.6390621662139893,0.7059528231620789,0.7083923816680908,0.6926966905593872,0.6458374857902527,0.7039371728897095,0.7148074507713318,0.6885450482368469,0.6322567462921143,0.7018954157829285,0.7066388726234436,0.6907145380973816,0.6336996555328369,0.703493595123291,0.7031971216201782,0.7484241127967834,0.7069978713989258,0.7353099584579468,0.7251420617103577,0.6826539039611816,0.6681868433952332,0.6667872071266174,0.6646618247032166,0.7179728746414185,0.7758607864379883,0.7130703330039978,0.7572744488716125,0.7277174592018127,0.7772188782691956,0.7231978178024292,0.7653008103370667,0.7071537375450134,0.8376451730728149,0.7135744094848633,0.793295681476593,0
0.6875833868980408,0.602049708366394,0.6837827563285828,0.5930988192558289,0.6837003231048584,0.5913535952568054,0.6833799481391907,0.5896228551864624,0.6811279654502869,0.5971218347549438,0.6804109215736389,0.5959511399269104,0.6795966625213623,0.5948737859725952,0.6835906505584717,0.566599428653717,0.6787793636322021,0.579840898513794,0.6921810507774353,0.5985262989997864,0.6891000866889954,0.6027350425720215,0.7043486833572388,0.5366036891937256,0.6905423998832703,0.5856950879096985,0.737604558467865,0.6125991940498352,0.7155022621154785,0.6718687415122986,0.7011392712593079,0.6330434679985046,0.7082823514938354,0.6956846714019775,0.690443217754364,0.639901340007782,0.7052897214889526,0.7019789218902588,0.6866905689239502,0.624239981174469,0.7025836706161499,0.6981130838394165,0.688564658164978,0.6255490779876709,0.704369843006134,0.693729043006897,0.7459325194358826,0.7025725245475769,0.7334396839141846,0.7161198258399963,0.6832337379455566,0.6681476831436157,0.672268271446228,0.667855441570282,0.7172780632972717,0.7697564959526062,0.713010311126709,0.7495275139808655,0.725700855255127,0.7667086124420166,0.7217335104942322,0.7539012432098389,0.7079135775566101,0.8327693939208984,0.7166421413421631,0.7825984358787537,0
0.6843348145484924,0.6018469333648682,0.67987459897995,0.5887792110443115,0.6797665357589722,0.5875499248504639,0.6795374751091003,0.5863918662071228,0.6793420314788818,0.5880604982376099,0.6788761019706726,0.5863799452781677,0.6783214211463928,0.5849466919898987,0.6816421151161194,0.5684261322021484,0.679182767868042,0.5715292692184448,0.6894633769989014,0.6000203490257263,0.6888071894645691,0.5983309745788574,0.7052778601646423,0.5438092350959778,0.6963780522346497,0.5649408102035522,0.7383648157119751,0.6241586208343506,0.7296897768974304,0.6433824896812439,0.7013757228851318,0.6414545178413391,0.7194499969482422,0.6756018400192261,0.6910180449485779,0.6494067907333374,0.7155027985572815,0.6788241863250732,0.6871706247329712,0.6367884874343872,0.7118855118751526,0.6759612560272217,0.689448893070221,0.6311762928962708,0.7137121558189392,0.6733981370925903,0.7435130476951599,0.7167794704437256,0.7359597086906433,0.7140405178070068,0.6775006055831909,0.68755704164505,0.6690089702606201,0.6557246446609497,0.7032799124717712,0.7760180234909058,0.7020010948181152,0.7660456299781799,0.7125283479690552,0.7777665853500366,0.7115409970283508,0.7769206762313843,0.6971884965896606,0.8237144351005554,0.6991822719573975,0.814677357673645,0
0.6827434301376343,0.599905788898468,0.67795729637146,0.5855281352996826,0.678130030632019,0.583770751953125,0.6782799363136292,0.5819455981254578,0.676381528377533,0.5879404544830322,0.6761651635169983,0.5868412852287292,0.6759276390075684,0.5857735276222229,0.6818710565567017,0.5633091926574707,0.677799642086029,0.5698952674865723,0.6880384087562561,0.5967111587524414,0.6872910261154175,0.5967545509338379,0.7069073915481567,0.5373687148094177,0.6957777738571167,0.5644752383232117,0.7377287745475769,0.6198508739471436,0.7168997526168823,0.6663716435432434,0.7004850506782532,0.6368368864059448,0.7071431875228882,0.706998348236084,0.6905305981636047,0.6481069326400757,0.7033876180648804,0.7174625992774963,0.6877144575119019,0.6365947127342224,0.7013858556747437,0.7138206958770752,0.6902716755867004,0.6315226554870605,0.7037017345428467,0.7090345621109009,0.7412554621696472,0.711422324180603,0.7304363250732422,0.7134246230125427,0.680651068687439,0.6752421259880066,0.6744211912155151,0.6610316038131714,0.7102891206741333,0.7595981359481812,0.7078104615211487,0.7499150633811951,0.7195760011672974,0.7588759660720825,0.7179482579231262,0.7579978704452515,0.7038084864616394,0.809044599533081,0.7051826119422913,0.7944234013557434,0
0.6853845119476318,0.592792272567749,0.6814497709274292,0.5820472836494446,0.6814241409301758,0.5809750556945801,0.6813319325447083,0.5800179243087769,0.6807280778884888,0.5818126797676086,0.6802030801773071,0.580659031867981,0.6796539425849915,0.579792857170105,0.6835311055183411,0.561053454875946,0.6804710030555725,0.5672526955604553,0.6900157332420349,0.5924274325370789,0.6899764537811279,0.5927391052246094,0.7050490975379944,0.5396627187728882,0.7006886005401611,0.5521326065063477,0.7384709715843201,0.6184466481208801,0.7272756695747375,0.6393834352493286,0.7009466290473938,0.6354624032974243,0.7180534601211548,0.6753023862838745,0.6916730403900146,0.6428555846214294,0.7145445942878723,0.679467499256134,0.6880332231521606,0.6303422451019287,0.711150050163269,0.6762986779212952,0.6900787353515625,0.624019205570221,0.7129355669021606,0.6736272573471069,0.7426927089691162,0.7162486910820007,0.7355195879936218,0.7127488255500793,0.6784809827804565,0.6791483163833618,0.673644483089447,0.6586422324180603,0.7103878855705261,0.7644849419593811,0.7093337178230286,0.750703752040863,0.7204979658126831,0.7632205486297607,0.7198856472969055,0.7575708031654358,0.7073250412940979,0.8154784440994263,0.7095919847488403,0.8003929257392883,0
0.6860763430595398,0.6000289916992188,0.682706356048584,0.5889334082603455,0.6819100975990295,0.5856912732124329,0.6827753186225891,0.5818492770195007,0.6820127964019775,0.5887538194656372,0.6808223128318787,0.5858095288276672,0.6802226901054382,0.5945009589195251,0.6832298636436462,0.566065788269043,0.6803577542304993,0.5720875263214111,0.6903097629547119,0.5979338884353638,0.6896945834159851,0.5969247817993164,0.7044311165809631,0.5446583032608032,0.6954489350318909,0.5604715943336487,0.7359595894813538,0.6257949471473694,0.7211582064628601,0.6580409407615662,0.7005043625831604,0.6410725116729736,0.7132401466369629,0.690531849861145,0.691140353679657,0.6480838060379028,0.7100685834884644,0.6975991725921631,0.6878836154937744,0.6358435153961182,0.7077491283416748,0.6947845816612244,0.6888447999954224,0.6331272125244141,0.7096107006072998,0.6912904977798462,0.7428615093231201,0.7144755721092224,0.7343267202377319,0.7127807140350342,0.6812059879302979,0.6781449913978577,0.6743556261062622,0.6506104469299316,0.7139982581138611,0.7592855095863342,0.7117918729782104,0.747948944568634,0.7234600782394409,0.7600634098052979,0.7219048738479614,0.7559528350830078,0.7114648818969727,0.8077172040939331,0.711592435836792,0.798605740070343,0
0.6867489218711853,0.6018939018249512,0.683199405670166,0.5910836458206177,0.6831220388412476,0.5896171927452087,0.6829094290733337,0.5882402658462524,0.6823776364326477,0.5917448997497559,0.6803308129310608,0.5931852459907532,0.6796751022338867,0.5922739505767822,0.6848533153533936,0.5687432289123535,0.6798968315124512,0.5796207189559937,0.6911988258361816,0.6012867093086243,0.6904125809669495,0.6012775301933289,0.7066406011581421,0.546901285648346,0.697023868560791,0.5806695222854614,0.738864541053772,0.6252045035362244,0.7201935648918152,0.6671913266181946,0.7011500000953674,0.6430097222328186,0.7126882672309875,0.6837652325630188,0.6918320059776306,0.6495821475982666,0.709955096244812,0.6872633099555969,0.6885716915130615,0.6373677253723145,0.7072757482528687,0.6828702092170715,0.689665675163269,0.6352071762084961,0.7089576721191406,0.6806409358978271,0.7429612278938293,0.7203141450881958,0.7319869995117188,0.7209070920944214,0.6861501932144165,0.6791069507598877,0.6719822883605957,0.6540910005569458,0.7138438820838928,0.7582067251205444,0.7108948826789856,0.7474443316459656,0.7228063344955444,0.7584450244903564,0.7205920219421387,0.7561962008476257,0.7074718475341797,0.8078760504722595,0.7096337676048279,0.7886103987693787,0
0.6869494915008545,0.5863170623779297,0.6847887635231018,0.5694743990898132,0.6838709115982056,0.5713501572608948,0.6837643384933472,0.5705938339233398,0.6834135055541992,0.5747146010398865,0.6826738715171814,0.576237142086029,0.6818809509277344,0.5779904723167419,0.6840319037437439,0.5659913420677185,0.679836630821228,0.5793960690498352,0.6917405724525452,0.5855714082717896,0.6895644068717957,0.5927817225456238,0.7013139724731445,0.5832667350769043,0.6858541965484619,0.6295645833015442,0.7276246547698975,0.6361479163169861,0.7076923251152039,0.6783671379089355,0.7004696130752563,0.6350163817405701,0.7029779553413391,0.6347202062606812,0.6951968669891357,0.6390310525894165,0.7032402157783508,0.6229749321937561,0.692859411239624,0.6282756328582764,0.6992632150650024,0.6195824146270752,0.694823145866394,0.6309717297554016,0.7001005411148071,0.6231775879859924,0.7449151873588562,0.7093139290809631,0.7333889603614807,0.7302619814872742,0.7111806869506836,0.6417098641395569,0.684531569480896,0.6652361154556274,0.7251038551330566,0.723766565322876,0.7229540348052979,0.7232729196548462,0.7283649444580078,0.7348805665969849,0.7302670478820801,0.7323321104049683,0.7209203243255615,0.7517392039299011,0.7263221740722656,0.7400043606758118,0
0.6916700005531311,0.6018285751342773,0.6877002120018005,0.5829188227653503,0.6886069178581238,0.5766826272010803,0.6886228322982788,0.5729020833969116,0.6850038170814514,0.5919686555862427,0.683918297290802,0.5925697088241577,0.6816195249557495,0.5960361361503601,0.687873125076294,0.5575556755065918,0.679786205291748,0.5873209834098816,0.6976358890533447,0.5941842794418335,0.6934041380882263,0.6064157485961914,0.7102413177490234,0.5366258025169373,0.6831811666488647,0.6177948117256165,0.7354781031608582,0.6257458925247192,0.7039052844047546,0.7020819783210754,0.7006914019584656,0.6395854949951172,0.711667537689209,0.682924747467041,0.6927533149719238,0.6408994197845459,0.7143122553825378,0.6846910119056702,0.6893676519393921,0.630460262298584,0.7130160331726074,0.6716738939285278,0.6915261149406433,0.6252120733261108,0.71369469165802,0.6696769595146179,0.7476143836975098,0.7028653025627136,0.727177083492279,0.7269730567932129,0.7047743797302246,0.6748263835906982,0.6719646453857422,0.6761608123779297,0.7304019927978516,0.7579083442687988,0.7227811813354492,0.748145341873169,0.7368731498718262,0.7524591684341431,0.7323189377784729,0.7533096671104431,0.7208804488182068,0.8238622546195984,0.7294495701789856,0.7729852199554443,0
0.6913677453994751,0.6027488708496094,0.6873664855957031,0.5853152871131897,0.6873182654380798,0.5816013813018799,0.6869457364082336,0.5782901048660278,0.6850119829177856,0.594476580619812,0.6830283999443054,0.5983079671859741,0.681871235370636,0.5979350805282593,0.6849650740623474,0.559648871421814,0.6770566701889038,0.5877432823181152,0.6955974102020264,0.597332775592804,0.6925758719444275,0.6062422394752502,0.7069882154464722,0.5401667356491089,0.6822817921638489,0.6105443239212036,0.7350285649299622,0.6187078356742859,0.7020934224128723,0.6935095191001892,0.7011688947677612,0.6331815123558044,0.7021878957748413,0.6935956478118896,0.6934585571289062,0.6391302347183228,0.702068567276001,0.6975870728492737,0.6895875930786133,0.6280904412269592,0.7003562450408936,0.6880074143409729,0.6905981302261353,0.6259567141532898,0.7018706202507019,0.6854034662246704,0.748560905456543,0.7026545405387878,0.7321247458457947,0.7215696573257446,0.7010297179222107,0.6716333031654358,0.6661393046379089,0.6823400259017944,0.7208335399627686,0.7634642124176025,0.7127146124839783,0.7512319684028625,0.7275310754776001,0.7605247497558594,0.7224252223968506,0.7587141990661621,0.7086107730865479,0.8299519419670105,0.7122679948806763,0.7741403579711914,0
0.6857759356498718,0.6005282402038574,0.682428240776062,0.5827549695968628,0.68199223279953,0.5843316316604614,0.6826542019844055,0.5778847932815552,0.6800074577331543,0.5914698839187622,0.6789108514785767,0.5937780141830444,0.6787256002426147,0.5924737453460693,0.6820706725120544,0.5694688558578491,0.6768172979354858,0.5869160294532776,0.6904925107955933,0.5970144867897034,0.6862196326255798,0.609489917755127,0.6992357969284058,0.5662299990653992,0.6803398132324219,0.6411448121070862,0.7352308630943298,0.614590585231781,0.7034649848937988,0.7139933705329895,0.7037094831466675,0.6375715136528015,0.6926634907722473,0.6688264608383179,0.6969469785690308,0.6401327252388,0.6908209323883057,0.6575459241867065,0.6930181384086609,0.6295400857925415,0.6866918802261353,0.6494140028953552,0.6954878568649292,0.6315075159072876,0.6886318922042847,0.6519598960876465,0.7512533664703369,0.6914563775062561,0.7371844053268433,0.7216972708702087,0.7096342444419861,0.6608153581619263,0.6754258871078491,0.6876790523529053,0.7323291301727295,0.73784339427948,0.7238892316818237,0.7357345819473267,0.7361342310905457,0.7371558547019958,0.732642650604248,0.7415454387664795,0.7283919453620911,0.795819103717804,0.7260712385177612,0.7568250298500061,0
0.6827881932258606,0.599810004234314,0.6797561049461365,0.5865269899368286,0.6799748539924622,0.5851059556007385,0.6801601052284241,0.5836254954338074,0.678699254989624,0.5899723172187805,0.6776928305625916,0.589705228805542,0.6771217584609985,0.589470386505127,0.6789606213569641,0.5834500193595886,0.6749371290206909,0.5927227735519409,0.6849731206893921,0.6065577268600464,0.6833046674728394,0.6104487776756287,0.6919552087783813,0.6115525960922241,0.6836097836494446,0.6481142044067383,0.7261441349983215,0.6384790539741516,0.7059279084205627,0.6939180493354797,0.6997292041778564,0.6322736740112305,0.6974111795425415,0.6372953653335571,0.6918516159057617,0.6324886083602905,0.6954894065856934,0.6224797368049622,0.6892238855361938,0.6180512309074402,0.6906219720840454,0.6198968887329102,0.6919762492179871,0.620913028717041,0.6917232871055603,0.6256253123283386,0.7448437809944153,0.7052114009857178,0.7387638688087463,0.7223132252693176,0.7011866569519043,0.6606094837188721,0.6836497783660889,0.6706789135932922,0.7316833734512329,0.7242010831832886,0.7271060943603516,0.7193813920021057,0.7364976406097412,0.7313679456710815,0.7348971366882324,0.7253717184066772,0.7342354655265808,0.7568899393081665,0.7316325902938843,0.7440944910049438,0
0.6880573630332947,0.6054340600967407,0.6843105554580688,0.587415337562561,0.6844884157180786,0.5850329399108887,0.6864842176437378,0.5802781581878662,0.681708037853241,0.5940372943878174,0.6808199286460876,0.5933023691177368,0.6793393492698669,0.5963547825813293,0.6835735440254211,0.5716849565505981,0.6762354373931885,0.5887535810470581,0.6900128722190857,0.6050796508789062,0.6864323616027832,0.6124443411827087,0.704572856426239,0.572449803352356,0.6780849099159241,0.6339077353477478,0.731194019317627,0.6202637553215027,0.6938491463661194,0.7043529748916626,0.701933741569519,0.6340243816375732,0.6983444690704346,0.6880861520767212,0.6956902146339417,0.6404305696487427,0.7002114057540894,0.6864129900932312,0.6925839185714722,0.6276769638061523,0.6986936926841736,0.6779593229293823,0.6948797702789307,0.6305638551712036,0.6993638873100281,0.6780952215194702,0.746340274810791,0.6975399255752563,0.729182243347168,0.7256365418434143,0.7054576277732849,0.6438149809837341,0.6761450171470642,0.672187328338623,0.7228807210922241,0.732933759689331,0.7172418236732483,0.7336701154708862,0.7267436981201172,0.7353659868240356,0.7260202169418335,0.7406313419342041,0.7153109312057495,0.7892274260520935,0.7176692485809326,0.7585065960884094,0
0.6890559196472168,0.6066139340400696,0.684536337852478,0.5918765068054199,0.6861715316772461,0.5856368541717529,0.6862910985946655,0.5825067758560181,0.6829997301101685,0.5943952202796936,0.680339515209198,0.597292959690094,0.6793468594551086,0.5961832404136658,0.6852182149887085,0.5627294778823853,0.6775258183479309,0.5877691507339478,0.6941309571266174,0.6025524735450745,0.6907917857170105,0.609246551990509,0.7081668376922607,0.529685378074646,0.681844174861908,0.6205195784568787,0.7382273077964783,0.6178159713745117,0.7037258744239807,0.7162376046180725,0.701572835445404,0.6425570845603943,0.6997301578521729,0.7094119191169739,0.6923118829727173,0.6489089727401733,0.697045087814331,0.7130448818206787,0.6876744031906128,0.6351509690284729,0.6955922842025757,0.6984630227088928,0.6887834668159485,0.6324684619903564,0.6979619264602661,0.695523202419281,0.7495017051696777,0.7032696604728699,0.7310192584991455,0.7338844537734985,0.6862202882766724,0.6709704995155334,0.670565128326416,0.6870607137680054,0.7150106430053711,0.7779161930084229,0.705096960067749,0.7623401284217834,0.7240210175514221,0.7744581699371338,0.7143277525901794,0.7698918581008911,0.6973907351493835,0.853965163230896,0.7020357251167297,0.7899986505508423,0
0.6871259212493896,0.6089789867401123,0.6837977766990662,0.5973373651504517,0.6850974559783936,0.5910811424255371,0.6844515204429626,0.5867352485656738,0.6807358860969543,0.6038934588432312,0.6799638271331787,0.6028686165809631,0.6783353090286255,0.6005581021308899,0.6847391724586487,0.5646100044250488,0.6773979067802429,0.587648868560791,0.6925490498542786,0.6024438142776489,0.6887145638465881,0.6098615527153015,0.7073369026184082,0.5299867987632751,0.6866926550865173,0.5971050262451172,0.7382318377494812,0.6306107640266418,0.7070889472961426,0.7117208242416382,0.7024869918823242,0.6465386748313904,0.6998310089111328,0.7308435440063477,0.6932411789894104,0.6508590579032898,0.6958231925964355,0.7403979301452637,0.6892176866531372,0.6383668780326843,0.6941556930541992,0.7288516759872437,0.6917917132377625,0.6321896314620972,0.6968923807144165,0.7245039343833923,0.7496219277381897,0.6958509087562561,0.7359310388565063,0.7169438600540161,0.6850658655166626,0.6649226546287537,0.6759768128395081,0.6562274694442749,0.724721372127533,0.7683173418045044,0.7151278853416443,0.7514247298240662,0.7354863286018372,0.7656421661376953,0.7257331013679504,0.7620075941085815,0.7118095755577087,0.8420162200927734,0.7121551036834717,0.7907796502113342,0
