kp0_x,kp0_y,kp1_x,kp1_y,kp2_x,kp2_y,kp3_x,kp3_y,kp4_x,kp4_y,kp5_x,kp5_y,kp6_x,kp6_y,kp7_x,kp7_y,kp8_x,kp8_y,kp9_x,kp9_y,kp10_x,kp10_y,kp11_x,kp11_y,kp12_x,kp12_y,kp13_x,kp13_y,kp14_x,kp14_y,kp15_x,kp15_y,kp16_x,kp16_y,kp17_x,kp17_y,kp18_x,kp18_y,kp19_x,kp19_y,kp20_x,kp20_y,kp21_x,kp21_y,kp22_x,kp22_y,kp23_x,kp23_y,kp24_x,kp24_y,kp25_x,kp25_y,kp26_x,kp26_y,kp27_x,kp27_y,kp28_x,kp28_y,kp29_x,kp29_y,kp30_x,kp30_y,kp31_x,kp31_y,kp32_x,kp32_y,label
0.0,0.0,0.0,0.0,0.0,0.0,0.0,0.0,0.0,0.0,0.0,0.0,0.0,0.0,0.0,0.0,0.0,0.0,0.0,0.0,0.0,0.0,0.0,0.0,0.0,0.0,0.0,0.0,0.0,0.0,0.0,0.0,0.0,0.0,0.0,0.0,0.0,0.0,0.0,0.0,0.0,0.0,0.0,0.0,0.0,0.0,0.0,0.0,0.0,0.0,0.0,0.0,0.0,0.0,0.0,0.0,0.0,0.0,0.0,0.0,0.0,0.0,0.0,0.0,0.0,0.0,0
0.0,0.0,0.0,0.0,0.0,0.0,0.0,0.0,0.0,0.0,0.0,0.0,0.0,0.0,0.0,0.0,0.0,0.0,0.0,0.0,0.0,0.0,0.0,0.0,0.0,0.0,0.0,0.0,0.0,0.0,0.0,0.0,0.0,0.0,0.0,0.0,0.0,0.0,0.0,0.0,0.0,0.0,0.0,0.0,0.0,0.0,0.0,0.0,0.0,0.0,0.0,0.0,0.0,0.0,0.0,0.0,0.0,0.0,0.0,0.0,0.0,0.0,0.0,0.0,0.0,0.0,0
0.0,0.0,0.0,0.0,0.0,0.0,0.0,0.0,0.0,0.0,0.0,0.0,0.0,0.0,0.0,0.0,0.0,0.0,0.0,0.0,0.0,0.0,0.0,0.0,0.0,0.0,0.0,0.0,0.0,0.0,0.0,0.0,0.0,0.0,0.0,0.0,0.0,0.0,0.0,0.0,0.0,0.0,0.0,0.0,0.0,0.0,0.0,0.0,0.0,0.0,0.0,0.0,0.0,0.0,0.0,0.0,0.0,0.0,0.0,0.0,0.0,0.0,0.0,0.0,0.0,0.0,0
0.0,0.0,0.0,0.0,0.0,0.0,0.0,0.0,0.0,0.0,0.0,0.0,0.0,0.0,0.0,0.0,0.0,0.0,0.0,0.0,0.0,0.0,0.0,0.0,0.0,0.0,0.0,0.0,0.0,0.0,0.0,0.0,0.0,0.0,0.0,0.0,0.0,0.0,0.0,0.0,0.0,0.0,0.0,0.0,0.0,0.0,0.0,0.0,0.0,0.0,0.0,0.0,0.0,0.0,0.0,0.0,0.0,0.0,0.0,0.0,0.0,0.0,0.0,0.0,0.0,0.0,0
0.0,0.0,0.0,0.0,0.0,0.0,0.0,0.0,0.0,0.0,0.0,0.0,0.0,0.0,0.0,0.0,0.0,0.0,0.0,0.0,0.0,0.0,0.0,0.0,0.0,0.0,0.0,0.0,0.0,0.0,0.0,0.0,0.0,0.0,0.0,0.0,0.0,0.0,0.0,0.0,0.0,0.0,0.0,0.0,0.0,0.0,0.0,0.0,0.0,0.0,0.0,0.0,0.0,0.0,0.0,0.0,0.0,0.0,0.0,0.0,0.0,0.0,0.0,0.0,0.0,0.0,0
0.0,0.0,0.0,0.0,0.0,0.0,0.0,0.0,0.0,0.0,0.0,0.0,0.0,0.0,0.0,0.0,0.0,0.0,0.0,0.0,0.0,0.0,0.0,0.0,0.0,0.0,0.0,0.0,0.0,0.0,0.0,0.0,0.0,0.0,0.0,0.0,0.0,0.0,0.0,0.0,0.0,0.0,0.0,0.0,0.0,0.0,0.0,0.0,0.0,0.0,0.0,0.0,0.0,0.0,0.0,0.0,0.0,0.0,0.0,0.0,0.0,0.0,0.0,0.0,0.0,0.0,0
0.0,0.0,0.0,0.0,0.0,0.0,0.0,0.0,0.0,0.0,0.0,0.0,0.0,0.0,0.0,0.0,0.0,0.0,0.0,0.0,0.0,0.0,0.0,0.0,0.0,0.0,0.0,0.0,0.0,0.0,0.0,0.0,0.0,0.0,0.0,0.0,0.0,0.0,0.0,0.0,0.0,0.0,0.0,0.0,0.0,0.0,0.0,0.0,0.0,0.0,0.0,0.0,0.0,0.0,0.0,0.0,0.0,0.0,0.0,0.0,0.0,0.0,0.0,0.0,0.0,0.0,0
0.0,0.0,0.0,0.0,0.0,0.0,0.0,0.0,0.0,0.0,0.0,0.0,0.0,0.0,0.0,0.0,0.0,0.0,0.0,0.0,0.0,0.0,0.0,0.0,0.0,0.0,0.0,0.0,0.0,0.0,0.0,0.0,0.0,0.0,0.0,0.0,0.0,0.0,0.0,0.0,0.0,0.0,0.0,0.0,0.0,0.0,0.0,0.0,0.0,0.0,0.0,0.0,0.0,0.0,0.0,0.0,0.0,0.0,0.0,0.0,0.0,0.0,0.0,0.0,0.0,0.0,0
0.0,0.0,0.0,0.0,0.0,0.0,0.0,0.0,0.0,0.0,0.0,0.0,0.0,0.0,0.0,0.0,0.0,0.0,0.0,0.0,0.0,0.0,0.0,0.0,0.0,0.0,0.0,0.0,0.0,0.0,0.0,0.0,0.0,0.0,0.0,0.0,0.0,0.0,0.0,0.0,0.0,0.0,0.0,0.0,0.0,0.0,0.0,0.0,0.0,0.0,0.0,0.0,0.0,0.0,0.0,0.0,0.0,0.0,0.0,0.0,0.0,0.0,0.0,0.0,0.0,0.0,0
0.0,0.0,0.0,0.0,0.0,0.0,0.0,0.0,0.0,0.0,0.0,0.0,0.0,0.0,0.0,0.0,0.0,0.0,0.0,0.0,0.0,0.0,0.0,0.0,0.0,0.0,0.0,0.0,0.0,0.0,0.0,0.0,0.0,0.0,0.0,0.0,0.0,0.0,0.0,0.0,0.0,0.0,0.0,0.0,0.0,0.0,0.0,0.0,0.0,0.0,0.0,0.0,0.0,0.0,0.0,0.0,0.0,0.0,0.0,0.0,0.0,0.0,0.0,0.0,0.0,0.0,0
0.0,0.0,0.0,0.0,0.0,0.0,0.0,0.0,0.0,0.0,0.0,0.0,0.0,0.0,0.0,0.0,0.0,0.0,0.0,0.0,0.0,0.0,0.0,0.0,0.0,0.0,0.0,0.0,0.0,0.0,0.0,0.0,0.0,0.0,0.0,0.0,0.0,0.0,0.0,0.0,0.0,0.0,0.0,0.0,0.0,0.0,0.0,0.0,0.0,0.0,0.0,0.0,0.0,0.0,0.0,0.0,0.0,0.0,0.0,0.0,0.0,0.0,0.0,0.0,0.0,0.0,0
0.0,0.0,0.0,0.0,0.0,0.0,0.0,0.0,0.0,0.0,0.0,0.0,0.0,0.0,0.0,0.0,0.0,0.0,0.0,0.0,0.0,0.0,0.0,0.0,0.0,0.0,0.0,0.0,0.0,0.0,0.0,0.0,0.0,0.0,0.0,0.0,0.0,0.0,0.0,0.0,0.0,0.0,0.0,0.0,0.0,0.0,0.0,0.0,0.0,0.0,0.0,0.0,0.0,0.0,0.0,0.0,0.0,0.0,0.0,0.0,0.0,0.0,0.0,0.0,0.0,0.0,0
0.0,0.0,0.0,0.0,0.0,0.0,0.0,0.0,0.0,0.0,0.0,0.0,0.0,0.0,0.0,0.0,0.0,0.0,0.0,0.0,0.0,0.0,0.0,0.0,0.0,0.0,0.0,0.0,0.0,0.0,0.0,0.0,0.0,0.0,0.0,0.0,0.0,0.0,0.0,0.0,0.0,0.0,0.0,0.0,0.0,0.0,0.0,0.0,0.0,0.0,0.0,0.0,0.0,0.0,0.0,0.0,0.0,0.0,0.0,0.0,0.0,0.0,0.0,0.0,0.0,0.0,0
0.0,0.0,0.0,0.0,0.0,0.0,0.0,0.0,0.0,0.0,0.0,0.0,0.0,0.0,0.0,0.0,0.0,0.0,0.0,0.0,0.0,0.0,0.0,0.0,0.0,0.0,0.0,0.0,0.0,0.0,0.0,0.0,0.0,0.0,0.0,0.0,0.0,0.0,0.0,0.0,0.0,0.0,0.0,0.0,0.0,0.0,0.0,0.0,0.0,0.0,0.0,0.0,0.0,0.0,0.0,0.0,0.0,0.0,0.0,0.0,0.0,0.0,0.0,0.0,0.0,0.0,0
0.0,0.0,0.0,0.0,0.0,0.0,0.0,0.0,0.0,0.0,0.0,0.0,0.0,0.0,0.0,0.0,0.0,0.0,0.0,0.0,0.0,0.0,0.0,0.0,0.0,0.0,0.0,0.0,0.0,0.0,0.0,0.0,0.0,0.0,0.0,0.0,0.0,0.0,0.0,0.0,0.0,0.0,0.0,0.0,0.0,0.0,0.0,0.0,0.0,0.0,0.0,0.0,0.0,0.0,0.0,0.0,0.0,0.0,0.0,0.0,0.0,0.0,0.0,0.0,0.0,0.0,0
0.0,0.0,0.0,0.0,0.0,0.0,0.0,0.0,0.0,0.0,0.0,0.0,0.0,0.0,0.0,0.0,0.0,0.0,0.0,0.0,0.0,0.0,0.0,0.0,0.0,0.0,0.0,0.0,0.0,0.0,0.0,0.0,0.0,0.0,0.0,0.0,0.0,0.0,0.0,0.0,0.0,0.0,0.0,0.0,0.0,0.0,0.0,0.0,0.0,0.0,0.0,0.0,0.0,0.0,0.0,0.0,0.0,0.0,0.0,0.0,0.0,0.0,0.0,0.0,0.0,0.0,0
0.0,0.0,0.0,0.0,0.0,0.0,0.0,0.0,0.0,0.0,0.0,0.0,0.0,0.0,0.0,0.0,0.0,0.0,0.0,0.0,0.0,0.0,0.0,0.0,0.0,0.0,0.0,0.0,0.0,0.0,0.0,0.0,0.0,0.0,0.0,0.0,0.0,0.0,0.0,0.0,0.0,0.0,0.0,0.0,0.0,0.0,0.0,0.0,0.0,0.0,0.0,0.0,0.0,0.0,0.0,0.0,0.0,0.0,0.0,0.0,0.0,0.0,0.0,0.0,0.0,0.0,0
0.0,0.0,0.0,0.0,0.0,0.0,0.0,0.0,0.0,0.0,0.0,0.0,0.0,0.0,0.0,0.0,0.0,0.0,0.0,0.0,0.0,0.0,0.0,0.0,0.0,0.0,0.0,0.0,0.0,0.0,0.0,0.0,0.0,0.0,0.0,0.0,0.0,0.0,0.0,0.0,0.0,0.0,0.0,0.0,0.0,0.0,0.0,0.0,0.0,0.0,0.0,0.0,0.0,0.0,0.0,0.0,0.0,0.0,0.0,0.0,0.0,0.0,0.0,0.0,0.0,0.0,0
0.0,0.0,0.0,0.0,0.0,0.0,0.0,0.0,0.0,0.0,0.0,0.0,0.0,0.0,0.0,0.0,0.0,0.0,0.0,0.0,0.0,0.0,0.0,0.0,0.0,0.0,0.0,0.0,0.0,0.0,0.0,0.0,0.0,0.0,0.0,0.0,0.0,0.0,0.0,0.0,0.0,0.0,0.0,0.0,0.0,0.0,0.0,0.0,0.0,0.0,0.0,0.0,0.0,0.0,0.0,0.0,0.0,0.0,0.0,0.0,0.0,0.0,0.0,0.0,0.0,0.0,0
0.0,0.0,0.0,0.0,0.0,0.0,0.0,0.0,0.0,0.0,0.0,0.0,0.0,0.0,0.0,0.0,0.0,0.0,0.0,0.0,0.0,0.0,0.0,0.0,0.0,0.0,0.0,0.0,0.0,0.0,0.0,0.0,0.0,0.0,0.0,0.0,0.0,0.0,0.0,0.0,0.0,0.0,0.0,0.0,0.0,0.0,0.0,0.0,0.0,0.0,0.0,0.0,0.0,0.0,0.0,0.0,0.0,0.0,0.0,0.0,0.0,0.0,0.0,0.0,0.0,0.0,0
0.0,0.0,0.0,0.0,0.0,0.0,0.0,0.0,0.0,0.0,0.0,0.0,0.0,0.0,0.0,0.0,0.0,0.0,0.0,0.0,0.0,0.0,0.0,0.0,0.0,0.0,0.0,0.0,0.0,0.0,0.0,0.0,0.0,0.0,0.0,0.0,0.0,0.0,0.0,0.0,0.0,0.0,0.0,0.0,0.0,0.0,0.0,0.0,0.0,0.0,0.0,0.0,0.0,0.0,0.0,0.0,0.0,0.0,0.0,0.0,0.0,0.0,0.0,0.0,0.0,0.0,0
0.0,0.0,0.0,0.0,0.0,0.0,0.0,0.0,0.0,0.0,0.0,0.0,0.0,0.0,0.0,0.0,0.0,0.0,0.0,0.0,0.0,0.0,0.0,0.0,0.0,0.0,0.0,0.0,0.0,0.0,0.0,0.0,0.0,0.0,0.0,0.0,0.0,0.0,0.0,0.0,0.0,0.0,0.0,0.0,0.0,0.0,0.0,0.0,0.0,0.0,0.0,0.0,0.0,0.0,0.0,0.0,0.0,0.0,0.0,0.0,0.0,0.0,0.0,0.0,0.0,0.0,0
0.0,0.0,0.0,0.0,0.0,0.0,0.0,0.0,0.0,0.0,0.0,0.0,0.0,0.0,0.0,0.0,0.0,0.0,0.0,0.0,0.0,0.0,0.0,0.0,0.0,0.0,0.0,0.0,0.0,0.0,0.0,0.0,0.0,0.0,0.0,0.0,0.0,0.0,0.0,0.0,0.0,0.0,0.0,0.0,0.0,0.0,0.0,0.0,0.0,0.0,0.0,0.0,0.0,0.0,0.0,0.0,0.0,0.0,0.0,0.0,0.0,0.0,0.0,0.0,0.0,0.0,0
0.0,0.0,0.0,0.0,0.0,0.0,0.0,0.0,0.0,0.0,0.0,0.0,0.0,0.0,0.0,0.0,0.0,0.0,0.0,0.0,0.0,0.0,0.0,0.0,0.0,0.0,0.0,0.0,0.0,0.0,0.0,0.0,0.0,0.0,0.0,0.0,0.0,0.0,0.0,0.0,0.0,0.0,0.0,0.0,0.0,0.0,0.0,0.0,0.0,0.0,0.0,0.0,0.0,0.0,0.0,0.0,0.0,0.0,0.0,0.0,0.0,0.0,0.0,0.0,0.0,0.0,0
0.0,0.0,0.0,0.0,0.0,0.0,0.0,0.0,0.0,0.0,0.0,0.0,0.0,0.0,0.0,0.0,0.0,0.0,0.0,0.0,0.0,0.0,0.0,0.0,0.0,0.0,0.0,0.0,0.0,0.0,0.0,0.0,0.0,0.0,0.0,0.0,0.0,0.0,0.0,0.0,0.0,0.0,0.0,0.0,0.0,0.0,0.0,0.0,0.0,0.0,0.0,0.0,0.0,0.0,0.0,0.0,0.0,0.0,0.0,0.0,0.0,0.0,0.0,0.0,0.0,0.0,0
0.0,0.0,0.0,0.0,0.0,0.0,0.0,0.0,0.0,0.0,0.0,0.0,0.0,0.0,0.0,0.0,0.0,0.0,0.0,0.0,0.0,0.0,0.0,0.0,0.0,0.0,0.0,0.0,0.0,0.0,0.0,0.0,0.0,0.0,0.0,0.0,0.0,0.0,0.0,0.0,0.0,0.0,0.0,0.0,0.0,0.0,0.0,0.0,0.0,0.0,0.0,0.0,0.0,0.0,0.0,0.0,0.0,0.0,0.0,0.0,0.0,0.0,0.0,0.0,0.0,0.0,0
0.0,0.0,0.0,0.0,0.0,0.0,0.0,0.0,0.0,0.0,0.0,0.0,0.0,0.0,0.0,0.0,0.0,0.0,0.0,0.0,0.0,0.0,0.0,0.0,0.0,0.0,0.0,0.0,0.0,0.0,0.0,0.0,0.0,0.0,0.0,0.0,0.0,0.0,0.0,0.0,0.0,0.0,0.0,0.0,0.0,0.0,0.0,0.0,0.0,0.0,0.0,0.0,0.0,0.0,0.0,0.0,0.0,0.0,0.0,0.0,0.0,0.0,0.0,0.0,0.0,0.0,0
0.0,0.0,0.0,0.0,0.0,0.0,0.0,0.0,0.0,0.0,0.0,0.0,0.0,0.0,0.0,0.0,0.0,0.0,0.0,0.0,0.0,0.0,0.0,0.0,0.0,0.0,0.0,0.0,0.0,0.0,0.0,0.0,0.0,0.0,0.0,0.0,0.0,0.0,0.0,0.0,0.0,0.0,0.0,0.0,0.0,0.0,0.0,0.0,0.0,0.0,0.0,0.0,0.0,0.0,0.0,0.0,0.0,0.0,0.0,0.0,0.0,0.0,0.0,0.0,0.0,0.0,0
0.0,0.0,0.0,0.0,0.0,0.0,0.0,0.0,0.0,0.0,0.0,0.0,0.0,0.0,0.0,0.0,0.0,0.0,0.0,0.0,0.0,0.0,0.0,0.0,0.0,0.0,0.0,0.0,0.0,0.0,0.0,0.0,0.0,0.0,0.0,0.0,0.0,0.0,0.0,0.0,0.0,0.0,0.0,0.0,0.0,0.0,0.0,0.0,0.0,0.0,0.0,0.0,0.0,0.0,0.0,0.0,0.0,0.0,0.0,0.0,0.0,0.0,0.0,0.0,0.0,0.0,0
0.0,0.0,0.0,0.0,0.0,0.0,0.0,0.0,0.0,0.0,0.0,0.0,0.0,0.0,0.0,0.0,0.0,0.0,0.0,0.0,0.0,0.0,0.0,0.0,0.0,0.0,0.0,0.0,0.0,0.0,0.0,0.0,0.0,0.0,0.0,0.0,0.0,0.0,0.0,0.0,0.0,0.0,0.0,0.0,0.0,0.0,0.0,0.0,0.0,0.0,0.0,0.0,0.0,0.0,0.0,0.0,0.0,0.0,0.0,0.0,0.0,0.0,0.0,0.0,0.0,0.0,0
0.0,0.0,0.0,0.0,0.0,0.0,0.0,0.0,0.0,0.0,0.0,0.0,0.0,0.0,0.0,0.0,0.0,0.0,0.0,0.0,0.0,0.0,0.0,0.0,0.0,0.0,0.0,0.0,0.0,0.0,0.0,0.0,0.0,0.0,0.0,0.0,0.0,0.0,0.0,0.0,0.0,0.0,0.0,0.0,0.0,0.0,0.0,0.0,0.0,0.0,0.0,0.0,0.0,0.0,0.0,0.0,0.0,0.0,0.0,0.0,0.0,0.0,0.0,0.0,0.0,0.0,0
0.0,0.0,0.0,0.0,0.0,0.0,0.0,0.0,0.0,0.0,0.0,0.0,0.0,0.0,0.0,0.0,0.0,0.0,0.0,0.0,0.0,0.0,0.0,0.0,0.0,0.0,0.0,0.0,0.0,0.0,0.0,0.0,0.0,0.0,0.0,0.0,0.0,0.0,0.0,0.0,0.0,0.0,0.0,0.0,0.0,0.0,0.0,0.0,0.0,0.0,0.0,0.0,0.0,0.0,0.0,0.0,0.0,0.0,0.0,0.0,0.0,0.0,0.0,0.0,0.0,0.0,0
0.0,0.0,0.0,0.0,0.0,0.0,0.0,0.0,0.0,0.0,0.0,0.0,0.0,0.0,0.0,0.0,0.0,0.0,0.0,0.0,0.0,0.0,0.0,0.0,0.0,0.0,0.0,0.0,0.0,0.0,0.0,0.0,0.0,0.0,0.0,0.0,0.0,0.0,0.0,0.0,0.0,0.0,0.0,0.0,0.0,0.0,0.0,0.0,0.0,0.0,0.0,0.0,0.0,0.0,0.0,0.0,0.0,0.0,0.0,0.0,0.0,0.0,0.0,0.0,0.0,0.0,0
0.0,0.0,0.0,0.0,0.0,0.0,0.0,0.0,0.0,0.0,0.0,0.0,0.0,0.0,0.0,0.0,0.0,0.0,0.0,0.0,0.0,0.0,0.0,0.0,0.0,0.0,0.0,0.0,0.0,0.0,0.0,0.0,0.0,0.0,0.0,0.0,0.0,0.0,0.0,0.0,0.0,0.0,0.0,0.0,0.0,0.0,0.0,0.0,0.0,0.0,0.0,0.0,0.0,0.0,0.0,0.0,0.0,0.0,0.0,0.0,0.0,0.0,0.0,0.0,0.0,0.0,0
0.0,0.0,0.0,0.0,0.0,0.0,0.0,0.0,0.0,0.0,0.0,0.0,0.0,0.0,0.0,0.0,0.0,0.0,0.0,0.0,0.0,0.0,0.0,0.0,0.0,0.0,0.0,0.0,0.0,0.0,0.0,0.0,0.0,0.0,0.0,0.0,0.0,0.0,0.0,0.0,0.0,0.0,0.0,0.0,0.0,0.0,0.0,0.0,0.0,0.0,0.0,0.0,0.0,0.0,0.0,0.0,0.0,0.0,0.0,0.0,0.0,0.0,0.0,0.0,0.0,0.0,0
0.0,0.0,0.0,0.0,0.0,0.0,0.0,0.0,0.0,0.0,0.0,0.0,0.0,0.0,0.0,0.0,0.0,0.0,0.0,0.0,0.0,0.0,0.0,0.0,0.0,0.0,0.0,0.0,0.0,0.0,0.0,0.0,0.0,0.0,0.0,0.0,0.0,0.0,0.0,0.0,0.0,0.0,0.0,0.0,0.0,0.0,0.0,0.0,0.0,0.0,0.0,0.0,0.0,0.0,0.0,0.0,0.0,0.0,0.0,0.0,0.0,0.0,0.0,0.0,0.0,0.0,0
0.0,0.0,0.0,0.0,0.0,0.0,0.0,0.0,0.0,0.0,0.0,0.0,0.0,0.0,0.0,0.0,0.0,0.0,0.0,0.0,0.0,0.0,0.0,0.0,0.0,0.0,0.0,0.0,0.0,0.0,0.0,0.0,0.0,0.0,0.0,0.0,0.0,0.0,0.0,0.0,0.0,0.0,0.0,0.0,0.0,0.0,0.0,0.0,0.0,0.0,0.0,0.0,0.0,0.0,0.0,0.0,0.0,0.0,0.0,0.0,0.0,0.0,0.0,0.0,0.0,0.0,0
0.0,0.0,0.0,0.0,0.0,0.0,0.0,0.0,0.0,0.0,0.0,0.0,0.0,0.0,0.0,0.0,0.0,0.0,0.0,0.0,0.0,0.0,0.0,0.0,0.0,0.0,0.0,0.0,0.0,0.0,0.0,0.0,0.0,0.0,0.0,0.0,0.0,0.0,0.0,0.0,0.0,0.0,0.0,0.0,0.0,0.0,0.0,0.0,0.0,0.0,0.0,0.0,0.0,0.0,0.0,0.0,0.0,0.0,0.0,0.0,0.0,0.0,0.0,0.0,0.0,0.0,0
0.0,0.0,0.0,0.0,0.0,0.0,0.0,0.0,0.0,0.0,0.0,0.0,0.0,0.0,0.0,0.0,0.0,0.0,0.0,0.0,0.0,0.0,0.0,0.0,0.0,0.0,0.0,0.0,0.0,0.0,0.0,0.0,0.0,0.0,0.0,0.0,0.0,0.0,0.0,0.0,0.0,0.0,0.0,0.0,0.0,0.0,0.0,0.0,0.0,0.0,0.0,0.0,0.0,0.0,0.0,0.0,0.0,0.0,0.0,0.0,0.0,0.0,0.0,0.0,0.0,0.0,0
0.0,0.0,0.0,0.0,0.0,0.0,0.0,0.0,0.0,0.0,0.0,0.0,0.0,0.0,0.0,0.0,0.0,0.0,0.0,0.0,0.0,0.0,0.0,0.0,0.0,0.0,0.0,0.0,0.0,0.0,0.0,0.0,0.0,0.0,0.0,0.0,0.0,0.0,0.0,0.0,0.0,0.0,0.0,0.0,0.0,0.0,0.0,0.0,0.0,0.0,0.0,0.0,0.0,0.0,0.0,0.0,0.0,0.0,0.0,0.0,0.0,0.0,0.0,0.0,0.0,0.0,0
0.0,0.0,0.0,0.0,0.0,0.0,0.0,0.0,0.0,0.0,0.0,0.0,0.0,0.0,0.0,0.0,0.0,0.0,0.0,0.0,0.0,0.0,0.0,0.0,0.0,0.0,0.0,0.0,0.0,0.0,0.0,0.0,0.0,0.0,0.0,0.0,0.0,0.0,0.0,0.0,0.0,0.0,0.0,0.0,0.0,0.0,0.0,0.0,0.0,0.0,0.0,0.0,0.0,0.0,0.0,0.0,0.0,0.0,0.0,0.0,0.0,0.0,0.0,0.0,0.0,0.0,0
0.0,0.0,0.0,0.0,0.0,0.0,0.0,0.0,0.0,0.0,0.0,0.0,0.0,0.0,0.0,0.0,0.0,0.0,0.0,0.0,0.0,0.0,0.0,0.0,0.0,0.0,0.0,0.0,0.0,0.0,0.0,0.0,0.0,0.0,0.0,0.0,0.0,0.0,0.0,0.0,0.0,0.0,0.0,0.0,0.0,0.0,0.0,0.0,0.0,0.0,0.0,0.0,0.0,0.0,0.0,0.0,0.0,0.0,0.0,0.0,0.0,0.0,0.0,0.0,0.0,0.0,0
0.0,0.0,0.0,0.0,0.0,0.0,0.0,0.0,0.0,0.0,0.0,0.0,0.0,0.0,0.0,0.0,0.0,0.0,0.0,0.0,0.0,0.0,0.0,0.0,0.0,0.0,0.0,0.0,0.0,0.0,0.0,0.0,0.0,0.0,0.0,0.0,0.0,0.0,0.0,0.0,0.0,0.0,0.0,0.0,0.0,0.0,0.0,0.0,0.0,0.0,0.0,0.0,0.0,0.0,0.0,0.0,0.0,0.0,0.0,0.0,0.0,0.0,0.0,0.0,0.0,0.0,0
0.0,0.0,0.0,0.0,0.0,0.0,0.0,0.0,0.0,0.0,0.0,0.0,0.0,0.0,0.0,0.0,0.0,0.0,0.0,0.0,0.0,0.0,0.0,0.0,0.0,0.0,0.0,0.0,0.0,0.0,0.0,0.0,0.0,0.0,0.0,0.0,0.0,0.0,0.0,0.0,0.0,0.0,0.0,0.0,0.0,0.0,0.0,0.0,0.0,0.0,0.0,0.0,0.0,0.0,0.0,0.0,0.0,0.0,0.0,0.0,0.0,0.0,0.0,0.0,0.0,0.0,0
0.0,0.0,0.0,0.0,0.0,0.0,0.0,0.0,0.0,0.0,0.0,0.0,0.0,0.0,0.0,0.0,0.0,0.0,0.0,0.0,0.0,0.0,0.0,0.0,0.0,0.0,0.0,0.0,0.0,0.0,0.0,0.0,0.0,0.0,0.0,0.0,0.0,0.0,0.0,0.0,0.0,0.0,0.0,0.0,0.0,0.0,0.0,0.0,0.0,0.0,0.0,0.0,0.0,0.0,0.0,0.0,0.0,0.0,0.0,0.0,0.0,0.0,0.0,0.0,0.0,0.0,0
0.0,0.0,0.0,0.0,0.0,0.0,0.0,0.0,0.0,0.0,0.0,0.0,0.0,0.0,0.0,0.0,0.0,0.0,0.0,0.0,0.0,0.0,0.0,0.0,0.0,0.0,0.0,0.0,0.0,0.0,0.0,0.0,0.0,0.0,0.0,0.0,0.0,0.0,0.0,0.0,0.0,0.0,0.0,0.0,0.0,0.0,0.0,0.0,0.0,0.0,0.0,0.0,0.0,0.0,0.0,0.0,0.0,0.0,0.0,0.0,0.0,0.0,0.0,0.0,0.0,0.0,0
0.0,0.0,0.0,0.0,0.0,0.0,0.0,0.0,0.0,0.0,0.0,0.0,0.0,0.0,0.0,0.0,0.0,0.0,0.0,0.0,0.0,0.0,0.0,0.0,0.0,0.0,0.0,0.0,0.0,0.0,0.0,0.0,0.0,0.0,0.0,0.0,0.0,0.0,0.0,0.0,0.0,0.0,0.0,0.0,0.0,0.0,0.0,0.0,0.0,0.0,0.0,0.0,0.0,0.0,0.0,0.0,0.0,0.0,0.0,0.0,0.0,0.0,0.0,0.0,0.0,0.0,0
0.0,0.0,0.0,0.0,0.0,0.0,0.0,0.0,0.0,0.0,0.0,0.0,0.0,0.0,0.0,0.0,0.0,0.0,0.0,0.0,0.0,0.0,0.0,0.0,0.0,0.0,0.0,0.0,0.0,0.0,0.0,0.0,0.0,0.0,0.0,0.0,0.0,0.0,0.0,0.0,0.0,0.0,0.0,0.0,0.0,0.0,0.0,0.0,0.0,0.0,0.0,0.0,0.0,0.0,0.0,0.0,0.0,0.0,0.0,0.0,0.0,0.0,0.0,0.0,0.0,0.0,0
0.0,0.0,0.0,0.0,0.0,0.0,0.0,0.0,0.0,0.0,0.0,0.0,0.0,0.0,0.0,0.0,0.0,0.0,0.0,0.0,0.0,0.0,0.0,0.0,0.0,0.0,0.0,0.0,0.0,0.0,0.0,0.0,0.0,0.0,0.0,0.0,0.0,0.0,0.0,0.0,0.0,0.0,0.0,0.0,0.0,0.0,0.0,0.0,0.0,0.0,0.0,0.0,0.0,0.0,0.0,0.0,0.0,0.0,0.0,0.0,0.0,0.0,0.0,0.0,0.0,0.0,0
0.0,0.0,0.0,0.0,0.0,0.0,0.0,0.0,0.0,0.0,0.0,0.0,0.0,0.0,0.0,0.0,0.0,0.0,0.0,0.0,0.0,0.0,0.0,0.0,0.0,0.0,0.0,0.0,0.0,0.0,0.0,0.0,0.0,0.0,0.0,0.0,0.0,0.0,0.0,0.0,0.0,0.0,0.0,0.0,0.0,0.0,0.0,0.0,0.0,0.0,0.0,0.0,0.0,0.0,0.0,0.0,0.0,0.0,0.0,0.0,0.0,0.0,0.0,0.0,0.0,0.0,0
0.0,0.0,0.0,0.0,0.0,0.0,0.0,0.0,0.0,0.0,0.0,0.0,0.0,0.0,0.0,0.0,0.0,0.0,0.0,0.0,0.0,0.0,0.0,0.0,0.0,0.0,0.0,0.0,0.0,0.0,0.0,0.0,0.0,0.0,0.0,0.0,0.0,0.0,0.0,0.0,0.0,0.0,0.0,0.0,0.0,0.0,0.0,0.0,0.0,0.0,0.0,0.0,0.0,0.0,0.0,0.0,0.0,0.0,0.0,0.0,0.0,0.0,0.0,0.0,0.0,0.0,0
0.0,0.0,0.0,0.0,0.0,0.0,0.0,0.0,0.0,0.0,0.0,0.0,0.0,0.0,0.0,0.0,0.0,0.0,0.0,0.0,0.0,0.0,0.0,0.0,0.0,0.0,0.0,0.0,0.0,0.0,0.0,0.0,0.0,0.0,0.0,0.0,0.0,0.0,0.0,0.0,0.0,0.0,0.0,0.0,0.0,0.0,0.0,0.0,0.0,0.0,0.0,0.0,0.0,0.0,0.0,0.0,0.0,0.0,0.0,0.0,0.0,0.0,0.0,0.0,0.0,0.0,0
0.0,0.0,0.0,0.0,0.0,0.0,0.0,0.0,0.0,0.0,0.0,0.0,0.0,0.0,0.0,0.0,0.0,0.0,0.0,0.0,0.0,0.0,0.0,0.0,0.0,0.0,0.0,0.0,0.0,0.0,0.0,0.0,0.0,0.0,0.0,0.0,0.0,0.0,0.0,0.0,0.0,0.0,0.0,0.0,0.0,0.0,0.0,0.0,0.0,0.0,0.0,0.0,0.0,0.0,0.0,0.0,0.0,0.0,0.0,0.0,0.0,0.0,0.0,0.0,0.0,0.0,0
0.0,0.0,0.0,0.0,0.0,0.0,0.0,0.0,0.0,0.0,0.0,0.0,0.0,0.0,0.0,0.0,0.0,0.0,0.0,0.0,0.0,0.0,0.0,0.0,0.0,0.0,0.0,0.0,0.0,0.0,0.0,0.0,0.0,0.0,0.0,0.0,0.0,0.0,0.0,0.0,0.0,0.0,0.0,0.0,0.0,0.0,0.0,0.0,0.0,0.0,0.0,0.0,0.0,0.0,0.0,0.0,0.0,0.0,0.0,0.0,0.0,0.0,0.0,0.0,0.0,0.0,0
0.0,0.0,0.0,0.0,0.0,0.0,0.0,0.0,0.0,0.0,0.0,0.0,0.0,0.0,0.0,0.0,0.0,0.0,0.0,0.0,0.0,0.0,0.0,0.0,0.0,0.0,0.0,0.0,0.0,0.0,0.0,0.0,0.0,0.0,0.0,0.0,0.0,0.0,0.0,0.0,0.0,0.0,0.0,0.0,0.0,0.0,0.0,0.0,0.0,0.0,0.0,0.0,0.0,0.0,0.0,0.0,0.0,0.0,0.0,0.0,0.0,0.0,0.0,0.0,0.0,0.0,0
0.0,0.0,0.0,0.0,0.0,0.0,0.0,0.0,0.0,0.0,0.0,0.0,0.0,0.0,0.0,0.0,0.0,0.0,0.0,0.0,0.0,0.0,0.0,0.0,0.0,0.0,0.0,0.0,0.0,0.0,0.0,0.0,0.0,0.0,0.0,0.0,0.0,0.0,0.0,0.0,0.0,0.0,0.0,0.0,0.0,0.0,0.0,0.0,0.0,0.0,0.0,0.0,0.0,0.0,0.0,0.0,0.0,0.0,0.0,0.0,0.0,0.0,0.0,0.0,0.0,0.0,0
0.0,0.0,0.0,0.0,0.0,0.0,0.0,0.0,0.0,0.0,0.0,0.0,0.0,0.0,0.0,0.0,0.0,0.0,0.0,0.0,0.0,0.0,0.0,0.0,0.0,0.0,0.0,0.0,0.0,0.0,0.0,0.0,0.0,0.0,0.0,0.0,0.0,0.0,0.0,0.0,0.0,0.0,0.0,0.0,0.0,0.0,0.0,0.0,0.0,0.0,0.0,0.0,0.0,0.0,0.0,0.0,0.0,0.0,0.0,0.0,0.0,0.0,0.0,0.0,0.0,0.0,0
0.0,0.0,0.0,0.0,0.0,0.0,0.0,0.0,0.0,0.0,0.0,0.0,0.0,0.0,0.0,0.0,0.0,0.0,0.0,0.0,0.0,0.0,0.0,0.0,0.0,0.0,0.0,0.0,0.0,0.0,0.0,0.0,0.0,0.0,0.0,0.0,0.0,0.0,0.0,0.0,0.0,0.0,0.0,0.0,0.0,0.0,0.0,0.0,0.0,0.0,0.0,0.0,0.0,0.0,0.0,0.0,0.0,0.0,0.0,0.0,0.0,0.0,0.0,0.0,0.0,0.0,0
0.0,0.0,0.0,0.0,0.0,0.0,0.0,0.0,0.0,0.0,0.0,0.0,0.0,0.0,0.0,0.0,0.0,0.0,0.0,0.0,0.0,0.0,0.0,0.0,0.0,0.0,0.0,0.0,0.0,0.0,0.0,0.0,0.0,0.0,0.0,0.0,0.0,0.0,0.0,0.0,0.0,0.0,0.0,0.0,0.0,0.0,0.0,0.0,0.0,0.0,0.0,0.0,0.0,0.0,0.0,0.0,0.0,0.0,0.0,0.0,0.0,0.0,0.0,0.0,0.0,0.0,0
0.0,0.0,0.0,0.0,0.0,0.0,0.0,0.0,0.0,0.0,0.0,0.0,0.0,0.0,0.0,0.0,0.0,0.0,0.0,0.0,0.0,0.0,0.0,0.0,0.0,0.0,0.0,0.0,0.0,0.0,0.0,0.0,0.0,0.0,0.0,0.0,0.0,0.0,0.0,0.0,0.0,0.0,0.0,0.0,0.0,0.0,0.0,0.0,0.0,0.0,0.0,0.0,0.0,0.0,0.0,0.0,0.0,0.0,0.0,0.0,0.0,0.0,0.0,0.0,0.0,0.0,0
0.0,0.0,0.0,0.0,0.0,0.0,0.0,0.0,0.0,0.0,0.0,0.0,0.0,0.0,0.0,0.0,0.0,0.0,0.0,0.0,0.0,0.0,0.0,0.0,0.0,0.0,0.0,0.0,0.0,0.0,0.0,0.0,0.0,0.0,0.0,0.0,0.0,0.0,0.0,0.0,0.0,0.0,0.0,0.0,0.0,0.0,0.0,0.0,0.0,0.0,0.0,0.0,0.0,0.0,0.0,0.0,0.0,0.0,0.0,0.0,0.0,0.0,0.0,0.0,0.0,0.0,0
0.0,0.0,0.0,0.0,0.0,0.0,0.0,0.0,0.0,0.0,0.0,0.0,0.0,0.0,0.0,0.0,0.0,0.0,0.0,0.0,0.0,0.0,0.0,0.0,0.0,0.0,0.0,0.0,0.0,0.0,0.0,0.0,0.0,0.0,0.0,0.0,0.0,0.0,0.0,0.0,0.0,0.0,0.0,0.0,0.0,0.0,0.0,0.0,0.0,0.0,0.0,0.0,0.0,0.0,0.0,0.0,0.0,0.0,0.0,0.0,0.0,0.0,0.0,0.0,0.0,0.0,0
0.0,0.0,0.0,0.0,0.0,0.0,0.0,0.0,0.0,0.0,0.0,0.0,0.0,0.0,0.0,0.0,0.0,0.0,0.0,0.0,0.0,0.0,0.0,0.0,0.0,0.0,0.0,0.0,0.0,0.0,0.0,0.0,0.0,0.0,0.0,0.0,0.0,0.0,0.0,0.0,0.0,0.0,0.0,0.0,0.0,0.0,0.0,0.0,0.0,0.0,0.0,0.0,0.0,0.0,0.0,0.0,0.0,0.0,0.0,0.0,0.0,0.0,0.0,0.0,0.0,0.0,0
0.6276228427886963,0.30565112829208374,0.6278945207595825,0.2957162857055664,0.628770112991333,0.2958543300628662,0.6296044588088989,0.2960100769996643,0.6246247887611389,0.2955988049507141,0.6232337951660156,0.2956400513648987,0.6210513710975647,0.29569870233535767,0.6283427476882935,0.3013654351234436,0.6163235306739807,0.3009592890739441,0.629133939743042,0.31548744440078735,0.6249236464500427,0.31580865383148193,0.6359871625900269,0.35476216673851013,0.60317063331604,0.3593539893627167,0.6438940763473511,0.4123435914516449,0.5988615155220032,0.4508485794067383,0.6339340806007385,0.42024827003479004,0.6061530709266663,0.49347206950187683,0.6315212249755859,0.42676129937171936,0.6064102053642273,0.5090456008911133,0.6315250992774963,0.41942304372787476,0.6090186238288879,0.5020103454589844,0.6318451166152954,0.41854214668273926,0.6095868349075317,0.4966208040714264,0.6478126049041748,0.5154699087142944,0.62842857837677,0.5296187996864319,0.6571852564811707,0.6191068291664124,0.634341835975647,0.6446539759635925,0.6654289960861206,0.7012628316879272,0.6421495079994202,0.7178805470466614,0.6638670563697815,0.7132233381271362,0.6431186199188232,0.7250998020172119,0.6754629015922546,0.7312920093536377,0.6487635970115662,0.75628662109375,0
0.6304395198822021,0.301878958940506,0.6310361623764038,0.2923052906990051,0.6317288279533386,0.29228371381759644,0.6323511004447937,0.29227253794670105,0.6280427575111389,0.29209795594215393,0.6266940832138062,0.2918539047241211,0.6250613927841187,0.29096242785453796,0.6303896307945251,0.29590755701065063,0.6207199692726135,0.29574400186538696,0.6315350532531738,0.31162601709365845,0.6271815896034241,0.31137800216674805,0.6301976442337036,0.3423410654067993,0.6068447232246399,0.34560075402259827,0.6299019455909729,0.4061952233314514,0.6074955463409424,0.41644614934921265,0.623973548412323,0.4332731366157532,0.6189488172531128,0.4455643892288208,0.6234428882598877,0.4448433816432953,0.6205130815505981,0.4586954712867737,0.6234148740768433,0.43923550844192505,0.6237729787826538,0.45075327157974243,0.6233353614807129,0.43523475527763367,0.6234830021858215,0.4462859630584717,0.6531072854995728,0.4965082108974457,0.640332818031311,0.5094039440155029,0.653092086315155,0.6030992269515991,0.6440494060516357,0.6303443312644958,0.6637372374534607,0.6792099475860596,0.6609840393066406,0.6929101943969727,0.6637111306190491,0.6892462968826294,0.6629661917686462,0.6977506279945374,0.671593427658081,0.7102916836738586,0.6680037975311279,0.7270129323005676,0
0.0,0.0,0.0,0.0,0.0,0.0,0.0,0.0,0.0,0.0,0.0,0.0,0.0,0.0,0.0,0.0,0.0,0.0,0.0,0.0,0.0,0.0,0.0,0.0,0.0,0.0,0.0,0.0,0.0,0.0,0.0,0.0,0.0,0.0,0.0,0.0,0.0,0.0,0.0,0.0,0.0,0.0,0.0,0.0,0.0,0.0,0.0,0.0,0.0,0.0,0.0,0.0,0.0,0.0,0.0,0.0,0.0,0.0,0.0,0.0,0.0,0.0,0.0,0.0,0.0,0.0,0
0.0,0.0,0.0,0.0,0.0,0.0,0.0,0.0,0.0,0.0,0.0,0.0,0.0,0.0,0.0,0.0,0.0,0.0,0.0,0.0,0.0,0.0,0.0,0.0,0.0,0.0,0.0,0.0,0.0,0.0,0.0,0.0,0.0,0.0,0.0,0.0,0.0,0.0,0.0,0.0,0.0,0.0,0.0,0.0,0.0,0.0,0.0,0.0,0.0,0.0,0.0,0.0,0.0,0.0,0.0,0.0,0.0,0.0,0.0,0.0,0.0,0.0,0.0,0.0,0.0,0.0,0
0.0,0.0,0.0,0.0,0.0,0.0,0.0,0.0,0.0,0.0,0.0,0.0,0.0,0.0,0.0,0.0,0.0,0.0,0.0,0.0,0.0,0.0,0.0,0.0,0.0,0.0,0.0,0.0,0.0,0.0,0.0,0.0,0.0,0.0,0.0,0.0,0.0,0.0,0.0,0.0,0.0,0.0,0.0,0.0,0.0,0.0,0.0,0.0,0.0,0.0,0.0,0.0,0.0,0.0,0.0,0.0,0.0,0.0,0.0,0.0,0.0,0.0,0.0,0.0,0.0,0.0,0
0.0,0.0,0.0,0.0,0.0,0.0,0.0,0.0,0.0,0.0,0.0,0.0,0.0,0.0,0.0,0.0,0.0,0.0,0.0,0.0,0.0,0.0,0.0,0.0,0.0,0.0,0.0,0.0,0.0,0.0,0.0,0.0,0.0,0.0,0.0,0.0,0.0,0.0,0.0,0.0,0.0,0.0,0.0,0.0,0.0,0.0,0.0,0.0,0.0,0.0,0.0,0.0,0.0,0.0,0.0,0.0,0.0,0.0,0.0,0.0,0.0,0.0,0.0,0.0,0.0,0.0,0
0.0,0.0,0.0,0.0,0.0,0.0,0.0,0.0,0.0,0.0,0.0,0.0,0.0,0.0,0.0,0.0,0.0,0.0,0.0,0.0,0.0,0.0,0.0,0.0,0.0,0.0,0.0,0.0,0.0,0.0,0.0,0.0,0.0,0.0,0.0,0.0,0.0,0.0,0.0,0.0,0.0,0.0,0.0,0.0,0.0,0.0,0.0,0.0,0.0,0.0,0.0,0.0,0.0,0.0,0.0,0.0,0.0,0.0,0.0,0.0,0.0,0.0,0.0,0.0,0.0,0.0,0
0.0,0.0,0.0,0.0,0.0,0.0,0.0,0.0,0.0,0.0,0.0,0.0,0.0,0.0,0.0,0.0,0.0,0.0,0.0,0.0,0.0,0.0,0.0,0.0,0.0,0.0,0.0,0.0,0.0,0.0,0.0,0.0,0.0,0.0,0.0,0.0,0.0,0.0,0.0,0.0,0.0,0.0,0.0,0.0,0.0,0.0,0.0,0.0,0.0,0.0,0.0,0.0,0.0,0.0,0.0,0.0,0.0,0.0,0.0,0.0,0.0,0.0,0.0,0.0,0.0,0.0,0
0.0,0.0,0.0,0.0,0.0,0.0,0.0,0.0,0.0,0.0,0.0,0.0,0.0,0.0,0.0,0.0,0.0,0.0,0.0,0.0,0.0,0.0,0.0,0.0,0.0,0.0,0.0,0.0,0.0,0.0,0.0,0.0,0.0,0.0,0.0,0.0,0.0,0.0,0.0,0.0,0.0,0.0,0.0,0.0,0.0,0.0,0.0,0.0,0.0,0.0,0.0,0.0,0.0,0.0,0.0,0.0,0.0,0.0,0.0,0.0,0.0,0.0,0.0,0.0,0.0,0.0,0
0.0,0.0,0.0,0.0,0.0,0.0,0.0,0.0,0.0,0.0,0.0,0.0,0.0,0.0,0.0,0.0,0.0,0.0,0.0,0.0,0.0,0.0,0.0,0.0,0.0,0.0,0.0,0.0,0.0,0.0,0.0,0.0,0.0,0.0,0.0,0.0,0.0,0.0,0.0,0.0,0.0,0.0,0.0,0.0,0.0,0.0,0.0,0.0,0.0,0.0,0.0,0.0,0.0,0.0,0.0,0.0,0.0,0.0,0.0,0.0,0.0,0.0,0.0,0.0,0.0,0.0,0
0.0,0.0,0.0,0.0,0.0,0.0,0.0,0.0,0.0,0.0,0.0,0.0,0.0,0.0,0.0,0.0,0.0,0.0,0.0,0.0,0.0,0.0,0.0,0.0,0.0,0.0,0.0,0.0,0.0,0.0,0.0,0.0,0.0,0.0,0.0,0.0,0.0,0.0,0.0,0.0,0.0,0.0,0.0,0.0,0.0,0.0,0.0,0.0,0.0,0.0,0.0,0.0,0.0,0.0,0.0,0.0,0.0,0.0,0.0,0.0,0.0,0.0,0.0,0.0,0.0,0.0,0
0.6347112059593201,0.2891840636730194,0.6368182301521301,0.27869343757629395,0.6386122107505798,0.2784639000892639,0.6401077508926392,0.27838054299354553,0.6318641304969788,0.2796980142593384,0.6305110454559326,0.2800661623477936,0.6293541789054871,0.2804247736930847,0.6419538855552673,0.2816064953804016,0.6278133392333984,0.28452688455581665,0.6386122703552246,0.29995954036712646,0.6327104568481445,0.30162516236305237,0.6557530760765076,0.34252190589904785,0.6200436353683472,0.35098347067832947,0.6652937531471252,0.41216444969177246,0.6168819665908813,0.4334324300289154,0.6716744899749756,0.4670422673225403,0.6101000905036926,0.486594021320343,0.6754404902458191,0.48451173305511475,0.6078466176986694,0.506460964679718,0.67237788438797,0.4862828850746155,0.6089222431182861,0.5058115124702454,0.6696908473968506,0.48006147146224976,0.6106974482536316,0.4966348707675934,0.6582685708999634,0.47140035033226013,0.6395164728164673,0.4842798113822937,0.6719724535942078,0.5615468621253967,0.6435943245887756,0.5740533471107483,0.667229950428009,0.6699439287185669,0.6403413414955139,0.6365846395492554,0.6641057729721069,0.6856157779693604,0.6400430202484131,0.6426157355308533,0.6729063391685486,0.7060953378677368,0.6413498520851135,0.6712189316749573,0
0.6335425972938538,0.28425851464271545,0.6358510255813599,0.27422529458999634,0.6375201940536499,0.2741208076477051,0.6391802430152893,0.2747631072998047,0.6312401294708252,0.275685578584671,0.6300694346427917,0.2759922444820404,0.6287965774536133,0.27652013301849365,0.6412911415100098,0.2816615700721741,0.6277564764022827,0.2807764410972595,0.6369467973709106,0.2954878807067871,0.6315755248069763,0.29547399282455444,0.6533048748970032,0.33351844549179077,0.6225193738937378,0.3492581844329834,0.665621280670166,0.402817964553833,0.6253491044044495,0.4272368252277374,0.6678322553634644,0.4443482458591461,0.62298583984375,0.47137558460235596,0.6703958511352539,0.45898720622062683,0.621685266494751,0.4881540536880493,0.6679768562316895,0.4571884870529175,0.6222828030586243,0.48529699444770813,0.6661416292190552,0.4529706835746765,0.6235169768333435,0.47893857955932617,0.6639512777328491,0.45887017250061035,0.6487190127372742,0.47151660919189453,0.6679016351699829,0.5690388083457947,0.6561841368675232,0.5704287886619568,0.6694202423095703,0.6613717675209045,0.661620557308197,0.6558142304420471,0.6693508625030518,0.6738644242286682,0.6636093854904175,0.6698741316795349,0.6694148778915405,0.6967360377311707,0.6594781875610352,0.6822697520256042,0
0.6346798539161682,0.2872915267944336,0.6366886496543884,0.2747424244880676,0.6382477283477783,0.2743285596370697,0.639668881893158,0.27402395009994507,0.6317696571350098,0.27644211053848267,0.6301944255828857,0.27714863419532776,0.6289089918136597,0.2779483199119568,0.641749382019043,0.278944194316864,0.6272965669631958,0.28389808535575867,0.6381856203079224,0.29665297269821167,0.632249653339386,0.297079861164093,0.6566166877746582,0.346908301115036,0.6152305006980896,0.3475375473499298,0.6678686738014221,0.4233272075653076,0.6076586842536926,0.43050840497016907,0.6706949472427368,0.47222569584846497,0.6058945059776306,0.4832845628261566,0.673638105392456,0.49513959884643555,0.6049067974090576,0.5058457851409912,0.6718169450759888,0.48869788646698,0.608267068862915,0.5049954056739807,0.6694549918174744,0.48115432262420654,0.6090649366378784,0.4953373968601227,0.649113655090332,0.4937569200992584,0.6257391571998596,0.4992143511772156,0.6570765972137451,0.6044938564300537,0.6263510584831238,0.6083853244781494,0.6579049825668335,0.7009978294372559,0.6285017132759094,0.7033821940422058,0.6559757590293884,0.7154347896575928,0.6299480199813843,0.7158933281898499,0.6623001098632812,0.7361966967582703,0.6291454434394836,0.7414400577545166,0
0.6341562867164612,0.2851635217666626,0.6360691785812378,0.27323704957962036,0.6376252174377441,0.2728714048862457,0.6390944719314575,0.2725345492362976,0.6313269138336182,0.2746509909629822,0.6297146677970886,0.27528613805770874,0.6283177733421326,0.2760019302368164,0.6414443850517273,0.27733293175697327,0.6267520785331726,0.281861811876297,0.6375501751899719,0.29422616958618164,0.6317802667617798,0.2949081063270569,0.6565690636634827,0.343692421913147,0.6154780387878418,0.34812554717063904,0.667537271976471,0.4167751371860504,0.6087925434112549,0.43092578649520874,0.673611581325531,0.4760189354419708,0.607207715511322,0.48439493775367737,0.6761446595191956,0.49474823474884033,0.6048340797424316,0.5065335035324097,0.6729735136032104,0.4942551851272583,0.6079748272895813,0.5022069811820984,0.670911431312561,0.4874736964702606,0.6102094054222107,0.4955490231513977,0.6521826982498169,0.4849723279476166,0.6288520693778992,0.49280643463134766,0.6677563190460205,0.5772995352745056,0.6331071853637695,0.5939152240753174,0.6643116474151611,0.6899654865264893,0.6285606026649475,0.6713531613349915,0.6606146097183228,0.707802414894104,0.6284598708152771,0.6804842948913574,0.6716649532318115,0.7254626750946045,0.6294974684715271,0.7089216709136963,0
0.0,0.0,0.0,0.0,0.0,0.0,0.0,0.0,0.0,0.0,0.0,0.0,0.0,0.0,0.0,0.0,0.0,0.0,0.0,0.0,0.0,0.0,0.0,0.0,0.0,0.0,0.0,0.0,0.0,0.0,0.0,0.0,0.0,0.0,0.0,0.0,0.0,0.0,0.0,0.0,0.0,0.0,0.0,0.0,0.0,0.0,0.0,0.0,0.0,0.0,0.0,0.0,0.0,0.0,0.0,0.0,0.0,0.0,0.0,0.0,0.0,0.0,0.0,0.0,0.0,0.0,0
0.0,0.0,0.0,0.0,0.0,0.0,0.0,0.0,0.0,0.0,0.0,0.0,0.0,0.0,0.0,0.0,0.0,0.0,0.0,0.0,0.0,0.0,0.0,0.0,0.0,0.0,0.0,0.0,0.0,0.0,0.0,0.0,0.0,0.0,0.0,0.0,0.0,0.0,0.0,0.0,0.0,0.0,0.0,0.0,0.0,0.0,0.0,0.0,0.0,0.0,0.0,0.0,0.0,0.0,0.0,0.0,0.0,0.0,0.0,0.0,0.0,0.0,0.0,0.0,0.0,0.0,0
0.0,0.0,0.0,0.0,0.0,0.0,0.0,0.0,0.0,0.0,0.0,0.0,0.0,0.0,0.0,0.0,0.0,0.0,0.0,0.0,0.0,0.0,0.0,0.0,0.0,0.0,0.0,0.0,0.0,0.0,0.0,0.0,0.0,0.0,0.0,0.0,0.0,0.0,0.0,0.0,0.0,0.0,0.0,0.0,0.0,0.0,0.0,0.0,0.0,0.0,0.0,0.0,0.0,0.0,0.0,0.0,0.0,0.0,0.0,0.0,0.0,0.0,0.0,0.0,0.0,0.0,0
0.0,0.0,0.0,0.0,0.0,0.0,0.0,0.0,0.0,0.0,0.0,0.0,0.0,0.0,0.0,0.0,0.0,0.0,0.0,0.0,0.0,0.0,0.0,0.0,0.0,0.0,0.0,0.0,0.0,0.0,0.0,0.0,0.0,0.0,0.0,0.0,0.0,0.0,0.0,0.0,0.0,0.0,0.0,0.0,0.0,0.0,0.0,0.0,0.0,0.0,0.0,0.0,0.0,0.0,0.0,0.0,0.0,0.0,0.0,0.0,0.0,0.0,0.0,0.0,0.0,0.0,0
0.0,0.0,0.0,0.0,0.0,0.0,0.0,0.0,0.0,0.0,0.0,0.0,0.0,0.0,0.0,0.0,0.0,0.0,0.0,0.0,0.0,0.0,0.0,0.0,0.0,0.0,0.0,0.0,0.0,0.0,0.0,0.0,0.0,0.0,0.0,0.0,0.0,0.0,0.0,0.0,0.0,0.0,0.0,0.0,0.0,0.0,0.0,0.0,0.0,0.0,0.0,0.0,0.0,0.0,0.0,0.0,0.0,0.0,0.0,0.0,0.0,0.0,0.0,0.0,0.0,0.0,0
0.6314296722412109,0.2751622796058655,0.6336390972137451,0.26545000076293945,0.6356214284896851,0.26487576961517334,0.6373828649520874,0.2641158103942871,0.628355860710144,0.2664906978607178,0.6265240907669067,0.26663029193878174,0.6249151825904846,0.26664453744888306,0.6397823691368103,0.26705023646354675,0.6226286888122559,0.27004769444465637,0.6353006362915039,0.28478774428367615,0.6291301846504211,0.28742051124572754,0.6528751254081726,0.33313077688217163,0.6142237186431885,0.33565860986709595,0.6628468632698059,0.41167977452278137,0.6132484078407288,0.4200502336025238,0.6595756411552429,0.4694230854511261,0.6170263290405273,0.47531530261039734,0.6604412198066711,0.49014177918434143,0.6170207262039185,0.49838513135910034,0.6586775779724121,0.4879472851753235,0.6192288994789124,0.4914286136627197,0.6551322937011719,0.48070377111434937,0.6209551692008972,0.4843991696834564,0.6471244692802429,0.4555259943008423,0.6248387098312378,0.45266684889793396,0.6483278274536133,0.5233429074287415,0.6169889569282532,0.5185233950614929,0.6392554640769958,0.6034164428710938,0.6198528409004211,0.6103287935256958,0.6371391415596008,0.6133058667182922,0.6219313144683838,0.6225131154060364,0.635886013507843,0.6425725817680359,0.6169090270996094,0.6509734988212585,0
0.0,0.0,0.0,0.0,0.0,0.0,0.0,0.0,0.0,0.0,0.0,0.0,0.0,0.0,0.0,0.0,0.0,0.0,0.0,0.0,0.0,0.0,0.0,0.0,0.0,0.0,0.0,0.0,0.0,0.0,0.0,0.0,0.0,0.0,0.0,0.0,0.0,0.0,0.0,0.0,0.0,0.0,0.0,0.0,0.0,0.0,0.0,0.0,0.0,0.0,0.0,0.0,0.0,0.0,0.0,0.0,0.0,0.0,0.0,0.0,0.0,0.0,0.0,0.0,0.0,0.0,0
0.0,0.0,0.0,0.0,0.0,0.0,0.0,0.0,0.0,0.0,0.0,0.0,0.0,0.0,0.0,0.0,0.0,0.0,0.0,0.0,0.0,0.0,0.0,0.0,0.0,0.0,0.0,0.0,0.0,0.0,0.0,0.0,0.0,0.0,0.0,0.0,0.0,0.0,0.0,0.0,0.0,0.0,0.0,0.0,0.0,0.0,0.0,0.0,0.0,0.0,0.0,0.0,0.0,0.0,0.0,0.0,0.0,0.0,0.0,0.0,0.0,0.0,0.0,0.0,0.0,0.0,0
0.0,0.0,0.0,0.0,0.0,0.0,0.0,0.0,0.0,0.0,0.0,0.0,0.0,0.0,0.0,0.0,0.0,0.0,0.0,0.0,0.0,0.0,0.0,0.0,0.0,0.0,0.0,0.0,0.0,0.0,0.0,0.0,0.0,0.0,0.0,0.0,0.0,0.0,0.0,0.0,0.0,0.0,0.0,0.0,0.0,0.0,0.0,0.0,0.0,0.0,0.0,0.0,0.0,0.0,0.0,0.0,0.0,0.0,0.0,0.0,0.0,0.0,0.0,0.0,0.0,0.0,0
0.0,0.0,0.0,0.0,0.0,0.0,0.0,0.0,0.0,0.0,0.0,0.0,0.0,0.0,0.0,0.0,0.0,0.0,0.0,0.0,0.0,0.0,0.0,0.0,0.0,0.0,0.0,0.0,0.0,0.0,0.0,0.0,0.0,0.0,0.0,0.0,0.0,0.0,0.0,0.0,0.0,0.0,0.0,0.0,0.0,0.0,0.0,0.0,0.0,0.0,0.0,0.0,0.0,0.0,0.0,0.0,0.0,0.0,0.0,0.0,0.0,0.0,0.0,0.0,0.0,0.0,0
0.0,0.0,0.0,0.0,0.0,0.0,0.0,0.0,0.0,0.0,0.0,0.0,0.0,0.0,0.0,0.0,0.0,0.0,0.0,0.0,0.0,0.0,0.0,0.0,0.0,0.0,0.0,0.0,0.0,0.0,0.0,0.0,0.0,0.0,0.0,0.0,0.0,0.0,0.0,0.0,0.0,0.0,0.0,0.0,0.0,0.0,0.0,0.0,0.0,0.0,0.0,0.0,0.0,0.0,0.0,0.0,0.0,0.0,0.0,0.0,0.0,0.0,0.0,0.0,0.0,0.0,0
0.0,0.0,0.0,0.0,0.0,0.0,0.0,0.0,0.0,0.0,0.0,0.0,0.0,0.0,0.0,0.0,0.0,0.0,0.0,0.0,0.0,0.0,0.0,0.0,0.0,0.0,0.0,0.0,0.0,0.0,0.0,0.0,0.0,0.0,0.0,0.0,0.0,0.0,0.0,0.0,0.0,0.0,0.0,0.0,0.0,0.0,0.0,0.0,0.0,0.0,0.0,0.0,0.0,0.0,0.0,0.0,0.0,0.0,0.0,0.0,0.0,0.0,0.0,0.0,0.0,0.0,0
0.6287618279457092,0.24786749482154846,0.6306500434875488,0.23590224981307983,0.6322603225708008,0.23582687973976135,0.6337472796440125,0.2357245683670044,0.625775158405304,0.23527932167053223,0.6241410374641418,0.23484018445014954,0.6225813031196594,0.2344563901424408,0.6350516676902771,0.23936349153518677,0.6202454566955566,0.23796012997627258,0.6315012574195862,0.26056990027427673,0.6256272792816162,0.25958114862442017,0.6494866609573364,0.3169078528881073,0.6029105186462402,0.3031004071235657,0.6558972001075745,0.41664719581604004,0.5937005877494812,0.3885338306427002,0.6590337753295898,0.4800078868865967,0.591742992401123,0.46721264719963074,0.662439227104187,0.5023251175880432,0.5896917581558228,0.49510666728019714,0.6588633060455322,0.49908095598220825,0.5940456986427307,0.4938686192035675,0.657809853553772,0.4864879548549652,0.595159113407135,0.48321986198425293,0.6399292945861816,0.5021374225616455,0.6106608510017395,0.4992370307445526,0.6403661370277405,0.6537762880325317,0.6129217743873596,0.6540054678916931,0.6398292779922485,0.7650119662284851,0.6107993125915527,0.7757986783981323,0.6368775367736816,0.7801700234413147,0.6105702519416809,0.7908343076705933,0.645849883556366,0.8104426860809326,0.6142131686210632,0.8251149654388428,0
0.0,0.0,0.0,0.0,0.0,0.0,0.0,0.0,0.0,0.0,0.0,0.0,0.0,0.0,0.0,0.0,0.0,0.0,0.0,0.0,0.0,0.0,0.0,0.0,0.0,0.0,0.0,0.0,0.0,0.0,0.0,0.0,0.0,0.0,0.0,0.0,0.0,0.0,0.0,0.0,0.0,0.0,0.0,0.0,0.0,0.0,0.0,0.0,0.0,0.0,0.0,0.0,0.0,0.0,0.0,0.0,0.0,0.0,0.0,0.0,0.0,0.0,0.0,0.0,0.0,0.0,0
0.0,0.0,0.0,0.0,0.0,0.0,0.0,0.0,0.0,0.0,0.0,0.0,0.0,0.0,0.0,0.0,0.0,0.0,0.0,0.0,0.0,0.0,0.0,0.0,0.0,0.0,0.0,0.0,0.0,0.0,0.0,0.0,0.0,0.0,0.0,0.0,0.0,0.0,0.0,0.0,0.0,0.0,0.0,0.0,0.0,0.0,0.0,0.0,0.0,0.0,0.0,0.0,0.0,0.0,0.0,0.0,0.0,0.0,0.0,0.0,0.0,0.0,0.0,0.0,0.0,0.0,0
0.11346612870693207,0.17913737893104553,0.1113419234752655,0.17332854866981506,0.11062567681074142,0.17357560992240906,0.10987965762615204,0.17386981844902039,0.11474493145942688,0.17331522703170776,0.11548097431659698,0.17353668808937073,0.11762067675590515,0.1733199656009674,0.10536843538284302,0.18227452039718628,0.11865110695362091,0.18178164958953857,0.11258139461278915,0.19282779097557068,0.11504456400871277,0.19341933727264404,0.0838419497013092,0.24217689037322998,0.14694710075855255,0.23896780610084534,0.07051960378885269,0.357776403427124,0.1461111605167389,0.3716869354248047,0.0846041813492775,0.42015790939331055,0.13854166865348816,0.43424639105796814,0.08433995395898819,0.43487465381622314,0.13815636932849884,0.45186495780944824,0.08774489909410477,0.43251004815101624,0.13549700379371643,0.4483667016029358,0.08963314443826675,0.42917007207870483,0.1339251846075058,0.4445527195930481,0.10330572724342346,0.4676475524902344,0.13558435440063477,0.4630684554576874,0.10120777040719986,0.6335819363594055,0.12917329370975494,0.613267719745636,0.1067904382944107,0.7849066257476807,0.12193956226110458,0.7975309491157532,0.1077117919921875,0.8129454851150513,0.11702506989240646,0.827605128288269,0.10855476558208466,0.8078478574752808,0.12926504015922546,0.8281479477882385,0
0.0,0.0,0.0,0.0,0.0,0.0,0.0,0.0,0.0,0.0,0.0,0.0,0.0,0.0,0.0,0.0,0.0,0.0,0.0,0.0,0.0,0.0,0.0,0.0,0.0,0.0,0.0,0.0,0.0,0.0,0.0,0.0,0.0,0.0,0.0,0.0,0.0,0.0,0.0,0.0,0.0,0.0,0.0,0.0,0.0,0.0,0.0,0.0,0.0,0.0,0.0,0.0,0.0,0.0,0.0,0.0,0.0,0.0,0.0,0.0,0.0,0.0,0.0,0.0,0.0,0.0,0
0.0,0.0,0.0,0.0,0.0,0.0,0.0,0.0,0.0,0.0,0.0,0.0,0.0,0.0,0.0,0.0,0.0,0.0,0.0,0.0,0.0,0.0,0.0,0.0,0.0,0.0,0.0,0.0,0.0,0.0,0.0,0.0,0.0,0.0,0.0,0.0,0.0,0.0,0.0,0.0,0.0,0.0,0.0,0.0,0.0,0.0,0.0,0.0,0.0,0.0,0.0,0.0,0.0,0.0,0.0,0.0,0.0,0.0,0.0,0.0,0.0,0.0,0.0,0.0,0.0,0.0,0
0.0,0.0,0.0,0.0,0.0,0.0,0.0,0.0,0.0,0.0,0.0,0.0,0.0,0.0,0.0,0.0,0.0,0.0,0.0,0.0,0.0,0.0,0.0,0.0,0.0,0.0,0.0,0.0,0.0,0.0,0.0,0.0,0.0,0.0,0.0,0.0,0.0,0.0,0.0,0.0,0.0,0.0,0.0,0.0,0.0,0.0,0.0,0.0,0.0,0.0,0.0,0.0,0.0,0.0,0.0,0.0,0.0,0.0,0.0,0.0,0.0,0.0,0.0,0.0,0.0,0.0,0
0.6303985714912415,0.23124414682388306,0.6328277587890625,0.21879327297210693,0.6345728039741516,0.21913453936576843,0.6363185048103333,0.21964457631111145,0.6270996332168579,0.2171618640422821,0.625169575214386,0.21647357940673828,0.6231774091720581,0.21590733528137207,0.6373246908187866,0.22478345036506653,0.6201567053794861,0.2204352617263794,0.633034884929657,0.24662473797798157,0.6262390613555908,0.24542945623397827,0.6507404446601868,0.31128546595573425,0.6000666618347168,0.291560560464859,0.6551153063774109,0.4083516001701355,0.5848759412765503,0.38494348526000977,0.6591496467590332,0.48445242643356323,0.5849858522415161,0.47066473960876465,0.6608854532241821,0.5046103596687317,0.5836890935897827,0.4985600411891937,0.6589468717575073,0.5003478527069092,0.5889482498168945,0.49146759510040283,0.6564520597457886,0.4883587658405304,0.5897834897041321,0.4845550060272217,0.641725480556488,0.508588433265686,0.6099129319190979,0.5088911652565002,0.6409461498260498,0.6653215289115906,0.6118470430374146,0.6766611337661743,0.6407573819160461,0.8140854835510254,0.6108042597770691,0.8166040778160095,0.6375360488891602,0.8319051265716553,0.6110377907752991,0.8333429098129272,0.6466629505157471,0.8652291297912598,0.6146471500396729,0.8718961477279663,0
0.11633140593767166,0.17936334013938904,0.11577614396810532,0.16727200150489807,0.11493926495313644,0.16723525524139404,0.11298737674951553,0.16745376586914062,0.1185823306441307,0.16624870896339417,0.11950302124023438,0.16566118597984314,0.12052442133426666,0.16510143876075745,0.11121328920125961,0.17475992441177368,0.12173224240541458,0.17171061038970947,0.11465846747159958,0.1913018524646759,0.11861032992601395,0.19008201360702515,0.08476211875677109,0.23966309428215027,0.14223505556583405,0.25223100185394287,0.0691671296954155,0.36438482999801636,0.14945265650749207,0.3902374804019928,0.08968603610992432,0.42788904905319214,0.14291848242282867,0.47034507989883423,0.09118720144033432,0.4418568015098572,0.1432180106639862,0.49324506521224976,0.09546075761318207,0.4397664964199066,0.14024618268013,0.4886658787727356,0.09666597843170166,0.43654415011405945,0.138318732380867,0.4829346537590027,0.10762244462966919,0.4729543626308441,0.14341910183429718,0.46974027156829834,0.11285725235939026,0.6357341408729553,0.14538680016994476,0.6420688033103943,0.11587811261415482,0.8065543174743652,0.13828504085540771,0.8186924457550049,0.12243609875440598,0.8361459970474243,0.13199691474437714,0.851865291595459,0.12249515950679779,0.820569634437561,0.14554806053638458,0.8396562933921814,0
0.0,0.0,0.0,0.0,0.0,0.0,0.0,0.0,0.0,0.0,0.0,0.0,0.0,0.0,0.0,0.0,0.0,0.0,0.0,0.0,0.0,0.0,0.0,0.0,0.0,0.0,0.0,0.0,0.0,0.0,0.0,0.0,0.0,0.0,0.0,0.0,0.0,0.0,0.0,0.0,0.0,0.0,0.0,0.0,0.0,0.0,0.0,0.0,0.0,0.0,0.0,0.0,0.0,0.0,0.0,0.0,0.0,0.0,0.0,0.0,0.0,0.0,0.0,0.0,0.0,0.0,0
0.0,0.0,0.0,0.0,0.0,0.0,0.0,0.0,0.0,0.0,0.0,0.0,0.0,0.0,0.0,0.0,0.0,0.0,0.0,0.0,0.0,0.0,0.0,0.0,0.0,0.0,0.0,0.0,0.0,0.0,0.0,0.0,0.0,0.0,0.0,0.0,0.0,0.0,0.0,0.0,0.0,0.0,0.0,0.0,0.0,0.0,0.0,0.0,0.0,0.0,0.0,0.0,0.0,0.0,0.0,0.0,0.0,0.0,0.0,0.0,0.0,0.0,0.0,0.0,0.0,0.0,0
0.6316338777542114,0.2279813587665558,0.6343536376953125,0.2157244086265564,0.6361192464828491,0.2165190875530243,0.6378157138824463,0.21719110012054443,0.6293267607688904,0.21350771188735962,0.6276425719261169,0.2129582166671753,0.6259276866912842,0.21268892288208008,0.6389657258987427,0.22415730357170105,0.6228271126747131,0.21951258182525635,0.6339504718780518,0.24190032482147217,0.6277762651443481,0.23961132764816284,0.6532319188117981,0.3105115294456482,0.6025310754776001,0.2885890007019043,0.656926691532135,0.41654157638549805,0.5903266668319702,0.38080188632011414,0.6599612236022949,0.47977447509765625,0.5916689038276672,0.4628743827342987,0.6634095311164856,0.5034778118133545,0.5903317332267761,0.49126607179641724,0.6590663194656372,0.4907352924346924,0.5938828587532043,0.48500239849090576,0.6587198972702026,0.4878450036048889,0.5964460372924805,0.4770519435405731,0.6438658237457275,0.5000982284545898,0.612659215927124,0.5028716921806335,0.645742654800415,0.6523311138153076,0.6133460402488708,0.6588901281356812,0.6436821818351746,0.7929329872131348,0.6081829071044922,0.7963664531707764,0.6399042010307312,0.8098496198654175,0.608072817325592,0.8137730360031128,0.6505318880081177,0.8458989858627319,0.6105808019638062,0.8499840497970581,0
0.0,0.0,0.0,0.0,0.0,0.0,0.0,0.0,0.0,0.0,0.0,0.0,0.0,0.0,0.0,0.0,0.0,0.0,0.0,0.0,0.0,0.0,0.0,0.0,0.0,0.0,0.0,0.0,0.0,0.0,0.0,0.0,0.0,0.0,0.0,0.0,0.0,0.0,0.0,0.0,0.0,0.0,0.0,0.0,0.0,0.0,0.0,0.0,0.0,0.0,0.0,0.0,0.0,0.0,0.0,0.0,0.0,0.0,0.0,0.0,0.0,0.0,0.0,0.0,0.0,0.0,0
0.0,0.0,0.0,0.0,0.0,0.0,0.0,0.0,0.0,0.0,0.0,0.0,0.0,0.0,0.0,0.0,0.0,0.0,0.0,0.0,0.0,0.0,0.0,0.0,0.0,0.0,0.0,0.0,0.0,0.0,0.0,0.0,0.0,0.0,0.0,0.0,0.0,0.0,0.0,0.0,0.0,0.0,0.0,0.0,0.0,0.0,0.0,0.0,0.0,0.0,0.0,0.0,0.0,0.0,0.0,0.0,0.0,0.0,0.0,0.0,0.0,0.0,0.0,0.0,0.0,0.0,0
0.0,0.0,0.0,0.0,0.0,0.0,0.0,0.0,0.0,0.0,0.0,0.0,0.0,0.0,0.0,0.0,0.0,0.0,0.0,0.0,0.0,0.0,0.0,0.0,0.0,0.0,0.0,0.0,0.0,0.0,0.0,0.0,0.0,0.0,0.0,0.0,0.0,0.0,0.0,0.0,0.0,0.0,0.0,0.0,0.0,0.0,0.0,0.0,0.0,0.0,0.0,0.0,0.0,0.0,0.0,0.0,0.0,0.0,0.0,0.0,0.0,0.0,0.0,0.0,0.0,0.0,0
0.0,0.0,0.0,0.0,0.0,0.0,0.0,0.0,0.0,0.0,0.0,0.0,0.0,0.0,0.0,0.0,0.0,0.0,0.0,0.0,0.0,0.0,0.0,0.0,0.0,0.0,0.0,0.0,0.0,0.0,0.0,0.0,0.0,0.0,0.0,0.0,0.0,0.0,0.0,0.0,0.0,0.0,0.0,0.0,0.0,0.0,0.0,0.0,0.0,0.0,0.0,0.0,0.0,0.0,0.0,0.0,0.0,0.0,0.0,0.0,0.0,0.0,0.0,0.0,0.0,0.0,0
0.0,0.0,0.0,0.0,0.0,0.0,0.0,0.0,0.0,0.0,0.0,0.0,0.0,0.0,0.0,0.0,0.0,0.0,0.0,0.0,0.0,0.0,0.0,0.0,0.0,0.0,0.0,0.0,0.0,0.0,0.0,0.0,0.0,0.0,0.0,0.0,0.0,0.0,0.0,0.0,0.0,0.0,0.0,0.0,0.0,0.0,0.0,0.0,0.0,0.0,0.0,0.0,0.0,0.0,0.0,0.0,0.0,0.0,0.0,0.0,0.0,0.0,0.0,0.0,0.0,0.0,0
0.0,0.0,0.0,0.0,0.0,0.0,0.0,0.0,0.0,0.0,0.0,0.0,0.0,0.0,0.0,0.0,0.0,0.0,0.0,0.0,0.0,0.0,0.0,0.0,0.0,0.0,0.0,0.0,0.0,0.0,0.0,0.0,0.0,0.0,0.0,0.0,0.0,0.0,0.0,0.0,0.0,0.0,0.0,0.0,0.0,0.0,0.0,0.0,0.0,0.0,0.0,0.0,0.0,0.0,0.0,0.0,0.0,0.0,0.0,0.0,0.0,0.0,0.0,0.0,0.0,0.0,0
0.0,0.0,0.0,0.0,0.0,0.0,0.0,0.0,0.0,0.0,0.0,0.0,0.0,0.0,0.0,0.0,0.0,0.0,0.0,0.0,0.0,0.0,0.0,0.0,0.0,0.0,0.0,0.0,0.0,0.0,0.0,0.0,0.0,0.0,0.0,0.0,0.0,0.0,0.0,0.0,0.0,0.0,0.0,0.0,0.0,0.0,0.0,0.0,0.0,0.0,0.0,0.0,0.0,0.0,0.0,0.0,0.0,0.0,0.0,0.0,0.0,0.0,0.0,0.0,0.0,0.0,0
0.0,0.0,0.0,0.0,0.0,0.0,0.0,0.0,0.0,0.0,0.0,0.0,0.0,0.0,0.0,0.0,0.0,0.0,0.0,0.0,0.0,0.0,0.0,0.0,0.0,0.0,0.0,0.0,0.0,0.0,0.0,0.0,0.0,0.0,0.0,0.0,0.0,0.0,0.0,0.0,0.0,0.0,0.0,0.0,0.0,0.0,0.0,0.0,0.0,0.0,0.0,0.0,0.0,0.0,0.0,0.0,0.0,0.0,0.0,0.0,0.0,0.0,0.0,0.0,0.0,0.0,0
0.0,0.0,0.0,0.0,0.0,0.0,0.0,0.0,0.0,0.0,0.0,0.0,0.0,0.0,0.0,0.0,0.0,0.0,0.0,0.0,0.0,0.0,0.0,0.0,0.0,0.0,0.0,0.0,0.0,0.0,0.0,0.0,0.0,0.0,0.0,0.0,0.0,0.0,0.0,0.0,0.0,0.0,0.0,0.0,0.0,0.0,0.0,0.0,0.0,0.0,0.0,0.0,0.0,0.0,0.0,0.0,0.0,0.0,0.0,0.0,0.0,0.0,0.0,0.0,0.0,0.0,0
0.0,0.0,0.0,0.0,0.0,0.0,0.0,0.0,0.0,0.0,0.0,0.0,0.0,0.0,0.0,0.0,0.0,0.0,0.0,0.0,0.0,0.0,0.0,0.0,0.0,0.0,0.0,0.0,0.0,0.0,0.0,0.0,0.0,0.0,0.0,0.0,0.0,0.0,0.0,0.0,0.0,0.0,0.0,0.0,0.0,0.0,0.0,0.0,0.0,0.0,0.0,0.0,0.0,0.0,0.0,0.0,0.0,0.0,0.0,0.0,0.0,0.0,0.0,0.0,0.0,0.0,0
0.13675552606582642,0.16175290942192078,0.13666985929012299,0.14738264679908752,0.135116845369339,0.1468014419078827,0.13439707458019257,0.1463395357131958,0.13857583701610565,0.14768922328948975,0.13989970088005066,0.14716428518295288,0.140779048204422,0.1467885673046112,0.13090313971042633,0.1532120406627655,0.14163336157798767,0.15374407172203064,0.13599298894405365,0.17432332038879395,0.13959120213985443,0.1742403507232666,0.10620348900556564,0.22970682382583618,0.16462509334087372,0.23771128058433533,0.10204455256462097,0.3761645555496216,0.17428892850875854,0.37587809562683105,0.12444620579481125,0.42131683230400085,0.17196595668792725,0.4579917788505554,0.12928058207035065,0.4336335062980652,0.17252564430236816,0.4844743609428406,0.13353461027145386,0.4334210157394409,0.17094072699546814,0.4796299636363983,0.132726788520813,0.42981866002082825,0.16920724511146545,0.47129887342453003,0.12325212359428406,0.47112157940864563,0.15788763761520386,0.46452200412750244,0.1173873320221901,0.6321948170661926,0.15710479021072388,0.6425074934959412,0.11528734862804413,0.8082402944564819,0.1508154571056366,0.8167637586593628,0.1156972199678421,0.8348807096481323,0.14382833242416382,0.8720247745513916,0.11960701644420624,0.8321347236633301,0.15680859982967377,0.8506077527999878,0
0.0,0.0,0.0,0.0,0.0,0.0,0.0,0.0,0.0,0.0,0.0,0.0,0.0,0.0,0.0,0.0,0.0,0.0,0.0,0.0,0.0,0.0,0.0,0.0,0.0,0.0,0.0,0.0,0.0,0.0,0.0,0.0,0.0,0.0,0.0,0.0,0.0,0.0,0.0,0.0,0.0,0.0,0.0,0.0,0.0,0.0,0.0,0.0,0.0,0.0,0.0,0.0,0.0,0.0,0.0,0.0,0.0,0.0,0.0,0.0,0.0,0.0,0.0,0.0,0.0,0.0,0
0.0,0.0,0.0,0.0,0.0,0.0,0.0,0.0,0.0,0.0,0.0,0.0,0.0,0.0,0.0,0.0,0.0,0.0,0.0,0.0,0.0,0.0,0.0,0.0,0.0,0.0,0.0,0.0,0.0,0.0,0.0,0.0,0.0,0.0,0.0,0.0,0.0,0.0,0.0,0.0,0.0,0.0,0.0,0.0,0.0,0.0,0.0,0.0,0.0,0.0,0.0,0.0,0.0,0.0,0.0,0.0,0.0,0.0,0.0,0.0,0.0,0.0,0.0,0.0,0.0,0.0,0
0.0,0.0,0.0,0.0,0.0,0.0,0.0,0.0,0.0,0.0,0.0,0.0,0.0,0.0,0.0,0.0,0.0,0.0,0.0,0.0,0.0,0.0,0.0,0.0,0.0,0.0,0.0,0.0,0.0,0.0,0.0,0.0,0.0,0.0,0.0,0.0,0.0,0.0,0.0,0.0,0.0,0.0,0.0,0.0,0.0,0.0,0.0,0.0,0.0,0.0,0.0,0.0,0.0,0.0,0.0,0.0,0.0,0.0,0.0,0.0,0.0,0.0,0.0,0.0,0.0,0.0,0
0.6595936417579651,0.202083557844162,0.6624026298522949,0.19053062796592712,0.6641290187835693,0.1909242868423462,0.6658244729042053,0.19148612022399902,0.6571753621101379,0.18925881385803223,0.6553528904914856,0.1886201798915863,0.6532897353172302,0.18804225325584412,0.667109489440918,0.1981939673423767,0.6489641070365906,0.1920594871044159,0.6616262197494507,0.21804073452949524,0.655850350856781,0.21583977341651917,0.6799026727676392,0.2993374466896057,0.6270217299461365,0.2739499509334564,0.6847650408744812,0.39651840925216675,0.6124095916748047,0.3677331805229187,0.6926828622817993,0.4670761823654175,0.6167576313018799,0.4541115164756775,0.6961126923561096,0.4926028847694397,0.615680456161499,0.48217394948005676,0.6946641206741333,0.4834946393966675,0.6191884875297546,0.47904127836227417,0.6922735571861267,0.47942739725112915,0.6204302906990051,0.46745043992996216,0.665684163570404,0.49590831995010376,0.6352534890174866,0.49073415994644165,0.6644482612609863,0.650600254535675,0.6315395832061768,0.6483235359191895,0.6589782238006592,0.7774568796157837,0.6213792562484741,0.7865937948226929,0.6550939679145813,0.7909438610076904,0.6201633214950562,0.8048593997955322,0.6678495407104492,0.8263813257217407,0.623704731464386,0.8394792079925537,0
0.6610665321350098,0.19750931859016418,0.6637789011001587,0.18395641446113586,0.6653777956962585,0.18468737602233887,0.6670909523963928,0.18562385439872742,0.6588561534881592,0.18250587582588196,0.6571288704872131,0.18209177255630493,0.655002236366272,0.18168196082115173,0.6683232188224792,0.19488662481307983,0.6509463787078857,0.187211275100708,0.6629323363304138,0.21355316042900085,0.6570584177970886,0.2108507752418518,0.6805568933486938,0.2906331419944763,0.6289672255516052,0.26848340034484863,0.6858599185943604,0.3837192952632904,0.6163538694381714,0.3655673861503601,0.6947824954986572,0.4527267515659332,0.6174169778823853,0.453592985868454,0.6983583569526672,0.4813586473464966,0.6154148578643799,0.4788031578063965,0.6967328190803528,0.4713515043258667,0.6205852031707764,0.4763020873069763,0.6943805813789368,0.46738725900650024,0.6218987107276917,0.4657191336154938,0.6695477366447449,0.4900467097759247,0.6388872861862183,0.49235063791275024,0.6704191565513611,0.6458232402801514,0.6360328793525696,0.6547514200210571,0.6648635268211365,0.7734932899475098,0.6227795481681824,0.8009352684020996,0.6598464846611023,0.7895891666412354,0.6205036044120789,0.8194161057472229,0.6715965867042542,0.8189559578895569,0.6272014379501343,0.8564958572387695,0
0.0,0.0,0.0,0.0,0.0,0.0,0.0,0.0,0.0,0.0,0.0,0.0,0.0,0.0,0.0,0.0,0.0,0.0,0.0,0.0,0.0,0.0,0.0,0.0,0.0,0.0,0.0,0.0,0.0,0.0,0.0,0.0,0.0,0.0,0.0,0.0,0.0,0.0,0.0,0.0,0.0,0.0,0.0,0.0,0.0,0.0,0.0,0.0,0.0,0.0,0.0,0.0,0.0,0.0,0.0,0.0,0.0,0.0,0.0,0.0,0.0,0.0,0.0,0.0,0.0,0.0,0
0.0,0.0,0.0,0.0,0.0,0.0,0.0,0.0,0.0,0.0,0.0,0.0,0.0,0.0,0.0,0.0,0.0,0.0,0.0,0.0,0.0,0.0,0.0,0.0,0.0,0.0,0.0,0.0,0.0,0.0,0.0,0.0,0.0,0.0,0.0,0.0,0.0,0.0,0.0,0.0,0.0,0.0,0.0,0.0,0.0,0.0,0.0,0.0,0.0,0.0,0.0,0.0,0.0,0.0,0.0,0.0,0.0,0.0,0.0,0.0,0.0,0.0,0.0,0.0,0.0,0.0,0
0.0,0.0,0.0,0.0,0.0,0.0,0.0,0.0,0.0,0.0,0.0,0.0,0.0,0.0,0.0,0.0,0.0,0.0,0.0,0.0,0.0,0.0,0.0,0.0,0.0,0.0,0.0,0.0,0.0,0.0,0.0,0.0,0.0,0.0,0.0,0.0,0.0,0.0,0.0,0.0,0.0,0.0,0.0,0.0,0.0,0.0,0.0,0.0,0.0,0.0,0.0,0.0,0.0,0.0,0.0,0.0,0.0,0.0,0.0,0.0,0.0,0.0,0.0,0.0,0.0,0.0,0
0.6701929569244385,0.19760817289352417,0.672226071357727,0.18598711490631104,0.673666775226593,0.18644002079963684,0.6750607490539551,0.18693548440933228,0.6671978235244751,0.18384960293769836,0.6651644706726074,0.18278074264526367,0.6631227731704712,0.1818481981754303,0.6752675175666809,0.19129019975662231,0.6583875417709351,0.18462523818016052,0.6713966131210327,0.21134915947914124,0.6659499406814575,0.2105710208415985,0.6861732602119446,0.2859903573989868,0.6354923248291016,0.2659238576889038,0.6940391659736633,0.37906527519226074,0.6214809417724609,0.3625281751155853,0.7026860117912292,0.44186389446258545,0.6269235014915466,0.447486937046051,0.7067685723304749,0.4653818905353546,0.6264703273773193,0.47628939151763916,0.7026962041854858,0.45700544118881226,0.6307860612869263,0.47244539856910706,0.7017725706100464,0.45379921793937683,0.6330854296684265,0.4608307480812073,0.6750571727752686,0.47173893451690674,0.6461195945739746,0.4738217294216156,0.6982322335243225,0.6087621450424194,0.6477701663970947,0.626747190952301,0.6968174576759338,0.7491953372955322,0.6548239588737488,0.7733138203620911,0.692039966583252,0.7692172527313232,0.6561128497123718,0.7920598983764648,0.705646812915802,0.7866544723510742,0.660448431968689,0.8254393339157104,0
0.6698095202445984,0.19448614120483398,0.6720007658004761,0.1826375424861908,0.6735633611679077,0.1830475926399231,0.6751082539558411,0.18363958597183228,0.6669847369194031,0.18122178316116333,0.6648463606834412,0.18045306205749512,0.6631031632423401,0.17994272708892822,0.676188051700592,0.18900498747825623,0.6589629650115967,0.1833277940750122,0.6715865135192871,0.20823153853416443,0.6654951572418213,0.20754572749137878,0.6874617338180542,0.28262969851493835,0.636177659034729,0.26044994592666626,0.6931604146957397,0.3731807470321655,0.6225658059120178,0.3518843650817871,0.7043534517288208,0.4352504014968872,0.6245500445365906,0.4430452585220337,0.7082728147506714,0.4622543454170227,0.6229341626167297,0.470278263092041,0.7064670920372009,0.46058520674705505,0.6286144256591797,0.4672265946865082,0.7052263021469116,0.4561842381954193,0.6297847032546997,0.4565567374229431,0.6734524369239807,0.4698922038078308,0.6444706916809082,0.4746513068675995,0.6865598559379578,0.6103693246841431,0.6543595194816589,0.6376135945320129,0.6890429854393005,0.7387486696243286,0.6548450589179993,0.7825106382369995,0.6857293844223022,0.756698489189148,0.6548535227775574,0.8027207851409912,0.6980605721473694,0.782734751701355,0.6614677906036377,0.8318027257919312,0
0.0,0.0,0.0,0.0,0.0,0.0,0.0,0.0,0.0,0.0,0.0,0.0,0.0,0.0,0.0,0.0,0.0,0.0,0.0,0.0,0.0,0.0,0.0,0.0,0.0,0.0,0.0,0.0,0.0,0.0,0.0,0.0,0.0,0.0,0.0,0.0,0.0,0.0,0.0,0.0,0.0,0.0,0.0,0.0,0.0,0.0,0.0,0.0,0.0,0.0,0.0,0.0,0.0,0.0,0.0,0.0,0.0,0.0,0.0,0.0,0.0,0.0,0.0,0.0,0.0,0.0,0
0.0,0.0,0.0,0.0,0.0,0.0,0.0,0.0,0.0,0.0,0.0,0.0,0.0,0.0,0.0,0.0,0.0,0.0,0.0,0.0,0.0,0.0,0.0,0.0,0.0,0.0,0.0,0.0,0.0,0.0,0.0,0.0,0.0,0.0,0.0,0.0,0.0,0.0,0.0,0.0,0.0,0.0,0.0,0.0,0.0,0.0,0.0,0.0,0.0,0.0,0.0,0.0,0.0,0.0,0.0,0.0,0.0,0.0,0.0,0.0,0.0,0.0,0.0,0.0,0.0,0.0,0
0.6748580932617188,0.19323450326919556,0.6770579814910889,0.18065041303634644,0.6785359978675842,0.18116453289985657,0.6799473762512207,0.18183109164237976,0.6723808646202087,0.1776663064956665,0.6705578565597534,0.1760450303554535,0.6686838269233704,0.17441317439079285,0.6796096563339233,0.1873393952846527,0.6644226908683777,0.17601388692855835,0.6759006381034851,0.20749562978744507,0.6707005500793457,0.20382624864578247,0.6889803409576416,0.280089795589447,0.6394047141075134,0.251329243183136,0.696149468421936,0.3764688968658447,0.627328634262085,0.3578256070613861,0.7024067640304565,0.40560704469680786,0.6314541697502136,0.44845372438430786,0.7040664553642273,0.41586315631866455,0.631563663482666,0.47663047909736633,0.7030627131462097,0.40574759244918823,0.6353894472122192,0.47093966603279114,0.7003137469291687,0.40200966596603394,0.6376373767852783,0.4599416255950928,0.6772029995918274,0.4680342376232147,0.6495049595832825,0.4675750732421875,0.6924239993095398,0.6114521622657776,0.6597651839256287,0.63526850938797,0.696747899055481,0.742394208908081,0.6607306599617004,0.7761565446853638,0.6932649612426758,0.7620806694030762,0.6601926684379578,0.795716404914856,0.7060468196868896,0.7814997434616089,0.6680122017860413,0.8221065998077393,0
0.6769179105758667,0.19015178084373474,0.6792757511138916,0.17716160416603088,0.6808507442474365,0.17768236994743347,0.6823588609695435,0.17841529846191406,0.6745734810829163,0.17432540655136108,0.6727500557899475,0.17267096042633057,0.6708644032478333,0.170884370803833,0.6816878914833069,0.18379318714141846,0.6664591431617737,0.17191320657730103,0.6778696775436401,0.20433440804481506,0.6725767850875854,0.20022466778755188,0.6896167993545532,0.2779960036277771,0.6407882571220398,0.24907484650611877,0.6974107027053833,0.38200199604034424,0.6276466250419617,0.3589286208152771,0.7052687406539917,0.4126946032047272,0.6339167356491089,0.44857919216156006,0.712130069732666,0.4392414093017578,0.6341263651847839,0.47561103105545044,0.7100755572319031,0.43958377838134766,0.6391021609306335,0.470846027135849,0.7071444988250732,0.437023788690567,0.6399296522140503,0.46111470460891724,0.6825300455093384,0.46998608112335205,0.6554498672485352,0.47586295008659363,0.6961912512779236,0.6182259917259216,0.6656690239906311,0.6380115747451782,0.6907255053520203,0.7398104667663574,0.6671041250228882,0.7874866724014282,0.6852487325668335,0.7552841901779175,0.6668646335601807,0.8053141832351685,0.6987987160682678,0.780432403087616,0.6706273555755615,0.8377023339271545,0
0.6793943047523499,0.19091907143592834,0.6814227104187012,0.17643654346466064,0.6827133297920227,0.17677843570709229,0.6839803457260132,0.17712101340293884,0.6769221425056458,0.1739993691444397,0.6750931739807129,0.17242839932441711,0.6730538010597229,0.1706216037273407,0.6828994750976562,0.1822371780872345,0.6676393747329712,0.1710987389087677,0.6799560785293579,0.20552116632461548,0.6750762462615967,0.20289024710655212,0.691331148147583,0.2746804356575012,0.641471266746521,0.2479919195175171,0.6980346441268921,0.373767614364624,0.6278853416442871,0.3604357838630676,0.709250807762146,0.44806575775146484,0.6343035101890564,0.4521056115627289,0.7130938172340393,0.4708160161972046,0.6339897513389587,0.47866934537887573,0.7114447355270386,0.4654991030693054,0.639664888381958,0.47155997157096863,0.7087976932525635,0.46105140447616577,0.6405244469642639,0.4615389406681061,0.6808236241340637,0.46803149580955505,0.6538540124893188,0.4738628566265106,0.6904758810997009,0.6170557737350464,0.6691722869873047,0.6413305401802063,0.6892349720001221,0.7512285709381104,0.6684350967407227,0.7974131107330322,0.6847270727157593,0.7707607746124268,0.6670552492141724,0.8182966113090515,0.6989778876304626,0.7892204523086548,0.6797775030136108,0.8470567464828491,0
0.6795618534088135,0.18317046761512756,0.681603193283081,0.16997981071472168,0.6828812956809998,0.17051374912261963,0.6840908527374268,0.17113584280014038,0.6771358251571655,0.16746103763580322,0.6751573085784912,0.1660415530204773,0.6730014681816101,0.16450464725494385,0.6833117008209229,0.17741623520851135,0.6681491136550903,0.166582852602005,0.6807122230529785,0.19904646277427673,0.6751729846000671,0.19679546356201172,0.6943632364273071,0.276885449886322,0.6431124210357666,0.24688005447387695,0.6985241174697876,0.3795057535171509,0.6282158493995667,0.35583093762397766,0.70639568567276,0.4469495713710785,0.6341157555580139,0.44818633794784546,0.710347056388855,0.4736548662185669,0.6346718668937683,0.47617843747138977,0.7083911895751953,0.4721757471561432,0.6401751637458801,0.47296226024627686,0.7053331136703491,0.46314263343811035,0.6415611505508423,0.46230214834213257,0.6823301315307617,0.4686276316642761,0.655177891254425,0.4752424359321594,0.6946370601654053,0.6183518171310425,0.6752996444702148,0.6425000429153442,0.683711051940918,0.7586368322372437,0.6706223487854004,0.7776968479156494,0.6783186197280884,0.7759395837783813,0.6691639423370361,0.7917288541793823,0.6904787421226501,0.8102670907974243,0.674929141998291,0.8300793170928955,0
0.6803185939788818,0.17905306816101074,0.6828545331954956,0.16615822911262512,0.6840957999229431,0.16681835055351257,0.6853250861167908,0.16760671138763428,0.6779341101646423,0.16295859217643738,0.6757624745368958,0.1613691747188568,0.6735409498214722,0.1599406599998474,0.6848722696304321,0.17373952269554138,0.6685707569122314,0.16290441155433655,0.6816792488098145,0.19526109099388123,0.6751318573951721,0.19219109416007996,0.6948909163475037,0.2707222104072571,0.6441367268562317,0.24376118183135986,0.6989344954490662,0.37367862462997437,0.6292248964309692,0.35230010747909546,0.7085858583450317,0.4560958743095398,0.6335835456848145,0.44763654470443726,0.7114005088806152,0.4798942804336548,0.6325172781944275,0.47785982489585876,0.7087159156799316,0.47694456577301025,0.6385732293128967,0.47599470615386963,0.7064657807350159,0.4686017632484436,0.6399951577186584,0.46435976028442383,0.6837443709373474,0.4636632204055786,0.6569728255271912,0.46756768226623535,0.7001193165779114,0.6136373281478882,0.6794649362564087,0.6431384086608887,0.6838778257369995,0.7693203091621399,0.6746770739555359,0.7873251438140869,0.6770248413085938,0.7882052063941956,0.6731297373771667,0.8025639057159424,0.6893678903579712,0.8280622959136963,0.6788860559463501,0.840538740158081,0
0.6836696267127991,0.179496169090271,0.685398519039154,0.16592249274253845,0.6865739226341248,0.16619837284088135,0.6876350045204163,0.16652488708496094,0.6810768246650696,0.16423925757408142,0.6790941953659058,0.1630658507347107,0.6768072247505188,0.16158878803253174,0.6863700747489929,0.17226889729499817,0.6713153123855591,0.16364961862564087,0.6845593452453613,0.19477799534797668,0.6794062256813049,0.19377511739730835,0.6965713500976562,0.2749443054199219,0.6458640098571777,0.2442168891429901,0.6986004114151001,0.3693336844444275,0.6304327845573425,0.35925835371017456,0.7064164876937866,0.45587801933288574,0.6363370418548584,0.45089635252952576,0.7097292542457581,0.47841376066207886,0.6366677284240723,0.48196083307266235,0.7062245607376099,0.47589555382728577,0.6430739164352417,0.4748496413230896,0.7044591903686523,0.4705514907836914,0.6441423892974854,0.4674838185310364,0.6848374009132385,0.4725992679595947,0.6578434109687805,0.47815391421318054,0.6974354982376099,0.629952073097229,0.6779253482818604,0.6524794101715088,0.6821314096450806,0.7687925100326538,0.6721517443656921,0.7856526374816895,0.6755297183990479,0.7857348918914795,0.6698159575462341,0.7985941171646118,0.6919932961463928,0.823168158531189,0.6801990270614624,0.8459650278091431,0
0.685305118560791,0.18097075819969177,0.6869803071022034,0.1669071614742279,0.6879749894142151,0.1672375202178955,0.6889883875846863,0.16772475838661194,0.6833810210227966,0.16447138786315918,0.6815750002861023,0.16277381777763367,0.6794393062591553,0.16071653366088867,0.6871008276939392,0.17301318049430847,0.673083484172821,0.16173943877220154,0.6857399940490723,0.1963052749633789,0.6807705163955688,0.19411996006965637,0.6953986883163452,0.2725239396095276,0.6467856168746948,0.24170535802841187,0.696733832359314,0.36561694741249084,0.6313854455947876,0.34659069776535034,0.705653727054596,0.4535558223724365,0.6372926235198975,0.44870099425315857,0.7070017457008362,0.4759769141674042,0.6380746364593506,0.4788278341293335,0.7054810523986816,0.4725450277328491,0.6447011828422546,0.47661644220352173,0.7045328617095947,0.4680987596511841,0.6461237668991089,0.4654029309749603,0.685106098651886,0.4685683846473694,0.6613051891326904,0.4735574722290039,0.6961126327514648,0.6284006834030151,0.680505096912384,0.6569433212280273,0.6820072531700134,0.7751079797744751,0.6748611330986023,0.8035600185394287,0.6759618520736694,0.7937262654304504,0.6719260215759277,0.8204598426818848,0.6913591623306274,0.8312462568283081,0.6832802891731262,0.8625457286834717,0
0.6865382790565491,0.17610013484954834,0.6881120800971985,0.16231420636177063,0.6891029477119446,0.16250932216644287,0.6901283860206604,0.16276231408119202,0.6844579577445984,0.16069233417510986,0.6826604008674622,0.15943217277526855,0.6805528998374939,0.15778574347496033,0.6884561777114868,0.16814687848091125,0.6745641827583313,0.15929317474365234,0.6869718432426453,0.19077813625335693,0.682043731212616,0.1893807053565979,0.6968589425086975,0.2693497836589813,0.6481474041938782,0.2390601933002472,0.697636067867279,0.3617861270904541,0.6334895491600037,0.34991636872291565,0.705501914024353,0.460165411233902,0.6384589076042175,0.44910237193107605,0.7093808650970459,0.4837031960487366,0.6367073059082031,0.47656118869781494,0.7054172158241272,0.48064014315605164,0.6421595215797424,0.4748322367668152,0.7040292024612427,0.4731009304523468,0.6454192996025085,0.4636780321598053,0.6858750581741333,0.46846747398376465,0.6616894006729126,0.47448593378067017,0.6968031525611877,0.625723123550415,0.6826149821281433,0.6388252377510071,0.6797205805778503,0.7732831835746765,0.6770787239074707,0.7945132255554199,0.6723458766937256,0.7921652793884277,0.67396080493927,0.8131184577941895,0.6913838386535645,0.8350369930267334,0.6858798861503601,0.841364324092865,0
0.6878389120101929,0.17576539516448975,0.6896520256996155,0.16068467497825623,0.6907157897949219,0.16088613867759705,0.6917462944984436,0.16113486886024475,0.685657799243927,0.15892848372459412,0.6837114691734314,0.1575336456298828,0.6814116835594177,0.15576109290122986,0.6900613903999329,0.16677150130271912,0.6756800413131714,0.15755465626716614,0.6883399486541748,0.1902894675731659,0.6830611824989319,0.18866074085235596,0.697369396686554,0.26529622077941895,0.6489012241363525,0.23651066422462463,0.6953715682029724,0.37043479084968567,0.6326811909675598,0.35240280628204346,0.7022755742073059,0.454905241727829,0.639992892742157,0.4445168375968933,0.7054607272148132,0.4823237359523773,0.6388323903083801,0.4733560383319855,0.7016569375991821,0.47757795453071594,0.645227313041687,0.4635944366455078,0.7005622386932373,0.4683017134666443,0.6457939147949219,0.4585150182247162,0.6860964298248291,0.47440123558044434,0.660533607006073,0.4813098907470703,0.7035196423530579,0.6187912821769714,0.6728805899620056,0.651673436164856,0.6831775903701782,0.7746883630752563,0.672453761100769,0.7848737239837646,0.6749818921089172,0.794070303440094,0.6710225343704224,0.7967280149459839,0.6912537813186646,0.839316725730896,0.6815065741539001,0.8498965501785278,0
0.6889881491661072,0.16801756620407104,0.6910215020179749,0.1542505919933319,0.6921176910400391,0.15466561913490295,0.6931189298629761,0.15514981746673584,0.6866486072540283,0.15151742100715637,0.6846908926963806,0.15005218982696533,0.6826393008232117,0.14849689602851868,0.6911361217498779,0.1604214906692505,0.6773003339767456,0.1501612663269043,0.6895554661750793,0.18356060981750488,0.6834039688110352,0.18093985319137573,0.6994361281394958,0.2674866020679474,0.6498870253562927,0.22944676876068115,0.6923828721046448,0.373076856136322,0.6362279653549194,0.3365911841392517,0.6985276341438293,0.44729477167129517,0.6420251131057739,0.4127221405506134,0.7016142010688782,0.4769321084022522,0.6403545141220093,0.4423280358314514,0.6971591114997864,0.4707162380218506,0.6527097821235657,0.4371608793735504,0.6966406106948853,0.46084684133529663,0.6535855531692505,0.4226644039154053,0.6824976205825806,0.4623192846775055,0.6547449231147766,0.4640985429286957,0.7079825401306152,0.6109172105789185,0.6709632873535156,0.6321766376495361,0.6846020221710205,0.7741822004318237,0.6705533266067505,0.7893590331077576,0.675476610660553,0.7921673059463501,0.669406533241272,0.8036038875579834,0.6946253180503845,0.8363252282142639,0.6792407631874084,0.859420895576477,0
0.6898033618927002,0.16501477360725403,0.6915773749351501,0.15013659000396729,0.6926965117454529,0.15016233921051025,0.6937716007232666,0.1502494215965271,0.6873677372932434,0.14931946992874146,0.6855077743530273,0.1484810709953308,0.6834917664527893,0.14741840958595276,0.6921113133430481,0.156694233417511,0.6782064437866211,0.15065056085586548,0.6903591156005859,0.1802685260772705,0.6853780150413513,0.17962640523910522,0.6996601819992065,0.2633056938648224,0.6527699828147888,0.22731658816337585,0.6926702260971069,0.36857834458351135,0.6355353593826294,0.33619534969329834,0.6939731240272522,0.45184820890426636,0.6474579572677612,0.3990580141544342,0.6987536549568176,0.4713873267173767,0.6479344964027405,0.4210905432701111,0.6982514262199402,0.4692760705947876,0.6542468667030334,0.4143409729003906,0.6963516473770142,0.4609855115413666,0.654351532459259,0.4075736105442047,0.6822442412376404,0.4779352843761444,0.6576693058013916,0.4776107370853424,0.6970040798187256,0.6266689300537109,0.6798233389854431,0.6310330629348755,0.6803979873657227,0.7767026424407959,0.6716457009315491,0.7959622740745544,0.6723719239234924,0.7961987257003784,0.6665211319923401,0.8166031837463379,0.6926582455635071,0.8375953435897827,0.6867967247962952,0.8447620868682861,0
0.6916576027870178,0.15988442301750183,0.6932911276817322,0.14422881603240967,0.6945059895515442,0.14437413215637207,0.6956527829170227,0.1445845067501068,0.6888560056686401,0.14327889680862427,0.6868687868118286,0.14244762063026428,0.6846977472305298,0.1414407193660736,0.6939556002616882,0.1511349380016327,0.6785281896591187,0.14507156610488892,0.6928941011428833,0.17423629760742188,0.6875069737434387,0.1721222698688507,0.6995683312416077,0.25462234020233154,0.6549800634384155,0.22278675436973572,0.692297637462616,0.3540637195110321,0.6388940215110779,0.3301212787628174,0.6877731084823608,0.4016066789627075,0.652649998664856,0.4221701920032501,0.6872516870498657,0.42030373215675354,0.6520367860794067,0.43509748578071594,0.687810480594635,0.4150207042694092,0.6579309701919556,0.4369172155857086,0.6869490146636963,0.4091431498527527,0.6594966053962708,0.42428383231163025,0.6873279809951782,0.46788686513900757,0.6643357872962952,0.4739341139793396,0.6992945075035095,0.6173231601715088,0.6834187507629395,0.6317643523216248,0.6829270124435425,0.7547060251235962,0.6754912734031677,0.7825759053230286,0.6754664778709412,0.7714369297027588,0.6713324189186096,0.7998466491699219,0.6929249167442322,0.8214550018310547,0.6863873600959778,0.8414069414138794,0
0.6933265924453735,0.15305018424987793,0.6944894194602966,0.1386227309703827,0.6954509019851685,0.13898971676826477,0.6963880658149719,0.13939696550369263,0.6906406879425049,0.13723152875900269,0.6888486742973328,0.13645854592323303,0.6868491172790527,0.1356278359889984,0.6939079165458679,0.14660245180130005,0.6804596185684204,0.1403428316116333,0.6938071250915527,0.16805729269981384,0.6887101531028748,0.16574379801750183,0.6994936466217041,0.25320255756378174,0.65397709608078,0.21419808268547058,0.6925348043441772,0.35787904262542725,0.6402567028999329,0.31393903493881226,0.6907929182052612,0.4074561595916748,0.6601220965385437,0.34960049390792847,0.6913986802101135,0.42609429359436035,0.662905752658844,0.36417508125305176,0.6917528510093689,0.4216572046279907,0.6683627963066101,0.35756736993789673,0.6901350021362305,0.4152745008468628,0.667589008808136,0.35403162240982056,0.6873587965965271,0.46878352761268616,0.662388026714325,0.466768354177475,0.7049696445465088,0.6192005276679993,0.6862013936042786,0.6256698966026306,0.682479739189148,0.7624962329864502,0.6759886145591736,0.7850463390350342,0.6734088659286499,0.7781908512115479,0.6724390387535095,0.8007680177688599,0.6916927099227905,0.8248847126960754,0.6848616600036621,0.8440556526184082,0
0.6950962543487549,0.152366042137146,0.6963232755661011,0.13685262203216553,0.6973445415496826,0.13688555359840393,0.6983293294906616,0.1369209587574005,0.6922042965888977,0.13567662239074707,0.6903123259544373,0.13474392890930176,0.6881903409957886,0.13374939560890198,0.6957594752311707,0.14313995838165283,0.6815809011459351,0.1375676691532135,0.6956628561019897,0.16582736372947693,0.6904928088188171,0.1642008125782013,0.7003233432769775,0.2480650395154953,0.6565572619438171,0.21257568895816803,0.6946215629577637,0.35703104734420776,0.6433389186859131,0.3065851628780365,0.6982458233833313,0.4380362033843994,0.6623563766479492,0.3135968744754791,0.6998847723007202,0.46517425775527954,0.6653727889060974,0.32307565212249756,0.6993021965026855,0.4616078734397888,0.6697452068328857,0.31439751386642456,0.6974844336509705,0.4520285725593567,0.6686887145042419,0.3132844865322113,0.6884245276451111,0.4663247764110565,0.6634370684623718,0.4622952938079834,0.7005744576454163,0.6244720220565796,0.6836336851119995,0.6245771646499634,0.6850719451904297,0.7730122804641724,0.6746734380722046,0.7904186844825745,0.6770289540290833,0.7919881343841553,0.6701439619064331,0.8103494644165039,0.6968949437141418,0.8263217210769653,0.6873437166213989,0.8470302820205688,0
0.6957477927207947,0.15495795011520386,0.6969650983810425,0.13881915807724,0.6980152130126953,0.13890355825424194,0.6989981532096863,0.138959139585495,0.6926268339157104,0.13691943883895874,0.6906230449676514,0.13558503985404968,0.6885361671447754,0.13416093587875366,0.6962934136390686,0.14355367422103882,0.6825482845306396,0.1364225447177887,0.6960690021514893,0.1678798496723175,0.6907869577407837,0.1659872829914093,0.7008010745048523,0.24769043922424316,0.6564836502075195,0.2094925493001938,0.6949704885482788,0.3605440557003021,0.6437941193580627,0.3098355829715729,0.6972714066505432,0.44515126943588257,0.6647141575813293,0.33201903104782104,0.6990165114402771,0.4734222888946533,0.6674612760543823,0.34470945596694946,0.6983426213264465,0.47008416056632996,0.6728820204734802,0.33560749888420105,0.6964645385742188,0.46004247665405273,0.6718030571937561,0.33302682638168335,0.690507709980011,0.46261894702911377,0.6650318503379822,0.4641328752040863,0.700610339641571,0.6271089911460876,0.6890868544578552,0.622514009475708,0.6780049204826355,0.7655166387557983,0.6779701113700867,0.7892848253250122,0.6690933704376221,0.7809817790985107,0.6726853251457214,0.8072242736816406,0.6904997825622559,0.8284327387809753,0.689059853553772,0.845562219619751,0
0.6984416842460632,0.15217521786689758,0.6992363929748535,0.13611650466918945,0.7001256346702576,0.13616561889648438,0.7009962201118469,0.1361786127090454,0.6954620480537415,0.13435691595077515,0.6936128735542297,0.13299885392189026,0.6915756464004517,0.13144981861114502,0.6976582407951355,0.14041194319725037,0.6846542358398438,0.1334017515182495,0.6981582641601562,0.16527500748634338,0.6934161186218262,0.16347667574882507,0.701621413230896,0.24156706035137177,0.657807469367981,0.20472818613052368,0.6962488293647766,0.3518804907798767,0.6476571559906006,0.32104218006134033,0.7038746476173401,0.45356661081314087,0.6599708199501038,0.41915565729141235,0.7054024934768677,0.4823862910270691,0.6610318422317505,0.4533790647983551,0.706001341342926,0.48338642716407776,0.6676282286643982,0.44945183396339417,0.7033215761184692,0.47239431738853455,0.6690536141395569,0.4361267387866974,0.6912443041801453,0.4608629643917084,0.6654615998268127,0.46120917797088623,0.7069880962371826,0.6202504634857178,0.6888542771339417,0.623086154460907,0.688679039478302,0.7661604881286621,0.6774294972419739,0.788268506526947,0.6798484921455383,0.7837486267089844,0.672107994556427,0.8056689500808716,0.6997478008270264,0.8333446979522705,0.689378023147583,0.852587103843689,0
0.6986027359962463,0.14843043684959412,0.6997448205947876,0.13329827785491943,0.7007538676261902,0.13389113545417786,0.7017470598220825,0.13443461060523987,0.6958093643188477,0.12976187467575073,0.6939759850502014,0.1279495656490326,0.6920283436775208,0.1261005401611328,0.6989182829856873,0.13896924257278442,0.6858800649642944,0.1291232407093048,0.6985775232315063,0.1621234118938446,0.6937114596366882,0.1591985523700714,0.7020463347434998,0.2392941564321518,0.6586499810218811,0.2034948170185089,0.6952934861183167,0.35315948724746704,0.649314284324646,0.3091336488723755,0.7021844387054443,0.46096810698509216,0.6624816656112671,0.42709848284721375,0.7059831619262695,0.49352338910102844,0.6606665849685669,0.4572480320930481,0.70539391040802,0.49310192465782166,0.6673883199691772,0.4528214633464813,0.7024064660072327,0.4814830720424652,0.66892009973526,0.44074153900146484,0.6915987133979797,0.46358999609947205,0.66631019115448,0.46480831503868103,0.710198700428009,0.6225193738937378,0.6863787174224854,0.6337413191795349,0.6938884854316711,0.7492156028747559,0.680966317653656,0.781102180480957,0.6856114268302917,0.7634507417678833,0.6773027777671814,0.7947260141372681,0.7099143266677856,0.8102016448974609,0.695168137550354,0.8486431241035461,0
0.703880250453949,0.14593181014060974,0.7042168974876404,0.12991243600845337,0.7049028277397156,0.13017186522483826,0.7055688500404358,0.13038724660873413,0.700756311416626,0.12709307670593262,0.698983907699585,0.12524843215942383,0.6971675753593445,0.12297552824020386,0.7009645700454712,0.13343918323516846,0.6896170973777771,0.12563562393188477,0.7026071548461914,0.15964838862419128,0.6985369324684143,0.15780320763587952,0.7030251622200012,0.23315030336380005,0.6597561836242676,0.20037806034088135,0.6978201270103455,0.3463203012943268,0.6499401330947876,0.32344067096710205,0.7045007348060608,0.4457528591156006,0.6581535339355469,0.441098690032959,0.7075757384300232,0.4770447909832001,0.6550713181495667,0.4751170575618744,0.7070102691650391,0.47503969073295593,0.6626214385032654,0.4750750660896301,0.7044603824615479,0.46459850668907166,0.6635400056838989,0.462520956993103,0.6925579309463501,0.45582568645477295,0.6694295406341553,0.45725515484809875,0.6973907351493835,0.635295569896698,0.6845192313194275,0.6359758973121643,0.6882300972938538,0.7866183519363403,0.6815555691719055,0.8070131540298462,0.6809090971946716,0.8091493844985962,0.6769391298294067,0.8291758298873901,0.7022663354873657,0.8292679786682129,0.6964314579963684,0.8554431200027466,0
0.7051064968109131,0.1461193859577179,0.705417275428772,0.1310756802558899,0.7060314416885376,0.13142070174217224,0.7066001296043396,0.1318066120147705,0.7019082903862,0.12790271639823914,0.7000023126602173,0.12588050961494446,0.6979836821556091,0.12366077303886414,0.7014878392219543,0.13466981053352356,0.6904925107955933,0.12460502982139587,0.7035510540008545,0.15946078300476074,0.6995142698287964,0.15773522853851318,0.7027345895767212,0.234471395611763,0.6608328223228455,0.1972489058971405,0.6988137364387512,0.35014253854751587,0.6519895792007446,0.3145316243171692,0.7059049606323242,0.44566258788108826,0.6650452017784119,0.4351694881916046,0.7100863456726074,0.479085236787796,0.6678102016448975,0.4654987156391144,0.7131983041763306,0.4822464883327484,0.6743995547294617,0.46019870042800903,0.7098826169967651,0.4717434346675873,0.6755290627479553,0.4478100836277008,0.6925919651985168,0.4592568576335907,0.6700765490531921,0.46152153611183167,0.6985159516334534,0.616063117980957,0.690376341342926,0.6334279179573059,0.6873130202293396,0.7650933861732483,0.6861533522605896,0.7885715961456299,0.67961186170578,0.7841411828994751,0.6808714866638184,0.8083560466766357,0.6974261999130249,0.8117207288742065,0.6958847045898438,0.8401014804840088,0
0.7060195207595825,0.14054936170578003,0.7066054344177246,0.12657824158668518,0.7072484493255615,0.12700626254081726,0.7078414559364319,0.12735649943351746,0.7032036185264587,0.12306281924247742,0.7014113068580627,0.12092649936676025,0.6995977163314819,0.11867555975914001,0.7033330798149109,0.12983572483062744,0.6929203867912292,0.11978223919868469,0.7043234705924988,0.15324410796165466,0.7004030346870422,0.15133196115493774,0.7017877101898193,0.2270612120628357,0.6656944155693054,0.18940231204032898,0.6884170174598694,0.3292197287082672,0.652748703956604,0.28911662101745605,0.7000148296356201,0.41073429584503174,0.6663691401481628,0.40684807300567627,0.7042356729507446,0.437712162733078,0.6689050197601318,0.4387087821960449,0.705619752407074,0.43750298023223877,0.67589271068573,0.4375644326210022,0.7028541564941406,0.4288827180862427,0.6767178773880005,0.4243469834327698,0.6952801942825317,0.44968417286872864,0.6753856539726257,0.4501883387565613,0.702307403087616,0.6188580393791199,0.6861988306045532,0.6324132680892944,0.6960148215293884,0.7593171000480652,0.6866721510887146,0.7798491716384888,0.6900904774665833,0.7803460955619812,0.6827083826065063,0.7996546030044556,0.7120198011398315,0.808197021484375,0.6989188194274902,0.8312637805938721,0
0.7073138952255249,0.13846760988235474,0.7081087827682495,0.12509092688560486,0.7088413834571838,0.12595638632774353,0.7095059156417847,0.1266828179359436,0.7043257355690002,0.12043619155883789,0.7023941278457642,0.11796829104423523,0.7002997398376465,0.11537358164787292,0.7051650881767273,0.13021603226661682,0.6935250759124756,0.11788773536682129,0.7059289216995239,0.15225926041603088,0.7013632655143738,0.14998477697372437,0.7060658931732178,0.23710139095783234,0.6627182364463806,0.19209346175193787,0.6996114253997803,0.3504284918308258,0.6520743370056152,0.3195686638355255,0.7061526775360107,0.4458647668361664,0.6629519462585449,0.42908063530921936,0.7105939984321594,0.4810110628604889,0.661531925201416,0.4702380299568176,0.7093834280967712,0.478797048330307,0.6702234148979187,0.45949116349220276,0.7079323530197144,0.4734404385089874,0.6710296273231506,0.4527100920677185,0.6955578327178955,0.45397722721099854,0.6702374219894409,0.4527316689491272,0.6986590623855591,0.6396560668945312,0.6834082007408142,0.6463685035705566,0.6958171725273132,0.7718809843063354,0.6799508929252625,0.7977573871612549,0.6904920935630798,0.7922120690345764,0.6769103407859802,0.8158544301986694,0.7119080424308777,0.8173723816871643,0.6918942332267761,0.8457306027412415,0
0.7062957882881165,0.13502556085586548,0.7076268196105957,0.12083780765533447,0.7086713910102844,0.12202620506286621,0.7096920609474182,0.1231670081615448,0.7033463716506958,0.11598864197731018,0.7013645768165588,0.1137838065624237,0.6993374824523926,0.1114688515663147,0.7062236070632935,0.12809276580810547,0.693790078163147,0.11541092395782471,0.705496072769165,0.14932048320770264,0.7005716562271118,0.14678147435188293,0.7074225544929504,0.2311348021030426,0.6639885902404785,0.18571984767913818,0.6974377036094666,0.34954899549484253,0.6540368795394897,0.3037441372871399,0.706754207611084,0.4468030035495758,0.6645934581756592,0.4191814661026001,0.7113707065582275,0.47960391640663147,0.6659514307975769,0.454345703125,0.7111271619796753,0.478532075881958,0.6703392863273621,0.452359139919281,0.7077374458312988,0.4668794870376587,0.6721174120903015,0.4368932843208313,0.6956425309181213,0.4502432346343994,0.6705067753791809,0.4464385509490967,0.7018836736679077,0.6390432119369507,0.679013192653656,0.6603657603263855,0.7015780806541443,0.7367320656776428,0.6834722757339478,0.7610654234886169,0.6974921822547913,0.7498763799667358,0.6806324124336243,0.7708401679992676,0.7157204747200012,0.7803589105606079,0.6996940970420837,0.8130548000335693,0
0.7089610695838928,0.14138975739479065,0.7098466157913208,0.1269681453704834,0.7104854583740234,0.1271604299545288,0.7110859751701355,0.1272457242012024,0.706577718257904,0.12397310137748718,0.7048740983009338,0.12184610962867737,0.7030329704284668,0.11938786506652832,0.7067197561264038,0.12868106365203857,0.6966350078582764,0.11890485882759094,0.7072831988334656,0.1531006395816803,0.7034547924995422,0.15239083766937256,0.7066875100135803,0.22650791704654694,0.6665418148040771,0.18630707263946533,0.694968044757843,0.3482893705368042,0.6523920297622681,0.305044025182724,0.7006363272666931,0.4439149796962738,0.6571370363235474,0.42183029651641846,0.7043245434761047,0.47621938586235046,0.6532238125801086,0.4556385278701782,0.7042906880378723,0.4754082262516022,0.6642727255821228,0.4614754617214203,0.7012221813201904,0.46382632851600647,0.6660714745521545,0.4490528702735901,0.6931653618812561,0.4492035508155823,0.6698039174079895,0.44855719804763794,0.7003206610679626,0.630852460861206,0.6763824820518494,0.6536815762519836,0.7008163332939148,0.7404409646987915,0.6831296682357788,0.7722759246826172,0.6961374878883362,0.7565838694572449,0.6804524064064026,0.7848763465881348,0.717370331287384,0.7837927341461182,0.7016035318374634,0.8283748626708984,0
0.7111725807189941,0.1381092369556427,0.7109817266464233,0.12299507856369019,0.7114872336387634,0.12337347865104675,0.7119613885879517,0.1237637996673584,0.708034098148346,0.12028330564498901,0.706474781036377,0.11866194009780884,0.7048500776290894,0.11661136150360107,0.7070577144622803,0.12759333848953247,0.6982942819595337,0.11956796050071716,0.709458589553833,0.15070563554763794,0.7059592008590698,0.1503915786743164,0.705089271068573,0.23269516229629517,0.6697178483009338,0.1891290545463562,0.6949158310890198,0.3485267758369446,0.6590908169746399,0.3032405376434326,0.7029224634170532,0.44767409563064575,0.6650232672691345,0.42434394359588623,0.7066444158554077,0.48035889863967896,0.6623836755752563,0.46269893646240234,0.7071136832237244,0.4794541299343109,0.6666826009750366,0.45958805084228516,0.7042396068572998,0.46812623739242554,0.6689464449882507,0.4460982382297516,0.6920925378799438,0.4561208188533783,0.6735411882400513,0.45393016934394836,0.7009024024009705,0.6434571743011475,0.6807620525360107,0.6594932675361633,0.7033977508544922,0.7365554571151733,0.6878415942192078,0.7549271583557129,0.6991152763366699,0.7519078850746155,0.6846936941146851,0.7656022310256958,0.7212433815002441,0.7697296142578125,0.7077748775482178,0.8018515110015869,0
0.7077658176422119,0.1317543387413025,0.7103607654571533,0.11668872833251953,0.7117369174957275,0.11800453066825867,0.7131290435791016,0.1194407045841217,0.7059176564216614,0.11272761225700378,0.7040554881095886,0.11105194687843323,0.7019854784011841,0.10917627811431885,0.7115116715431213,0.12787798047065735,0.6963209509849548,0.11281964182853699,0.7080825567245483,0.1500435173511505,0.7024131417274475,0.1449640691280365,0.7118964195251465,0.23604744672775269,0.667145311832428,0.1879579722881317,0.6985097527503967,0.35021287202835083,0.6586012840270996,0.30846524238586426,0.7024518251419067,0.4113742709159851,0.6723989844322205,0.4212961196899414,0.7049827575683594,0.4345289468765259,0.6714130640029907,0.4582310914993286,0.7057388424873352,0.4307475686073303,0.6808861494064331,0.4556502401828766,0.7030627131462097,0.4224282503128052,0.6820887923240662,0.4429818093776703,0.6995795369148254,0.4731113612651825,0.6716383099555969,0.4776620864868164,0.7115300893783569,0.6788466572761536,0.6772456169128418,0.7196149826049805,0.7207177877426147,0.7253378629684448,0.6932736039161682,0.761292576789856,0.7192249894142151,0.7300005555152893,0.6935769319534302,0.7571021318435669,0.731663167476654,0.7599787712097168,0.7082379460334778,0.814328134059906,0
0.7118877172470093,0.13668736815452576,0.7133757472038269,0.12205585837364197,0.7144438028335571,0.12309110164642334,0.7154545783996582,0.1241534948348999,0.7090688943862915,0.11830741167068481,0.7071534395217896,0.11668181419372559,0.7051262259483337,0.1148565411567688,0.7119427919387817,0.12979549169540405,0.699196994304657,0.11930343508720398,0.7112569212913513,0.15112411975860596,0.7059872150421143,0.14847132563591003,0.7118580937385559,0.2357245236635208,0.6708937883377075,0.19116365909576416,0.7019959092140198,0.35334330797195435,0.6612589955329895,0.32079875469207764,0.7081980109214783,0.4592420160770416,0.6734496355056763,0.4432169497013092,0.7113358974456787,0.49103662371635437,0.6713510751724243,0.47435855865478516,0.7102988958358765,0.48788389563560486,0.6788956522941589,0.46636101603507996,0.7074519395828247,0.476173996925354,0.6798498630523682,0.45946282148361206,0.6962783336639404,0.45441633462905884,0.6708388924598694,0.4511161148548126,0.7069101929664612,0.6452338099479675,0.6825191974639893,0.6523654460906982,0.6978409290313721,0.7571533918380737,0.6841944456100464,0.7688494324684143,0.691481351852417,0.7712584137916565,0.6806314587593079,0.7786381244659424,0.7133910655975342,0.8072137832641602,0.7002253532409668,0.8317315578460693,0
0.7181112170219421,0.1456577181816101,0.7181702852249146,0.12942448258399963,0.7184526920318604,0.12913760542869568,0.7186843752861023,0.12880924344062805,0.7157337665557861,0.12737944722175598,0.7142276167869568,0.12546703219413757,0.7126060128211975,0.12324357032775879,0.7127628326416016,0.1291469931602478,0.7043330073356628,0.12147775292396545,0.7157200574874878,0.1570572555065155,0.7125751972198486,0.15660160779953003,0.7118288278579712,0.23524677753448486,0.6720539927482605,0.1914941966533661,0.7022802829742432,0.35117965936660767,0.66100013256073,0.31942373514175415,0.7085819244384766,0.45476198196411133,0.6607993245124817,0.4402458369731903,0.7120237946510315,0.4853570759296417,0.6560622453689575,0.47692468762397766,0.7122513055801392,0.4830749034881592,0.6652664542198181,0.4821910858154297,0.7092788219451904,0.47204551100730896,0.6672974824905396,0.4692908525466919,0.6975409388542175,0.4552294909954071,0.6714625954627991,0.4551320970058441,0.7051109671592712,0.6523831486701965,0.680505633354187,0.6585848927497864,0.696479082107544,0.7541145086288452,0.6827590465545654,0.7657363414764404,0.6901795268058777,0.7675656080245972,0.6794995069503784,0.7751203775405884,0.7121400237083435,0.8000353574752808,0.6988815069198608,0.8257551193237305,0
0.7176637053489685,0.14469003677368164,0.7182333469390869,0.12787526845932007,0.7188113331794739,0.1281311810016632,0.7193667888641357,0.12832030653953552,0.715257465839386,0.1253429651260376,0.713735818862915,0.1236802339553833,0.7120076417922974,0.12168082594871521,0.7144091725349426,0.13224944472312927,0.7048106789588928,0.12233269214630127,0.7159594297409058,0.15953844785690308,0.7123481035232544,0.15646407008171082,0.7140685319900513,0.24008962512016296,0.6702503561973572,0.191290020942688,0.6991133093833923,0.36017656326293945,0.6577789783477783,0.32266050577163696,0.7062492966651917,0.44978392124176025,0.6621954441070557,0.44978123903274536,0.7099369764328003,0.4796188771724701,0.6540881395339966,0.4817805588245392,0.7109986543655396,0.47883182764053345,0.6649770736694336,0.4838375151157379,0.7077268958091736,0.46802985668182373,0.6670936942100525,0.47026127576828003,0.7028186321258545,0.4820544421672821,0.6734927296638489,0.4841475784778595,0.7124894857406616,0.6931061744689941,0.6782640814781189,0.7264281511306763,0.7129443883895874,0.7327443361282349,0.6876364350318909,0.7673380970954895,0.7097829580307007,0.735385000705719,0.6867831349372864,0.7641878128051758,0.7237719893455505,0.7693315744400024,0.7011381387710571,0.8190152645111084,0
0.7183120846748352,0.14501729607582092,0.7193635106086731,0.12870553135871887,0.7202950716018677,0.12938883900642395,0.7212474346160889,0.13003551959991455,0.7153897881507874,0.12487789988517761,0.7134987115859985,0.1227942705154419,0.7116841673851013,0.12072452902793884,0.7170125842094421,0.1332334578037262,0.7053149938583374,0.121863454580307,0.716855525970459,0.15883201360702515,0.7120715975761414,0.15495169162750244,0.7152003049850464,0.23334668576717377,0.6745657920837402,0.187098890542984,0.7008600831031799,0.3516364097595215,0.6610879302024841,0.3147679567337036,0.7050523161888123,0.4546886682510376,0.664556622505188,0.44002676010131836,0.7076390385627747,0.4874824285507202,0.6593808531761169,0.47655966877937317,0.7078475952148438,0.4869595468044281,0.6684755682945251,0.47866013646125793,0.7016618251800537,0.46170663833618164,0.6700740456581116,0.4654639959335327,0.699410617351532,0.4639570415019989,0.6733627915382385,0.46748876571655273,0.7052833437919617,0.6496946215629578,0.6824158430099487,0.6696078181266785,0.6948904395103455,0.7509828805923462,0.6800133585929871,0.7678104639053345,0.6885421276092529,0.7629978656768799,0.6755712628364563,0.7746925354003906,0.7090360522270203,0.801101565361023,0.6956118941307068,0.8299393057823181,0
0.7227091789245605,0.15062987804412842,0.72309809923172,0.13372492790222168,0.7237527966499329,0.1339614987373352,0.7243869304656982,0.13410437107086182,0.7197480201721191,0.13053789734840393,0.7179230451583862,0.12839341163635254,0.7161993384361267,0.12621158361434937,0.7190904021263123,0.1359742283821106,0.7082110643386841,0.12560445070266724,0.7208921313285828,0.16491222381591797,0.7168422937393188,0.1626887321472168,0.7152698636054993,0.23349207639694214,0.677805483341217,0.1897786259651184,0.6957735419273376,0.3531465232372284,0.6617087721824646,0.31321531534194946,0.7032181024551392,0.46604618430137634,0.6656076908111572,0.4513336718082428,0.7057346105575562,0.5012773275375366,0.6605888605117798,0.4823816120624542,0.701846718788147,0.48497048020362854,0.6700260639190674,0.4957650601863861,0.7014147639274597,0.4804236888885498,0.6716533303260803,0.48202595114707947,0.6996461749076843,0.4741396903991699,0.6739723086357117,0.4767206013202667,0.7100120782852173,0.6645585298538208,0.6875187158584595,0.6934773921966553,0.7008517384529114,0.7470680475234985,0.6837553977966309,0.761471152305603,0.6946485042572021,0.7569422721862793,0.6785640716552734,0.7627162337303162,0.7159854173660278,0.789383590221405,0.7008271217346191,0.818220853805542,0
0.0,0.0,0.0,0.0,0.0,0.0,0.0,0.0,0.0,0.0,0.0,0.0,0.0,0.0,0.0,0.0,0.0,0.0,0.0,0.0,0.0,0.0,0.0,0.0,0.0,0.0,0.0,0.0,0.0,0.0,0.0,0.0,0.0,0.0,0.0,0.0,0.0,0.0,0.0,0.0,0.0,0.0,0.0,0.0,0.0,0.0,0.0,0.0,0.0,0.0,0.0,0.0,0.0,0.0,0.0,0.0,0.0,0.0,0.0,0.0,0.0,0.0,0.0,0.0,0.0,0.0,0
0.7279790043830872,0.16348743438720703,0.7283124327659607,0.14490637183189392,0.7290518879890442,0.14512699842453003,0.7297747731208801,0.14535751938819885,0.7248621582984924,0.14170145988464355,0.7231874465942383,0.13967746496200562,0.7213023900985718,0.137498140335083,0.7252151966094971,0.1482435166835785,0.7133806347846985,0.13789278268814087,0.7268164157867432,0.1759258508682251,0.722286581993103,0.17328211665153503,0.7224460244178772,0.25829026103019714,0.6810452342033386,0.20569157600402832,0.7106244564056396,0.37470871210098267,0.6683006882667542,0.3342288136482239,0.7173053622245789,0.4717594087123871,0.68436598777771,0.4360826313495636,0.7191975116729736,0.5042169094085693,0.6841430068016052,0.4678634703159332,0.7182212471961975,0.498832643032074,0.6915667057037354,0.46683409810066223,0.7157014012336731,0.4869660437107086,0.6912310123443604,0.4552174210548401,0.6989564299583435,0.46989792585372925,0.6702803373336792,0.46486926078796387,0.7202358245849609,0.6358420848846436,0.6899084448814392,0.6488121151924133,0.6978651881217957,0.7351627349853516,0.686782956123352,0.7418478727340698,0.6900149583816528,0.7435035109519958,0.6828124523162842,0.7436133623123169,0.7083879709243774,0.7927761077880859,0.6995954513549805,0.811040997505188,0
0.7292218804359436,0.16717973351478577,0.7300189137458801,0.14926430583000183,0.7307538390159607,0.14969679713249207,0.7314627766609192,0.15012875199317932,0.7266542911529541,0.14631742238998413,0.7250099778175354,0.14452794194221497,0.723437488079071,0.14273697137832642,0.726662278175354,0.154524564743042,0.7169889807701111,0.14371412992477417,0.727830708026886,0.18250355124473572,0.7237877249717712,0.17899653315544128,0.7198324799537659,0.2502826154232025,0.6859017014503479,0.20581337809562683,0.7005563974380493,0.35562899708747864,0.6702530384063721,0.32454073429107666,0.7072450518608093,0.45834559202194214,0.6763348579406738,0.44225841760635376,0.7106186151504517,0.4916233718395233,0.6732749342918396,0.4770039916038513,0.7117033004760742,0.4934025704860687,0.6808803677558899,0.4784349203109741,0.70909184217453,0.4822150766849518,0.6821656823158264,0.4671698212623596,0.7004814147949219,0.4863865375518799,0.677154541015625,0.47797414660453796,0.7156863808631897,0.6658581495285034,0.701294481754303,0.6914244890213013,0.6994068026542664,0.7265484929084778,0.6853871941566467,0.7232597470283508,0.6930479407310486,0.7295891046524048,0.6786450743675232,0.7154414653778076,0.7097282409667969,0.7699978947639465,0.6977254152297974,0.7789931893348694,0
0.7318295836448669,0.18157649040222168,0.7335654497146606,0.16295897960662842,0.7340882420539856,0.16307878494262695,0.7345433235168457,0.16313302516937256,0.7306607961654663,0.1599307656288147,0.728905439376831,0.15722408890724182,0.7275018692016602,0.15513712167739868,0.7288097143173218,0.16450369358062744,0.7211738228797913,0.15368619561195374,0.7292320132255554,0.19558218121528625,0.7254698872566223,0.1916622817516327,0.7191501259803772,0.26092788577079773,0.6881015300750732,0.2159523367881775,0.7089412212371826,0.3621276021003723,0.6731504797935486,0.3137674331665039,0.7178153395652771,0.4559422731399536,0.6858328580856323,0.4004251956939697,0.7213735580444336,0.4868415296077728,0.6848395466804504,0.4276615083217621,0.722443699836731,0.4863691031932831,0.6913570761680603,0.4249637722969055,0.7199293375015259,0.4757620394229889,0.691688060760498,0.41638612747192383,0.7012384533882141,0.48331302404403687,0.6770956516265869,0.477317750453949,0.7150489687919617,0.6681012511253357,0.700164258480072,0.6849265098571777,0.7044560313224792,0.7423002123832703,0.6907984614372253,0.7375678420066833,0.6988340616226196,0.7498765587806702,0.6848268508911133,0.7360356450080872,0.7163350582122803,0.7824582457542419,0.7057490944862366,0.7887072563171387,0
0.7332268953323364,0.18817856907844543,0.7363758683204651,0.1733560562133789,0.7375018000602722,0.17439937591552734,0.7385596632957458,0.17540746927261353,0.7322373986244202,0.1679718792438507,0.7306392788887024,0.16564300656318665,0.7291039824485779,0.16321569681167603,0.7342042922973633,0.17794567346572876,0.7232259511947632,0.16205745935440063,0.7317103147506714,0.20453956723213196,0.7270006537437439,0.19839808344841003,0.7255241870880127,0.2770562469959259,0.6924657225608826,0.22278359532356262,0.7122880816459656,0.39400947093963623,0.6754019856452942,0.3485186696052551,0.7240831851959229,0.4985677897930145,0.6858255863189697,0.4400082230567932,0.7282822728157043,0.5291764140129089,0.6839077472686768,0.4674798250198364,0.7287318110466003,0.5290995240211487,0.6898544430732727,0.46398383378982544,0.725572943687439,0.5181986689567566,0.6911272406578064,0.45816630125045776,0.7011881470680237,0.4961682856082916,0.6777350902557373,0.4876014292240143,0.7230895757675171,0.6668975353240967,0.7108241319656372,0.7003258466720581,0.6957831978797913,0.7275986671447754,0.6834214329719543,0.7221939563751221,0.6880879998207092,0.7267251014709473,0.6750001311302185,0.7082371711730957,0.7030497193336487,0.7811967730522156,0.6920326352119446,0.7861710786819458,0
0.7375524044036865,0.20702949166297913,0.7402791976928711,0.1903652548789978,0.7411831021308899,0.19094786047935486,0.7420412302017212,0.19145190715789795,0.736740231513977,0.1855519413948059,0.7353413105010986,0.18287071585655212,0.7340121865272522,0.17952224612236023,0.7373813390731812,0.1916697919368744,0.7280005812644958,0.17628267407417297,0.7353876829147339,0.22111913561820984,0.731340229511261,0.214442640542984,0.7261042594909668,0.2809399962425232,0.6954387426376343,0.22669246792793274,0.7124760150909424,0.39012041687965393,0.6753488779067993,0.3428720235824585,0.7214474081993103,0.45755356550216675,0.6866379380226135,0.4582079350948334,0.725101888179779,0.47594335675239563,0.6846580505371094,0.49014413356781006,0.7276839017868042,0.47581493854522705,0.6920913457870483,0.49068737030029297,0.7249545454978943,0.4695853888988495,0.6929588913917542,0.47653526067733765,0.7022610902786255,0.5023183822631836,0.6778916120529175,0.4838526248931885,0.7269494533538818,0.6779226064682007,0.717186689376831,0.703503429889679,0.691585123538971,0.7201440930366516,0.6790875196456909,0.731090247631073,0.6829712986946106,0.7130092978477478,0.6682520508766174,0.7158511877059937,0.6948513388633728,0.777441680431366,0.6865033507347107,0.8045095801353455,0
0.7423453330993652,0.21797332167625427,0.7449853420257568,0.2020992934703827,0.7459551095962524,0.2033015489578247,0.7469412088394165,0.20454499125480652,0.7410253882408142,0.1964353621006012,0.7392477989196777,0.19354718923568726,0.737451434135437,0.19054323434829712,0.7420640587806702,0.20787277817726135,0.730431854724884,0.19014498591423035,0.7399650812149048,0.23359593749046326,0.735172688961029,0.22887545824050903,0.7292943596839905,0.2994113862514496,0.692027747631073,0.2451380491256714,0.7154178619384766,0.44065672159194946,0.6724963188171387,0.3766239881515503,0.7268261313438416,0.5144765377044678,0.6839593052864075,0.4764331579208374,0.7312034368515015,0.5364017486572266,0.6834788918495178,0.5031930208206177,0.7325830459594727,0.5328819751739502,0.6891847252845764,0.5065537691116333,0.7290300130844116,0.5244343876838684,0.6901192665100098,0.4918603003025055,0.7027055621147156,0.5343921780586243,0.6747483611106873,0.5182626247406006,0.7258284687995911,0.7137566804885864,0.7069638967514038,0.7481249570846558,0.7031406760215759,0.7322219014167786,0.6841930150985718,0.7151195406913757,0.6978727579116821,0.722135066986084,0.6783149838447571,0.6878743171691895,0.7043878436088562,0.7829668521881104,0.6880164742469788,0.7766481041908264,0
0.7430616021156311,0.237900972366333,0.7457258105278015,0.22323861718177795,0.7466740012168884,0.2238028645515442,0.7476418614387512,0.2243688702583313,0.7421629428863525,0.21891701221466064,0.7406900525093079,0.21640828251838684,0.7393949031829834,0.2139330804347992,0.7437094449996948,0.22542932629585266,0.7340371012687683,0.2111271619796753,0.7412378191947937,0.2526082396507263,0.7366674542427063,0.2466883361339569,0.7291952967643738,0.3103141784667969,0.7010219693183899,0.26042845845222473,0.7218772768974304,0.4512673318386078,0.6836837530136108,0.37270617485046387,0.7312484383583069,0.5649619698524475,0.6969355940818787,0.4893561005592346,0.7352688908576965,0.599029541015625,0.6911537051200867,0.5153927803039551,0.7349480986595154,0.5962225794792175,0.69752037525177,0.5195485353469849,0.7316868305206299,0.5835176110267639,0.7027507424354553,0.5109863877296448,0.6985041499137878,0.5162975788116455,0.6758455038070679,0.5098506808280945,0.7253292202949524,0.6804074645042419,0.7088475227355957,0.7119243741035461,0.7081947922706604,0.7395777702331543,0.6930772662162781,0.7271547317504883,0.7022523880004883,0.7398699522018433,0.6872724294662476,0.7134849429130554,0.7147928476333618,0.7896448373794556,0.7012388110160828,0.7839471101760864,0
0.7452552914619446,0.2531771659851074,0.7481001615524292,0.23858168721199036,0.7489962577819824,0.23922500014305115,0.7499272227287292,0.2397879958152771,0.7448360919952393,0.23352324962615967,0.7435647249221802,0.23070776462554932,0.742421567440033,0.227848082780838,0.7459890842437744,0.23918417096138,0.7366804480552673,0.2243708372116089,0.7429900765419006,0.2668277323246002,0.7392092943191528,0.26057156920433044,0.7322040796279907,0.3302902579307556,0.7012842297554016,0.27251994609832764,0.7237158417701721,0.46465909481048584,0.6756709218025208,0.38320139050483704,0.7383931875228882,0.5795914530754089,0.6876602172851562,0.5107225179672241,0.7431027889251709,0.6037853956222534,0.6856575608253479,0.5442537665367126,0.7434078454971313,0.602167010307312,0.691978931427002,0.5460683107376099,0.7382219433784485,0.5923284888267517,0.6930579543113708,0.5327903032302856,0.7006616592407227,0.540103018283844,0.6776471734046936,0.5306922793388367,0.7192094922065735,0.7218684554100037,0.7006722688674927,0.7440235614776611,0.7033389806747437,0.7317783236503601,0.6889578700065613,0.7106964588165283,0.6994379758834839,0.7220669984817505,0.6857945919036865,0.68788743019104,0.7058941721916199,0.775043785572052,0.6919155716896057,0.7588475346565247,0
0.749523937702179,0.2773217260837555,0.7520333528518677,0.25995075702667236,0.7525960206985474,0.25982388854026794,0.7531116604804993,0.25965070724487305,0.7495236396789551,0.2564588487148285,0.7483558654785156,0.2538847327232361,0.7471892833709717,0.2511497437953949,0.7480210661888123,0.25690361857414246,0.7403374910354614,0.24593007564544678,0.7463765144348145,0.28948500752449036,0.7432446479797363,0.2855490744113922,0.7338646650314331,0.3470762372016907,0.7051748037338257,0.29081177711486816,0.7245662212371826,0.4692326784133911,0.685836911201477,0.4187711477279663,0.7406722903251648,0.5743827819824219,0.7027809619903564,0.5399237871170044,0.7507876753807068,0.5947909355163574,0.6975363492965698,0.5652879476547241,0.7480646967887878,0.6022484302520752,0.7037359476089478,0.5718899965286255,0.7451440095901489,0.58565354347229,0.7063497304916382,0.5590567588806152,0.7042183876037598,0.5400852560997009,0.6747432947158813,0.5232483744621277,0.7364168763160706,0.6749445796012878,0.6914050579071045,0.730900764465332,0.7135390639305115,0.7134624123573303,0.6926734447479248,0.7226186990737915,0.7064887285232544,0.7125712633132935,0.6909255385398865,0.7041816115379333,0.7217139601707458,0.753656268119812,0.7018443942070007,0.7758738398551941,0
0.7486652731895447,0.3006661534309387,0.752053439617157,0.2852618098258972,0.7527732849121094,0.2852800488471985,0.7534353733062744,0.2850748896598816,0.7491011023521423,0.2803748846054077,0.7477959990501404,0.27701351046562195,0.746418833732605,0.2732757031917572,0.7495537996292114,0.2806745767593384,0.7400280833244324,0.26560357213020325,0.7458091974258423,0.31032702326774597,0.7419614791870117,0.30562275648117065,0.7391517162322998,0.3641895055770874,0.7019222378730774,0.3040649890899658,0.7273069024085999,0.48489922285079956,0.6764007210731506,0.4122921824455261,0.7464872598648071,0.5822955965995789,0.6950663328170776,0.5515435934066772,0.7489528656005859,0.6086742877960205,0.6952932476997375,0.5835199356079102,0.7502630949020386,0.6052591800689697,0.70253586769104,0.5790767669677734,0.7482829093933105,0.5895867347717285,0.7030882239341736,0.5774134397506714,0.7024950981140137,0.5350660681724548,0.6731932163238525,0.5180327892303467,0.73857581615448,0.6642882823944092,0.6960271596908569,0.6920236349105835,0.7026711106300354,0.7073266506195068,0.6886805891990662,0.6986842155456543,0.6935661435127258,0.7025275826454163,0.6852453947067261,0.6793680787086487,0.7069917321205139,0.7598752975463867,0.6950645446777344,0.763616144657135,0
0.7507876753807068,0.326630562543869,0.7531382441520691,0.31082791090011597,0.7534710168838501,0.3097468614578247,0.7538266181945801,0.3083171546459198,0.7515597343444824,0.30961641669273376,0.750698447227478,0.3073946535587311,0.7498913407325745,0.30494555830955505,0.7493181824684143,0.2998098134994507,0.7435275912284851,0.2940051257610321,0.7477532625198364,0.3325250446796417,0.7451318502426147,0.330947607755661,0.7342227697372437,0.35736605525016785,0.7071188688278198,0.32986223697662354,0.7245257496833801,0.47185856103897095,0.6940523386001587,0.46349433064460754,0.7417452335357666,0.5675849914550781,0.6999005675315857,0.5761777758598328,0.7481449246406555,0.591055154800415,0.6979336142539978,0.6073670387268066,0.7495681047439575,0.5933786034584045,0.7068547606468201,0.6026448607444763,0.7453916072845459,0.5854657292366028,0.7067190408706665,0.5869249105453491,0.698854923248291,0.52348792552948,0.678761899471283,0.5278338193893433,0.7329550981521606,0.6454387903213501,0.7180083394050598,0.7043420672416687,0.6942388415336609,0.7113415002822876,0.6846573352813721,0.7135627269744873,0.6858643889427185,0.711283802986145,0.6774235963821411,0.6958324909210205,0.6962807178497314,0.7612581253051758,0.6859405636787415,0.7758930921554565,0
0.7481115460395813,0.3374773859977722,0.7518813014030457,0.32622092962265015,0.7525299191474915,0.32719337940216064,0.753132700920105,0.3279894292354584,0.749275267124176,0.31956034898757935,0.7482747435569763,0.3162022829055786,0.747313916683197,0.3126268982887268,0.7490191459655762,0.32245829701423645,0.7424127459526062,0.30449268221855164,0.7442449331283569,0.34578898549079895,0.7411162853240967,0.33947041630744934,0.7347558736801147,0.38029220700263977,0.708288311958313,0.33056944608688354,0.737951934337616,0.501013994216919,0.6968674063682556,0.4484873116016388,0.7553873062133789,0.5738444328308105,0.7131518125534058,0.5490774512290955,0.7616199254989624,0.5975599884986877,0.7136075496673584,0.5777562260627747,0.7624975442886353,0.5935533046722412,0.7197627425193787,0.5743069052696228,0.7583653330802917,0.5844867825508118,0.719585657119751,0.564728319644928,0.705699622631073,0.5443931818008423,0.6801567673683167,0.5466521978378296,0.7456206679344177,0.6876814365386963,0.7088934183120728,0.7276411056518555,0.7273309826850891,0.7216606140136719,0.6978487968444824,0.7184197306632996,0.7208537459373474,0.7176284790039062,0.6930928826332092,0.6983328461647034,0.7335569262504578,0.7658538222312927,0.7046293020248413,0.7761775851249695,0
0.7538148760795593,0.36288613080978394,0.7564607262611389,0.3483850061893463,0.7564719915390015,0.3476521372795105,0.756441593170166,0.3467799127101898,0.755499005317688,0.3464924395084381,0.7545055150985718,0.3438066244125366,0.7537259459495544,0.3410392105579376,0.7510634660720825,0.3378347158432007,0.7461984753608704,0.32715165615081787,0.7494669556617737,0.3689382076263428,0.7472450733184814,0.36653193831443787,0.735908031463623,0.3855835199356079,0.7084238529205322,0.3590548038482666,0.7285487651824951,0.4977526366710663,0.6969591379165649,0.4895401895046234,0.7459543347358704,0.5781283974647522,0.7023739814758301,0.6073991060256958,0.7518253326416016,0.5988689661026001,0.7006266117095947,0.6395819187164307,0.7532099485397339,0.5977244973182678,0.7088776230812073,0.6323969960212708,0.7489910125732422,0.5904338955879211,0.7061182260513306,0.6277605295181274,0.6954323649406433,0.5486884713172913,0.6727104783058167,0.5444919466972351,0.7369177937507629,0.6248952150344849,0.7108690142631531,0.6875758171081543,0.701010525226593,0.6875650882720947,0.6855552196502686,0.695796012878418,0.691961407661438,0.6866775155067444,0.6782433986663818,0.6759322285652161,0.7037174105644226,0.7391256093978882,0.6900754570960999,0.7628850936889648,0
0.7540873289108276,0.37851211428642273,0.7560858130455017,0.3629421293735504,0.7560732960700989,0.36212459206581116,0.7560672760009766,0.3612411618232727,0.7549017071723938,0.36083146929740906,0.7541512250900269,0.3585398197174072,0.7533193826675415,0.3558846414089203,0.7502911686897278,0.35231587290763855,0.7460388541221619,0.3447747826576233,0.7492878437042236,0.3843991160392761,0.7474251389503479,0.38342124223709106,0.7330024838447571,0.3917097747325897,0.7123768329620361,0.3812181353569031,0.7197986245155334,0.49973586201667786,0.6945967078208923,0.5131695866584778,0.741772472858429,0.5805023908615112,0.7072714567184448,0.6172890663146973,0.7471909523010254,0.5963026285171509,0.7083772420883179,0.6437576413154602,0.7504117488861084,0.5944720506668091,0.707346498966217,0.6501132845878601,0.7470824718475342,0.5955692529678345,0.7122606635093689,0.6310549974441528,0.6941595077514648,0.5492919683456421,0.6758818030357361,0.5533736348152161,0.7362927794456482,0.5874491930007935,0.7153996229171753,0.648867130279541,0.7083295583724976,0.657512903213501,0.6928116083145142,0.6779264807701111,0.7005365490913391,0.6624727845191956,0.6859949827194214,0.6654989719390869,0.7144754528999329,0.6991939544677734,0.7006254196166992,0.7399216294288635,0
0.7543928027153015,0.39106202125549316,0.7561526894569397,0.37670308351516724,0.7562688589096069,0.376573383808136,0.756378710269928,0.3763918876647949,0.7547656893730164,0.3739556670188904,0.7536511421203613,0.37134629487991333,0.7527061104774475,0.36880022287368774,0.7504880428314209,0.3703401982784271,0.74574214220047,0.36029449105262756,0.7499265670776367,0.3978828191757202,0.7472729086875916,0.3964012861251831,0.7294096946716309,0.4066908657550812,0.7126058340072632,0.3987700343132019,0.7223035097122192,0.524348258972168,0.7009693384170532,0.5432242751121521,0.7454259395599365,0.596025288105011,0.7123777866363525,0.635184645652771,0.7532421350479126,0.6097846031188965,0.7134610414505005,0.6571918725967407,0.7518844604492188,0.5990645885467529,0.7179524302482605,0.6495654582977295,0.7487871646881104,0.593120813369751,0.717195451259613,0.64199298620224,0.6873772740364075,0.5684941411018372,0.6713369488716125,0.5798099637031555,0.7337476015090942,0.5844692587852478,0.7227451205253601,0.6308561563491821,0.7008309364318848,0.6698816418647766,0.6935238838195801,0.6780838370323181,0.6919007897377014,0.6769437193870544,0.6849473118782043,0.6689848899841309,0.7055537700653076,0.7132108807563782,0.701295793056488,0.7414342761039734,0
0.7538719773292542,0.4091014862060547,0.7557421922683716,0.3960641324520111,0.755959689617157,0.39577919244766235,0.7561924457550049,0.39550262689590454,0.7536247968673706,0.39295074343681335,0.7527434229850769,0.390150785446167,0.7510916590690613,0.3865882158279419,0.7508118152618408,0.3864540755748749,0.7439394593238831,0.37527039647102356,0.7495162487030029,0.4131431579589844,0.7457164525985718,0.4096580445766449,0.7357003092765808,0.42660972476005554,0.7078015804290771,0.4043475389480591,0.735654354095459,0.5341234803199768,0.6968239545822144,0.5377961993217468,0.7554141879081726,0.6098862886428833,0.7032548785209656,0.6573604345321655,0.7621307373046875,0.6283330321311951,0.7004967927932739,0.6822873950004578,0.7625603675842285,0.6270530819892883,0.7080612778663635,0.6772208213806152,0.7578412890434265,0.6218013167381287,0.7076928615570068,0.6744922399520874,0.6959131360054016,0.5738124847412109,0.6728813052177429,0.5714738965034485,0.7367858290672302,0.5567622184753418,0.7202049493789673,0.5889905095100403,0.7069578170776367,0.6545728445053101,0.6947314143180847,0.6660324931144714,0.6981645822525024,0.6653633713722229,0.6857271194458008,0.6655915379524231,0.7115358710289001,0.6966367363929749,0.7042098641395569,0.7259827256202698,0
0.756348192691803,0.43197718262672424,0.757989764213562,0.41342079639434814,0.7578549981117249,0.41147565841674805,0.7577288746833801,0.40954720973968506,0.7567792534828186,0.4160665273666382,0.7559595108032227,0.41496822237968445,0.7547799348831177,0.4129559397697449,0.7510664463043213,0.39810463786125183,0.7461290955543518,0.39935505390167236,0.7515501379966736,0.4358241558074951,0.7496258020401001,0.439011812210083,0.7347316741943359,0.39830583333969116,0.7097710371017456,0.4631751775741577,0.7287730574607849,0.49173641204833984,0.6900385618209839,0.5853177309036255,0.7487431764602661,0.5688812136650085,0.698615550994873,0.6880766749382019,0.7565130591392517,0.576303243637085,0.6985383629798889,0.7159469127655029,0.7553148865699768,0.5772185921669006,0.7055027484893799,0.7139089703559875,0.7508944272994995,0.58445143699646,0.7060465812683105,0.692238450050354,0.6929333806037903,0.55623459815979,0.6727096438407898,0.5846349000930786,0.7366505861282349,0.600511372089386,0.7233186960220337,0.6570146083831787,0.7043877243995667,0.6714401841163635,0.6962854862213135,0.6930419206619263,0.696868360042572,0.6780655384063721,0.688931941986084,0.6840633749961853,0.7091876864433289,0.7095960378646851,0.7034798264503479,0.7504515051841736,0
0.7534013986587524,0.44056397676467896,0.7556265592575073,0.42545008659362793,0.7555528283119202,0.4246200621128082,0.7556602954864502,0.42299723625183105,0.754557192325592,0.42466315627098083,0.7538444399833679,0.4232729971408844,0.7529730796813965,0.42153656482696533,0.7497975826263428,0.4134436249732971,0.745136022567749,0.41040748357772827,0.7491046190261841,0.44382405281066895,0.7470390200614929,0.4452819228172302,0.7304610013961792,0.41813457012176514,0.7107762098312378,0.4545915722846985,0.7311025261878967,0.5143795013427734,0.69605553150177,0.5809059143066406,0.7451903223991394,0.5878105759620667,0.6988489031791687,0.7038562297821045,0.7492269277572632,0.6009269952774048,0.699112594127655,0.7339327931404114,0.7514479160308838,0.6022189855575562,0.7057226300239563,0.7315953373908997,0.7466248273849487,0.6028250455856323,0.7071555852890015,0.719517171382904,0.6902636289596558,0.5713244080543518,0.6745844483375549,0.596727728843689,0.7337132692337036,0.583400547504425,0.7213531732559204,0.6328275799751282,0.6997061967849731,0.6863964796066284,0.6891253590583801,0.7096202373504639,0.690276026725769,0.6938425302505493,0.6791388988494873,0.7021510004997253,0.7055371999740601,0.7396109104156494,0.6963787078857422,0.7836151123046875,0
0.7560907602310181,0.4616698622703552,0.7574654817581177,0.4430932402610779,0.7575837969779968,0.4403882920742035,0.7575302124023438,0.43857237696647644,0.7563668489456177,0.4445170760154724,0.7554944157600403,0.4433864653110504,0.7542294859886169,0.4412522315979004,0.7514860033988953,0.42825230956077576,0.7449216842651367,0.42905569076538086,0.7522135972976685,0.46275594830513,0.7495537996292114,0.46712273359298706,0.7325839996337891,0.43467384576797485,0.7085757255554199,0.48998451232910156,0.7273179292678833,0.5138355493545532,0.6886521577835083,0.6038097143173218,0.7416723370552063,0.5798517465591431,0.6965038180351257,0.7169179320335388,0.7502683997154236,0.588703989982605,0.6993663311004639,0.7478607296943665,0.748349666595459,0.593890368938446,0.7045853137969971,0.7431288361549377,0.7477083206176758,0.592961847782135,0.7061682939529419,0.730388343334198,0.6918272376060486,0.572485625743866,0.6719772219657898,0.6079022884368896,0.724772036075592,0.6355799436569214,0.709770679473877,0.6897070407867432,0.6934571862220764,0.699139416217804,0.6833540797233582,0.7249499559402466,0.6860376000404358,0.7013523578643799,0.6763285994529724,0.7121159434318542,0.6985747218132019,0.7436422109603882,0.6903575658798218,0.7893682718276978,0
0.7565722465515137,0.480090856552124,0.7581189274787903,0.4618377089500427,0.7581342458724976,0.4595257341861725,0.7583870887756348,0.4555908441543579,0.7564233541488647,0.46505534648895264,0.7554314732551575,0.46400827169418335,0.7543509602546692,0.4627777934074402,0.7515326142311096,0.4409957230091095,0.7456908822059631,0.4490560293197632,0.752302885055542,0.4811319410800934,0.7496119737625122,0.4843892455101013,0.735207200050354,0.4240162968635559,0.7118595838546753,0.5120745897293091,0.727913498878479,0.5087164044380188,0.690322756767273,0.6306411027908325,0.7490190267562866,0.5609025955200195,0.6994103193283081,0.7334606051445007,0.7571607828140259,0.557381272315979,0.6991736888885498,0.7728537321090698,0.7598203420639038,0.5687972903251648,0.7059917449951172,0.7632363438606262,0.7552089095115662,0.5747283101081848,0.7067310810089111,0.7560422420501709,0.6883888840675354,0.5748522877693176,0.6720953583717346,0.6160576939582825,0.7173223495483398,0.6585483551025391,0.7059887647628784,0.7095869779586792,0.6931023597717285,0.7081817984580994,0.6862069964408875,0.7333933711051941,0.6873853802680969,0.707817792892456,0.6813441514968872,0.7197355031967163,0.6981055736541748,0.7493637800216675,0.6920329332351685,0.7906996011734009,0
0.7568515539169312,0.48790186643600464,0.7571004033088684,0.46929931640625,0.7572302222251892,0.46781671047210693,0.7574103474617004,0.466400146484375,0.7556190490722656,0.4712331295013428,0.7549064755439758,0.47002193331718445,0.753171980381012,0.46588951349258423,0.752223789691925,0.4513443112373352,0.7466745972633362,0.4542210102081299,0.7513902187347412,0.48757404088974,0.7492735981941223,0.4894455075263977,0.736025333404541,0.4465852975845337,0.7129597663879395,0.5216184258460999,0.7275922298431396,0.5229184627532959,0.6930456161499023,0.6666467189788818,0.7521754503250122,0.5653786659240723,0.7068479061126709,0.7730737328529358,0.7616773247718811,0.5589528679847717,0.7097781300544739,0.7978668212890625,0.7645193338394165,0.5707517862319946,0.7065603137016296,0.7798308730125427,0.7594425678253174,0.5777503252029419,0.7077500820159912,0.772812008857727,0.6885125041007996,0.6000735759735107,0.6730220317840576,0.6370927691459656,0.7191978096961975,0.6566453576087952,0.7081733345985413,0.7070609331130981,0.7033802270889282,0.7169185280799866,0.6947199106216431,0.7412000894546509,0.6981484293937683,0.7227349281311035,0.6906102299690247,0.7356474995613098,0.7112743854522705,0.7526733875274658,0.703537106513977,0.7916567325592041,0
0.75689297914505,0.4958322048187256,0.7580946683883667,0.47468969225883484,0.7579910159111023,0.47277697920799255,0.757896900177002,0.47080740332603455,0.756685733795166,0.4776118993759155,0.7558421492576599,0.47619280219078064,0.7545758485794067,0.4766885042190552,0.7517620325088501,0.45795682072639465,0.7469262480735779,0.46389442682266235,0.7522270679473877,0.49260127544403076,0.7497550845146179,0.49702131748199463,0.7288928627967834,0.4524073600769043,0.7130095362663269,0.531248927116394,0.7274630069732666,0.523105263710022,0.6917939782142639,0.6654382944107056,0.7512394785881042,0.572153627872467,0.7013067603111267,0.7563157677650452,0.7608199119567871,0.5661174058914185,0.700391948223114,0.7910258769989014,0.7632803320884705,0.578644871711731,0.7065262198448181,0.7894089818000793,0.7582641243934631,0.5857659578323364,0.7062527537345886,0.7788060307502747,0.6897306442260742,0.6012632846832275,0.671218752861023,0.6371324062347412,0.7226934432983398,0.6545647978782654,0.7112279534339905,0.7081819176673889,0.7074959874153137,0.7042360901832581,0.6980950832366943,0.7316538095474243,0.7030898928642273,0.7091028690338135,0.6947237253189087,0.7255799174308777,0.7143168449401855,0.735308051109314,0.7057136297225952,0.776016354560852,0
0.7579607963562012,0.5001733899116516,0.7597851157188416,0.48310714960098267,0.7598187923431396,0.4812990427017212,0.7597924470901489,0.4793365001678467,0.7582298517227173,0.4850279688835144,0.7573509216308594,0.48347339034080505,0.7563506364822388,0.4816933870315552,0.7533193826675415,0.4667161703109741,0.7473952174186707,0.46841326355934143,0.7539374232292175,0.5037745237350464,0.7511545419692993,0.5048220157623291,0.7358507513999939,0.46751976013183594,0.7097343802452087,0.5224135518074036,0.7428988218307495,0.5487562417984009,0.6921464204788208,0.6704471111297607,0.7541555166244507,0.5747635364532471,0.7007692456245422,0.7677710652351379,0.7587814331054688,0.5710218548774719,0.6983398199081421,0.8000463247299194,0.7598181366920471,0.5749398469924927,0.707327127456665,0.7936012744903564,0.7560192346572876,0.5796912908554077,0.7058811187744141,0.7848901748657227,0.6970002055168152,0.6046215891838074,0.6738800406455994,0.6365002989768982,0.7369533181190491,0.6676139831542969,0.7136349678039551,0.721004843711853,0.7007416486740112,0.7278397083282471,0.6913852691650391,0.745914876461029,0.692832350730896,0.7274317741394043,0.6850696206092834,0.727845311164856,0.7029548287391663,0.7769742608070374,0.696636438369751,0.8169659376144409,0
0.7555072903633118,0.5150792002677917,0.7584359645843506,0.49615156650543213,0.7586795091629028,0.4944940209388733,0.7589049935340881,0.49261412024497986,0.7559165358543396,0.4976445734500885,0.7548394799232483,0.495743066072464,0.7536616325378418,0.49346670508384705,0.7542688846588135,0.48051363229751587,0.7452487349510193,0.48102977871894836,0.7535316944122314,0.5154426097869873,0.7485306262969971,0.5181803703308105,0.7444096803665161,0.47537654638290405,0.7067466378211975,0.5275940895080566,0.7489521503448486,0.5620594620704651,0.6892794370651245,0.6763126850128174,0.7611125707626343,0.593991756439209,0.7007891535758972,0.780190110206604,0.7658377885818481,0.5938811302185059,0.6994547247886658,0.8174334764480591,0.7664624452590942,0.5973958969116211,0.7040542960166931,0.8131955862045288,0.7624269723892212,0.6005638837814331,0.70654296875,0.8015045523643494,0.6970124244689941,0.6113648414611816,0.6751879453659058,0.6410154104232788,0.743840217590332,0.6570714712142944,0.7163981199264526,0.7053712606430054,0.7040048837661743,0.7408034205436707,0.690703809261322,0.7648971676826477,0.6944210529327393,0.7438610196113586,0.6831193566322327,0.7524463534355164,0.7085041403770447,0.8017559051513672,0.6966238617897034,0.847307026386261,0
0.7556979060173035,0.5170145630836487,0.7583914995193481,0.501196563243866,0.7590732574462891,0.5005844235420227,0.759738564491272,0.4976978898048401,0.7566630244255066,0.4995678961277008,0.7552797794342041,0.49609237909317017,0.754214882850647,0.49312788248062134,0.7557989954948425,0.48530787229537964,0.7468551993370056,0.4772074818611145,0.7526347041130066,0.5197466611862183,0.7489563226699829,0.516671359539032,0.7464868426322937,0.5051326751708984,0.710362434387207,0.5004227757453918,0.7488960027694702,0.5859368443489075,0.6943612098693848,0.6271306872367859,0.7560214996337891,0.612024188041687,0.7083405256271362,0.745959460735321,0.7575916051864624,0.6160964369773865,0.708832323551178,0.781112790107727,0.7588825225830078,0.6161189675331116,0.7155483961105347,0.7765529155731201,0.7564191818237305,0.6158140897750854,0.7160794734954834,0.7632663249969482,0.7035223245620728,0.6205479502677917,0.6806421875953674,0.6178067326545715,0.7342243194580078,0.6432079076766968,0.7113462090492249,0.6583602428436279,0.7018958330154419,0.7469959855079651,0.6908755898475647,0.7557341456413269,0.6929250955581665,0.7571000456809998,0.6834071278572083,0.7593976855278015,0.7060676217079163,0.8024336099624634,0.6956065893173218,0.8274655938148499,0
0.0,0.0,0.0,0.0,0.0,0.0,0.0,0.0,0.0,0.0,0.0,0.0,0.0,0.0,0.0,0.0,0.0,0.0,0.0,0.0,0.0,0.0,0.0,0.0,0.0,0.0,0.0,0.0,0.0,0.0,0.0,0.0,0.0,0.0,0.0,0.0,0.0,0.0,0.0,0.0,0.0,0.0,0.0,0.0,0.0,0.0,0.0,0.0,0.0,0.0,0.0,0.0,0.0,0.0,0.0,0.0,0.0,0.0,0.0,0.0,0.0,0.0,0.0,0.0,0.0,0.0,0
0.0,0.0,0.0,0.0,0.0,0.0,0.0,0.0,0.0,0.0,0.0,0.0,0.0,0.0,0.0,0.0,0.0,0.0,0.0,0.0,0.0,0.0,0.0,0.0,0.0,0.0,0.0,0.0,0.0,0.0,0.0,0.0,0.0,0.0,0.0,0.0,0.0,0.0,0.0,0.0,0.0,0.0,0.0,0.0,0.0,0.0,0.0,0.0,0.0,0.0,0.0,0.0,0.0,0.0,0.0,0.0,0.0,0.0,0.0,0.0,0.0,0.0,0.0,0.0,0.0,0.0,0
0.0,0.0,0.0,0.0,0.0,0.0,0.0,0.0,0.0,0.0,0.0,0.0,0.0,0.0,0.0,0.0,0.0,0.0,0.0,0.0,0.0,0.0,0.0,0.0,0.0,0.0,0.0,0.0,0.0,0.0,0.0,0.0,0.0,0.0,0.0,0.0,0.0,0.0,0.0,0.0,0.0,0.0,0.0,0.0,0.0,0.0,0.0,0.0,0.0,0.0,0.0,0.0,0.0,0.0,0.0,0.0,0.0,0.0,0.0,0.0,0.0,0.0,0.0,0.0,0.0,0.0,0
0.0,0.0,0.0,0.0,0.0,0.0,0.0,0.0,0.0,0.0,0.0,0.0,0.0,0.0,0.0,0.0,0.0,0.0,0.0,0.0,0.0,0.0,0.0,0.0,0.0,0.0,0.0,0.0,0.0,0.0,0.0,0.0,0.0,0.0,0.0,0.0,0.0,0.0,0.0,0.0,0.0,0.0,0.0,0.0,0.0,0.0,0.0,0.0,0.0,0.0,0.0,0.0,0.0,0.0,0.0,0.0,0.0,0.0,0.0,0.0,0.0,0.0,0.0,0.0,0.0,0.0,0
0.0,0.0,0.0,0.0,0.0,0.0,0.0,0.0,0.0,0.0,0.0,0.0,0.0,0.0,0.0,0.0,0.0,0.0,0.0,0.0,0.0,0.0,0.0,0.0,0.0,0.0,0.0,0.0,0.0,0.0,0.0,0.0,0.0,0.0,0.0,0.0,0.0,0.0,0.0,0.0,0.0,0.0,0.0,0.0,0.0,0.0,0.0,0.0,0.0,0.0,0.0,0.0,0.0,0.0,0.0,0.0,0.0,0.0,0.0,0.0,0.0,0.0,0.0,0.0,0.0,0.0,0
0.0,0.0,0.0,0.0,0.0,0.0,0.0,0.0,0.0,0.0,0.0,0.0,0.0,0.0,0.0,0.0,0.0,0.0,0.0,0.0,0.0,0.0,0.0,0.0,0.0,0.0,0.0,0.0,0.0,0.0,0.0,0.0,0.0,0.0,0.0,0.0,0.0,0.0,0.0,0.0,0.0,0.0,0.0,0.0,0.0,0.0,0.0,0.0,0.0,0.0,0.0,0.0,0.0,0.0,0.0,0.0,0.0,0.0,0.0,0.0,0.0,0.0,0.0,0.0,0.0,0.0,0
0.0,0.0,0.0,0.0,0.0,0.0,0.0,0.0,0.0,0.0,0.0,0.0,0.0,0.0,0.0,0.0,0.0,0.0,0.0,0.0,0.0,0.0,0.0,0.0,0.0,0.0,0.0,0.0,0.0,0.0,0.0,0.0,0.0,0.0,0.0,0.0,0.0,0.0,0.0,0.0,0.0,0.0,0.0,0.0,0.0,0.0,0.0,0.0,0.0,0.0,0.0,0.0,0.0,0.0,0.0,0.0,0.0,0.0,0.0,0.0,0.0,0.0,0.0,0.0,0.0,0.0,0
0.0,0.0,0.0,0.0,0.0,0.0,0.0,0.0,0.0,0.0,0.0,0.0,0.0,0.0,0.0,0.0,0.0,0.0,0.0,0.0,0.0,0.0,0.0,0.0,0.0,0.0,0.0,0.0,0.0,0.0,0.0,0.0,0.0,0.0,0.0,0.0,0.0,0.0,0.0,0.0,0.0,0.0,0.0,0.0,0.0,0.0,0.0,0.0,0.0,0.0,0.0,0.0,0.0,0.0,0.0,0.0,0.0,0.0,0.0,0.0,0.0,0.0,0.0,0.0,0.0,0.0,0
0.0,0.0,0.0,0.0,0.0,0.0,0.0,0.0,0.0,0.0,0.0,0.0,0.0,0.0,0.0,0.0,0.0,0.0,0.0,0.0,0.0,0.0,0.0,0.0,0.0,0.0,0.0,0.0,0.0,0.0,0.0,0.0,0.0,0.0,0.0,0.0,0.0,0.0,0.0,0.0,0.0,0.0,0.0,0.0,0.0,0.0,0.0,0.0,0.0,0.0,0.0,0.0,0.0,0.0,0.0,0.0,0.0,0.0,0.0,0.0,0.0,0.0,0.0,0.0,0.0,0.0,0
0.6948924660682678,0.5944265127182007,0.6935189366340637,0.5980017781257629,0.6929465532302856,0.5974031686782837,0.6923655867576599,0.5968043804168701,0.6950678825378418,0.6000818610191345,0.6956199407577515,0.6009597778320312,0.6962116360664368,0.601870596408844,0.6918260455131531,0.5961698889732361,0.6973472237586975,0.6032094955444336,0.6945871710777283,0.5902767181396484,0.696508526802063,0.5927928686141968,0.6905462145805359,0.579787015914917,0.7035746574401855,0.5955809950828552,0.686748743057251,0.5586903691291809,0.7099097967147827,0.5801094174385071,0.6902779936790466,0.5381460785865784,0.7066295146942139,0.5642534494400024,0.6906735897064209,0.5305754542350769,0.706510603427887,0.5584174990653992,0.6921230554580688,0.5323600769042969,0.7046555876731873,0.5598868131637573,0.6924074292182922,0.5352493524551392,0.704568088054657,0.561307966709137,0.6989004015922546,0.5467237234115601,0.7064438462257385,0.5540167689323425,0.6950314044952393,0.5266984701156616,0.7107076048851013,0.5386534929275513,0.6971081495285034,0.5107040405273438,0.7106830477714539,0.5164216160774231,0.6980531811714172,0.510267436504364,0.7103087306022644,0.5144345760345459,0.6969687342643738,0.49678558111190796,0.7121390700340271,0.5023700594902039,0
0.0,0.0,0.0,0.0,0.0,0.0,0.0,0.0,0.0,0.0,0.0,0.0,0.0,0.0,0.0,0.0,0.0,0.0,0.0,0.0,0.0,0.0,0.0,0.0,0.0,0.0,0.0,0.0,0.0,0.0,0.0,0.0,0.0,0.0,0.0,0.0,0.0,0.0,0.0,0.0,0.0,0.0,0.0,0.0,0.0,0.0,0.0,0.0,0.0,0.0,0.0,0.0,0.0,0.0,0.0,0.0,0.0,0.0,0.0,0.0,0.0,0.0,0.0,0.0,0.0,0.0,0
0.0,0.0,0.0,0.0,0.0,0.0,0.0,0.0,0.0,0.0,0.0,0.0,0.0,0.0,0.0,0.0,0.0,0.0,0.0,0.0,0.0,0.0,0.0,0.0,0.0,0.0,0.0,0.0,0.0,0.0,0.0,0.0,0.0,0.0,0.0,0.0,0.0,0.0,0.0,0.0,0.0,0.0,0.0,0.0,0.0,0.0,0.0,0.0,0.0,0.0,0.0,0.0,0.0,0.0,0.0,0.0,0.0,0.0,0.0,0.0,0.0,0.0,0.0,0.0,0.0,0.0,0
0.0,0.0,0.0,0.0,0.0,0.0,0.0,0.0,0.0,0.0,0.0,0.0,0.0,0.0,0.0,0.0,0.0,0.0,0.0,0.0,0.0,0.0,0.0,0.0,0.0,0.0,0.0,0.0,0.0,0.0,0.0,0.0,0.0,0.0,0.0,0.0,0.0,0.0,0.0,0.0,0.0,0.0,0.0,0.0,0.0,0.0,0.0,0.0,0.0,0.0,0.0,0.0,0.0,0.0,0.0,0.0,0.0,0.0,0.0,0.0,0.0,0.0,0.0,0.0,0.0,0.0,0
0.0,0.0,0.0,0.0,0.0,0.0,0.0,0.0,0.0,0.0,0.0,0.0,0.0,0.0,0.0,0.0,0.0,0.0,0.0,0.0,0.0,0.0,0.0,0.0,0.0,0.0,0.0,0.0,0.0,0.0,0.0,0.0,0.0,0.0,0.0,0.0,0.0,0.0,0.0,0.0,0.0,0.0,0.0,0.0,0.0,0.0,0.0,0.0,0.0,0.0,0.0,0.0,0.0,0.0,0.0,0.0,0.0,0.0,0.0,0.0,0.0,0.0,0.0,0.0,0.0,0.0,0
0.0,0.0,0.0,0.0,0.0,0.0,0.0,0.0,0.0,0.0,0.0,0.0,0.0,0.0,0.0,0.0,0.0,0.0,0.0,0.0,0.0,0.0,0.0,0.0,0.0,0.0,0.0,0.0,0.0,0.0,0.0,0.0,0.0,0.0,0.0,0.0,0.0,0.0,0.0,0.0,0.0,0.0,0.0,0.0,0.0,0.0,0.0,0.0,0.0,0.0,0.0,0.0,0.0,0.0,0.0,0.0,0.0,0.0,0.0,0.0,0.0,0.0,0.0,0.0,0.0,0.0,0
0.0,0.0,0.0,0.0,0.0,0.0,0.0,0.0,0.0,0.0,0.0,0.0,0.0,0.0,0.0,0.0,0.0,0.0,0.0,0.0,0.0,0.0,0.0,0.0,0.0,0.0,0.0,0.0,0.0,0.0,0.0,0.0,0.0,0.0,0.0,0.0,0.0,0.0,0.0,0.0,0.0,0.0,0.0,0.0,0.0,0.0,0.0,0.0,0.0,0.0,0.0,0.0,0.0,0.0,0.0,0.0,0.0,0.0,0.0,0.0,0.0,0.0,0.0,0.0,0.0,0.0,0
0.0,0.0,0.0,0.0,0.0,0.0,0.0,0.0,0.0,0.0,0.0,0.0,0.0,0.0,0.0,0.0,0.0,0.0,0.0,0.0,0.0,0.0,0.0,0.0,0.0,0.0,0.0,0.0,0.0,0.0,0.0,0.0,0.0,0.0,0.0,0.0,0.0,0.0,0.0,0.0,0.0,0.0,0.0,0.0,0.0,0.0,0.0,0.0,0.0,0.0,0.0,0.0,0.0,0.0,0.0,0.0,0.0,0.0,0.0,0.0,0.0,0.0,0.0,0.0,0.0,0.0,0
0.6834168434143066,0.6001503467559814,0.6813760995864868,0.603071391582489,0.6807904839515686,0.601900041103363,0.6801978945732117,0.6007175445556641,0.682898223400116,0.6064919233322144,0.6834642887115479,0.6078737378120422,0.6840623617172241,0.6093340516090393,0.6801151037216187,0.5980169177055359,0.6855478286743164,0.6100799441337585,0.6838549375534058,0.5939919352531433,0.6858595013618469,0.5984252691268921,0.6838788390159607,0.5751523375511169,0.6938883662223816,0.6021482348442078,0.6860510110855103,0.5468751192092896,0.7032248377799988,0.5935023427009583,0.6925134062767029,0.5339027643203735,0.7009641528129578,0.5745351314544678,0.6943981647491455,0.5275412201881409,0.7012449502944946,0.5679585337638855,0.6950382590293884,0.5312886834144592,0.6990967392921448,0.5683243870735168,0.6947553157806396,0.534498393535614,0.6989786028862,0.5699815154075623,0.6998226642608643,0.5448600649833679,0.7060759663581848,0.5569414496421814,0.6937988996505737,0.5226590633392334,0.7065954804420471,0.541972815990448,0.7037898302078247,0.506547749042511,0.7103800177574158,0.5044832229614258,0.7063096165657043,0.5063909292221069,0.7110920548439026,0.5009056925773621,0.704647421836853,0.4924422800540924,0.7116203308105469,0.485032856464386,0
0.0,0.0,0.0,0.0,0.0,0.0,0.0,0.0,0.0,0.0,0.0,0.0,0.0,0.0,0.0,0.0,0.0,0.0,0.0,0.0,0.0,0.0,0.0,0.0,0.0,0.0,0.0,0.0,0.0,0.0,0.0,0.0,0.0,0.0,0.0,0.0,0.0,0.0,0.0,0.0,0.0,0.0,0.0,0.0,0.0,0.0,0.0,0.0,0.0,0.0,0.0,0.0,0.0,0.0,0.0,0.0,0.0,0.0,0.0,0.0,0.0,0.0,0.0,0.0,0.0,0.0,0
0.0,0.0,0.0,0.0,0.0,0.0,0.0,0.0,0.0,0.0,0.0,0.0,0.0,0.0,0.0,0.0,0.0,0.0,0.0,0.0,0.0,0.0,0.0,0.0,0.0,0.0,0.0,0.0,0.0,0.0,0.0,0.0,0.0,0.0,0.0,0.0,0.0,0.0,0.0,0.0,0.0,0.0,0.0,0.0,0.0,0.0,0.0,0.0,0.0,0.0,0.0,0.0,0.0,0.0,0.0,0.0,0.0,0.0,0.0,0.0,0.0,0.0,0.0,0.0,0.0,0.0,0
0.7435879707336426,0.478045791387558,0.7476363182067871,0.4712052643299103,0.7490134239196777,0.4733862578868866,0.7503904700279236,0.4770941138267517,0.7436210513114929,0.46540260314941406,0.7417137622833252,0.46114301681518555,0.7413533329963684,0.4582558274269104,0.751494824886322,0.4778934121131897,0.739538848400116,0.451766699552536,0.7417551279067993,0.4899444580078125,0.7387852668762207,0.4817994236946106,0.7497161626815796,0.5267471075057983,0.7201161980628967,0.4665469825267792,0.7527819275856018,0.5866669416427612,0.6949449181556702,0.49830162525177,0.7489883303642273,0.616162121295929,0.6979003548622131,0.5186692476272583,0.7483684420585632,0.6292026042938232,0.6969251036643982,0.5259116888046265,0.7474527955055237,0.622422456741333,0.7015265226364136,0.5230047702789307,0.7464551329612732,0.6173120141029358,0.7020624876022339,0.5223313570022583,0.7145294547080994,0.6142418384552002,0.6980838775634766,0.5912267565727234,0.7039434909820557,0.6969047784805298,0.6906384229660034,0.6845985651016235,0.6919768452644348,0.7685208320617676,0.6852230429649353,0.7816433310508728,0.6881551146507263,0.7751648426055908,0.6836131811141968,0.7932471036911011,0.6923463344573975,0.8078625202178955,0.6868492364883423,0.8225972652435303,0
0.7544629573822021,0.49735504388809204,0.756836473941803,0.48253360390663147,0.7572848200798035,0.4811689257621765,0.7579712271690369,0.47875863313674927,0.7540643215179443,0.48158740997314453,0.7527291774749756,0.4798888564109802,0.7508867383003235,0.4792969226837158,0.7539330124855042,0.4701014757156372,0.7419226169586182,0.4669422507286072,0.7518150210380554,0.5012770891189575,0.7471699714660645,0.5007383823394775,0.7450035214424133,0.4897213876247406,0.7037477493286133,0.5104193091392517,0.7527537941932678,0.6069602370262146,0.6974337697029114,0.6482530832290649,0.7587290406227112,0.5980823636054993,0.7180926203727722,0.6585028767585754,0.7608354091644287,0.5937569737434387,0.7223843336105347,0.6657306551933289,0.755916953086853,0.5698211193084717,0.7223536968231201,0.6453176140785217,0.7546371221542358,0.5746266841888428,0.7213231325149536,0.6426430940628052,0.7012542486190796,0.6197012662887573,0.6766777038574219,0.6326842904090881,0.7390928864479065,0.6810958385467529,0.7145334482192993,0.7081130146980286,0.6989179253578186,0.7776787877082825,0.6862679719924927,0.791565477848053,0.6880425810813904,0.7824724316596985,0.6811972260475159,0.7875367403030396,0.7064507007598877,0.8471086621284485,0.6949253082275391,0.8752718567848206,0
0.7549381852149963,0.49212968349456787,0.7570143938064575,0.47633588314056396,0.7572996616363525,0.47494155168533325,0.7575789093971252,0.47356683015823364,0.7549207210540771,0.47510629892349243,0.7536667585372925,0.4744220972061157,0.7526676058769226,0.4727010130882263,0.7528051137924194,0.46154171228408813,0.7447608709335327,0.460355281829834,0.7516899108886719,0.4959726929664612,0.7481245398521423,0.49483150243759155,0.7433685660362244,0.4738539159297943,0.7078003883361816,0.5045044422149658,0.7483997941017151,0.5642144680023193,0.6967634558677673,0.6181790828704834,0.7578958868980408,0.5872741937637329,0.7163901329040527,0.6614441275596619,0.7613369822502136,0.5889058709144592,0.7204541563987732,0.6771036386489868,0.7617705464363098,0.5884720087051392,0.7228680849075317,0.6618263125419617,0.7585917115211487,0.590601921081543,0.7216018438339233,0.6549516320228577,0.7017507553100586,0.6194167137145996,0.677798867225647,0.635810136795044,0.7391995191574097,0.6655145883560181,0.7192131876945496,0.7058438658714294,0.7010636329650879,0.7612370252609253,0.6899913549423218,0.782660961151123,0.6913591623306274,0.7675605416297913,0.6809086203575134,0.7766158580780029,0.7065609693527222,0.822408139705658,0.6944102644920349,0.8629776835441589,0
0.7596415877342224,0.48304125666618347,0.7606151103973389,0.4653629660606384,0.7603464126586914,0.4610016942024231,0.7601611614227295,0.4586911201477051,0.7600979208946228,0.4672495722770691,0.7591361403465271,0.46534812450408936,0.7585734128952026,0.4640074074268341,0.7529016137123108,0.4469079375267029,0.7502120733261108,0.4548557996749878,0.7557497620582581,0.48425906896591187,0.7538615465164185,0.49024897813796997,0.7388219833374023,0.45190972089767456,0.719136118888855,0.5201476812362671,0.7349972128868103,0.5611061453819275,0.7193975448608398,0.6353634595870972,0.7550402283668518,0.5946276187896729,0.7403855919837952,0.6594418287277222,0.7611005902290344,0.5917181968688965,0.7453401684761047,0.6664670705795288,0.7641841769218445,0.5940868258476257,0.7466813325881958,0.647280216217041,0.7608236074447632,0.5989599823951721,0.7446969747543335,0.6420689821243286,0.7003951072692871,0.6172464489936829,0.6814344525337219,0.6578749418258667,0.7423518896102905,0.6808262467384338,0.7084037065505981,0.7576281428337097,0.7278194427490234,0.7420353889465332,0.7036284804344177,0.7638645172119141,0.722473680973053,0.7489776611328125,0.701517641544342,0.752260684967041,0.7364391088485718,0.7730488181114197,0.7117147445678711,0.8049547076225281,0
0.7571600675582886,0.47199928760528564,0.7588355541229248,0.45491617918014526,0.758682131767273,0.45292437076568604,0.758578896522522,0.4507659077644348,0.7583467364311218,0.4573257267475128,0.7580233812332153,0.4559837579727173,0.7577248811721802,0.45446285605430603,0.752442479133606,0.43834230303764343,0.7506336569786072,0.44258618354797363,0.7526856660842896,0.4767026901245117,0.7518079280853271,0.4784106910228729,0.732947587966919,0.4422486424446106,0.7219274640083313,0.4947507977485657,0.7313291430473328,0.5450948476791382,0.7139068841934204,0.6278008222579956,0.7480102777481079,0.5699470639228821,0.7161210179328918,0.6879017949104309,0.7542608976364136,0.5633663535118103,0.7163313627243042,0.700655996799469,0.7564074397087097,0.5692012310028076,0.7171235084533691,0.6924576163291931,0.7532835602760315,0.5742293000221252,0.7174142599105835,0.6858828067779541,0.6918495893478394,0.6206346750259399,0.6810727119445801,0.6480845212936401,0.7151139974594116,0.6877509355545044,0.7078040242195129,0.7246339321136475,0.701458215713501,0.7305265665054321,0.6987490057945251,0.7399779558181763,0.6976935267448425,0.7324488759040833,0.6967592239379883,0.7303184270858765,0.7058634161949158,0.7583589553833008,0.701396107673645,0.7815152406692505,0
0.752938985824585,0.4670112431049347,0.7556062936782837,0.449069082736969,0.7558432221412659,0.447452187538147,0.7561520338058472,0.4456845223903656,0.7543397545814514,0.44806787371635437,0.7538836598396301,0.4461008906364441,0.753480076789856,0.4437348544597626,0.7514000535011292,0.4335399270057678,0.7470656633377075,0.42911577224731445,0.748708963394165,0.4704139232635498,0.7467917799949646,0.47002536058425903,0.7407882809638977,0.4526306986808777,0.7089192867279053,0.46544650197029114,0.7410280704498291,0.5394826531410217,0.6932055950164795,0.5920255780220032,0.7487719058990479,0.5974979996681213,0.6942216753959656,0.7054349780082703,0.7535632252693176,0.6039363741874695,0.696898341178894,0.7104312777519226,0.753662109375,0.6103094220161438,0.7005789279937744,0.7063373327255249,0.7504268884658813,0.6102404594421387,0.7015180587768555,0.6973817348480225,0.6981266140937805,0.6184085607528687,0.6765328645706177,0.6261056065559387,0.7128716707229614,0.7296808362007141,0.6907578706741333,0.7380896806716919,0.7022254467010498,0.7349889874458313,0.6916550993919373,0.7456297278404236,0.699867308139801,0.7291584014892578,0.6922317147254944,0.7351053953170776,0.7035325169563293,0.765671968460083,0.6924963593482971,0.7881416082382202,0
0.7519962191581726,0.4438748359680176,0.7551712989807129,0.42951661348342896,0.7554484605789185,0.4293023943901062,0.755740761756897,0.4289592504501343,0.7538796067237854,0.426461398601532,0.7532911896705627,0.42401254177093506,0.7527400255203247,0.4213055372238159,0.7512018084526062,0.4197659194469452,0.7473031282424927,0.4095122814178467,0.7480636835098267,0.4484192132949829,0.7463122010231018,0.4461632966995239,0.7341960668563843,0.4469825029373169,0.7150166034698486,0.4414132833480835,0.7261103987693787,0.5482472777366638,0.7026100754737854,0.5673940181732178,0.7397488951683044,0.6389735341072083,0.7073646187782288,0.6900562644004822,0.7454355359077454,0.6554566621780396,0.6999579668045044,0.7243098616600037,0.7462008595466614,0.6611673831939697,0.7105621099472046,0.7182328701019287,0.7429935336112976,0.6562249660491943,0.707920491695404,0.7162262201309204,0.698300838470459,0.6225055456161499,0.6831699013710022,0.6272926330566406,0.7136393189430237,0.7214918732643127,0.6971922516822815,0.7286136746406555,0.7121119499206543,0.735823392868042,0.704571008682251,0.7354269623756409,0.7099321484565735,0.7351752519607544,0.7042374610900879,0.7282760143280029,0.7184691429138184,0.7536210417747498,0.7122953534126282,0.7653851509094238,0
0.7511056661605835,0.438122034072876,0.7541155815124512,0.42104393243789673,0.7543121576309204,0.4185130298137665,0.7542970180511475,0.4176318645477295,0.7537810206413269,0.42055729031562805,0.7535049915313721,0.4190710186958313,0.753253698348999,0.4174578785896301,0.7491819858551025,0.4066697657108307,0.7476471662521362,0.4045623242855072,0.7466392517089844,0.4387226104736328,0.7459900379180908,0.43904533982276917,0.7239909172058105,0.4112645983695984,0.7181341052055359,0.44315314292907715,0.7144290804862976,0.5091533064842224,0.6991263031959534,0.5670515894889832,0.7350444197654724,0.589837908744812,0.7040238976478577,0.688565194606781,0.7423665523529053,0.5987411737442017,0.6993395686149597,0.7265900373458862,0.7446625828742981,0.6077967286109924,0.7062005996704102,0.720009982585907,0.7412975430488586,0.606963574886322,0.7057253122329712,0.6980645060539246,0.6863279938697815,0.5946615934371948,0.6798821091651917,0.6179443001747131,0.7081278562545776,0.6592509150505066,0.7064895033836365,0.6899117231369019,0.7017230987548828,0.7099342346191406,0.6976326704025269,0.7237432599067688,0.6970252990722656,0.714262068271637,0.6934353709220886,0.719102680683136,0.7116686701774597,0.7345718145370483,0.7069039344787598,0.7618319392204285,0
0.7535237669944763,0.4119461178779602,0.7554976344108582,0.3985599875450134,0.756010890007019,0.39860332012176514,0.7565081119537354,0.39855849742889404,0.7531000375747681,0.39492902159690857,0.7516498565673828,0.3919788897037506,0.7503789663314819,0.3891010284423828,0.751428484916687,0.3935244083404541,0.7434435486793518,0.3816509246826172,0.7508612871170044,0.42020684480667114,0.7471604347229004,0.41658860445022583,0.7393236756324768,0.44898033142089844,0.708116888999939,0.41917580366134644,0.7401164174079895,0.5553020238876343,0.6929721236228943,0.548478364944458,0.7557321786880493,0.6263515949249268,0.7040179371833801,0.6717703342437744,0.7614488005638123,0.6419640779495239,0.6979471445083618,0.7080947756767273,0.7619583010673523,0.6421412825584412,0.7047948837280273,0.7004258036613464,0.758043110370636,0.6380563974380493,0.7048393487930298,0.6970914602279663,0.701852560043335,0.6102046370506287,0.6792358160018921,0.6111170649528503,0.7328923344612122,0.6795717477798462,0.7036144733428955,0.7195598483085632,0.7142235040664673,0.7190858721733093,0.6947429776191711,0.7435781359672546,0.7080684304237366,0.7211397290229797,0.6901312470436096,0.7325058579444885,0.7220439910888672,0.7501623630523682,0.7043212056159973,0.7979350090026855,0
0.7521279454231262,0.39944028854370117,0.7545587420463562,0.3853085935115814,0.7548849582672119,0.3848552107810974,0.7551276087760925,0.384742796421051,0.7528998255729675,0.38275671005249023,0.7517669796943665,0.3799450993537903,0.7508858442306519,0.37705570459365845,0.7504802346229553,0.37655961513519287,0.7445154786109924,0.3670172095298767,0.749182403087616,0.4047767221927643,0.7462736368179321,0.40157800912857056,0.7356722950935364,0.43733400106430054,0.7106002569198608,0.39625686407089233,0.7290622591972351,0.5423662066459656,0.6984254717826843,0.5240741968154907,0.7423803210258484,0.6218381524085999,0.7056512832641602,0.6584317684173584,0.7469522953033447,0.6400783061981201,0.6968947052955627,0.692991316318512,0.7455094456672668,0.6332315802574158,0.7022221088409424,0.6950727701187134,0.744623601436615,0.6347885131835938,0.7046822905540466,0.6796262264251709,0.699101984500885,0.5978353023529053,0.6810534000396729,0.5920631289482117,0.7270798683166504,0.6370059847831726,0.7061700224876404,0.6566063165664673,0.7110896706581116,0.688000500202179,0.6992304921150208,0.6905151009559631,0.7055596709251404,0.694661021232605,0.6944332718849182,0.6868414282798767,0.7177415490150452,0.7081129550933838,0.7097930908203125,0.7275915145874023,0
0.7502847909927368,0.39048588275909424,0.7528771758079529,0.37701156735420227,0.7527453899383545,0.37631699442863464,0.7526240944862366,0.375602662563324,0.7528645396232605,0.37556204199790955,0.7526898980140686,0.3737437427043915,0.7525237202644348,0.37182679772377014,0.7474178075790405,0.36359670758247375,0.74766606092453,0.3601430356502533,0.7453811168670654,0.3932710886001587,0.7450266480445862,0.3917853832244873,0.714335560798645,0.38140377402305603,0.7234700918197632,0.3917158246040344,0.7111217975616455,0.4930136203765869,0.7190313935279846,0.502810001373291,0.7302324175834656,0.5865983366966248,0.7235184907913208,0.6124173998832703,0.7361858487129211,0.6052228212356567,0.7229112982749939,0.6367074847221375,0.7377366423606873,0.6072535514831543,0.7260460257530212,0.6381396651268005,0.7352919578552246,0.6014849543571472,0.7259711027145386,0.6290866136550903,0.6855010986328125,0.569682776927948,0.6837475895881653,0.583965003490448,0.7182410359382629,0.5920639634132385,0.7216304540634155,0.6222378611564636,0.7044090628623962,0.6697497963905334,0.7035276889801025,0.675458550453186,0.6991336345672607,0.6810717582702637,0.6969777941703796,0.6770557165145874,0.7117112874984741,0.6886436343193054,0.7123706340789795,0.704451858997345,0
0.7491312623023987,0.37336465716362,0.7524301409721375,0.3609473407268524,0.7526285648345947,0.361020028591156,0.7529273629188538,0.36109769344329834,0.7512010335922241,0.3561454117298126,0.7504963278770447,0.352952241897583,0.7498749494552612,0.34946438670158386,0.748993992805481,0.35188230872154236,0.7456465363502502,0.3394971787929535,0.7454001307487488,0.37851136922836304,0.743350625038147,0.37414416670799255,0.7253587245941162,0.39559945464134216,0.7194255590438843,0.36894357204437256,0.7172825932502747,0.5218503475189209,0.7299250364303589,0.47897273302078247,0.7352851033210754,0.6037310361862183,0.7544339895248413,0.5344441533088684,0.7403877377510071,0.6238422989845276,0.7598052024841309,0.5478602051734924,0.7430064082145691,0.6194237470626831,0.7614516019821167,0.5379454493522644,0.7407819032669067,0.6117610931396484,0.7586929798126221,0.5334661602973938,0.6989036798477173,0.5741770267486572,0.6892005205154419,0.5760855674743652,0.7335781455039978,0.6556913256645203,0.7161431908607483,0.6812173128128052,0.7247394323348999,0.700742244720459,0.699540913105011,0.6924268007278442,0.7201148867607117,0.7042622566223145,0.6935310363769531,0.682991087436676,0.7330489158630371,0.7248255610466003,0.7082313895225525,0.7271983027458191,0
0.7535901665687561,0.360786497592926,0.7550013661384583,0.34477782249450684,0.7548935413360596,0.3432779312133789,0.7547767162322998,0.3416995406150818,0.7546519041061401,0.3444676399230957,0.7542917132377625,0.34270980954170227,0.7539399266242981,0.340718537569046,0.7491081953048706,0.33034923672676086,0.7480428218841553,0.32863879203796387,0.7493695616722107,0.36547741293907166,0.7488273978233337,0.36493873596191406,0.7250615954399109,0.3763703405857086,0.7197371125221252,0.36284470558166504,0.7156072854995728,0.4902490973472595,0.7239248752593994,0.46547698974609375,0.7358483076095581,0.5406708121299744,0.7453192472457886,0.4881385862827301,0.7410718202590942,0.551375150680542,0.7506897449493408,0.49461793899536133,0.7446157932281494,0.549064576625824,0.745624840259552,0.4609658122062683,0.7424238920211792,0.544414222240448,0.7427378296852112,0.45746973156929016,0.6929914355278015,0.5564941167831421,0.6863465905189514,0.5684709548950195,0.7275310754776001,0.6231768131256104,0.7175393104553223,0.686242938041687,0.7197850346565247,0.6524433493614197,0.6994639039039612,0.6780916452407837,0.716032087802887,0.654653787612915,0.6939476132392883,0.6640035510063171,0.7271782755851746,0.6698442101478577,0.7061915397644043,0.7109230160713196,0
0.7512502670288086,0.3453398644924164,0.7536515593528748,0.3269065022468567,0.753511905670166,0.3254944682121277,0.7533929347991943,0.3241227865219116,0.7536230087280273,0.3271609842777252,0.7534584403038025,0.32590800523757935,0.7533429265022278,0.32457396388053894,0.748003363609314,0.31562331318855286,0.7483749985694885,0.3164336383342743,0.7467074394226074,0.3506511449813843,0.7464514970779419,0.35114723443984985,0.7207688689231873,0.352173775434494,0.7262589335441589,0.3592662811279297,0.7079482078552246,0.4868135154247284,0.7235551476478577,0.4682597815990448,0.7289953231811523,0.589087963104248,0.7403321266174316,0.5590767860412598,0.7351553440093994,0.6107166409492493,0.7433954477310181,0.578988254070282,0.7379791140556335,0.6125282049179077,0.746151328086853,0.5749678611755371,0.7354597449302673,0.6044825911521912,0.7443593144416809,0.566305935382843,0.6941460371017456,0.5605965256690979,0.691719651222229,0.577917754650116,0.7213188409805298,0.6987975835800171,0.7207170724868774,0.7479573488235474,0.7040359973907471,0.691599428653717,0.6959262490272522,0.7051163911819458,0.70030677318573,0.6837019920349121,0.690660297870636,0.684461772441864,0.704620897769928,0.7046633958816528,0.6953279972076416,0.7257964611053467,0
0.7513216733932495,0.3275926113128662,0.753555953502655,0.3099105954170227,0.7535476088523865,0.3088647127151489,0.7534948587417603,0.30770143866539,0.7530054450035095,0.3087592124938965,0.7526043057441711,0.30681443214416504,0.7520949244499207,0.3045201599597931,0.7487090826034546,0.30097320675849915,0.7468293309211731,0.29585134983062744,0.7468429207801819,0.33455225825309753,0.7458505630493164,0.33337685465812683,0.7279923558235168,0.35693150758743286,0.7181549072265625,0.3320881128311157,0.7204185724258423,0.49241673946380615,0.7170140147209167,0.44939371943473816,0.7409518361091614,0.5851179361343384,0.7375969886779785,0.5243889093399048,0.7471758723258972,0.6064584255218506,0.7408342361450195,0.5414432883262634,0.7498624324798584,0.6048629879951477,0.7443498969078064,0.5362294316291809,0.7470698952674866,0.5966277122497559,0.742664098739624,0.5294532775878906,0.6975882053375244,0.5693801641464233,0.6865819096565247,0.5759310126304626,0.729753851890564,0.7155089378356934,0.7167264819145203,0.7665714621543884,0.7170937061309814,0.7021393775939941,0.703157901763916,0.7212661504745483,0.7130329608917236,0.6949591636657715,0.6994094848632812,0.6994413137435913,0.7217943072319031,0.715136706829071,0.7052244544029236,0.7470631003379822,0
0.7496141195297241,0.30832594633102417,0.7523202896118164,0.29273101687431335,0.7524591088294983,0.29243266582489014,0.7526401281356812,0.2920404374599457,0.7513344883918762,0.2894507348537445,0.7507823705673218,0.28707462549209595,0.7502096891403198,0.2843077778816223,0.7477970123291016,0.2862420380115509,0.7442270517349243,0.27614718675613403,0.7452331781387329,0.3153643012046814,0.743579089641571,0.3135313093662262,0.7376728057861328,0.3566056489944458,0.7082973718643188,0.3060183823108673,0.7311769723892212,0.4826723337173462,0.6979995965957642,0.4058091938495636,0.7415908575057983,0.5716032981872559,0.7113047242164612,0.4859175682067871,0.7467164397239685,0.5958575010299683,0.7120422720909119,0.5060913562774658,0.746486246585846,0.5951327085494995,0.7159687280654907,0.5048831105232239,0.743152916431427,0.5850721001625061,0.7158564925193787,0.49793246388435364,0.7080384492874146,0.5415487289428711,0.6873925924301147,0.5273333191871643,0.7131206393241882,0.6845183372497559,0.7014278173446655,0.6908797025680542,0.7046144604682922,0.6923000812530518,0.6933670043945312,0.6728368997573853,0.7031567096710205,0.6872079372406006,0.6908146739006042,0.660730242729187,0.7032271027565002,0.7168964743614197,0.6947335004806519,0.6975564956665039,0
0.7510563731193542,0.29019594192504883,0.7532363533973694,0.27472221851348877,0.7535064220428467,0.27407756447792053,0.7537997961044312,0.27333369851112366,0.7518519759178162,0.2729175090789795,0.7511290907859802,0.2707783281803131,0.750321626663208,0.26813313364982605,0.7493857145309448,0.26922711730003357,0.7442978024482727,0.2620792090892792,0.7473164796829224,0.29929572343826294,0.7450006604194641,0.29827749729156494,0.7353254556655884,0.35127368569374084,0.7120597958564758,0.30652719736099243,0.7273697853088379,0.47647643089294434,0.7069588899612427,0.4317147731781006,0.7428035736083984,0.5712118744850159,0.7265470623970032,0.5400800108909607,0.7480766177177429,0.5955100655555725,0.7285683155059814,0.5669276118278503,0.7489544153213501,0.5951632857322693,0.7338542938232422,0.5653064250946045,0.7458277940750122,0.5861222147941589,0.7330160737037659,0.5557642579078674,0.7047535181045532,0.5340778827667236,0.6849271059036255,0.5312080383300781,0.7364664077758789,0.6557288765907288,0.7058963775634766,0.7084861993789673,0.7263704538345337,0.7150660157203674,0.6958957314491272,0.7240246534347534,0.7209575772285461,0.7212851047515869,0.6917967796325684,0.7141760587692261,0.7381557822227478,0.7460924983024597,0.7051051259040833,0.7676169276237488,0
0.750147819519043,0.27608105540275574,0.7525049448013306,0.25979891419410706,0.7528577446937561,0.25929611921310425,0.7532209157943726,0.2587463855743408,0.7506411671638489,0.2568999230861664,0.7496504783630371,0.2541842460632324,0.7485986948013306,0.2511247992515564,0.7482268810272217,0.2539789378643036,0.7422049641609192,0.24412426352500916,0.7469391822814941,0.28575384616851807,0.7445682287216187,0.28315359354019165,0.7358048558235168,0.33892062306404114,0.7097203135490417,0.2901359796524048,0.7237687110900879,0.4607308506965637,0.6977019309997559,0.41784006357192993,0.7389852404594421,0.5526193380355835,0.7204216718673706,0.5324352383613586,0.7447823882102966,0.577460765838623,0.7229912281036377,0.5644226670265198,0.74273681640625,0.5796117782592773,0.7295095324516296,0.5626477003097534,0.7421206831932068,0.5661793351173401,0.728352963924408,0.5511165857315063,0.7058377265930176,0.5461644530296326,0.6837651133537292,0.547032356262207,0.7443365454673767,0.6845808625221252,0.7132844924926758,0.7388814687728882,0.7297999858856201,0.7172335982322693,0.705708920955658,0.7137266397476196,0.7227804064750671,0.7187505960464478,0.7008371949195862,0.6948969960212708,0.7423139810562134,0.7475196123123169,0.716038703918457,0.7556232213973999,0
0.7484625577926636,0.25654730200767517,0.7511359453201294,0.24183782935142517,0.7517480850219727,0.24213552474975586,0.7523448467254639,0.24229326844215393,0.7484529614448547,0.2372739613056183,0.7472472786903381,0.23432496190071106,0.7460657954216003,0.23113834857940674,0.7479357719421387,0.2399665117263794,0.7404524087905884,0.2268802523612976,0.7452663779258728,0.268079549074173,0.7421383261680603,0.2636357247829437,0.731549859046936,0.31743094325065613,0.713725209236145,0.2762141525745392,0.7224570512771606,0.457869291305542,0.7074072957038879,0.41222435235977173,0.7405768036842346,0.5698519349098206,0.724432110786438,0.5322233438491821,0.74853515625,0.5969086289405823,0.725409746170044,0.5637072324752808,0.7502539157867432,0.5956479907035828,0.7304163575172424,0.5615649819374084,0.7465348839759827,0.584376335144043,0.7300968766212463,0.5506958365440369,0.7088363170623779,0.5209810733795166,0.683922290802002,0.5187069177627563,0.7582108974456787,0.6309247016906738,0.7019066214561462,0.6992495059967041,0.7630717158317566,0.7217133045196533,0.701460063457489,0.7144131660461426,0.7570880055427551,0.7365274429321289,0.6972848773002625,0.7058898210525513,0.7871735692024231,0.7593609690666199,0.7176573276519775,0.7612936496734619,0
0.7458659410476685,0.23425036668777466,0.7493582963943481,0.2212335765361786,0.7505428791046143,0.22243645787239075,0.7517172694206238,0.22357740998268127,0.7456039190292358,0.21535107493400574,0.7442344427108765,0.21253496408462524,0.74287348985672,0.20970848202705383,0.7486855983734131,0.22561633586883545,0.7380861639976501,0.20804408192634583,0.7442789077758789,0.2490362524986267,0.7399635314941406,0.24176844954490662,0.7354977130889893,0.31083375215530396,0.706084132194519,0.26087579131126404,0.7261761426925659,0.45687755942344666,0.6951402425765991,0.37747520208358765,0.7395696640014648,0.549225926399231,0.7063663005828857,0.4768654704093933,0.7418203949928284,0.5862461924552917,0.7054387331008911,0.5029393434524536,0.7422426342964172,0.5876033306121826,0.7102671265602112,0.5024014711380005,0.7381943464279175,0.566213846206665,0.7109500765800476,0.4943248927593231,0.7051488161087036,0.520109236240387,0.682354211807251,0.5128055214881897,0.7468599677085876,0.6562038660049438,0.7195016145706177,0.7189295291900635,0.7184849977493286,0.7130487561225891,0.6949897408485413,0.7146555781364441,0.7104055285453796,0.710784912109375,0.689271092414856,0.6933044791221619,0.7245158553123474,0.7684137225151062,0.6971873044967651,0.7798084020614624,0
0.7457965016365051,0.22633224725723267,0.7483923435211182,0.21244916319847107,0.7492347359657288,0.21313810348510742,0.7500791549682617,0.21373170614242554,0.7449219822883606,0.2076157033443451,0.7432814836502075,0.20469960570335388,0.7416532635688782,0.2016144096851349,0.7466562390327454,0.21345549821853638,0.7360614538192749,0.1987408995628357,0.7435318231582642,0.24052435159683228,0.7390171885490417,0.23536980152130127,0.7345501184463501,0.305223286151886,0.7063083052635193,0.2570626139640808,0.7225852608680725,0.4444481432437897,0.7036735415458679,0.3963529169559479,0.7348877787590027,0.5515676140785217,0.7208115458488464,0.5372753739356995,0.737511932849884,0.5875300765037537,0.7213820219039917,0.573599636554718,0.7386311888694763,0.5876080989837646,0.7269266247749329,0.5758732557296753,0.7344954609870911,0.5674561858177185,0.7271181344985962,0.5631843209266663,0.7026256322860718,0.509441077709198,0.680608332157135,0.5142959356307983,0.7538203001022339,0.6670682430267334,0.7051335573196411,0.7142974734306335,0.757066011428833,0.7780694961547852,0.7130043506622314,0.7365228533744812,0.7500635385513306,0.7953080534934998,0.7103123664855957,0.7306572198867798,0.7836799621582031,0.8220891952514648,0.7308529615402222,0.7798640727996826,0
0.7450076341629028,0.21354776620864868,0.7475045919418335,0.19955822825431824,0.7484338879585266,0.2002565860748291,0.7493082284927368,0.2008216381072998,0.7435657978057861,0.19446101784706116,0.7418850660324097,0.19157207012176514,0.7402746081352234,0.1886080801486969,0.7451764941215515,0.20150965452194214,0.7335262298583984,0.18594062328338623,0.7430116534233093,0.22565412521362305,0.7382978796958923,0.2213716208934784,0.7348650693893433,0.28839945793151855,0.7054476737976074,0.24434387683868408,0.7233820557594299,0.4209575057029724,0.7008619904518127,0.3729206323623657,0.734104335308075,0.5468366742134094,0.714645504951477,0.49493408203125,0.7400951981544495,0.5876114964485168,0.7141342163085938,0.5270718932151794,0.7410575151443481,0.5885860323905945,0.7193607091903687,0.5285395383834839,0.7371116280555725,0.5710862874984741,0.7193862795829773,0.5178524851799011,0.7063130140304565,0.5036233067512512,0.6858546733856201,0.49487999081611633,0.7303047180175781,0.6646946668624878,0.7249581217765808,0.6965999603271484,0.6930933594703674,0.7244709730148315,0.6853912472724915,0.7099896669387817,0.6849281787872314,0.7207307815551758,0.6777769327163696,0.6923291683197021,0.6941441297531128,0.7841773629188538,0.6828884482383728,0.7755188941955566,0
0.7430002689361572,0.20615613460540771,0.7448417544364929,0.19090282917022705,0.7456545829772949,0.19162344932556152,0.7464661002159119,0.19217082858085632,0.7415336966514587,0.18611565232276917,0.7399973273277283,0.1833445131778717,0.738298237323761,0.1801120936870575,0.7422097325325012,0.1929815411567688,0.7319800853729248,0.17832204699516296,0.7410362958908081,0.21873772144317627,0.7367756962776184,0.2160070836544037,0.7311736345291138,0.2767391800880432,0.7023493647575378,0.23724377155303955,0.7193883061408997,0.4131370782852173,0.6908473968505859,0.3517420291900635,0.7345758676528931,0.538551926612854,0.7082712650299072,0.4797823429107666,0.7400829792022705,0.5773528218269348,0.7067538499832153,0.5105388164520264,0.7366582155227661,0.578951895236969,0.7115996479988098,0.5104377865791321,0.7311473488807678,0.5517406463623047,0.712256908416748,0.5005835294723511,0.7049678564071655,0.4949142336845398,0.6841830611228943,0.48931407928466797,0.731731653213501,0.6634529232978821,0.7154139876365662,0.7128880620002747,0.7090935111045837,0.7471250295639038,0.6886181831359863,0.7574301958084106,0.7015925049781799,0.7511517405509949,0.6805301904678345,0.7464959621429443,0.7180337905883789,0.8041540384292603,0.6971612572669983,0.8282526731491089,0
0.7402268052101135,0.1869729459285736,0.7425012588500977,0.17236417531967163,0.7435626983642578,0.17347148060798645,0.7445651292800903,0.17448607087135315,0.7387925386428833,0.1678270399570465,0.7369868755340576,0.16525888442993164,0.7352098226547241,0.16259172558784485,0.741127073764801,0.17911368608474731,0.7289430499076843,0.16195455193519592,0.7392055988311768,0.2030876874923706,0.7343389391899109,0.1971425712108612,0.7336207032203674,0.27234968543052673,0.6979470252990723,0.2248920202255249,0.7241005301475525,0.3857493996620178,0.6779845952987671,0.33231884241104126,0.7283767461776733,0.4823456108570099,0.6814884543418884,0.41014355421066284,0.7283907532691956,0.5154778957366943,0.6780568361282349,0.4310317039489746,0.7278240323066711,0.5144129991531372,0.6832885146141052,0.4295199513435364,0.7280422449111938,0.5003118515014648,0.6848793029785156,0.4237181544303894,0.7071650624275208,0.49744558334350586,0.6840320825576782,0.48756155371665955,0.7221881151199341,0.679557740688324,0.7066216468811035,0.7027537226676941,0.6964995861053467,0.7566555738449097,0.6822056770324707,0.7509346604347229,0.6889324188232422,0.7580159306526184,0.6761641502380371,0.7407407760620117,0.7023340463638306,0.8149072527885437,0.6866331100463867,0.8207326531410217,0
0.7399940490722656,0.18220248818397522,0.7413332462310791,0.16633805632591248,0.7422844171524048,0.16724097728729248,0.743232250213623,0.16806086897850037,0.7375081777572632,0.16128376126289368,0.7359521985054016,0.1588650941848755,0.7342917323112488,0.15634053945541382,0.7386550307273865,0.17075583338737488,0.7272961139678955,0.1567317247390747,0.738974392414093,0.19761162996292114,0.7341161966323853,0.19191595911979675,0.7300928831100464,0.2678670287132263,0.6986391544342041,0.22253531217575073,0.7211567163467407,0.38764065504074097,0.675948977470398,0.3219473958015442,0.7290391325950623,0.5020845532417297,0.676692545413971,0.4418173134326935,0.7333919405937195,0.5376441478729248,0.6782935857772827,0.4690079092979431,0.7328886985778809,0.5383435487747192,0.6840498447418213,0.47004440426826477,0.729802131652832,0.5260756611824036,0.6856899857521057,0.4616655111312866,0.7070667147636414,0.5046331882476807,0.6826981902122498,0.49747899174690247,0.7285372018814087,0.6812537908554077,0.7082266807556152,0.7290759086608887,0.7135134935379028,0.7413310408592224,0.6932955384254456,0.7474011182785034,0.707362174987793,0.7431985139846802,0.6870355606079102,0.7321217656135559,0.7233087420463562,0.7893820405006409,0.7045528292655945,0.8144200444221497,0
0.7341515421867371,0.17477166652679443,0.7368480563163757,0.15919119119644165,0.7380905151367188,0.15997827053070068,0.7392857670783997,0.16053718328475952,0.7325682044029236,0.15448850393295288,0.7308083176612854,0.15191522240638733,0.7290526628494263,0.14922109246253967,0.7367507219314575,0.16313022375106812,0.7240205407142639,0.1490408480167389,0.7343724966049194,0.18881171941757202,0.7289820909500122,0.18321746587753296,0.7316330075263977,0.26327618956565857,0.6980704665184021,0.21590706706047058,0.7199271321296692,0.3900190591812134,0.6756120920181274,0.3194994330406189,0.7236685156822205,0.4944639503955841,0.6714255213737488,0.4371892511844635,0.7249935269355774,0.5215873718261719,0.6679210066795349,0.4602363109588623,0.7241529822349548,0.5230416059494019,0.6741932034492493,0.46613895893096924,0.7236421704292297,0.5207951068878174,0.6757102608680725,0.461582213640213,0.7054954767227173,0.4771638810634613,0.6820036768913269,0.4728367328643799,0.7185276746749878,0.6576734185218811,0.6995323300361633,0.6707502603530884,0.7012787461280823,0.7596448063850403,0.689768373966217,0.7455041408538818,0.6936759352684021,0.7698414325714111,0.6838266849517822,0.7437739372253418,0.71495521068573,0.81373131275177,0.7047315835952759,0.8123489618301392,0
0.7310038805007935,0.15924453735351562,0.7341029644012451,0.14504176378250122,0.7355248928070068,0.1461334526538849,0.7368471622467041,0.14702638983726501,0.7293164134025574,0.1404317021369934,0.7273216843605042,0.13818353414535522,0.7253023386001587,0.13584408164024353,0.7346929311752319,0.15263530611991882,0.7198217511177063,0.13720309734344482,0.7312800288200378,0.17483943700790405,0.7252368330955505,0.16940009593963623,0.7304065227508545,0.2578105330467224,0.6940751075744629,0.20883303880691528,0.7215726375579834,0.386810839176178,0.674540102481842,0.3169701099395752,0.7283638715744019,0.5098499059677124,0.6717179417610168,0.43650567531585693,0.7324849367141724,0.5483571290969849,0.6675795912742615,0.4680045545101166,0.7303895354270935,0.5465911030769348,0.6743147373199463,0.46274372935295105,0.7260503768920898,0.5260449647903442,0.6758185625076294,0.4584692120552063,0.7062017917633057,0.4859201908111572,0.6825189590454102,0.4742925763130188,0.7187573909759521,0.6602740287780762,0.6946608424186707,0.6751171350479126,0.7024844288825989,0.7497349977493286,0.6884176731109619,0.7391155958175659,0.6955437660217285,0.7571371793746948,0.6834419369697571,0.7360416650772095,0.7146975994110107,0.8022482395172119,0.7027955055236816,0.8023258447647095,0
0.7296469807624817,0.16414175927639008,0.732646644115448,0.14825627207756042,0.7340080142021179,0.1484813690185547,0.735348105430603,0.14865648746490479,0.7276864051818848,0.14539527893066406,0.725511908531189,0.14355310797691345,0.7230331897735596,0.14121758937835693,0.7331289649009705,0.1535065472126007,0.717282772064209,0.1432754099369049,0.7297461032867432,0.17992162704467773,0.7238178849220276,0.176430806517601,0.7339845299720764,0.2630738615989685,0.6902396082878113,0.20696058869361877,0.7320018410682678,0.3808025121688843,0.6703991889953613,0.31235745549201965,0.7293700575828552,0.47369569540023804,0.6716539263725281,0.42251351475715637,0.7277027368545532,0.5061561465263367,0.6691900491714478,0.4522448480129242,0.7259262800216675,0.4895123839378357,0.6733511090278625,0.4494721293449402,0.7259774208068848,0.4888644218444824,0.6750895977020264,0.4445454180240631,0.7032349705696106,0.46197521686553955,0.6771242618560791,0.4456232190132141,0.7143662571907043,0.6431605815887451,0.6887824535369873,0.6271131038665771,0.7047883868217468,0.7773752808570862,0.6956448554992676,0.767391562461853,0.6987346410751343,0.7911553382873535,0.6942070126533508,0.778692364692688,0.7161383628845215,0.8390114903450012,0.7088749408721924,0.8355260491371155,0
0.7262899279594421,0.14796185493469238,0.7297002077102661,0.13331523537635803,0.7311838865280151,0.13403716683387756,0.7325899600982666,0.13459396362304688,0.724585235118866,0.12938061356544495,0.7224203944206238,0.12720388174057007,0.7201176881790161,0.12487083673477173,0.7312774658203125,0.1393730640411377,0.7142332196235657,0.12559065222740173,0.7269104719161987,0.16346076130867004,0.7201926112174988,0.15815827250480652,0.7335310578346252,0.24690745770931244,0.6863970160484314,0.2025182545185089,0.7259738445281982,0.3714347779750824,0.6668370366096497,0.3104425072669983,0.7308311462402344,0.4675131142139435,0.6715677380561829,0.4284136891365051,0.7296761870384216,0.49644553661346436,0.6678850650787354,0.46402889490127563,0.7284223437309265,0.4954436719417572,0.673605740070343,0.46185585856437683,0.725909411907196,0.48029759526252747,0.6759772300720215,0.4477369487285614,0.7153931856155396,0.47012966871261597,0.6839988827705383,0.4638427793979645,0.7151314616203308,0.661321222782135,0.6883319020271301,0.6866641640663147,0.701661229133606,0.7841403484344482,0.6837234497070312,0.8072186708450317,0.696172297000885,0.7961100339889526,0.6818456649780273,0.8161686658859253,0.7080977559089661,0.8460607528686523,0.6883818507194519,0.8531395792961121,0
0.725834846496582,0.138249009847641,0.7282238006591797,0.12435343861579895,0.7295876741409302,0.12486565113067627,0.7308847904205322,0.1254420280456543,0.7235756516456604,0.12137818336486816,0.7216001152992249,0.11973926424980164,0.7194475531578064,0.11805543303489685,0.7293975949287415,0.1309298872947693,0.7133176922798157,0.12078326940536499,0.7265823483467102,0.154564768075943,0.7208421230316162,0.15214475989341736,0.7330604791641235,0.25167369842529297,0.685893714427948,0.20154321193695068,0.7286192178726196,0.3753110468387604,0.6631677746772766,0.3132847845554352,0.7308401465415955,0.4795971214771271,0.6722296476364136,0.42599448561668396,0.7329151034355164,0.5068856477737427,0.669288158416748,0.4590132236480713,0.7312110066413879,0.5072814226150513,0.6753763556480408,0.4567711651325226,0.7282275557518005,0.4927062392234802,0.6777024269104004,0.44503602385520935,0.7137395739555359,0.46484553813934326,0.6865642666816711,0.4606116712093353,0.7117373943328857,0.6503204107284546,0.6880879402160645,0.6592586040496826,0.699165403842926,0.7940698862075806,0.6817899346351624,0.8062028884887695,0.6931958794593811,0.8131014108657837,0.6788323521614075,0.8215879797935486,0.708925724029541,0.8470401763916016,0.6914695501327515,0.8706560134887695,0
0.7232805490493774,0.13412106037139893,0.7261977195739746,0.12143683433532715,0.7277261018753052,0.12193673849105835,0.7292481660842896,0.12254947423934937,0.7210307717323303,0.11842101812362671,0.7189433574676514,0.11684104800224304,0.7167845964431763,0.11524370312690735,0.7285021543502808,0.12911295890808105,0.7115620374679565,0.118557870388031,0.7243792414665222,0.14996451139450073,0.7181602120399475,0.1469414234161377,0.7328783869743347,0.2511403560638428,0.6845526099205017,0.20133362710475922,0.7278333902359009,0.36677098274230957,0.6627012491226196,0.302795946598053,0.7323834300041199,0.4487251937389374,0.6712960004806519,0.41317039728164673,0.7337749600410461,0.48318299651145935,0.670275092124939,0.44487684965133667,0.7302149534225464,0.47852495312690735,0.6771638989448547,0.44386500120162964,0.729788064956665,0.466647207736969,0.6790556907653809,0.43321192264556885,0.7126965522766113,0.46251216530799866,0.6853022575378418,0.4503251910209656,0.7111189365386963,0.6374467611312866,0.6840671896934509,0.6440678238868713,0.6977558732032776,0.7798894643783569,0.6821960210800171,0.7869174480438232,0.6920619010925293,0.7983684539794922,0.6809649467468262,0.8020208477973938,0.7052271366119385,0.8330400586128235,0.6887413263320923,0.848740816116333,0
0.7205596566200256,0.14063329994678497,0.7237449288368225,0.12741795182228088,0.7254021763801575,0.12824755907058716,0.7269055843353271,0.12891003489494324,0.7180365920066833,0.12366744875907898,0.7159216403961182,0.12204468250274658,0.7136444449424744,0.12068021297454834,0.7263162136077881,0.1346806138753891,0.7094284296035767,0.12450599670410156,0.7218441963195801,0.15781544148921967,0.7148353457450867,0.15431852638721466,0.7325966358184814,0.2534315288066864,0.6831064820289612,0.2021876722574234,0.7285749316215515,0.3706904351711273,0.663578987121582,0.3065621852874756,0.7321023941040039,0.4701973795890808,0.6703630089759827,0.40755414962768555,0.733858585357666,0.49941903352737427,0.6681666970252991,0.4361233711242676,0.7333276867866516,0.48972609639167786,0.6771584153175354,0.43372032046318054,0.730124831199646,0.4843708276748657,0.6782146096229553,0.4257412850856781,0.7064023613929749,0.4600588381290436,0.6788365840911865,0.4447174668312073,0.7132999300956726,0.613065242767334,0.6968679428100586,0.6204490661621094,0.6925469636917114,0.7777465581893921,0.687418520450592,0.7945759296417236,0.6853224635124207,0.7973423600196838,0.6840401887893677,0.8160533905029297,0.701423168182373,0.8406590223312378,0.6959463357925415,0.8563998937606812,0
0.717589259147644,0.13718457520008087,0.7214173078536987,0.12500378489494324,0.7233239412307739,0.12597808241844177,0.7250205278396606,0.12671688199043274,0.7152210474014282,0.12097349762916565,0.713172972202301,0.11943751573562622,0.7109873294830322,0.11839550733566284,0.7251286506652832,0.13384924829006195,0.7075915932655334,0.1237216591835022,0.7195191979408264,0.15512505173683167,0.7121216058731079,0.151468887925148,0.7326159477233887,0.2524045407772064,0.68251633644104,0.20203331112861633,0.7300695180892944,0.3744218647480011,0.661713182926178,0.3037300109863281,0.7345104217529297,0.47752004861831665,0.668346643447876,0.39679017663002014,0.7386763095855713,0.5227879285812378,0.6694409251213074,0.427939236164093,0.7351557612419128,0.5198478698730469,0.675950288772583,0.42832866311073303,0.7325190305709839,0.49198591709136963,0.6769848465919495,0.41610410809516907,0.7062795758247375,0.4600889980792999,0.6779206395149231,0.44373294711112976,0.710012674331665,0.6168296933174133,0.6929290294647217,0.627091646194458,0.688534677028656,0.7785835266113281,0.6846863627433777,0.7938951253890991,0.6813525557518005,0.7978713512420654,0.6819626092910767,0.8150345087051392,0.6962867975234985,0.8405317068099976,0.6913387775421143,0.8517423868179321,0
0.717058539390564,0.1395050287246704,0.7210749387741089,0.12644466757774353,0.7230539917945862,0.12714499235153198,0.7248573303222656,0.12767022848129272,0.7146521210670471,0.12308397889137268,0.7124489545822144,0.12161126732826233,0.7102964520454407,0.12015417218208313,0.724876880645752,0.13442736864089966,0.7060893177986145,0.12510627508163452,0.7192409038543701,0.15637582540512085,0.7114474773406982,0.1540580689907074,0.7325843572616577,0.25275784730911255,0.6817721724510193,0.20292581617832184,0.7285779714584351,0.3675456643104553,0.6613863706588745,0.2968352138996124,0.7322594523429871,0.4672495722770691,0.6649454832077026,0.3986421823501587,0.7341210246086121,0.5013335943222046,0.6655471324920654,0.4328804314136505,0.7304751873016357,0.4833311140537262,0.6733351349830627,0.4288268983364105,0.7296761274337769,0.4843660593032837,0.6744496822357178,0.4168628752231598,0.7066828012466431,0.4581229090690613,0.6766043305397034,0.43127962946891785,0.713200032711029,0.6231706142425537,0.6863989233970642,0.611540675163269,0.7012708187103271,0.7597783803939819,0.6891019940376282,0.7422562837600708,0.6968994736671448,0.7753835916519165,0.6891175508499146,0.7545055150985718,0.7044642567634583,0.8159290552139282,0.6937374472618103,0.8036502599716187,0
0.718647301197052,0.1363435983657837,0.7215405106544495,0.1238878071308136,0.7231293320655823,0.12482917308807373,0.7247434854507446,0.12574782967567444,0.7163147330284119,0.12000077962875366,0.7141343355178833,0.11818411946296692,0.7117193937301636,0.11641180515289307,0.7248400449752808,0.13182640075683594,0.7062717080116272,0.11967551708221436,0.7197325825691223,0.15142303705215454,0.7133495211601257,0.149627685546875,0.7306646704673767,0.24922364950180054,0.6801283359527588,0.2026856690645218,0.7307759523391724,0.3674924969673157,0.6596946120262146,0.30780309438705444,0.7349298596382141,0.4496631324291229,0.6660218238830566,0.40735095739364624,0.7376554012298584,0.4782649874687195,0.6655994653701782,0.4334731996059418,0.7362070083618164,0.4771917164325714,0.6712923645973206,0.42894119024276733,0.7332037091255188,0.4651944041252136,0.6716668605804443,0.42259278893470764,0.7116534113883972,0.46339166164398193,0.6841877102851868,0.4541259706020355,0.7059100270271301,0.6332128047943115,0.6919870972633362,0.6430585384368896,0.6846088171005249,0.7841219305992126,0.6891475319862366,0.8065876960754395,0.6779690384864807,0.8032240867614746,0.687354564666748,0.8276541233062744,0.6898952126502991,0.8402756452560425,0.6956892013549805,0.8638758659362793,0
0.7162727117538452,0.1395781934261322,0.7197037935256958,0.1258952021598816,0.7216739058494568,0.12645035982131958,0.7235769629478455,0.12690100073814392,0.7135944962501526,0.12332004308700562,0.7113760709762573,0.12189340591430664,0.7092428207397461,0.12038680911064148,0.7242302894592285,0.13200527429580688,0.7050827741622925,0.12258294224739075,0.7180494070053101,0.1546945571899414,0.71085125207901,0.1530187726020813,0.7319973111152649,0.24381038546562195,0.6793956756591797,0.20028634369373322,0.7304586172103882,0.3561069667339325,0.6594540476799011,0.3104710280895233,0.7343391180038452,0.44547614455223083,0.6639636754989624,0.40643730759620667,0.7382630109786987,0.47927987575531006,0.6631008386611938,0.4373820722103119,0.7371781468391418,0.47714167833328247,0.6670778393745422,0.4355889558792114,0.7338392734527588,0.46263009309768677,0.6695502400398254,0.42389026284217834,0.7140802145004272,0.4553183317184448,0.6856011748313904,0.4466930627822876,0.7034085988998413,0.6250427961349487,0.6906427145004272,0.6371706128120422,0.6865743398666382,0.7790663242340088,0.691960334777832,0.8013325929641724,0.6811783313751221,0.8006191253662109,0.6917413473129272,0.8234624862670898,0.6894184947013855,0.831220805644989,0.6971155405044556,0.8577170968055725,0
0.7173690795898438,0.13881561160087585,0.7200628519058228,0.12448647618293762,0.7218996286392212,0.1250811219215393,0.7237200736999512,0.12570708990097046,0.7141522765159607,0.12163704633712769,0.7118671536445618,0.12023091316223145,0.7096632719039917,0.11889976263046265,0.7239990234375,0.1329938769340515,0.7045879364013672,0.12312808632850647,0.7189335823059082,0.15687088668346405,0.7120715379714966,0.15562325716018677,0.7316969037055969,0.24899683892726898,0.6794100403785706,0.20379038155078888,0.7288699746131897,0.3655397593975067,0.6584859490394592,0.3104892373085022,0.7358472943305969,0.454363077878952,0.6639254093170166,0.4046880602836609,0.738876223564148,0.4811873435974121,0.6642520427703857,0.43195655941963196,0.7375230193138123,0.4751462936401367,0.6699970960617065,0.4267393946647644,0.7348834276199341,0.4690247178077698,0.6708154082298279,0.41473719477653503,0.7133476734161377,0.461651474237442,0.6861421465873718,0.45386624336242676,0.7044447064399719,0.6251314878463745,0.6933280825614929,0.6427714228630066,0.6777580380439758,0.7675937414169312,0.69199538230896,0.8057516813278198,0.6701499223709106,0.7853237390518188,0.6904531717300415,0.8257725834846497,0.6825457811355591,0.8227212429046631,0.6991811990737915,0.8660550117492676,0
0.7170177102088928,0.13634079694747925,0.719789981842041,0.12317663431167603,0.7215970158576965,0.12367692589759827,0.7233161330223083,0.1240490972995758,0.7138239145278931,0.1206008791923523,0.7115618586540222,0.11936023831367493,0.7093570828437805,0.11814644932746887,0.7234096527099609,0.12989264726638794,0.7047650218009949,0.12112626433372498,0.7186505198478699,0.15333549678325653,0.7115590572357178,0.15166045725345612,0.7309609055519104,0.2485673427581787,0.6791613698005676,0.20386475324630737,0.7306481599807739,0.36284685134887695,0.6579669713973999,0.30745312571525574,0.7352424263954163,0.4457450807094574,0.6632039546966553,0.4074309170246124,0.7389665842056274,0.4744746685028076,0.6622137427330017,0.43353012204170227,0.7377567887306213,0.4726935923099518,0.6676380038261414,0.4319760203361511,0.7348203659057617,0.4605734348297119,0.6688804030418396,0.42199844121932983,0.7136075496673584,0.46311047673225403,0.685429036617279,0.45636072754859924,0.7052612900733948,0.6167982220649719,0.6928236484527588,0.6414711475372314,0.6809235215187073,0.7510297298431396,0.6941289305686951,0.7989398241043091,0.6738784313201904,0.7668182253837585,0.6933929920196533,0.8186783194541931,0.6848102807998657,0.8081412315368652,0.7002299427986145,0.858633279800415,0
0.7144885063171387,0.13922488689422607,0.7179647088050842,0.125406414270401,0.7199963927268982,0.12610408663749695,0.7218456864356995,0.1267043650150299,0.7115588188171387,0.12236526608467102,0.7093035578727722,0.12097960710525513,0.7072198987007141,0.1195480227470398,0.7225328087806702,0.13294005393981934,0.7032157182693481,0.12223130464553833,0.7162862420082092,0.15674717724323273,0.7092218995094299,0.15392564237117767,0.7300924062728882,0.2501428723335266,0.6780471205711365,0.2012576162815094,0.7283798456192017,0.3666916787624359,0.6580905318260193,0.3098881244659424,0.735102117061615,0.45096978545188904,0.6600250005722046,0.40719175338745117,0.7353267669677734,0.4800451099872589,0.6585232615470886,0.4357668161392212,0.7346264123916626,0.47835826873779297,0.6643664836883545,0.43493759632110596,0.7307553291320801,0.46437162160873413,0.6658490896224976,0.42378950119018555,0.714944064617157,0.46692267060279846,0.6856142282485962,0.4590485692024231,0.7061175107955933,0.633272647857666,0.69503253698349,0.6513200402259827,0.6831596493721008,0.7797983288764954,0.6934747695922852,0.8116199970245361,0.6763087511062622,0.7977893948554993,0.6925466060638428,0.8333719968795776,0.6866695284843445,0.8372988104820251,0.6910410523414612,0.8520083427429199,0
0.7149957418441772,0.1339324712753296,0.7175525426864624,0.12145569920539856,0.7192336916923523,0.12211522459983826,0.7208571434020996,0.1227884292602539,0.711769700050354,0.11864107847213745,0.7093071937561035,0.11734980344772339,0.706808865070343,0.11617207527160645,0.7210859656333923,0.1295241117477417,0.7019172310829163,0.11966562271118164,0.7166704535484314,0.1505967378616333,0.7096544504165649,0.14965808391571045,0.7295808792114258,0.25115343928337097,0.6776624321937561,0.201858788728714,0.7310938239097595,0.36860954761505127,0.6569547057151794,0.3052239418029785,0.7367149591445923,0.45058372616767883,0.6589931845664978,0.4031424820423126,0.7411044836044312,0.4785025119781494,0.6576782464981079,0.4313187301158905,0.7372954487800598,0.47527825832366943,0.6633145809173584,0.4301934242248535,0.7336933016777039,0.46251341700553894,0.6661198139190674,0.4203163683414459,0.70859694480896,0.4631381928920746,0.6824422478675842,0.4498438835144043,0.7044526934623718,0.6137309670448303,0.6963267922401428,0.6484679579734802,0.6743625998497009,0.7438714504241943,0.6902279853820801,0.8014565706253052,0.6665596961975098,0.7572239637374878,0.6874887943267822,0.8190475106239319,0.67754065990448,0.805046558380127,0.6967686414718628,0.8643238544464111,0
0.7116898894309998,0.13751265406608582,0.7150695323944092,0.12419378757476807,0.716852068901062,0.12459039688110352,0.7185055017471313,0.12492895126342773,0.7088388204574585,0.12204045057296753,0.7063941955566406,0.1208435595035553,0.7040842771530151,0.11973908543586731,0.7195466756820679,0.13138052821159363,0.7004124522209167,0.12262332439422607,0.7139700055122375,0.15386977791786194,0.7068429589271545,0.15288138389587402,0.7305018305778503,0.25650614500045776,0.6764748692512512,0.20399408042430878,0.7313982248306274,0.37381622195243835,0.6561369299888611,0.3079887926578522,0.7359733581542969,0.4534348249435425,0.657336413860321,0.40595492720603943,0.7399387359619141,0.4809681177139282,0.6558119654655457,0.4333789050579071,0.7364436984062195,0.47233128547668457,0.661429226398468,0.4329954981803894,0.7324617505073547,0.4635796844959259,0.6625143885612488,0.42200449109077454,0.7072492837905884,0.46682068705558777,0.6788887977600098,0.4503656029701233,0.7034519910812378,0.6164848804473877,0.6937383413314819,0.6552480459213257,0.671775221824646,0.742631196975708,0.6878249049186707,0.7991195321083069,0.6638152599334717,0.7557748556137085,0.6853062510490417,0.8157927393913269,0.6738848686218262,0.8015333414077759,0.6934195160865784,0.8582877516746521,0
0.7085364460945129,0.13352146744728088,0.7124095559120178,0.11968499422073364,0.7144877910614014,0.12053161859512329,0.7165334224700928,0.12148845195770264,0.7060887813568115,0.1171301007270813,0.7039495706558228,0.11608198285102844,0.7017748355865479,0.1151835024356842,0.7187132835388184,0.129139244556427,0.6984413266181946,0.1190783679485321,0.7111778855323792,0.14985623955726624,0.7036697864532471,0.14867974817752838,0.7293757796287537,0.25048351287841797,0.6741774082183838,0.20186978578567505,0.7327829003334045,0.37082329392433167,0.6547143459320068,0.30852213501930237,0.7353613376617432,0.447713166475296,0.6548887491226196,0.41247156262397766,0.7392237782478333,0.4757061004638672,0.6538783311843872,0.4398752450942993,0.7346821427345276,0.4670097827911377,0.6596837043762207,0.43881291151046753,0.7338154911994934,0.4618558883666992,0.6606481671333313,0.4284067749977112,0.7125446200370789,0.4579212963581085,0.683559238910675,0.4550086557865143,0.7053441405296326,0.622346043586731,0.697048008441925,0.646686851978302,0.6794625520706177,0.7643073797225952,0.6939460039138794,0.7882609367370605,0.672766923904419,0.7807782888412476,0.6923598051071167,0.8040086030960083,0.6808317303657532,0.823242723941803,0.698677122592926,0.8488069772720337,0
0.7067142128944397,0.13326016068458557,0.7103132605552673,0.11959889531135559,0.712548553943634,0.12007462978363037,0.7146574854850769,0.12057718634605408,0.7039375901222229,0.11759057641029358,0.7018780708312988,0.1165972352027893,0.6999872326850891,0.1157490611076355,0.7163726687431335,0.12684139609336853,0.6970958709716797,0.11923807859420776,0.7095109820365906,0.14941170811653137,0.7019652128219604,0.14834222197532654,0.7280150055885315,0.24992991983890533,0.6722188591957092,0.2008344680070877,0.7291232347488403,0.36383166909217834,0.6531487703323364,0.31377774477005005,0.7366399168968201,0.45998847484588623,0.6549229621887207,0.42373576760292053,0.7388889789581299,0.47842270135879517,0.6528090238571167,0.4503173828125,0.7380816340446472,0.47701844573020935,0.6588762402534485,0.44731006026268005,0.7343679666519165,0.46626758575439453,0.6605457067489624,0.4401388168334961,0.7120473384857178,0.46092069149017334,0.6812787055969238,0.4530666470527649,0.7044844627380371,0.6196425557136536,0.6969824433326721,0.6563823223114014,0.6727626919746399,0.7722126245498657,0.6932858228683472,0.8115420937538147,0.6646353006362915,0.7898126840591431,0.6918057203292847,0.8291960954666138,0.6749966740608215,0.8334746360778809,0.698331892490387,0.8763183355331421,0
0.7050769329071045,0.1296362578868866,0.7084140181541443,0.11582261323928833,0.7105337381362915,0.1164083182811737,0.7124031186103821,0.11692920327186584,0.7021791934967041,0.11383932828903198,0.7000449895858765,0.11311176419258118,0.6979978084564209,0.11256593465805054,0.7138720154762268,0.1246614158153534,0.6949545741081238,0.11823821067810059,0.7079898118972778,0.1451486051082611,0.700487494468689,0.1441134810447693,0.726128101348877,0.24405264854431152,0.6706640124320984,0.20287351310253143,0.7287338376045227,0.3623276948928833,0.6518689393997192,0.3213215172290802,0.7368384003639221,0.4522114098072052,0.6540153622627258,0.424289345741272,0.7425546050071716,0.4731285870075226,0.6530763506889343,0.45187896490097046,0.7392269968986511,0.47097817063331604,0.6581745147705078,0.45073509216308594,0.7375127673149109,0.46228063106536865,0.659083366394043,0.44109272956848145,0.7122271656990051,0.45091763138771057,0.6821250915527344,0.4508824646472931,0.7093461751937866,0.6172976493835449,0.6986398100852966,0.6559281349182129,0.6715978384017944,0.7593165636062622,0.6923935413360596,0.7885621786117554,0.6625934839248657,0.7738039493560791,0.6895951628684998,0.8019026517868042,0.6736764311790466,0.8228582143783569,0.6981506943702698,0.851775050163269,0
0.702519416809082,0.12716779112815857,0.7058320641517639,0.11267060041427612,0.7079662680625916,0.11340689659118652,0.7101415395736694,0.11404109001159668,0.6996504664421082,0.11065790057182312,0.6975561380386353,0.11003607511520386,0.695593535900116,0.10956406593322754,0.7119420766830444,0.12185916304588318,0.6924737691879272,0.11512315273284912,0.7055161595344543,0.14334547519683838,0.6979621648788452,0.14201194047927856,0.7249643206596375,0.24055595695972443,0.6694610714912415,0.1995958387851715,0.7270670533180237,0.3578540086746216,0.651533842086792,0.31584858894348145,0.7375510931015015,0.4522664248943329,0.6539338827133179,0.4254539906978607,0.7409228086471558,0.47724926471710205,0.6523364186286926,0.4549884498119354,0.7395870685577393,0.47177061438560486,0.6571440100669861,0.45418956875801086,0.7381213307380676,0.46780526638031006,0.6586151719093323,0.4440906345844269,0.7105507254600525,0.45369893312454224,0.6809426546096802,0.4483325481414795,0.7076504230499268,0.6277105212211609,0.6949198246002197,0.6336146593093872,0.6855846047401428,0.7652949690818787,0.6933993697166443,0.7918111085891724,0.678886353969574,0.782038688659668,0.6914620995521545,0.808784544467926,0.6898451447486877,0.8207545280456543,0.7006546854972839,0.8499323129653931,0
0.7027872800827026,0.12903717160224915,0.7059722542762756,0.11420941352844238,0.7080298662185669,0.11468222737312317,0.7101479172706604,0.11526700854301453,0.6997668147087097,0.11280888319015503,0.6975075006484985,0.1120748221874237,0.6950986981391907,0.1111939549446106,0.7113782167434692,0.12355446815490723,0.6906855702400208,0.11630827188491821,0.7050737738609314,0.14658308029174805,0.6982338428497314,0.14530408382415771,0.7232826948165894,0.2354474514722824,0.6683856844902039,0.2013252079486847,0.723979651927948,0.35436996817588806,0.6517278552055359,0.32155007123947144,0.7360404133796692,0.43709662556648254,0.6542675495147705,0.42759865522384644,0.7405101656913757,0.4694235920906067,0.6520439982414246,0.4584185779094696,0.7390469908714294,0.4583545923233032,0.6573870778083801,0.45166486501693726,0.7354996800422668,0.4534789025783539,0.6589473485946655,0.4437621831893921,0.7128002643585205,0.4554697871208191,0.6815849542617798,0.4545195996761322,0.7149074077606201,0.6226456761360168,0.6916232109069824,0.6325082182884216,0.7066367864608765,0.7667604684829712,0.6913244724273682,0.7861797213554382,0.7017152309417725,0.7857615947723389,0.6904876232147217,0.8044410943984985,0.7143060564994812,0.8213356733322144,0.698663055896759,0.846266508102417,0
0.696142315864563,0.12125420570373535,0.7001499533653259,0.10700440406799316,0.7023460268974304,0.10769346356391907,0.7045648694038391,0.10858261585235596,0.6936550140380859,0.10554778575897217,0.6913049221038818,0.1049957275390625,0.6890674829483032,0.10462406277656555,0.707175612449646,0.11989417672157288,0.6857163310050964,0.11211949586868286,0.699941873550415,0.13998278975486755,0.691757082939148,0.13687658309936523,0.7213391661643982,0.23727738857269287,0.6624631285667419,0.20321309566497803,0.723264217376709,0.3590467870235443,0.6492235064506531,0.33543336391448975,0.7351753115653992,0.44372275471687317,0.652655303478241,0.4323980212211609,0.7405121326446533,0.4687255024909973,0.6500533223152161,0.46080902218818665,0.7383766174316406,0.464932918548584,0.6551176905632019,0.4593997597694397,0.7344629764556885,0.4515743851661682,0.6570521593093872,0.4475710988044739,0.711570143699646,0.4585994780063629,0.6773388981819153,0.4589841663837433,0.7164099216461182,0.6291013360023499,0.6867200136184692,0.6414844393730164,0.7147836089134216,0.7606465816497803,0.6932768821716309,0.7916998267173767,0.711694598197937,0.777245283126831,0.6947590112686157,0.8099956512451172,0.7203350067138672,0.8175628185272217,0.6884416341781616,0.8416762351989746,0
0.696060299873352,0.12499690055847168,0.699749767780304,0.11050772666931152,0.7018771171569824,0.1114332377910614,0.7040252089500427,0.11250391602516174,0.6935701966285706,0.10820251703262329,0.6913203001022339,0.10735607147216797,0.6890289783477783,0.10666844248771667,0.7062709927558899,0.12234145402908325,0.6854001879692078,0.11340349912643433,0.6988161206245422,0.1429671049118042,0.691581666469574,0.1405383050441742,0.7204076051712036,0.23847109079360962,0.6629800796508789,0.20097804069519043,0.7235531806945801,0.3543778657913208,0.6480923295021057,0.3270533084869385,0.7340825796127319,0.44363993406295776,0.6494211554527283,0.4296187162399292,0.7385508418083191,0.47266167402267456,0.6475502848625183,0.45965003967285156,0.7371417880058289,0.4651133418083191,0.6524640917778015,0.4536815881729126,0.7353882193565369,0.4604252576828003,0.6539192795753479,0.4459291100502014,0.7085450887680054,0.45405468344688416,0.6772167682647705,0.4599027633666992,0.7178292870521545,0.6240811347961426,0.6916089653968811,0.6473593711853027,0.7098758220672607,0.7598581314086914,0.6871027946472168,0.7966121435165405,0.7046493291854858,0.7760674357414246,0.6858089566230774,0.8134146332740784,0.7184003591537476,0.8176397085189819,0.6852501630783081,0.8473169207572937,0
0.6923668384552002,0.11672744154930115,0.6962564587593079,0.10311734676361084,0.698369026184082,0.1039113700389862,0.7004519104957581,0.10495993494987488,0.6903318166732788,0.1024719774723053,0.6882523894309998,0.1024426817893982,0.6861079335212708,0.10250404477119446,0.7034592628479004,0.11722901463508606,0.6832413077354431,0.11089873313903809,0.6959421038627625,0.13397330045700073,0.6883947849273682,0.13189059495925903,0.7193620800971985,0.24002790451049805,0.6619747281074524,0.2021605372428894,0.7224364280700684,0.3540634214878082,0.6475659608840942,0.32054439187049866,0.7307157516479492,0.4377361834049225,0.6485550999641418,0.42135879397392273,0.7349781394004822,0.4708647131919861,0.6462479829788208,0.4515779912471771,0.7337650060653687,0.46763741970062256,0.6508105993270874,0.45007020235061646,0.7298112511634827,0.4547152519226074,0.6523585319519043,0.4377586841583252,0.7071670889854431,0.45180559158325195,0.6756583452224731,0.45543983578681946,0.7091394066810608,0.6277658939361572,0.6918392777442932,0.6530671119689941,0.69691002368927,0.7635082006454468,0.6917909979820251,0.7936242818832397,0.6921475529670715,0.7799206972122192,0.6910781264305115,0.8093008995056152,0.7013753056526184,0.8192700147628784,0.692849338054657,0.842771053314209,0
