kp0_x,kp0_y,kp1_x,kp1_y,kp2_x,kp2_y,kp3_x,kp3_y,kp4_x,kp4_y,kp5_x,kp5_y,kp6_x,kp6_y,kp7_x,kp7_y,kp8_x,kp8_y,kp9_x,kp9_y,kp10_x,kp10_y,kp11_x,kp11_y,kp12_x,kp12_y,kp13_x,kp13_y,kp14_x,kp14_y,kp15_x,kp15_y,kp16_x,kp16_y,kp17_x,kp17_y,kp18_x,kp18_y,kp19_x,kp19_y,kp20_x,kp20_y,kp21_x,kp21_y,kp22_x,kp22_y,kp23_x,kp23_y,kp24_x,kp24_y,kp25_x,kp25_y,kp26_x,kp26_y,kp27_x,kp27_y,kp28_x,kp28_y,kp29_x,kp29_y,kp30_x,kp30_y,kp31_x,kp31_y,kp32_x,kp32_y,label
0.0,0.0,0.0,0.0,0.0,0.0,0.0,0.0,0.0,0.0,0.0,0.0,0.0,0.0,0.0,0.0,0.0,0.0,0.0,0.0,0.0,0.0,0.0,0.0,0.0,0.0,0.0,0.0,0.0,0.0,0.0,0.0,0.0,0.0,0.0,0.0,0.0,0.0,0.0,0.0,0.0,0.0,0.0,0.0,0.0,0.0,0.0,0.0,0.0,0.0,0.0,0.0,0.0,0.0,0.0,0.0,0.0,0.0,0.0,0.0,0.0,0.0,0.0,0.0,0.0,0.0,0
0.0,0.0,0.0,0.0,0.0,0.0,0.0,0.0,0.0,0.0,0.0,0.0,0.0,0.0,0.0,0.0,0.0,0.0,0.0,0.0,0.0,0.0,0.0,0.0,0.0,0.0,0.0,0.0,0.0,0.0,0.0,0.0,0.0,0.0,0.0,0.0,0.0,0.0,0.0,0.0,0.0,0.0,0.0,0.0,0.0,0.0,0.0,0.0,0.0,0.0,0.0,0.0,0.0,0.0,0.0,0.0,0.0,0.0,0.0,0.0,0.0,0.0,0.0,0.0,0.0,0.0,0
0.0,0.0,0.0,0.0,0.0,0.0,0.0,0.0,0.0,0.0,0.0,0.0,0.0,0.0,0.0,0.0,0.0,0.0,0.0,0.0,0.0,0.0,0.0,0.0,0.0,0.0,0.0,0.0,0.0,0.0,0.0,0.0,0.0,0.0,0.0,0.0,0.0,0.0,0.0,0.0,0.0,0.0,0.0,0.0,0.0,0.0,0.0,0.0,0.0,0.0,0.0,0.0,0.0,0.0,0.0,0.0,0.0,0.0,0.0,0.0,0.0,0.0,0.0,0.0,0.0,0.0,0
0.0,0.0,0.0,0.0,0.0,0.0,0.0,0.0,0.0,0.0,0.0,0.0,0.0,0.0,0.0,0.0,0.0,0.0,0.0,0.0,0.0,0.0,0.0,0.0,0.0,0.0,0.0,0.0,0.0,0.0,0.0,0.0,0.0,0.0,0.0,0.0,0.0,0.0,0.0,0.0,0.0,0.0,0.0,0.0,0.0,0.0,0.0,0.0,0.0,0.0,0.0,0.0,0.0,0.0,0.0,0.0,0.0,0.0,0.0,0.0,0.0,0.0,0.0,0.0,0.0,0.0,0
0.0,0.0,0.0,0.0,0.0,0.0,0.0,0.0,0.0,0.0,0.0,0.0,0.0,0.0,0.0,0.0,0.0,0.0,0.0,0.0,0.0,0.0,0.0,0.0,0.0,0.0,0.0,0.0,0.0,0.0,0.0,0.0,0.0,0.0,0.0,0.0,0.0,0.0,0.0,0.0,0.0,0.0,0.0,0.0,0.0,0.0,0.0,0.0,0.0,0.0,0.0,0.0,0.0,0.0,0.0,0.0,0.0,0.0,0.0,0.0,0.0,0.0,0.0,0.0,0.0,0.0,0
0.0,0.0,0.0,0.0,0.0,0.0,0.0,0.0,0.0,0.0,0.0,0.0,0.0,0.0,0.0,0.0,0.0,0.0,0.0,0.0,0.0,0.0,0.0,0.0,0.0,0.0,0.0,0.0,0.0,0.0,0.0,0.0,0.0,0.0,0.0,0.0,0.0,0.0,0.0,0.0,0.0,0.0,0.0,0.0,0.0,0.0,0.0,0.0,0.0,0.0,0.0,0.0,0.0,0.0,0.0,0.0,0.0,0.0,0.0,0.0,0.0,0.0,0.0,0.0,0.0,0.0,0
0.0,0.0,0.0,0.0,0.0,0.0,0.0,0.0,0.0,0.0,0.0,0.0,0.0,0.0,0.0,0.0,0.0,0.0,0.0,0.0,0.0,0.0,0.0,0.0,0.0,0.0,0.0,0.0,0.0,0.0,0.0,0.0,0.0,0.0,0.0,0.0,0.0,0.0,0.0,0.0,0.0,0.0,0.0,0.0,0.0,0.0,0.0,0.0,0.0,0.0,0.0,0.0,0.0,0.0,0.0,0.0,0.0,0.0,0.0,0.0,0.0,0.0,0.0,0.0,0.0,0.0,0
0.0,0.0,0.0,0.0,0.0,0.0,0.0,0.0,0.0,0.0,0.0,0.0,0.0,0.0,0.0,0.0,0.0,0.0,0.0,0.0,0.0,0.0,0.0,0.0,0.0,0.0,0.0,0.0,0.0,0.0,0.0,0.0,0.0,0.0,0.0,0.0,0.0,0.0,0.0,0.0,0.0,0.0,0.0,0.0,0.0,0.0,0.0,0.0,0.0,0.0,0.0,0.0,0.0,0.0,0.0,0.0,0.0,0.0,0.0,0.0,0.0,0.0,0.0,0.0,0.0,0.0,0
0.0,0.0,0.0,0.0,0.0,0.0,0.0,0.0,0.0,0.0,0.0,0.0,0.0,0.0,0.0,0.0,0.0,0.0,0.0,0.0,0.0,0.0,0.0,0.0,0.0,0.0,0.0,0.0,0.0,0.0,0.0,0.0,0.0,0.0,0.0,0.0,0.0,0.0,0.0,0.0,0.0,0.0,0.0,0.0,0.0,0.0,0.0,0.0,0.0,0.0,0.0,0.0,0.0,0.0,0.0,0.0,0.0,0.0,0.0,0.0,0.0,0.0,0.0,0.0,0.0,0.0,0
0.0,0.0,0.0,0.0,0.0,0.0,0.0,0.0,0.0,0.0,0.0,0.0,0.0,0.0,0.0,0.0,0.0,0.0,0.0,0.0,0.0,0.0,0.0,0.0,0.0,0.0,0.0,0.0,0.0,0.0,0.0,0.0,0.0,0.0,0.0,0.0,0.0,0.0,0.0,0.0,0.0,0.0,0.0,0.0,0.0,0.0,0.0,0.0,0.0,0.0,0.0,0.0,0.0,0.0,0.0,0.0,0.0,0.0,0.0,0.0,0.0,0.0,0.0,0.0,0.0,0.0,0
0.0,0.0,0.0,0.0,0.0,0.0,0.0,0.0,0.0,0.0,0.0,0.0,0.0,0.0,0.0,0.0,0.0,0.0,0.0,0.0,0.0,0.0,0.0,0.0,0.0,0.0,0.0,0.0,0.0,0.0,0.0,0.0,0.0,0.0,0.0,0.0,0.0,0.0,0.0,0.0,0.0,0.0,0.0,0.0,0.0,0.0,0.0,0.0,0.0,0.0,0.0,0.0,0.0,0.0,0.0,0.0,0.0,0.0,0.0,0.0,0.0,0.0,0.0,0.0,0.0,0.0,0
0.0,0.0,0.0,0.0,0.0,0.0,0.0,0.0,0.0,0.0,0.0,0.0,0.0,0.0,0.0,0.0,0.0,0.0,0.0,0.0,0.0,0.0,0.0,0.0,0.0,0.0,0.0,0.0,0.0,0.0,0.0,0.0,0.0,0.0,0.0,0.0,0.0,0.0,0.0,0.0,0.0,0.0,0.0,0.0,0.0,0.0,0.0,0.0,0.0,0.0,0.0,0.0,0.0,0.0,0.0,0.0,0.0,0.0,0.0,0.0,0.0,0.0,0.0,0.0,0.0,0.0,0
0.0,0.0,0.0,0.0,0.0,0.0,0.0,0.0,0.0,0.0,0.0,0.0,0.0,0.0,0.0,0.0,0.0,0.0,0.0,0.0,0.0,0.0,0.0,0.0,0.0,0.0,0.0,0.0,0.0,0.0,0.0,0.0,0.0,0.0,0.0,0.0,0.0,0.0,0.0,0.0,0.0,0.0,0.0,0.0,0.0,0.0,0.0,0.0,0.0,0.0,0.0,0.0,0.0,0.0,0.0,0.0,0.0,0.0,0.0,0.0,0.0,0.0,0.0,0.0,0.0,0.0,0
0.0,0.0,0.0,0.0,0.0,0.0,0.0,0.0,0.0,0.0,0.0,0.0,0.0,0.0,0.0,0.0,0.0,0.0,0.0,0.0,0.0,0.0,0.0,0.0,0.0,0.0,0.0,0.0,0.0,0.0,0.0,0.0,0.0,0.0,0.0,0.0,0.0,0.0,0.0,0.0,0.0,0.0,0.0,0.0,0.0,0.0,0.0,0.0,0.0,0.0,0.0,0.0,0.0,0.0,0.0,0.0,0.0,0.0,0.0,0.0,0.0,0.0,0.0,0.0,0.0,0.0,0
0.0,0.0,0.0,0.0,0.0,0.0,0.0,0.0,0.0,0.0,0.0,0.0,0.0,0.0,0.0,0.0,0.0,0.0,0.0,0.0,0.0,0.0,0.0,0.0,0.0,0.0,0.0,0.0,0.0,0.0,0.0,0.0,0.0,0.0,0.0,0.0,0.0,0.0,0.0,0.0,0.0,0.0,0.0,0.0,0.0,0.0,0.0,0.0,0.0,0.0,0.0,0.0,0.0,0.0,0.0,0.0,0.0,0.0,0.0,0.0,0.0,0.0,0.0,0.0,0.0,0.0,0
0.0,0.0,0.0,0.0,0.0,0.0,0.0,0.0,0.0,0.0,0.0,0.0,0.0,0.0,0.0,0.0,0.0,0.0,0.0,0.0,0.0,0.0,0.0,0.0,0.0,0.0,0.0,0.0,0.0,0.0,0.0,0.0,0.0,0.0,0.0,0.0,0.0,0.0,0.0,0.0,0.0,0.0,0.0,0.0,0.0,0.0,0.0,0.0,0.0,0.0,0.0,0.0,0.0,0.0,0.0,0.0,0.0,0.0,0.0,0.0,0.0,0.0,0.0,0.0,0.0,0.0,0
0.0,0.0,0.0,0.0,0.0,0.0,0.0,0.0,0.0,0.0,0.0,0.0,0.0,0.0,0.0,0.0,0.0,0.0,0.0,0.0,0.0,0.0,0.0,0.0,0.0,0.0,0.0,0.0,0.0,0.0,0.0,0.0,0.0,0.0,0.0,0.0,0.0,0.0,0.0,0.0,0.0,0.0,0.0,0.0,0.0,0.0,0.0,0.0,0.0,0.0,0.0,0.0,0.0,0.0,0.0,0.0,0.0,0.0,0.0,0.0,0.0,0.0,0.0,0.0,0.0,0.0,0
0.0,0.0,0.0,0.0,0.0,0.0,0.0,0.0,0.0,0.0,0.0,0.0,0.0,0.0,0.0,0.0,0.0,0.0,0.0,0.0,0.0,0.0,0.0,0.0,0.0,0.0,0.0,0.0,0.0,0.0,0.0,0.0,0.0,0.0,0.0,0.0,0.0,0.0,0.0,0.0,0.0,0.0,0.0,0.0,0.0,0.0,0.0,0.0,0.0,0.0,0.0,0.0,0.0,0.0,0.0,0.0,0.0,0.0,0.0,0.0,0.0,0.0,0.0,0.0,0.0,0.0,0
0.0,0.0,0.0,0.0,0.0,0.0,0.0,0.0,0.0,0.0,0.0,0.0,0.0,0.0,0.0,0.0,0.0,0.0,0.0,0.0,0.0,0.0,0.0,0.0,0.0,0.0,0.0,0.0,0.0,0.0,0.0,0.0,0.0,0.0,0.0,0.0,0.0,0.0,0.0,0.0,0.0,0.0,0.0,0.0,0.0,0.0,0.0,0.0,0.0,0.0,0.0,0.0,0.0,0.0,0.0,0.0,0.0,0.0,0.0,0.0,0.0,0.0,0.0,0.0,0.0,0.0,0
0.0,0.0,0.0,0.0,0.0,0.0,0.0,0.0,0.0,0.0,0.0,0.0,0.0,0.0,0.0,0.0,0.0,0.0,0.0,0.0,0.0,0.0,0.0,0.0,0.0,0.0,0.0,0.0,0.0,0.0,0.0,0.0,0.0,0.0,0.0,0.0,0.0,0.0,0.0,0.0,0.0,0.0,0.0,0.0,0.0,0.0,0.0,0.0,0.0,0.0,0.0,0.0,0.0,0.0,0.0,0.0,0.0,0.0,0.0,0.0,0.0,0.0,0.0,0.0,0.0,0.0,0
0.0,0.0,0.0,0.0,0.0,0.0,0.0,0.0,0.0,0.0,0.0,0.0,0.0,0.0,0.0,0.0,0.0,0.0,0.0,0.0,0.0,0.0,0.0,0.0,0.0,0.0,0.0,0.0,0.0,0.0,0.0,0.0,0.0,0.0,0.0,0.0,0.0,0.0,0.0,0.0,0.0,0.0,0.0,0.0,0.0,0.0,0.0,0.0,0.0,0.0,0.0,0.0,0.0,0.0,0.0,0.0,0.0,0.0,0.0,0.0,0.0,0.0,0.0,0.0,0.0,0.0,0
0.0,0.0,0.0,0.0,0.0,0.0,0.0,0.0,0.0,0.0,0.0,0.0,0.0,0.0,0.0,0.0,0.0,0.0,0.0,0.0,0.0,0.0,0.0,0.0,0.0,0.0,0.0,0.0,0.0,0.0,0.0,0.0,0.0,0.0,0.0,0.0,0.0,0.0,0.0,0.0,0.0,0.0,0.0,0.0,0.0,0.0,0.0,0.0,0.0,0.0,0.0,0.0,0.0,0.0,0.0,0.0,0.0,0.0,0.0,0.0,0.0,0.0,0.0,0.0,0.0,0.0,0
0.0,0.0,0.0,0.0,0.0,0.0,0.0,0.0,0.0,0.0,0.0,0.0,0.0,0.0,0.0,0.0,0.0,0.0,0.0,0.0,0.0,0.0,0.0,0.0,0.0,0.0,0.0,0.0,0.0,0.0,0.0,0.0,0.0,0.0,0.0,0.0,0.0,0.0,0.0,0.0,0.0,0.0,0.0,0.0,0.0,0.0,0.0,0.0,0.0,0.0,0.0,0.0,0.0,0.0,0.0,0.0,0.0,0.0,0.0,0.0,0.0,0.0,0.0,0.0,0.0,0.0,0
0.0,0.0,0.0,0.0,0.0,0.0,0.0,0.0,0.0,0.0,0.0,0.0,0.0,0.0,0.0,0.0,0.0,0.0,0.0,0.0,0.0,0.0,0.0,0.0,0.0,0.0,0.0,0.0,0.0,0.0,0.0,0.0,0.0,0.0,0.0,0.0,0.0,0.0,0.0,0.0,0.0,0.0,0.0,0.0,0.0,0.0,0.0,0.0,0.0,0.0,0.0,0.0,0.0,0.0,0.0,0.0,0.0,0.0,0.0,0.0,0.0,0.0,0.0,0.0,0.0,0.0,0
0.0,0.0,0.0,0.0,0.0,0.0,0.0,0.0,0.0,0.0,0.0,0.0,0.0,0.0,0.0,0.0,0.0,0.0,0.0,0.0,0.0,0.0,0.0,0.0,0.0,0.0,0.0,0.0,0.0,0.0,0.0,0.0,0.0,0.0,0.0,0.0,0.0,0.0,0.0,0.0,0.0,0.0,0.0,0.0,0.0,0.0,0.0,0.0,0.0,0.0,0.0,0.0,0.0,0.0,0.0,0.0,0.0,0.0,0.0,0.0,0.0,0.0,0.0,0.0,0.0,0.0,0
0.0,0.0,0.0,0.0,0.0,0.0,0.0,0.0,0.0,0.0,0.0,0.0,0.0,0.0,0.0,0.0,0.0,0.0,0.0,0.0,0.0,0.0,0.0,0.0,0.0,0.0,0.0,0.0,0.0,0.0,0.0,0.0,0.0,0.0,0.0,0.0,0.0,0.0,0.0,0.0,0.0,0.0,0.0,0.0,0.0,0.0,0.0,0.0,0.0,0.0,0.0,0.0,0.0,0.0,0.0,0.0,0.0,0.0,0.0,0.0,0.0,0.0,0.0,0.0,0.0,0.0,0
0.0,0.0,0.0,0.0,0.0,0.0,0.0,0.0,0.0,0.0,0.0,0.0,0.0,0.0,0.0,0.0,0.0,0.0,0.0,0.0,0.0,0.0,0.0,0.0,0.0,0.0,0.0,0.0,0.0,0.0,0.0,0.0,0.0,0.0,0.0,0.0,0.0,0.0,0.0,0.0,0.0,0.0,0.0,0.0,0.0,0.0,0.0,0.0,0.0,0.0,0.0,0.0,0.0,0.0,0.0,0.0,0.0,0.0,0.0,0.0,0.0,0.0,0.0,0.0,0.0,0.0,0
0.0,0.0,0.0,0.0,0.0,0.0,0.0,0.0,0.0,0.0,0.0,0.0,0.0,0.0,0.0,0.0,0.0,0.0,0.0,0.0,0.0,0.0,0.0,0.0,0.0,0.0,0.0,0.0,0.0,0.0,0.0,0.0,0.0,0.0,0.0,0.0,0.0,0.0,0.0,0.0,0.0,0.0,0.0,0.0,0.0,0.0,0.0,0.0,0.0,0.0,0.0,0.0,0.0,0.0,0.0,0.0,0.0,0.0,0.0,0.0,0.0,0.0,0.0,0.0,0.0,0.0,0
0.0,0.0,0.0,0.0,0.0,0.0,0.0,0.0,0.0,0.0,0.0,0.0,0.0,0.0,0.0,0.0,0.0,0.0,0.0,0.0,0.0,0.0,0.0,0.0,0.0,0.0,0.0,0.0,0.0,0.0,0.0,0.0,0.0,0.0,0.0,0.0,0.0,0.0,0.0,0.0,0.0,0.0,0.0,0.0,0.0,0.0,0.0,0.0,0.0,0.0,0.0,0.0,0.0,0.0,0.0,0.0,0.0,0.0,0.0,0.0,0.0,0.0,0.0,0.0,0.0,0.0,0
0.0,0.0,0.0,0.0,0.0,0.0,0.0,0.0,0.0,0.0,0.0,0.0,0.0,0.0,0.0,0.0,0.0,0.0,0.0,0.0,0.0,0.0,0.0,0.0,0.0,0.0,0.0,0.0,0.0,0.0,0.0,0.0,0.0,0.0,0.0,0.0,0.0,0.0,0.0,0.0,0.0,0.0,0.0,0.0,0.0,0.0,0.0,0.0,0.0,0.0,0.0,0.0,0.0,0.0,0.0,0.0,0.0,0.0,0.0,0.0,0.0,0.0,0.0,0.0,0.0,0.0,0
0.0,0.0,0.0,0.0,0.0,0.0,0.0,0.0,0.0,0.0,0.0,0.0,0.0,0.0,0.0,0.0,0.0,0.0,0.0,0.0,0.0,0.0,0.0,0.0,0.0,0.0,0.0,0.0,0.0,0.0,0.0,0.0,0.0,0.0,0.0,0.0,0.0,0.0,0.0,0.0,0.0,0.0,0.0,0.0,0.0,0.0,0.0,0.0,0.0,0.0,0.0,0.0,0.0,0.0,0.0,0.0,0.0,0.0,0.0,0.0,0.0,0.0,0.0,0.0,0.0,0.0,0
0.0,0.0,0.0,0.0,0.0,0.0,0.0,0.0,0.0,0.0,0.0,0.0,0.0,0.0,0.0,0.0,0.0,0.0,0.0,0.0,0.0,0.0,0.0,0.0,0.0,0.0,0.0,0.0,0.0,0.0,0.0,0.0,0.0,0.0,0.0,0.0,0.0,0.0,0.0,0.0,0.0,0.0,0.0,0.0,0.0,0.0,0.0,0.0,0.0,0.0,0.0,0.0,0.0,0.0,0.0,0.0,0.0,0.0,0.0,0.0,0.0,0.0,0.0,0.0,0.0,0.0,0
0.0,0.0,0.0,0.0,0.0,0.0,0.0,0.0,0.0,0.0,0.0,0.0,0.0,0.0,0.0,0.0,0.0,0.0,0.0,0.0,0.0,0.0,0.0,0.0,0.0,0.0,0.0,0.0,0.0,0.0,0.0,0.0,0.0,0.0,0.0,0.0,0.0,0.0,0.0,0.0,0.0,0.0,0.0,0.0,0.0,0.0,0.0,0.0,0.0,0.0,0.0,0.0,0.0,0.0,0.0,0.0,0.0,0.0,0.0,0.0,0.0,0.0,0.0,0.0,0.0,0.0,0
0.0,0.0,0.0,0.0,0.0,0.0,0.0,0.0,0.0,0.0,0.0,0.0,0.0,0.0,0.0,0.0,0.0,0.0,0.0,0.0,0.0,0.0,0.0,0.0,0.0,0.0,0.0,0.0,0.0,0.0,0.0,0.0,0.0,0.0,0.0,0.0,0.0,0.0,0.0,0.0,0.0,0.0,0.0,0.0,0.0,0.0,0.0,0.0,0.0,0.0,0.0,0.0,0.0,0.0,0.0,0.0,0.0,0.0,0.0,0.0,0.0,0.0,0.0,0.0,0.0,0.0,0
0.0,0.0,0.0,0.0,0.0,0.0,0.0,0.0,0.0,0.0,0.0,0.0,0.0,0.0,0.0,0.0,0.0,0.0,0.0,0.0,0.0,0.0,0.0,0.0,0.0,0.0,0.0,0.0,0.0,0.0,0.0,0.0,0.0,0.0,0.0,0.0,0.0,0.0,0.0,0.0,0.0,0.0,0.0,0.0,0.0,0.0,0.0,0.0,0.0,0.0,0.0,0.0,0.0,0.0,0.0,0.0,0.0,0.0,0.0,0.0,0.0,0.0,0.0,0.0,0.0,0.0,0
0.0,0.0,0.0,0.0,0.0,0.0,0.0,0.0,0.0,0.0,0.0,0.0,0.0,0.0,0.0,0.0,0.0,0.0,0.0,0.0,0.0,0.0,0.0,0.0,0.0,0.0,0.0,0.0,0.0,0.0,0.0,0.0,0.0,0.0,0.0,0.0,0.0,0.0,0.0,0.0,0.0,0.0,0.0,0.0,0.0,0.0,0.0,0.0,0.0,0.0,0.0,0.0,0.0,0.0,0.0,0.0,0.0,0.0,0.0,0.0,0.0,0.0,0.0,0.0,0.0,0.0,0
0.0,0.0,0.0,0.0,0.0,0.0,0.0,0.0,0.0,0.0,0.0,0.0,0.0,0.0,0.0,0.0,0.0,0.0,0.0,0.0,0.0,0.0,0.0,0.0,0.0,0.0,0.0,0.0,0.0,0.0,0.0,0.0,0.0,0.0,0.0,0.0,0.0,0.0,0.0,0.0,0.0,0.0,0.0,0.0,0.0,0.0,0.0,0.0,0.0,0.0,0.0,0.0,0.0,0.0,0.0,0.0,0.0,0.0,0.0,0.0,0.0,0.0,0.0,0.0,0.0,0.0,0
0.0,0.0,0.0,0.0,0.0,0.0,0.0,0.0,0.0,0.0,0.0,0.0,0.0,0.0,0.0,0.0,0.0,0.0,0.0,0.0,0.0,0.0,0.0,0.0,0.0,0.0,0.0,0.0,0.0,0.0,0.0,0.0,0.0,0.0,0.0,0.0,0.0,0.0,0.0,0.0,0.0,0.0,0.0,0.0,0.0,0.0,0.0,0.0,0.0,0.0,0.0,0.0,0.0,0.0,0.0,0.0,0.0,0.0,0.0,0.0,0.0,0.0,0.0,0.0,0.0,0.0,0
0.0,0.0,0.0,0.0,0.0,0.0,0.0,0.0,0.0,0.0,0.0,0.0,0.0,0.0,0.0,0.0,0.0,0.0,0.0,0.0,0.0,0.0,0.0,0.0,0.0,0.0,0.0,0.0,0.0,0.0,0.0,0.0,0.0,0.0,0.0,0.0,0.0,0.0,0.0,0.0,0.0,0.0,0.0,0.0,0.0,0.0,0.0,0.0,0.0,0.0,0.0,0.0,0.0,0.0,0.0,0.0,0.0,0.0,0.0,0.0,0.0,0.0,0.0,0.0,0.0,0.0,0
0.0,0.0,0.0,0.0,0.0,0.0,0.0,0.0,0.0,0.0,0.0,0.0,0.0,0.0,0.0,0.0,0.0,0.0,0.0,0.0,0.0,0.0,0.0,0.0,0.0,0.0,0.0,0.0,0.0,0.0,0.0,0.0,0.0,0.0,0.0,0.0,0.0,0.0,0.0,0.0,0.0,0.0,0.0,0.0,0.0,0.0,0.0,0.0,0.0,0.0,0.0,0.0,0.0,0.0,0.0,0.0,0.0,0.0,0.0,0.0,0.0,0.0,0.0,0.0,0.0,0.0,0
0.0,0.0,0.0,0.0,0.0,0.0,0.0,0.0,0.0,0.0,0.0,0.0,0.0,0.0,0.0,0.0,0.0,0.0,0.0,0.0,0.0,0.0,0.0,0.0,0.0,0.0,0.0,0.0,0.0,0.0,0.0,0.0,0.0,0.0,0.0,0.0,0.0,0.0,0.0,0.0,0.0,0.0,0.0,0.0,0.0,0.0,0.0,0.0,0.0,0.0,0.0,0.0,0.0,0.0,0.0,0.0,0.0,0.0,0.0,0.0,0.0,0.0,0.0,0.0,0.0,0.0,0
0.0,0.0,0.0,0.0,0.0,0.0,0.0,0.0,0.0,0.0,0.0,0.0,0.0,0.0,0.0,0.0,0.0,0.0,0.0,0.0,0.0,0.0,0.0,0.0,0.0,0.0,0.0,0.0,0.0,0.0,0.0,0.0,0.0,0.0,0.0,0.0,0.0,0.0,0.0,0.0,0.0,0.0,0.0,0.0,0.0,0.0,0.0,0.0,0.0,0.0,0.0,0.0,0.0,0.0,0.0,0.0,0.0,0.0,0.0,0.0,0.0,0.0,0.0,0.0,0.0,0.0,0
0.0,0.0,0.0,0.0,0.0,0.0,0.0,0.0,0.0,0.0,0.0,0.0,0.0,0.0,0.0,0.0,0.0,0.0,0.0,0.0,0.0,0.0,0.0,0.0,0.0,0.0,0.0,0.0,0.0,0.0,0.0,0.0,0.0,0.0,0.0,0.0,0.0,0.0,0.0,0.0,0.0,0.0,0.0,0.0,0.0,0.0,0.0,0.0,0.0,0.0,0.0,0.0,0.0,0.0,0.0,0.0,0.0,0.0,0.0,0.0,0.0,0.0,0.0,0.0,0.0,0.0,0
0.0,0.0,0.0,0.0,0.0,0.0,0.0,0.0,0.0,0.0,0.0,0.0,0.0,0.0,0.0,0.0,0.0,0.0,0.0,0.0,0.0,0.0,0.0,0.0,0.0,0.0,0.0,0.0,0.0,0.0,0.0,0.0,0.0,0.0,0.0,0.0,0.0,0.0,0.0,0.0,0.0,0.0,0.0,0.0,0.0,0.0,0.0,0.0,0.0,0.0,0.0,0.0,0.0,0.0,0.0,0.0,0.0,0.0,0.0,0.0,0.0,0.0,0.0,0.0,0.0,0.0,0
0.0,0.0,0.0,0.0,0.0,0.0,0.0,0.0,0.0,0.0,0.0,0.0,0.0,0.0,0.0,0.0,0.0,0.0,0.0,0.0,0.0,0.0,0.0,0.0,0.0,0.0,0.0,0.0,0.0,0.0,0.0,0.0,0.0,0.0,0.0,0.0,0.0,0.0,0.0,0.0,0.0,0.0,0.0,0.0,0.0,0.0,0.0,0.0,0.0,0.0,0.0,0.0,0.0,0.0,0.0,0.0,0.0,0.0,0.0,0.0,0.0,0.0,0.0,0.0,0.0,0.0,0
0.0,0.0,0.0,0.0,0.0,0.0,0.0,0.0,0.0,0.0,0.0,0.0,0.0,0.0,0.0,0.0,0.0,0.0,0.0,0.0,0.0,0.0,0.0,0.0,0.0,0.0,0.0,0.0,0.0,0.0,0.0,0.0,0.0,0.0,0.0,0.0,0.0,0.0,0.0,0.0,0.0,0.0,0.0,0.0,0.0,0.0,0.0,0.0,0.0,0.0,0.0,0.0,0.0,0.0,0.0,0.0,0.0,0.0,0.0,0.0,0.0,0.0,0.0,0.0,0.0,0.0,0
0.0,0.0,0.0,0.0,0.0,0.0,0.0,0.0,0.0,0.0,0.0,0.0,0.0,0.0,0.0,0.0,0.0,0.0,0.0,0.0,0.0,0.0,0.0,0.0,0.0,0.0,0.0,0.0,0.0,0.0,0.0,0.0,0.0,0.0,0.0,0.0,0.0,0.0,0.0,0.0,0.0,0.0,0.0,0.0,0.0,0.0,0.0,0.0,0.0,0.0,0.0,0.0,0.0,0.0,0.0,0.0,0.0,0.0,0.0,0.0,0.0,0.0,0.0,0.0,0.0,0.0,0
0.0,0.0,0.0,0.0,0.0,0.0,0.0,0.0,0.0,0.0,0.0,0.0,0.0,0.0,0.0,0.0,0.0,0.0,0.0,0.0,0.0,0.0,0.0,0.0,0.0,0.0,0.0,0.0,0.0,0.0,0.0,0.0,0.0,0.0,0.0,0.0,0.0,0.0,0.0,0.0,0.0,0.0,0.0,0.0,0.0,0.0,0.0,0.0,0.0,0.0,0.0,0.0,0.0,0.0,0.0,0.0,0.0,0.0,0.0,0.0,0.0,0.0,0.0,0.0,0.0,0.0,0
0.0,0.0,0.0,0.0,0.0,0.0,0.0,0.0,0.0,0.0,0.0,0.0,0.0,0.0,0.0,0.0,0.0,0.0,0.0,0.0,0.0,0.0,0.0,0.0,0.0,0.0,0.0,0.0,0.0,0.0,0.0,0.0,0.0,0.0,0.0,0.0,0.0,0.0,0.0,0.0,0.0,0.0,0.0,0.0,0.0,0.0,0.0,0.0,0.0,0.0,0.0,0.0,0.0,0.0,0.0,0.0,0.0,0.0,0.0,0.0,0.0,0.0,0.0,0.0,0.0,0.0,0
0.0,0.0,0.0,0.0,0.0,0.0,0.0,0.0,0.0,0.0,0.0,0.0,0.0,0.0,0.0,0.0,0.0,0.0,0.0,0.0,0.0,0.0,0.0,0.0,0.0,0.0,0.0,0.0,0.0,0.0,0.0,0.0,0.0,0.0,0.0,0.0,0.0,0.0,0.0,0.0,0.0,0.0,0.0,0.0,0.0,0.0,0.0,0.0,0.0,0.0,0.0,0.0,0.0,0.0,0.0,0.0,0.0,0.0,0.0,0.0,0.0,0.0,0.0,0.0,0.0,0.0,0
0.0,0.0,0.0,0.0,0.0,0.0,0.0,0.0,0.0,0.0,0.0,0.0,0.0,0.0,0.0,0.0,0.0,0.0,0.0,0.0,0.0,0.0,0.0,0.0,0.0,0.0,0.0,0.0,0.0,0.0,0.0,0.0,0.0,0.0,0.0,0.0,0.0,0.0,0.0,0.0,0.0,0.0,0.0,0.0,0.0,0.0,0.0,0.0,0.0,0.0,0.0,0.0,0.0,0.0,0.0,0.0,0.0,0.0,0.0,0.0,0.0,0.0,0.0,0.0,0.0,0.0,0
0.0,0.0,0.0,0.0,0.0,0.0,0.0,0.0,0.0,0.0,0.0,0.0,0.0,0.0,0.0,0.0,0.0,0.0,0.0,0.0,0.0,0.0,0.0,0.0,0.0,0.0,0.0,0.0,0.0,0.0,0.0,0.0,0.0,0.0,0.0,0.0,0.0,0.0,0.0,0.0,0.0,0.0,0.0,0.0,0.0,0.0,0.0,0.0,0.0,0.0,0.0,0.0,0.0,0.0,0.0,0.0,0.0,0.0,0.0,0.0,0.0,0.0,0.0,0.0,0.0,0.0,0
0.0,0.0,0.0,0.0,0.0,0.0,0.0,0.0,0.0,0.0,0.0,0.0,0.0,0.0,0.0,0.0,0.0,0.0,0.0,0.0,0.0,0.0,0.0,0.0,0.0,0.0,0.0,0.0,0.0,0.0,0.0,0.0,0.0,0.0,0.0,0.0,0.0,0.0,0.0,0.0,0.0,0.0,0.0,0.0,0.0,0.0,0.0,0.0,0.0,0.0,0.0,0.0,0.0,0.0,0.0,0.0,0.0,0.0,0.0,0.0,0.0,0.0,0.0,0.0,0.0,0.0,0
0.0,0.0,0.0,0.0,0.0,0.0,0.0,0.0,0.0,0.0,0.0,0.0,0.0,0.0,0.0,0.0,0.0,0.0,0.0,0.0,0.0,0.0,0.0,0.0,0.0,0.0,0.0,0.0,0.0,0.0,0.0,0.0,0.0,0.0,0.0,0.0,0.0,0.0,0.0,0.0,0.0,0.0,0.0,0.0,0.0,0.0,0.0,0.0,0.0,0.0,0.0,0.0,0.0,0.0,0.0,0.0,0.0,0.0,0.0,0.0,0.0,0.0,0.0,0.0,0.0,0.0,0
0.0,0.0,0.0,0.0,0.0,0.0,0.0,0.0,0.0,0.0,0.0,0.0,0.0,0.0,0.0,0.0,0.0,0.0,0.0,0.0,0.0,0.0,0.0,0.0,0.0,0.0,0.0,0.0,0.0,0.0,0.0,0.0,0.0,0.0,0.0,0.0,0.0,0.0,0.0,0.0,0.0,0.0,0.0,0.0,0.0,0.0,0.0,0.0,0.0,0.0,0.0,0.0,0.0,0.0,0.0,0.0,0.0,0.0,0.0,0.0,0.0,0.0,0.0,0.0,0.0,0.0,0
0.0,0.0,0.0,0.0,0.0,0.0,0.0,0.0,0.0,0.0,0.0,0.0,0.0,0.0,0.0,0.0,0.0,0.0,0.0,0.0,0.0,0.0,0.0,0.0,0.0,0.0,0.0,0.0,0.0,0.0,0.0,0.0,0.0,0.0,0.0,0.0,0.0,0.0,0.0,0.0,0.0,0.0,0.0,0.0,0.0,0.0,0.0,0.0,0.0,0.0,0.0,0.0,0.0,0.0,0.0,0.0,0.0,0.0,0.0,0.0,0.0,0.0,0.0,0.0,0.0,0.0,0
0.0,0.0,0.0,0.0,0.0,0.0,0.0,0.0,0.0,0.0,0.0,0.0,0.0,0.0,0.0,0.0,0.0,0.0,0.0,0.0,0.0,0.0,0.0,0.0,0.0,0.0,0.0,0.0,0.0,0.0,0.0,0.0,0.0,0.0,0.0,0.0,0.0,0.0,0.0,0.0,0.0,0.0,0.0,0.0,0.0,0.0,0.0,0.0,0.0,0.0,0.0,0.0,0.0,0.0,0.0,0.0,0.0,0.0,0.0,0.0,0.0,0.0,0.0,0.0,0.0,0.0,0
0.0,0.0,0.0,0.0,0.0,0.0,0.0,0.0,0.0,0.0,0.0,0.0,0.0,0.0,0.0,0.0,0.0,0.0,0.0,0.0,0.0,0.0,0.0,0.0,0.0,0.0,0.0,0.0,0.0,0.0,0.0,0.0,0.0,0.0,0.0,0.0,0.0,0.0,0.0,0.0,0.0,0.0,0.0,0.0,0.0,0.0,0.0,0.0,0.0,0.0,0.0,0.0,0.0,0.0,0.0,0.0,0.0,0.0,0.0,0.0,0.0,0.0,0.0,0.0,0.0,0.0,0
0.0,0.0,0.0,0.0,0.0,0.0,0.0,0.0,0.0,0.0,0.0,0.0,0.0,0.0,0.0,0.0,0.0,0.0,0.0,0.0,0.0,0.0,0.0,0.0,0.0,0.0,0.0,0.0,0.0,0.0,0.0,0.0,0.0,0.0,0.0,0.0,0.0,0.0,0.0,0.0,0.0,0.0,0.0,0.0,0.0,0.0,0.0,0.0,0.0,0.0,0.0,0.0,0.0,0.0,0.0,0.0,0.0,0.0,0.0,0.0,0.0,0.0,0.0,0.0,0.0,0.0,0
0.0,0.0,0.0,0.0,0.0,0.0,0.0,0.0,0.0,0.0,0.0,0.0,0.0,0.0,0.0,0.0,0.0,0.0,0.0,0.0,0.0,0.0,0.0,0.0,0.0,0.0,0.0,0.0,0.0,0.0,0.0,0.0,0.0,0.0,0.0,0.0,0.0,0.0,0.0,0.0,0.0,0.0,0.0,0.0,0.0,0.0,0.0,0.0,0.0,0.0,0.0,0.0,0.0,0.0,0.0,0.0,0.0,0.0,0.0,0.0,0.0,0.0,0.0,0.0,0.0,0.0,0
0.0,0.0,0.0,0.0,0.0,0.0,0.0,0.0,0.0,0.0,0.0,0.0,0.0,0.0,0.0,0.0,0.0,0.0,0.0,0.0,0.0,0.0,0.0,0.0,0.0,0.0,0.0,0.0,0.0,0.0,0.0,0.0,0.0,0.0,0.0,0.0,0.0,0.0,0.0,0.0,0.0,0.0,0.0,0.0,0.0,0.0,0.0,0.0,0.0,0.0,0.0,0.0,0.0,0.0,0.0,0.0,0.0,0.0,0.0,0.0,0.0,0.0,0.0,0.0,0.0,0.0,0
0.0,0.0,0.0,0.0,0.0,0.0,0.0,0.0,0.0,0.0,0.0,0.0,0.0,0.0,0.0,0.0,0.0,0.0,0.0,0.0,0.0,0.0,0.0,0.0,0.0,0.0,0.0,0.0,0.0,0.0,0.0,0.0,0.0,0.0,0.0,0.0,0.0,0.0,0.0,0.0,0.0,0.0,0.0,0.0,0.0,0.0,0.0,0.0,0.0,0.0,0.0,0.0,0.0,0.0,0.0,0.0,0.0,0.0,0.0,0.0,0.0,0.0,0.0,0.0,0.0,0.0,0
0.0,0.0,0.0,0.0,0.0,0.0,0.0,0.0,0.0,0.0,0.0,0.0,0.0,0.0,0.0,0.0,0.0,0.0,0.0,0.0,0.0,0.0,0.0,0.0,0.0,0.0,0.0,0.0,0.0,0.0,0.0,0.0,0.0,0.0,0.0,0.0,0.0,0.0,0.0,0.0,0.0,0.0,0.0,0.0,0.0,0.0,0.0,0.0,0.0,0.0,0.0,0.0,0.0,0.0,0.0,0.0,0.0,0.0,0.0,0.0,0.0,0.0,0.0,0.0,0.0,0.0,0
0.0,0.0,0.0,0.0,0.0,0.0,0.0,0.0,0.0,0.0,0.0,0.0,0.0,0.0,0.0,0.0,0.0,0.0,0.0,0.0,0.0,0.0,0.0,0.0,0.0,0.0,0.0,0.0,0.0,0.0,0.0,0.0,0.0,0.0,0.0,0.0,0.0,0.0,0.0,0.0,0.0,0.0,0.0,0.0,0.0,0.0,0.0,0.0,0.0,0.0,0.0,0.0,0.0,0.0,0.0,0.0,0.0,0.0,0.0,0.0,0.0,0.0,0.0,0.0,0.0,0.0,0
0.0,0.0,0.0,0.0,0.0,0.0,0.0,0.0,0.0,0.0,0.0,0.0,0.0,0.0,0.0,0.0,0.0,0.0,0.0,0.0,0.0,0.0,0.0,0.0,0.0,0.0,0.0,0.0,0.0,0.0,0.0,0.0,0.0,0.0,0.0,0.0,0.0,0.0,0.0,0.0,0.0,0.0,0.0,0.0,0.0,0.0,0.0,0.0,0.0,0.0,0.0,0.0,0.0,0.0,0.0,0.0,0.0,0.0,0.0,0.0,0.0,0.0,0.0,0.0,0.0,0.0,0
0.0,0.0,0.0,0.0,0.0,0.0,0.0,0.0,0.0,0.0,0.0,0.0,0.0,0.0,0.0,0.0,0.0,0.0,0.0,0.0,0.0,0.0,0.0,0.0,0.0,0.0,0.0,0.0,0.0,0.0,0.0,0.0,0.0,0.0,0.0,0.0,0.0,0.0,0.0,0.0,0.0,0.0,0.0,0.0,0.0,0.0,0.0,0.0,0.0,0.0,0.0,0.0,0.0,0.0,0.0,0.0,0.0,0.0,0.0,0.0,0.0,0.0,0.0,0.0,0.0,0.0,0
0.0,0.0,0.0,0.0,0.0,0.0,0.0,0.0,0.0,0.0,0.0,0.0,0.0,0.0,0.0,0.0,0.0,0.0,0.0,0.0,0.0,0.0,0.0,0.0,0.0,0.0,0.0,0.0,0.0,0.0,0.0,0.0,0.0,0.0,0.0,0.0,0.0,0.0,0.0,0.0,0.0,0.0,0.0,0.0,0.0,0.0,0.0,0.0,0.0,0.0,0.0,0.0,0.0,0.0,0.0,0.0,0.0,0.0,0.0,0.0,0.0,0.0,0.0,0.0,0.0,0.0,0
0.0,0.0,0.0,0.0,0.0,0.0,0.0,0.0,0.0,0.0,0.0,0.0,0.0,0.0,0.0,0.0,0.0,0.0,0.0,0.0,0.0,0.0,0.0,0.0,0.0,0.0,0.0,0.0,0.0,0.0,0.0,0.0,0.0,0.0,0.0,0.0,0.0,0.0,0.0,0.0,0.0,0.0,0.0,0.0,0.0,0.0,0.0,0.0,0.0,0.0,0.0,0.0,0.0,0.0,0.0,0.0,0.0,0.0,0.0,0.0,0.0,0.0,0.0,0.0,0.0,0.0,0
0.0,0.0,0.0,0.0,0.0,0.0,0.0,0.0,0.0,0.0,0.0,0.0,0.0,0.0,0.0,0.0,0.0,0.0,0.0,0.0,0.0,0.0,0.0,0.0,0.0,0.0,0.0,0.0,0.0,0.0,0.0,0.0,0.0,0.0,0.0,0.0,0.0,0.0,0.0,0.0,0.0,0.0,0.0,0.0,0.0,0.0,0.0,0.0,0.0,0.0,0.0,0.0,0.0,0.0,0.0,0.0,0.0,0.0,0.0,0.0,0.0,0.0,0.0,0.0,0.0,0.0,0
0.0,0.0,0.0,0.0,0.0,0.0,0.0,0.0,0.0,0.0,0.0,0.0,0.0,0.0,0.0,0.0,0.0,0.0,0.0,0.0,0.0,0.0,0.0,0.0,0.0,0.0,0.0,0.0,0.0,0.0,0.0,0.0,0.0,0.0,0.0,0.0,0.0,0.0,0.0,0.0,0.0,0.0,0.0,0.0,0.0,0.0,0.0,0.0,0.0,0.0,0.0,0.0,0.0,0.0,0.0,0.0,0.0,0.0,0.0,0.0,0.0,0.0,0.0,0.0,0.0,0.0,0
0.0,0.0,0.0,0.0,0.0,0.0,0.0,0.0,0.0,0.0,0.0,0.0,0.0,0.0,0.0,0.0,0.0,0.0,0.0,0.0,0.0,0.0,0.0,0.0,0.0,0.0,0.0,0.0,0.0,0.0,0.0,0.0,0.0,0.0,0.0,0.0,0.0,0.0,0.0,0.0,0.0,0.0,0.0,0.0,0.0,0.0,0.0,0.0,0.0,0.0,0.0,0.0,0.0,0.0,0.0,0.0,0.0,0.0,0.0,0.0,0.0,0.0,0.0,0.0,0.0,0.0,0
0.0,0.0,0.0,0.0,0.0,0.0,0.0,0.0,0.0,0.0,0.0,0.0,0.0,0.0,0.0,0.0,0.0,0.0,0.0,0.0,0.0,0.0,0.0,0.0,0.0,0.0,0.0,0.0,0.0,0.0,0.0,0.0,0.0,0.0,0.0,0.0,0.0,0.0,0.0,0.0,0.0,0.0,0.0,0.0,0.0,0.0,0.0,0.0,0.0,0.0,0.0,0.0,0.0,0.0,0.0,0.0,0.0,0.0,0.0,0.0,0.0,0.0,0.0,0.0,0.0,0.0,0
0.0,0.0,0.0,0.0,0.0,0.0,0.0,0.0,0.0,0.0,0.0,0.0,0.0,0.0,0.0,0.0,0.0,0.0,0.0,0.0,0.0,0.0,0.0,0.0,0.0,0.0,0.0,0.0,0.0,0.0,0.0,0.0,0.0,0.0,0.0,0.0,0.0,0.0,0.0,0.0,0.0,0.0,0.0,0.0,0.0,0.0,0.0,0.0,0.0,0.0,0.0,0.0,0.0,0.0,0.0,0.0,0.0,0.0,0.0,0.0,0.0,0.0,0.0,0.0,0.0,0.0,0
0.0,0.0,0.0,0.0,0.0,0.0,0.0,0.0,0.0,0.0,0.0,0.0,0.0,0.0,0.0,0.0,0.0,0.0,0.0,0.0,0.0,0.0,0.0,0.0,0.0,0.0,0.0,0.0,0.0,0.0,0.0,0.0,0.0,0.0,0.0,0.0,0.0,0.0,0.0,0.0,0.0,0.0,0.0,0.0,0.0,0.0,0.0,0.0,0.0,0.0,0.0,0.0,0.0,0.0,0.0,0.0,0.0,0.0,0.0,0.0,0.0,0.0,0.0,0.0,0.0,0.0,0
0.0,0.0,0.0,0.0,0.0,0.0,0.0,0.0,0.0,0.0,0.0,0.0,0.0,0.0,0.0,0.0,0.0,0.0,0.0,0.0,0.0,0.0,0.0,0.0,0.0,0.0,0.0,0.0,0.0,0.0,0.0,0.0,0.0,0.0,0.0,0.0,0.0,0.0,0.0,0.0,0.0,0.0,0.0,0.0,0.0,0.0,0.0,0.0,0.0,0.0,0.0,0.0,0.0,0.0,0.0,0.0,0.0,0.0,0.0,0.0,0.0,0.0,0.0,0.0,0.0,0.0,0
0.0,0.0,0.0,0.0,0.0,0.0,0.0,0.0,0.0,0.0,0.0,0.0,0.0,0.0,0.0,0.0,0.0,0.0,0.0,0.0,0.0,0.0,0.0,0.0,0.0,0.0,0.0,0.0,0.0,0.0,0.0,0.0,0.0,0.0,0.0,0.0,0.0,0.0,0.0,0.0,0.0,0.0,0.0,0.0,0.0,0.0,0.0,0.0,0.0,0.0,0.0,0.0,0.0,0.0,0.0,0.0,0.0,0.0,0.0,0.0,0.0,0.0,0.0,0.0,0.0,0.0,0
0.0,0.0,0.0,0.0,0.0,0.0,0.0,0.0,0.0,0.0,0.0,0.0,0.0,0.0,0.0,0.0,0.0,0.0,0.0,0.0,0.0,0.0,0.0,0.0,0.0,0.0,0.0,0.0,0.0,0.0,0.0,0.0,0.0,0.0,0.0,0.0,0.0,0.0,0.0,0.0,0.0,0.0,0.0,0.0,0.0,0.0,0.0,0.0,0.0,0.0,0.0,0.0,0.0,0.0,0.0,0.0,0.0,0.0,0.0,0.0,0.0,0.0,0.0,0.0,0.0,0.0,0
0.0,0.0,0.0,0.0,0.0,0.0,0.0,0.0,0.0,0.0,0.0,0.0,0.0,0.0,0.0,0.0,0.0,0.0,0.0,0.0,0.0,0.0,0.0,0.0,0.0,0.0,0.0,0.0,0.0,0.0,0.0,0.0,0.0,0.0,0.0,0.0,0.0,0.0,0.0,0.0,0.0,0.0,0.0,0.0,0.0,0.0,0.0,0.0,0.0,0.0,0.0,0.0,0.0,0.0,0.0,0.0,0.0,0.0,0.0,0.0,0.0,0.0,0.0,0.0,0.0,0.0,0
0.0,0.0,0.0,0.0,0.0,0.0,0.0,0.0,0.0,0.0,0.0,0.0,0.0,0.0,0.0,0.0,0.0,0.0,0.0,0.0,0.0,0.0,0.0,0.0,0.0,0.0,0.0,0.0,0.0,0.0,0.0,0.0,0.0,0.0,0.0,0.0,0.0,0.0,0.0,0.0,0.0,0.0,0.0,0.0,0.0,0.0,0.0,0.0,0.0,0.0,0.0,0.0,0.0,0.0,0.0,0.0,0.0,0.0,0.0,0.0,0.0,0.0,0.0,0.0,0.0,0.0,0
0.0,0.0,0.0,0.0,0.0,0.0,0.0,0.0,0.0,0.0,0.0,0.0,0.0,0.0,0.0,0.0,0.0,0.0,0.0,0.0,0.0,0.0,0.0,0.0,0.0,0.0,0.0,0.0,0.0,0.0,0.0,0.0,0.0,0.0,0.0,0.0,0.0,0.0,0.0,0.0,0.0,0.0,0.0,0.0,0.0,0.0,0.0,0.0,0.0,0.0,0.0,0.0,0.0,0.0,0.0,0.0,0.0,0.0,0.0,0.0,0.0,0.0,0.0,0.0,0.0,0.0,0
0.0,0.0,0.0,0.0,0.0,0.0,0.0,0.0,0.0,0.0,0.0,0.0,0.0,0.0,0.0,0.0,0.0,0.0,0.0,0.0,0.0,0.0,0.0,0.0,0.0,0.0,0.0,0.0,0.0,0.0,0.0,0.0,0.0,0.0,0.0,0.0,0.0,0.0,0.0,0.0,0.0,0.0,0.0,0.0,0.0,0.0,0.0,0.0,0.0,0.0,0.0,0.0,0.0,0.0,0.0,0.0,0.0,0.0,0.0,0.0,0.0,0.0,0.0,0.0,0.0,0.0,0
0.0,0.0,0.0,0.0,0.0,0.0,0.0,0.0,0.0,0.0,0.0,0.0,0.0,0.0,0.0,0.0,0.0,0.0,0.0,0.0,0.0,0.0,0.0,0.0,0.0,0.0,0.0,0.0,0.0,0.0,0.0,0.0,0.0,0.0,0.0,0.0,0.0,0.0,0.0,0.0,0.0,0.0,0.0,0.0,0.0,0.0,0.0,0.0,0.0,0.0,0.0,0.0,0.0,0.0,0.0,0.0,0.0,0.0,0.0,0.0,0.0,0.0,0.0,0.0,0.0,0.0,0
0.0,0.0,0.0,0.0,0.0,0.0,0.0,0.0,0.0,0.0,0.0,0.0,0.0,0.0,0.0,0.0,0.0,0.0,0.0,0.0,0.0,0.0,0.0,0.0,0.0,0.0,0.0,0.0,0.0,0.0,0.0,0.0,0.0,0.0,0.0,0.0,0.0,0.0,0.0,0.0,0.0,0.0,0.0,0.0,0.0,0.0,0.0,0.0,0.0,0.0,0.0,0.0,0.0,0.0,0.0,0.0,0.0,0.0,0.0,0.0,0.0,0.0,0.0,0.0,0.0,0.0,0
0.0,0.0,0.0,0.0,0.0,0.0,0.0,0.0,0.0,0.0,0.0,0.0,0.0,0.0,0.0,0.0,0.0,0.0,0.0,0.0,0.0,0.0,0.0,0.0,0.0,0.0,0.0,0.0,0.0,0.0,0.0,0.0,0.0,0.0,0.0,0.0,0.0,0.0,0.0,0.0,0.0,0.0,0.0,0.0,0.0,0.0,0.0,0.0,0.0,0.0,0.0,0.0,0.0,0.0,0.0,0.0,0.0,0.0,0.0,0.0,0.0,0.0,0.0,0.0,0.0,0.0,0
0.0,0.0,0.0,0.0,0.0,0.0,0.0,0.0,0.0,0.0,0.0,0.0,0.0,0.0,0.0,0.0,0.0,0.0,0.0,0.0,0.0,0.0,0.0,0.0,0.0,0.0,0.0,0.0,0.0,0.0,0.0,0.0,0.0,0.0,0.0,0.0,0.0,0.0,0.0,0.0,0.0,0.0,0.0,0.0,0.0,0.0,0.0,0.0,0.0,0.0,0.0,0.0,0.0,0.0,0.0,0.0,0.0,0.0,0.0,0.0,0.0,0.0,0.0,0.0,0.0,0.0,0
0.0,0.0,0.0,0.0,0.0,0.0,0.0,0.0,0.0,0.0,0.0,0.0,0.0,0.0,0.0,0.0,0.0,0.0,0.0,0.0,0.0,0.0,0.0,0.0,0.0,0.0,0.0,0.0,0.0,0.0,0.0,0.0,0.0,0.0,0.0,0.0,0.0,0.0,0.0,0.0,0.0,0.0,0.0,0.0,0.0,0.0,0.0,0.0,0.0,0.0,0.0,0.0,0.0,0.0,0.0,0.0,0.0,0.0,0.0,0.0,0.0,0.0,0.0,0.0,0.0,0.0,0
0.0,0.0,0.0,0.0,0.0,0.0,0.0,0.0,0.0,0.0,0.0,0.0,0.0,0.0,0.0,0.0,0.0,0.0,0.0,0.0,0.0,0.0,0.0,0.0,0.0,0.0,0.0,0.0,0.0,0.0,0.0,0.0,0.0,0.0,0.0,0.0,0.0,0.0,0.0,0.0,0.0,0.0,0.0,0.0,0.0,0.0,0.0,0.0,0.0,0.0,0.0,0.0,0.0,0.0,0.0,0.0,0.0,0.0,0.0,0.0,0.0,0.0,0.0,0.0,0.0,0.0,0
0.0,0.0,0.0,0.0,0.0,0.0,0.0,0.0,0.0,0.0,0.0,0.0,0.0,0.0,0.0,0.0,0.0,0.0,0.0,0.0,0.0,0.0,0.0,0.0,0.0,0.0,0.0,0.0,0.0,0.0,0.0,0.0,0.0,0.0,0.0,0.0,0.0,0.0,0.0,0.0,0.0,0.0,0.0,0.0,0.0,0.0,0.0,0.0,0.0,0.0,0.0,0.0,0.0,0.0,0.0,0.0,0.0,0.0,0.0,0.0,0.0,0.0,0.0,0.0,0.0,0.0,0
0.0,0.0,0.0,0.0,0.0,0.0,0.0,0.0,0.0,0.0,0.0,0.0,0.0,0.0,0.0,0.0,0.0,0.0,0.0,0.0,0.0,0.0,0.0,0.0,0.0,0.0,0.0,0.0,0.0,0.0,0.0,0.0,0.0,0.0,0.0,0.0,0.0,0.0,0.0,0.0,0.0,0.0,0.0,0.0,0.0,0.0,0.0,0.0,0.0,0.0,0.0,0.0,0.0,0.0,0.0,0.0,0.0,0.0,0.0,0.0,0.0,0.0,0.0,0.0,0.0,0.0,0
0.0,0.0,0.0,0.0,0.0,0.0,0.0,0.0,0.0,0.0,0.0,0.0,0.0,0.0,0.0,0.0,0.0,0.0,0.0,0.0,0.0,0.0,0.0,0.0,0.0,0.0,0.0,0.0,0.0,0.0,0.0,0.0,0.0,0.0,0.0,0.0,0.0,0.0,0.0,0.0,0.0,0.0,0.0,0.0,0.0,0.0,0.0,0.0,0.0,0.0,0.0,0.0,0.0,0.0,0.0,0.0,0.0,0.0,0.0,0.0,0.0,0.0,0.0,0.0,0.0,0.0,0
0.0,0.0,0.0,0.0,0.0,0.0,0.0,0.0,0.0,0.0,0.0,0.0,0.0,0.0,0.0,0.0,0.0,0.0,0.0,0.0,0.0,0.0,0.0,0.0,0.0,0.0,0.0,0.0,0.0,0.0,0.0,0.0,0.0,0.0,0.0,0.0,0.0,0.0,0.0,0.0,0.0,0.0,0.0,0.0,0.0,0.0,0.0,0.0,0.0,0.0,0.0,0.0,0.0,0.0,0.0,0.0,0.0,0.0,0.0,0.0,0.0,0.0,0.0,0.0,0.0,0.0,0
0.8349059224128723,0.7541065216064453,0.8288957476615906,0.7566158771514893,0.8286648988723755,0.7545892000198364,0.8284302353858948,0.7523584961891174,0.8292704224586487,0.7632980346679688,0.8293147087097168,0.7662991881370544,0.8292801380157471,0.7697241902351379,0.8299446702003479,0.7502356767654419,0.831051230430603,0.7737364172935486,0.8397924900054932,0.7463990449905396,0.8402603268623352,0.7550621628761292,0.8642542362213135,0.7132276892662048,0.8533583879470825,0.7711798548698425,0.8901325464248657,0.6642616987228394,0.8547590970993042,0.7425498962402344,0.9044433832168579,0.6845040917396545,0.8368417620658875,0.6571143269538879,0.9076419472694397,0.6884269118309021,0.8306207060813904,0.6388057470321655,0.905341386795044,0.7003092765808105,0.8293613195419312,0.6386288404464722,0.9043002128601074,0.699684202671051,0.8334130048751831,0.6440527439117432,0.9475192427635193,0.7551844120025635,0.9421414732933044,0.806023359298706,0.9388579726219177,0.7359914779663086,0.933111846446991,0.7846081256866455,0.9119514226913452,0.739027202129364,0.9086669087409973,0.7703128457069397,0.9083024263381958,0.74314284324646,0.9055995941162109,0.7731360197067261,0.9033149480819702,0.7452807426452637,0.9007818698883057,0.7603299021720886,0
0.0,0.0,0.0,0.0,0.0,0.0,0.0,0.0,0.0,0.0,0.0,0.0,0.0,0.0,0.0,0.0,0.0,0.0,0.0,0.0,0.0,0.0,0.0,0.0,0.0,0.0,0.0,0.0,0.0,0.0,0.0,0.0,0.0,0.0,0.0,0.0,0.0,0.0,0.0,0.0,0.0,0.0,0.0,0.0,0.0,0.0,0.0,0.0,0.0,0.0,0.0,0.0,0.0,0.0,0.0,0.0,0.0,0.0,0.0,0.0,0.0,0.0,0.0,0.0,0.0,0.0,0
0.0,0.0,0.0,0.0,0.0,0.0,0.0,0.0,0.0,0.0,0.0,0.0,0.0,0.0,0.0,0.0,0.0,0.0,0.0,0.0,0.0,0.0,0.0,0.0,0.0,0.0,0.0,0.0,0.0,0.0,0.0,0.0,0.0,0.0,0.0,0.0,0.0,0.0,0.0,0.0,0.0,0.0,0.0,0.0,0.0,0.0,0.0,0.0,0.0,0.0,0.0,0.0,0.0,0.0,0.0,0.0,0.0,0.0,0.0,0.0,0.0,0.0,0.0,0.0,0.0,0.0,0
0.8036162853240967,0.2295604944229126,0.8073539137840271,0.2170896828174591,0.8083996772766113,0.2171197235584259,0.8093782663345337,0.2169501781463623,0.805534303188324,0.21703499555587769,0.8055102825164795,0.21865108609199524,0.8052615523338318,0.21841353178024292,0.812071681022644,0.22702443599700928,0.8071045875549316,0.22567296028137207,0.8054252862930298,0.2454395294189453,0.8031212687492371,0.2451111078262329,0.8130438923835754,0.3060208857059479,0.8045132160186768,0.33805185556411743,0.7975775599479675,0.4332311153411865,0.794678807258606,0.4495522975921631,0.792908787727356,0.5226134061813354,0.785755455493927,0.5182822346687317,0.793990433216095,0.5474497675895691,0.7894943356513977,0.5396198034286499,0.7939935326576233,0.549064040184021,0.7917976379394531,0.534975528717041,0.7932738065719604,0.542450487613678,0.7931097745895386,0.527296245098114,0.820436954498291,0.5330396294593811,0.8143084049224854,0.558326244354248,0.8117722868919373,0.6065630912780762,0.8141676187515259,0.6421593427658081,0.811913013458252,0.739691972732544,0.8185555338859558,0.7424800992012024,0.8235422372817993,0.7834538221359253,0.8207811117172241,0.761326789855957,0.8040872812271118,0.7819497585296631,0.8082590699195862,0.7651975750923157,0
0.8030192255973816,0.21765857934951782,0.8059737086296082,0.20896759629249573,0.807529628276825,0.20922774076461792,0.8093457221984863,0.20942717790603638,0.8022658824920654,0.2088494598865509,0.8010225892066956,0.2090003788471222,0.7998999953269958,0.20897194743156433,0.81224125623703,0.21799519658088684,0.7996046543121338,0.21771249175071716,0.8058354258537292,0.23244738578796387,0.8009329438209534,0.23264643549919128,0.827708899974823,0.29957327246665955,0.7841969728469849,0.32051756978034973,0.8208163976669312,0.4153633713722229,0.776829183101654,0.42292630672454834,0.8195410966873169,0.49369943141937256,0.7688218355178833,0.517001748085022,0.8222283720970154,0.5127553939819336,0.7634410858154297,0.5420556664466858,0.8201208710670471,0.5132949352264404,0.7653143405914307,0.5410826206207275,0.8189862370491028,0.5113560557365417,0.7694872617721558,0.5317611694335938,0.8253966569900513,0.49761661887168884,0.8016613125801086,0.5197874903678894,0.8071535229682922,0.5760522484779358,0.8023302555084229,0.6235851049423218,0.804194450378418,0.7450689673423767,0.8105670809745789,0.7405290007591248,0.817790687084198,0.7967697381973267,0.8149564862251282,0.757717490196228,0.7939969897270203,0.8158994317054749,0.7966533899307251,0.778861939907074,0
0.7994859218597412,0.21833616495132446,0.8033249974250793,0.20694005489349365,0.8052061200141907,0.20727095007896423,0.8071166276931763,0.20767554640769958,0.7986611723899841,0.20675474405288696,0.7973043918609619,0.20683017373085022,0.7958316802978516,0.20699211955070496,0.8111348748207092,0.2168249487876892,0.7954444289207458,0.21458351612091064,0.8029664754867554,0.2350049912929535,0.7970158457756042,0.23425275087356567,0.8266661167144775,0.29824984073638916,0.7816189527511597,0.31461864709854126,0.8273518681526184,0.4040706753730774,0.7754369378089905,0.42195963859558105,0.8212095499038696,0.4950939416885376,0.767765462398529,0.5118211507797241,0.8250914812088013,0.5207207202911377,0.7627211213111877,0.5349424481391907,0.8160720467567444,0.5145322680473328,0.764142632484436,0.5336593985557556,0.814765989780426,0.511997640132904,0.7679523229598999,0.5189825296401978,0.8229233026504517,0.48843100666999817,0.7986574769020081,0.4977644681930542,0.8040851354598999,0.5928374528884888,0.7994483709335327,0.624646782875061,0.8112634420394897,0.7581444978713989,0.8156214356422424,0.7323368787765503,0.8077184557914734,0.7680017352104187,0.8209805488586426,0.746222734451294,0.797095537185669,0.7978676557540894,0.7998847365379333,0.7824645638465881,0
0.798168957233429,0.21193817257881165,0.8031598925590515,0.20124918222427368,0.8050958514213562,0.20159682631492615,0.8072044849395752,0.20188888907432556,0.7982370257377625,0.20122453570365906,0.7967900633811951,0.20128843188285828,0.7951822876930237,0.20077911019325256,0.8108375668525696,0.2111223340034485,0.794281542301178,0.20797514915466309,0.8015351891517639,0.2278214693069458,0.7948594689369202,0.2273600995540619,0.8236124515533447,0.2980429530143738,0.7801491022109985,0.31374457478523254,0.8180310726165771,0.42612287402153015,0.7729543447494507,0.44031357765197754,0.8134515881538391,0.48869308829307556,0.7677158713340759,0.5327349901199341,0.8172423839569092,0.5017081499099731,0.7629625797271729,0.5597348213195801,0.8154115676879883,0.5022391080856323,0.7643536329269409,0.5567545294761658,0.816521942615509,0.5112828612327576,0.7685136198997498,0.5478035807609558,0.8228302597999573,0.5079182386398315,0.7986593246459961,0.5269747972488403,0.8115763664245605,0.5916685461997986,0.799005389213562,0.6466668248176575,0.8237020373344421,0.7755916118621826,0.8056022524833679,0.7526203393936157,0.8300111293792725,0.799856424331665,0.8104817867279053,0.7681961059570312,0.8029487133026123,0.8193562626838684,0.7946410179138184,0.7910178899765015,0
0.8000621199607849,0.20217105746269226,0.8031339049339294,0.1914692521095276,0.8047479391098022,0.1916179060935974,0.8062486052513123,0.19188791513442993,0.7995778322219849,0.191561758518219,0.7980595827102661,0.1919603943824768,0.7969961762428284,0.19202584028244019,0.8088529109954834,0.20154467225074768,0.7966863512992859,0.20005714893341064,0.8026410937309265,0.21820050477981567,0.7978323101997375,0.21808210015296936,0.8227940797805786,0.2916989326477051,0.779667854309082,0.3097310960292816,0.8140676021575928,0.4080479145050049,0.7716485261917114,0.423448383808136,0.8029189109802246,0.4715343415737152,0.7667466402053833,0.5186048150062561,0.8067946434020996,0.48883599042892456,0.7594336867332458,0.559788167476654,0.8080934286117554,0.49203622341156006,0.7641188502311707,0.5525895953178406,0.8066964745521545,0.4867755174636841,0.7680139541625977,0.5332729816436768,0.8202725648880005,0.49665430188179016,0.794991672039032,0.5199559926986694,0.7988590002059937,0.5390288829803467,0.7933539152145386,0.6064491271972656,0.805435061454773,0.715868353843689,0.8014394640922546,0.7023232579231262,0.8167397379875183,0.7564728260040283,0.8043041825294495,0.7277177572250366,0.7923993468284607,0.7869995832443237,0.7891159653663635,0.7671092748641968,0
0.8004515767097473,0.2114974558353424,0.8033324480056763,0.19754084944725037,0.8050995469093323,0.1971098780632019,0.8069111704826355,0.19680297374725342,0.7985278367996216,0.19851523637771606,0.7968814969062805,0.19868355989456177,0.7950960993766785,0.19884127378463745,0.8091863989830017,0.204466313123703,0.7929214835166931,0.20509633421897888,0.8041132092475891,0.22610890865325928,0.7976755499839783,0.22636175155639648,0.825849175453186,0.28782397508621216,0.7760447859764099,0.2982023358345032,0.8255575895309448,0.39245742559432983,0.7690759897232056,0.4119143486022949,0.8173416256904602,0.46726998686790466,0.7645585536956787,0.5047186613082886,0.8188760876655579,0.4830774962902069,0.7596929669380188,0.5300426483154297,0.8160738348960876,0.47362983226776123,0.7633317708969116,0.5261927843093872,0.814725935459137,0.47006526589393616,0.7661080956459045,0.51279217004776,0.8193321228027344,0.4909093677997589,0.7907589673995972,0.4963374435901642,0.7989321947097778,0.5861175060272217,0.7811403274536133,0.6106284260749817,0.8030605316162109,0.7340136766433716,0.7991337776184082,0.7231937646865845,0.8085490465164185,0.7614597082138062,0.8043213486671448,0.7435485124588013,0.7924549579620361,0.7885189056396484,0.7906705737113953,0.7777568101882935,0
0.798683762550354,0.21357500553131104,0.8016588091850281,0.19983407855033875,0.8038569688796997,0.19971340894699097,0.8060810565948486,0.1997644603252411,0.796334445476532,0.2003152072429657,0.7947884798049927,0.200379878282547,0.7932673692703247,0.20045322179794312,0.8092526197433472,0.2059040665626526,0.7915930151939392,0.20675787329673767,0.8022814393043518,0.22745820879936218,0.7958333492279053,0.22789356112480164,0.8258338570594788,0.2823433578014374,0.775810718536377,0.29161497950553894,0.8318917751312256,0.3782930374145508,0.7666658759117126,0.4011682868003845,0.8276710510253906,0.4683975279331207,0.7618452906608582,0.49779993295669556,0.827739417552948,0.49164050817489624,0.7573028802871704,0.5257315039634705,0.8237624168395996,0.48822450637817383,0.760768473148346,0.5232821106910706,0.8218981027603149,0.48295947909355164,0.7626199722290039,0.5132046341896057,0.8158125877380371,0.4780602753162384,0.7878660559654236,0.4813196063041687,0.7991985082626343,0.6138355135917664,0.778079628944397,0.6116822957992554,0.799264669418335,0.73281329870224,0.7924044728279114,0.6983567476272583,0.7987144589424133,0.7540023326873779,0.7980898022651672,0.7126941680908203,0.7948169708251953,0.7920094728469849,0.7861382365226746,0.7560174465179443,0
0.7964245080947876,0.208487868309021,0.7994639277458191,0.19317412376403809,0.8015861511230469,0.1930917203426361,0.8037315607070923,0.1932186782360077,0.7943570613861084,0.1937355101108551,0.7928081154823303,0.19395115971565247,0.7912110090255737,0.1941046118736267,0.8071544766426086,0.2006993293762207,0.7897272706031799,0.2007441520690918,0.8000612854957581,0.2242153286933899,0.7935305833816528,0.22404161095619202,0.8228225111961365,0.2839878499507904,0.7726106643676758,0.29180118441581726,0.8228023052215576,0.40226006507873535,0.7657164931297302,0.40885645151138306,0.8046048283576965,0.47987473011016846,0.761702299118042,0.5055766701698303,0.8060023188591003,0.5095521807670593,0.7590045928955078,0.5330356955528259,0.8000094294548035,0.5169638991355896,0.7603674530982971,0.5304084420204163,0.798829972743988,0.5085085034370422,0.7632899880409241,0.520767331123352,0.8121496438980103,0.48327070474624634,0.7855556607246399,0.4898686408996582,0.8057128190994263,0.6313284635543823,0.7767662405967712,0.6346315145492554,0.801738977432251,0.7768325805664062,0.7816630601882935,0.783287525177002,0.796069324016571,0.786340594291687,0.78583163022995,0.8026082515716553,0.7896754741668701,0.8136786222457886,0.7720244526863098,0.8133658170700073,0
0.7977991700172424,0.19383272528648376,0.8012599945068359,0.1841403841972351,0.8027533888816833,0.1847514510154724,0.8042734265327454,0.18520700931549072,0.7973209619522095,0.18320852518081665,0.7962023615837097,0.18291640281677246,0.7949782013893127,0.1823849380016327,0.8059632182121277,0.19541165232658386,0.7938601970672607,0.19145044684410095,0.8004110455513,0.2111433744430542,0.7950683236122131,0.20972716808319092,0.8192400336265564,0.2793099582195282,0.7731203436851501,0.2916155457496643,0.8118879795074463,0.4027036428451538,0.7637632489204407,0.410381019115448,0.7947434782981873,0.5176084041595459,0.7608311176300049,0.5063546895980835,0.7937631011009216,0.5517379641532898,0.7578045129776001,0.5333317518234253,0.7886372208595276,0.5538058280944824,0.7613485455513,0.5269770622253418,0.7876729369163513,0.543056070804596,0.7625974416732788,0.5216812491416931,0.8116535544395447,0.4837079346179962,0.788530707359314,0.48901286721229553,0.7880616188049316,0.571471631526947,0.7704312801361084,0.5968272686004639,0.7902654409408569,0.7388694286346436,0.7740045785903931,0.753841757774353,0.7921555042266846,0.7668938040733337,0.7752138376235962,0.8023613691329956,0.786404550075531,0.7937744855880737,0.7599064111709595,0.8312684893608093,0
0.7958688139915466,0.19087901711463928,0.7998747825622559,0.1817333996295929,0.801958441734314,0.18281883001327515,0.8040034174919128,0.18379589915275574,0.7939348816871643,0.18005841970443726,0.791978657245636,0.17986571788787842,0.789655864238739,0.1791166365146637,0.8059000372886658,0.19449582695960999,0.7872440218925476,0.18874269723892212,0.7995213866233826,0.20992645621299744,0.7919639348983765,0.20802456140518188,0.8203188180923462,0.28263986110687256,0.768680214881897,0.29096683859825134,0.8171321749687195,0.3981543779373169,0.7595921158790588,0.42379575967788696,0.8064879179000854,0.47834837436676025,0.7603574395179749,0.5076844096183777,0.8087195158004761,0.4933423399925232,0.758721113204956,0.5371007919311523,0.7997646331787109,0.5000537633895874,0.761860728263855,0.5303829908370972,0.7988072633743286,0.4982866644859314,0.7620568871498108,0.5143881440162659,0.8141561150550842,0.49322962760925293,0.7853104472160339,0.5067722201347351,0.8040520548820496,0.5999835133552551,0.7705696821212769,0.5954733490943909,0.7914108037948608,0.7394000291824341,0.7703525424003601,0.751693844795227,0.7909392714500427,0.7568487524986267,0.7713862061500549,0.7822059988975525,0.7917440533638,0.7925660014152527,0.7664466500282288,0.8093833327293396,0
0.7962836027145386,0.19294357299804688,0.7987337708473206,0.1817026436328888,0.8003454208374023,0.18159699440002441,0.8019946813583374,0.1814838945865631,0.794040322303772,0.1823522448539734,0.7923223376274109,0.18263959884643555,0.7902695536613464,0.1828843653202057,0.8034667372703552,0.19062912464141846,0.7870763540267944,0.19183889031410217,0.7996472716331482,0.20755738019943237,0.7929623126983643,0.2092784345149994,0.8189368844032288,0.26674994826316833,0.769716739654541,0.29426485300064087,0.8120419383049011,0.3914550542831421,0.7604367136955261,0.420908123254776,0.7947145700454712,0.48323825001716614,0.7558676600456238,0.5070279836654663,0.7999511361122131,0.5012711882591248,0.7544122934341431,0.5369923114776611,0.7889879941940308,0.5080011487007141,0.7561588287353516,0.5319377779960632,0.7941443920135498,0.5084025263786316,0.757870078086853,0.5149715542793274,0.8132405281066895,0.4766821563243866,0.7848255038261414,0.4876931309700012,0.799289345741272,0.5809116363525391,0.769775927066803,0.5905287861824036,0.7905192971229553,0.7394499778747559,0.764590322971344,0.7746022939682007,0.7918351888656616,0.7651626467704773,0.767861008644104,0.7965055108070374,0.7890689373016357,0.8044202327728271,0.7602445483207703,0.8123087882995605,0
0.7918674945831299,0.20035472512245178,0.7950596213340759,0.18656566739082336,0.7973136901855469,0.18649542331695557,0.7994726896286011,0.18657487630844116,0.7892777919769287,0.18686845898628235,0.7875242829322815,0.1870100498199463,0.7857480645179749,0.18707209825515747,0.8026729226112366,0.1948445439338684,0.7839596271514893,0.1942082643508911,0.7959774732589722,0.21629518270492554,0.7886539101600647,0.21582472324371338,0.8186633586883545,0.2745025157928467,0.7670214772224426,0.27639245986938477,0.8192583322525024,0.37113308906555176,0.7574235200881958,0.38505369424819946,0.8090835213661194,0.4542996287345886,0.754988968372345,0.47733283042907715,0.8066126108169556,0.475906103849411,0.7521482110023499,0.5040843486785889,0.8042498826980591,0.4742412567138672,0.755439043045044,0.5000986456871033,0.8027377128601074,0.47167882323265076,0.7565562129020691,0.49593842029571533,0.8091237545013428,0.46715646982192993,0.7798617482185364,0.47260844707489014,0.8010632991790771,0.6043773889541626,0.7691088318824768,0.5975638031959534,0.7916097640991211,0.7599682807922363,0.7690648436546326,0.7627325057983398,0.7915536165237427,0.7805634140968323,0.771235466003418,0.8089444041252136,0.7894121408462524,0.8130689263343811,0.7612571120262146,0.8192192316055298,0
0.7907595038414001,0.19340240955352783,0.7932950854301453,0.17975565791130066,0.7950325608253479,0.1800011396408081,0.7968844771385193,0.18046090006828308,0.7883424758911133,0.18051621317863464,0.7867005467414856,0.18113574385643005,0.7850163578987122,0.18184295296669006,0.7993573546409607,0.19085440039634705,0.7827656865119934,0.19125130772590637,0.7941008806228638,0.21136245131492615,0.7877123951911926,0.21125870943069458,0.8152899742126465,0.2777610421180725,0.7645924687385559,0.28820130228996277,0.8154784440994263,0.3696538209915161,0.7536097764968872,0.3921753168106079,0.8159661293029785,0.45189380645751953,0.7462118268013,0.47879767417907715,0.8149657845497131,0.47826749086380005,0.7457341551780701,0.5042650103569031,0.8126625418663025,0.47439903020858765,0.7478616833686829,0.503301739692688,0.8110337853431702,0.4641650915145874,0.7501204013824463,0.4964698851108551,0.8105012774467468,0.48554137349128723,0.7809642553329468,0.491610050201416,0.8003084659576416,0.6186951398849487,0.7667810916900635,0.6176186203956604,0.7935895919799805,0.7660443782806396,0.7642673850059509,0.7797391414642334,0.7906374335289001,0.7908523678779602,0.7651192545890808,0.8045001029968262,0.7956202626228333,0.811211109161377,0.754706859588623,0.8262521028518677,0
0.7878535985946655,0.19739025831222534,0.7907459139823914,0.18399932980537415,0.7928408980369568,0.18409332633018494,0.7949148416519165,0.18445193767547607,0.7853267788887024,0.18473365902900696,0.7836356163024902,0.18526336550712585,0.7820236086845398,0.18583902716636658,0.7978767156600952,0.1938534379005432,0.7806953191757202,0.19451040029525757,0.7919536828994751,0.21422216296195984,0.7850514054298401,0.21387949585914612,0.8152742981910706,0.27815958857536316,0.7639711499214172,0.27785590291023254,0.8217226266860962,0.36275309324264526,0.7524417042732239,0.3872145712375641,0.8165650367736816,0.45395225286483765,0.7492842078208923,0.49051037430763245,0.8172765374183655,0.47452348470687866,0.7482792735099792,0.5118696093559265,0.8124621510505676,0.4741954207420349,0.7503362894058228,0.511038064956665,0.8110290169715881,0.4685930013656616,0.7519822716712952,0.5018344521522522,0.806076169013977,0.4737274944782257,0.7745510339736938,0.4709896445274353,0.800336480140686,0.625908374786377,0.765149712562561,0.6196670532226562,0.7907078266143799,0.7762156128883362,0.7637156844139099,0.7895975112915039,0.7890714406967163,0.7943578362464905,0.7658676505088806,0.8084211349487305,0.7971939444541931,0.8331511616706848,0.7561485767364502,0.8304307460784912,0
0.7885933518409729,0.19626441597938538,0.7915019989013672,0.18379148840904236,0.7933070063591003,0.18391871452331543,0.7950325012207031,0.1842138171195984,0.7857710719108582,0.18402209877967834,0.783745527267456,0.18411287665367126,0.781816840171814,0.18437612056732178,0.7968329191207886,0.1924108862876892,0.7792993783950806,0.19130408763885498,0.792555570602417,0.21213692426681519,0.7851207852363586,0.21164467930793762,0.8130373954772949,0.2740929126739502,0.7613759636878967,0.2771351635456085,0.8206632137298584,0.36319416761398315,0.7500672340393066,0.3875507116317749,0.8155734539031982,0.4539223909378052,0.7443326711654663,0.48284009099006653,0.8156334161758423,0.48203492164611816,0.7422369718551636,0.5052354335784912,0.811809241771698,0.478611022233963,0.7453442215919495,0.5041338801383972,0.8105490207672119,0.46829724311828613,0.7461867332458496,0.49905091524124146,0.8055338263511658,0.4849749207496643,0.7743629217147827,0.4825308918952942,0.8025944828987122,0.6335254311561584,0.7638733983039856,0.6254107356071472,0.7931747436523438,0.7727848291397095,0.7641851902008057,0.7865322232246399,0.7898436784744263,0.790494978427887,0.7662650942802429,0.8054137825965881,0.7956417202949524,0.8160170316696167,0.7533902525901794,0.8304684162139893,0
0.7848193049430847,0.20299142599105835,0.7875425815582275,0.19176140427589417,0.78938227891922,0.19174227118492126,0.7911095023155212,0.1919015347957611,0.7826036214828491,0.19210362434387207,0.781143844127655,0.19224363565444946,0.7797112464904785,0.19248253107070923,0.7929495573043823,0.19801396131515503,0.7783125638961792,0.19830384850502014,0.7883568406105042,0.2173645794391632,0.7819660305976868,0.21657201647758484,0.8106328248977661,0.2743873596191406,0.7609480619430542,0.2824319303035736,0.8203039765357971,0.3611223101615906,0.7486737370491028,0.3844957947731018,0.8152257800102234,0.4526515603065491,0.7434001564979553,0.47909072041511536,0.81520015001297,0.482090562582016,0.7412752509117126,0.5033877491950989,0.8117762207984924,0.47898703813552856,0.7446544766426086,0.5031105875968933,0.810833215713501,0.4683001935482025,0.7460286617279053,0.4953150153160095,0.802283525466919,0.48205095529556274,0.7728395462036133,0.47993579506874084,0.7992702722549438,0.6361249089241028,0.7632686495780945,0.627369225025177,0.7919682264328003,0.7608792781829834,0.7641240358352661,0.7783548831939697,0.7895224690437317,0.7820989489555359,0.7653242349624634,0.8008418679237366,0.795232892036438,0.8018513321876526,0.7539128661155701,0.8239213228225708,0
0.7787714600563049,0.2012966275215149,0.7813104391098022,0.1911143958568573,0.7827561497688293,0.19123542308807373,0.7842016220092773,0.19135776162147522,0.7774863243103027,0.19094198942184448,0.7765438556671143,0.19093811511993408,0.775551974773407,0.1910291314125061,0.7868577837944031,0.19873586297035217,0.7759262919425964,0.19834405183792114,0.7820430994033813,0.21531519293785095,0.7769120335578918,0.21466031670570374,0.8073347210884094,0.2690722644329071,0.7598681449890137,0.2822103202342987,0.8169834017753601,0.3584733009338379,0.7475176453590393,0.3882712423801422,0.813930332660675,0.45890122652053833,0.742357611656189,0.4838123321533203,0.8136590719223022,0.48617303371429443,0.7399235963821411,0.5090198516845703,0.8105093836784363,0.48318952322006226,0.7432962656021118,0.5076119899749756,0.8094564080238342,0.47475066781044006,0.7450565099716187,0.4993235766887665,0.8006176948547363,0.48183104395866394,0.7738078236579895,0.48006781935691833,0.7997530698776245,0.6378294229507446,0.7638491988182068,0.6287044286727905,0.7892168164253235,0.7655578255653381,0.7666864991188049,0.7792077660560608,0.7887687683105469,0.7848824262619019,0.768508791923523,0.8003237247467041,0.7936816215515137,0.8086817860603333,0.7544382214546204,0.8240610957145691,0
0.78200364112854,0.2016519010066986,0.7838270664215088,0.1912582516670227,0.7852311730384827,0.1907968819141388,0.7865966558456421,0.19006305932998657,0.7793257832527161,0.19309142231941223,0.777711808681488,0.1939452588558197,0.7758461833000183,0.19477498531341553,0.7876340746879578,0.2011519968509674,0.7724531888961792,0.2044561207294464,0.7853745222091675,0.2148430049419403,0.7807314395904541,0.21777936816215515,0.7975408434867859,0.2579270303249359,0.7561769485473633,0.2809354066848755,0.8060381412506104,0.3257564306259155,0.7544722557067871,0.39609551429748535,0.8085739612579346,0.3533255159854889,0.7629097104072571,0.4194600582122803,0.810779333114624,0.36266475915908813,0.7641997337341309,0.4279170334339142,0.809502124786377,0.35863175988197327,0.7651526927947998,0.4191150665283203,0.8074926733970642,0.3556683659553528,0.7656219005584717,0.41604599356651306,0.7963508367538452,0.48458951711654663,0.7722791433334351,0.4864403009414673,0.7926471829414368,0.6270405650138855,0.7639471292495728,0.617020308971405,0.7856360673904419,0.759811520576477,0.7667278051376343,0.7739784121513367,0.7851712703704834,0.7722700834274292,0.7659071683883667,0.7930198907852173,0.792762041091919,0.8138762712478638,0.7628054022789001,0.8320654630661011,0
0.7800490856170654,0.20649677515029907,0.7799638509750366,0.19931718707084656,0.7805927395820618,0.19890505075454712,0.7811569571495056,0.19847092032432556,0.7766591906547546,0.20186695456504822,0.7759518623352051,0.20304632186889648,0.77497798204422,0.20422953367233276,0.7819396257400513,0.21170508861541748,0.7705544233322144,0.2164948284626007,0.7825562953948975,0.22016692161560059,0.7790660858154297,0.22565093636512756,0.7927252650260925,0.25909119844436646,0.7549726366996765,0.30636081099510193,0.8017457127571106,0.2733282446861267,0.7530093193054199,0.42428550124168396,0.7943180203437805,0.247199147939682,0.7629590630531311,0.48716306686401367,0.7921666502952576,0.24075964093208313,0.7645543217658997,0.506894588470459,0.7924271821975708,0.2355736792087555,0.7665151357650757,0.5003737211227417,0.7927879095077515,0.23937201499938965,0.7671916484832764,0.4920898675918579,0.7993316650390625,0.5061227083206177,0.7726315855979919,0.5102812647819519,0.7928323149681091,0.6195578575134277,0.7671399116516113,0.6353498697280884,0.7909212112426758,0.7510490417480469,0.7675337791442871,0.7693477869033813,0.7851541638374329,0.7675391435623169,0.7655712962150574,0.7886766791343689,0.7974196672439575,0.8051773309707642,0.7653509378433228,0.8237181901931763,0
0.7726768255233765,0.2125321924686432,0.7747112512588501,0.2131219208240509,0.7760134339332581,0.21345403790473938,0.7770194411277771,0.21424463391304016,0.7671962976455688,0.2103503942489624,0.7656737565994263,0.21279430389404297,0.7639028429985046,0.21541041135787964,0.7764177918434143,0.22666707634925842,0.7610574960708618,0.237897127866745,0.774708092212677,0.232036292552948,0.7706007957458496,0.23632487654685974,0.7831969261169434,0.28251609206199646,0.7498688101768494,0.3171215355396271,0.7893542647361755,0.2468993365764618,0.7473043203353882,0.3344639837741852,0.7797257900238037,0.19665729999542236,0.750717282295227,0.31068065762519836,0.7775689959526062,0.1858176589012146,0.752109944820404,0.3067581057548523,0.7757592797279358,0.18271908164024353,0.7526326179504395,0.3024178445339203,0.7759103775024414,0.18740248680114746,0.7527225613594055,0.30266502499580383,0.7927995324134827,0.5322303771972656,0.7738219499588013,0.5479621291160583,0.7904232740402222,0.636638343334198,0.7722698450088501,0.6470758318901062,0.7806808948516846,0.7721906900405884,0.7740646600723267,0.780544102191925,0.7765167951583862,0.7962758541107178,0.7702062726020813,0.797577977180481,0.7999456524848938,0.8358355164527893,0.7832973599433899,0.8350726962089539,0
0.7734887599945068,0.2133873999118805,0.7752830982208252,0.2094019651412964,0.7766093015670776,0.20943742990493774,0.7777840495109558,0.20946049690246582,0.7705825567245483,0.2106928825378418,0.7691262364387512,0.2116093933582306,0.7673977017402649,0.2126038372516632,0.7789580225944519,0.21742424368858337,0.7634302973747253,0.22156119346618652,0.777319610118866,0.22572901844978333,0.7718586325645447,0.2277352511882782,0.7932006120681763,0.27391526103019714,0.7500343322753906,0.2930716276168823,0.7949328422546387,0.22121325135231018,0.7410719394683838,0.3784636855125427,0.7917520999908447,0.19524607062339783,0.7390308976173401,0.45801547169685364,0.7904951572418213,0.18869510293006897,0.7409031391143799,0.4837817847728729,0.7874495983123779,0.18544495105743408,0.741938591003418,0.48248112201690674,0.7875114679336548,0.18826645612716675,0.7448656558990479,0.47546571493148804,0.7936106324195862,0.4824681282043457,0.7635087966918945,0.48632413148880005,0.7977667450904846,0.6215629577636719,0.7598687410354614,0.6128848791122437,0.7844551205635071,0.755462110042572,0.7613062858581543,0.7651323080062866,0.7804096937179565,0.7745374441146851,0.7604700326919556,0.7921069860458374,0.7978898286819458,0.7960686087608337,0.7612102031707764,0.8219102621078491,0
0.7710720300674438,0.22845664620399475,0.7717332243919373,0.22113442420959473,0.7728453874588013,0.22158008813858032,0.7736783027648926,0.2220853567123413,0.7667437195777893,0.222712904214859,0.7653230428695679,0.22420048713684082,0.7635272145271301,0.22597429156303406,0.7731329798698425,0.23592519760131836,0.7588319182395935,0.24483397603034973,0.7750988006591797,0.24523216485977173,0.7684845328330994,0.24355345964431763,0.7876535058021545,0.281833291053772,0.7488676309585571,0.31940969824790955,0.7903396487236023,0.20088019967079163,0.7368476390838623,0.3018859028816223,0.7871179580688477,0.15482869744300842,0.7392866015434265,0.24929440021514893,0.7852159142494202,0.14322668313980103,0.7407354116439819,0.2385426163673401,0.7830145955085754,0.1396227478981018,0.7411962151527405,0.2308669090270996,0.7833417654037476,0.1446053385734558,0.7413614988327026,0.23381158709526062,0.7919871211051941,0.5170866250991821,0.7651083469390869,0.5316293239593506,0.7936463952064514,0.6279408931732178,0.7605980634689331,0.6347805261611938,0.787510335445404,0.7544511556625366,0.7630460858345032,0.774245023727417,0.7792032957077026,0.7672168612480164,0.7598088979721069,0.7904683947563171,0.8015450239181519,0.8078472018241882,0.7625279426574707,0.8297637104988098,0
0.7727217078208923,0.2369486391544342,0.7740397453308105,0.2302531599998474,0.7752509117126465,0.2300216555595398,0.7762591242790222,0.22980967164039612,0.7681008577346802,0.22866079211235046,0.766447901725769,0.22964441776275635,0.7644845843315125,0.23061606287956238,0.7750269770622253,0.23896527290344238,0.759900689125061,0.24540069699287415,0.7766178250312805,0.2532680034637451,0.7705258727073669,0.25630083680152893,0.785639762878418,0.29056715965270996,0.7454773187637329,0.3229067027568817,0.7905286550521851,0.2509339153766632,0.7413013577461243,0.3745015263557434,0.7837799191474915,0.2193756401538849,0.7442251443862915,0.38897705078125,0.7822951674461365,0.21109172701835632,0.7449538707733154,0.3938799798488617,0.7812383770942688,0.20638421177864075,0.7464194297790527,0.38860198855400085,0.7813044786453247,0.2103857696056366,0.7472013235092163,0.38683250546455383,0.7924131155014038,0.5396018624305725,0.7684467434883118,0.5521061420440674,0.7938861846923828,0.6454508900642395,0.7612745761871338,0.6324451565742493,0.7919886708259583,0.7678700685501099,0.7636345624923706,0.7734370827674866,0.7815632224082947,0.7851613163948059,0.7613648772239685,0.7974703907966614,0.8041305541992188,0.8232839107513428,0.7630249857902527,0.8188874125480652,0
0.7725406885147095,0.23936545848846436,0.773237943649292,0.23051968216896057,0.7750000357627869,0.2304496467113495,0.7764436602592468,0.23270824551582336,0.7699810266494751,0.23144686222076416,0.7675938606262207,0.23269179463386536,0.766036868095398,0.23378711938858032,0.7752306461334229,0.24321475625038147,0.762083888053894,0.24566411972045898,0.7751907110214233,0.2540116608142853,0.7702891826629639,0.25609028339385986,0.7861616611480713,0.2965155839920044,0.7481848001480103,0.3349551260471344,0.7911034822463989,0.2256762981414795,0.7397457361221313,0.41687119007110596,0.7849300503730774,0.19323959946632385,0.7527035474777222,0.4551224708557129,0.7837486863136292,0.1840551793575287,0.75543212890625,0.4688388407230377,0.7818756103515625,0.18298962712287903,0.7583566904067993,0.46305352449417114,0.7822542786598206,0.18751895427703857,0.7582877278327942,0.4577452540397644,0.7918995022773743,0.5264796018600464,0.766044020652771,0.5435853004455566,0.7929278612136841,0.6339927911758423,0.7584764957427979,0.6403275728225708,0.7826654314994812,0.7665361166000366,0.7592118978500366,0.7744393348693848,0.7783988118171692,0.7912059426307678,0.7594814300537109,0.8012949228286743,0.7897241115570068,0.8178200721740723,0.7549203038215637,0.8277827501296997,0
0.7712000608444214,0.25259286165237427,0.7731949090957642,0.2477741837501526,0.7750687003135681,0.24789676070213318,0.7759168148040771,0.2481299340724945,0.7699465751647949,0.24426132440567017,0.7689501643180847,0.24426871538162231,0.7663228511810303,0.2443903386592865,0.7746988534927368,0.25526395440101624,0.763299822807312,0.2516312003135681,0.7736349105834961,0.265518456697464,0.7688311338424683,0.26553452014923096,0.7853670716285706,0.3090706169605255,0.741134762763977,0.33473634719848633,0.7978198528289795,0.30254706740379333,0.7411176562309265,0.43773353099823,0.7982510328292847,0.3277411162853241,0.7498873472213745,0.5255851149559021,0.8000071048736572,0.3380614221096039,0.7500380277633667,0.5433826446533203,0.7969053387641907,0.3397793471813202,0.755303144454956,0.5365233421325684,0.7954760193824768,0.3371489346027374,0.7561300992965698,0.5350463390350342,0.7847985029220581,0.5175480842590332,0.7602865695953369,0.5192244052886963,0.7978083491325378,0.6244754195213318,0.7570765614509583,0.6354637742042542,0.7838661074638367,0.7798479795455933,0.7618523836135864,0.7720478177070618,0.7786851525306702,0.8027814626693726,0.7634025812149048,0.7947916984558105,0.7971696257591248,0.8236067891120911,0.755277693271637,0.8248746395111084,0
0.7645789980888367,0.2635655403137207,0.7708054780960083,0.2560831308364868,0.7724061012268066,0.2561633288860321,0.7737007737159729,0.2562727928161621,0.7636423707008362,0.2529604434967041,0.7623297572135925,0.25398802757263184,0.7608495354652405,0.254897803068161,0.7751750349998474,0.2645040452480316,0.7581737041473389,0.27014416456222534,0.7688779234886169,0.2830018997192383,0.761104166507721,0.2831599712371826,0.7827013731002808,0.34124261140823364,0.7456611394882202,0.36931583285331726,0.7850672602653503,0.2716778814792633,0.7474502921104431,0.4770089387893677,0.7909475564956665,0.20137834548950195,0.7633729577064514,0.5378178358078003,0.7943462133407593,0.1757364273071289,0.7660040855407715,0.5590134263038635,0.7924878001213074,0.1732405424118042,0.7695689797401428,0.5532734990119934,0.7911175489425659,0.18474993109703064,0.7693993449211121,0.5453302264213562,0.7930532097816467,0.594856858253479,0.7706180810928345,0.6017785668373108,0.7988128066062927,0.6946783661842346,0.7774941325187683,0.7101970911026001,0.7864874005317688,0.777014970779419,0.7702518105506897,0.7647074460983276,0.7959516048431396,0.7967926263809204,0.7713027000427246,0.7831302285194397,0.7977215647697449,0.8226707577705383,0.7682114243507385,0.7826323509216309,0
0.7685108780860901,0.2696595788002014,0.7727019786834717,0.2601420283317566,0.7740316987037659,0.26054635643959045,0.7762698531150818,0.2657831907272339,0.7681695222854614,0.2605884075164795,0.7671197652816772,0.2611309587955475,0.7658050656318665,0.2615685760974884,0.7764593958854675,0.2739446461200714,0.761301577091217,0.272645503282547,0.7695052623748779,0.28716540336608887,0.7640420198440552,0.2825559079647064,0.7817845344543457,0.3313438594341278,0.7459045648574829,0.35877448320388794,0.7812248468399048,0.29190170764923096,0.7458813786506653,0.4818723797798157,0.773679256439209,0.22943705320358276,0.7602202892303467,0.5630642771720886,0.773986279964447,0.214686781167984,0.7645396590232849,0.5960240364074707,0.771043062210083,0.21096575260162354,0.7716827988624573,0.5899044871330261,0.7707014083862305,0.21789932250976562,0.7695253491401672,0.5729713439941406,0.791431725025177,0.5861222147941589,0.7731873989105225,0.5906928777694702,0.7947081923484802,0.7086167931556702,0.7687488198280334,0.7310105562210083,0.7914299368858337,0.8066577911376953,0.7648552060127258,0.7838982343673706,0.7808580994606018,0.8263134360313416,0.7669872641563416,0.7919079065322876,0.7878172397613525,0.8558441996574402,0.7588739395141602,0.8163411021232605,0
0.7687596082687378,0.2820523679256439,0.7743111252784729,0.2759208381175995,0.7757796049118042,0.2757416367530823,0.7781444787979126,0.27489224076271057,0.7682841420173645,0.2728087306022644,0.7669609189033508,0.27369359135627747,0.7634537816047668,0.27534347772598267,0.778815507888794,0.28224238753318787,0.7615159749984741,0.2851829528808594,0.7729401588439941,0.3009622097015381,0.7660515308380127,0.3037848174571991,0.7944121360778809,0.3541506826877594,0.7441982626914978,0.3928490877151489,0.8000571727752686,0.3155290186405182,0.743976354598999,0.5124435424804688,0.7940085530281067,0.23847708106040955,0.7589059472084045,0.594992995262146,0.7940515279769897,0.21850958466529846,0.765164852142334,0.6177698373794556,0.7920085787773132,0.21388351917266846,0.771483838558197,0.6123356223106384,0.7910868525505066,0.22350826859474182,0.7716814875602722,0.6093440651893616,0.8008280396461487,0.6238994598388672,0.7720038890838623,0.61729496717453,0.8020702600479126,0.7373061776161194,0.7692348957061768,0.7451005578041077,0.7861152291297913,0.788327693939209,0.7653475999832153,0.7712636590003967,0.7879822850227356,0.8134865760803223,0.7637355923652649,0.7797634601593018,0.794977605342865,0.8421099781990051,0.7641705870628357,0.7968869209289551,0
0.7731916904449463,0.31961485743522644,0.7751010060310364,0.30406591296195984,0.7758455276489258,0.30342206358909607,0.7765008211135864,0.3027826249599457,0.7716549634933472,0.29991552233695984,0.7712032198905945,0.29959726333618164,0.7705679535865784,0.29921695590019226,0.777341902256012,0.3036327064037323,0.7664164900779724,0.3044954836368561,0.774281919002533,0.32906076312065125,0.7701658010482788,0.32923728227615356,0.7891785502433777,0.35232463479042053,0.7411752939224243,0.3895125687122345,0.8016424179077148,0.4058239758014679,0.742158055305481,0.5112718343734741,0.7929700016975403,0.4691411852836609,0.7606058120727539,0.6220784783363342,0.7895932197570801,0.49941927194595337,0.7652820348739624,0.6550084948539734,0.7881077527999878,0.5001358985900879,0.7707083225250244,0.6489117741584778,0.7882692217826843,0.5002583265304565,0.7706904411315918,0.6360863447189331,0.7921183109283447,0.5910617709159851,0.766457200050354,0.6101202964782715,0.7937888503074646,0.7084356546401978,0.7679566740989685,0.7289701700210571,0.7874923944473267,0.7829365730285645,0.7677287459373474,0.7824796438217163,0.7813064455986023,0.800060510635376,0.7692278623580933,0.7942152619361877,0.7898211479187012,0.836153507232666,0.7604507803916931,0.8116998076438904,0
0.7722687721252441,0.3162747621536255,0.7724789977073669,0.3045136332511902,0.7699446678161621,0.3044635057449341,0.768551230430603,0.30398231744766235,0.7752101421356201,0.304492324590683,0.7760953903198242,0.30416232347488403,0.778327465057373,0.3031001091003418,0.7665725946426392,0.30948981642723083,0.7791359424591064,0.31318584084510803,0.767998456954956,0.3250654339790344,0.7729101181030273,0.32683172821998596,0.7430542707443237,0.39722588658332825,0.7851152420043945,0.38972118496894836,0.7538434267044067,0.5463836193084717,0.7821009159088135,0.5291465520858765,0.7780629992485046,0.6236346364021301,0.7800249457359314,0.6438158750534058,0.7846938371658325,0.6420672535896301,0.7801604270935059,0.6764230728149414,0.7865359783172607,0.6466736197471619,0.7801973819732666,0.6778576970100403,0.7852138876914978,0.6419991254806519,0.7794123291969299,0.6677948236465454,0.7739673852920532,0.6513696312904358,0.795735776424408,0.6465288996696472,0.7756438255310059,0.7355281114578247,0.794941782951355,0.7356126308441162,0.7718088030815125,0.777157723903656,0.7836428284645081,0.7863149642944336,0.7716371417045593,0.7896102666854858,0.781680166721344,0.8021293878555298,0.7716802954673767,0.7687197327613831,0.7840553522109985,0.7746225595474243,0
0.7735617756843567,0.31931552290916443,0.7740745544433594,0.31514665484428406,0.7726148962974548,0.3148858845233917,0.7715204358100891,0.3145892918109894,0.7765346765518188,0.31564295291900635,0.7773805260658264,0.31576159596443176,0.778829038143158,0.3156830966472626,0.7673249244689941,0.3206016421318054,0.7773474454879761,0.323681116104126,0.7710173726081848,0.332511305809021,0.7742043137550354,0.3338375687599182,0.7449805736541748,0.38966530561447144,0.7837775945663452,0.38624170422554016,0.7466909885406494,0.5034294128417969,0.7869970202445984,0.4982672929763794,0.7718890905380249,0.5586466193199158,0.7840573191642761,0.5801844000816345,0.7770352363586426,0.5759764909744263,0.7841584086418152,0.6055283546447754,0.7782791256904602,0.5771628618240356,0.7839374542236328,0.6051592826843262,0.7771191596984863,0.572329044342041,0.7829782366752625,0.597805917263031,0.7686353921890259,0.6211942434310913,0.7849864363670349,0.6115111708641052,0.7665930390357971,0.7020460367202759,0.787600576877594,0.7075947523117065,0.7641259431838989,0.8018460869789124,0.7838085889816284,0.7967612147331238,0.7646710276603699,0.8142687678337097,0.7772100567817688,0.815794050693512,0.7615324258804321,0.8166353702545166,0.7832040190696716,0.8137726783752441,0
0.7732569575309753,0.3301456570625305,0.7739505171775818,0.32646802067756653,0.7730793952941895,0.32599160075187683,0.7719631195068359,0.32540613412857056,0.7769371271133423,0.32647815346717834,0.7780084013938904,0.32619816064834595,0.7791098356246948,0.32575634121894836,0.7691130042076111,0.33165886998176575,0.779084324836731,0.3330146372318268,0.771093487739563,0.34149545431137085,0.7739027738571167,0.3428456485271454,0.7441755533218384,0.3979710340499878,0.7866185903549194,0.39278215169906616,0.7445359230041504,0.5157619118690491,0.7865960001945496,0.5003045797348022,0.7667344808578491,0.6024525761604309,0.7836748361587524,0.5886335372924805,0.7722132205963135,0.6256262063980103,0.7840096950531006,0.6150758862495422,0.7728318572044373,0.6282826662063599,0.7840326428413391,0.6153627038002014,0.7687450051307678,0.6096847057342529,0.775997519493103,0.6093409657478333,0.7661550045013428,0.626774251461029,0.7862651944160461,0.6193708777427673,0.7714160084724426,0.7191131114959717,0.7918462157249451,0.7176156044006348,0.7682079076766968,0.7975063920021057,0.7814225554466248,0.7961053252220154,0.7698315382003784,0.8184417486190796,0.7753645777702332,0.8154983520507812,0.7679137587547302,0.8077015280723572,0.7781471014022827,0.8054342269897461,0
0.7769671678543091,0.3685111999511719,0.7778854966163635,0.3536418080329895,0.7776035666465759,0.35305625200271606,0.7772241234779358,0.3523731827735901,0.7786882519721985,0.35259586572647095,0.779039204120636,0.351462185382843,0.7794141173362732,0.3503589928150177,0.7743338346481323,0.3547951281070709,0.7786611318588257,0.3548966646194458,0.7742425799369812,0.376912921667099,0.7748368978500366,0.3770621120929718,0.7539194822311401,0.41030120849609375,0.769389808177948,0.41481029987335205,0.7525076866149902,0.5407689213752747,0.7719079256057739,0.5328471064567566,0.7767000198364258,0.6471450924873352,0.7778737545013428,0.6436105370521545,0.7828550934791565,0.6695042252540588,0.7772902250289917,0.673577606678009,0.7830096483230591,0.6703267097473145,0.7805973291397095,0.6727492809295654,0.7803316712379456,0.6642799377441406,0.7807750105857849,0.6632500290870667,0.7699888944625854,0.6192935109138489,0.7739570736885071,0.6189234852790833,0.778444766998291,0.6724442839622498,0.7833957076072693,0.694991409778595,0.776768147945404,0.7998731732368469,0.7838199138641357,0.7955722212791443,0.7705824971199036,0.825798511505127,0.774490475654602,0.814685583114624,0.775309681892395,0.8232187032699585,0.7825425863265991,0.8159794807434082,0
0.780376672744751,0.3980366885662079,0.7822872996330261,0.38184696435928345,0.783160924911499,0.3839767873287201,0.7837845087051392,0.38265931606292725,0.7800556421279907,0.381062775850296,0.7793529629707336,0.3791280686855316,0.7776910066604614,0.3777337968349457,0.780692994594574,0.3762485384941101,0.7727945446968079,0.37741076946258545,0.7794975638389587,0.4064484238624573,0.7764701247215271,0.4059690237045288,0.7882949709892273,0.430635541677475,0.7423749566078186,0.444550096988678,0.7854260802268982,0.5475730895996094,0.7426893711090088,0.5659104585647583,0.7849231362342834,0.6026274561882019,0.7556014657020569,0.6876183748245239,0.7879040241241455,0.6257116794586182,0.7546967267990112,0.7271265387535095,0.7854864001274109,0.6311264038085938,0.7614411115646362,0.7238458395004272,0.7834250926971436,0.6312236189842224,0.7645002603530884,0.6982350945472717,0.7852030992507935,0.6139382123947144,0.7591519951820374,0.6296098232269287,0.7897921204566956,0.6520682573318481,0.7732566595077515,0.7186499834060669,0.7724155783653259,0.785289466381073,0.7756128311157227,0.7838966846466064,0.7694870829582214,0.8022064566612244,0.7708951830863953,0.8008192777633667,0.7751455307006836,0.8273800015449524,0.7826164364814758,0.826801061630249,0
0.7800728678703308,0.41609203815460205,0.7816981077194214,0.3991876244544983,0.7823583483695984,0.3978930413722992,0.7829729914665222,0.396614670753479,0.7787237763404846,0.3977275788784027,0.7777668237686157,0.3954053223133087,0.7767400741577148,0.39316442608833313,0.780998170375824,0.3917950987815857,0.7723774909973145,0.3877817392349243,0.779365599155426,0.4238240718841553,0.775906503200531,0.41998136043548584,0.7910553216934204,0.43845099210739136,0.7417436242103577,0.4543841481208801,0.7922418117523193,0.5479810237884521,0.7416706681251526,0.5763486623764038,0.7922271490097046,0.6133405566215515,0.754406213760376,0.6974671483039856,0.7975097298622131,0.6343302726745605,0.7538127899169922,0.7365400195121765,0.7877801060676575,0.6473564505577087,0.7603630423545837,0.7341392636299133,0.7865762114524841,0.6298755407333374,0.7651066184043884,0.7077131271362305,0.7870886325836182,0.6120972037315369,0.7606461644172668,0.6248794198036194,0.7924596071243286,0.6715233325958252,0.7702302932739258,0.7333720326423645,0.7777697443962097,0.8031455874443054,0.7696765065193176,0.7936054468154907,0.7694845795631409,0.8095916509628296,0.7647867798805237,0.7995263934135437,0.7783629894256592,0.831666886806488,0.7743235230445862,0.8365933299064636,0
0.7782688140869141,0.42919430136680603,0.7799575328826904,0.41305679082870483,0.7809769511222839,0.41243162751197815,0.7818840146064758,0.41205430030822754,0.7775815725326538,0.4105793833732605,0.7759690284729004,0.40553274750709534,0.7751101851463318,0.40392014384269714,0.7815995216369629,0.41100209951400757,0.7709250450134277,0.4058184325695038,0.7783608436584473,0.43611109256744385,0.7751523852348328,0.43462419509887695,0.7922303080558777,0.46362271904945374,0.7428219318389893,0.47235196828842163,0.7889087796211243,0.5966155529022217,0.7431598901748657,0.6035656929016113,0.7835408449172974,0.7358248829841614,0.7564206123352051,0.7185333967208862,0.7864689826965332,0.7785946130752563,0.7526984214782715,0.7666510343551636,0.7755805253982544,0.7783308029174805,0.7595793008804321,0.758569598197937,0.7758733034133911,0.7619832754135132,0.7631065845489502,0.7483701109886169,0.7931447625160217,0.6590297222137451,0.7652836441993713,0.672653317451477,0.8016512989997864,0.6935246586799622,0.775637686252594,0.7513971328735352,0.7762232422828674,0.7828481197357178,0.7706054449081421,0.7720369100570679,0.764119565486908,0.7937006950378418,0.7679920792579651,0.7649524211883545,0.7752174735069275,0.8226150274276733,0.7744945287704468,0.8099058866500854,0
0.7808611392974854,0.4452156722545624,0.7828035950660706,0.4286232590675354,0.7839162349700928,0.428261935710907,0.7851760387420654,0.4276988208293915,0.7791544198989868,0.42582085728645325,0.7776579856872559,0.4189378023147583,0.7764876484870911,0.41750508546829224,0.7841711640357971,0.424409419298172,0.7722897529602051,0.4189404547214508,0.7809422612190247,0.45203903317451477,0.7764840722084045,0.4506640136241913,0.7930405139923096,0.4802990257740021,0.7410876750946045,0.48320192098617554,0.79369056224823,0.6018945574760437,0.7393468022346497,0.6092333197593689,0.7823840975761414,0.7144164443016052,0.7522910237312317,0.7020787000656128,0.7828797698020935,0.750958263874054,0.7516975998878479,0.7427762746810913,0.7774785161018372,0.7484241127967834,0.7588509321212769,0.7381178736686707,0.7737779021263123,0.7396206259727478,0.7617293000221252,0.726505696773529,0.7934219837188721,0.6531306505203247,0.7605990767478943,0.6493664979934692,0.8100427985191345,0.7095336318016052,0.7654903531074524,0.7377644181251526,0.7798274755477905,0.8067518472671509,0.7699275612831116,0.7767386436462402,0.7723060250282288,0.8155035972595215,0.7697343230247498,0.7738785147666931,0.7826055288314819,0.8505977988243103,0.7622899413108826,0.8007725477218628,0
0.7809117436408997,0.4526914954185486,0.7826588153839111,0.44193628430366516,0.783801257610321,0.4414343237876892,0.7847989201545715,0.4410279393196106,0.77963787317276,0.43427741527557373,0.778002142906189,0.4334399402141571,0.7772132158279419,0.4322134554386139,0.7843677997589111,0.4382471740245819,0.7723648548126221,0.43530115485191345,0.781449019908905,0.46705353260040283,0.7777627110481262,0.46498486399650574,0.7932147979736328,0.4981513023376465,0.7418850660324097,0.5042060613632202,0.7946081757545471,0.6375139951705933,0.7399688363075256,0.6237423419952393,0.7767776250839233,0.7581074237823486,0.7463670969009399,0.7575183510780334,0.7753903865814209,0.7986882925033569,0.7479174733161926,0.7936053276062012,0.7674093842506409,0.7939350605010986,0.7539836168289185,0.7876449823379517,0.7667648792266846,0.7795051336288452,0.7570952773094177,0.7754955291748047,0.7984601855278015,0.6883160471916199,0.7698466181755066,0.7077090740203857,0.8237881660461426,0.7354393601417542,0.7726666927337646,0.8024519681930542,0.7931561470031738,0.8466041684150696,0.7897714972496033,0.7756959199905396,0.7874317765235901,0.8585851788520813,0.791351318359375,0.7587913274765015,0.7924413084983826,0.8898195624351501,0.794232189655304,0.8128570914268494,0
0.7805864214897156,0.48390743136405945,0.7818119525909424,0.46684330701828003,0.782829999923706,0.46544262766838074,0.7842859625816345,0.46341073513031006,0.7774077653884888,0.4603448510169983,0.7760568261146545,0.4585910141468048,0.7706288695335388,0.4534831941127777,0.7835133671760559,0.45586371421813965,0.7694529294967651,0.45530447363853455,0.7808061838150024,0.4883965253829956,0.7758498191833496,0.4872683584690094,0.794310450553894,0.5135332942008972,0.7420439124107361,0.5134785175323486,0.7939648032188416,0.6378836631774902,0.7393614053726196,0.633531928062439,0.7744228839874268,0.7468951344490051,0.7426605820655823,0.7685972452163696,0.7724547386169434,0.7816625237464905,0.7366640567779541,0.7981590628623962,0.7671372890472412,0.7804020047187805,0.7410027980804443,0.7990559339523315,0.7661961317062378,0.765105664730072,0.7467973828315735,0.788108229637146,0.7948443293571472,0.6957302093505859,0.7687258720397949,0.7115985751152039,0.8158831596374512,0.7437663078308105,0.7853374481201172,0.7844680547714233,0.7855350375175476,0.8030252456665039,0.7796555161476135,0.7485645413398743,0.7796934843063354,0.8042793273925781,0.7771434783935547,0.7289932370185852,0.7843233346939087,0.8412355184555054,0.7815444469451904,0.7858326435089111,0
0.7804445624351501,0.4824569821357727,0.7807621359825134,0.4654594361782074,0.7817516922950745,0.46417540311813354,0.7822673320770264,0.4629370868206024,0.7791169881820679,0.4637812376022339,0.7784104347229004,0.46191588044166565,0.7700283527374268,0.45944124460220337,0.7803074717521667,0.4590646028518677,0.7700608968734741,0.4588843882083893,0.7798405289649963,0.4922211170196533,0.7762556672096252,0.48704850673675537,0.7895650267601013,0.5087151527404785,0.7427296042442322,0.5227314233779907,0.7871825098991394,0.6331690549850464,0.7359743118286133,0.6411184072494507,0.770948052406311,0.7555531859397888,0.7375178933143616,0.7717185616493225,0.7703025937080383,0.7923060059547424,0.7319190502166748,0.8015421032905579,0.7642910480499268,0.787802517414093,0.7372862696647644,0.7981600761413574,0.7631241679191589,0.7767761945724487,0.7424592971801758,0.7882034182548523,0.7894814610481262,0.6879370808601379,0.7687865495681763,0.7093972563743591,0.8099052906036377,0.7278202772140503,0.7852815389633179,0.7700247168540955,0.7833974957466125,0.8008666038513184,0.7829002141952515,0.7404657006263733,0.7789515256881714,0.805275559425354,0.7805029153823853,0.7245737910270691,0.7822393178939819,0.8368497490882874,0.7862744927406311,0.7719654440879822,0
0.7794346809387207,0.5042711496353149,0.7802536487579346,0.48829787969589233,0.7810245156288147,0.4864990711212158,0.782066822052002,0.4846407473087311,0.7769908308982849,0.4869860112667084,0.7761253714561462,0.48560768365859985,0.7751632332801819,0.4843735098838806,0.7797667980194092,0.47653862833976746,0.7706390619277954,0.48145461082458496,0.7800344228744507,0.508521556854248,0.7761378884315491,0.5089911222457886,0.7877554893493652,0.5209954977035522,0.741838276386261,0.5337338447570801,0.7821412682533264,0.6412307024002075,0.7326295971870422,0.6526931524276733,0.7687357068061829,0.7401318550109863,0.7361451387405396,0.7804265022277832,0.7683696746826172,0.7715875506401062,0.7316246628761292,0.8088526129722595,0.7635511159896851,0.7659328579902649,0.737897515296936,0.8075084090232849,0.7621763944625854,0.7568176984786987,0.7405999302864075,0.797517716884613,0.7876816391944885,0.6704546809196472,0.7621606588363647,0.6843687295913696,0.8048595786094666,0.6718317270278931,0.7689858675003052,0.7038459777832031,0.7781853675842285,0.7837032079696655,0.7626625895500183,0.7471323609352112,0.7721124291419983,0.794758677482605,0.7595740556716919,0.742652177810669,0.7800800800323486,0.824079692363739,0.7677131295204163,0.7886881232261658,0
0.7777624726295471,0.518520712852478,0.7790952324867249,0.5023335814476013,0.7802942395210266,0.4999557137489319,0.7812702655792236,0.4976874589920044,0.7757635712623596,0.5009530782699585,0.7739606499671936,0.4998660385608673,0.7685757279396057,0.49603402614593506,0.7791024446487427,0.48690515756607056,0.7678024768829346,0.49333006143569946,0.7780861258506775,0.5214571952819824,0.773432731628418,0.5218125581741333,0.7876468300819397,0.5285136103630066,0.742926836013794,0.5438860654830933,0.7942872643470764,0.625473141670227,0.7330178618431091,0.6597675681114197,0.7851831316947937,0.697623610496521,0.7358489036560059,0.7814671993255615,0.7843813300132751,0.7202173471450806,0.7312520146369934,0.8136096000671387,0.7791131138801575,0.7156053185462952,0.7369608283042908,0.8120601177215576,0.7798578143119812,0.7066810727119446,0.7392937541007996,0.7985156178474426,0.7889570593833923,0.7006982564926147,0.7655979990959167,0.7156020998954773,0.8189581632614136,0.7172398567199707,0.8030839562416077,0.7492467761039734,0.7818477749824524,0.7756657600402832,0.7822427153587341,0.7429423928260803,0.7778111100196838,0.7778717875480652,0.777621865272522,0.7271853089332581,0.7817885875701904,0.8099647760391235,0.7820014953613281,0.774622917175293,0
0.7797818779945374,0.550847589969635,0.7808771729469299,0.5262035727500916,0.7810781598091125,0.5261126160621643,0.781106173992157,0.5260437726974487,0.7756597995758057,0.5299298167228699,0.7746619582176208,0.5340989232063293,0.7723585963249207,0.5353119969367981,0.7795425653457642,0.5154844522476196,0.7632556557655334,0.5337517261505127,0.7784945368766785,0.5608863830566406,0.7728525996208191,0.565426230430603,0.7774718403816223,0.5517653822898865,0.7392832636833191,0.6148568987846375,0.7794218063354492,0.6017584800720215,0.7227877974510193,0.7236245274543762,0.7832463979721069,0.6384697556495667,0.7207224369049072,0.8226938247680664,0.7855786681175232,0.646924614906311,0.7164880633354187,0.8505800366401672,0.7853491902351379,0.6412754654884338,0.7236804962158203,0.8404286503791809,0.7839192152023315,0.6402682662010193,0.7271956205368042,0.8329674005508423,0.8036642074584961,0.6506195664405823,0.7831031084060669,0.6877361536026001,0.8076352477073669,0.718282163143158,0.7821369171142578,0.771584689617157,0.7907441854476929,0.7795596122741699,0.7752324938774109,0.7722926139831543,0.7879148125648499,0.7847559452056885,0.7745633125305176,0.770226776599884,0.7825695872306824,0.8218367099761963,0.7697628736495972,0.7985361218452454,0
0.7785825729370117,0.5365674495697021,0.7789512276649475,0.5201905369758606,0.7797783017158508,0.5175974369049072,0.780525803565979,0.5148181915283203,0.7756590843200684,0.5228317379951477,0.7740699052810669,0.520061731338501,0.7717323303222656,0.5209970474243164,0.7773877382278442,0.5040737390518188,0.7655646204948425,0.5145978927612305,0.7789583206176758,0.539141058921814,0.774479329586029,0.542132556438446,0.7853621244430542,0.5264710187911987,0.7358456254005432,0.5683965086936951,0.7917753458023071,0.6303421258926392,0.7288166284561157,0.6774036884307861,0.7832381725311279,0.6936412453651428,0.7302287220954895,0.7957137227058411,0.7832785844802856,0.7135583162307739,0.7252071499824524,0.8258504867553711,0.7772111892700195,0.7163801193237305,0.7296524047851562,0.8248452544212341,0.777354896068573,0.7126083970069885,0.7331276535987854,0.8109006285667419,0.7977266311645508,0.6698059439659119,0.7732018232345581,0.7000201344490051,0.8014069199562073,0.6577247381210327,0.7513977289199829,0.7050055861473083,0.7815278768539429,0.7896567583084106,0.7629561424255371,0.7563706040382385,0.7781581878662109,0.8032424449920654,0.7643827795982361,0.7604329586029053,0.7727387547492981,0.836638331413269,0.7634344696998596,0.7794198989868164,0
0.7781444191932678,0.5383999347686768,0.7790600657463074,0.5211830735206604,0.7796671986579895,0.519524335861206,0.7802004814147949,0.5178316831588745,0.775653600692749,0.5197045803070068,0.7732217311859131,0.5197300910949707,0.7720459699630737,0.5186091661453247,0.7760089039802551,0.5104589462280273,0.7659343481063843,0.517071545124054,0.777511715888977,0.5422585010528564,0.7730726003646851,0.5434148907661438,0.7786546945571899,0.542159914970398,0.740142822265625,0.57508385181427,0.7894112467765808,0.6028595566749573,0.7326469421386719,0.6817939877510071,0.7965402603149414,0.6400883197784424,0.7321550846099854,0.7930469512939453,0.7996492981910706,0.6568996906280518,0.7267076969146729,0.8194921612739563,0.7974244952201843,0.6532111763954163,0.7300334572792053,0.8202731013298035,0.7954797148704529,0.6523208022117615,0.7345161437988281,0.8078652620315552,0.7876605987548828,0.7015023827552795,0.7672502398490906,0.7284497022628784,0.807527482509613,0.6614566445350647,0.7917582392692566,0.7416013479232788,0.7905983328819275,0.7723251581192017,0.7762879729270935,0.7435035109519958,0.784654438495636,0.7860484719276428,0.771049976348877,0.7367302775382996,0.7955570816993713,0.8040550947189331,0.7813619375228882,0.7613384127616882,0
0.7776095271110535,0.5422667264938354,0.7783560752868652,0.5239348411560059,0.7790967226028442,0.5224684476852417,0.7798284888267517,0.5209410786628723,0.7752991914749146,0.5234113931655884,0.7740997076034546,0.5213809013366699,0.7722576856613159,0.5198732614517212,0.7762671113014221,0.5167995691299438,0.7662308812141418,0.5177336931228638,0.7774121761322021,0.5511850118637085,0.7731509804725647,0.5517916679382324,0.7825073003768921,0.5675277709960938,0.7411506772041321,0.5731822848320007,0.7969622611999512,0.6380100846290588,0.7326439619064331,0.6868413686752319,0.8014158010482788,0.6651282906532288,0.7335777878761292,0.7952457666397095,0.8051128387451172,0.686466634273529,0.7284147143363953,0.8249334096908569,0.804186999797821,0.6783156394958496,0.7337551712989807,0.8228291273117065,0.8027318716049194,0.6761564612388611,0.7377123236656189,0.8125396966934204,0.7940298318862915,0.7243958711624146,0.7743198871612549,0.7557794451713562,0.8415610194206238,0.7239586114883423,0.8336282968521118,0.7519705891609192,0.8253986835479736,0.792763888835907,0.8191203474998474,0.7653641700744629,0.822589635848999,0.796959400177002,0.8169602155685425,0.7577394247055054,0.8257626295089722,0.8127630352973938,0.8189584612846375,0.7723767757415771,0
0.7761979699134827,0.5431744456291199,0.7755099534988403,0.5270795226097107,0.7756983637809753,0.5260945558547974,0.7758527398109436,0.5252224206924438,0.7738547325134277,0.5267148017883301,0.7732821106910706,0.525166392326355,0.7726972103118896,0.5239217281341553,0.7711559534072876,0.5233719348907471,0.7653005719184875,0.5246660113334656,0.7739171981811523,0.5494385957717896,0.7714933753013611,0.5502734184265137,0.7678319811820984,0.5434645414352417,0.7372426390647888,0.5800231099128723,0.7657070755958557,0.6381877064704895,0.7336395978927612,0.6795330047607422,0.758933961391449,0.7105438113212585,0.7346398234367371,0.7940329313278198,0.7590786218643188,0.7332706451416016,0.727512001991272,0.8264703154563904,0.7566796541213989,0.7294381260871887,0.7316959500312805,0.8222067952156067,0.7557712197303772,0.7235572338104248,0.7341029644012451,0.8099599480628967,0.7846524119377136,0.705572247505188,0.7671740055084229,0.7317014336585999,0.7950899004936218,0.6660019159317017,0.7738078832626343,0.7135754823684692,0.7718434929847717,0.777154803276062,0.7774431109428406,0.756096363067627,0.765533447265625,0.7906957864761353,0.7756057977676392,0.7569522261619568,0.7737337350845337,0.8115419149398804,0.7824804782867432,0.7852505445480347,0
0.779776930809021,0.5631307363510132,0.779711902141571,0.5453065633773804,0.7799582481384277,0.5432941913604736,0.780117928981781,0.5413848161697388,0.777131974697113,0.5491834878921509,0.7741706371307373,0.5469688773155212,0.7729694843292236,0.5461955666542053,0.7736283540725708,0.5352067947387695,0.76590895652771,0.5412449836730957,0.7774762511253357,0.5683034062385559,0.7739100456237793,0.5744673013687134,0.774035632610321,0.550157904624939,0.7338562607765198,0.6004883646965027,0.7824545502662659,0.6023067831993103,0.7285847067832947,0.6994103193283081,0.7825025916099548,0.6385793089866638,0.7302303910255432,0.8075329065322876,0.7826530933380127,0.6585661768913269,0.7237876653671265,0.8312693238258362,0.7804759740829468,0.6548299789428711,0.727639377117157,0.8289551138877869,0.7791982889175415,0.6532285809516907,0.7310786247253418,0.8184086084365845,0.798107922077179,0.6949513554573059,0.774670422077179,0.725818395614624,0.8102152347564697,0.6624839901924133,0.7719250321388245,0.7198816537857056,0.7873114347457886,0.7772313952445984,0.7635471820831299,0.7776261568069458,0.7812011241912842,0.7883172035217285,0.7611076235771179,0.7809496521949768,0.7865070104598999,0.8247917890548706,0.7622367143630981,0.8142015933990479,0
0.7792654037475586,0.5695428252220154,0.7787367701530457,0.5545139312744141,0.7797526121139526,0.5506986975669861,0.780022919178009,0.5489291548728943,0.7766642570495605,0.5569119453430176,0.7747904658317566,0.5592482686042786,0.7732034921646118,0.5563522577285767,0.7742383480072021,0.5443218350410461,0.7663757801055908,0.5528494119644165,0.7776987552642822,0.5773828029632568,0.774081289768219,0.5836318731307983,0.7766110301017761,0.5571735501289368,0.7352272272109985,0.6123386025428772,0.7867708206176758,0.6149598360061646,0.7291140556335449,0.7040936350822449,0.778773844242096,0.6566821336746216,0.7318848371505737,0.8059200048446655,0.7782373428344727,0.6694315075874329,0.7241555452346802,0.8344864845275879,0.7746808528900146,0.663978099822998,0.7279443740844727,0.8288814425468445,0.7741039395332336,0.6619769334793091,0.7328463792800903,0.8184744119644165,0.7993906736373901,0.6897099018096924,0.774734616279602,0.7185181379318237,0.7983534336090088,0.6594106554985046,0.7603288888931274,0.6853010654449463,0.7764637470245361,0.7850971817970276,0.7661292552947998,0.7543286681175232,0.7716575860977173,0.796646773815155,0.7668324708938599,0.7617179155349731,0.7717653512954712,0.8379932641983032,0.7645909786224365,0.788476288318634,0
0.7765044569969177,0.5538265109062195,0.7742023468017578,0.5418060421943665,0.7739865183830261,0.5411690473556519,0.7735332250595093,0.5409630537033081,0.7736861109733582,0.5427292585372925,0.7731375098228455,0.5426506400108337,0.7707085013389587,0.5472680330276489,0.7677465677261353,0.5498096346855164,0.7655484080314636,0.547613263130188,0.7724941372871399,0.5673693418502808,0.7718759179115295,0.5688294768333435,0.7658661007881165,0.5750213265419006,0.7516695857048035,0.6208239793777466,0.7536230683326721,0.6797661781311035,0.7320912480354309,0.7051671147346497,0.7480944991111755,0.7634121775627136,0.7329474091529846,0.8049179911613464,0.7489360570907593,0.7870610356330872,0.7269436717033386,0.834401547908783,0.7474656105041504,0.785181999206543,0.7282453179359436,0.8288326263427734,0.7475005388259888,0.7787286043167114,0.7324731945991516,0.8170784115791321,0.8130016326904297,0.7109094858169556,0.8000814914703369,0.7384488582611084,0.8124428987503052,0.7373068928718567,0.778163731098175,0.7229858636856079,0.8182379007339478,0.8009822368621826,0.7759549617767334,0.7955474257469177,0.8200418949127197,0.8003214597702026,0.7787687182426453,0.8073312044143677,0.8125807642936707,0.8522785305976868,0.7651735544204712,0.8189136385917664,0
0.7724310159683228,0.5472507476806641,0.7697487473487854,0.540959894657135,0.7697504758834839,0.5409246683120728,0.7695335149765015,0.5413818359375,0.7683355808258057,0.5417135953903198,0.7674327492713928,0.5420970916748047,0.7610524892807007,0.5450031757354736,0.7648934721946716,0.5551498532295227,0.7582530379295349,0.5576108694076538,0.7680971026420593,0.5776940584182739,0.7660425901412964,0.5784803628921509,0.7749855518341064,0.6169806718826294,0.741101086139679,0.6502541303634644,0.7786027789115906,0.7514768242835999,0.7395455837249756,0.748769223690033,0.7773199081420898,0.7637055516242981,0.7390005588531494,0.8087387084960938,0.7792031168937683,0.7688953876495361,0.730441153049469,0.8434002995491028,0.7786085605621338,0.7567536234855652,0.7414163947105408,0.8263910412788391,0.7773491740226746,0.757439911365509,0.7370570302009583,0.8113906383514404,0.8347957730293274,0.7413597106933594,0.8153148889541626,0.7806866765022278,0.8667904138565063,0.7450515031814575,0.8473905324935913,0.7963272929191589,0.9198249578475952,0.8839031457901001,0.9110174179077148,0.8956480026245117,0.9235606789588928,0.9115155935287476,0.9161461591720581,0.9122439026832581,0.9448316693305969,0.9167769551277161,0.9430837035179138,0.9184537529945374,0
0.7583585381507874,0.5410669445991516,0.7532374858856201,0.5471245050430298,0.7537642121315002,0.5469690561294556,0.7568171620368958,0.5486663579940796,0.7523865699768066,0.54740309715271,0.7524024248123169,0.5474099516868591,0.7521410584449768,0.547263503074646,0.7563713788986206,0.5618126392364502,0.7532397508621216,0.559015691280365,0.751213014125824,0.5796115398406982,0.750043511390686,0.5800588130950928,0.7692694067955017,0.6197146773338318,0.7522423267364502,0.6483229398727417,0.7650652527809143,0.7582681179046631,0.7460775375366211,0.7475590705871582,0.7573915719985962,0.8048495650291443,0.7374415397644043,0.8100588321685791,0.7668998837471008,0.8175659775733948,0.7396743297576904,0.8431875705718994,0.7671136260032654,0.8106107115745544,0.7417071461677551,0.8311641216278076,0.7664676308631897,0.8083949089050293,0.7381508946418762,0.8178765773773193,0.8331688642501831,0.7488939166069031,0.8204157948493958,0.7826372981071472,0.8433565497398376,0.7732481956481934,0.8299099206924438,0.8219844698905945,0.8969172835350037,0.8912900686264038,0.8831667900085449,0.8830562829971313,0.9037601947784424,0.9030272960662842,0.8895187377929688,0.8842563033103943,0.9157654047012329,0.9431004524230957,0.9054888486862183,0.9183295369148254,0
0.7680438756942749,0.5534931421279907,0.7666633129119873,0.5465766191482544,0.7669664621353149,0.5467344522476196,0.7669885158538818,0.5478282570838928,0.7651292085647583,0.5474425554275513,0.7628100514411926,0.5519958138465881,0.7620866894721985,0.552754282951355,0.7637671828269958,0.5611944794654846,0.7576473951339722,0.5631437301635742,0.7656303644180298,0.5796617269515991,0.7635822296142578,0.5803465843200684,0.7713544368743896,0.6217665672302246,0.7530767321586609,0.6461637020111084,0.7621484398841858,0.76546311378479,0.7431907653808594,0.7382790446281433,0.7530779838562012,0.8050251007080078,0.7343078851699829,0.8108587861061096,0.7527491450309753,0.8171612024307251,0.7287380695343018,0.8426589965820312,0.7531847953796387,0.80607008934021,0.731377363204956,0.8337746858596802,0.753090500831604,0.8035479784011841,0.7339726090431213,0.8224759101867676,0.8314996957778931,0.7443408370018005,0.8176079988479614,0.7746685147285461,0.845067024230957,0.7461534738540649,0.8268212080001831,0.8021373152732849,0.8810927867889404,0.8532606363296509,0.8606029748916626,0.8694708347320557,0.8847187757492065,0.868584156036377,0.8640912771224976,0.8776175379753113,0.8962123990058899,0.889696478843689,0.8769123554229736,0.8943433165550232,0
0.7561506032943726,0.5490361452102661,0.7547459602355957,0.5440965890884399,0.7549700736999512,0.544188380241394,0.7525779604911804,0.5503138899803162,0.754700779914856,0.5443310141563416,0.7549632787704468,0.5444895029067993,0.7550458908081055,0.5443733930587769,0.7549799680709839,0.5576794743537903,0.7564168572425842,0.5567272901535034,0.7565711736679077,0.5666137933731079,0.7572610378265381,0.5625827312469482,0.7509822249412537,0.616093099117279,0.766272783279419,0.6304323077201843,0.7494307160377502,0.7366588711738586,0.7596081495285034,0.7379444241523743,0.7460144758224487,0.8022504448890686,0.7392829060554504,0.7907465100288391,0.74774569272995,0.8190059661865234,0.7421289086341858,0.8080486059188843,0.747682511806488,0.813848078250885,0.7408164739608765,0.800770103931427,0.7479763031005859,0.8081446290016174,0.7415822744369507,0.7954742908477783,0.8199664354324341,0.7413133978843689,0.8232122659683228,0.7620362043380737,0.8213914632797241,0.7971048355102539,0.8148295879364014,0.810032069683075,0.8532840609550476,0.8755882978439331,0.8374952077865601,0.8589669466018677,0.8603072762489319,0.8761811256408691,0.8419856429100037,0.8609737157821655,0.8551264405250549,0.9231810569763184,0.8385654091835022,0.8870517611503601,0
0.7635554075241089,0.5719704031944275,0.7630839943885803,0.5610592365264893,0.7634181380271912,0.561028778553009,0.7637969851493835,0.5608217716217041,0.7617625594139099,0.5614255666732788,0.7611213326454163,0.5616011619567871,0.7603489756584167,0.5622012615203857,0.7626675367355347,0.5652989745140076,0.7580573558807373,0.5676595568656921,0.764055073261261,0.5844434499740601,0.7622053623199463,0.5838543772697449,0.7676978707313538,0.6002823114395142,0.753490686416626,0.6348662972450256,0.7620478868484497,0.6995992660522461,0.7386649250984192,0.7195899486541748,0.7548424005508423,0.7663432359695435,0.7323392629623413,0.8031294941902161,0.7557849884033203,0.7847104668617249,0.7274897694587708,0.8274470567703247,0.7544142603874207,0.7815040946006775,0.727450966835022,0.8242712020874023,0.7543655633926392,0.7762120962142944,0.7318282723426819,0.8138671517372131,0.815561830997467,0.7225804328918457,0.8061854243278503,0.7519630193710327,0.8147967457771301,0.7519084215164185,0.8041588068008423,0.7385567426681519,0.8170220255851746,0.8226298689842224,0.8034451603889465,0.8015980124473572,0.8182586431503296,0.8242533802986145,0.8045128583908081,0.8105834722518921,0.8111937642097473,0.8687830567359924,0.7974270582199097,0.8214638233184814,0
0.7691273093223572,0.5795685052871704,0.7688795328140259,0.5649672746658325,0.7697805166244507,0.5645519495010376,0.7707062363624573,0.5639756917953491,0.765795111656189,0.5656156539916992,0.7612950205802917,0.5677712559700012,0.7630464434623718,0.5659658908843994,0.7694975137710571,0.5657286643981934,0.7590280771255493,0.5695078372955322,0.7705621123313904,0.5922064781188965,0.7666850686073303,0.5919888615608215,0.776124119758606,0.6080271005630493,0.7496728897094727,0.6396242380142212,0.7719495892524719,0.7382614016532898,0.7357828617095947,0.729554295539856,0.7591550350189209,0.7814313769340515,0.7329515814781189,0.8060057163238525,0.7584429979324341,0.7945892810821533,0.7268393039703369,0.8275860548019409,0.7568865418434143,0.7828866839408875,0.729576826095581,0.8191201686859131,0.7572264075279236,0.7800055742263794,0.7318426370620728,0.8145401477813721,0.8249776363372803,0.7278990149497986,0.8130558133125305,0.7663391828536987,0.8511715531349182,0.7369906306266785,0.8463326096534729,0.7713816165924072,0.8912534117698669,0.8491630554199219,0.8800855875015259,0.8555425405502319,0.8967647552490234,0.8588282465934753,0.8841180205345154,0.8637623190879822,0.9002360105514526,0.9047031998634338,0.8905805945396423,0.8895140886306763,0
0.7719737887382507,0.5713935494422913,0.7703279256820679,0.5637719631195068,0.7701736092567444,0.5646466612815857,0.7700496315956116,0.5654038786888123,0.7696590423583984,0.5621779561042786,0.7689586281776428,0.5618794560432434,0.7681493163108826,0.5618789792060852,0.7654804587364197,0.5723897814750671,0.7627885341644287,0.5683324933052063,0.7701166272163391,0.5857308506965637,0.7692626118659973,0.5825095772743225,0.7591556310653687,0.6138165593147278,0.7548345923423767,0.6268182992935181,0.7453671097755432,0.7330965995788574,0.7460206747055054,0.7248010039329529,0.7341457605361938,0.8001587390899658,0.7330092191696167,0.8051198720932007,0.7340765595436096,0.8017405271530151,0.7275263071060181,0.8251944184303284,0.7345686554908752,0.7933307886123657,0.7292349338531494,0.8226357698440552,0.7351304292678833,0.7882683873176575,0.7316741943359375,0.8146056532859802,0.8021721839904785,0.7227573394775391,0.7961922883987427,0.7362531423568726,0.7946779131889343,0.7021305561065674,0.7897875308990479,0.6884605884552002,0.7818403244018555,0.8008228540420532,0.7872159481048584,0.7455143332481384,0.7802119851112366,0.8095443248748779,0.7881178855895996,0.7521055340766907,0.7727804780006409,0.8386722803115845,0.7792448997497559,0.7659453749656677,0
0.7633792757987976,0.5868260264396667,0.7638248205184937,0.5735690593719482,0.7648101449012756,0.573184072971344,0.765819251537323,0.5726383328437805,0.7611545920372009,0.5740098357200623,0.7601383924484253,0.5740774869918823,0.759003221988678,0.5745902061462402,0.7665433883666992,0.5757351517677307,0.7571953535079956,0.5776880979537964,0.7653311491012573,0.5990081429481506,0.7545449733734131,0.606549859046936,0.7728257775306702,0.6141916513442993,0.7512941360473633,0.6448860168457031,0.7619851231575012,0.7418842911720276,0.7352830171585083,0.7399293184280396,0.7507402896881104,0.8024138808250427,0.7331302165985107,0.8129741549491882,0.7512180209159851,0.8193515539169312,0.7252221703529358,0.8378183245658875,0.749363124370575,0.8109206557273865,0.7278404235839844,0.8306554555892944,0.7494990229606628,0.8062963485717773,0.7318919897079468,0.8201196193695068,0.8208325505256653,0.7303869128227234,0.8086126446723938,0.7598629593849182,0.8274721503257751,0.7835789322853088,0.81294184923172,0.7805294394493103,0.8465613126754761,0.8373655080795288,0.8299922943115234,0.8200157284736633,0.8497846722602844,0.834172248840332,0.8326576948165894,0.8202875256538391,0.8464418053627014,0.8849550485610962,0.8306281566619873,0.8467279672622681,0
0.7612428069114685,0.6030924916267395,0.7619374990463257,0.5885692834854126,0.7635899186134338,0.587896466255188,0.7652467489242554,0.5870748162269592,0.7571486234664917,0.5895087122917175,0.7553281784057617,0.5897049307823181,0.7534278035163879,0.5903385281562805,0.7663406133651733,0.5869965553283691,0.7532209753990173,0.5911755561828613,0.764621376991272,0.6141288876533508,0.7537089586257935,0.6239752173423767,0.7804524898529053,0.6181298494338989,0.7411705255508423,0.6474344730377197,0.7890171408653259,0.6963704228401184,0.728742778301239,0.7414934039115906,0.773520827293396,0.7333835363388062,0.7275173664093018,0.815470814704895,0.7717355489730835,0.74457848072052,0.7186287045478821,0.8387633562088013,0.7678084373474121,0.7331196665763855,0.7240367531776428,0.8381026387214661,0.7684811949729919,0.7308586835861206,0.7280662655830383,0.8275554180145264,0.8223814368247986,0.7105824947357178,0.8018524646759033,0.7372120022773743,0.818880558013916,0.7235958576202393,0.7875285148620605,0.7634457349777222,0.8292616605758667,0.8201276063919067,0.8086884021759033,0.792729914188385,0.8319862484931946,0.8260859251022339,0.8140431046485901,0.7919512391090393,0.8244473934173584,0.872672438621521,0.803646445274353,0.8306959867477417,0
0.7572506070137024,0.6016711592674255,0.7592927813529968,0.5902605652809143,0.7608261108398438,0.5909414291381836,0.7623687982559204,0.5914493799209595,0.7553956508636475,0.5873990058898926,0.7540997266769409,0.5863614678382874,0.7527450323104858,0.5857344269752502,0.7621346712112427,0.5953315496444702,0.7546685338020325,0.5906593799591064,0.7607439756393433,0.6164696216583252,0.7518293857574463,0.6197062730789185,0.7782933712005615,0.6444942355155945,0.7474175691604614,0.6341086626052856,0.7722985148429871,0.7505595088005066,0.729965329170227,0.7413279414176941,0.7548277974128723,0.7838731408119202,0.7279499173164368,0.8201054930686951,0.7524071335792542,0.7924959063529968,0.7198975086212158,0.8457021713256836,0.7505896687507629,0.779606819152832,0.7229949235916138,0.8369360566139221,0.751366138458252,0.7773675322532654,0.7272965908050537,0.8347741365432739,0.8264418840408325,0.7224573493003845,0.808678925037384,0.7239489555358887,0.8166072368621826,0.7719228863716125,0.7889597415924072,0.7312047481536865,0.804222822189331,0.8097154498100281,0.7872970104217529,0.779998242855072,0.8045221567153931,0.8127658367156982,0.7902508974075317,0.7899333238601685,0.7876861691474915,0.8355090618133545,0.7716689109802246,0.7999635934829712,0
0.7557294964790344,0.5942781567573547,0.756320059299469,0.5842532515525818,0.7571564316749573,0.5851597785949707,0.7580065727233887,0.5859269499778748,0.754109799861908,0.5812377333641052,0.7527413368225098,0.5824682116508484,0.7524015307426453,0.579761266708374,0.7597684860229492,0.5897685289382935,0.7545558214187622,0.5856109857559204,0.758147120475769,0.6089392900466919,0.7512850165367126,0.6115193367004395,0.768973171710968,0.6420227885246277,0.7519022822380066,0.6347866058349609,0.7657299041748047,0.7392667531967163,0.7414091229438782,0.7336052656173706,0.7459225058555603,0.7795504927635193,0.7290703058242798,0.8196238279342651,0.7425691485404968,0.790148138999939,0.7238906621932983,0.8425492644309998,0.7413229942321777,0.780203104019165,0.7268581390380859,0.8427409529685974,0.7425932884216309,0.7768871188163757,0.7299423217773438,0.8361489772796631,0.8270742297172546,0.7275779247283936,0.8144418001174927,0.7301914691925049,0.8212949633598328,0.7673529982566833,0.7991901636123657,0.7273821830749512,0.816426157951355,0.829546332359314,0.7973514795303345,0.7941129207611084,0.8162747621536255,0.8348472118377686,0.7993250489234924,0.806776762008667,0.8069247007369995,0.8616727590560913,0.7848172187805176,0.815765380859375,0
0.7520420551300049,0.6112420558929443,0.7485601902008057,0.6026632785797119,0.7480678558349609,0.6038493514060974,0.7476018071174622,0.6048246622085571,0.7494996786117554,0.5988547801971436,0.7496441006660461,0.5972754955291748,0.7497154474258423,0.5961906909942627,0.7461994886398315,0.6094421148300171,0.7492184042930603,0.597315788269043,0.7530875205993652,0.6243101954460144,0.7537909150123596,0.618761420249939,0.7527316212654114,0.6577327251434326,0.7624147534370422,0.6504805088043213,0.7525491118431091,0.7838525176048279,0.7640029191970825,0.739472508430481,0.7392158508300781,0.8245632648468018,0.7449747323989868,0.7875978350639343,0.7368376851081848,0.8335204720497131,0.7400850653648376,0.8020561337471008,0.7380678653717041,0.8258535265922546,0.7387410402297974,0.7997462749481201,0.7388439178466797,0.8223657608032227,0.7400096654891968,0.7947030067443848,0.8282493352890015,0.7508541941642761,0.8317039608955383,0.756699800491333,0.8548128008842468,0.8496402502059937,0.8410958051681519,0.8091864585876465,0.8732210397720337,0.8577220439910889,0.8573363423347473,0.8376402258872986,0.8736671209335327,0.850412905216217,0.8572447299957275,0.8382120132446289,0.8833073973655701,0.88347327709198,0.8667658567428589,0.8508977890014648,0
0.7482050061225891,0.6204507946968079,0.747402548789978,0.6089460849761963,0.7476637363433838,0.6100422739982605,0.7479349970817566,0.610967755317688,0.7467817664146423,0.6048610210418701,0.746606707572937,0.6028519868850708,0.7463736534118652,0.6013683080673218,0.7522856593132019,0.6115404367446899,0.7474713325500488,0.6007488965988159,0.7507452964782715,0.6344869136810303,0.7495633959770203,0.6290022134780884,0.7599890232086182,0.6724439263343811,0.7599753141403198,0.6598173379898071,0.7619069218635559,0.8017019629478455,0.756485104560852,0.7290525436401367,0.7391782999038696,0.8284137845039368,0.7356137037277222,0.7889681458473206,0.7338510155677795,0.8325960040092468,0.7290124297142029,0.8053019642829895,0.7348023056983948,0.8220421075820923,0.7295278310775757,0.8057138323783875,0.7362295389175415,0.8217331171035767,0.7317710518836975,0.7993907332420349,0.8282707929611206,0.7516872882843018,0.8289257884025574,0.7600695490837097,0.8514232635498047,0.830909788608551,0.8509851694107056,0.8120425939559937,0.8991584181785583,0.8572903871536255,0.8987907767295837,0.8650598526000977,0.9037167429924011,0.8519968390464783,0.9037847518920898,0.8678891062736511,0.9180947542190552,0.8927006125450134,0.9164676666259766,0.8862671256065369,0
0.7530698180198669,0.6436762809753418,0.7610162496566772,0.6211004853248596,0.7632587552070618,0.6216649413108826,0.7654839754104614,0.6220670938491821,0.7553329467773438,0.6166205406188965,0.7535300254821777,0.6145522594451904,0.7516911029815674,0.6129142642021179,0.7688218355178833,0.6115965247154236,0.7521384954452515,0.6046013832092285,0.757927417755127,0.647993803024292,0.7523364424705505,0.6458383202552795,0.7921417355537415,0.6560862064361572,0.7430152893066406,0.6259015202522278,0.7898189425468445,0.7805127501487732,0.7231957912445068,0.7182808518409729,0.7669931054115295,0.8213294744491577,0.7294588685035706,0.8133293390274048,0.764173686504364,0.8334231972694397,0.7225621342658997,0.8324700593948364,0.758725106716156,0.814115583896637,0.7235962152481079,0.8303524851799011,0.7595452070236206,0.8099850416183472,0.7291126847267151,0.8212965726852417,0.8255994915962219,0.6963580846786499,0.8012498021125793,0.6949563026428223,0.8203921914100647,0.7785024046897888,0.7926216721534729,0.7443507313728333,0.8455063104629517,0.8357139229774475,0.8169577121734619,0.7976492643356323,0.8516082763671875,0.8365230560302734,0.8222009539604187,0.8026082515716553,0.8368193507194519,0.8837716579437256,0.8139316439628601,0.8327177166938782,0
0.7670348286628723,0.6315149664878845,0.7669751644134521,0.61590576171875,0.7685350179672241,0.6146179437637329,0.7701054811477661,0.6131800413131714,0.7621759176254272,0.6170953512191772,0.7602850794792175,0.6168707609176636,0.7583423852920532,0.6170675158500671,0.7672850489616394,0.609445333480835,0.7548211216926575,0.6171484589576721,0.7643726468086243,0.6482656002044678,0.7585302591323853,0.6468501091003418,0.7870505452156067,0.6256040334701538,0.7429634928703308,0.6529535055160522,0.7956209778785706,0.7244207859039307,0.7313526272773743,0.7532442212104797,0.7720547914505005,0.7418135404586792,0.7291365265846252,0.8141183853149414,0.7676378488540649,0.7473417520523071,0.7216709852218628,0.8386648893356323,0.7629697322845459,0.7286619544029236,0.7243237495422363,0.8305420279502869,0.7643727660179138,0.7283105850219727,0.7297455668449402,0.8213159441947937,0.8291018009185791,0.7037344574928284,0.8045763373374939,0.7268086075782776,0.8342661261558533,0.7935938239097595,0.7909592986106873,0.7662094831466675,0.8643514513969421,0.8742146492004395,0.8274334669113159,0.8238027691841125,0.8693012595176697,0.87625652551651,0.8341088891029358,0.826762318611145,0.8620746731758118,0.9377257823944092,0.8290154933929443,0.8679782748222351,0
0.7533663511276245,0.6406738758087158,0.7615357041358948,0.6257920861244202,0.7635546922683716,0.6256148219108582,0.7655650973320007,0.6252686381340027,0.7563952803611755,0.6235088109970093,0.7548240423202515,0.6220412850379944,0.7531995177268982,0.6209681630134583,0.769222617149353,0.6172118782997131,0.75331050157547,0.6123893857002258,0.7574463486671448,0.6518792510032654,0.7519935369491577,0.6500996351242065,0.7899256944656372,0.6426056623458862,0.7437148690223694,0.6372389793395996,0.7866367101669312,0.7486597895622253,0.7242767810821533,0.7416841387748718,0.7698193192481995,0.7905793190002441,0.7280523777008057,0.8285949230194092,0.7683634161949158,0.8023509383201599,0.721841037273407,0.8441245555877686,0.7632272243499756,0.7879400253295898,0.7241777777671814,0.8427339196205139,0.7639428377151489,0.7841308116912842,0.7276414632797241,0.8352726697921753,0.823239266872406,0.6947339177131653,0.8003763556480408,0.7047766447067261,0.8118734359741211,0.8046286106109619,0.7938913702964783,0.7925056219100952,0.8435688614845276,0.8378522396087646,0.8246414065361023,0.818938136100769,0.8489474654197693,0.8288414478302002,0.8290401697158813,0.814129650592804,0.8419959545135498,0.8913468718528748,0.8285828828811646,0.8628782629966736,0
0.77715665102005,0.6372340321540833,0.7754853963851929,0.626929759979248,0.7761338949203491,0.6256082057952881,0.776591420173645,0.6242510676383972,0.7732645869255066,0.6266933083534241,0.7714089155197144,0.6276665329933167,0.7695196270942688,0.6289962530136108,0.7752668261528015,0.6050177812576294,0.7617293000221252,0.6250727772712708,0.7761707901954651,0.6428337097167969,0.7687903046607971,0.6492352485656738,0.7815176844596863,0.6029080748558044,0.7418918013572693,0.665973424911499,0.7956772446632385,0.5874339938163757,0.724164605140686,0.7428585886955261,0.7992268800735474,0.621452808380127,0.7294273972511292,0.8199286460876465,0.8018139004707336,0.6372168064117432,0.7225372791290283,0.8438898921012878,0.796958327293396,0.6376399993896484,0.7261328101158142,0.8378632664680481,0.7961305975914001,0.6373511552810669,0.728630781173706,0.8331243991851807,0.8073351979255676,0.6774613857269287,0.7854121923446655,0.7105979919433594,0.8215239644050598,0.7655524611473083,0.7866024971008301,0.7908165454864502,0.8268170952796936,0.8002873063087463,0.8054460883140564,0.7939625978469849,0.8270097374916077,0.7961239814758301,0.8091449737548828,0.7897313833236694,0.8253761529922485,0.8475098609924316,0.8052293062210083,0.8287326097488403,0
0.7693766951560974,0.639115035533905,0.7709231376647949,0.6268057823181152,0.7722402215003967,0.6263732314109802,0.7735567092895508,0.6257839202880859,0.766546905040741,0.6267815232276917,0.7647749185562134,0.6261060833930969,0.762965202331543,0.6258149147033691,0.7725327014923096,0.6183151602745056,0.7578065991401672,0.6212136745452881,0.7667921185493469,0.6491237282752991,0.7608489990234375,0.6477734446525574,0.7839140295982361,0.6315661072731018,0.7403209805488586,0.6544612050056458,0.7931799292564392,0.6648837924003601,0.7219530344009399,0.734115719795227,0.7911642789840698,0.6790412664413452,0.7284625768661499,0.8131134510040283,0.7921758890151978,0.6827079057693481,0.7211716175079346,0.8385360836982727,0.7892294526100159,0.6732313632965088,0.7241234183311462,0.8313958644866943,0.7884098291397095,0.6727313995361328,0.7281318306922913,0.821847677230835,0.8072625398635864,0.6841943264007568,0.7856179475784302,0.7048514485359192,0.8180637359619141,0.7467053532600403,0.7922686338424683,0.7415919303894043,0.8300336599349976,0.8088011741638184,0.8095496296882629,0.7965542674064636,0.8323106169700623,0.8116366863250732,0.8132187128067017,0.8034998774528503,0.8241953253746033,0.8581803441047668,0.807167649269104,0.8339288234710693,0
0.7665689587593079,0.6409986615180969,0.7673397064208984,0.6280712485313416,0.7687638401985168,0.6270907521247864,0.7701895833015442,0.625935435295105,0.7628597617149353,0.6288851499557495,0.761099636554718,0.6284899711608887,0.7592940926551819,0.6285051703453064,0.7699363827705383,0.6164721250534058,0.7548832893371582,0.6224806308746338,0.7638161182403564,0.6488974690437317,0.7566632032394409,0.6541891098022461,0.7849870324134827,0.6209595203399658,0.7402207255363464,0.6507098078727722,0.799690842628479,0.634170651435852,0.7230215072631836,0.7308432459831238,0.7920531630516052,0.6638403534889221,0.7276360988616943,0.819159209728241,0.7916194796562195,0.6730111837387085,0.7214313745498657,0.838280975818634,0.7920738458633423,0.6583438515663147,0.7240570783615112,0.8366813063621521,0.7864354252815247,0.6575733423233032,0.7278298139572144,0.8279299139976501,0.8143635392189026,0.6863413453102112,0.7906161546707153,0.7060551047325134,0.8188582062721252,0.7494972944259644,0.7818808555603027,0.7441847920417786,0.8330831527709961,0.8287621140480042,0.808377206325531,0.8006237745285034,0.8368353843688965,0.8347217440605164,0.8145333528518677,0.8058862686157227,0.8251688480377197,0.87997967004776,0.8052532076835632,0.8438834547996521,0
0.7693573832511902,0.6390547752380371,0.7719560861587524,0.6259885430335999,0.7736209034919739,0.6252051591873169,0.7729731798171997,0.6326323747634888,0.7666307091712952,0.6269150972366333,0.7645995616912842,0.6264591217041016,0.7625346183776855,0.6263872981071472,0.7748919725418091,0.6140592098236084,0.7572974562644958,0.6205839514732361,0.7669123411178589,0.6508923172950745,0.7599422931671143,0.6501996517181396,0.7878920435905457,0.6199406981468201,0.7373514175415039,0.6490355134010315,0.7986165285110474,0.6439564228057861,0.7236031293869019,0.7479093670845032,0.7902408838272095,0.6803833842277527,0.7278270125389099,0.8202943801879883,0.789686918258667,0.6906365156173706,0.7226982116699219,0.8388441205024719,0.7852611541748047,0.6803185343742371,0.7263363599777222,0.8329870104789734,0.7849157452583313,0.6772170662879944,0.7286525964736938,0.8288218975067139,0.8049730658531189,0.6642096042633057,0.7785395979881287,0.6845045685768127,0.8077043890953064,0.7458701133728027,0.7679854035377502,0.7415817379951477,0.806346595287323,0.796435534954071,0.7844521999359131,0.7788877487182617,0.8070168495178223,0.8014029264450073,0.7895603179931641,0.7833207845687866,0.7951675057411194,0.8351810574531555,0.777546763420105,0.8092001080513,0
0.7586701512336731,0.64352947473526,0.7611391544342041,0.6301361322402954,0.7631825804710388,0.6300695538520813,0.765217125415802,0.6298066973686218,0.7553988695144653,0.6273821592330933,0.7533656358718872,0.6258017420768738,0.7513028979301453,0.6246388554573059,0.767600953578949,0.6216811537742615,0.7487486600875854,0.616095244884491,0.762942910194397,0.6523778438568115,0.7518255710601807,0.6553606390953064,0.7879669666290283,0.6438650488853455,0.7352963089942932,0.6402791738510132,0.7950250506401062,0.7089587450027466,0.7212445735931396,0.7395078539848328,0.7828832268714905,0.7480812668800354,0.7299721240997314,0.8128674030303955,0.7821852564811707,0.7599457502365112,0.7254701852798462,0.8318414092063904,0.776469349861145,0.7454366683959961,0.727144718170166,0.8232282400131226,0.7766388654708862,0.7411397099494934,0.7307659983634949,0.82015061378479,0.8179680705070496,0.6844101548194885,0.7927471399307251,0.694022536277771,0.8113183975219727,0.7568714022636414,0.7844473719596863,0.7343940138816833,0.8287229537963867,0.8299739956855774,0.8055724501609802,0.800786018371582,0.8329901099205017,0.836806058883667,0.810543954372406,0.8083308339118958,0.8195151686668396,0.8801083564758301,0.802541971206665,0.8412694334983826,0
0.7581667900085449,0.6423225998878479,0.7600659132003784,0.6302594542503357,0.7619709372520447,0.6301429271697998,0.7638660669326782,0.6298344135284424,0.7547162175178528,0.628614604473114,0.7528366446495056,0.627540647983551,0.7509204149246216,0.6268627643585205,0.7660176157951355,0.6247968673706055,0.7485305666923523,0.6220631003379822,0.7621543407440186,0.6518879532814026,0.7516626119613647,0.6543415784835815,0.785006582736969,0.6459175944328308,0.7372562885284424,0.6528805494308472,0.7935073375701904,0.6958383917808533,0.7249047160148621,0.7508566975593567,0.7834091186523438,0.7194689512252808,0.7282240986824036,0.8158643841743469,0.782709002494812,0.7259805202484131,0.7236940264701843,0.8341121077537537,0.7790455222129822,0.7125573754310608,0.7272549867630005,0.8259526491165161,0.778875470161438,0.7118262052536011,0.7290140390396118,0.8235626816749573,0.8176926970481873,0.7023128271102905,0.7928164601325989,0.7136721014976501,0.8139591813087463,0.7801777720451355,0.7701526284217834,0.7639013528823853,0.823311984539032,0.8645492196083069,0.7898977994918823,0.816112220287323,0.8267673850059509,0.8734521865844727,0.7957931756973267,0.8226568102836609,0.8094058036804199,0.9107000827789307,0.7808146476745605,0.8525068759918213,0
0.7621135115623474,0.6501035094261169,0.7633336186408997,0.6356092691421509,0.7648539543151855,0.6345567107200623,0.7663732767105103,0.6333240270614624,0.7585948705673218,0.6361311078071594,0.7568051218986511,0.6353970766067505,0.7549835443496704,0.6351140737533569,0.7663891911506653,0.6210739612579346,0.7506442070007324,0.6265284419059753,0.7600642442703247,0.6595299243927002,0.7538892030715942,0.6571537256240845,0.7828847169876099,0.621329665184021,0.7353270053863525,0.6580671072006226,0.7973800897598267,0.6247853636741638,0.722265362739563,0.7465068697929382,0.7925543189048767,0.6596060991287231,0.7276920080184937,0.8208006620407104,0.793038547039032,0.6690062880516052,0.7217673063278198,0.8442909717559814,0.7912119626998901,0.6549314856529236,0.7256749868392944,0.8384280204772949,0.7902045845985413,0.6569785475730896,0.729104220867157,0.8357285857200623,0.8123736381530762,0.6754365563392639,0.7888363599777222,0.7017915844917297,0.8130064010620117,0.7491175532341003,0.7910207509994507,0.7639560699462891,0.8267766237258911,0.8092291355133057,0.8056155443191528,0.8024041652679443,0.8300591111183167,0.8108505010604858,0.8092219233512878,0.8053858280181885,0.8194830417633057,0.8625330328941345,0.8026773929595947,0.8431336879730225,0
0.0,0.0,0.0,0.0,0.0,0.0,0.0,0.0,0.0,0.0,0.0,0.0,0.0,0.0,0.0,0.0,0.0,0.0,0.0,0.0,0.0,0.0,0.0,0.0,0.0,0.0,0.0,0.0,0.0,0.0,0.0,0.0,0.0,0.0,0.0,0.0,0.0,0.0,0.0,0.0,0.0,0.0,0.0,0.0,0.0,0.0,0.0,0.0,0.0,0.0,0.0,0.0,0.0,0.0,0.0,0.0,0.0,0.0,0.0,0.0,0.0,0.0,0.0,0.0,0.0,0.0,0
0.7655783295631409,0.6342318654060364,0.7684221863746643,0.6217362880706787,0.7699667811393738,0.6209484338760376,0.7714999318122864,0.620035707950592,0.7637391686439514,0.6228068470954895,0.7619873285293579,0.6225594878196716,0.7602177262306213,0.6226505637168884,0.7716322541236877,0.6115062832832336,0.7561590671539307,0.618126392364502,0.7675914168357849,0.6406794190406799,0.7625252604484558,0.6410027742385864,0.7836427092552185,0.622802734375,0.7389893531799316,0.6456105709075928,0.7932617664337158,0.6813737750053406,0.7264450788497925,0.7490071654319763,0.7930203676223755,0.7434185743331909,0.7287203073501587,0.8175256252288818,0.7956956028938293,0.7588058114051819,0.722148597240448,0.8386372923851013,0.7903566360473633,0.7531258463859558,0.7242974638938904,0.8326372504234314,0.7887111306190491,0.7473815679550171,0.7275098562240601,0.8284215331077576,0.7974414825439453,0.6519341468811035,0.7734025120735168,0.6714287400245667,0.8100597262382507,0.7196494340896606,0.7703883647918701,0.7436045408248901,0.7999244332313538,0.771638035774231,0.7852694988250732,0.7658244967460632,0.7991856336593628,0.773642897605896,0.789721667766571,0.7646889090538025,0.7872807383537292,0.8224191665649414,0.7786437273025513,0.802693247795105,0
0.767665684223175,0.6340834498405457,0.7687993049621582,0.6193613409996033,0.770002543926239,0.6177942752838135,0.7711990475654602,0.6161438226699829,0.7648371458053589,0.622218668460846,0.7632787227630615,0.6224815249443054,0.761682391166687,0.6230819821357727,0.7704904079437256,0.6065787076950073,0.7571489810943604,0.6185460090637207,0.7692666053771973,0.6384864449501038,0.7611514925956726,0.6503108143806458,0.7803568840026855,0.6108080148696899,0.7431148886680603,0.661003589630127,0.7936474084854126,0.6115124225616455,0.7254201769828796,0.7436457872390747,0.7905246615409851,0.666278600692749,0.7278918027877808,0.8268425464630127,0.7918464541435242,0.6812143325805664,0.721291184425354,0.8494847416877747,0.7873384356498718,0.6779553294181824,0.7232486605644226,0.847671389579773,0.7865816354751587,0.6733214259147644,0.7262974977493286,0.8395196199417114,0.8020796179771423,0.6722215414047241,0.7818040251731873,0.703491747379303,0.8116419315338135,0.7830832600593567,0.7807332277297974,0.811352550983429,0.8318868279457092,0.8107160329818726,0.8065339922904968,0.7865089774131775,0.8338926434516907,0.8041616082191467,0.8091932535171509,0.7737542390823364,0.8332216143608093,0.8570245504379272,0.8121029734611511,0.8193499445915222,0
0.7734533548355103,0.619881808757782,0.7727979421615601,0.6039166450500488,0.7734127640724182,0.6006049513816833,0.7740177512168884,0.5972740650177002,0.7699719071388245,0.6124165058135986,0.7685720324516296,0.6147961020469666,0.7671344876289368,0.6174430251121521,0.7710916996002197,0.5859837532043457,0.7609919309616089,0.6166368722915649,0.7735143899917603,0.619508683681488,0.7701411247253418,0.6288203001022339,0.7756848931312561,0.5792292356491089,0.7469528913497925,0.6673441529273987,0.7903721928596497,0.5550136566162109,0.7273247838020325,0.743463397026062,0.8007570505142212,0.6241609454154968,0.7282636761665344,0.8166384696960449,0.8038158416748047,0.6329017281532288,0.7222856283187866,0.8376506567001343,0.8006129860877991,0.638638973236084,0.7236647009849548,0.8375688195228577,0.7979377508163452,0.6345478892326355,0.7270538806915283,0.8290895819664001,0.7988882064819336,0.6604865789413452,0.781603991985321,0.7024004459381104,0.8178001642227173,0.738152265548706,0.7920076847076416,0.7925317287445068,0.8091577887535095,0.7481551766395569,0.7982501983642578,0.7617717385292053,0.8065446615219116,0.7437087893486023,0.7987286448478699,0.7517256140708923,0.810723066329956,0.7838658094406128,0.8010627627372742,0.7863077521324158,0
0.768648624420166,0.6210072636604309,0.7669930458068848,0.612747311592102,0.7694149613380432,0.6032443046569824,0.7694368362426758,0.6030459403991699,0.7643328905105591,0.6134006977081299,0.7627813816070557,0.614722728729248,0.7611855268478394,0.6163617372512817,0.7676693797111511,0.59490567445755,0.7551418542861938,0.6161860227584839,0.7698860764503479,0.6239527463912964,0.765788197517395,0.6292964816093445,0.7754587531089783,0.5893039107322693,0.7419491410255432,0.6603327393531799,0.7882393002510071,0.5581254363059998,0.7251906991004944,0.7329854965209961,0.7979775667190552,0.6199749708175659,0.7266110181808472,0.8241549134254456,0.800433874130249,0.6342712640762329,0.7212414741516113,0.8451700806617737,0.7943122982978821,0.6423004865646362,0.7233117818832397,0.8394857048988342,0.7937344908714294,0.6417291164398193,0.72645503282547,0.8325252532958984,0.7966766357421875,0.6593499779701233,0.7768900990486145,0.6956219673156738,0.7991897463798523,0.7183822393417358,0.7626219391822815,0.7481368184089661,0.7904159426689148,0.790245771408081,0.7681692838668823,0.7716764807701111,0.7895373702049255,0.7947230339050293,0.7705642580986023,0.7728036046028137,0.781130313873291,0.8336944580078125,0.7619563341140747,0.7971908450126648,0
0.7680671811103821,0.609318733215332,0.7690507769584656,0.5969572067260742,0.7699743509292603,0.5961228013038635,0.770901620388031,0.5951653718948364,0.7657524347305298,0.5985018014907837,0.7643474340438843,0.5985185503959656,0.7628772258758545,0.5988885164260864,0.7695892453193665,0.5895814895629883,0.7582916617393494,0.5965977311134338,0.7687315344810486,0.6157406568527222,0.7649750113487244,0.616868793964386,0.7756150960922241,0.6052470207214355,0.7435152530670166,0.6374319791793823,0.7780330181121826,0.6378310322761536,0.725835382938385,0.718870997428894,0.7670480012893677,0.7010142803192139,0.7279809713363647,0.8208047747612,0.7661096453666687,0.7206323146820068,0.7207152843475342,0.8433593511581421,0.7637068629264832,0.7146756649017334,0.7224937677383423,0.8416312336921692,0.7640265226364136,0.7079826593399048,0.7276454567909241,0.8319169282913208,0.80448317527771,0.681215226650238,0.7848536968231201,0.700775682926178,0.7965599298477173,0.7946653962135315,0.7700263261795044,0.7773786187171936,0.8210642337799072,0.7986243963241577,0.795926034450531,0.7506949305534363,0.8221962451934814,0.7932207584381104,0.7991207838058472,0.7403573393821716,0.8230904340744019,0.8267010450363159,0.8014326691627502,0.7711317539215088,0
0.7428519129753113,0.6156973838806152,0.7455434203147888,0.60374516248703,0.7470946311950684,0.6044098138809204,0.7486429810523987,0.6049167513847351,0.7426533102989197,0.5983080863952637,0.7421293258666992,0.595755934715271,0.7415409088134766,0.5936093330383301,0.7544956803321838,0.5959128737449646,0.7460736632347107,0.5867626667022705,0.7466138601303101,0.6251623630523682,0.7425782680511475,0.6235840916633606,0.7740822434425354,0.6598566770553589,0.753014862537384,0.613553524017334,0.7644780874252319,0.772777795791626,0.7312284111976624,0.7197690010070801,0.7450926899909973,0.8414453268051147,0.7310550212860107,0.8181483149528503,0.7407253384590149,0.8552019596099854,0.7242619395256042,0.8350818157196045,0.7368855476379395,0.8418153524398804,0.7246705293655396,0.8341569900512695,0.7390586137771606,0.8366068601608276,0.7275898456573486,0.8302580714225769,0.827655017375946,0.7173542976379395,0.8132057785987854,0.6988093852996826,0.797377347946167,0.839543342590332,0.7779403924942017,0.7849247455596924,0.8392004370689392,0.8494911789894104,0.816342294216156,0.7955325841903687,0.8467020988464355,0.8376752138137817,0.8227213621139526,0.7901366353034973,0.8379632830619812,0.88649582862854,0.8183567523956299,0.8258116841316223,0
0.7798153758049011,0.5942997932434082,0.7787842154502869,0.575400710105896,0.7785611152648926,0.5744729042053223,0.7781227231025696,0.5736172795295715,0.7759658694267273,0.5835877656936646,0.7726206183433533,0.5912847518920898,0.7716071009635925,0.5913070440292358,0.7718948721885681,0.5706057548522949,0.7609862685203552,0.5896241664886475,0.7784724235534668,0.6082946062088013,0.7724956274032593,0.6149969100952148,0.7769388556480408,0.5736122727394104,0.7441238164901733,0.6541569828987122,0.7902237772941589,0.5690205097198486,0.7268863320350647,0.7270467877388,0.7990818619728088,0.6285786628723145,0.7303351759910583,0.8160586357116699,0.8026277422904968,0.6351232528686523,0.7238537669181824,0.8391885757446289,0.8011068105697632,0.6364634037017822,0.7264649868011475,0.8389920592308044,0.8004062175750732,0.6362206935882568,0.7302072048187256,0.8300297856330872,0.8164899945259094,0.7054876089096069,0.8001831769943237,0.750989556312561,0.836082935333252,0.7090005874633789,0.8217996954917908,0.7779536843299866,0.821113109588623,0.782382607460022,0.8198843598365784,0.7774500250816345,0.8182309865951538,0.794259786605835,0.817410945892334,0.7779915928840637,0.818576455116272,0.812572717666626,0.8229483366012573,0.7958669662475586,0
0.778199315071106,0.591672956943512,0.7780949473381042,0.5733412504196167,0.7783695459365845,0.5720857977867126,0.7801368236541748,0.5667165517807007,0.7746888399124146,0.5795303583145142,0.7719671726226807,0.583676278591156,0.7710989713668823,0.5836566090583801,0.776674211025238,0.5578051805496216,0.7625979781150818,0.5752532482147217,0.777877151966095,0.5931346416473389,0.7730064988136292,0.5953893661499023,0.7788566946983337,0.5498669147491455,0.7357391119003296,0.621780276298523,0.7921380996704102,0.569449245929718,0.723809540271759,0.7154057621955872,0.8031260967254639,0.6260347962379456,0.7298609614372253,0.8095117807388306,0.806925356388092,0.6337227821350098,0.7244112491607666,0.8317686319351196,0.8049144148826599,0.6353935599327087,0.7280825972557068,0.8311944007873535,0.802268922328949,0.638001024723053,0.731667160987854,0.8218775391578674,0.7898643016815186,0.6673280000686646,0.7681269645690918,0.7074571251869202,0.8161174654960632,0.6961053609848022,0.7851394414901733,0.7577657699584961,0.7813608646392822,0.766220211982727,0.7776767015457153,0.7586098909378052,0.7734330892562866,0.7670027613639832,0.7737502455711365,0.7511904239654541,0.7787396907806396,0.8145051002502441,0.7818931937217712,0.7966464161872864,0
0.7791818380355835,0.5764960050582886,0.7804693579673767,0.5596426129341125,0.7809504866600037,0.5574605464935303,0.7822056412696838,0.553280770778656,0.7766607403755188,0.5659514665603638,0.7756304144859314,0.5657763481140137,0.7719743847846985,0.5658943057060242,0.7778468728065491,0.5447174310684204,0.7646322250366211,0.5601131916046143,0.7795260548591614,0.5773289203643799,0.7748634815216064,0.5835567712783813,0.7842516303062439,0.5542817711830139,0.7374233603477478,0.6102821230888367,0.7930334210395813,0.6024265885353088,0.7244918942451477,0.6979086399078369,0.8004553318023682,0.6248354315757751,0.7298862338066101,0.8082796931266785,0.8019998073577881,0.6377235054969788,0.7257847785949707,0.8300735950469971,0.8027907609939575,0.6352475881576538,0.7288781404495239,0.829725980758667,0.8022328019142151,0.6339471340179443,0.7321293950080872,0.8205204010009766,0.7924440503120422,0.6789400577545166,0.7712158560752869,0.7180866003036499,0.8197169899940491,0.6967319250106812,0.8021995425224304,0.7957079410552979,0.8134491443634033,0.7693182229995728,0.7932144403457642,0.7524398565292358,0.8095108270645142,0.7775005102157593,0.7881677150726318,0.7404474020004272,0.8187656998634338,0.8050894737243652,0.8003606796264648,0.768035352230072,0
0.7790231108665466,0.5736479759216309,0.7804934978485107,0.5583863854408264,0.7818195223808289,0.5562089085578918,0.7831570506095886,0.5539590120315552,0.7757066488265991,0.5603002309799194,0.7744321823120117,0.5602904558181763,0.7713246941566467,0.5633915066719055,0.7779489755630493,0.5375247597694397,0.762974739074707,0.5520453453063965,0.7790923714637756,0.5737456679344177,0.7738890051841736,0.5763012170791626,0.7866237163543701,0.5507928729057312,0.7377269268035889,0.5960618853569031,0.7969610095024109,0.5976483821868896,0.7243205904960632,0.6944370865821838,0.8074367046356201,0.6406996846199036,0.7297365069389343,0.8051191568374634,0.811569333076477,0.6505197882652283,0.725488007068634,0.8260665535926819,0.8102608323097229,0.6501057744026184,0.729353666305542,0.8295502066612244,0.8079441785812378,0.6431814432144165,0.7319437265396118,0.8200133442878723,0.7916437387466431,0.6709100008010864,0.7664740085601807,0.6979987621307373,0.8141555190086365,0.6956428289413452,0.7776190042495728,0.7309566140174866,0.7798445224761963,0.7722535729408264,0.7742491960525513,0.7523007988929749,0.7724753618240356,0.7751354575157166,0.7716346979141235,0.7496331334114075,0.7754266858100891,0.817319393157959,0.7775330543518066,0.7879379987716675,0
0.777726948261261,0.5660449266433716,0.7778611779212952,0.5525906682014465,0.7800350189208984,0.5478358864784241,0.7809402346611023,0.5446165800094604,0.7732918858528137,0.5575382709503174,0.772016704082489,0.55682772397995,0.7706480026245117,0.5558956861495972,0.7787072658538818,0.5324424505233765,0.7624760270118713,0.5450963377952576,0.7781856656074524,0.5647421479225159,0.773219108581543,0.5695152282714844,0.7847585678100586,0.5328640937805176,0.7417440414428711,0.5838289260864258,0.792467474937439,0.5749397873878479,0.7266294360160828,0.684443473815918,0.8030276894569397,0.6267059445381165,0.7311662435531616,0.8027913570404053,0.807652473449707,0.6373009085655212,0.7260230779647827,0.8306071758270264,0.8070166707038879,0.6372713446617126,0.7302525639533997,0.8304991722106934,0.8058667778968811,0.6372705698013306,0.7346426844596863,0.8180587291717529,0.7875508666038513,0.6751046180725098,0.764430820941925,0.7048693895339966,0.820412278175354,0.6850290894508362,0.7854194045066833,0.7341854572296143,0.7860293388366699,0.7697781324386597,0.775461733341217,0.7608764171600342,0.7757883667945862,0.7728099226951599,0.7715173959732056,0.7552149891853333,0.782277524471283,0.803440511226654,0.7795671820640564,0.7990221977233887,0
0.779923141002655,0.5533041954040527,0.7800454497337341,0.535646915435791,0.7817480564117432,0.531812846660614,0.7825601100921631,0.5286551117897034,0.7755377888679504,0.5400651693344116,0.7743589878082275,0.5392333269119263,0.7731290459632874,0.5382286906242371,0.7792176604270935,0.5184410810470581,0.7655599117279053,0.5337192416191101,0.7797521352767944,0.5541561245918274,0.7751284837722778,0.558107852935791,0.7840332984924316,0.5358325839042664,0.7464640140533447,0.5905385613441467,0.7940013408660889,0.5818132758140564,0.7302857041358948,0.6921459436416626,0.8030200004577637,0.6336108446121216,0.7326038479804993,0.810461163520813,0.8106871843338013,0.6406077146530151,0.7264958024024963,0.8347065448760986,0.8095391392707825,0.6413031816482544,0.7308259010314941,0.8343818783760071,0.8088102340698242,0.6423547267913818,0.7349662780761719,0.823927104473114,0.7906339168548584,0.6983370780944824,0.7731830477714539,0.7262659668922424,0.8201640844345093,0.7126970291137695,0.810836911201477,0.7474490404129028,0.7878477573394775,0.7646803259849548,0.789930522441864,0.7433162927627563,0.7809334397315979,0.7667160034179688,0.7839534878730774,0.729954183101654,0.7880997657775879,0.793256402015686,0.7936162948608398,0.7756979465484619,0
