kp0_x,kp0_y,kp1_x,kp1_y,kp2_x,kp2_y,kp3_x,kp3_y,kp4_x,kp4_y,kp5_x,kp5_y,kp6_x,kp6_y,kp7_x,kp7_y,kp8_x,kp8_y,kp9_x,kp9_y,kp10_x,kp10_y,kp11_x,kp11_y,kp12_x,kp12_y,kp13_x,kp13_y,kp14_x,kp14_y,kp15_x,kp15_y,kp16_x,kp16_y,kp17_x,kp17_y,kp18_x,kp18_y,kp19_x,kp19_y,kp20_x,kp20_y,kp21_x,kp21_y,kp22_x,kp22_y,kp23_x,kp23_y,kp24_x,kp24_y,kp25_x,kp25_y,kp26_x,kp26_y,kp27_x,kp27_y,kp28_x,kp28_y,kp29_x,kp29_y,kp30_x,kp30_y,kp31_x,kp31_y,kp32_x,kp32_y,label
0.0,0.0,0.0,0.0,0.0,0.0,0.0,0.0,0.0,0.0,0.0,0.0,0.0,0.0,0.0,0.0,0.0,0.0,0.0,0.0,0.0,0.0,0.0,0.0,0.0,0.0,0.0,0.0,0.0,0.0,0.0,0.0,0.0,0.0,0.0,0.0,0.0,0.0,0.0,0.0,0.0,0.0,0.0,0.0,0.0,0.0,0.0,0.0,0.0,0.0,0.0,0.0,0.0,0.0,0.0,0.0,0.0,0.0,0.0,0.0,0.0,0.0,0.0,0.0,0.0,0.0,0
0.0,0.0,0.0,0.0,0.0,0.0,0.0,0.0,0.0,0.0,0.0,0.0,0.0,0.0,0.0,0.0,0.0,0.0,0.0,0.0,0.0,0.0,0.0,0.0,0.0,0.0,0.0,0.0,0.0,0.0,0.0,0.0,0.0,0.0,0.0,0.0,0.0,0.0,0.0,0.0,0.0,0.0,0.0,0.0,0.0,0.0,0.0,0.0,0.0,0.0,0.0,0.0,0.0,0.0,0.0,0.0,0.0,0.0,0.0,0.0,0.0,0.0,0.0,0.0,0.0,0.0,0
0.0,0.0,0.0,0.0,0.0,0.0,0.0,0.0,0.0,0.0,0.0,0.0,0.0,0.0,0.0,0.0,0.0,0.0,0.0,0.0,0.0,0.0,0.0,0.0,0.0,0.0,0.0,0.0,0.0,0.0,0.0,0.0,0.0,0.0,0.0,0.0,0.0,0.0,0.0,0.0,0.0,0.0,0.0,0.0,0.0,0.0,0.0,0.0,0.0,0.0,0.0,0.0,0.0,0.0,0.0,0.0,0.0,0.0,0.0,0.0,0.0,0.0,0.0,0.0,0.0,0.0,0
0.0,0.0,0.0,0.0,0.0,0.0,0.0,0.0,0.0,0.0,0.0,0.0,0.0,0.0,0.0,0.0,0.0,0.0,0.0,0.0,0.0,0.0,0.0,0.0,0.0,0.0,0.0,0.0,0.0,0.0,0.0,0.0,0.0,0.0,0.0,0.0,0.0,0.0,0.0,0.0,0.0,0.0,0.0,0.0,0.0,0.0,0.0,0.0,0.0,0.0,0.0,0.0,0.0,0.0,0.0,0.0,0.0,0.0,0.0,0.0,0.0,0.0,0.0,0.0,0.0,0.0,0
0.0,0.0,0.0,0.0,0.0,0.0,0.0,0.0,0.0,0.0,0.0,0.0,0.0,0.0,0.0,0.0,0.0,0.0,0.0,0.0,0.0,0.0,0.0,0.0,0.0,0.0,0.0,0.0,0.0,0.0,0.0,0.0,0.0,0.0,0.0,0.0,0.0,0.0,0.0,0.0,0.0,0.0,0.0,0.0,0.0,0.0,0.0,0.0,0.0,0.0,0.0,0.0,0.0,0.0,0.0,0.0,0.0,0.0,0.0,0.0,0.0,0.0,0.0,0.0,0.0,0.0,0
0.0,0.0,0.0,0.0,0.0,0.0,0.0,0.0,0.0,0.0,0.0,0.0,0.0,0.0,0.0,0.0,0.0,0.0,0.0,0.0,0.0,0.0,0.0,0.0,0.0,0.0,0.0,0.0,0.0,0.0,0.0,0.0,0.0,0.0,0.0,0.0,0.0,0.0,0.0,0.0,0.0,0.0,0.0,0.0,0.0,0.0,0.0,0.0,0.0,0.0,0.0,0.0,0.0,0.0,0.0,0.0,0.0,0.0,0.0,0.0,0.0,0.0,0.0,0.0,0.0,0.0,0
0.0,0.0,0.0,0.0,0.0,0.0,0.0,0.0,0.0,0.0,0.0,0.0,0.0,0.0,0.0,0.0,0.0,0.0,0.0,0.0,0.0,0.0,0.0,0.0,0.0,0.0,0.0,0.0,0.0,0.0,0.0,0.0,0.0,0.0,0.0,0.0,0.0,0.0,0.0,0.0,0.0,0.0,0.0,0.0,0.0,0.0,0.0,0.0,0.0,0.0,0.0,0.0,0.0,0.0,0.0,0.0,0.0,0.0,0.0,0.0,0.0,0.0,0.0,0.0,0.0,0.0,0
0.0,0.0,0.0,0.0,0.0,0.0,0.0,0.0,0.0,0.0,0.0,0.0,0.0,0.0,0.0,0.0,0.0,0.0,0.0,0.0,0.0,0.0,0.0,0.0,0.0,0.0,0.0,0.0,0.0,0.0,0.0,0.0,0.0,0.0,0.0,0.0,0.0,0.0,0.0,0.0,0.0,0.0,0.0,0.0,0.0,0.0,0.0,0.0,0.0,0.0,0.0,0.0,0.0,0.0,0.0,0.0,0.0,0.0,0.0,0.0,0.0,0.0,0.0,0.0,0.0,0.0,0
0.0,0.0,0.0,0.0,0.0,0.0,0.0,0.0,0.0,0.0,0.0,0.0,0.0,0.0,0.0,0.0,0.0,0.0,0.0,0.0,0.0,0.0,0.0,0.0,0.0,0.0,0.0,0.0,0.0,0.0,0.0,0.0,0.0,0.0,0.0,0.0,0.0,0.0,0.0,0.0,0.0,0.0,0.0,0.0,0.0,0.0,0.0,0.0,0.0,0.0,0.0,0.0,0.0,0.0,0.0,0.0,0.0,0.0,0.0,0.0,0.0,0.0,0.0,0.0,0.0,0.0,0
0.0,0.0,0.0,0.0,0.0,0.0,0.0,0.0,0.0,0.0,0.0,0.0,0.0,0.0,0.0,0.0,0.0,0.0,0.0,0.0,0.0,0.0,0.0,0.0,0.0,0.0,0.0,0.0,0.0,0.0,0.0,0.0,0.0,0.0,0.0,0.0,0.0,0.0,0.0,0.0,0.0,0.0,0.0,0.0,0.0,0.0,0.0,0.0,0.0,0.0,0.0,0.0,0.0,0.0,0.0,0.0,0.0,0.0,0.0,0.0,0.0,0.0,0.0,0.0,0.0,0.0,0
0.0,0.0,0.0,0.0,0.0,0.0,0.0,0.0,0.0,0.0,0.0,0.0,0.0,0.0,0.0,0.0,0.0,0.0,0.0,0.0,0.0,0.0,0.0,0.0,0.0,0.0,0.0,0.0,0.0,0.0,0.0,0.0,0.0,0.0,0.0,0.0,0.0,0.0,0.0,0.0,0.0,0.0,0.0,0.0,0.0,0.0,0.0,0.0,0.0,0.0,0.0,0.0,0.0,0.0,0.0,0.0,0.0,0.0,0.0,0.0,0.0,0.0,0.0,0.0,0.0,0.0,0
0.0,0.0,0.0,0.0,0.0,0.0,0.0,0.0,0.0,0.0,0.0,0.0,0.0,0.0,0.0,0.0,0.0,0.0,0.0,0.0,0.0,0.0,0.0,0.0,0.0,0.0,0.0,0.0,0.0,0.0,0.0,0.0,0.0,0.0,0.0,0.0,0.0,0.0,0.0,0.0,0.0,0.0,0.0,0.0,0.0,0.0,0.0,0.0,0.0,0.0,0.0,0.0,0.0,0.0,0.0,0.0,0.0,0.0,0.0,0.0,0.0,0.0,0.0,0.0,0.0,0.0,0
0.0,0.0,0.0,0.0,0.0,0.0,0.0,0.0,0.0,0.0,0.0,0.0,0.0,0.0,0.0,0.0,0.0,0.0,0.0,0.0,0.0,0.0,0.0,0.0,0.0,0.0,0.0,0.0,0.0,0.0,0.0,0.0,0.0,0.0,0.0,0.0,0.0,0.0,0.0,0.0,0.0,0.0,0.0,0.0,0.0,0.0,0.0,0.0,0.0,0.0,0.0,0.0,0.0,0.0,0.0,0.0,0.0,0.0,0.0,0.0,0.0,0.0,0.0,0.0,0.0,0.0,0
0.0,0.0,0.0,0.0,0.0,0.0,0.0,0.0,0.0,0.0,0.0,0.0,0.0,0.0,0.0,0.0,0.0,0.0,0.0,0.0,0.0,0.0,0.0,0.0,0.0,0.0,0.0,0.0,0.0,0.0,0.0,0.0,0.0,0.0,0.0,0.0,0.0,0.0,0.0,0.0,0.0,0.0,0.0,0.0,0.0,0.0,0.0,0.0,0.0,0.0,0.0,0.0,0.0,0.0,0.0,0.0,0.0,0.0,0.0,0.0,0.0,0.0,0.0,0.0,0.0,0.0,0
0.0,0.0,0.0,0.0,0.0,0.0,0.0,0.0,0.0,0.0,0.0,0.0,0.0,0.0,0.0,0.0,0.0,0.0,0.0,0.0,0.0,0.0,0.0,0.0,0.0,0.0,0.0,0.0,0.0,0.0,0.0,0.0,0.0,0.0,0.0,0.0,0.0,0.0,0.0,0.0,0.0,0.0,0.0,0.0,0.0,0.0,0.0,0.0,0.0,0.0,0.0,0.0,0.0,0.0,0.0,0.0,0.0,0.0,0.0,0.0,0.0,0.0,0.0,0.0,0.0,0.0,0
0.0,0.0,0.0,0.0,0.0,0.0,0.0,0.0,0.0,0.0,0.0,0.0,0.0,0.0,0.0,0.0,0.0,0.0,0.0,0.0,0.0,0.0,0.0,0.0,0.0,0.0,0.0,0.0,0.0,0.0,0.0,0.0,0.0,0.0,0.0,0.0,0.0,0.0,0.0,0.0,0.0,0.0,0.0,0.0,0.0,0.0,0.0,0.0,0.0,0.0,0.0,0.0,0.0,0.0,0.0,0.0,0.0,0.0,0.0,0.0,0.0,0.0,0.0,0.0,0.0,0.0,0
0.0,0.0,0.0,0.0,0.0,0.0,0.0,0.0,0.0,0.0,0.0,0.0,0.0,0.0,0.0,0.0,0.0,0.0,0.0,0.0,0.0,0.0,0.0,0.0,0.0,0.0,0.0,0.0,0.0,0.0,0.0,0.0,0.0,0.0,0.0,0.0,0.0,0.0,0.0,0.0,0.0,0.0,0.0,0.0,0.0,0.0,0.0,0.0,0.0,0.0,0.0,0.0,0.0,0.0,0.0,0.0,0.0,0.0,0.0,0.0,0.0,0.0,0.0,0.0,0.0,0.0,0
0.0,0.0,0.0,0.0,0.0,0.0,0.0,0.0,0.0,0.0,0.0,0.0,0.0,0.0,0.0,0.0,0.0,0.0,0.0,0.0,0.0,0.0,0.0,0.0,0.0,0.0,0.0,0.0,0.0,0.0,0.0,0.0,0.0,0.0,0.0,0.0,0.0,0.0,0.0,0.0,0.0,0.0,0.0,0.0,0.0,0.0,0.0,0.0,0.0,0.0,0.0,0.0,0.0,0.0,0.0,0.0,0.0,0.0,0.0,0.0,0.0,0.0,0.0,0.0,0.0,0.0,0
0.0,0.0,0.0,0.0,0.0,0.0,0.0,0.0,0.0,0.0,0.0,0.0,0.0,0.0,0.0,0.0,0.0,0.0,0.0,0.0,0.0,0.0,0.0,0.0,0.0,0.0,0.0,0.0,0.0,0.0,0.0,0.0,0.0,0.0,0.0,0.0,0.0,0.0,0.0,0.0,0.0,0.0,0.0,0.0,0.0,0.0,0.0,0.0,0.0,0.0,0.0,0.0,0.0,0.0,0.0,0.0,0.0,0.0,0.0,0.0,0.0,0.0,0.0,0.0,0.0,0.0,0
0.0,0.0,0.0,0.0,0.0,0.0,0.0,0.0,0.0,0.0,0.0,0.0,0.0,0.0,0.0,0.0,0.0,0.0,0.0,0.0,0.0,0.0,0.0,0.0,0.0,0.0,0.0,0.0,0.0,0.0,0.0,0.0,0.0,0.0,0.0,0.0,0.0,0.0,0.0,0.0,0.0,0.0,0.0,0.0,0.0,0.0,0.0,0.0,0.0,0.0,0.0,0.0,0.0,0.0,0.0,0.0,0.0,0.0,0.0,0.0,0.0,0.0,0.0,0.0,0.0,0.0,0
0.0,0.0,0.0,0.0,0.0,0.0,0.0,0.0,0.0,0.0,0.0,0.0,0.0,0.0,0.0,0.0,0.0,0.0,0.0,0.0,0.0,0.0,0.0,0.0,0.0,0.0,0.0,0.0,0.0,0.0,0.0,0.0,0.0,0.0,0.0,0.0,0.0,0.0,0.0,0.0,0.0,0.0,0.0,0.0,0.0,0.0,0.0,0.0,0.0,0.0,0.0,0.0,0.0,0.0,0.0,0.0,0.0,0.0,0.0,0.0,0.0,0.0,0.0,0.0,0.0,0.0,0
0.0,0.0,0.0,0.0,0.0,0.0,0.0,0.0,0.0,0.0,0.0,0.0,0.0,0.0,0.0,0.0,0.0,0.0,0.0,0.0,0.0,0.0,0.0,0.0,0.0,0.0,0.0,0.0,0.0,0.0,0.0,0.0,0.0,0.0,0.0,0.0,0.0,0.0,0.0,0.0,0.0,0.0,0.0,0.0,0.0,0.0,0.0,0.0,0.0,0.0,0.0,0.0,0.0,0.0,0.0,0.0,0.0,0.0,0.0,0.0,0.0,0.0,0.0,0.0,0.0,0.0,0
0.0,0.0,0.0,0.0,0.0,0.0,0.0,0.0,0.0,0.0,0.0,0.0,0.0,0.0,0.0,0.0,0.0,0.0,0.0,0.0,0.0,0.0,0.0,0.0,0.0,0.0,0.0,0.0,0.0,0.0,0.0,0.0,0.0,0.0,0.0,0.0,0.0,0.0,0.0,0.0,0.0,0.0,0.0,0.0,0.0,0.0,0.0,0.0,0.0,0.0,0.0,0.0,0.0,0.0,0.0,0.0,0.0,0.0,0.0,0.0,0.0,0.0,0.0,0.0,0.0,0.0,0
0.0,0.0,0.0,0.0,0.0,0.0,0.0,0.0,0.0,0.0,0.0,0.0,0.0,0.0,0.0,0.0,0.0,0.0,0.0,0.0,0.0,0.0,0.0,0.0,0.0,0.0,0.0,0.0,0.0,0.0,0.0,0.0,0.0,0.0,0.0,0.0,0.0,0.0,0.0,0.0,0.0,0.0,0.0,0.0,0.0,0.0,0.0,0.0,0.0,0.0,0.0,0.0,0.0,0.0,0.0,0.0,0.0,0.0,0.0,0.0,0.0,0.0,0.0,0.0,0.0,0.0,0
0.0,0.0,0.0,0.0,0.0,0.0,0.0,0.0,0.0,0.0,0.0,0.0,0.0,0.0,0.0,0.0,0.0,0.0,0.0,0.0,0.0,0.0,0.0,0.0,0.0,0.0,0.0,0.0,0.0,0.0,0.0,0.0,0.0,0.0,0.0,0.0,0.0,0.0,0.0,0.0,0.0,0.0,0.0,0.0,0.0,0.0,0.0,0.0,0.0,0.0,0.0,0.0,0.0,0.0,0.0,0.0,0.0,0.0,0.0,0.0,0.0,0.0,0.0,0.0,0.0,0.0,0
0.0,0.0,0.0,0.0,0.0,0.0,0.0,0.0,0.0,0.0,0.0,0.0,0.0,0.0,0.0,0.0,0.0,0.0,0.0,0.0,0.0,0.0,0.0,0.0,0.0,0.0,0.0,0.0,0.0,0.0,0.0,0.0,0.0,0.0,0.0,0.0,0.0,0.0,0.0,0.0,0.0,0.0,0.0,0.0,0.0,0.0,0.0,0.0,0.0,0.0,0.0,0.0,0.0,0.0,0.0,0.0,0.0,0.0,0.0,0.0,0.0,0.0,0.0,0.0,0.0,0.0,0
0.0,0.0,0.0,0.0,0.0,0.0,0.0,0.0,0.0,0.0,0.0,0.0,0.0,0.0,0.0,0.0,0.0,0.0,0.0,0.0,0.0,0.0,0.0,0.0,0.0,0.0,0.0,0.0,0.0,0.0,0.0,0.0,0.0,0.0,0.0,0.0,0.0,0.0,0.0,0.0,0.0,0.0,0.0,0.0,0.0,0.0,0.0,0.0,0.0,0.0,0.0,0.0,0.0,0.0,0.0,0.0,0.0,0.0,0.0,0.0,0.0,0.0,0.0,0.0,0.0,0.0,0
0.0,0.0,0.0,0.0,0.0,0.0,0.0,0.0,0.0,0.0,0.0,0.0,0.0,0.0,0.0,0.0,0.0,0.0,0.0,0.0,0.0,0.0,0.0,0.0,0.0,0.0,0.0,0.0,0.0,0.0,0.0,0.0,0.0,0.0,0.0,0.0,0.0,0.0,0.0,0.0,0.0,0.0,0.0,0.0,0.0,0.0,0.0,0.0,0.0,0.0,0.0,0.0,0.0,0.0,0.0,0.0,0.0,0.0,0.0,0.0,0.0,0.0,0.0,0.0,0.0,0.0,0
0.0,0.0,0.0,0.0,0.0,0.0,0.0,0.0,0.0,0.0,0.0,0.0,0.0,0.0,0.0,0.0,0.0,0.0,0.0,0.0,0.0,0.0,0.0,0.0,0.0,0.0,0.0,0.0,0.0,0.0,0.0,0.0,0.0,0.0,0.0,0.0,0.0,0.0,0.0,0.0,0.0,0.0,0.0,0.0,0.0,0.0,0.0,0.0,0.0,0.0,0.0,0.0,0.0,0.0,0.0,0.0,0.0,0.0,0.0,0.0,0.0,0.0,0.0,0.0,0.0,0.0,0
0.0,0.0,0.0,0.0,0.0,0.0,0.0,0.0,0.0,0.0,0.0,0.0,0.0,0.0,0.0,0.0,0.0,0.0,0.0,0.0,0.0,0.0,0.0,0.0,0.0,0.0,0.0,0.0,0.0,0.0,0.0,0.0,0.0,0.0,0.0,0.0,0.0,0.0,0.0,0.0,0.0,0.0,0.0,0.0,0.0,0.0,0.0,0.0,0.0,0.0,0.0,0.0,0.0,0.0,0.0,0.0,0.0,0.0,0.0,0.0,0.0,0.0,0.0,0.0,0.0,0.0,0
0.0,0.0,0.0,0.0,0.0,0.0,0.0,0.0,0.0,0.0,0.0,0.0,0.0,0.0,0.0,0.0,0.0,0.0,0.0,0.0,0.0,0.0,0.0,0.0,0.0,0.0,0.0,0.0,0.0,0.0,0.0,0.0,0.0,0.0,0.0,0.0,0.0,0.0,0.0,0.0,0.0,0.0,0.0,0.0,0.0,0.0,0.0,0.0,0.0,0.0,0.0,0.0,0.0,0.0,0.0,0.0,0.0,0.0,0.0,0.0,0.0,0.0,0.0,0.0,0.0,0.0,0
0.0,0.0,0.0,0.0,0.0,0.0,0.0,0.0,0.0,0.0,0.0,0.0,0.0,0.0,0.0,0.0,0.0,0.0,0.0,0.0,0.0,0.0,0.0,0.0,0.0,0.0,0.0,0.0,0.0,0.0,0.0,0.0,0.0,0.0,0.0,0.0,0.0,0.0,0.0,0.0,0.0,0.0,0.0,0.0,0.0,0.0,0.0,0.0,0.0,0.0,0.0,0.0,0.0,0.0,0.0,0.0,0.0,0.0,0.0,0.0,0.0,0.0,0.0,0.0,0.0,0.0,0
0.0,0.0,0.0,0.0,0.0,0.0,0.0,0.0,0.0,0.0,0.0,0.0,0.0,0.0,0.0,0.0,0.0,0.0,0.0,0.0,0.0,0.0,0.0,0.0,0.0,0.0,0.0,0.0,0.0,0.0,0.0,0.0,0.0,0.0,0.0,0.0,0.0,0.0,0.0,0.0,0.0,0.0,0.0,0.0,0.0,0.0,0.0,0.0,0.0,0.0,0.0,0.0,0.0,0.0,0.0,0.0,0.0,0.0,0.0,0.0,0.0,0.0,0.0,0.0,0.0,0.0,0
0.0,0.0,0.0,0.0,0.0,0.0,0.0,0.0,0.0,0.0,0.0,0.0,0.0,0.0,0.0,0.0,0.0,0.0,0.0,0.0,0.0,0.0,0.0,0.0,0.0,0.0,0.0,0.0,0.0,0.0,0.0,0.0,0.0,0.0,0.0,0.0,0.0,0.0,0.0,0.0,0.0,0.0,0.0,0.0,0.0,0.0,0.0,0.0,0.0,0.0,0.0,0.0,0.0,0.0,0.0,0.0,0.0,0.0,0.0,0.0,0.0,0.0,0.0,0.0,0.0,0.0,0
0.0,0.0,0.0,0.0,0.0,0.0,0.0,0.0,0.0,0.0,0.0,0.0,0.0,0.0,0.0,0.0,0.0,0.0,0.0,0.0,0.0,0.0,0.0,0.0,0.0,0.0,0.0,0.0,0.0,0.0,0.0,0.0,0.0,0.0,0.0,0.0,0.0,0.0,0.0,0.0,0.0,0.0,0.0,0.0,0.0,0.0,0.0,0.0,0.0,0.0,0.0,0.0,0.0,0.0,0.0,0.0,0.0,0.0,0.0,0.0,0.0,0.0,0.0,0.0,0.0,0.0,0
0.8281757235527039,0.2669353187084198,0.8372183442115784,0.2565847933292389,0.8389281034469604,0.2567059397697449,0.843396008014679,0.2551037669181824,0.8321228623390198,0.2505790889263153,0.8311829566955566,0.2510206401348114,0.8303341269493103,0.25103795528411865,0.8465331792831421,0.2727847993373871,0.8335998058319092,0.2699267864227295,0.8335158824920654,0.2874125838279724,0.8283111453056335,0.2888515889644623,0.845931887626648,0.37817704677581787,0.8293909430503845,0.36508339643478394,0.8527876734733582,0.525323748588562,0.8321967720985413,0.523735761642456,0.8289756178855896,0.6352111101150513,0.8280181884765625,0.6235758662223816,0.8266171813011169,0.668036162853241,0.8259589672088623,0.6518294811248779,0.8218322396278381,0.6660477519035339,0.8277171850204468,0.650492250919342,0.822858989238739,0.654017984867096,0.8292625546455383,0.6418042778968811,0.8833258152008057,0.6668241024017334,0.8691483736038208,0.6630376577377319,0.9099396467208862,0.8326194882392883,0.8849341869354248,0.7753344178199768,0.9102599024772644,0.871610164642334,0.8976413607597351,0.842189610004425,0.9121770858764648,0.8743587732315063,0.9013063311576843,0.8528739809989929,0.8975394368171692,0.8894314169883728,0.8900083303451538,0.8580156564712524,0
0.0,0.0,0.0,0.0,0.0,0.0,0.0,0.0,0.0,0.0,0.0,0.0,0.0,0.0,0.0,0.0,0.0,0.0,0.0,0.0,0.0,0.0,0.0,0.0,0.0,0.0,0.0,0.0,0.0,0.0,0.0,0.0,0.0,0.0,0.0,0.0,0.0,0.0,0.0,0.0,0.0,0.0,0.0,0.0,0.0,0.0,0.0,0.0,0.0,0.0,0.0,0.0,0.0,0.0,0.0,0.0,0.0,0.0,0.0,0.0,0.0,0.0,0.0,0.0,0.0,0.0,0
0.0,0.0,0.0,0.0,0.0,0.0,0.0,0.0,0.0,0.0,0.0,0.0,0.0,0.0,0.0,0.0,0.0,0.0,0.0,0.0,0.0,0.0,0.0,0.0,0.0,0.0,0.0,0.0,0.0,0.0,0.0,0.0,0.0,0.0,0.0,0.0,0.0,0.0,0.0,0.0,0.0,0.0,0.0,0.0,0.0,0.0,0.0,0.0,0.0,0.0,0.0,0.0,0.0,0.0,0.0,0.0,0.0,0.0,0.0,0.0,0.0,0.0,0.0,0.0,0.0,0.0,0
0.0,0.0,0.0,0.0,0.0,0.0,0.0,0.0,0.0,0.0,0.0,0.0,0.0,0.0,0.0,0.0,0.0,0.0,0.0,0.0,0.0,0.0,0.0,0.0,0.0,0.0,0.0,0.0,0.0,0.0,0.0,0.0,0.0,0.0,0.0,0.0,0.0,0.0,0.0,0.0,0.0,0.0,0.0,0.0,0.0,0.0,0.0,0.0,0.0,0.0,0.0,0.0,0.0,0.0,0.0,0.0,0.0,0.0,0.0,0.0,0.0,0.0,0.0,0.0,0.0,0.0,0
0.0,0.0,0.0,0.0,0.0,0.0,0.0,0.0,0.0,0.0,0.0,0.0,0.0,0.0,0.0,0.0,0.0,0.0,0.0,0.0,0.0,0.0,0.0,0.0,0.0,0.0,0.0,0.0,0.0,0.0,0.0,0.0,0.0,0.0,0.0,0.0,0.0,0.0,0.0,0.0,0.0,0.0,0.0,0.0,0.0,0.0,0.0,0.0,0.0,0.0,0.0,0.0,0.0,0.0,0.0,0.0,0.0,0.0,0.0,0.0,0.0,0.0,0.0,0.0,0.0,0.0,0
0.0,0.0,0.0,0.0,0.0,0.0,0.0,0.0,0.0,0.0,0.0,0.0,0.0,0.0,0.0,0.0,0.0,0.0,0.0,0.0,0.0,0.0,0.0,0.0,0.0,0.0,0.0,0.0,0.0,0.0,0.0,0.0,0.0,0.0,0.0,0.0,0.0,0.0,0.0,0.0,0.0,0.0,0.0,0.0,0.0,0.0,0.0,0.0,0.0,0.0,0.0,0.0,0.0,0.0,0.0,0.0,0.0,0.0,0.0,0.0,0.0,0.0,0.0,0.0,0.0,0.0,0
0.0,0.0,0.0,0.0,0.0,0.0,0.0,0.0,0.0,0.0,0.0,0.0,0.0,0.0,0.0,0.0,0.0,0.0,0.0,0.0,0.0,0.0,0.0,0.0,0.0,0.0,0.0,0.0,0.0,0.0,0.0,0.0,0.0,0.0,0.0,0.0,0.0,0.0,0.0,0.0,0.0,0.0,0.0,0.0,0.0,0.0,0.0,0.0,0.0,0.0,0.0,0.0,0.0,0.0,0.0,0.0,0.0,0.0,0.0,0.0,0.0,0.0,0.0,0.0,0.0,0.0,0
0.0,0.0,0.0,0.0,0.0,0.0,0.0,0.0,0.0,0.0,0.0,0.0,0.0,0.0,0.0,0.0,0.0,0.0,0.0,0.0,0.0,0.0,0.0,0.0,0.0,0.0,0.0,0.0,0.0,0.0,0.0,0.0,0.0,0.0,0.0,0.0,0.0,0.0,0.0,0.0,0.0,0.0,0.0,0.0,0.0,0.0,0.0,0.0,0.0,0.0,0.0,0.0,0.0,0.0,0.0,0.0,0.0,0.0,0.0,0.0,0.0,0.0,0.0,0.0,0.0,0.0,0
0.0,0.0,0.0,0.0,0.0,0.0,0.0,0.0,0.0,0.0,0.0,0.0,0.0,0.0,0.0,0.0,0.0,0.0,0.0,0.0,0.0,0.0,0.0,0.0,0.0,0.0,0.0,0.0,0.0,0.0,0.0,0.0,0.0,0.0,0.0,0.0,0.0,0.0,0.0,0.0,0.0,0.0,0.0,0.0,0.0,0.0,0.0,0.0,0.0,0.0,0.0,0.0,0.0,0.0,0.0,0.0,0.0,0.0,0.0,0.0,0.0,0.0,0.0,0.0,0.0,0.0,0
0.8325408101081848,0.23985716700553894,0.8352566361427307,0.23000848293304443,0.8367711901664734,0.23012176156044006,0.8381550312042236,0.2299782931804657,0.8319625854492188,0.23092305660247803,0.8312411308288574,0.2315232753753662,0.8306666612625122,0.2317940592765808,0.8405356407165527,0.24739766120910645,0.8298084735870361,0.2426166832447052,0.835756778717041,0.2509818375110626,0.8289316892623901,0.2538655996322632,0.8455939888954163,0.3108353614807129,0.8180586695671082,0.30964839458465576,0.8578011989593506,0.3489711880683899,0.8242255449295044,0.37588390707969666,0.8708949089050293,0.31192320585250854,0.8394202589988708,0.36466750502586365,0.8764821887016296,0.30330944061279297,0.8445227742195129,0.36601507663726807,0.8763116598129272,0.29935911297798157,0.8456248641014099,0.3588085472583771,0.8728920817375183,0.3030153810977936,0.8442879915237427,0.3582128882408142,0.8539349436759949,0.5666492581367493,0.8378258347511292,0.5700876712799072,0.8616026043891907,0.6962458491325378,0.8519912362098694,0.6925052404403687,0.8714890480041504,0.8315652012825012,0.864668607711792,0.7855214476585388,0.8739811778068542,0.8493403196334839,0.8675652742385864,0.7974017262458801,0.8701302409172058,0.8891875743865967,0.8672145009040833,0.8324055671691895,0
0.8243416547775269,0.23585960268974304,0.8282406330108643,0.22939622402191162,0.830286979675293,0.2297145128250122,0.8331142663955688,0.2298104465007782,0.822763204574585,0.22850054502487183,0.8216284513473511,0.22908076643943787,0.8204553127288818,0.22941341996192932,0.8358495235443115,0.24132442474365234,0.8220334649085999,0.24281829595565796,0.8314985036849976,0.2520088255405426,0.8245886564254761,0.2538410425186157,0.8536289930343628,0.31627359986305237,0.8153682947158813,0.33907559514045715,0.8491920232772827,0.4669104218482971,0.8140261173248291,0.48774290084838867,0.8389080762863159,0.6171750426292419,0.8104251027107239,0.6120529174804688,0.8395531177520752,0.6608679294586182,0.8077362775802612,0.6470352411270142,0.8345400094985962,0.6601918935775757,0.810645341873169,0.6465460658073425,0.8323096632957458,0.6460844874382019,0.8136982917785645,0.6325340867042542,0.8494319915771484,0.5651723742485046,0.8300151824951172,0.5848178863525391,0.8558881282806396,0.7252953052520752,0.8277321457862854,0.7180734872817993,0.8583418130874634,0.8159677386283875,0.8497228026390076,0.7675609588623047,0.8611350059509277,0.8282462358474731,0.8517885804176331,0.7727267742156982,0.8513944149017334,0.8642860054969788,0.8502658605575562,0.8054631352424622,0
0.8241493105888367,0.23972925543785095,0.8274944424629211,0.23275908827781677,0.8306164145469666,0.23279017210006714,0.8329688906669617,0.23301345109939575,0.8221308588981628,0.23109504580497742,0.8208482265472412,0.23184487223625183,0.8191350102424622,0.23255401849746704,0.835889995098114,0.24427247047424316,0.8204753994941711,0.24721157550811768,0.8302884697914124,0.2572280168533325,0.823173463344574,0.2594607472419739,0.8525786995887756,0.31588661670684814,0.816226065158844,0.33657005429267883,0.8485316634178162,0.4531458616256714,0.8152406215667725,0.4715932607650757,0.843664824962616,0.6001033186912537,0.8122410774230957,0.585823118686676,0.8461783528327942,0.6419814825057983,0.8087911009788513,0.6191526651382446,0.8410201072692871,0.6436597108840942,0.8119708895683289,0.6193915605545044,0.8381112813949585,0.6304382681846619,0.8152010440826416,0.6061780452728271,0.8472859859466553,0.5531402230262756,0.8281307816505432,0.573519229888916,0.8524143099784851,0.711540937423706,0.8257772922515869,0.705610990524292,0.8582270741462708,0.8130670189857483,0.8475323915481567,0.7685477137565613,0.8624515533447266,0.8248318433761597,0.8505964279174805,0.7759768962860107,0.8483126759529114,0.8708209991455078,0.8468607068061829,0.8141626119613647,0
0.8221925497055054,0.23709943890571594,0.8254007697105408,0.22832521796226501,0.8275127410888672,0.22739970684051514,0.8293681144714355,0.22656750679016113,0.8191112279891968,0.23008987307548523,0.817462682723999,0.23128166794776917,0.815815806388855,0.2321855127811432,0.8327287435531616,0.23442122340202332,0.81607586145401,0.2435983419418335,0.8289945721626282,0.24807533621788025,0.8217317461967468,0.2533548176288605,0.8512467741966248,0.304173082113266,0.8110557794570923,0.3264389932155609,0.8498291373252869,0.380012571811676,0.8026720285415649,0.42693281173706055,0.853108823299408,0.4133876860141754,0.8143129348754883,0.49363094568252563,0.856887698173523,0.4257420003414154,0.8160429000854492,0.516770601272583,0.855760395526886,0.4256857633590698,0.8203051090240479,0.5133706331253052,0.8529471158981323,0.422528475522995,0.8209096193313599,0.5052177906036377,0.849356472492218,0.5376537442207336,0.8248656988143921,0.5357253551483154,0.8547870516777039,0.6391959190368652,0.8193567991256714,0.6903671026229858,0.8559830784797668,0.7699872255325317,0.829254686832428,0.747947096824646,0.8556734919548035,0.7877292037010193,0.8321904540061951,0.757063090801239,0.8558968901634216,0.8260226249694824,0.8276166915893555,0.7921168208122253,0
0.0,0.0,0.0,0.0,0.0,0.0,0.0,0.0,0.0,0.0,0.0,0.0,0.0,0.0,0.0,0.0,0.0,0.0,0.0,0.0,0.0,0.0,0.0,0.0,0.0,0.0,0.0,0.0,0.0,0.0,0.0,0.0,0.0,0.0,0.0,0.0,0.0,0.0,0.0,0.0,0.0,0.0,0.0,0.0,0.0,0.0,0.0,0.0,0.0,0.0,0.0,0.0,0.0,0.0,0.0,0.0,0.0,0.0,0.0,0.0,0.0,0.0,0.0,0.0,0.0,0.0,0
0.0,0.0,0.0,0.0,0.0,0.0,0.0,0.0,0.0,0.0,0.0,0.0,0.0,0.0,0.0,0.0,0.0,0.0,0.0,0.0,0.0,0.0,0.0,0.0,0.0,0.0,0.0,0.0,0.0,0.0,0.0,0.0,0.0,0.0,0.0,0.0,0.0,0.0,0.0,0.0,0.0,0.0,0.0,0.0,0.0,0.0,0.0,0.0,0.0,0.0,0.0,0.0,0.0,0.0,0.0,0.0,0.0,0.0,0.0,0.0,0.0,0.0,0.0,0.0,0.0,0.0,0
0.0,0.0,0.0,0.0,0.0,0.0,0.0,0.0,0.0,0.0,0.0,0.0,0.0,0.0,0.0,0.0,0.0,0.0,0.0,0.0,0.0,0.0,0.0,0.0,0.0,0.0,0.0,0.0,0.0,0.0,0.0,0.0,0.0,0.0,0.0,0.0,0.0,0.0,0.0,0.0,0.0,0.0,0.0,0.0,0.0,0.0,0.0,0.0,0.0,0.0,0.0,0.0,0.0,0.0,0.0,0.0,0.0,0.0,0.0,0.0,0.0,0.0,0.0,0.0,0.0,0.0,0
0.0,0.0,0.0,0.0,0.0,0.0,0.0,0.0,0.0,0.0,0.0,0.0,0.0,0.0,0.0,0.0,0.0,0.0,0.0,0.0,0.0,0.0,0.0,0.0,0.0,0.0,0.0,0.0,0.0,0.0,0.0,0.0,0.0,0.0,0.0,0.0,0.0,0.0,0.0,0.0,0.0,0.0,0.0,0.0,0.0,0.0,0.0,0.0,0.0,0.0,0.0,0.0,0.0,0.0,0.0,0.0,0.0,0.0,0.0,0.0,0.0,0.0,0.0,0.0,0.0,0.0,0
0.0,0.0,0.0,0.0,0.0,0.0,0.0,0.0,0.0,0.0,0.0,0.0,0.0,0.0,0.0,0.0,0.0,0.0,0.0,0.0,0.0,0.0,0.0,0.0,0.0,0.0,0.0,0.0,0.0,0.0,0.0,0.0,0.0,0.0,0.0,0.0,0.0,0.0,0.0,0.0,0.0,0.0,0.0,0.0,0.0,0.0,0.0,0.0,0.0,0.0,0.0,0.0,0.0,0.0,0.0,0.0,0.0,0.0,0.0,0.0,0.0,0.0,0.0,0.0,0.0,0.0,0
0.0,0.0,0.0,0.0,0.0,0.0,0.0,0.0,0.0,0.0,0.0,0.0,0.0,0.0,0.0,0.0,0.0,0.0,0.0,0.0,0.0,0.0,0.0,0.0,0.0,0.0,0.0,0.0,0.0,0.0,0.0,0.0,0.0,0.0,0.0,0.0,0.0,0.0,0.0,0.0,0.0,0.0,0.0,0.0,0.0,0.0,0.0,0.0,0.0,0.0,0.0,0.0,0.0,0.0,0.0,0.0,0.0,0.0,0.0,0.0,0.0,0.0,0.0,0.0,0.0,0.0,0
0.8013871908187866,0.24470451474189758,0.8042284250259399,0.23089981079101562,0.8068290948867798,0.22892603278160095,0.8083711266517639,0.2275736927986145,0.8013668060302734,0.23496413230895996,0.8008754253387451,0.23797756433486938,0.800224244594574,0.23952928185462952,0.8149643540382385,0.23451507091522217,0.8029103875160217,0.2467224895954132,0.8058778643608093,0.2556948661804199,0.8021089434623718,0.2613171339035034,0.831333339214325,0.29523366689682007,0.8002632260322571,0.32938352227211,0.8253188133239746,0.42287200689315796,0.7951176166534424,0.44514918327331543,0.8176929950714111,0.5055158138275146,0.7962279319763184,0.46120142936706543,0.8195332884788513,0.5292255282402039,0.7957172393798828,0.4719223082065582,0.8179557919502258,0.5296617150306702,0.7985842823982239,0.4596269130706787,0.8167716264724731,0.5224656462669373,0.7996018528938293,0.45659011602401733,0.8373473286628723,0.5307271480560303,0.818904459476471,0.5476527214050293,0.8400679230690002,0.6789809465408325,0.8227202296257019,0.6865138411521912,0.8538232445716858,0.8181917071342468,0.8358925580978394,0.7935763597488403,0.8604530096054077,0.8358716368675232,0.8412559628486633,0.8074783682823181,0.8422420620918274,0.8777704238891602,0.829898476600647,0.8431060314178467,0
0.7963099479675293,0.24905765056610107,0.7989647388458252,0.23122870922088623,0.8008379340171814,0.2284923493862152,0.8025261759757996,0.22586148977279663,0.7951238751411438,0.237441748380661,0.7943412065505981,0.23892667889595032,0.7935482263565063,0.2401593029499054,0.8084235191345215,0.22598063945770264,0.7975236773490906,0.24140521883964539,0.802795946598053,0.2563161849975586,0.797683835029602,0.2622368037700653,0.8326408863067627,0.2840341329574585,0.7975626587867737,0.3239365518093109,0.8408374190330505,0.3678319454193115,0.790067195892334,0.41766735911369324,0.842122495174408,0.4777640998363495,0.7840878963470459,0.5024434328079224,0.8431215882301331,0.49536916613578796,0.7826558947563171,0.5230069160461426,0.8402929306030273,0.4948512315750122,0.7837402820587158,0.5225111246109009,0.8369778394699097,0.4937075972557068,0.7846678495407104,0.5082353353500366,0.829975426197052,0.4958236813545227,0.8095843195915222,0.5043278932571411,0.8277219533920288,0.6745640635490417,0.8135545253753662,0.6720223426818848,0.854522168636322,0.8227447867393494,0.8279830813407898,0.803471565246582,0.8608329892158508,0.8390987515449524,0.8339402675628662,0.8199177384376526,0.8451234698295593,0.89125657081604,0.8210798501968384,0.8606877326965332,0
0.7951844930648804,0.249364972114563,0.7984257340431213,0.23444443941116333,0.7998254299163818,0.23239746689796448,0.8011122941970825,0.23030880093574524,0.7949668169021606,0.23864179849624634,0.7943927645683289,0.23928499221801758,0.7937929034233093,0.23975902795791626,0.8070020079612732,0.23097729682922363,0.7969268560409546,0.24218299984931946,0.7994559407234192,0.25878578424453735,0.7962958216667175,0.26338812708854675,0.825283944606781,0.28591153025627136,0.7943798303604126,0.3339560031890869,0.8332962989807129,0.3851969838142395,0.7935368418693542,0.4246680736541748,0.8350849747657776,0.4770148992538452,0.787086546421051,0.47610896825790405,0.8379338979721069,0.5075642466545105,0.7881908416748047,0.504921019077301,0.8358169198036194,0.5089948773384094,0.7844016551971436,0.49787646532058716,0.8343575596809387,0.4951440691947937,0.7931346297264099,0.4938816428184509,0.830421507358551,0.49283456802368164,0.8110199570655823,0.5193338394165039,0.8327260613441467,0.6204674243927002,0.816435694694519,0.6396391987800598,0.8444532752037048,0.7856854796409607,0.8278195858001709,0.7690324187278748,0.8490186929702759,0.8096351027488708,0.8326731324195862,0.7884238958358765,0.8384678363800049,0.8459405899047852,0.8243396878242493,0.8161897659301758,0
0.7922770380973816,0.24996602535247803,0.7938664555549622,0.23321959376335144,0.7957007884979248,0.23015817999839783,0.7971702814102173,0.22731876373291016,0.7907838821411133,0.23858106136322021,0.790104329586029,0.23967939615249634,0.7894148230552673,0.24059298634529114,0.8034148216247559,0.22604885697364807,0.7927786111831665,0.2420131266117096,0.7975773811340332,0.25706812739372253,0.7939886450767517,0.2635399103164673,0.8270975947380066,0.27915483713150024,0.7977281212806702,0.31614354252815247,0.8271451592445374,0.39304500818252563,0.787343442440033,0.4151659905910492,0.822539746761322,0.49945390224456787,0.7874001860618591,0.4447270631790161,0.8254272937774658,0.5272163152694702,0.7832905650138855,0.4693424701690674,0.8218879699707031,0.5344292521476746,0.7868207693099976,0.4463437795639038,0.8201248049736023,0.5255381464958191,0.7935528755187988,0.4483557939529419,0.8288198113441467,0.46590572595596313,0.8080349564552307,0.48340755701065063,0.8199468851089478,0.6181075572967529,0.800676703453064,0.6154763102531433,0.840807318687439,0.7859494686126709,0.8104639053344727,0.760895848274231,0.84690260887146,0.8084753751754761,0.8171653747558594,0.7807730436325073,0.8287951350212097,0.8539103269577026,0.7983787655830383,0.8184954524040222,0
0.7891452312469482,0.24576038122177124,0.7903584837913513,0.23428410291671753,0.7906367182731628,0.23252204060554504,0.7908673882484436,0.23149392008781433,0.7908901572227478,0.23491498827934265,0.7910710573196411,0.2348020374774933,0.791259229183197,0.2344191074371338,0.7967442870140076,0.23351165652275085,0.7951890826225281,0.23685932159423828,0.7921726703643799,0.2558225989341736,0.7919481992721558,0.2573803663253784,0.7986193299293518,0.2871549129486084,0.8145538568496704,0.30904775857925415,0.7954654693603516,0.3969162702560425,0.8172732591629028,0.4288144111633301,0.7907626628875732,0.4600849747657776,0.8104857802391052,0.4704716205596924,0.7905055284500122,0.4769970774650574,0.8141540884971619,0.48331642150878906,0.7908738851547241,0.4761655926704407,0.8123626708984375,0.4782978594303131,0.7920787930488586,0.47070467472076416,0.812100350856781,0.47440946102142334,0.8148357272148132,0.5075679421424866,0.8219683766365051,0.5079991817474365,0.8187944293022156,0.6445959210395813,0.8252918720245361,0.6292393803596497,0.8302650451660156,0.7777224183082581,0.8352705836296082,0.7533184289932251,0.8362513780593872,0.7995412349700928,0.8394625782966614,0.7762752771377563,0.818686306476593,0.8159242868423462,0.8288413882255554,0.7801002860069275,0
0.7846940755844116,0.25275957584381104,0.7860782146453857,0.23679512739181519,0.7870796322822571,0.23436418175697327,0.7880391478538513,0.23180124163627625,0.7843953371047974,0.2413405179977417,0.7843615412712097,0.24231484532356262,0.7842490077018738,0.24268227815628052,0.794215202331543,0.22924667596817017,0.7884108424186707,0.24227672815322876,0.7895781993865967,0.2576194703578949,0.7877681851387024,0.26464930176734924,0.8129500150680542,0.26605504751205444,0.7935492992401123,0.31829866766929626,0.8154496550559998,0.39269256591796875,0.7849693894386292,0.4203379154205322,0.8027591109275818,0.4943595230579376,0.7799562215805054,0.4759552776813507,0.8026613593101501,0.520533561706543,0.7755558490753174,0.49488115310668945,0.7988503575325012,0.5194597244262695,0.7786452174186707,0.4754030704498291,0.7991737723350525,0.5114772915840149,0.7800242900848389,0.4744911193847656,0.8210800290107727,0.46568214893341064,0.8072269558906555,0.4857354760169983,0.8147554993629456,0.6430314183235168,0.8069801330566406,0.6413305997848511,0.8444809913635254,0.7866859436035156,0.8353801369667053,0.7704731225967407,0.8552981615066528,0.7988417148590088,0.8430299758911133,0.7850545048713684,0.8317314386367798,0.8609602451324463,0.8288000822067261,0.8292421102523804,0
0.7824463248252869,0.25139668583869934,0.7836605310440063,0.23508808016777039,0.7849795818328857,0.23241734504699707,0.7861269116401672,0.2297779619693756,0.7818953990936279,0.239793062210083,0.7817600965499878,0.2405497133731842,0.7816188335418701,0.24103161692619324,0.7930783033370972,0.22690770030021667,0.7855546474456787,0.24059230089187622,0.7877854704856873,0.25691768527030945,0.7855166792869568,0.2637298107147217,0.8161249160766602,0.27849042415618896,0.7874545454978943,0.3200937807559967,0.8239633440971375,0.3646337389945984,0.7783375382423401,0.40232861042022705,0.824415385723114,0.45976269245147705,0.7719406485557556,0.4752873182296753,0.8261923789978027,0.4791567921638489,0.7677111029624939,0.49708831310272217,0.81817227602005,0.4872610867023468,0.7686043381690979,0.49592113494873047,0.8177394270896912,0.4703039526939392,0.7719743847846985,0.4884728789329529,0.8186396360397339,0.4614074230194092,0.7991973757743835,0.47010916471481323,0.8096466064453125,0.6079167723655701,0.7899953722953796,0.6182282567024231,0.8342124819755554,0.7728388905525208,0.8031856417655945,0.7641100287437439,0.8422811031341553,0.7918829321861267,0.8100076913833618,0.7821750640869141,0.8240383863449097,0.8392660617828369,0.7922385334968567,0.8217980265617371,0
0.7820468544960022,0.24942022562026978,0.7825242877006531,0.23367562890052795,0.7838262319564819,0.23099631071090698,0.785198986530304,0.22803384065628052,0.7801050543785095,0.23866954445838928,0.7796987891197205,0.23950615525245667,0.7792783379554749,0.24010029435157776,0.7913333177566528,0.2234078347682953,0.7832037210464478,0.23922455310821533,0.7874110341072083,0.25558704137802124,0.7842682600021362,0.2619900405406952,0.8136764764785767,0.2763473093509674,0.7863061428070068,0.3164897561073303,0.8223540186882019,0.3736986219882965,0.7775676250457764,0.41375523805618286,0.8111090064048767,0.44193586707115173,0.7699240446090698,0.47025591135025024,0.8107073307037354,0.4654933214187622,0.7666645646095276,0.47537702322006226,0.8068499565124512,0.4589541256427765,0.7675372958183289,0.4733515977859497,0.8066477179527283,0.4528663754463196,0.7689863443374634,0.47229495644569397,0.816744327545166,0.4546281099319458,0.8006668090820312,0.4669920802116394,0.8092265725135803,0.6158004403114319,0.7948290705680847,0.6209781169891357,0.8293119072914124,0.7684881687164307,0.810039758682251,0.7515811920166016,0.8367434144020081,0.7837480902671814,0.8164252638816833,0.7664555311203003,0.8180112838745117,0.8380832076072693,0.8006361126899719,0.807630181312561,0
0.7780539989471436,0.2500183582305908,0.7786435484886169,0.2353186011314392,0.7798030376434326,0.23312684893608093,0.780898928642273,0.23079395294189453,0.7771779894828796,0.23866280913352966,0.7771408557891846,0.23906460404396057,0.7770822048187256,0.2391962707042694,0.7870557904243469,0.228902667760849,0.7818747162818909,0.238508939743042,0.7831668853759766,0.25691547989845276,0.7816579937934875,0.2606847584247589,0.8082828521728516,0.26628586649894714,0.7857298851013184,0.3131162226200104,0.8132731318473816,0.37988683581352234,0.7804943323135376,0.41651684045791626,0.8010324239730835,0.4568029046058655,0.7683481574058533,0.4750674366950989,0.8047668933868408,0.48799094557762146,0.7629355192184448,0.4985204041004181,0.8013715147972107,0.4850817322731018,0.7679218649864197,0.4773520827293396,0.8013337254524231,0.478060245513916,0.7690837383270264,0.4760793447494507,0.817319393157959,0.4706982970237732,0.8025897145271301,0.4831443428993225,0.8010188341140747,0.6262922286987305,0.796763002872467,0.631757378578186,0.8256692886352539,0.7682816982269287,0.8167811632156372,0.7498998641967773,0.8350133299827576,0.7812680006027222,0.8241242170333862,0.7632896304130554,0.805030345916748,0.8090106844902039,0.8030794262886047,0.7911641001701355,0
0.7755724191665649,0.2454998791217804,0.7772178649902344,0.2310713231563568,0.7783205509185791,0.22907322645187378,0.7794054746627808,0.2269701361656189,0.775924801826477,0.2339705228805542,0.7757994532585144,0.23445197939872742,0.7758179903030396,0.23457071185112,0.7864992618560791,0.2235925793647766,0.782190203666687,0.23189601302146912,0.7801666855812073,0.25218191742897034,0.7784616351127625,0.2554033100605011,0.805012047290802,0.2731556296348572,0.7855672240257263,0.3084966540336609,0.8073058128356934,0.3912654519081116,0.7805252075195312,0.401116281747818,0.7970486879348755,0.4638357162475586,0.7682950496673584,0.4577038586139679,0.7955144643783569,0.4919930398464203,0.7639488577842712,0.47850269079208374,0.7925151586532593,0.49057066440582275,0.7654420733451843,0.47417527437210083,0.7925553917884827,0.4837024509906769,0.7660272717475891,0.47248154878616333,0.8067290186882019,0.4779233932495117,0.7939584255218506,0.4792160391807556,0.7982735633850098,0.6215780973434448,0.7857117652893066,0.6169883012771606,0.8197464942932129,0.7817193865776062,0.7933153510093689,0.7544302940368652,0.827294111251831,0.7992419600486755,0.7997111678123474,0.7737414240837097,0.7984160780906677,0.8166333436965942,0.7738688588142395,0.799432098865509,0
0.7755127549171448,0.24700963497161865,0.7770060300827026,0.23126479983329773,0.7786667346954346,0.22882920503616333,0.7804605960845947,0.22615206241607666,0.7741273641586304,0.23579126596450806,0.7737056612968445,0.23660272359848022,0.7732957601547241,0.23717939853668213,0.7883544564247131,0.22302237153053284,0.7766026854515076,0.23773062229156494,0.7810443043708801,0.2538807690143585,0.7773761749267578,0.2585763931274414,0.8088234663009644,0.2744430601596832,0.7774010896682739,0.3094930648803711,0.8142817616462708,0.3699686527252197,0.7706887125968933,0.40546488761901855,0.8120772838592529,0.4549775719642639,0.7641044855117798,0.47807642817497253,0.8126786351203918,0.47643303871154785,0.7587952017784119,0.4989921748638153,0.8066158890724182,0.4771960973739624,0.7622979283332825,0.4932795464992523,0.8057495951652527,0.4719351530075073,0.7636547088623047,0.48997408151626587,0.8072324395179749,0.46256816387176514,0.7890136241912842,0.473854124546051,0.801875650882721,0.6254479885101318,0.7830121517181396,0.6219366788864136,0.8072385787963867,0.7861124873161316,0.795737087726593,0.7705559134483337,0.8127514719963074,0.8062702417373657,0.802560031414032,0.7907047867774963,0.790420413017273,0.845361590385437,0.7800953388214111,0.8194355368614197,0
0.7705276012420654,0.24339523911476135,0.7720765471458435,0.2282067835330963,0.7737005949020386,0.22565484046936035,0.7752328515052795,0.2231864035129547,0.76982182264328,0.23224735260009766,0.769565761089325,0.2327941358089447,0.7693138718605042,0.23311012983322144,0.7835966348648071,0.21960842609405518,0.7733296751976013,0.23301810026168823,0.7757776379585266,0.2501653730869293,0.7729443907737732,0.2553345561027527,0.8062933683395386,0.27458927035331726,0.7748062610626221,0.3102162182331085,0.8120805621147156,0.3607615530490875,0.7681164145469666,0.40038901567459106,0.8065419793128967,0.4508303701877594,0.7638582587242126,0.48218822479248047,0.8068686127662659,0.47251594066619873,0.7605201005935669,0.49974048137664795,0.797264039516449,0.4700157940387726,0.7619593739509583,0.4905783534049988,0.796813428401947,0.46364009380340576,0.7647480964660645,0.4836522340774536,0.8074498176574707,0.4673526883125305,0.785618007183075,0.46979469060897827,0.799673318862915,0.6182615756988525,0.7766011953353882,0.6292226910591125,0.8182169795036316,0.7754087448120117,0.7726081609725952,0.769609272480011,0.8216493129730225,0.7970958948135376,0.7804372906684875,0.7935488224029541,0.8087306022644043,0.8256120085716248,0.7576276659965515,0.8081588745117188,0
0.7698407769203186,0.24450016021728516,0.7715294361114502,0.22922369837760925,0.7728919386863708,0.2267356514930725,0.7744508385658264,0.2240164875984192,0.7693881392478943,0.23393961787223816,0.768873929977417,0.2351093292236328,0.7685613036155701,0.23583492636680603,0.7826181650161743,0.22066742181777954,0.7732080817222595,0.23569640517234802,0.7756901979446411,0.2527000606060028,0.7727924585342407,0.25885576009750366,0.8039298057556152,0.2756330370903015,0.7747294306755066,0.3136710822582245,0.8058686256408691,0.38287824392318726,0.7643593549728394,0.4183409512042999,0.801398515701294,0.4645003080368042,0.761942982673645,0.4833969473838806,0.8020790219306946,0.4857039451599121,0.7612705230712891,0.5045533180236816,0.7987430691719055,0.4855072498321533,0.7630266547203064,0.5023452639579773,0.798107922077179,0.48128628730773926,0.7660228610038757,0.49423500895500183,0.8102293610572815,0.4857255220413208,0.7865399718284607,0.4882925748825073,0.8003806471824646,0.6057520508766174,0.7793872952461243,0.6338322162628174,0.8053313493728638,0.7693207263946533,0.7795745730400085,0.7595589756965637,0.8097032904624939,0.7935279607772827,0.7848395705223083,0.7790969610214233,0.7924215197563171,0.8240901827812195,0.7629737257957458,0.8064652681350708,0
0.7669999003410339,0.24348056316375732,0.7680242657661438,0.22839105129241943,0.7695749998092651,0.22621110081672668,0.7707223296165466,0.22438588738441467,0.7661799788475037,0.23179104924201965,0.7659164667129517,0.232305109500885,0.7646399736404419,0.2335279881954193,0.7779513597488403,0.22326970100402832,0.7688964605331421,0.23305878043174744,0.7722243070602417,0.25078141689300537,0.7693343162536621,0.2544216215610504,0.7994371652603149,0.2764338254928589,0.7736115455627441,0.29711318016052246,0.8031255602836609,0.40294522047042847,0.7611753940582275,0.4053061604499817,0.7913188338279724,0.48351970314979553,0.760913610458374,0.48801329731941223,0.7913813591003418,0.5068375468254089,0.7584991455078125,0.5073760151863098,0.7878555059432983,0.5011295080184937,0.7627062201499939,0.48835623264312744,0.7881122827529907,0.4945552349090576,0.7631902694702148,0.48611751198768616,0.8043303489685059,0.49261146783828735,0.7896090745925903,0.4961538314819336,0.7859241366386414,0.6227344274520874,0.7995584011077881,0.6521512866020203,0.7814691662788391,0.78236323595047,0.8159676194190979,0.7578850984573364,0.7864106893539429,0.8087100386619568,0.8223425149917603,0.7748465538024902,0.7613927125930786,0.8094334602355957,0.8063921332359314,0.8062580227851868,0
0.7684075236320496,0.2467513382434845,0.7686035633087158,0.22726085782051086,0.770268440246582,0.2239258587360382,0.7720019817352295,0.22057518362998962,0.7651501893997192,0.23451492190361023,0.7643309235572815,0.2362648844718933,0.7627953290939331,0.2385084629058838,0.7797355651855469,0.2183990478515625,0.7655694484710693,0.24033969640731812,0.7752869725227356,0.254908949136734,0.7701302170753479,0.2607787847518921,0.7950162887573242,0.2862786650657654,0.7764768600463867,0.2820171117782593,0.7889406085014343,0.44171303510665894,0.7666371464729309,0.38981252908706665,0.7775853276252747,0.5495875477790833,0.7655198574066162,0.4603116512298584,0.7773025631904602,0.5809650421142578,0.7659117579460144,0.47510775923728943,0.7731028199195862,0.5761781930923462,0.7676156163215637,0.47558772563934326,0.7737904787063599,0.5666738152503967,0.7680020928382874,0.47273945808410645,0.8002654910087585,0.5010360479354858,0.7908487915992737,0.5016401410102844,0.7751409411430359,0.6140216588973999,0.8035288453102112,0.6393862366676331,0.7686038613319397,0.7865873575210571,0.822729229927063,0.7619791030883789,0.774170458316803,0.8190454244613647,0.8300198912620544,0.7848723530769348,0.7475337982177734,0.8195086717605591,0.8134271502494812,0.8091522455215454,0
0.7619048953056335,0.23792967200279236,0.7631038427352905,0.22159284353256226,0.7644004821777344,0.21973535418510437,0.7656572461128235,0.21801677346229553,0.7603803277015686,0.22576239705085754,0.7599170207977295,0.226619690656662,0.7593381404876709,0.22747373580932617,0.7725282907485962,0.2198779284954071,0.7637962102890015,0.22931113839149475,0.7682076096534729,0.24775457382202148,0.7647045254707336,0.25105777382850647,0.7872424721717834,0.28439030051231384,0.7769163846969604,0.2846634089946747,0.7838327288627625,0.42153918743133545,0.771811842918396,0.37996000051498413,0.7746107578277588,0.5232011675834656,0.7702683806419373,0.4355885088443756,0.7760699987411499,0.5530058145523071,0.7691309452056885,0.4515037536621094,0.7724307179450989,0.5495238304138184,0.7705911993980408,0.4457235038280487,0.7727330327033997,0.5407294631004333,0.7707394361495972,0.44368115067481995,0.7914152145385742,0.49639442563056946,0.7886096239089966,0.4830779433250427,0.7665953040122986,0.6208043694496155,0.7986643314361572,0.6458560824394226,0.7628025412559509,0.777063250541687,0.8119585514068604,0.7648575901985168,0.7675369381904602,0.8255380988121033,0.8185110092163086,0.7875865697860718,0.7380138635635376,0.8195716738700867,0.7992509603500366,0.8084621429443359,0
0.7575244903564453,0.2418195903301239,0.7586612105369568,0.2267920970916748,0.7604791522026062,0.22583428025245667,0.7614938616752625,0.22559237480163574,0.7570816874504089,0.22739142179489136,0.756879985332489,0.227294921875,0.7565264701843262,0.2273547649383545,0.7688139081001282,0.22685706615447998,0.761045515537262,0.22701597213745117,0.763532280921936,0.2520551085472107,0.7605489492416382,0.2524033188819885,0.7827980518341064,0.29643404483795166,0.7732972502708435,0.2645421028137207,0.7838805317878723,0.41815638542175293,0.7668288350105286,0.29397720098495483,0.7759482264518738,0.5220316648483276,0.757435142993927,0.29125159978866577,0.7777668833732605,0.5537205934524536,0.7552520036697388,0.2883777916431427,0.772600531578064,0.5506330728530884,0.7556655406951904,0.28502508997917175,0.7719871401786804,0.5401688814163208,0.7556854486465454,0.2909137010574341,0.7944907546043396,0.4799107611179352,0.7908064126968384,0.45971930027008057,0.7734734416007996,0.6019914150238037,0.7891378998756409,0.6086392402648926,0.764883816242218,0.7725620865821838,0.8138779997825623,0.7433708310127258,0.7655394077301025,0.8114706873893738,0.8147519826889038,0.7585428953170776,0.7379612922668457,0.8109579682350159,0.8047334551811218,0.7908394932746887,0
0.763057291507721,0.23540538549423218,0.7639241814613342,0.22103235125541687,0.7658910155296326,0.21941903233528137,0.767719566822052,0.21801701188087463,0.760216236114502,0.22429928183555603,0.759221076965332,0.22520169615745544,0.7581427693367004,0.2261749505996704,0.7732935547828674,0.2196672260761261,0.7593975067138672,0.23009026050567627,0.768257200717926,0.24527016282081604,0.7637903690338135,0.2478395402431488,0.7867899537086487,0.2760910093784332,0.7657565474510193,0.28410804271698,0.7891989946365356,0.388579785823822,0.7485457062721252,0.3413357734680176,0.7803100943565369,0.4847117066383362,0.7465918660163879,0.3412730395793915,0.7816101312637329,0.514401912689209,0.7455547451972961,0.34461700916290283,0.7779156565666199,0.5115640163421631,0.7475988864898682,0.3354416787624359,0.7777146697044373,0.502276599407196,0.7476063370704651,0.33736419677734375,0.7948569655418396,0.4529949724674225,0.7849196791648865,0.45857375860214233,0.7709768414497375,0.5754797458648682,0.7858392000198364,0.6201878190040588,0.7605541348457336,0.7641468048095703,0.815217912197113,0.7387931942939758,0.7640612125396729,0.7969452738761902,0.8219242691993713,0.7568459510803223,0.7371882200241089,0.8094643950462341,0.8059088587760925,0.7882020473480225,0
0.7573582530021667,0.22999951243400574,0.7586495280265808,0.2181307077407837,0.7599772810935974,0.21715760231018066,0.7612999081611633,0.21603301167488098,0.7558671236038208,0.2192460596561432,0.7552667856216431,0.21916961669921875,0.7545555233955383,0.21905630826950073,0.7671421766281128,0.213888019323349,0.7563233375549316,0.21978363394737244,0.7617962956428528,0.23823365569114685,0.758541464805603,0.23816823959350586,0.7852575182914734,0.25840139389038086,0.7591559290885925,0.2607250511646271,0.788284182548523,0.3558991849422455,0.7408102750778198,0.2818046808242798,0.7782952785491943,0.47021761536598206,0.7288708090782166,0.25361934304237366,0.774669349193573,0.5015249252319336,0.7252553105354309,0.24824124574661255,0.7718610167503357,0.4910438656806946,0.7262051701545715,0.24055582284927368,0.7719405889511108,0.48754262924194336,0.7271848917007446,0.24547189474105835,0.7952601313591003,0.4357474744319916,0.7823380827903748,0.4484829604625702,0.7683046460151672,0.571235179901123,0.7848649621009827,0.6171882152557373,0.7606368660926819,0.7705421447753906,0.8137385845184326,0.746200680732727,0.7640286087989807,0.8038891553878784,0.8166858553886414,0.760079026222229,0.7349355816841125,0.8082442283630371,0.8034770488739014,0.7987561821937561,0
0.752756655216217,0.22575116157531738,0.7546097636222839,0.21441182494163513,0.7557038068771362,0.21392464637756348,0.7569136023521423,0.21313884854316711,0.7525928616523743,0.2143203616142273,0.752187192440033,0.21392372250556946,0.7516664266586304,0.2134879231452942,0.7626838684082031,0.21322783827781677,0.7536904811859131,0.2149541974067688,0.7571556568145752,0.23552697896957397,0.7542502880096436,0.23505961894989014,0.7776798009872437,0.267862468957901,0.7574939727783203,0.2606601417064667,0.7832923531532288,0.3750811219215393,0.7422226071357727,0.2848854959011078,0.7744035124778748,0.4808705449104309,0.7337774038314819,0.28038230538368225,0.7703576683998108,0.5079447031021118,0.7314460277557373,0.2817361354827881,0.7689527273178101,0.5062132477760315,0.7322627902030945,0.27620047330856323,0.7690420746803284,0.49320369958877563,0.732810378074646,0.2789182662963867,0.7897713780403137,0.44320136308670044,0.7801410555839539,0.44759419560432434,0.7646015286445618,0.5931881070137024,0.7835277318954468,0.623262882232666,0.758394181728363,0.7795504331588745,0.8112995624542236,0.7388915419578552,0.7610030174255371,0.808803141117096,0.8178508877754211,0.758152425289154,0.7307158708572388,0.8146837949752808,0.8018307685852051,0.7871913909912109,0
0.7442182302474976,0.22237324714660645,0.7452617287635803,0.20962771773338318,0.7477563619613647,0.20676743984222412,0.7486308813095093,0.20539283752441406,0.7442788481712341,0.21032282710075378,0.7444216012954712,0.20977896451950073,0.7443914413452148,0.20914492011070251,0.7553175091743469,0.2061173915863037,0.7490805983543396,0.2120875120162964,0.7483898401260376,0.22849300503730774,0.7473782300949097,0.2305435836315155,0.7716071009635925,0.25481852889060974,0.7545977234840393,0.25665581226348877,0.7822068333625793,0.35236695408821106,0.7249188423156738,0.22021818161010742,0.7754906415939331,0.4416965842247009,0.7118701934814453,0.1781577467918396,0.7753942012786865,0.4632474184036255,0.7095668315887451,0.168767511844635,0.7737438082695007,0.45862650871276855,0.712314784526825,0.16020509600639343,0.7735369801521301,0.4512479603290558,0.7124544978141785,0.16528311371803284,0.7863740921020508,0.45447826385498047,0.7751844525337219,0.4668435752391815,0.7654778957366943,0.6127899885177612,0.7730875015258789,0.6212111115455627,0.7614661455154419,0.7765023708343506,0.7958702445030212,0.7243764996528625,0.7677123546600342,0.8092859983444214,0.8007221221923828,0.7400848269462585,0.7357180118560791,0.8183960914611816,0.7882829308509827,0.773642361164093,0
0.7407624125480652,0.22537842392921448,0.7433705925941467,0.2106773853302002,0.744289219379425,0.20905980467796326,0.7449619174003601,0.20615622401237488,0.7424219250679016,0.2116328477859497,0.7426066398620605,0.21089810132980347,0.742695152759552,0.2102203369140625,0.7523703575134277,0.20486438274383545,0.7478346824645996,0.20956748723983765,0.7464683055877686,0.22931310534477234,0.745680570602417,0.23127567768096924,0.7660946846008301,0.25837814807891846,0.7545796036720276,0.2603360116481781,0.7713305950164795,0.36358150839805603,0.7334505319595337,0.292595773935318,0.7702564597129822,0.45582666993141174,0.7241472005844116,0.2817019522190094,0.774085283279419,0.4726089835166931,0.7227017283439636,0.27936968207359314,0.7717532515525818,0.4716465175151825,0.7232297658920288,0.273823082447052,0.7708274722099304,0.4634280502796173,0.7231820821762085,0.2773558795452118,0.7786644101142883,0.4614311456680298,0.7721812129020691,0.4667452573776245,0.7644572854042053,0.6207482218742371,0.7702955603599548,0.6323131322860718,0.7659977078437805,0.7822803258895874,0.7863778471946716,0.7477813959121704,0.7735472321510315,0.8040008544921875,0.7924261093139648,0.7679197788238525,0.7392204999923706,0.8223240375518799,0.7730494141578674,0.794892430305481,0
0.7291497588157654,0.26756757497787476,0.7366616725921631,0.2427699863910675,0.7389493584632874,0.24114304780960083,0.7409706115722656,0.23979535698890686,0.7270127534866333,0.25027164816856384,0.7262181639671326,0.2507871091365814,0.725741446018219,0.2511172592639923,0.7492595911026001,0.27524009346961975,0.7336698174476624,0.2488696277141571,0.7390575408935547,0.29998424649238586,0.7255160808563232,0.2818886935710907,0.7584961652755737,0.36544471979141235,0.7424862384796143,0.34957754611968994,0.7748358249664307,0.48457831144332886,0.750471293926239,0.3855266273021698,0.7686392068862915,0.5730500221252441,0.741463303565979,0.34107643365859985,0.7699864506721497,0.5981267690658569,0.7407101988792419,0.32931745052337646,0.7661483883857727,0.5960575938224792,0.7379310727119446,0.3239600360393524,0.7653283476829529,0.5865716934204102,0.7384837865829468,0.3308454155921936,0.7880297899246216,0.6164305210113525,0.7820827960968018,0.6156226992607117,0.7863141298294067,0.6817958354949951,0.7828357219696045,0.6462398767471313,0.7938153743743896,0.7521250247955322,0.7877769470214844,0.6952744126319885,0.7973008751869202,0.7604057788848877,0.7892923355102539,0.7044653296470642,0.7869195938110352,0.7892581820487976,0.7863385677337646,0.7157407402992249,0
0.7323386669158936,0.2294958531856537,0.7375646233558655,0.2105032205581665,0.7391142249107361,0.20883312821388245,0.7403947710990906,0.2070116400718689,0.7319329380989075,0.21524181962013245,0.7319138646125793,0.21461501717567444,0.7318048477172852,0.21354767680168152,0.7472668290138245,0.20630627870559692,0.7383637428283691,0.21042907238006592,0.7392815947532654,0.23602822422981262,0.7374930381774902,0.23771730065345764,0.7605535387992859,0.255241334438324,0.7478290796279907,0.2609154284000397,0.7791587114334106,0.36522090435028076,0.7402734756469727,0.27288496494293213,0.7741490602493286,0.4452669024467468,0.7199145555496216,0.24393770098686218,0.7739629149436951,0.46632450819015503,0.7152596712112427,0.2356284260749817,0.770114541053772,0.4638381004333496,0.7146099209785461,0.22839239239692688,0.7759571075439453,0.45133623480796814,0.7160757184028625,0.23242199420928955,0.7708942890167236,0.47393524646759033,0.7640230059623718,0.4787955582141876,0.7700915932655334,0.6323845982551575,0.7675701379776001,0.6112513542175293,0.7767494320869446,0.7854948043823242,0.7754356861114502,0.7334125638008118,0.7844366431236267,0.8030130863189697,0.7810307145118713,0.7524371147155762,0.7522335052490234,0.8145924806594849,0.7586928009986877,0.7882921695709229,0
0.7386729121208191,0.30204302072525024,0.7413941025733948,0.28818076848983765,0.7420223355293274,0.2888677716255188,0.7426784634590149,0.28942450881004333,0.7411088943481445,0.2868697941303253,0.7415161728858948,0.28673669695854187,0.7417013049125671,0.28679078817367554,0.7476617693901062,0.3011963367462158,0.7469479441642761,0.2969701290130615,0.7414407134056091,0.32039472460746765,0.7403167486190796,0.3187480568885803,0.7547137141227722,0.3713635504245758,0.7526500225067139,0.38376450538635254,0.7732805013656616,0.3771938681602478,0.7592096924781799,0.43406733870506287,0.7621583938598633,0.3460462689399719,0.7483697533607483,0.418770432472229,0.7598531246185303,0.3385375738143921,0.747044563293457,0.41511791944503784,0.7588090896606445,0.33373185992240906,0.7445361018180847,0.4112461805343628,0.7607666254043579,0.33710139989852905,0.7448708415031433,0.4129739999771118,0.7778799533843994,0.6477596759796143,0.778728723526001,0.6490755677223206,0.7682933211326599,0.6949137449264526,0.7763276696205139,0.6839215755462646,0.7747218608856201,0.767988920211792,0.7684083580970764,0.7370575070381165,0.7756598591804504,0.7741268277168274,0.7712406516075134,0.7466338872909546,0.7639520764350891,0.7920330762863159,0.7638431787490845,0.7797881364822388,0
0.7297894954681396,0.29998040199279785,0.7343391180038452,0.2878488600254059,0.7352073192596436,0.28798386454582214,0.7361082434654236,0.2880169153213501,0.7336156368255615,0.28854697942733765,0.733960747718811,0.2891751229763031,0.7340922951698303,0.2899355888366699,0.7420612573623657,0.3012933135032654,0.7399296164512634,0.30321580171585083,0.7320553660392761,0.3180927634239197,0.730847954750061,0.31822049617767334,0.7472849488258362,0.37737414240837097,0.7419392466545105,0.38821080327033997,0.757056713104248,0.3249973952770233,0.753399133682251,0.3576209843158722,0.7515767216682434,0.26568692922592163,0.7447376847267151,0.2789710760116577,0.7513386011123657,0.24926626682281494,0.7433854341506958,0.2591809332370758,0.7497163414955139,0.25364047288894653,0.7420549392700195,0.25732460618019104,0.7498853802680969,0.25987008213996887,0.7426196336746216,0.2648293972015381,0.7619232535362244,0.6644563674926758,0.7562814354896545,0.6586329936981201,0.7648399472236633,0.6736140251159668,0.7586215138435364,0.6301476359367371,0.7605257630348206,0.7289392948150635,0.7635564208030701,0.7031986713409424,0.7605261206626892,0.7360560894012451,0.7646571397781372,0.7162105441093445,0.7512652277946472,0.7658092975616455,0.7637004256248474,0.7186015248298645,0
0.7228730916976929,0.3178797662258148,0.7286339402198792,0.30177831649780273,0.7297850847244263,0.303095281124115,0.7309439778327942,0.30424726009368896,0.7273013591766357,0.2984922528266907,0.7215602397918701,0.2669110894203186,0.7213936448097229,0.26770567893981934,0.7380610108375549,0.3178386688232422,0.7336551547050476,0.30644240975379944,0.7253143787384033,0.3410857319831848,0.7233785390853882,0.33649811148643494,0.7454096674919128,0.4299103319644928,0.7351456880569458,0.4074200689792633,0.7682628631591797,0.5440664887428284,0.7449416518211365,0.4697141647338867,0.7562580704689026,0.6791572570800781,0.7400206923484802,0.436904639005661,0.7574992179870605,0.7173185348510742,0.739194393157959,0.4260680079460144,0.748230516910553,0.7189680337905884,0.7382550835609436,0.4215368628501892,0.747647762298584,0.7039527297019958,0.7386781573295593,0.4275227189064026,0.7618223428726196,0.7154624462127686,0.7531992793083191,0.7097238898277283,0.769124448299408,0.6349500417709351,0.7503059506416321,0.5656342506408691,0.7594858407974243,0.5185218453407288,0.7660738825798035,0.464571475982666,0.7571181654930115,0.5083202123641968,0.7708229422569275,0.46102893352508545,0.7519099116325378,0.4645078778266907,0.7610054016113281,0.40372657775878906,0
0.7122379541397095,0.2337016761302948,0.7147554755210876,0.21950563788414001,0.7168067097663879,0.21738773584365845,0.7217010259628296,0.21170660853385925,0.711249589920044,0.2218749225139618,0.7108566761016846,0.2215118110179901,0.7104982137680054,0.22078391909599304,0.7301379442214966,0.20926424860954285,0.717097282409668,0.21919861435890198,0.7189493179321289,0.25159117579460144,0.7164393663406372,0.24993449449539185,0.7543256282806396,0.26772764325141907,0.7395154237747192,0.30133670568466187,0.7693679332733154,0.37437447905540466,0.7388715147972107,0.38571369647979736,0.7587010860443115,0.4460933208465576,0.7307103276252747,0.41301974654197693,0.7592864632606506,0.46672698855400085,0.7290367484092712,0.4226519763469696,0.7545813322067261,0.4645252823829651,0.7288109660148621,0.4175201952457428,0.754603385925293,0.459293007850647,0.7293561697006226,0.4155799150466919,0.764686644077301,0.541121780872345,0.7557932138442993,0.5455856919288635,0.7627031207084656,0.6731657385826111,0.7582103610038757,0.6578311920166016,0.7679764032363892,0.8063652515411377,0.7618556618690491,0.7541161179542542,0.771486222743988,0.8216655254364014,0.761648952960968,0.7822378873825073,0.7417657375335693,0.8287893533706665,0.7447733879089355,0.7906817197799683,0
0.7090730667114258,0.2456236481666565,0.7134225964546204,0.2312186062335968,0.7145296335220337,0.2299388349056244,0.7151116132736206,0.24060609936714172,0.7117992639541626,0.22347676753997803,0.7119394540786743,0.22297030687332153,0.7119566798210144,0.2221958339214325,0.7250978350639343,0.22701376676559448,0.719637393951416,0.23036178946495056,0.7128317356109619,0.27373260259628296,0.7144925594329834,0.26258325576782227,0.7450332045555115,0.3016287088394165,0.7381410002708435,0.3136061429977417,0.7523677349090576,0.47859376668930054,0.7426578402519226,0.38991841673851013,0.7462723851203918,0.596185028553009,0.7300098538398743,0.40590107440948486,0.7491500377655029,0.6287767887115479,0.7273758053779602,0.4086475372314453,0.7433289289474487,0.6292427778244019,0.7260463833808899,0.40838462114334106,0.742358386516571,0.617125928401947,0.7268614768981934,0.4097400903701782,0.7554422616958618,0.6067304015159607,0.75253826379776,0.596611738204956,0.7588279843330383,0.713467001914978,0.7519729733467102,0.6630573272705078,0.7577415704727173,0.7797363996505737,0.7588866949081421,0.742205798625946,0.7594195604324341,0.7936365604400635,0.7609142661094666,0.7574619650840759,0.7478407621383667,0.7939595580101013,0.7574501633644104,0.7617942690849304,0
0.7143873572349548,0.2094920575618744,0.7171487808227539,0.19736787676811218,0.7189013957977295,0.19589897990226746,0.720553457736969,0.1942659318447113,0.7138309478759766,0.20014482736587524,0.7147181034088135,0.19900599122047424,0.7148135304450989,0.19842177629470825,0.7274847030639648,0.19827571511268616,0.7200219631195068,0.20267006754875183,0.7228450179100037,0.22145062685012817,0.7185695171356201,0.226738840341568,0.7511096596717834,0.26512327790260315,0.7348094582557678,0.28230494260787964,0.7605354189872742,0.39467912912368774,0.7261207103729248,0.33868831396102905,0.7535009980201721,0.49819064140319824,0.7051869034767151,0.3261373043060303,0.756477415561676,0.5478856563568115,0.7000942826271057,0.32325389981269836,0.7513444423675537,0.5466053485870361,0.6985645294189453,0.31835025548934937,0.7504764795303345,0.5352052450180054,0.7005014419555664,0.32127645611763,0.7579565048217773,0.5263252854347229,0.7450330853462219,0.5277488827705383,0.7550199031829834,0.6785563230514526,0.7477583289146423,0.6730069518089294,0.7531617283821106,0.7837294936180115,0.7501247525215149,0.7640982270240784,0.7570405006408691,0.7996780872344971,0.7528934478759766,0.7813304662704468,0.7409601211547852,0.8029191493988037,0.7402665615081787,0.7900888919830322,0
0.7144018411636353,0.2169877290725708,0.7170376181602478,0.20005562901496887,0.7191540598869324,0.19841215014457703,0.7220487594604492,0.19552111625671387,0.713163435459137,0.20215263962745667,0.7126375436782837,0.2019798457622528,0.712098240852356,0.20117878913879395,0.7284300923347473,0.20428264141082764,0.717192530632019,0.20947161316871643,0.7219598293304443,0.22796660661697388,0.7174118161201477,0.2338535487651825,0.7505608201026917,0.2650340497493744,0.7247229218482971,0.28281888365745544,0.7588658928871155,0.3919709622859955,0.713302493095398,0.2783188223838806,0.750200092792511,0.4746812582015991,0.6907916069030762,0.21918264031410217,0.7518894672393799,0.5041443705558777,0.6855069398880005,0.2024342119693756,0.7477147579193115,0.503931999206543,0.6862728595733643,0.1952783465385437,0.7463222146034241,0.4959104657173157,0.6882177591323853,0.2022463083267212,0.7595688700675964,0.5085558891296387,0.7417097091674805,0.4996394217014313,0.749660849571228,0.6345638632774353,0.7417985796928406,0.6344698667526245,0.7485255599021912,0.7743752598762512,0.7426116466522217,0.7355380058288574,0.7504033446311951,0.7958669662475586,0.7453063726425171,0.7507314085960388,0.7340472340583801,0.8295631408691406,0.7343279719352722,0.7807416915893555,0
0.713917076587677,0.2085811197757721,0.717848002910614,0.19150573015213013,0.7200578451156616,0.19023454189300537,0.7221547365188599,0.1886696219444275,0.7124560475349426,0.19844308495521545,0.7116237282752991,0.1984679102897644,0.7108166813850403,0.19806590676307678,0.7280691862106323,0.20088079571723938,0.7154383063316345,0.20410487055778503,0.7207520604133606,0.22035032510757446,0.7157213091850281,0.22620967030525208,0.7489347457885742,0.26275259256362915,0.7205747961997986,0.2894904315471649,0.7573837637901306,0.3631353974342346,0.7142202258110046,0.31487321853637695,0.7493991851806641,0.458662211894989,0.6989431381225586,0.2602361738681793,0.7494915723800659,0.47982075810432434,0.6953733563423157,0.2486886978149414,0.7481448650360107,0.4777390956878662,0.69612056016922,0.23886126279830933,0.747715950012207,0.476656973361969,0.6974815130233765,0.24280953407287598,0.7499865889549255,0.49499911069869995,0.7332667708396912,0.512516975402832,0.7446929216384888,0.6263124346733093,0.7287286520004272,0.6388979554176331,0.7503855228424072,0.7877074480056763,0.7294723987579346,0.7489832043647766,0.7538987994194031,0.8026101589202881,0.7283852696418762,0.7660229802131653,0.7360534071922302,0.8453850746154785,0.7206124663352966,0.7966789603233337,0
0.7105013132095337,0.22457820177078247,0.7148338556289673,0.20688185095787048,0.7171055674552917,0.2057141363620758,0.7192407846450806,0.20440950989723206,0.7092408537864685,0.20943060517311096,0.7086664438247681,0.2092677354812622,0.7080867290496826,0.20867717266082764,0.7265248894691467,0.21162697672843933,0.7138013243675232,0.22155970335006714,0.7177416682243347,0.22941532731056213,0.7133821249008179,0.23446795344352722,0.7499370574951172,0.274179607629776,0.7148172855377197,0.31064721941947937,0.7597079873085022,0.40079933404922485,0.713776171207428,0.41359710693359375,0.7479518055915833,0.47882983088493347,0.706465482711792,0.460862934589386,0.749565064907074,0.5300660729408264,0.7037233710289001,0.4796287417411804,0.7434475421905518,0.529699444770813,0.7053589820861816,0.47718358039855957,0.7412947416305542,0.5189422965049744,0.7080104351043701,0.46943366527557373,0.7526900768280029,0.5451124906539917,0.7298252582550049,0.5611772537231445,0.7499299645423889,0.7018669247627258,0.7267863750457764,0.6943346858024597,0.7424264550209045,0.7866454124450684,0.7287164926528931,0.7510473132133484,0.7431043386459351,0.7988903522491455,0.7298111915588379,0.7595676183700562,0.73359215259552,0.8066391944885254,0.7186197638511658,0.7802424430847168,0
0.711993396282196,0.1929067075252533,0.7129465937614441,0.18540534377098083,0.7158808708190918,0.17990469932556152,0.7176775932312012,0.17819032073020935,0.7093744277954102,0.1896439492702484,0.7087767720222473,0.19090166687965393,0.7082264423370361,0.19167548418045044,0.7229036688804626,0.19107431173324585,0.7117700576782227,0.20007383823394775,0.7217198610305786,0.20062866806983948,0.7151855826377869,0.21002471446990967,0.7484232187271118,0.26166442036628723,0.7174803614616394,0.29908183217048645,0.7515935897827148,0.38447660207748413,0.7201581001281738,0.4198768138885498,0.7417794466018677,0.4893121123313904,0.7070138454437256,0.49389803409576416,0.7462171912193298,0.5294825434684753,0.7014886736869812,0.5191195607185364,0.7413778901100159,0.5333607196807861,0.7028669118881226,0.5178595781326294,0.7393261194229126,0.5221779346466064,0.7065772414207458,0.5078098177909851,0.7520016431808472,0.5242937207221985,0.7303146719932556,0.5392023921012878,0.7467970252037048,0.6747448444366455,0.7314019799232483,0.6851101517677307,0.7395333647727966,0.7961534261703491,0.7337262034416199,0.7729517817497253,0.740115761756897,0.815582275390625,0.735439658164978,0.7874503135681152,0.732769250869751,0.8340831398963928,0.7323624491691589,0.8038870096206665,0
0.7032744288444519,0.22005656361579895,0.7051489353179932,0.20381411910057068,0.7068827152252197,0.2019939422607422,0.7086174488067627,0.19882401823997498,0.7028059363365173,0.20643678307533264,0.702917754650116,0.20658689737319946,0.7030811309814453,0.20647457242012024,0.7188899517059326,0.19821426272392273,0.7096071839332581,0.20905795693397522,0.7109329104423523,0.22930806875228882,0.7079495191574097,0.23446041345596313,0.7489279508590698,0.25686973333358765,0.718630313873291,0.29143619537353516,0.762279212474823,0.36045920848846436,0.7121897339820862,0.39006274938583374,0.7573961615562439,0.47220486402511597,0.7013291120529175,0.496130108833313,0.757988452911377,0.501319169998169,0.6961497664451599,0.5127037763595581,0.7534350156784058,0.5012060403823853,0.6996390223503113,0.5116842985153198,0.7498804330825806,0.49074071645736694,0.7012647986412048,0.5085748434066772,0.745018720626831,0.47593969106674194,0.7262476086616516,0.48176640272140503,0.7395485639572144,0.6329430937767029,0.7087616920471191,0.620956301689148,0.7545652985572815,0.7928942441940308,0.7073527574539185,0.7827879190444946,0.7564296722412109,0.8115968704223633,0.7140077948570251,0.8098225593566895,0.7430863380432129,0.8488999605178833,0.6857090592384338,0.8099514245986938,0
0.701752245426178,0.22153708338737488,0.7032862305641174,0.20535653829574585,0.7048718929290771,0.20408973097801208,0.7065556645393372,0.20253220200538635,0.7013412117958069,0.20654085278511047,0.7014949321746826,0.20630565285682678,0.7017107605934143,0.20580732822418213,0.7169575095176697,0.20084413886070251,0.7085540294647217,0.20710691809654236,0.7084057927131653,0.23020866513252258,0.7059385180473328,0.23346474766731262,0.7471568584442139,0.25833725929260254,0.7160806655883789,0.28399404883384705,0.7652606964111328,0.36413830518722534,0.7116988897323608,0.3943236768245697,0.7596468329429626,0.478337824344635,0.7003659009933472,0.4907330274581909,0.7589131593704224,0.5063379406929016,0.6954392790794373,0.5101345181465149,0.7533239126205444,0.5054925084114075,0.6964870095252991,0.511485755443573,0.7523394227027893,0.49659889936447144,0.6998350024223328,0.5013278722763062,0.7475995421409607,0.4753788113594055,0.7259554266929626,0.47380441427230835,0.7468901872634888,0.6298151016235352,0.7087790966033936,0.6070013642311096,0.7557252645492554,0.7860607504844666,0.708030641078949,0.7536670565605164,0.7590155005455017,0.8103560209274292,0.7156919836997986,0.7776000499725342,0.7426232099533081,0.8244533538818359,0.6884146332740784,0.7932323217391968,0
0.6973393559455872,0.22310802340507507,0.6991977691650391,0.2067977786064148,0.7008528709411621,0.20497357845306396,0.7024577856063843,0.20294582843780518,0.6973810791969299,0.2088208794593811,0.6976248025894165,0.20864397287368774,0.6979333162307739,0.20821505784988403,0.7117481231689453,0.20073941349983215,0.7055658102035522,0.20833608508110046,0.7042964100837708,0.2321392297744751,0.7019901275634766,0.2351432740688324,0.7417274117469788,0.2616831958293915,0.7139943838119507,0.28782981634140015,0.7605069279670715,0.365447461605072,0.7091439962387085,0.3965509235858917,0.7579343318939209,0.47710680961608887,0.6964618563652039,0.49805065989494324,0.7588567137718201,0.5027502775192261,0.6907421946525574,0.5159302949905396,0.7535747289657593,0.5020720958709717,0.6916272640228271,0.5170611143112183,0.7521277666091919,0.4952772259712219,0.6954092383384705,0.5114467740058899,0.7422946095466614,0.47090083360671997,0.7214820981025696,0.46976718306541443,0.7444324493408203,0.6282051205635071,0.7074010968208313,0.6120716333389282,0.75649493932724,0.788494884967804,0.707283079624176,0.7596740126609802,0.7575001120567322,0.8136540651321411,0.714393138885498,0.7822100520133972,0.7393904328346252,0.8293334245681763,0.6851491332054138,0.8026677966117859,0
0.6935389041900635,0.22959837317466736,0.6954453587532043,0.21438276767730713,0.696491539478302,0.213139146566391,0.6977636218070984,0.211478590965271,0.6944172382354736,0.2155715823173523,0.6946804523468018,0.21535220742225647,0.6949542164802551,0.21489334106445312,0.7053611278533936,0.20953017473220825,0.7009296417236328,0.21472984552383423,0.6989207863807678,0.2399992048740387,0.6970734000205994,0.2415546476840973,0.7375769019126892,0.2629494369029999,0.7066516280174255,0.2872310280799866,0.7596479058265686,0.3637712001800537,0.7034536004066467,0.3875722289085388,0.7587445378303528,0.47390180826187134,0.69536954164505,0.4830409586429596,0.7603186368942261,0.5042365193367004,0.6896762251853943,0.50588059425354,0.7553196549415588,0.5025573968887329,0.6917440891265869,0.5059190392494202,0.7533037066459656,0.4939296245574951,0.6934261322021484,0.5003780722618103,0.7417132258415222,0.47676244378089905,0.7215203642845154,0.4786621034145355,0.7431381940841675,0.6335755586624146,0.7086451053619385,0.615029513835907,0.7519934773445129,0.7870014309883118,0.7105845808982849,0.7619509100914001,0.7535035610198975,0.8103991746902466,0.7186372876167297,0.7813454866409302,0.7384160757064819,0.8399969935417175,0.688826858997345,0.7938293814659119,0
0.696570098400116,0.22820422053337097,0.6986181735992432,0.21596473455429077,0.7001380920410156,0.21324807405471802,0.7016497254371643,0.2116418480873108,0.696038544178009,0.21721786260604858,0.6958830952644348,0.21682938933372498,0.695690929889679,0.21625036001205444,0.7092913389205933,0.2088969349861145,0.7003541588783264,0.21622765064239502,0.7039281129837036,0.2372039556503296,0.699944794178009,0.2400895357131958,0.7393545508384705,0.27092164754867554,0.7030640244483948,0.29138702154159546,0.7575099468231201,0.36882609128952026,0.6980369091033936,0.3857031464576721,0.7597430348396301,0.48133721947669983,0.6892188191413879,0.4955298602581024,0.7611241340637207,0.5008332133293152,0.6818846464157104,0.5214283466339111,0.7561726570129395,0.49974924325942993,0.6833789348602295,0.5215355157852173,0.7541707158088684,0.49463754892349243,0.688228189945221,0.5156620144844055,0.7397999167442322,0.47972938418388367,0.719550371170044,0.4803601801395416,0.7436832189559937,0.6304524540901184,0.7041253447532654,0.6157653331756592,0.7490147352218628,0.7819084525108337,0.7082145810127258,0.7610706090927124,0.7491644024848938,0.8017310500144958,0.7102142572402954,0.7944177389144897,0.7433513402938843,0.8202467560768127,0.688325047492981,0.801497757434845,0
0.6898992657661438,0.23589709401130676,0.6922685503959656,0.22299522161483765,0.6932736039161682,0.22226086258888245,0.6942456364631653,0.2212497591972351,0.6905195116996765,0.22345077991485596,0.6905357837677002,0.22306382656097412,0.6904746890068054,0.22246193885803223,0.7022474408149719,0.22026687860488892,0.6950481534004211,0.22279509902000427,0.6953123807907104,0.2477746307849884,0.6923903226852417,0.24777811765670776,0.7346426844596863,0.2723788619041443,0.6973749399185181,0.28616559505462646,0.7558595538139343,0.37202900648117065,0.6940135359764099,0.3889269530773163,0.7589883804321289,0.4802863895893097,0.6863917112350464,0.4907008707523346,0.7608137726783752,0.5058644413948059,0.680574893951416,0.5117759108543396,0.7558689117431641,0.5040493607521057,0.6826924681663513,0.5116934776306152,0.7543648481369019,0.49727991223335266,0.6866301894187927,0.5044611692428589,0.7382170557975769,0.4849569797515869,0.7170648574829102,0.48772957921028137,0.7420710921287537,0.6341466903686523,0.7044554352760315,0.6210498213768005,0.7503546476364136,0.7809010744094849,0.7071675658226013,0.7580205798149109,0.751349687576294,0.8015890121459961,0.7148224711418152,0.7793972492218018,0.7377486228942871,0.8231678009033203,0.6903771758079529,0.7999135255813599,0
0.6880754232406616,0.24778443574905396,0.689825177192688,0.23442912101745605,0.6905112266540527,0.23403939604759216,0.6910954713821411,0.2334671914577484,0.6884729862213135,0.2338578999042511,0.6885817646980286,0.23290356993675232,0.6885764002799988,0.23176410794258118,0.6975327730178833,0.2323627471923828,0.6935944557189941,0.22980475425720215,0.6927216053009033,0.2569630742073059,0.6914738416671753,0.25627467036247253,0.7284890413284302,0.27765172719955444,0.7002526521682739,0.2856629490852356,0.7534481883049011,0.37352651357650757,0.691689670085907,0.3868112564086914,0.7569912672042847,0.47908759117126465,0.6847329139709473,0.4942396283149719,0.7584709525108337,0.5076146125793457,0.6784641742706299,0.5196570158004761,0.7545936703681946,0.5049564838409424,0.683751106262207,0.5158531665802002,0.7520055174827576,0.49488353729248047,0.6853636503219604,0.5102019309997559,0.7362285852432251,0.4921879768371582,0.7196395397186279,0.49083802103996277,0.7419593930244446,0.6306728720664978,0.7056107521057129,0.6152517199516296,0.7461113333702087,0.7757567167282104,0.7061094045639038,0.7488818764686584,0.7452930212020874,0.7970782518386841,0.7113251686096191,0.7715811729431152,0.7341614961624146,0.8143914341926575,0.6910092830657959,0.7888513803482056,0
0.6841627955436707,0.25731876492500305,0.6850277781486511,0.2452712059020996,0.685513436794281,0.2449878752231598,0.6865119934082031,0.2442447543144226,0.6848195791244507,0.24428844451904297,0.6851415634155273,0.24325814843177795,0.6853706240653992,0.24202761054039001,0.6925569176673889,0.24346542358398438,0.6909623146057129,0.23871999979019165,0.6875088214874268,0.26641929149627686,0.6870790719985962,0.265228807926178,0.7250333428382874,0.28459203243255615,0.6958343386650085,0.2874648869037628,0.7441109418869019,0.3940158486366272,0.6898054480552673,0.39650553464889526,0.7513227462768555,0.4773402512073517,0.6830881237983704,0.49494221806526184,0.753759503364563,0.5056783556938171,0.6782493591308594,0.5194012522697449,0.7404055595397949,0.5134314298629761,0.682081937789917,0.5172592401504517,0.7389827370643616,0.5053298473358154,0.6837595701217651,0.5113962292671204,0.7317808866500854,0.4724619686603546,0.7186827063560486,0.4701754152774811,0.7391117215156555,0.6221818923950195,0.7045230269432068,0.6075839400291443,0.7437258958816528,0.7794760465621948,0.7112504839897156,0.7703707814216614,0.7443441152572632,0.8020792603492737,0.7177993655204773,0.7852148413658142,0.7366673946380615,0.8151344060897827,0.6943777203559875,0.7953292727470398,0
0.6825746893882751,0.2683787941932678,0.6828436851501465,0.25663650035858154,0.6837488412857056,0.25487828254699707,0.6840498447418213,0.2543320059776306,0.6826946139335632,0.25531530380249023,0.6828626394271851,0.2541193664073944,0.6828367114067078,0.2519803047180176,0.6898061633110046,0.251552015542984,0.687809407711029,0.2473190724849701,0.6862950921058655,0.27629294991493225,0.6859268546104431,0.2749221920967102,0.7263507843017578,0.28885191679000854,0.6940094232559204,0.2938741147518158,0.7482693195343018,0.37958139181137085,0.6844399571418762,0.40424269437789917,0.7565741539001465,0.48103517293930054,0.6790836453437805,0.5036840438842773,0.759320855140686,0.508873701095581,0.6760698556900024,0.5334692597389221,0.753086507320404,0.5095715522766113,0.6788601875305176,0.5316202044487,0.7514062523841858,0.5000813603401184,0.6796705722808838,0.5208544135093689,0.7336657643318176,0.4767323136329651,0.7203369140625,0.47527244687080383,0.7417969703674316,0.6216245293617249,0.7046036720275879,0.6121916174888611,0.7434730529785156,0.7784928679466248,0.7122707366943359,0.7687497735023499,0.7442367672920227,0.8009488582611084,0.7150126695632935,0.780206024646759,0.7385172247886658,0.8126034140586853,0.6962964534759521,0.7919352650642395,0
0.6801923513412476,0.2714991271495819,0.6816205978393555,0.25865045189857483,0.6821085810661316,0.25822630524635315,0.6824846863746643,0.25772327184677124,0.6803486347198486,0.2583463490009308,0.6805112361907959,0.25728553533554077,0.6805187463760376,0.2561362087726593,0.6894461512565613,0.25216031074523926,0.6853087544441223,0.25075680017471313,0.6844874620437622,0.277316153049469,0.6840637922286987,0.27675968408584595,0.7261027693748474,0.29106178879737854,0.6877940893173218,0.3033829927444458,0.7465851902961731,0.3862546384334564,0.6820299029350281,0.41881489753723145,0.7577039003372192,0.4859181046485901,0.6774300336837769,0.5250265598297119,0.7600157260894775,0.510977029800415,0.6741459369659424,0.5502750873565674,0.755879819393158,0.5108570456504822,0.6759284734725952,0.5491237044334412,0.7542902827262878,0.5025900602340698,0.6783320903778076,0.5417419075965881,0.7334630489349365,0.475308358669281,0.7167545557022095,0.47678810358047485,0.7409042119979858,0.621738851070404,0.7034234404563904,0.6191102266311646,0.7423160076141357,0.7725858688354492,0.7080755829811096,0.7624328136444092,0.7414481043815613,0.797143816947937,0.7131619453430176,0.7860350608825684,0.7450375556945801,0.8231381177902222,0.6936019062995911,0.7909919023513794,0
0.6818511486053467,0.2776244580745697,0.682522177696228,0.2664526700973511,0.6837813854217529,0.2640630006790161,0.6844764947891235,0.2628400921821594,0.6819483041763306,0.2662976384162903,0.6820598244667053,0.2654552459716797,0.6820490956306458,0.264461487531662,0.6909480690956116,0.2579355537891388,0.6847328543663025,0.2603069841861725,0.6865798830986023,0.2857975959777832,0.68462735414505,0.2859834134578705,0.727319061756134,0.2882559597492218,0.6868019104003906,0.3163077235221863,0.7456253170967102,0.3877783417701721,0.6795174479484558,0.41872942447662354,0.7562857866287231,0.4916866421699524,0.6758196949958801,0.529291033744812,0.7586913108825684,0.5132988691329956,0.6685193777084351,0.5577532649040222,0.7545968890190125,0.5132472515106201,0.675652027130127,0.5483484268188477,0.7519975900650024,0.5088809728622437,0.6791274547576904,0.5407248139381409,0.7323221564292908,0.4851457476615906,0.7120131254196167,0.4921710789203644,0.7362030148506165,0.6097908020019531,0.702923595905304,0.606663703918457,0.7377218008041382,0.7613306045532227,0.7094263434410095,0.7719367146492004,0.7390395402908325,0.7844019532203674,0.7137749791145325,0.7960241436958313,0.7387521862983704,0.8053069114685059,0.6965890526771545,0.7945635318756104,0
0.6862838864326477,0.2769511044025421,0.6869564652442932,0.25750869512557983,0.6886054873466492,0.2552458941936493,0.6915056109428406,0.2518863081932068,0.6835639476776123,0.2613341510295868,0.682219386100769,0.2623584568500519,0.6815197467803955,0.2625727653503418,0.6989021897315979,0.249120831489563,0.6850106716156006,0.2618807256221771,0.6946863532066345,0.28333914279937744,0.688657820224762,0.2906864285469055,0.7301170825958252,0.29873040318489075,0.6860009431838989,0.3424817621707916,0.7466719150543213,0.4049606919288635,0.6785556077957153,0.4451119303703308,0.7560867071151733,0.5150929093360901,0.6760576963424683,0.5430623888969421,0.7588958144187927,0.5434576272964478,0.6744080185890198,0.5771481394767761,0.7537961006164551,0.5434709191322327,0.6754181981086731,0.5675777792930603,0.7525845766067505,0.5363953709602356,0.6794522404670715,0.5616026520729065,0.7326431274414062,0.5609720945358276,0.7057175040245056,0.5647170543670654,0.7344092726707458,0.7362117767333984,0.6966656446456909,0.7152650356292725,0.7295712828636169,0.7500799894332886,0.7092748284339905,0.7171793580055237,0.7259154319763184,0.7466897964477539,0.7105660438537598,0.7107483148574829,0.733400821685791,0.7786833643913269,0.7046547532081604,0.7515835165977478,0
0.6801379919052124,0.27748844027519226,0.6809844970703125,0.2640296220779419,0.6813727617263794,0.26333343982696533,0.6817007064819336,0.26231881976127625,0.6815154552459717,0.26637551188468933,0.6806843280792236,0.26644226908683777,0.6809241771697998,0.2653806507587433,0.6887907385826111,0.2597091495990753,0.6864391565322876,0.2625597417354584,0.6843338012695312,0.28594473004341125,0.6837289333343506,0.28655076026916504,0.7249159812927246,0.30149585008621216,0.6876651048660278,0.325370728969574,0.7414394617080688,0.40200507640838623,0.6784397959709167,0.42996954917907715,0.7523171305656433,0.4955945312976837,0.6753007769584656,0.5292599201202393,0.7552355527877808,0.5171614289283752,0.6732557415962219,0.557611346244812,0.7451472282409668,0.5336447954177856,0.6762080788612366,0.5609672665596008,0.7420309782028198,0.5250624418258667,0.6792346239089966,0.5464971661567688,0.7354025840759277,0.4963712692260742,0.7115058898925781,0.5029144883155823,0.7341817617416382,0.6037991046905518,0.7110217213630676,0.6021854877471924,0.7367519736289978,0.7525670528411865,0.7159302830696106,0.7389991879463196,0.7335697412490845,0.7717063426971436,0.7195775508880615,0.7602181434631348,0.7332984209060669,0.7860939502716064,0.7080463767051697,0.7734670639038086,0
0.6788424849510193,0.28832632303237915,0.6794106364250183,0.2758702039718628,0.6797100901603699,0.2757459282875061,0.6808068156242371,0.2748095989227295,0.6795720458030701,0.27438175678253174,0.6799558997154236,0.27322301268577576,0.6802070736885071,0.271943062543869,0.6863483786582947,0.2699122428894043,0.6834456920623779,0.27169132232666016,0.6825923919677734,0.29470294713974,0.6815237402915955,0.29457008838653564,0.7225360870361328,0.309426873922348,0.6868957281112671,0.33051374554634094,0.7410831451416016,0.40796154737472534,0.6822239756584167,0.4322551488876343,0.7506422996520996,0.5068077445030212,0.6813380718231201,0.533768355846405,0.7565674781799316,0.533338189125061,0.6736156940460205,0.5700032114982605,0.7501777410507202,0.5345946550369263,0.6772926449775696,0.5680311322212219,0.7484686970710754,0.5249627828598022,0.6783149838447571,0.5559762120246887,0.7279700040817261,0.50119549036026,0.7131704688072205,0.5056031942367554,0.7337735891342163,0.6268914937973022,0.713078498840332,0.6235052347183228,0.7441678643226624,0.7720256447792053,0.7204074263572693,0.7720696926116943,0.7378427386283875,0.780417799949646,0.724983811378479,0.7817639112472534,0.7426187992095947,0.8047555088996887,0.7088821530342102,0.7979992032051086,0
0.683184027671814,0.2924506664276123,0.6833270192146301,0.28003010153770447,0.6838513016700745,0.2793218493461609,0.684202253818512,0.2784571349620819,0.6817986369132996,0.28032252192497253,0.6818822026252747,0.2794250547885895,0.6817748546600342,0.2783815562725067,0.6916176676750183,0.27387839555740356,0.6840376853942871,0.27725619077682495,0.6868499517440796,0.3004455268383026,0.6860476732254028,0.30096209049224854,0.7255621552467346,0.30693790316581726,0.6839365363121033,0.3359767496585846,0.7442344427108765,0.3999929130077362,0.6777247786521912,0.4351973533630371,0.7549904584884644,0.4988548457622528,0.6761571168899536,0.5385143756866455,0.7582946419715881,0.5249981880187988,0.6743128299713135,0.5652643442153931,0.7549664974212646,0.52483069896698,0.6772727966308594,0.5632621645927429,0.7519264817237854,0.5169336795806885,0.6777236461639404,0.553907573223114,0.7308862209320068,0.48290660977363586,0.7091036438941956,0.4870588779449463,0.7388137578964233,0.6177258491516113,0.7035712599754333,0.6185244917869568,0.73990398645401,0.7606055736541748,0.7112387418746948,0.753210186958313,0.7394997477531433,0.7796170711517334,0.7156822681427002,0.7759581804275513,0.7424330711364746,0.8043034672737122,0.7009223103523254,0.7930880784988403,0
0.6841583251953125,0.2610369324684143,0.6854864358901978,0.25032293796539307,0.6861554384231567,0.2502582371234894,0.6867324709892273,0.24978166818618774,0.6839419603347778,0.25669044256210327,0.684213399887085,0.2563885748386383,0.6843616366386414,0.2558855712413788,0.6918008923530579,0.252804696559906,0.6873406767845154,0.2609339952468872,0.6881073713302612,0.27392664551734924,0.6873369216918945,0.27407073974609375,0.7225452661514282,0.31151285767555237,0.6836997270584106,0.34189826250076294,0.7384635210037231,0.40198442339897156,0.680717408657074,0.4355084300041199,0.7517896890640259,0.500840425491333,0.6725221276283264,0.5374706983566284,0.7561880946159363,0.5299460887908936,0.6729269027709961,0.5723065137863159,0.7518982887268066,0.5313324332237244,0.6750880479812622,0.574877142906189,0.7499129176139832,0.5205380320549011,0.6784093976020813,0.5605942606925964,0.7325941324234009,0.5216048955917358,0.7071110010147095,0.5322045087814331,0.7325178384780884,0.6476377248764038,0.7126249670982361,0.6496545672416687,0.730655312538147,0.7811809182167053,0.7221500873565674,0.7633264064788818,0.7259999513626099,0.7831128835678101,0.7253340482711792,0.7787680625915527,0.732560396194458,0.7970751523971558,0.7232118248939514,0.7894918322563171,0
0.6850486397743225,0.28563398122787476,0.6877050995826721,0.27121397852897644,0.6881974339485168,0.27079543471336365,0.6885730624198914,0.2699863910675049,0.6856219172477722,0.2732534408569336,0.6856461763381958,0.2730160057544708,0.6856206655502319,0.2788655459880829,0.6933298707008362,0.27036234736442566,0.6875165104866028,0.28041189908981323,0.6901211738586426,0.2960590422153473,0.6871647834777832,0.2998017966747284,0.7235135436058044,0.31919726729393005,0.6837577223777771,0.34974390268325806,0.7432674765586853,0.414251446723938,0.6817103028297424,0.4414290189743042,0.7522763609886169,0.512926459312439,0.6812908053398132,0.5469884276390076,0.7561053037643433,0.5470461249351501,0.6790747046470642,0.5793125629425049,0.7524632215499878,0.547566831111908,0.681859016418457,0.580756664276123,0.7503898739814758,0.5356078147888184,0.6844483017921448,0.5686765909194946,0.7345771789550781,0.5439691543579102,0.7078371644020081,0.5506597757339478,0.7323713898658752,0.6862428784370422,0.7111896276473999,0.6714762449264526,0.7264185547828674,0.7668914198875427,0.722483217716217,0.7479832172393799,0.7229514718055725,0.7776741981506348,0.7256235480308533,0.7563452124595642,0.7283354997634888,0.7917368412017822,0.7178556323051453,0.7839418649673462,0
0.6900045275688171,0.2756986618041992,0.6903440952301025,0.27140992879867554,0.6905930638313293,0.27176401019096375,0.6907014846801758,0.27183178067207336,0.6886123418807983,0.27155789732933044,0.6887444853782654,0.2709830701351166,0.6886518597602844,0.27026209235191345,0.6946617364883423,0.2735370695590973,0.6894204020500183,0.27649202942848206,0.6928994059562683,0.2902115285396576,0.6925287246704102,0.28897419571876526,0.7242655754089355,0.3269539773464203,0.6883705854415894,0.3517874479293823,0.7390664219856262,0.4268587827682495,0.6875700950622559,0.44785380363464355,0.7475912570953369,0.5176400542259216,0.6928430199623108,0.5504924654960632,0.7542008757591248,0.5405710935592651,0.6921769380569458,0.5806877613067627,0.7478357553482056,0.5436428189277649,0.6948422193527222,0.5815211534500122,0.7408304214477539,0.5430288314819336,0.6969301104545593,0.5700127482414246,0.7352561950683594,0.5392675995826721,0.709732711315155,0.5444623827934265,0.7342488169670105,0.6782131791114807,0.7130865454673767,0.6484105587005615,0.7290772199630737,0.7642859220504761,0.7270463109016418,0.7481228709220886,0.7267163395881653,0.7637714147567749,0.7299787402153015,0.7600888013839722,0.7331658005714417,0.781035304069519,0.7264575958251953,0.7794238924980164,0
0.7050502300262451,0.2760552763938904,0.7102426886558533,0.25409796833992004,0.7128989100456238,0.2545507550239563,0.7184875011444092,0.2525528371334076,0.6997089982032776,0.25356927514076233,0.6974722743034363,0.2534017860889435,0.6952667832374573,0.2534535527229309,0.7183656096458435,0.2587180733680725,0.6935507655143738,0.26092836260795593,0.712192952632904,0.2987798750400543,0.700297474861145,0.2942083775997162,0.7372657060623169,0.3576410114765167,0.6785799860954285,0.3664897680282593,0.7458592057228088,0.4996402859687805,0.6708069443702698,0.496429979801178,0.7450442314147949,0.5694371461868286,0.6801457405090332,0.5997534394264221,0.7478867769241333,0.6037997007369995,0.679009735584259,0.6149576306343079,0.7441514134407043,0.599223792552948,0.6799943447113037,0.6294537782669067,0.7431501746177673,0.5920701622962952,0.6828367114067078,0.618779718875885,0.7372798323631287,0.6378660202026367,0.7022827863693237,0.6495223641395569,0.7377964854240417,0.7540031671524048,0.7022019028663635,0.7784912586212158,0.7336910367012024,0.761445939540863,0.7167778015136719,0.7473377585411072,0.7329726815223694,0.7599380016326904,0.7187423706054688,0.7377163767814636,0.7287324666976929,0.7833750247955322,0.7215561866760254,0.7689900994300842,0
0.7002819776535034,0.2694924473762512,0.7037338614463806,0.2532573342323303,0.7058965563774109,0.25282400846481323,0.7062753438949585,0.25010111927986145,0.696780264377594,0.251324325799942,0.6956849694252014,0.2519322335720062,0.6932283043861389,0.2534961998462677,0.7094460129737854,0.2619980573654175,0.6929808855056763,0.26119041442871094,0.7055658102035522,0.28206977248191833,0.6977850794792175,0.2846011519432068,0.732589840888977,0.34197118878364563,0.6821113228797913,0.35049867630004883,0.7484448552131653,0.4446471631526947,0.6780781149864197,0.4426940083503723,0.7543964385986328,0.5319474339485168,0.6780595779418945,0.5559510588645935,0.7566633224487305,0.5612086653709412,0.6765840649604797,0.5910847783088684,0.7532943487167358,0.5606703758239746,0.6789997220039368,0.587966799736023,0.7503546476364136,0.5552599430084229,0.6821427941322327,0.5720404982566833,0.7349687814712524,0.5843225717544556,0.7021119594573975,0.5911070704460144,0.7346714735031128,0.7089840769767761,0.7032988667488098,0.6798614859580994,0.7272182703018188,0.7569126486778259,0.7160214781761169,0.7346928119659424,0.7240914702415466,0.7580161094665527,0.7179898619651794,0.7373777627944946,0.7313914895057678,0.7864655256271362,0.7183858752250671,0.76918625831604,0
0.7058632373809814,0.2915843725204468,0.7116315364837646,0.27301499247550964,0.7138442993164062,0.2735157608985901,0.717930018901825,0.2718403935432434,0.7032631039619446,0.2749193608760834,0.7015505433082581,0.2752326428890228,0.6982011198997498,0.27738630771636963,0.7169699668884277,0.2794266939163208,0.6963902711868286,0.28531739115715027,0.712679386138916,0.3064412772655487,0.7034763097763062,0.3103383779525757,0.7367868423461914,0.36341455578804016,0.681876540184021,0.3755878210067749,0.7507818341255188,0.47994017601013184,0.678002655506134,0.4730834364891052,0.7551555037498474,0.5637043714523315,0.6814332008361816,0.5737208127975464,0.7566339373588562,0.5888567566871643,0.6782943606376648,0.6078484058380127,0.7533034086227417,0.5867234468460083,0.679975688457489,0.6041673421859741,0.7503599524497986,0.5842620134353638,0.6830901503562927,0.598585307598114,0.73505699634552,0.5871349573135376,0.7033032774925232,0.5990473031997681,0.7397170662879944,0.6470476388931274,0.7140821218490601,0.67470782995224,0.7328901290893555,0.7499467134475708,0.709069550037384,0.7377778887748718,0.7294901609420776,0.7754153609275818,0.7077738046646118,0.7425629496574402,0.7358350157737732,0.7917181849479675,0.7121668457984924,0.781810998916626,0
0.7010281085968018,0.33154401183128357,0.7037243843078613,0.3152228891849518,0.7052481174468994,0.31327930092811584,0.7066673040390015,0.311129629611969,0.6987842321395874,0.3183760344982147,0.6975366473197937,0.3178488612174988,0.6953993439674377,0.3187124729156494,0.7088692784309387,0.304635614156723,0.6945104598999023,0.3110477030277252,0.7060092687606812,0.33071234822273254,0.6999391913414001,0.3359071910381317,0.7340460419654846,0.3653143644332886,0.6827986836433411,0.38039451837539673,0.74465012550354,0.44850173592567444,0.6755639314651489,0.457385778427124,0.7543483972549438,0.5416051149368286,0.6798324584960938,0.5732089281082153,0.7581625580787659,0.5686306357383728,0.6786606907844543,0.5992427468299866,0.7547923922538757,0.568236231803894,0.6809176802635193,0.5981354117393494,0.7522233128547668,0.5607714653015137,0.6829302906990051,0.5870295166969299,0.7324570417404175,0.5319333076477051,0.7017397880554199,0.5384491682052612,0.7369745969772339,0.6187520623207092,0.7056066393852234,0.6355804204940796,0.7368710041046143,0.7604185342788696,0.707101583480835,0.7520325779914856,0.7339069247245789,0.787423312664032,0.709770917892456,0.773857057094574,0.7419577836990356,0.8124935626983643,0.7016182541847229,0.7943798303604126,0
0.7109324336051941,0.28936994075775146,0.7155818939208984,0.27522698044776917,0.7179815769195557,0.2753215730190277,0.7210924029350281,0.2746759355068207,0.7070982456207275,0.26897865533828735,0.7048070430755615,0.26926320791244507,0.7015671133995056,0.27004551887512207,0.7211375832557678,0.28199902176856995,0.6997251510620117,0.2883512079715729,0.716467559337616,0.3078901469707489,0.7074664235115051,0.3087267279624939,0.738856852054596,0.3786853849887848,0.6841068267822266,0.3852880299091339,0.7448822259902954,0.4995468556880951,0.6796272397041321,0.48041582107543945,0.7520380020141602,0.5784343481063843,0.6821845173835754,0.5871370434761047,0.7563555240631104,0.5936672687530518,0.6806117296218872,0.6219683885574341,0.7505258321762085,0.5904536843299866,0.6829236745834351,0.6195187568664551,0.7490289807319641,0.5823535323143005,0.6869950294494629,0.60509192943573,0.7350018620491028,0.6158530712127686,0.7068082094192505,0.627511739730835,0.736304521560669,0.7223480343818665,0.7068837881088257,0.7041811347007751,0.7283827066421509,0.7473776340484619,0.7153469324111938,0.7239121794700623,0.725825309753418,0.7471070885658264,0.7157207727432251,0.720537006855011,0.7276760339736938,0.7739443182945251,0.7141547799110413,0.7632995247840881,0
0.7098439931869507,0.296455055475235,0.7139045000076294,0.2782156467437744,0.7161465287208557,0.27783551812171936,0.7180477380752563,0.27745458483695984,0.7061827182769775,0.28103506565093994,0.7028379440307617,0.2830544412136078,0.7009570002555847,0.2839207053184509,0.7190737128257751,0.2828059494495392,0.6988591551780701,0.29405346512794495,0.7149020433425903,0.31290489435195923,0.7051147222518921,0.31733566522598267,0.7380101680755615,0.37560245394706726,0.6837813854217529,0.3960408568382263,0.7475380897521973,0.48629939556121826,0.6812714338302612,0.5105297565460205,0.7530583739280701,0.5808388590812683,0.6882480382919312,0.6305853724479675,0.7563835382461548,0.6034395694732666,0.6855760812759399,0.6478132009506226,0.7507084608078003,0.6001083254814148,0.6914191842079163,0.6638851761817932,0.7494580149650574,0.5889648199081421,0.6944553256034851,0.6521029472351074,0.7362380027770996,0.612890899181366,0.7021898031234741,0.6287975311279297,0.738991916179657,0.7326174378395081,0.7071510553359985,0.7260971665382385,0.7254548668861389,0.735152006149292,0.7056522965431213,0.7242256999015808,0.7211596369743347,0.7298800945281982,0.710680365562439,0.7122527360916138,0.7268326282501221,0.7635760307312012,0.7131366729736328,0.7660003304481506,0
0.7112628817558289,0.3039923906326294,0.7143985033035278,0.28944605588912964,0.7163949608802795,0.2889048159122467,0.7185648679733276,0.28804099559783936,0.7077851891517639,0.29303595423698425,0.7057378888130188,0.2941478490829468,0.7030153274536133,0.2956969141960144,0.7179397940635681,0.2944193184375763,0.7007100582122803,0.3034597337245941,0.7159297466278076,0.3182052671909332,0.7086748480796814,0.31610631942749023,0.7380692958831787,0.3824619650840759,0.6855024099349976,0.396103173494339,0.7466385960578918,0.4901638627052307,0.6833176612854004,0.497197687625885,0.7526440620422363,0.5733903646469116,0.6813615560531616,0.5968610048294067,0.7562419772148132,0.6044825911521912,0.6770870685577393,0.6203856468200684,0.7513614296913147,0.5952697396278381,0.6805893182754517,0.6170731782913208,0.7496906518936157,0.5906417369842529,0.6824272871017456,0.6120877861976624,0.7345080375671387,0.6031948924064636,0.7051308751106262,0.609147846698761,0.7352923154830933,0.7064434289932251,0.7129411697387695,0.7124585509300232,0.7255715727806091,0.758949875831604,0.7134246826171875,0.7284449934959412,0.7226690053939819,0.760145902633667,0.7127090096473694,0.7227127552032471,0.7294780611991882,0.7883086204528809,0.718480110168457,0.7672640681266785,0
0.7156373858451843,0.2927227318286896,0.7187070846557617,0.2759855091571808,0.7212501168251038,0.2756730914115906,0.7233059406280518,0.2757188081741333,0.7103081345558167,0.27795466780662537,0.7074944972991943,0.27766743302345276,0.7042669057846069,0.27840861678123474,0.7235931754112244,0.28227391839027405,0.7004185914993286,0.28845471143722534,0.7204218506813049,0.311544805765152,0.7103112936019897,0.31254318356513977,0.7415676116943359,0.3911765515804291,0.6832898855209351,0.4066576361656189,0.7481174468994141,0.5194538235664368,0.6830276250839233,0.5178069472312927,0.753081738948822,0.5962530374526978,0.6828581690788269,0.6436685919761658,0.7551435232162476,0.6184819936752319,0.6797294020652771,0.6648110151290894,0.7522116303443909,0.613519549369812,0.6816017031669617,0.6821945309638977,0.7489258646965027,0.6129004955291748,0.6864427328109741,0.6706347465515137,0.7370230555534363,0.6365187168121338,0.7045774459838867,0.6347435116767883,0.7325897216796875,0.6858965754508972,0.7056269645690918,0.6499353051185608,0.7219548225402832,0.7465019226074219,0.7096993923187256,0.731451153755188,0.719727098941803,0.7529181241989136,0.7106876373291016,0.7398820519447327,0.7170783281326294,0.7824071645736694,0.7095329165458679,0.7688834071159363,0
0.7111536860466003,0.31294694542884827,0.7156408429145813,0.2940387725830078,0.7184774279594421,0.29365283250808716,0.7212508916854858,0.29309606552124023,0.7071959972381592,0.29714876413345337,0.7042926549911499,0.298721045255661,0.7022936344146729,0.2993393838405609,0.7219743132591248,0.30156391859054565,0.6997754573822021,0.30810680985450745,0.7168681621551514,0.33071085810661316,0.7063934803009033,0.33301785588264465,0.7407776117324829,0.40180814266204834,0.6827431917190552,0.4229578375816345,0.7519317865371704,0.5425156950950623,0.6838937997817993,0.5432091355323792,0.7498246431350708,0.6130930781364441,0.6824684739112854,0.6626966595649719,0.7500184774398804,0.6289794445037842,0.6790382862091064,0.6707749366760254,0.7478556036949158,0.6224458813667297,0.6825168132781982,0.6682206988334656,0.7433133125305176,0.6294325590133667,0.6871858239173889,0.6842392683029175,0.737604558467865,0.6495620608329773,0.7039419412612915,0.653256893157959,0.7329308390617371,0.7240327596664429,0.7025127410888672,0.7281703352928162,0.7251113057136536,0.7470188140869141,0.7107080817222595,0.7367638349533081,0.7218675017356873,0.7465627789497375,0.7110055685043335,0.7331687211990356,0.7290658354759216,0.7735486030578613,0.7177425622940063,0.7683956027030945,0
0.7067781686782837,0.36553990840911865,0.7107083797454834,0.3482586443424225,0.7136728167533875,0.3460581600666046,0.7167204022407532,0.3433355391025543,0.7045739889144897,0.3485621213912964,0.7029642462730408,0.3473103940486908,0.7012001872062683,0.34629204869270325,0.720462441444397,0.3393225371837616,0.6998016834259033,0.34423142671585083,0.7112758159637451,0.37874385714530945,0.7041342258453369,0.3789214491844177,0.7412810325622559,0.41089534759521484,0.6836606860160828,0.4199598431587219,0.7504750490188599,0.5188297629356384,0.6783851385116577,0.4970947206020355,0.7537945508956909,0.5905382633209229,0.6802918314933777,0.5948431491851807,0.7561566829681396,0.6187171936035156,0.67849200963974,0.6225314140319824,0.7532416582107544,0.6148510575294495,0.6812874674797058,0.6192442178726196,0.7517983317375183,0.60518479347229,0.6818047761917114,0.6081947684288025,0.7360257506370544,0.6037206053733826,0.7054799199104309,0.6111048460006714,0.7339118123054504,0.589492678642273,0.7020626068115234,0.5938679575920105,0.7343364953994751,0.75105881690979,0.7131749987602234,0.7523984909057617,0.7350254654884338,0.7775806188583374,0.7163688540458679,0.7732870578765869,0.7379618883132935,0.7961522340774536,0.7082626223564148,0.7974969148635864,0
0.7093287706375122,0.3746790885925293,0.7126257419586182,0.3580436706542969,0.715236246585846,0.35688695311546326,0.7179304957389832,0.3552797734737396,0.7070184946060181,0.35630354285240173,0.7054732441902161,0.3543441891670227,0.7037487030029297,0.35244107246398926,0.7212038636207581,0.3511101305484772,0.7019364833831787,0.3491731584072113,0.7128190994262695,0.3890489339828491,0.7062938213348389,0.388660728931427,0.7411496043205261,0.41917890310287476,0.6837972402572632,0.42899376153945923,0.7478846311569214,0.5243982076644897,0.6805387139320374,0.5170033574104309,0.7522661089897156,0.600446879863739,0.6800509691238403,0.6003971695899963,0.7551640272140503,0.6212096214294434,0.6778866052627563,0.6310237646102905,0.7524523735046387,0.6181023120880127,0.6809406280517578,0.6262657642364502,0.7498779296875,0.6159871220588684,0.6829756498336792,0.6199811100959778,0.7337748408317566,0.6147601008415222,0.7028899192810059,0.6202816963195801,0.7314394116401672,0.6145936846733093,0.7027637362480164,0.6107543706893921,0.7339330315589905,0.7491081953048706,0.7100825309753418,0.7439076900482178,0.733233630657196,0.7693290114402771,0.7126736640930176,0.7638161182403564,0.7335693836212158,0.7959001660346985,0.7082087397575378,0.7946881055831909,0
0.714127779006958,0.35540419816970825,0.7177255153656006,0.3395087718963623,0.7201187014579773,0.33897489309310913,0.7225345969200134,0.3380991518497467,0.7114551663398743,0.3387906551361084,0.7093443870544434,0.33778902888298035,0.7077194452285767,0.33579400181770325,0.723778486251831,0.34168627858161926,0.7056729793548584,0.3357148766517639,0.7180426120758057,0.3676765561103821,0.7096478939056396,0.37148839235305786,0.7419596314430237,0.41789692640304565,0.6848611235618591,0.42988359928131104,0.7489228844642639,0.5223489999771118,0.6812223196029663,0.5144819021224976,0.7552824020385742,0.60159832239151,0.6798123717308044,0.6051555871963501,0.758428692817688,0.6230814456939697,0.6778580546379089,0.6346012949943542,0.7539772987365723,0.6207066774368286,0.681111216545105,0.6305522322654724,0.7525706887245178,0.6108691096305847,0.6830454468727112,0.6245565414428711,0.7366815209388733,0.6215664148330688,0.7052633762359619,0.6384754180908203,0.7346736192703247,0.6425159573554993,0.7143558859825134,0.6834643483161926,0.7355105876922607,0.7550328969955444,0.7110325694084167,0.7513870000839233,0.7328227758407593,0.7758074402809143,0.7136154174804688,0.7703020572662354,0.7345942258834839,0.7933729290962219,0.7107905745506287,0.7926397323608398,0
0.7168024778366089,0.3362862765789032,0.7198090553283691,0.3193095624446869,0.7220056056976318,0.31873375177383423,0.723980188369751,0.3191431760787964,0.7130615711212158,0.3191255033016205,0.710556149482727,0.31957128643989563,0.7086615562438965,0.3144177496433258,0.7245488166809082,0.32598820328712463,0.7055023908615112,0.3235078454017639,0.7207260131835938,0.35276705026626587,0.7127617597579956,0.34841760993003845,0.7409526705741882,0.4142523407936096,0.6851978302001953,0.4254063069820404,0.7460854053497314,0.5155327320098877,0.6849212646484375,0.5131988525390625,0.7528917789459229,0.5906620025634766,0.6825141310691833,0.6016588807106018,0.7554082274436951,0.614507794380188,0.6793405413627625,0.6329059600830078,0.7523450255393982,0.6114932298660278,0.68198162317276,0.6286273002624512,0.7507452964782715,0.6061223745346069,0.6832116842269897,0.6221760511398315,0.7370975017547607,0.6185554265975952,0.7069743275642395,0.62794429063797,0.7394803762435913,0.6961649656295776,0.7149970531463623,0.7398695349693298,0.7351788878440857,0.7538846731185913,0.7156605124473572,0.7507440447807312,0.7349820733070374,0.7636826038360596,0.7153960466384888,0.7471792101860046,0.7374852895736694,0.7900263071060181,0.7185598611831665,0.7885743379592896,0
0.7164062857627869,0.3555159866809845,0.7192758321762085,0.33836987614631653,0.7217984199523926,0.33716723322868347,0.7238374948501587,0.33625245094299316,0.713045597076416,0.33906349539756775,0.7112351655960083,0.33806055784225464,0.7094579935073853,0.33689162135124207,0.7250825762748718,0.34479403495788574,0.7067846059799194,0.3397315740585327,0.7196637988090515,0.37020009756088257,0.7124801278114319,0.37315818667411804,0.7406429648399353,0.4229910373687744,0.6877651810646057,0.43216702342033386,0.7498867511749268,0.5332425236701965,0.6820324659347534,0.5083786249160767,0.7520156502723694,0.6016738414764404,0.6803885102272034,0.6021429896354675,0.7547275424003601,0.6202020645141602,0.6785026788711548,0.6334492564201355,0.7521777749061584,0.6178026795387268,0.6816372871398926,0.6300386190414429,0.7507436871528625,0.6147942543029785,0.6824654936790466,0.6223648190498352,0.7368730306625366,0.6310958862304688,0.708110511302948,0.6398338675498962,0.7364454865455627,0.6424983143806458,0.7161986827850342,0.6945390701293945,0.7357221841812134,0.7550861239433289,0.7121140956878662,0.759751558303833,0.7323300242424011,0.7736488580703735,0.7140225172042847,0.7704033851623535,0.7360353469848633,0.8005988597869873,0.7135710716247559,0.8033355474472046,0
0.7142648100852966,0.394469678401947,0.7163066864013672,0.3793066143989563,0.7184957265853882,0.37756645679473877,0.7208269834518433,0.37537527084350586,0.711435079574585,0.3794132471084595,0.709925651550293,0.37810659408569336,0.7080835103988647,0.37653785943984985,0.7235994338989258,0.3718031048774719,0.7059575915336609,0.37390726804733276,0.71755051612854,0.4082409739494324,0.7117937207221985,0.408713161945343,0.7415457367897034,0.44223588705062866,0.6879370212554932,0.4461632966995239,0.7473319172859192,0.5366818904876709,0.6804812550544739,0.5147016644477844,0.7519019246101379,0.6031973361968994,0.6802524328231812,0.6064566373825073,0.7551981210708618,0.623380720615387,0.677781343460083,0.6301215887069702,0.75229811668396,0.6174007058143616,0.6794825196266174,0.6256338953971863,0.7510133981704712,0.614471435546875,0.6819276213645935,0.6189379096031189,0.7354076504707336,0.6317039728164673,0.7053767442703247,0.6369722485542297,0.7289984226226807,0.6101052165031433,0.7053866386413574,0.6234791278839111,0.7309228777885437,0.7462112307548523,0.7112406492233276,0.7515947222709656,0.7310506105422974,0.7652130722999573,0.712515652179718,0.7628798484802246,0.7292720675468445,0.7920234203338623,0.7059887647628784,0.787305474281311,0
0.7178444862365723,0.4150533080101013,0.7206346988677979,0.4013519287109375,0.7227419018745422,0.4007377028465271,0.7248547673225403,0.3997892439365387,0.715105414390564,0.39993077516555786,0.7133068442344666,0.39851927757263184,0.7116415500640869,0.3964851498603821,0.7263622879981995,0.3967859148979187,0.7089582681655884,0.39400026202201843,0.7204756736755371,0.42520350217819214,0.7146816253662109,0.42473673820495605,0.7416257858276367,0.4500833749771118,0.6891481876373291,0.4518006443977356,0.7483400702476501,0.5471266508102417,0.6802635788917542,0.5177608132362366,0.7517167925834656,0.6131410598754883,0.6803860068321228,0.6092696189880371,0.7542568445205688,0.6277535557746887,0.6785610318183899,0.6385589241981506,0.75204998254776,0.626266598701477,0.6804855465888977,0.6345767974853516,0.7508963942527771,0.617661714553833,0.6825369000434875,0.6222500205039978,0.735422670841217,0.6285092830657959,0.7054213881492615,0.6313779354095459,0.72901451587677,0.6067607402801514,0.7031188011169434,0.6129648685455322,0.7318787574768066,0.74984210729599,0.7089529037475586,0.7591395378112793,0.7319163084030151,0.7702946066856384,0.7137155532836914,0.7774118185043335,0.7308429479598999,0.7917678356170654,0.7057207226753235,0.7941747307777405,0
0.7167993783950806,0.40773671865463257,0.7197790145874023,0.3939968943595886,0.7221053838729858,0.39466723799705505,0.7243539690971375,0.394771933555603,0.7146040797233582,0.39206406474113464,0.7129802703857422,0.39086365699768066,0.7114441394805908,0.3894004821777344,0.7265803217887878,0.39595577120780945,0.7095059752464294,0.38965117931365967,0.7196452617645264,0.4213441014289856,0.7137829065322876,0.4202962815761566,0.7420669794082642,0.4565066397190094,0.6903598308563232,0.4520176947116852,0.7495258450508118,0.5529406070709229,0.6794497966766357,0.519812285900116,0.7525108456611633,0.6131640076637268,0.6796990633010864,0.6172794103622437,0.7543351650238037,0.6361011266708374,0.6786707043647766,0.6469263434410095,0.75114905834198,0.6271753907203674,0.6808964014053345,0.6440066695213318,0.7503466606140137,0.6250448822975159,0.6830151677131653,0.6382312178611755,0.7358680963516235,0.6349437832832336,0.7057899236679077,0.6400043964385986,0.7268478274345398,0.5977731943130493,0.7036243081092834,0.6133779883384705,0.7329438328742981,0.7437731027603149,0.7114518880844116,0.7494312524795532,0.7332053184509277,0.7708724737167358,0.7137563824653625,0.7671562433242798,0.7315927147865295,0.7854607701301575,0.7074505090713501,0.787248969078064,0
0.7163679599761963,0.42193061113357544,0.719674289226532,0.4090273082256317,0.7221400737762451,0.4096890687942505,0.7246304750442505,0.41023141145706177,0.7142189145088196,0.40614408254623413,0.7127951979637146,0.40485072135925293,0.7112747430801392,0.4034615159034729,0.7276074290275574,0.41248345375061035,0.7093838453292847,0.4045347273349762,0.7196545004844666,0.4371030628681183,0.7134714126586914,0.4340960383415222,0.7412711977958679,0.46552878618240356,0.690282940864563,0.4596543610095978,0.7485300898551941,0.5701345801353455,0.6826722621917725,0.539846658706665,0.7494259476661682,0.6126216650009155,0.6811626553535461,0.6172295212745667,0.7522935271263123,0.6353041529655457,0.6811784505844116,0.647306501865387,0.7501484155654907,0.6261184215545654,0.6824188232421875,0.6420561075210571,0.7485501170158386,0.6241701245307922,0.6838616132736206,0.6292976140975952,0.7337424159049988,0.6460443735122681,0.7032557725906372,0.6519595384597778,0.7265264987945557,0.605395495891571,0.7036712169647217,0.619993269443512,0.733391284942627,0.744629442691803,0.7116737365722656,0.750211775302887,0.7294849157333374,0.7656506299972534,0.7135241627693176,0.7685942649841309,0.7320000529289246,0.7863025069236755,0.7086800336837769,0.7888900637626648,0
0.7177011966705322,0.4190044403076172,0.7209538221359253,0.406557559967041,0.7229992747306824,0.407167911529541,0.7250786423683167,0.4076143503189087,0.716087281703949,0.4040246307849884,0.7145612835884094,0.40289437770843506,0.7131021022796631,0.40169239044189453,0.727139949798584,0.41144445538520813,0.7112987637519836,0.40445342659950256,0.7203139662742615,0.4333770275115967,0.7146959900856018,0.4312455654144287,0.7418410181999207,0.4710850119590759,0.6918565034866333,0.4636887013912201,0.749077558517456,0.562994122505188,0.6805835366249084,0.550610363483429,0.74774569272995,0.616873025894165,0.6808916330337524,0.6195440292358398,0.7510436177253723,0.6315614581108093,0.6790748238563538,0.6398168206214905,0.7468734383583069,0.6321869492530823,0.6822782158851624,0.633084237575531,0.7454749345779419,0.6220494508743286,0.6833328604698181,0.6292252540588379,0.7344234585762024,0.6369192004203796,0.7050022482872009,0.6490597128868103,0.7255889773368835,0.6109461188316345,0.701807975769043,0.6252705454826355,0.7332245707511902,0.7600587010383606,0.7106207609176636,0.7620579600334167,0.7315850257873535,0.7764114141464233,0.7124935388565063,0.7758625149726868,0.7329349517822266,0.792515218257904,0.7102149724960327,0.7931861281394958,0
0.7188370227813721,0.42368561029434204,0.7222111225128174,0.41007113456726074,0.7242023944854736,0.4104318618774414,0.7262956500053406,0.410595566034317,0.716883659362793,0.40773308277130127,0.7150874733924866,0.40653011202812195,0.7136221528053284,0.4050047993659973,0.7282133102416992,0.4142102003097534,0.7122076153755188,0.4080105423927307,0.7217153906822205,0.43870723247528076,0.715857207775116,0.4374058246612549,0.742206871509552,0.47942161560058594,0.6911221742630005,0.4752371311187744,0.7512710690498352,0.5853248238563538,0.6832774877548218,0.5772692561149597,0.7489461302757263,0.6688265800476074,0.6839259266853333,0.6412116885185242,0.7579315900802612,0.7133351564407349,0.682379424571991,0.6761422157287598,0.7540573477745056,0.7090645432472229,0.6859556436538696,0.6718381643295288,0.7518722414970398,0.6997573971748352,0.687183678150177,0.6787387728691101,0.7360736727714539,0.6606879234313965,0.707101583480835,0.67314213514328,0.7243096232414246,0.6139552593231201,0.7050711512565613,0.6255002021789551,0.7303361296653748,0.7585911750793457,0.716791570186615,0.7720386981964111,0.7305881381034851,0.7773976922035217,0.7190136909484863,0.7903916835784912,0.7278203368186951,0.79085373878479,0.7154915928840637,0.7984666228294373,0
0.7182425856590271,0.42616885900497437,0.7219508290290833,0.4118022918701172,0.7242037057876587,0.412457674741745,0.7264701128005981,0.4128970503807068,0.7162144184112549,0.4088134765625,0.7145280241966248,0.40752875804901123,0.7126956582069397,0.40596872568130493,0.7290613055229187,0.4184935688972473,0.7112117409706116,0.41076409816741943,0.7215710282325745,0.44184285402297974,0.7153477668762207,0.4409375786781311,0.7428379058837891,0.4841373860836029,0.6909700036048889,0.48138442635536194,0.752777099609375,0.5938686728477478,0.6850836277008057,0.5967869162559509,0.7489553689956665,0.6990237832069397,0.6885412335395813,0.6922105550765991,0.7557612061500549,0.7316248416900635,0.6865459680557251,0.7250888347625732,0.7515379786491394,0.7293331623077393,0.691328227519989,0.7228010296821594,0.7495921850204468,0.7192309498786926,0.6937574744224548,0.712732195854187,0.7363409399986267,0.6745771765708923,0.7053409218788147,0.6832863092422485,0.7237609028816223,0.590664267539978,0.7039048671722412,0.606529951095581,0.7298880815505981,0.7644191384315491,0.7142053246498108,0.7732905149459839,0.7318044900894165,0.7830054759979248,0.7169638276100159,0.7971671223640442,0.7209891676902771,0.7930025458335876,0.709831178188324,0.8010244965553284,0
0.7183628678321838,0.4357287287712097,0.7220233678817749,0.4219430983066559,0.7243386507034302,0.4224936366081238,0.7266766428947449,0.42312055826187134,0.7161685824394226,0.41952699422836304,0.7144892811775208,0.4184926152229309,0.7127234935760498,0.4174337089061737,0.7291557788848877,0.4277927875518799,0.7109852433204651,0.42000532150268555,0.7219780683517456,0.44977957010269165,0.7152239680290222,0.44801509380340576,0.7419877052307129,0.4926285147666931,0.6910737752914429,0.48298513889312744,0.7513005137443542,0.60850989818573,0.6833213567733765,0.5912642478942871,0.7475934028625488,0.7297919392585754,0.6854708790779114,0.6695293188095093,0.7494463920593262,0.7613304257392883,0.6824334859848022,0.711429238319397,0.7514028549194336,0.7624237537384033,0.6871647834777832,0.7130883932113647,0.7439098358154297,0.744949996471405,0.6904814839363098,0.7035272121429443,0.7361312508583069,0.6737165451049805,0.7059463858604431,0.6745854616165161,0.7275471687316895,0.6162728667259216,0.7028779983520508,0.6233961582183838,0.7323058247566223,0.7681774497032166,0.7134700417518616,0.7766870260238647,0.7309269905090332,0.7851486802101135,0.715328574180603,0.7982785701751709,0.7254468202590942,0.7947142720222473,0.7118611931800842,0.7946760654449463,0
0.7171769142150879,0.43354204297065735,0.7208971381187439,0.4195743799209595,0.7232313752174377,0.4202786982059479,0.7255100607872009,0.4209849238395691,0.7150829434394836,0.4172961711883545,0.7135322093963623,0.4163947105407715,0.7117974162101746,0.4153319299221039,0.7281084656715393,0.4279237985610962,0.7103874087333679,0.4195981025695801,0.7209670543670654,0.4497806429862976,0.7141543626785278,0.4472140669822693,0.7407301664352417,0.49504953622817993,0.6909289360046387,0.4941171407699585,0.7514215707778931,0.6050525307655334,0.6833332777023315,0.5933718681335449,0.7465041279792786,0.721315860748291,0.6866511702537537,0.6766225099563599,0.7464454770088196,0.7594255208969116,0.6857622265815735,0.7189322113990784,0.7441953420639038,0.7516684532165527,0.6914398670196533,0.71676105260849,0.7423417568206787,0.7462732791900635,0.6941388249397278,0.7084639072418213,0.7354661226272583,0.6908783316612244,0.7036370038986206,0.6887837648391724,0.733502984046936,0.6728544235229492,0.6993417143821716,0.6582164168357849,0.7240861654281616,0.7833645939826965,0.7144346833229065,0.7380751371383667,0.7210254073143005,0.8032591938972473,0.7174689769744873,0.753664493560791,0.7218692302703857,0.7913460731506348,0.713790774345398,0.7655165791511536,0
0.7178341150283813,0.43982994556427,0.7214053869247437,0.4256516098976135,0.7236540913581848,0.42618465423583984,0.72588711977005,0.42653000354766846,0.7157918810844421,0.4235496520996094,0.7142122983932495,0.4227225184440613,0.7123929262161255,0.42183583974838257,0.72794508934021,0.4313204884529114,0.7104806900024414,0.4265958070755005,0.7217170000076294,0.45516276359558105,0.7148553133010864,0.4522974491119385,0.7409513592720032,0.4970659017562866,0.6917017698287964,0.48861372470855713,0.7511886954307556,0.6049906611442566,0.6829750537872314,0.5743708610534668,0.7464566826820374,0.731012225151062,0.6850996017456055,0.6535170674324036,0.7483550906181335,0.7602328658103943,0.6833879947662354,0.7080838680267334,0.7445074915885925,0.7536584734916687,0.6888068318367004,0.7081097364425659,0.7439759373664856,0.7473013997077942,0.6914538145065308,0.6995950937271118,0.7357044816017151,0.6705296039581299,0.7051754593849182,0.6720885038375854,0.7314842343330383,0.6707303524017334,0.7013515830039978,0.6541338562965393,0.7220087051391602,0.7827661633491516,0.7117805480957031,0.7451570630073547,0.7191102504730225,0.7994027137756348,0.7135865092277527,0.7594152092933655,0.7213166356086731,0.7912796139717102,0.708006739616394,0.7774099111557007,0
0.7163355350494385,0.43151041865348816,0.7195541262626648,0.4170108437538147,0.721712589263916,0.41745424270629883,0.7239452004432678,0.41774657368659973,0.7141700387001038,0.41556280851364136,0.7126232981681824,0.41489464044570923,0.7110300064086914,0.4142603278160095,0.7269635200500488,0.4246085286140442,0.709669828414917,0.42074912786483765,0.7199021577835083,0.44557058811187744,0.7136192917823792,0.4454728364944458,0.7401745915412903,0.496199369430542,0.6912307739257812,0.4982198476791382,0.7516240477561951,0.5977157354354858,0.6844745874404907,0.599443793296814,0.7467167973518372,0.6930888295173645,0.6875882148742676,0.6485135555267334,0.7505585551261902,0.733910858631134,0.6876316666603088,0.6890957355499268,0.7455540299415588,0.7311466336250305,0.6926003694534302,0.6832703351974487,0.7436118125915527,0.7206414341926575,0.69530189037323,0.6763504147529602,0.736225962638855,0.6789986491203308,0.7055643200874329,0.6886506676673889,0.7221831679344177,0.601020097732544,0.701259434223175,0.621324360370636,0.7286701202392578,0.77262943983078,0.7145880460739136,0.7670900821685791,0.7304383516311646,0.7976211309432983,0.7185002565383911,0.78623366355896,0.7223576903343201,0.8239357471466064,0.7118992209434509,0.7972013354301453,0
0.7168606519699097,0.43927913904190063,0.7204939723014832,0.42469340562820435,0.7229175567626953,0.42544203996658325,0.725339412689209,0.4260988235473633,0.7144529223442078,0.422132670879364,0.7128238081932068,0.4212630093097687,0.7111832499504089,0.420274555683136,0.7279738783836365,0.43335211277008057,0.7092068195343018,0.4256040155887604,0.720645546913147,0.4557216167449951,0.7133252620697021,0.45388883352279663,0.7402791976928711,0.5045112371444702,0.6906559467315674,0.4981856346130371,0.7501273155212402,0.6105926036834717,0.6824657917022705,0.5906180143356323,0.7472295165061951,0.7287886738777161,0.6849511861801147,0.6337870955467224,0.7469901442527771,0.7464063167572021,0.683874249458313,0.64825439453125,0.7443935871124268,0.7435449361801147,0.6890419125556946,0.6603879332542419,0.741382360458374,0.7307596802711487,0.6917051672935486,0.6560035347938538,0.737177312374115,0.6860954165458679,0.7048795223236084,0.6886380314826965,0.7306826710700989,0.7453126907348633,0.6978189945220947,0.7269625663757324,0.7231769561767578,0.7454950213432312,0.7108839750289917,0.7116989493370056,0.7218674421310425,0.7423087358474731,0.7126227021217346,0.7070032358169556,0.7199826836585999,0.7617941498756409,0.707158088684082,0.7460111975669861,0
0.7153033018112183,0.44180724024772644,0.7190332412719727,0.4272615909576416,0.7212358713150024,0.4278022050857544,0.7236577868461609,0.42815402150154114,0.7134543061256409,0.42525023221969604,0.7118865251541138,0.42447423934936523,0.7101773619651794,0.4236699342727661,0.7266122698783875,0.4346922039985657,0.7090418934822083,0.4295579791069031,0.7190200090408325,0.4561346173286438,0.7123677134513855,0.45505839586257935,0.7398134469985962,0.5084942579269409,0.6914474368095398,0.5036649703979492,0.7494726777076721,0.6127903461456299,0.6826308369636536,0.6043663620948792,0.745768129825592,0.7200732231140137,0.6890581250190735,0.6739855408668518,0.7510715126991272,0.7511460185050964,0.6865987181663513,0.6994323134422302,0.7459608316421509,0.7496185302734375,0.6924444437026978,0.6950764060020447,0.7436582446098328,0.7386474609375,0.6949677467346191,0.6874716281890869,0.7350338697433472,0.7012802362442017,0.7024491429328918,0.7121803760528564,0.7155728936195374,0.6682443022727966,0.6907982230186462,0.6704297065734863,0.714994490146637,0.7668814659118652,0.7028499245643616,0.7719317674636841,0.7154740691184998,0.7799111008644104,0.7066181898117065,0.784870445728302,0.7086153030395508,0.8037646412849426,0.6990876197814941,0.7926385402679443,0
0.7166011333465576,0.44511640071868896,0.7193431854248047,0.431260347366333,0.7214429974555969,0.43158331513404846,0.7237154245376587,0.43152928352355957,0.7137314677238464,0.4299633502960205,0.7122758626937866,0.4295996427536011,0.7107833027839661,0.4291445016860962,0.7261818051338196,0.43825268745422363,0.7083933353424072,0.43542635440826416,0.7202156782150269,0.46232128143310547,0.7134556174278259,0.45922377705574036,0.7409859895706177,0.5160716772079468,0.6902812719345093,0.5162862539291382,0.7484452128410339,0.6206745505332947,0.6822027564048767,0.6373110413551331,0.7463598251342773,0.7627061009407043,0.6885334849357605,0.7424799799919128,0.7496926188468933,0.7905722856521606,0.6862117648124695,0.7685280442237854,0.7436519265174866,0.7882803082466125,0.6865865588188171,0.769382119178772,0.7420557141304016,0.7824839353561401,0.6960481405258179,0.7576490640640259,0.7402142882347107,0.6940274238586426,0.710130512714386,0.7112637162208557,0.7312213182449341,0.707548975944519,0.7036392092704773,0.7181068062782288,0.7296446561813354,0.7374260425567627,0.7194163203239441,0.7176725268363953,0.7304961085319519,0.7423257827758789,0.7233291268348694,0.7162972092628479,0.7254891395568848,0.7651373744010925,0.7117525935173035,0.7576923370361328,0
0.7173338532447815,0.4482067823410034,0.7201951146125793,0.43350017070770264,0.72223961353302,0.43337562680244446,0.7244750261306763,0.4329100251197815,0.7147397398948669,0.4325149655342102,0.7128694653511047,0.43195733428001404,0.7113504409790039,0.43128371238708496,0.7264003753662109,0.43795737624168396,0.7082541584968567,0.4367477595806122,0.7207807898521423,0.4636354446411133,0.7138659358024597,0.46117693185806274,0.7403073906898499,0.5052245855331421,0.6909334659576416,0.5078742504119873,0.7508209347724915,0.5982154011726379,0.6808233857154846,0.621202826499939,0.7466952204704285,0.6611535549163818,0.6863629817962646,0.7168871760368347,0.7486215233802795,0.6572088599205017,0.6843618750572205,0.7463181018829346,0.7433128952980042,0.6600995063781738,0.6907848119735718,0.742855429649353,0.7410566210746765,0.6692971587181091,0.6933813095092773,0.7333264350891113,0.7378299832344055,0.6655552983283997,0.705000102519989,0.6788917183876038,0.7217698097229004,0.664725124835968,0.6999866962432861,0.6912977695465088,0.7245239019393921,0.7427240610122681,0.7115004062652588,0.7271102070808411,0.726082444190979,0.7528006434440613,0.7135863304138184,0.7281041145324707,0.7182090282440186,0.7764838337898254,0.7113025784492493,0.7670517563819885,0
0.7143082022666931,0.44745969772338867,0.7170982360839844,0.43339741230010986,0.7189594507217407,0.4336526095867157,0.721111536026001,0.4336246848106384,0.7120275497436523,0.4322390556335449,0.7105594873428345,0.4319010376930237,0.7085408568382263,0.4315252900123596,0.7235550880432129,0.44050270318984985,0.7072159647941589,0.4382018446922302,0.7177355289459229,0.4625144898891449,0.711739718914032,0.46157729625701904,0.7397899627685547,0.5132467746734619,0.691190779209137,0.5156903862953186,0.750288188457489,0.6038697361946106,0.6841850876808167,0.6272055506706238,0.7474243640899658,0.6864585280418396,0.693525493144989,0.6889235377311707,0.7497681379318237,0.7169667482376099,0.6921522617340088,0.7137206792831421,0.7442342042922974,0.7129055261611938,0.6979499459266663,0.7072964906692505,0.7419909834861755,0.7029009461402893,0.7001304030418396,0.6992537379264832,0.7391024827957153,0.6866791248321533,0.7068438529968262,0.7003791928291321,0.7253509759902954,0.6580747365951538,0.6944154500961304,0.672527015209198,0.7216970920562744,0.7484143972396851,0.7109331488609314,0.7233679294586182,0.7208733558654785,0.7574523687362671,0.7147578001022339,0.7265990376472473,0.719901978969574,0.7770404815673828,0.7068591713905334,0.7679210901260376,0
0.7132774591445923,0.4483640193939209,0.7153609991073608,0.4354604482650757,0.7174847722053528,0.435248464345932,0.7193748950958252,0.4346499443054199,0.7107869982719421,0.4363934099674225,0.7096279263496399,0.4368566870689392,0.7082797288894653,0.43733811378479004,0.7217663526535034,0.4404647946357727,0.7061651945114136,0.445517361164093,0.7167069911956787,0.46152180433273315,0.7107570171356201,0.46202847361564636,0.7383939623832703,0.5069682598114014,0.6922245025634766,0.5142340660095215,0.7469350099563599,0.6184143424034119,0.6812493801116943,0.6244686245918274,0.7416986227035522,0.7433381676673889,0.6908423900604248,0.714714765548706,0.75185626745224,0.7643551826477051,0.6870150566101074,0.7433173656463623,0.7452772259712219,0.7616495490074158,0.6869913935661316,0.7441341876983643,0.7394846081733704,0.7655521035194397,0.698345959186554,0.7276228070259094,0.7342760562896729,0.6637805104255676,0.7055307030677795,0.6694710850715637,0.7354164123535156,0.7216174602508545,0.6981269121170044,0.729156494140625,0.7240256071090698,0.7455951571464539,0.7136921286582947,0.7224835157394409,0.7208315134048462,0.7482943534851074,0.7158299088478088,0.7185275554656982,0.7242230176925659,0.7666048407554626,0.7192798852920532,0.7414498925209045,0
0.7126136422157288,0.4459282159805298,0.7142886519432068,0.43378692865371704,0.7160843014717102,0.4335998594760895,0.7175844311714172,0.43308454751968384,0.7112494111061096,0.4360573887825012,0.709591805934906,0.436534583568573,0.7086332440376282,0.43693846464157104,0.7197357416152954,0.4418894946575165,0.7082220315933228,0.44457265734672546,0.7156618237495422,0.4612743854522705,0.7101908922195435,0.4616355001926422,0.7384123206138611,0.5105599164962769,0.6927907466888428,0.5199195146560669,0.7448211908340454,0.6065446138381958,0.6828060746192932,0.6331115365028381,0.7412765026092529,0.7147353887557983,0.6933818459510803,0.714788556098938,0.743195116519928,0.7475038766860962,0.6917904019355774,0.7430046796798706,0.7368667125701904,0.7448539733886719,0.698070228099823,0.7380549311637878,0.734957218170166,0.7338240742683411,0.7003539204597473,0.7281844615936279,0.7347562909126282,0.6626319885253906,0.7066444158554077,0.6778045892715454,0.7185923457145691,0.6817026138305664,0.6799051761627197,0.6849671006202698,0.7185515761375427,0.7334162592887878,0.7110105752944946,0.7132689356803894,0.7177252173423767,0.7376830577850342,0.7165435552597046,0.7099297046661377,0.7205850481987,0.7605894207954407,0.7174691557884216,0.7480295896530151,0
0.7124587297439575,0.44426923990249634,0.7149484753608704,0.433074414730072,0.7166922688484192,0.4330759644508362,0.7186307311058044,0.43276694416999817,0.710667073726654,0.4333415925502777,0.7090516686439514,0.4336962401866913,0.7077564597129822,0.4338195323944092,0.7218335270881653,0.4395071864128113,0.7068814635276794,0.4423254728317261,0.7160252332687378,0.4600205421447754,0.7101742029190063,0.45998069643974304,0.7400431632995605,0.5119223594665527,0.6916592121124268,0.52353835105896,0.7519892454147339,0.6177436709403992,0.6826300621032715,0.6369036436080933,0.7474006414413452,0.7520214915275574,0.6902341842651367,0.7316101789474487,0.7494000196456909,0.7795496582984924,0.6861599087715149,0.7549991011619568,0.7430273294448853,0.774970531463623,0.6965374946594238,0.7516491413116455,0.7417840957641602,0.7723352909088135,0.698170006275177,0.7425287961959839,0.7379921674728394,0.6809619069099426,0.7073647975921631,0.6942720413208008,0.7273433208465576,0.685500979423523,0.696216881275177,0.7009028792381287,0.7240614295005798,0.7183427214622498,0.7132106423377991,0.7142190337181091,0.7248778343200684,0.7222262024879456,0.7179991006851196,0.7125194668769836,0.7154276967048645,0.7483088374137878,0.704738199710846,0.7527185082435608,0
0.7122955918312073,0.4455164670944214,0.7150022983551025,0.4353708028793335,0.7168599963188171,0.43556466698646545,0.7188189625740051,0.4354707598686218,0.7104461193084717,0.43524715304374695,0.7086842656135559,0.43548405170440674,0.707449734210968,0.4355013966560364,0.7215569019317627,0.443776935338974,0.7064446806907654,0.44257110357284546,0.7158660292625427,0.46203842759132385,0.7095304727554321,0.4607979953289032,0.7397290468215942,0.512981653213501,0.6914046406745911,0.5287294387817383,0.7464876770973206,0.6174426078796387,0.680390477180481,0.6354485154151917,0.7427159547805786,0.7082187533378601,0.6908801198005676,0.7031040787696838,0.7446123361587524,0.7380124926567078,0.6905264854431152,0.7248353958129883,0.7378314137458801,0.7330570220947266,0.6960417628288269,0.7178993821144104,0.7359854578971863,0.7230031490325928,0.6978908777236938,0.7107793092727661,0.736376941204071,0.6866058111190796,0.706074595451355,0.6910922527313232,0.7315458059310913,0.7510064840316772,0.6962554454803467,0.7401905655860901,0.7201017141342163,0.7627227902412415,0.7101947665214539,0.7342157363891602,0.7180275321006775,0.7627562284469604,0.7127130627632141,0.7316268086433411,0.7179009914398193,0.7773920893669128,0.7058721780776978,0.764320433139801,0
0.7131112217903137,0.4420102834701538,0.7160259485244751,0.4321150779724121,0.7181084156036377,0.43229445815086365,0.7206389307975769,0.43216633796691895,0.7108304500579834,0.4317271411418915,0.709317147731781,0.4317570626735687,0.7073379755020142,0.431537002325058,0.7233453392982483,0.4389165937900543,0.7055794596672058,0.4389898180961609,0.7170953750610352,0.4588017761707306,0.7108487486839294,0.4572995901107788,0.7405346632003784,0.5128474235534668,0.690343976020813,0.5297303199768066,0.7510129809379578,0.6112543940544128,0.6817669868469238,0.6475968956947327,0.7478644251823425,0.6990106701850891,0.6913924217224121,0.7053290009498596,0.7506861686706543,0.7270646095275879,0.6920379400253296,0.725982666015625,0.7440245747566223,0.7221288084983826,0.6981838345527649,0.7172017097473145,0.7414164543151855,0.71260666847229,0.6998481154441833,0.7102669477462769,0.7388744354248047,0.7051637768745422,0.7043382525444031,0.7042116522789001,0.7309364676475525,0.7577739953994751,0.6982326507568359,0.7503534555435181,0.7258415818214417,0.7778477072715759,0.7147202491760254,0.7531450986862183,0.7254430651664734,0.7763625383377075,0.7179626822471619,0.7487565875053406,0.7218383550643921,0.8034452199935913,0.7179012298583984,0.7808189392089844,0
0.7130270600318909,0.4425201416015625,0.7155615091323853,0.4330114722251892,0.7170826196670532,0.43298548460006714,0.719064474105835,0.4324805736541748,0.711674690246582,0.43304282426834106,0.7106190919876099,0.43321555852890015,0.7086591124534607,0.43312904238700867,0.7210288643836975,0.4415733218193054,0.7076686024665833,0.4422650635242462,0.7161318063735962,0.4589260220527649,0.7113013863563538,0.4578379690647125,0.7393369674682617,0.5165615081787109,0.691351592540741,0.5301618576049805,0.7446275353431702,0.6146159768104553,0.6821894645690918,0.641960620880127,0.7445157766342163,0.722237765789032,0.6938043832778931,0.7408434152603149,0.742360532283783,0.7694480419158936,0.6933254599571228,0.7706558704376221,0.7360405921936035,0.759930431842804,0.6999216675758362,0.7668905854225159,0.7352160215377808,0.7593891620635986,0.7019657492637634,0.7562026977539062,0.7342411279678345,0.6693771481513977,0.7043833136558533,0.6794956922531128,0.7255331873893738,0.7028706073760986,0.6920693516731262,0.7209940552711487,0.7235702276229858,0.725953221321106,0.713059663772583,0.7227352857589722,0.7227168083190918,0.7263593673706055,0.7166070342063904,0.717290997505188,0.7193210124969482,0.756244421005249,0.7182407379150391,0.750173807144165,0
0.7126190066337585,0.44893813133239746,0.7157384753227234,0.4395374655723572,0.7178234457969666,0.4393787980079651,0.7199971675872803,0.4387887120246887,0.7107905745506287,0.4399755001068115,0.709050714969635,0.44044357538223267,0.7076444625854492,0.4406388998031616,0.722944438457489,0.44570615887641907,0.7064573764801025,0.4479525685310364,0.7164475321769714,0.4639158844947815,0.7097200751304626,0.4635719060897827,0.7392411231994629,0.514001727104187,0.6921030282974243,0.5260880589485168,0.7470149993896484,0.6269140243530273,0.6795929670333862,0.6382467746734619,0.7438257336616516,0.7401440143585205,0.6822062730789185,0.704716145992279,0.7467197775840759,0.7812240719795227,0.6792766451835632,0.7235898375511169,0.7394956350326538,0.7722343802452087,0.6844991445541382,0.7183653712272644,0.7366049289703369,0.7718570232391357,0.6877539157867432,0.7124121189117432,0.7372744083404541,0.693834125995636,0.7086877822875977,0.7009685635566711,0.7377735376358032,0.7526971101760864,0.701747477054596,0.7399009466171265,0.7283803820610046,0.7605066299438477,0.7170184850692749,0.7187034487724304,0.7279503345489502,0.7570080757141113,0.7199425101280212,0.7123027443885803,0.7223209142684937,0.7872610092163086,0.7114944458007812,0.7394763231277466,0
0.7125841975212097,0.4401622712612152,0.7149810791015625,0.43613868951797485,0.7173734307289124,0.43542808294296265,0.7190515995025635,0.43449142575263977,0.7113680243492126,0.437407523393631,0.7100755572319031,0.4380371570587158,0.7081369161605835,0.43859702348709106,0.7201251983642578,0.4438493251800537,0.7069145441055298,0.44799119234085083,0.7151675224304199,0.45538246631622314,0.7105541229248047,0.45646727085113525,0.7380149364471436,0.5048283338546753,0.6919126510620117,0.5361288785934448,0.7454907298088074,0.6141796708106995,0.6825722455978394,0.636516809463501,0.7412935495376587,0.7236751317977905,0.6864544749259949,0.7130959630012512,0.7490824460983276,0.760796844959259,0.6835620403289795,0.7386173605918884,0.742002546787262,0.760509192943573,0.6894597411155701,0.7343701720237732,0.7395609617233276,0.748728334903717,0.6921702027320862,0.7251837849617004,0.7364816069602966,0.6607305407524109,0.7079567909240723,0.6839181184768677,0.7284233570098877,0.6636496186256409,0.6874002814292908,0.6872164011001587,0.7218223810195923,0.731523334980011,0.7126891016960144,0.7097600102424622,0.7201037406921387,0.7405089735984802,0.7174673676490784,0.7063501477241516,0.7195315361022949,0.7617558836936951,0.7122827768325806,0.7458791136741638,0
0.7140005826950073,0.449072927236557,0.7170701622962952,0.43893593549728394,0.719135046005249,0.43948647379875183,0.7215688824653625,0.4395362436771393,0.711603045463562,0.43736517429351807,0.7093538641929626,0.43718063831329346,0.7079526782035828,0.436953604221344,0.7232131958007812,0.4481295347213745,0.7060723304748535,0.4450784921646118,0.7180215716362,0.46715888381004333,0.7105693817138672,0.46342548727989197,0.7395511865615845,0.5208421349525452,0.6901934742927551,0.5388424396514893,0.7470089793205261,0.6278963088989258,0.6759834289550781,0.6557498574256897,0.7442977428436279,0.7392492294311523,0.683809220790863,0.7260831594467163,0.7476385235786438,0.7788113355636597,0.682894766330719,0.7461645007133484,0.7402238249778748,0.7699531316757202,0.6881842613220215,0.7398837208747864,0.7390735745429993,0.7689271569252014,0.6902666091918945,0.733273983001709,0.7367258071899414,0.702163577079773,0.708672046661377,0.7076258659362793,0.7334315180778503,0.7712758779525757,0.7013249397277832,0.7585043907165527,0.7248927354812622,0.7955352067947388,0.7144486904144287,0.7753798961639404,0.7240930795669556,0.7983334064483643,0.7173885107040405,0.7774865031242371,0.7204400300979614,0.8106633424758911,0.7152526378631592,0.7916847467422485,0
0.7126262784004211,0.44857698678970337,0.7159439325332642,0.4382252097129822,0.7178484797477722,0.43812182545661926,0.7197174429893494,0.43741315603256226,0.7107223272323608,0.43752139806747437,0.7091633081436157,0.43714237213134766,0.7069032192230225,0.43651604652404785,0.72194504737854,0.44320806860923767,0.7054630517959595,0.4461652636528015,0.7152619361877441,0.4618174433708191,0.7101567387580872,0.46088707447052,0.737504780292511,0.5140942335128784,0.6914709210395813,0.5320168733596802,0.7454908490180969,0.6135321855545044,0.6819435954093933,0.6400293111801147,0.739754855632782,0.720874547958374,0.6852789521217346,0.7168157696723938,0.7462794184684753,0.7428898811340332,0.6826846599578857,0.7415505647659302,0.7393417358398438,0.7402840852737427,0.687800407409668,0.7370483875274658,0.7370785474777222,0.7302742600440979,0.6904919147491455,0.7283890843391418,0.7365180850028992,0.666525661945343,0.7080960273742676,0.6841533184051514,0.7300155162811279,0.72135990858078,0.6924678087234497,0.720228374004364,0.7158750295639038,0.7547666430473328,0.7036582827568054,0.7396857142448425,0.7133123874664307,0.7591121792793274,0.7053723931312561,0.7414393424987793,0.7140348553657532,0.774073600769043,0.705986499786377,0.7547709941864014,0
0.7159302234649658,0.44776198267936707,0.7183276414871216,0.4380834698677063,0.7206399440765381,0.43816250562667847,0.7226777076721191,0.4377202093601227,0.7131933569908142,0.4370688796043396,0.7119110822677612,0.4368518590927124,0.709227442741394,0.43660658597946167,0.7246183753013611,0.44789087772369385,0.7080501914024353,0.4438280463218689,0.7193943858146667,0.4648561477661133,0.7130529284477234,0.4620744585990906,0.7412858605384827,0.5151480436325073,0.6918669939041138,0.5204900503158569,0.7501769065856934,0.6055514216423035,0.6763522624969482,0.6293196082115173,0.743472158908844,0.6907901167869568,0.6880176663398743,0.686745822429657,0.7440486550331116,0.7187024354934692,0.6884381771087646,0.7065581679344177,0.7369128465652466,0.7135877013206482,0.6943183541297913,0.6978906393051147,0.7354622483253479,0.7044591307640076,0.6958170533180237,0.6918222308158875,0.736377477645874,0.697422206401825,0.707207441329956,0.6997478008270264,0.7318093776702881,0.7674927115440369,0.6989688873291016,0.750388503074646,0.7226282954216003,0.7867763042449951,0.7106236815452576,0.7654922008514404,0.7213543653488159,0.7870470285415649,0.7129552364349365,0.7669489979743958,0.7184063196182251,0.8056482672691345,0.7121024131774902,0.7817971110343933,0
0.7144922018051147,0.44321316480636597,0.7178506255149841,0.4347474277019501,0.7195771336555481,0.4356957674026489,0.7219789028167725,0.4363921284675598,0.7129355669021606,0.43241816759109497,0.7116101384162903,0.43133002519607544,0.7091630101203918,0.4309679865837097,0.7235861420631409,0.4442075788974762,0.70774245262146,0.43990278244018555,0.7182813882827759,0.46084022521972656,0.7123541831970215,0.45768463611602783,0.7402299046516418,0.5238141417503357,0.6916138529777527,0.5265501141548157,0.7451908588409424,0.6167183518409729,0.6800690293312073,0.6415756940841675,0.7415009140968323,0.7253637909889221,0.6858218312263489,0.726351797580719,0.7433647513389587,0.7637664079666138,0.6848578453063965,0.7514410018920898,0.7377609014511108,0.7680983543395996,0.6910349130630493,0.7465457916259766,0.7364939451217651,0.7501547932624817,0.6931629776954651,0.7382649183273315,0.7372578978538513,0.7008776664733887,0.7056883573532104,0.6994711756706238,0.7306433916091919,0.7404882311820984,0.6983256340026855,0.7326567769050598,0.7250819802284241,0.7582141757011414,0.7141721844673157,0.7347002029418945,0.725059986114502,0.759161651134491,0.7181420922279358,0.7335787415504456,0.7170180678367615,0.7723786234855652,0.7140170931816101,0.754651665687561,0
0.7166653275489807,0.4453922510147095,0.7191677689552307,0.43864694237709045,0.7212206721305847,0.43896880745887756,0.7230284214019775,0.43878424167633057,0.7141789793968201,0.434445858001709,0.7130059003829956,0.43409085273742676,0.7117933630943298,0.43353450298309326,0.7249251008033752,0.4452801048755646,0.7092797160148621,0.4437062740325928,0.7196483016014099,0.46219968795776367,0.7138557434082031,0.4589998126029968,0.7412939667701721,0.5171056389808655,0.6918864846229553,0.5226231217384338,0.7501817941665649,0.6136716604232788,0.6775761246681213,0.6271008849143982,0.7439056038856506,0.691411554813385,0.6885114312171936,0.6885638236999512,0.7449493408203125,0.716350257396698,0.6880372166633606,0.7086782455444336,0.7385674715042114,0.7099475860595703,0.6935563087463379,0.7013797760009766,0.7367668747901917,0.7012462019920349,0.6955050230026245,0.6943085193634033,0.7364569902420044,0.667948305606842,0.706739068031311,0.6761618256568909,0.7339360117912292,0.7386455535888672,0.6973867416381836,0.7423261404037476,0.7256216406822205,0.735210657119751,0.7123493552207947,0.718580961227417,0.7233477234840393,0.7317063212394714,0.7141635417938232,0.7116460204124451,0.7256484627723694,0.7502799034118652,0.7114468216896057,0.7502865195274353,0
0.7158247828483582,0.4436277151107788,0.7179964780807495,0.43423765897750854,0.7200480699539185,0.43492767214775085,0.721973717212677,0.4351422190666199,0.7131060361862183,0.43204236030578613,0.7118006944656372,0.43143612146377563,0.709077000617981,0.43075352907180786,0.7233957648277283,0.442905992269516,0.7073171138763428,0.4391714930534363,0.7186729311943054,0.4598974287509918,0.7128890156745911,0.4568363428115845,0.7390641570091248,0.5211291313171387,0.6924424767494202,0.5214995741844177,0.7488407492637634,0.6101831197738647,0.6837208867073059,0.629813551902771,0.7458474040031433,0.7171303629875183,0.6907625198364258,0.7147308588027954,0.7510526776313782,0.7483046650886536,0.6903542280197144,0.7398730516433716,0.7443376779556274,0.7463807463645935,0.6963704824447632,0.7358892560005188,0.7412118315696716,0.7418912649154663,0.6981784105300903,0.7276661992073059,0.7368471622467041,0.6948412656784058,0.7065472602844238,0.6947022676467896,0.7300534844398499,0.7169368863105774,0.7003358602523804,0.7078205347061157,0.7283976078033447,0.7539671659469604,0.7192767858505249,0.7257035374641418,0.7288153171539307,0.7562463283538818,0.723744809627533,0.72563636302948,0.7239155769348145,0.781657874584198,0.720011830329895,0.7526087760925293,0
0.7134237885475159,0.4499436020851135,0.7163811922073364,0.43821829557418823,0.7178288102149963,0.43873322010040283,0.7204084396362305,0.43892884254455566,0.7113702297210693,0.4356445372104645,0.7099815607070923,0.4347820580005646,0.7069596648216248,0.4337063431739807,0.7213218212127686,0.4460362195968628,0.7051630020141602,0.44141972064971924,0.7169665694236755,0.46219396591186523,0.71138995885849,0.4595347046852112,0.7396154403686523,0.516633927822113,0.6903095841407776,0.5310446619987488,0.7502221465110779,0.6142253279685974,0.6812968850135803,0.6278166174888611,0.7458631992340088,0.7312059998512268,0.6862879395484924,0.7245771288871765,0.7476229071617126,0.7539575099945068,0.6844946146011353,0.7520520687103271,0.7424904704093933,0.7581972479820251,0.6898303627967834,0.7475099563598633,0.7413486838340759,0.7366577386856079,0.692578136920929,0.7380630373954773,0.7346979379653931,0.6640925407409668,0.7041157484054565,0.6701474785804749,0.7330640554428101,0.7520167827606201,0.6963505744934082,0.7384044528007507,0.7237770557403564,0.7555753588676453,0.7099648714065552,0.7344943881034851,0.7232042551040649,0.7519006133079529,0.7128788232803345,0.731575071811676,0.7167462110519409,0.778129518032074,0.7038673162460327,0.7669812440872192,0
0.7164037823677063,0.4565841555595398,0.7191839814186096,0.44463416934013367,0.7210978865623474,0.44511258602142334,0.7230280041694641,0.44491028785705566,0.7136682271957397,0.44244349002838135,0.711441695690155,0.44169697165489197,0.7099111676216125,0.4410516619682312,0.7239984273910522,0.45121341943740845,0.7075314521789551,0.44823944568634033,0.7191475629806519,0.4705063998699188,0.7125101685523987,0.46709251403808594,0.7416372895240784,0.5287571549415588,0.6895813345909119,0.5400437116622925,0.7503148913383484,0.6243304014205933,0.6810390949249268,0.6507260203361511,0.7434065341949463,0.7207193374633789,0.6936719417572021,0.7147114872932434,0.7456325888633728,0.7630075216293335,0.6947025060653687,0.7354139089584351,0.7393332123756409,0.7473761439323425,0.6997355818748474,0.7277171015739441,0.7389084100723267,0.7467375993728638,0.7012181282043457,0.7212218046188354,0.7384881377220154,0.732204020023346,0.7071062922477722,0.7345536351203918,0.7386726140975952,0.7994158267974854,0.7027322053909302,0.7788053154945374,0.7308031916618347,0.8442590832710266,0.7172821760177612,0.8315145969390869,0.7288318872451782,0.8468382954597473,0.7196120619773865,0.8388988971710205,0.7302748560905457,0.8691502213478088,0.7213592529296875,0.8533117175102234,0
0.7119162082672119,0.44405725598335266,0.7156308889389038,0.4407472014427185,0.7172130346298218,0.4412675201892853,0.7186731100082397,0.4411921203136444,0.7105497717857361,0.4387790262699127,0.7091825604438782,0.4383784234523773,0.7076823711395264,0.43802139163017273,0.7211013436317444,0.4474714398384094,0.7049285173416138,0.445512592792511,0.7160288691520691,0.4626309275627136,0.7102824449539185,0.4605732560157776,0.7371189594268799,0.5150095224380493,0.6898941397666931,0.5364205837249756,0.7478275895118713,0.5954022407531738,0.683594286441803,0.638313353061676,0.7432183027267456,0.6569844484329224,0.6954919695854187,0.6901364922523499,0.7434549331665039,0.6787151098251343,0.6969344019889832,0.710041344165802,0.736835777759552,0.6734392046928406,0.7009424567222595,0.7006940245628357,0.7355585694313049,0.66728675365448,0.7021073698997498,0.6944168210029602,0.7371364831924438,0.7105510234832764,0.7064871788024902,0.7265708446502686,0.7389515042304993,0.7819626927375793,0.7017523646354675,0.7826225161552429,0.7360590100288391,0.8330971002578735,0.7184779047966003,0.8510048389434814,0.7357238531112671,0.8351714611053467,0.7212488651275635,0.8587180376052856,0.7332907915115356,0.8719863891601562,0.7225874066352844,0.8842412829399109,0
0.7163910269737244,0.4479212462902069,0.7193049192428589,0.4370146095752716,0.7212666869163513,0.437794029712677,0.7241387963294983,0.43793296813964844,0.7133393883705139,0.434060662984848,0.7117310166358948,0.4332662522792816,0.7101108431816101,0.4323902428150177,0.7261278629302979,0.44560378789901733,0.7074021697044373,0.4411788582801819,0.719720184803009,0.46341514587402344,0.7126190066337585,0.4612402319908142,0.7415627241134644,0.5264931917190552,0.6918342113494873,0.5397529602050781,0.7501604557037354,0.6267631649971008,0.6821427941322327,0.6472300291061401,0.7432913184165955,0.7372872829437256,0.6874194741249084,0.702042818069458,0.7471624612808228,0.7641773223876953,0.685773491859436,0.7222550511360168,0.7399638295173645,0.7627272009849548,0.6908556222915649,0.7151777744293213,0.737542450428009,0.7529172897338867,0.6933292150497437,0.7096938490867615,0.7393168807029724,0.7262745499610901,0.7078300714492798,0.7321751117706299,0.7365853190422058,0.7897850871086121,0.7018615007400513,0.7271983623504639,0.7309481501579285,0.8197803497314453,0.7196913361549377,0.7831813097000122,0.7284687757492065,0.8211281299591064,0.7211520075798035,0.7927242517471313,0.7324278950691223,0.8371089100837708,0.7277323603630066,0.7981842756271362,0
0.7156786918640137,0.4462534189224243,0.7183555364608765,0.4346092939376831,0.7207598090171814,0.43542957305908203,0.7231804728507996,0.43587610125541687,0.7131003141403198,0.43279820680618286,0.7117243409156799,0.4323626756668091,0.7096966505050659,0.43183082342147827,0.7258678078651428,0.4440203309059143,0.7079302668571472,0.43963462114334106,0.7192413210868835,0.46159595251083374,0.712695300579071,0.4601108431816101,0.7409681677818298,0.5230555534362793,0.6915283203125,0.5322161912918091,0.7514403462409973,0.6194035410881042,0.6831591725349426,0.6316535472869873,0.7479180693626404,0.7496104836463928,0.6841052174568176,0.7065508365631104,0.7494959235191345,0.7779135704040527,0.6821812391281128,0.7269760966300964,0.7446073889732361,0.7810400128364563,0.6880777478218079,0.721007227897644,0.7434855699539185,0.7688502073287964,0.6904865503311157,0.7150487303733826,0.7384803295135498,0.6972681283950806,0.7072362899780273,0.7024394273757935,0.7291072607040405,0.7394143342971802,0.6975059509277344,0.7191894054412842,0.7230290770530701,0.7495992183685303,0.7125861644744873,0.7211183905601501,0.7228464484214783,0.7483822107315063,0.7160376310348511,0.7202298641204834,0.7176915407180786,0.7674623131752014,0.7082579731941223,0.7531163692474365,0
0.7147423624992371,0.4502912163734436,0.7171410918235779,0.4412265419960022,0.7202574610710144,0.44124501943588257,0.722262978553772,0.4409700632095337,0.7125484943389893,0.44103139638900757,0.7100939154624939,0.4413357973098755,0.708494246006012,0.44150689244270325,0.7241715788841248,0.45435845851898193,0.7066798806190491,0.45454251766204834,0.7181417346000671,0.4683443009853363,0.7113925814628601,0.4669216573238373,0.7401421070098877,0.5201392769813538,0.6916192173957825,0.5452058911323547,0.7481662631034851,0.6168538331985474,0.6778100728988647,0.6522598266601562,0.7423439025878906,0.7037342190742493,0.6829977631568909,0.7080026268959045,0.7451493144035339,0.743742823600769,0.6821892857551575,0.7269769310951233,0.7373337745666504,0.74048912525177,0.6866186857223511,0.7178732752799988,0.7362092733383179,0.7316827774047852,0.6887168884277344,0.7129936218261719,0.7393397092819214,0.7321502566337585,0.7100903987884521,0.7385662794113159,0.735363245010376,0.7866862416267395,0.699812650680542,0.7543988227844238,0.7255128622055054,0.855594277381897,0.7122111916542053,0.8384631872177124,0.7237964272499084,0.8617057204246521,0.7146105170249939,0.8531107902526855,0.7234522104263306,0.8851320147514343,0.7139157652854919,0.8585666418075562,0
0.7139701247215271,0.4414719343185425,0.7171576619148254,0.433246910572052,0.7188838720321655,0.4341334104537964,0.7213551998138428,0.43467676639556885,0.7123165130615234,0.4309425354003906,0.7110012769699097,0.4304659962654114,0.7096231579780579,0.4299156665802002,0.7231283187866211,0.44452357292175293,0.7072274684906006,0.4400385022163391,0.7174276113510132,0.45468321442604065,0.7118047475814819,0.4529263377189636,0.7399371862411499,0.5188348889350891,0.6921976804733276,0.5334527492523193,0.7499558925628662,0.6087243556976318,0.677642285823822,0.6479429602622986,0.7443360090255737,0.7375189661979675,0.6892484426498413,0.7245522141456604,0.7462133169174194,0.7691462635993958,0.6898269653320312,0.749470055103302,0.7409006953239441,0.7731828689575195,0.6954967379570007,0.7431895136833191,0.7396112084388733,0.7592114806175232,0.6968010067939758,0.7343451976776123,0.7378878593444824,0.6928900480270386,0.7080196142196655,0.7069493532180786,0.7307451963424683,0.7328513264656067,0.6991764307022095,0.725678026676178,0.7265073657035828,0.7538056373596191,0.7163533568382263,0.7360628247261047,0.7269794940948486,0.7524344325065613,0.721002995967865,0.7340700626373291,0.7180836200714111,0.7791011929512024,0.7148802280426025,0.7653306126594543,0
0.7152031064033508,0.44058334827423096,0.7183708548545837,0.4358365535736084,0.7198907732963562,0.4366610050201416,0.721436619758606,0.4371533989906311,0.7136849164962769,0.43402495980262756,0.7121384739875793,0.43240323662757874,0.7095806002616882,0.4321444630622864,0.7221958637237549,0.4464069604873657,0.7073251605033875,0.4439205527305603,0.7180893421173096,0.45624107122421265,0.7126596570014954,0.4536511301994324,0.7386371493339539,0.5246082544326782,0.6901251077651978,0.5372976660728455,0.7465991973876953,0.6137656569480896,0.6795610785484314,0.653759777545929,0.7448323965072632,0.7444038391113281,0.6897700428962708,0.7275412082672119,0.747775137424469,0.7748093605041504,0.6899237036705017,0.7497133612632751,0.7442309856414795,0.772712767124176,0.6949142813682556,0.7430872321128845,0.7400365471839905,0.7658765912055969,0.6965584754943848,0.7356845140457153,0.7386585474014282,0.7158676981925964,0.709189236164093,0.7295734286308289,0.737044632434845,0.754593014717102,0.7060950994491577,0.7507950663566589,0.7314356565475464,0.7839489579200745,0.7217395305633545,0.7837944030761719,0.7308782935142517,0.7862876057624817,0.7254523038864136,0.789502739906311,0.7294597029685974,0.7899320721626282,0.7221279144287109,0.8002460598945618,0
0.7155935168266296,0.4398288428783417,0.7181573510169983,0.4336175322532654,0.7199400067329407,0.4347045421600342,0.722129762172699,0.4337576627731323,0.7132973670959473,0.43145865201950073,0.7119121551513672,0.4313172698020935,0.7104580402374268,0.4311625063419342,0.7243645191192627,0.44479280710220337,0.7077342867851257,0.4426829218864441,0.7186998724937439,0.45600616931915283,0.7125912308692932,0.4529348611831665,0.7393748164176941,0.5210267305374146,0.6917217373847961,0.535485565662384,0.750481128692627,0.6051489114761353,0.6833758354187012,0.6469437479972839,0.7474592328071594,0.7046805620193481,0.6928149461746216,0.7015213370323181,0.7525581121444702,0.7273223400115967,0.6924896240234375,0.7220612168312073,0.7466949820518494,0.725838303565979,0.6977785229682922,0.7146061658859253,0.7443311214447021,0.7155680060386658,0.6995149850845337,0.7074184417724609,0.7392513751983643,0.6895699501037598,0.7077345252037048,0.7092815041542053,0.7294697761535645,0.722457766532898,0.69388347864151,0.7510378360748291,0.7263561487197876,0.7451295852661133,0.7121095657348633,0.7564842700958252,0.7258598208427429,0.7431403398513794,0.7152114510536194,0.749099850654602,0.7235069870948792,0.7764394879341125,0.7126116156578064,0.787773609161377,0
0.7148383855819702,0.4397658705711365,0.717677116394043,0.43122950196266174,0.7193135619163513,0.43181899189949036,0.7216165661811829,0.4318965673446655,0.712919294834137,0.430046021938324,0.7115591764450073,0.4299618601799011,0.7100886106491089,0.4296351373195648,0.7234530448913574,0.4433324933052063,0.7071881890296936,0.44186142086982727,0.7187370657920837,0.456341952085495,0.7127753496170044,0.4540822505950928,0.7400325536727905,0.5240733623504639,0.6915159821510315,0.5381767749786377,0.7497113943099976,0.6107035875320435,0.6839045882225037,0.6454892754554749,0.7467545866966248,0.738102376461029,0.688765287399292,0.7376732230186462,0.747955322265625,0.767903745174408,0.6870834827423096,0.7614255547523499,0.745788037776947,0.7730873823165894,0.6931614875793457,0.7609027624130249,0.7420632243156433,0.7577771544456482,0.6951267123222351,0.7511993050575256,0.7371440529823303,0.6955039501190186,0.7070131301879883,0.7128087282180786,0.7327673435211182,0.7387475371360779,0.7002068758010864,0.7260528802871704,0.729034960269928,0.7609894871711731,0.7174614071846008,0.754956841468811,0.7291422486305237,0.759027361869812,0.7216718792915344,0.7570957541465759,0.7242297530174255,0.792233943939209,0.7109434008598328,0.7812832593917847,0
0.7162176370620728,0.4401925206184387,0.7185381650924683,0.4335876703262329,0.720251739025116,0.4345107078552246,0.7225537300109863,0.4351961612701416,0.7137420773506165,0.431815505027771,0.7124016880989075,0.4317392110824585,0.7109662890434265,0.4315880239009857,0.7244408130645752,0.44367170333862305,0.7082229852676392,0.44227564334869385,0.7192808389663696,0.45546483993530273,0.7132341861724854,0.4531230926513672,0.7407755255699158,0.5218076705932617,0.6918877959251404,0.5346705913543701,0.7509675621986389,0.615584135055542,0.6836430430412292,0.6446080207824707,0.746864914894104,0.6997103095054626,0.692258358001709,0.7101113796234131,0.7487707734107971,0.7415965795516968,0.6913317441940308,0.7326557636260986,0.7429038286209106,0.7401687502861023,0.6967464089393616,0.7249683737754822,0.7408910393714905,0.7296758890151978,0.6987768411636353,0.717197835445404,0.7384201288223267,0.7040524482727051,0.7066165208816528,0.7182759046554565,0.7280375957489014,0.7057830691337585,0.6933270692825317,0.7166789174079895,0.7221048474311829,0.7569828033447266,0.7098718881607056,0.7711441516876221,0.7212274670600891,0.7620563507080078,0.7140968441963196,0.7736936211585999,0.7172216773033142,0.7853108644485474,0.7069492340087891,0.7944985628128052,0
0.7145374417304993,0.4409184157848358,0.7175407409667969,0.43270623683929443,0.719247043132782,0.4336404800415039,0.7214294075965881,0.4341197609901428,0.7127230167388916,0.43050092458724976,0.7113577723503113,0.4301353096961975,0.7090309262275696,0.42966774106025696,0.7228122353553772,0.4450708031654358,0.7072986960411072,0.44093817472457886,0.718195915222168,0.4578950107097626,0.7122146487236023,0.45472556352615356,0.7390953302383423,0.5240260362625122,0.691645622253418,0.5370762348175049,0.7500418424606323,0.6145026683807373,0.6846700310707092,0.6462068557739258,0.7469239234924316,0.752704381942749,0.6858824491500854,0.7331226468086243,0.7495481967926025,0.779183030128479,0.685607373714447,0.7514225244522095,0.743704617023468,0.7716739773750305,0.6900162696838379,0.7550315260887146,0.7399004697799683,0.7705906629562378,0.6917135119438171,0.7465401887893677,0.7372599244117737,0.70848149061203,0.7078595161437988,0.7212461829185486,0.7290191054344177,0.7383202314376831,0.7000817060470581,0.7203580737113953,0.725498616695404,0.7577284574508667,0.7173360586166382,0.743256688117981,0.725337028503418,0.7588445544242859,0.7216078042984009,0.7473571300506592,0.7212861180305481,0.7745335698127747,0.710808515548706,0.7706089615821838,0
0.7130535244941711,0.4474351406097412,0.7143030762672424,0.43795615434646606,0.7164446115493774,0.4379640817642212,0.7179396152496338,0.4376979470252991,0.7096989750862122,0.4392409920692444,0.7084240317344666,0.4402245879173279,0.7068381309509277,0.44124144315719604,0.7190691232681274,0.4525061845779419,0.7029991149902344,0.453216552734375,0.7152606844902039,0.4572993516921997,0.7099915742874146,0.4581281244754791,0.7379106879234314,0.5152961611747742,0.6902701258659363,0.5390244126319885,0.7458088994026184,0.6126974821090698,0.6733106374740601,0.6420215964317322,0.7408992052078247,0.7360457181930542,0.6841005086898804,0.7089992761611938,0.7478225827217102,0.7688116431236267,0.6840628981590271,0.7307484149932861,0.740553617477417,0.7580288648605347,0.6893206834793091,0.7230709791183472,0.7362239360809326,0.7588371634483337,0.6908713579177856,0.715364396572113,0.7361746430397034,0.6679188013076782,0.7057743668556213,0.6797075867652893,0.730718731880188,0.7408699989318848,0.6965674161911011,0.7343080043792725,0.7214547991752625,0.7451394200325012,0.7079926133155823,0.7321105599403381,0.7205092310905457,0.742053747177124,0.710895299911499,0.7299908995628357,0.7156197428703308,0.7665930390357971,0.7024804353713989,0.7554647922515869,0
0.7137278914451599,0.4503297209739685,0.7156269550323486,0.44301480054855347,0.7184341549873352,0.4445430040359497,0.7200403809547424,0.4451003968715668,0.7117903828620911,0.4415062367916107,0.7091968059539795,0.4413798153400421,0.7077615857124329,0.44178497791290283,0.7206675410270691,0.45501208305358887,0.7059746384620667,0.4530971050262451,0.7158330678939819,0.46238118410110474,0.7099003195762634,0.4598817825317383,0.7390823364257812,0.5289995670318604,0.6906828880310059,0.5405780076980591,0.7467278242111206,0.6245694756507874,0.6779204607009888,0.6421650052070618,0.7438777685165405,0.7432037591934204,0.6875696182250977,0.6921952366828918,0.7474967241287231,0.7792766690254211,0.6873391270637512,0.7107162475585938,0.7397131323814392,0.7687845826148987,0.6925221681594849,0.7014539241790771,0.7388375401496887,0.7677074670791626,0.6943514943122864,0.6952601671218872,0.7365499138832092,0.6867146492004395,0.7063148021697998,0.6987000703811646,0.7362666726112366,0.7660418152809143,0.6982101202011108,0.7444663643836975,0.7293131947517395,0.7744714617729187,0.7148435115814209,0.7577793002128601,0.7283746600151062,0.7718867063522339,0.7176469564437866,0.7571042776107788,0.7256979942321777,0.7940332293510437,0.712729811668396,0.7706562280654907,0
0.7137125134468079,0.4463338851928711,0.7168449759483337,0.43788662552833557,0.7186787724494934,0.43834012746810913,0.7204514145851135,0.43834513425827026,0.7114859819412231,0.4369875490665436,0.7098812460899353,0.43714404106140137,0.7074620127677917,0.4372813403606415,0.7230650782585144,0.4509807229042053,0.7058584094047546,0.4479631781578064,0.7179722785949707,0.4636651873588562,0.711192786693573,0.4591781497001648,0.7408550977706909,0.5219594836235046,0.6901298761367798,0.5425763726234436,0.7477434277534485,0.6269850134849548,0.6797685027122498,0.6495770215988159,0.7448874115943909,0.7165181040763855,0.6901744604110718,0.6863405108451843,0.7468470335006714,0.7640082836151123,0.6904740333557129,0.7008838653564453,0.7393826246261597,0.7484249472618103,0.6954254508018494,0.6900780200958252,0.7389275431632996,0.7474992275238037,0.6972262263298035,0.6854164600372314,0.7416442632675171,0.7126784324645996,0.7099186182022095,0.7311134934425354,0.7408237457275391,0.7819068431854248,0.7048584222793579,0.7765676379203796,0.7349947094917297,0.7968853712081909,0.7212976813316345,0.7843867540359497,0.7340618968009949,0.7940240502357483,0.7237913012504578,0.7815617322921753,0.732975423336029,0.8224004507064819,0.7210336327552795,0.7885738611221313,0
0.7125926613807678,0.4419447183609009,0.7144342064857483,0.4366721212863922,0.7167864441871643,0.43348830938339233,0.7184540033340454,0.4331051707267761,0.7106809020042419,0.4359537959098816,0.7092419266700745,0.43602192401885986,0.7070255875587463,0.43608349561691284,0.721065878868103,0.4468045234680176,0.7052145004272461,0.4466698169708252,0.715008556842804,0.4578664302825928,0.7105206847190857,0.45687371492385864,0.7391818761825562,0.5116817951202393,0.6915119886398315,0.5299615263938904,0.7490391135215759,0.5967164635658264,0.6853089928627014,0.6183662414550781,0.7455050945281982,0.7046160101890564,0.6917582154273987,0.6842432618141174,0.7470324039459229,0.727223813533783,0.6917135119438171,0.7067819833755493,0.7414407730102539,0.7296578288078308,0.6965819597244263,0.7010330557823181,0.7405535578727722,0.729215681552887,0.6981388330459595,0.69259113073349,0.7362585067749023,0.6738005876541138,0.7059470415115356,0.6891877055168152,0.7302927374839783,0.7628702521324158,0.6971718668937683,0.7453854084014893,0.7279985547065735,0.7564092874526978,0.7139639258384705,0.7301850914955139,0.7273047566413879,0.7489562630653381,0.7160041928291321,0.7205601930618286,0.7259414792060852,0.7853302955627441,0.7148312330245972,0.7687413692474365,0
0.7145689725875854,0.4499378502368927,0.716921865940094,0.4394335448741913,0.7187400460243225,0.4394856095314026,0.7205381393432617,0.43912383913993835,0.7116621732711792,0.4391539692878723,0.7092679738998413,0.43932968378067017,0.7076976895332336,0.4393957853317261,0.7224189043045044,0.44919848442077637,0.7055349946022034,0.44885170459747314,0.7186586260795593,0.4653041958808899,0.7108606100082397,0.4643566906452179,0.7407406568527222,0.5206254720687866,0.6901710033416748,0.5421882271766663,0.7472883462905884,0.6253221035003662,0.6771735548973083,0.6468015909194946,0.7449836730957031,0.7148018479347229,0.6884006261825562,0.6864519715309143,0.7466490864753723,0.7635666131973267,0.6903373599052429,0.7084748148918152,0.7429406642913818,0.745293915271759,0.6960952877998352,0.6977503895759583,0.7426394820213318,0.7366126775741577,0.6977689266204834,0.6928789019584656,0.7409377694129944,0.7123148441314697,0.7077416181564331,0.7197211980819702,0.7366235256195068,0.773562490940094,0.7012290954589844,0.764766275882721,0.728652834892273,0.7779337763786316,0.7155720591545105,0.7583212852478027,0.7273526191711426,0.7754577398300171,0.7179968357086182,0.7551554441452026,0.7242889404296875,0.7764585018157959,0.7132341265678406,0.7705592513084412,0
0.7110721468925476,0.44867682456970215,0.712801456451416,0.43824899196624756,0.7156058549880981,0.4385944604873657,0.7172510027885437,0.438075453042984,0.7089225053787231,0.43720775842666626,0.7077778577804565,0.4427987039089203,0.7054246068000793,0.44257473945617676,0.7190511226654053,0.45260417461395264,0.7041928768157959,0.45165202021598816,0.7138602137565613,0.4664035737514496,0.7079662084579468,0.46554404497146606,0.7373095154762268,0.5177822113037109,0.6899674534797668,0.5392605066299438,0.7455621361732483,0.5995273590087891,0.6804952621459961,0.626769483089447,0.7390912771224976,0.6659952402114868,0.6882601380348206,0.6532562971115112,0.7396718263626099,0.6893139481544495,0.6881023645401001,0.6670776009559631,0.7332284450531006,0.6840056777000427,0.6924917101860046,0.6568235754966736,0.7317646741867065,0.6769475340843201,0.6940600275993347,0.6526596546173096,0.733242928981781,0.7046048641204834,0.7034276127815247,0.7224670648574829,0.7294713854789734,0.7647866010665894,0.6922239065170288,0.7520852088928223,0.7244478464126587,0.7938457727432251,0.7098391056060791,0.7983024716377258,0.7252066731452942,0.7933987379074097,0.7140647172927856,0.801469087600708,0.7159908413887024,0.8272069096565247,0.7049275636672974,0.8012813925743103,0
0.7119858860969543,0.4469079375267029,0.7151325345039368,0.44319507479667664,0.7169452905654907,0.4439358115196228,0.7186524271965027,0.4439800977706909,0.7099409699440002,0.4409157335758209,0.7084184288978577,0.4406743347644806,0.7060588002204895,0.4404163956642151,0.7213014960289001,0.4515106678009033,0.7041876912117004,0.44994568824768066,0.7148078083992004,0.4648686349391937,0.7100549936294556,0.4628869295120239,0.7386627197265625,0.5169556736946106,0.6893274784088135,0.5376076698303223,0.7447319030761719,0.5968324542045593,0.6807151436805725,0.6256828308105469,0.7406010031700134,0.6342330574989319,0.6886862516403198,0.6303653120994568,0.7416571974754333,0.6493775844573975,0.689744770526886,0.6380578279495239,0.7358242869377136,0.6431684494018555,0.6931607723236084,0.6269643306732178,0.7339112162590027,0.6385719776153564,0.6942451596260071,0.6249095797538757,0.7350339293479919,0.7157328724861145,0.7030775547027588,0.7296842932701111,0.7356200218200684,0.7859313488006592,0.698316752910614,0.7790803909301758,0.7337743043899536,0.8318016529083252,0.7162952423095703,0.8493852615356445,0.7334103584289551,0.8315260410308838,0.7190508246421814,0.8552602529525757,0.7303346395492554,0.8724550008773804,0.7216269373893738,0.8872188329696655,0
0.7107074856758118,0.4414043724536896,0.7124446630477905,0.4388543367385864,0.7135282754898071,0.4394615590572357,0.7144523859024048,0.4396505355834961,0.7080704569816589,0.4379168748855591,0.7068873643875122,0.43839263916015625,0.705407977104187,0.43885359168052673,0.7170130014419556,0.4508740305900574,0.7040203213691711,0.4507454037666321,0.7130960822105408,0.45907312631607056,0.7079583406448364,0.458502858877182,0.7350295186042786,0.5009723901748657,0.6906528472900391,0.5401091575622559,0.7447340488433838,0.5918349623680115,0.6822401881217957,0.6252489686012268,0.7400206327438354,0.7205168008804321,0.6924017071723938,0.6852871775627136,0.7437853813171387,0.7433863282203674,0.691902220249176,0.7071639895439148,0.7366251945495605,0.7426060438156128,0.6962459087371826,0.7006919980049133,0.734624445438385,0.7311375737190247,0.6977179050445557,0.6923416256904602,0.7320523262023926,0.6450517177581787,0.7045522332191467,0.6655893921852112,0.7161024808883667,0.7162781953811646,0.6889157295227051,0.6923040151596069,0.7153289914131165,0.7058408260345459,0.7021154165267944,0.6959325671195984,0.7155396938323975,0.6980454921722412,0.7047035694122314,0.694344699382782,0.7134121060371399,0.7349591851234436,0.7049109935760498,0.7108559012413025,0
0.7103378772735596,0.44009360671043396,0.7120317816734314,0.43691572546958923,0.7131311893463135,0.4374185800552368,0.7140941023826599,0.43750813603401184,0.7078832387924194,0.4362536072731018,0.706727147102356,0.43668702244758606,0.7052977085113525,0.4370924234390259,0.7167809009552002,0.4488486051559448,0.7039967775344849,0.4490709900856018,0.7128027081489563,0.45694616436958313,0.707868754863739,0.4564974904060364,0.7369863986968994,0.5135682821273804,0.6905680894851685,0.538806676864624,0.7449401617050171,0.6079612970352173,0.6804220676422119,0.630342960357666,0.7430644631385803,0.7199252843856812,0.6903164982795715,0.6952403783798218,0.7460575103759766,0.7647281885147095,0.6897172331809998,0.7193085551261902,0.7395389080047607,0.7698448896408081,0.6945730447769165,0.7134101390838623,0.737519383430481,0.7489257454872131,0.6960941553115845,0.7039737105369568,0.7320453524589539,0.6431365609169006,0.7034648656845093,0.6657773852348328,0.7151301503181458,0.7147412896156311,0.6855636835098267,0.6972163319587708,0.7176787257194519,0.7040791511535645,0.7039324641227722,0.6959206461906433,0.7177096605300903,0.6946534514427185,0.706971287727356,0.6905076503753662,0.7132090926170349,0.7326315641403198,0.7094117999076843,0.7185035943984985,0
0.7121209502220154,0.45251601934432983,0.7137176990509033,0.4413928985595703,0.715131402015686,0.4407496452331543,0.7177915573120117,0.4394175410270691,0.7087564468383789,0.4429599940776825,0.7073443531990051,0.4434816837310791,0.7056241035461426,0.44375520944595337,0.7192521691322327,0.45032262802124023,0.7024617791175842,0.4545554518699646,0.7151006460189819,0.46386489272117615,0.7092267870903015,0.4678780436515808,0.7378523945808411,0.5139948129653931,0.69085693359375,0.5390529036521912,0.7451467514038086,0.6095098257064819,0.6797167658805847,0.6420137882232666,0.7408846616744995,0.6882860660552979,0.6876503825187683,0.6990105509757996,0.743088960647583,0.7135636806488037,0.6867806911468506,0.7185612320899963,0.7363449931144714,0.7078502774238586,0.6917596459388733,0.7115837931632996,0.7341060638427734,0.6987972855567932,0.6936712861061096,0.7043428421020508,0.7353469729423523,0.6663038730621338,0.7062318921089172,0.68520587682724,0.7330101132392883,0.7211148142814636,0.6936138868331909,0.7222475409507751,0.7232102155685425,0.7470325827598572,0.7123167514801025,0.7236707210540771,0.7213956713676453,0.7489162683486938,0.7150864005088806,0.7191488742828369,0.7189463376998901,0.7773870825767517,0.7138076424598694,0.767288327217102,0
0.7112351655960083,0.4499886631965637,0.7126960754394531,0.44077229499816895,0.7154712677001953,0.44239455461502075,0.717129647731781,0.4427379369735718,0.7088955640792847,0.4383798837661743,0.7066296339035034,0.43768084049224854,0.7051506638526917,0.43769747018814087,0.7198397517204285,0.44987255334854126,0.7034206986427307,0.44716835021972656,0.7134321928024292,0.46057257056236267,0.7078506946563721,0.45838069915771484,0.7392910122871399,0.513428270816803,0.6900323033332825,0.5340090990066528,0.7514781951904297,0.6070663332939148,0.6813077926635742,0.612563967704773,0.7466073036193848,0.73923259973526,0.6927079558372498,0.6470943689346313,0.748809814453125,0.7752634286880493,0.69418865442276,0.6605556607246399,0.743802547454834,0.778956413269043,0.6990604400634766,0.6506953239440918,0.7422508001327515,0.7628181576728821,0.7003195285797119,0.6468946933746338,0.7345318794250488,0.6632503271102905,0.7034267783164978,0.6782370805740356,0.7345119714736938,0.7484815120697021,0.6971961855888367,0.7322017550468445,0.7279080152511597,0.7827086448669434,0.7138217091560364,0.7628270387649536,0.728330671787262,0.781296968460083,0.7176151871681213,0.762790322303772,0.7190160751342773,0.8255356550216675,0.7143300175666809,0.7987615466117859,0
0.7117224335670471,0.4401988685131073,0.713062047958374,0.43111395835876465,0.7153830528259277,0.43117406964302063,0.7170410752296448,0.43073558807373047,0.7095059752464294,0.4335731863975525,0.7073985934257507,0.4337567687034607,0.7060409784317017,0.434048056602478,0.719517171382904,0.44417035579681396,0.7042833566665649,0.4448649287223816,0.7157076597213745,0.45588862895965576,0.7099409103393555,0.4554014205932617,0.7380112409591675,0.511089026927948,0.6917816400527954,0.5340893268585205,0.7484594583511353,0.6015613675117493,0.6851528882980347,0.6291276812553406,0.7459475994110107,0.7441297769546509,0.6870827674865723,0.7260673642158508,0.7482631206512451,0.7756422162055969,0.6860062479972839,0.7528365850448608,0.7429611086845398,0.7780234813690186,0.6896384954452515,0.7468006610870361,0.7413404583930969,0.765257716178894,0.6915479302406311,0.7379031181335449,0.7385597229003906,0.7037261724472046,0.7103428840637207,0.7127633094787598,0.7326158285140991,0.7653740644454956,0.7004162073135376,0.7063879370689392,0.7267053723335266,0.7890455722808838,0.7189133167266846,0.7447469830513,0.7264028191566467,0.7885701060295105,0.7227892279624939,0.7509139180183411,0.721340000629425,0.8149252533912659,0.7194693088531494,0.7665410041809082,0
0.7119365334510803,0.44636744260787964,0.7127927541732788,0.43757903575897217,0.7137662768363953,0.43821901082992554,0.7164185047149658,0.4388072192668915,0.7083861827850342,0.4363613724708557,0.7073512077331543,0.4367632269859314,0.706009030342102,0.43720507621765137,0.7170138359069824,0.44835829734802246,0.7041863799095154,0.44817596673965454,0.7139546275138855,0.45760518312454224,0.7086167931556702,0.45635923743247986,0.7378038763999939,0.5138508677482605,0.690976083278656,0.5335283875465393,0.7481741309165955,0.6124939918518066,0.6776612997055054,0.6294951438903809,0.745347797870636,0.7348896861076355,0.6897929906845093,0.6891618967056274,0.7475840449333191,0.7700889706611633,0.690409243106842,0.710909903049469,0.7422023415565491,0.773468554019928,0.6952918767929077,0.7038565278053284,0.740838348865509,0.757343053817749,0.696649432182312,0.6960076093673706,0.7330915927886963,0.6647738218307495,0.7026038765907288,0.6770399212837219,0.7279777526855469,0.7549658417701721,0.6915417313575745,0.7236826419830322,0.7185168862342834,0.7721564769744873,0.7047003507614136,0.7503547072410583,0.7178378701210022,0.770362377166748,0.7074673175811768,0.7522762417793274,0.7120034098625183,0.7960795164108276,0.7058283090591431,0.7726288437843323,0
0.7125569581985474,0.43348604440689087,0.7136886119842529,0.4271838068962097,0.7158710956573486,0.42726463079452515,0.7174224853515625,0.42670518159866333,0.7102628350257874,0.4273856282234192,0.7082085609436035,0.4276162087917328,0.7068589329719543,0.4276196360588074,0.7195178270339966,0.436099112033844,0.705100953578949,0.4385024309158325,0.7164377570152283,0.450178861618042,0.7109673023223877,0.4498097002506256,0.7390526533126831,0.5123918652534485,0.6915542483329773,0.5257440805435181,0.7462979555130005,0.6035292744636536,0.6857441067695618,0.6293407082557678,0.7442569136619568,0.7497357130050659,0.6888245344161987,0.7418798208236694,0.7464273571968079,0.7804403901100159,0.6878287196159363,0.7690932750701904,0.7429872751235962,0.7823425531387329,0.691351592540741,0.768695592880249,0.7406485676765442,0.768846333026886,0.6941556334495544,0.7578465938568115,0.7374618649482727,0.6988171339035034,0.7082415223121643,0.7144110202789307,0.7323256731033325,0.7382548451423645,0.6992332935333252,0.7314308881759644,0.7289882302284241,0.7609160542488098,0.7169733047485352,0.7519581913948059,0.7301464080810547,0.7588978409767151,0.7217130661010742,0.7518829107284546,0.7207757234573364,0.7933070659637451,0.7151014804840088,0.7806217670440674,0
0.7137596011161804,0.4415144920349121,0.7155053019523621,0.4330222010612488,0.7169957160949707,0.43297579884529114,0.7185634970664978,0.43249982595443726,0.7113909125328064,0.43318846821784973,0.7092376351356506,0.4335305392742157,0.7080993056297302,0.43349793553352356,0.7202633023262024,0.4400756359100342,0.706552267074585,0.44218188524246216,0.7177383303642273,0.45766592025756836,0.7124695181846619,0.4569169580936432,0.7399963140487671,0.5148332118988037,0.6921824812889099,0.5297354459762573,0.7496631145477295,0.6114770174026489,0.6854274868965149,0.6397984623908997,0.7467525005340576,0.7368322610855103,0.6894463300704956,0.7255128622055054,0.7482146620750427,0.7718592882156372,0.6884086728096008,0.7530326843261719,0.7430551052093506,0.7749336957931519,0.6940029263496399,0.7483896613121033,0.7391940355300903,0.7743139266967773,0.6961122155189514,0.7399222254753113,0.7383173704147339,0.7234535217285156,0.7096354365348816,0.7266269326210022,0.7331944704055786,0.7649828195571899,0.7016318440437317,0.7301522493362427,0.7270702123641968,0.7786639928817749,0.7180792093276978,0.7507271766662598,0.7263836860656738,0.778610110282898,0.7215257287025452,0.7550495862960815,0.7237590551376343,0.7930954098701477,0.7144652009010315,0.7670872211456299,0
0.7144404649734497,0.43224310874938965,0.7158008813858032,0.42180800437927246,0.7173420190811157,0.4215695559978485,0.7192264199256897,0.4207998812198639,0.7116804718971252,0.42232614755630493,0.7104373574256897,0.4225333333015442,0.7083069086074829,0.42291614413261414,0.7215553522109985,0.429583877325058,0.7064427733421326,0.4322202503681183,0.7176635265350342,0.44783341884613037,0.7123733758926392,0.4471772015094757,0.7389968633651733,0.5101203918457031,0.6924440860748291,0.5236515998840332,0.7462733387947083,0.6152915358543396,0.6861146092414856,0.628089427947998,0.7444844841957092,0.7446790933609009,0.693895697593689,0.7374283671379089,0.7489737868309021,0.7739998698234558,0.691842794418335,0.7641440629959106,0.7458596229553223,0.7757529020309448,0.6990105509757996,0.7635433673858643,0.7431632280349731,0.7621170878410339,0.7011036276817322,0.753894567489624,0.7372844219207764,0.6947997808456421,0.707837700843811,0.6954406499862671,0.729831874370575,0.7152798175811768,0.7024806141853333,0.7215192317962646,0.7290297746658325,0.7562770843505859,0.7191565036773682,0.7490237951278687,0.7294091582298279,0.7614717483520508,0.722895622253418,0.7504088878631592,0.7255904674530029,0.7770305275917053,0.7215265035629272,0.7760802507400513,0
0.7141887545585632,0.44183456897735596,0.7158019542694092,0.43007051944732666,0.7172719836235046,0.4298318028450012,0.7190543413162231,0.42917317152023315,0.7120068073272705,0.43052834272384644,0.7101345062255859,0.43084362149238586,0.7090345621109009,0.4306832551956177,0.7211804389953613,0.43648847937583923,0.7075543403625488,0.43925192952156067,0.7177342772483826,0.45728734135627747,0.712681770324707,0.4577343463897705,0.7406008243560791,0.5118221044540405,0.691844642162323,0.5272656679153442,0.7476859092712402,0.617597222328186,0.6846310496330261,0.6353155970573425,0.7448042035102844,0.7511316537857056,0.6950272917747498,0.7370131611824036,0.7547608613967896,0.7843174338340759,0.6934247612953186,0.769088625907898,0.7430256605148315,0.7831199169158936,0.700930655002594,0.7622345685958862,0.7401728630065918,0.7722839117050171,0.7030447721481323,0.752088725566864,0.7380741834640503,0.6831099987030029,0.7060603499412537,0.6864561438560486,0.726767361164093,0.667493999004364,0.6975089311599731,0.6968494057655334,0.7263385653495789,0.710346519947052,0.7142778038978577,0.7134770750999451,0.7281172871589661,0.7155998945236206,0.7191363573074341,0.7116166353225708,0.7189693450927734,0.7351366281509399,0.7125920653343201,0.744475781917572,0
0.7140002846717834,0.4448522925376892,0.7155402302742004,0.43217527866363525,0.7169963717460632,0.43186265230178833,0.7187876105308533,0.4312325119972229,0.7118276953697205,0.4331406354904175,0.7101207971572876,0.4336017370223999,0.7090165615081787,0.4337380528450012,0.7213109135627747,0.43868470191955566,0.7079020738601685,0.442086398601532,0.7176289558410645,0.4604402780532837,0.7126153707504272,0.46039247512817383,0.7398613095283508,0.5133285522460938,0.6930065751075745,0.527224063873291,0.7492867708206177,0.6120078563690186,0.6824129819869995,0.6463376879692078,0.7414079904556274,0.7241346836090088,0.6876798868179321,0.7489513158798218,0.7473942637443542,0.7529268264770508,0.6839562654495239,0.7655711770057678,0.7405950427055359,0.7517860531806946,0.6923192143440247,0.7737165093421936,0.738659143447876,0.7412926554679871,0.6943743228912354,0.7642810344696045,0.7350608706474304,0.6993216872215271,0.707992434501648,0.7108994722366333,0.7269720435142517,0.7129337191581726,0.698855459690094,0.7060949802398682,0.7189995646476746,0.7255662083625793,0.7109615802764893,0.7281512022018433,0.7185565233230591,0.7274335026741028,0.7151858806610107,0.7336037755012512,0.7141854166984558,0.7384777665138245,0.7077836990356445,0.740249752998352,0
