kp0_x,kp0_y,kp1_x,kp1_y,kp2_x,kp2_y,kp3_x,kp3_y,kp4_x,kp4_y,kp5_x,kp5_y,kp6_x,kp6_y,kp7_x,kp7_y,kp8_x,kp8_y,kp9_x,kp9_y,kp10_x,kp10_y,kp11_x,kp11_y,kp12_x,kp12_y,kp13_x,kp13_y,kp14_x,kp14_y,kp15_x,kp15_y,kp16_x,kp16_y,kp17_x,kp17_y,kp18_x,kp18_y,kp19_x,kp19_y,kp20_x,kp20_y,kp21_x,kp21_y,kp22_x,kp22_y,kp23_x,kp23_y,kp24_x,kp24_y,kp25_x,kp25_y,kp26_x,kp26_y,kp27_x,kp27_y,kp28_x,kp28_y,kp29_x,kp29_y,kp30_x,kp30_y,kp31_x,kp31_y,kp32_x,kp32_y,label
0.0,0.0,0.0,0.0,0.0,0.0,0.0,0.0,0.0,0.0,0.0,0.0,0.0,0.0,0.0,0.0,0.0,0.0,0.0,0.0,0.0,0.0,0.0,0.0,0.0,0.0,0.0,0.0,0.0,0.0,0.0,0.0,0.0,0.0,0.0,0.0,0.0,0.0,0.0,0.0,0.0,0.0,0.0,0.0,0.0,0.0,0.0,0.0,0.0,0.0,0.0,0.0,0.0,0.0,0.0,0.0,0.0,0.0,0.0,0.0,0.0,0.0,0.0,0.0,0.0,0.0,0
0.0,0.0,0.0,0.0,0.0,0.0,0.0,0.0,0.0,0.0,0.0,0.0,0.0,0.0,0.0,0.0,0.0,0.0,0.0,0.0,0.0,0.0,0.0,0.0,0.0,0.0,0.0,0.0,0.0,0.0,0.0,0.0,0.0,0.0,0.0,0.0,0.0,0.0,0.0,0.0,0.0,0.0,0.0,0.0,0.0,0.0,0.0,0.0,0.0,0.0,0.0,0.0,0.0,0.0,0.0,0.0,0.0,0.0,0.0,0.0,0.0,0.0,0.0,0.0,0.0,0.0,0
0.0,0.0,0.0,0.0,0.0,0.0,0.0,0.0,0.0,0.0,0.0,0.0,0.0,0.0,0.0,0.0,0.0,0.0,0.0,0.0,0.0,0.0,0.0,0.0,0.0,0.0,0.0,0.0,0.0,0.0,0.0,0.0,0.0,0.0,0.0,0.0,0.0,0.0,0.0,0.0,0.0,0.0,0.0,0.0,0.0,0.0,0.0,0.0,0.0,0.0,0.0,0.0,0.0,0.0,0.0,0.0,0.0,0.0,0.0,0.0,0.0,0.0,0.0,0.0,0.0,0.0,0
0.0,0.0,0.0,0.0,0.0,0.0,0.0,0.0,0.0,0.0,0.0,0.0,0.0,0.0,0.0,0.0,0.0,0.0,0.0,0.0,0.0,0.0,0.0,0.0,0.0,0.0,0.0,0.0,0.0,0.0,0.0,0.0,0.0,0.0,0.0,0.0,0.0,0.0,0.0,0.0,0.0,0.0,0.0,0.0,0.0,0.0,0.0,0.0,0.0,0.0,0.0,0.0,0.0,0.0,0.0,0.0,0.0,0.0,0.0,0.0,0.0,0.0,0.0,0.0,0.0,0.0,0
0.0,0.0,0.0,0.0,0.0,0.0,0.0,0.0,0.0,0.0,0.0,0.0,0.0,0.0,0.0,0.0,0.0,0.0,0.0,0.0,0.0,0.0,0.0,0.0,0.0,0.0,0.0,0.0,0.0,0.0,0.0,0.0,0.0,0.0,0.0,0.0,0.0,0.0,0.0,0.0,0.0,0.0,0.0,0.0,0.0,0.0,0.0,0.0,0.0,0.0,0.0,0.0,0.0,0.0,0.0,0.0,0.0,0.0,0.0,0.0,0.0,0.0,0.0,0.0,0.0,0.0,0
0.0,0.0,0.0,0.0,0.0,0.0,0.0,0.0,0.0,0.0,0.0,0.0,0.0,0.0,0.0,0.0,0.0,0.0,0.0,0.0,0.0,0.0,0.0,0.0,0.0,0.0,0.0,0.0,0.0,0.0,0.0,0.0,0.0,0.0,0.0,0.0,0.0,0.0,0.0,0.0,0.0,0.0,0.0,0.0,0.0,0.0,0.0,0.0,0.0,0.0,0.0,0.0,0.0,0.0,0.0,0.0,0.0,0.0,0.0,0.0,0.0,0.0,0.0,0.0,0.0,0.0,0
0.0,0.0,0.0,0.0,0.0,0.0,0.0,0.0,0.0,0.0,0.0,0.0,0.0,0.0,0.0,0.0,0.0,0.0,0.0,0.0,0.0,0.0,0.0,0.0,0.0,0.0,0.0,0.0,0.0,0.0,0.0,0.0,0.0,0.0,0.0,0.0,0.0,0.0,0.0,0.0,0.0,0.0,0.0,0.0,0.0,0.0,0.0,0.0,0.0,0.0,0.0,0.0,0.0,0.0,0.0,0.0,0.0,0.0,0.0,0.0,0.0,0.0,0.0,0.0,0.0,0.0,0
0.0,0.0,0.0,0.0,0.0,0.0,0.0,0.0,0.0,0.0,0.0,0.0,0.0,0.0,0.0,0.0,0.0,0.0,0.0,0.0,0.0,0.0,0.0,0.0,0.0,0.0,0.0,0.0,0.0,0.0,0.0,0.0,0.0,0.0,0.0,0.0,0.0,0.0,0.0,0.0,0.0,0.0,0.0,0.0,0.0,0.0,0.0,0.0,0.0,0.0,0.0,0.0,0.0,0.0,0.0,0.0,0.0,0.0,0.0,0.0,0.0,0.0,0.0,0.0,0.0,0.0,0
0.0,0.0,0.0,0.0,0.0,0.0,0.0,0.0,0.0,0.0,0.0,0.0,0.0,0.0,0.0,0.0,0.0,0.0,0.0,0.0,0.0,0.0,0.0,0.0,0.0,0.0,0.0,0.0,0.0,0.0,0.0,0.0,0.0,0.0,0.0,0.0,0.0,0.0,0.0,0.0,0.0,0.0,0.0,0.0,0.0,0.0,0.0,0.0,0.0,0.0,0.0,0.0,0.0,0.0,0.0,0.0,0.0,0.0,0.0,0.0,0.0,0.0,0.0,0.0,0.0,0.0,0
0.0,0.0,0.0,0.0,0.0,0.0,0.0,0.0,0.0,0.0,0.0,0.0,0.0,0.0,0.0,0.0,0.0,0.0,0.0,0.0,0.0,0.0,0.0,0.0,0.0,0.0,0.0,0.0,0.0,0.0,0.0,0.0,0.0,0.0,0.0,0.0,0.0,0.0,0.0,0.0,0.0,0.0,0.0,0.0,0.0,0.0,0.0,0.0,0.0,0.0,0.0,0.0,0.0,0.0,0.0,0.0,0.0,0.0,0.0,0.0,0.0,0.0,0.0,0.0,0.0,0.0,0
0.0,0.0,0.0,0.0,0.0,0.0,0.0,0.0,0.0,0.0,0.0,0.0,0.0,0.0,0.0,0.0,0.0,0.0,0.0,0.0,0.0,0.0,0.0,0.0,0.0,0.0,0.0,0.0,0.0,0.0,0.0,0.0,0.0,0.0,0.0,0.0,0.0,0.0,0.0,0.0,0.0,0.0,0.0,0.0,0.0,0.0,0.0,0.0,0.0,0.0,0.0,0.0,0.0,0.0,0.0,0.0,0.0,0.0,0.0,0.0,0.0,0.0,0.0,0.0,0.0,0.0,0
0.0,0.0,0.0,0.0,0.0,0.0,0.0,0.0,0.0,0.0,0.0,0.0,0.0,0.0,0.0,0.0,0.0,0.0,0.0,0.0,0.0,0.0,0.0,0.0,0.0,0.0,0.0,0.0,0.0,0.0,0.0,0.0,0.0,0.0,0.0,0.0,0.0,0.0,0.0,0.0,0.0,0.0,0.0,0.0,0.0,0.0,0.0,0.0,0.0,0.0,0.0,0.0,0.0,0.0,0.0,0.0,0.0,0.0,0.0,0.0,0.0,0.0,0.0,0.0,0.0,0.0,0
0.0,0.0,0.0,0.0,0.0,0.0,0.0,0.0,0.0,0.0,0.0,0.0,0.0,0.0,0.0,0.0,0.0,0.0,0.0,0.0,0.0,0.0,0.0,0.0,0.0,0.0,0.0,0.0,0.0,0.0,0.0,0.0,0.0,0.0,0.0,0.0,0.0,0.0,0.0,0.0,0.0,0.0,0.0,0.0,0.0,0.0,0.0,0.0,0.0,0.0,0.0,0.0,0.0,0.0,0.0,0.0,0.0,0.0,0.0,0.0,0.0,0.0,0.0,0.0,0.0,0.0,0
0.0,0.0,0.0,0.0,0.0,0.0,0.0,0.0,0.0,0.0,0.0,0.0,0.0,0.0,0.0,0.0,0.0,0.0,0.0,0.0,0.0,0.0,0.0,0.0,0.0,0.0,0.0,0.0,0.0,0.0,0.0,0.0,0.0,0.0,0.0,0.0,0.0,0.0,0.0,0.0,0.0,0.0,0.0,0.0,0.0,0.0,0.0,0.0,0.0,0.0,0.0,0.0,0.0,0.0,0.0,0.0,0.0,0.0,0.0,0.0,0.0,0.0,0.0,0.0,0.0,0.0,0
0.0,0.0,0.0,0.0,0.0,0.0,0.0,0.0,0.0,0.0,0.0,0.0,0.0,0.0,0.0,0.0,0.0,0.0,0.0,0.0,0.0,0.0,0.0,0.0,0.0,0.0,0.0,0.0,0.0,0.0,0.0,0.0,0.0,0.0,0.0,0.0,0.0,0.0,0.0,0.0,0.0,0.0,0.0,0.0,0.0,0.0,0.0,0.0,0.0,0.0,0.0,0.0,0.0,0.0,0.0,0.0,0.0,0.0,0.0,0.0,0.0,0.0,0.0,0.0,0.0,0.0,0
0.0,0.0,0.0,0.0,0.0,0.0,0.0,0.0,0.0,0.0,0.0,0.0,0.0,0.0,0.0,0.0,0.0,0.0,0.0,0.0,0.0,0.0,0.0,0.0,0.0,0.0,0.0,0.0,0.0,0.0,0.0,0.0,0.0,0.0,0.0,0.0,0.0,0.0,0.0,0.0,0.0,0.0,0.0,0.0,0.0,0.0,0.0,0.0,0.0,0.0,0.0,0.0,0.0,0.0,0.0,0.0,0.0,0.0,0.0,0.0,0.0,0.0,0.0,0.0,0.0,0.0,0
0.0,0.0,0.0,0.0,0.0,0.0,0.0,0.0,0.0,0.0,0.0,0.0,0.0,0.0,0.0,0.0,0.0,0.0,0.0,0.0,0.0,0.0,0.0,0.0,0.0,0.0,0.0,0.0,0.0,0.0,0.0,0.0,0.0,0.0,0.0,0.0,0.0,0.0,0.0,0.0,0.0,0.0,0.0,0.0,0.0,0.0,0.0,0.0,0.0,0.0,0.0,0.0,0.0,0.0,0.0,0.0,0.0,0.0,0.0,0.0,0.0,0.0,0.0,0.0,0.0,0.0,0
0.0,0.0,0.0,0.0,0.0,0.0,0.0,0.0,0.0,0.0,0.0,0.0,0.0,0.0,0.0,0.0,0.0,0.0,0.0,0.0,0.0,0.0,0.0,0.0,0.0,0.0,0.0,0.0,0.0,0.0,0.0,0.0,0.0,0.0,0.0,0.0,0.0,0.0,0.0,0.0,0.0,0.0,0.0,0.0,0.0,0.0,0.0,0.0,0.0,0.0,0.0,0.0,0.0,0.0,0.0,0.0,0.0,0.0,0.0,0.0,0.0,0.0,0.0,0.0,0.0,0.0,0
0.0,0.0,0.0,0.0,0.0,0.0,0.0,0.0,0.0,0.0,0.0,0.0,0.0,0.0,0.0,0.0,0.0,0.0,0.0,0.0,0.0,0.0,0.0,0.0,0.0,0.0,0.0,0.0,0.0,0.0,0.0,0.0,0.0,0.0,0.0,0.0,0.0,0.0,0.0,0.0,0.0,0.0,0.0,0.0,0.0,0.0,0.0,0.0,0.0,0.0,0.0,0.0,0.0,0.0,0.0,0.0,0.0,0.0,0.0,0.0,0.0,0.0,0.0,0.0,0.0,0.0,0
0.0,0.0,0.0,0.0,0.0,0.0,0.0,0.0,0.0,0.0,0.0,0.0,0.0,0.0,0.0,0.0,0.0,0.0,0.0,0.0,0.0,0.0,0.0,0.0,0.0,0.0,0.0,0.0,0.0,0.0,0.0,0.0,0.0,0.0,0.0,0.0,0.0,0.0,0.0,0.0,0.0,0.0,0.0,0.0,0.0,0.0,0.0,0.0,0.0,0.0,0.0,0.0,0.0,0.0,0.0,0.0,0.0,0.0,0.0,0.0,0.0,0.0,0.0,0.0,0.0,0.0,0
0.0,0.0,0.0,0.0,0.0,0.0,0.0,0.0,0.0,0.0,0.0,0.0,0.0,0.0,0.0,0.0,0.0,0.0,0.0,0.0,0.0,0.0,0.0,0.0,0.0,0.0,0.0,0.0,0.0,0.0,0.0,0.0,0.0,0.0,0.0,0.0,0.0,0.0,0.0,0.0,0.0,0.0,0.0,0.0,0.0,0.0,0.0,0.0,0.0,0.0,0.0,0.0,0.0,0.0,0.0,0.0,0.0,0.0,0.0,0.0,0.0,0.0,0.0,0.0,0.0,0.0,0
0.0,0.0,0.0,0.0,0.0,0.0,0.0,0.0,0.0,0.0,0.0,0.0,0.0,0.0,0.0,0.0,0.0,0.0,0.0,0.0,0.0,0.0,0.0,0.0,0.0,0.0,0.0,0.0,0.0,0.0,0.0,0.0,0.0,0.0,0.0,0.0,0.0,0.0,0.0,0.0,0.0,0.0,0.0,0.0,0.0,0.0,0.0,0.0,0.0,0.0,0.0,0.0,0.0,0.0,0.0,0.0,0.0,0.0,0.0,0.0,0.0,0.0,0.0,0.0,0.0,0.0,0
0.0,0.0,0.0,0.0,0.0,0.0,0.0,0.0,0.0,0.0,0.0,0.0,0.0,0.0,0.0,0.0,0.0,0.0,0.0,0.0,0.0,0.0,0.0,0.0,0.0,0.0,0.0,0.0,0.0,0.0,0.0,0.0,0.0,0.0,0.0,0.0,0.0,0.0,0.0,0.0,0.0,0.0,0.0,0.0,0.0,0.0,0.0,0.0,0.0,0.0,0.0,0.0,0.0,0.0,0.0,0.0,0.0,0.0,0.0,0.0,0.0,0.0,0.0,0.0,0.0,0.0,0
0.0,0.0,0.0,0.0,0.0,0.0,0.0,0.0,0.0,0.0,0.0,0.0,0.0,0.0,0.0,0.0,0.0,0.0,0.0,0.0,0.0,0.0,0.0,0.0,0.0,0.0,0.0,0.0,0.0,0.0,0.0,0.0,0.0,0.0,0.0,0.0,0.0,0.0,0.0,0.0,0.0,0.0,0.0,0.0,0.0,0.0,0.0,0.0,0.0,0.0,0.0,0.0,0.0,0.0,0.0,0.0,0.0,0.0,0.0,0.0,0.0,0.0,0.0,0.0,0.0,0.0,0
0.0,0.0,0.0,0.0,0.0,0.0,0.0,0.0,0.0,0.0,0.0,0.0,0.0,0.0,0.0,0.0,0.0,0.0,0.0,0.0,0.0,0.0,0.0,0.0,0.0,0.0,0.0,0.0,0.0,0.0,0.0,0.0,0.0,0.0,0.0,0.0,0.0,0.0,0.0,0.0,0.0,0.0,0.0,0.0,0.0,0.0,0.0,0.0,0.0,0.0,0.0,0.0,0.0,0.0,0.0,0.0,0.0,0.0,0.0,0.0,0.0,0.0,0.0,0.0,0.0,0.0,0
0.0,0.0,0.0,0.0,0.0,0.0,0.0,0.0,0.0,0.0,0.0,0.0,0.0,0.0,0.0,0.0,0.0,0.0,0.0,0.0,0.0,0.0,0.0,0.0,0.0,0.0,0.0,0.0,0.0,0.0,0.0,0.0,0.0,0.0,0.0,0.0,0.0,0.0,0.0,0.0,0.0,0.0,0.0,0.0,0.0,0.0,0.0,0.0,0.0,0.0,0.0,0.0,0.0,0.0,0.0,0.0,0.0,0.0,0.0,0.0,0.0,0.0,0.0,0.0,0.0,0.0,0
0.0,0.0,0.0,0.0,0.0,0.0,0.0,0.0,0.0,0.0,0.0,0.0,0.0,0.0,0.0,0.0,0.0,0.0,0.0,0.0,0.0,0.0,0.0,0.0,0.0,0.0,0.0,0.0,0.0,0.0,0.0,0.0,0.0,0.0,0.0,0.0,0.0,0.0,0.0,0.0,0.0,0.0,0.0,0.0,0.0,0.0,0.0,0.0,0.0,0.0,0.0,0.0,0.0,0.0,0.0,0.0,0.0,0.0,0.0,0.0,0.0,0.0,0.0,0.0,0.0,0.0,0
0.0,0.0,0.0,0.0,0.0,0.0,0.0,0.0,0.0,0.0,0.0,0.0,0.0,0.0,0.0,0.0,0.0,0.0,0.0,0.0,0.0,0.0,0.0,0.0,0.0,0.0,0.0,0.0,0.0,0.0,0.0,0.0,0.0,0.0,0.0,0.0,0.0,0.0,0.0,0.0,0.0,0.0,0.0,0.0,0.0,0.0,0.0,0.0,0.0,0.0,0.0,0.0,0.0,0.0,0.0,0.0,0.0,0.0,0.0,0.0,0.0,0.0,0.0,0.0,0.0,0.0,0
0.0,0.0,0.0,0.0,0.0,0.0,0.0,0.0,0.0,0.0,0.0,0.0,0.0,0.0,0.0,0.0,0.0,0.0,0.0,0.0,0.0,0.0,0.0,0.0,0.0,0.0,0.0,0.0,0.0,0.0,0.0,0.0,0.0,0.0,0.0,0.0,0.0,0.0,0.0,0.0,0.0,0.0,0.0,0.0,0.0,0.0,0.0,0.0,0.0,0.0,0.0,0.0,0.0,0.0,0.0,0.0,0.0,0.0,0.0,0.0,0.0,0.0,0.0,0.0,0.0,0.0,0
0.0,0.0,0.0,0.0,0.0,0.0,0.0,0.0,0.0,0.0,0.0,0.0,0.0,0.0,0.0,0.0,0.0,0.0,0.0,0.0,0.0,0.0,0.0,0.0,0.0,0.0,0.0,0.0,0.0,0.0,0.0,0.0,0.0,0.0,0.0,0.0,0.0,0.0,0.0,0.0,0.0,0.0,0.0,0.0,0.0,0.0,0.0,0.0,0.0,0.0,0.0,0.0,0.0,0.0,0.0,0.0,0.0,0.0,0.0,0.0,0.0,0.0,0.0,0.0,0.0,0.0,0
0.0,0.0,0.0,0.0,0.0,0.0,0.0,0.0,0.0,0.0,0.0,0.0,0.0,0.0,0.0,0.0,0.0,0.0,0.0,0.0,0.0,0.0,0.0,0.0,0.0,0.0,0.0,0.0,0.0,0.0,0.0,0.0,0.0,0.0,0.0,0.0,0.0,0.0,0.0,0.0,0.0,0.0,0.0,0.0,0.0,0.0,0.0,0.0,0.0,0.0,0.0,0.0,0.0,0.0,0.0,0.0,0.0,0.0,0.0,0.0,0.0,0.0,0.0,0.0,0.0,0.0,0
0.0,0.0,0.0,0.0,0.0,0.0,0.0,0.0,0.0,0.0,0.0,0.0,0.0,0.0,0.0,0.0,0.0,0.0,0.0,0.0,0.0,0.0,0.0,0.0,0.0,0.0,0.0,0.0,0.0,0.0,0.0,0.0,0.0,0.0,0.0,0.0,0.0,0.0,0.0,0.0,0.0,0.0,0.0,0.0,0.0,0.0,0.0,0.0,0.0,0.0,0.0,0.0,0.0,0.0,0.0,0.0,0.0,0.0,0.0,0.0,0.0,0.0,0.0,0.0,0.0,0.0,0
0.0,0.0,0.0,0.0,0.0,0.0,0.0,0.0,0.0,0.0,0.0,0.0,0.0,0.0,0.0,0.0,0.0,0.0,0.0,0.0,0.0,0.0,0.0,0.0,0.0,0.0,0.0,0.0,0.0,0.0,0.0,0.0,0.0,0.0,0.0,0.0,0.0,0.0,0.0,0.0,0.0,0.0,0.0,0.0,0.0,0.0,0.0,0.0,0.0,0.0,0.0,0.0,0.0,0.0,0.0,0.0,0.0,0.0,0.0,0.0,0.0,0.0,0.0,0.0,0.0,0.0,0
0.0,0.0,0.0,0.0,0.0,0.0,0.0,0.0,0.0,0.0,0.0,0.0,0.0,0.0,0.0,0.0,0.0,0.0,0.0,0.0,0.0,0.0,0.0,0.0,0.0,0.0,0.0,0.0,0.0,0.0,0.0,0.0,0.0,0.0,0.0,0.0,0.0,0.0,0.0,0.0,0.0,0.0,0.0,0.0,0.0,0.0,0.0,0.0,0.0,0.0,0.0,0.0,0.0,0.0,0.0,0.0,0.0,0.0,0.0,0.0,0.0,0.0,0.0,0.0,0.0,0.0,0
0.0,0.0,0.0,0.0,0.0,0.0,0.0,0.0,0.0,0.0,0.0,0.0,0.0,0.0,0.0,0.0,0.0,0.0,0.0,0.0,0.0,0.0,0.0,0.0,0.0,0.0,0.0,0.0,0.0,0.0,0.0,0.0,0.0,0.0,0.0,0.0,0.0,0.0,0.0,0.0,0.0,0.0,0.0,0.0,0.0,0.0,0.0,0.0,0.0,0.0,0.0,0.0,0.0,0.0,0.0,0.0,0.0,0.0,0.0,0.0,0.0,0.0,0.0,0.0,0.0,0.0,0
0.0,0.0,0.0,0.0,0.0,0.0,0.0,0.0,0.0,0.0,0.0,0.0,0.0,0.0,0.0,0.0,0.0,0.0,0.0,0.0,0.0,0.0,0.0,0.0,0.0,0.0,0.0,0.0,0.0,0.0,0.0,0.0,0.0,0.0,0.0,0.0,0.0,0.0,0.0,0.0,0.0,0.0,0.0,0.0,0.0,0.0,0.0,0.0,0.0,0.0,0.0,0.0,0.0,0.0,0.0,0.0,0.0,0.0,0.0,0.0,0.0,0.0,0.0,0.0,0.0,0.0,0
0.0,0.0,0.0,0.0,0.0,0.0,0.0,0.0,0.0,0.0,0.0,0.0,0.0,0.0,0.0,0.0,0.0,0.0,0.0,0.0,0.0,0.0,0.0,0.0,0.0,0.0,0.0,0.0,0.0,0.0,0.0,0.0,0.0,0.0,0.0,0.0,0.0,0.0,0.0,0.0,0.0,0.0,0.0,0.0,0.0,0.0,0.0,0.0,0.0,0.0,0.0,0.0,0.0,0.0,0.0,0.0,0.0,0.0,0.0,0.0,0.0,0.0,0.0,0.0,0.0,0.0,0
0.0,0.0,0.0,0.0,0.0,0.0,0.0,0.0,0.0,0.0,0.0,0.0,0.0,0.0,0.0,0.0,0.0,0.0,0.0,0.0,0.0,0.0,0.0,0.0,0.0,0.0,0.0,0.0,0.0,0.0,0.0,0.0,0.0,0.0,0.0,0.0,0.0,0.0,0.0,0.0,0.0,0.0,0.0,0.0,0.0,0.0,0.0,0.0,0.0,0.0,0.0,0.0,0.0,0.0,0.0,0.0,0.0,0.0,0.0,0.0,0.0,0.0,0.0,0.0,0.0,0.0,0
0.0,0.0,0.0,0.0,0.0,0.0,0.0,0.0,0.0,0.0,0.0,0.0,0.0,0.0,0.0,0.0,0.0,0.0,0.0,0.0,0.0,0.0,0.0,0.0,0.0,0.0,0.0,0.0,0.0,0.0,0.0,0.0,0.0,0.0,0.0,0.0,0.0,0.0,0.0,0.0,0.0,0.0,0.0,0.0,0.0,0.0,0.0,0.0,0.0,0.0,0.0,0.0,0.0,0.0,0.0,0.0,0.0,0.0,0.0,0.0,0.0,0.0,0.0,0.0,0.0,0.0,0
0.0,0.0,0.0,0.0,0.0,0.0,0.0,0.0,0.0,0.0,0.0,0.0,0.0,0.0,0.0,0.0,0.0,0.0,0.0,0.0,0.0,0.0,0.0,0.0,0.0,0.0,0.0,0.0,0.0,0.0,0.0,0.0,0.0,0.0,0.0,0.0,0.0,0.0,0.0,0.0,0.0,0.0,0.0,0.0,0.0,0.0,0.0,0.0,0.0,0.0,0.0,0.0,0.0,0.0,0.0,0.0,0.0,0.0,0.0,0.0,0.0,0.0,0.0,0.0,0.0,0.0,0
0.0,0.0,0.0,0.0,0.0,0.0,0.0,0.0,0.0,0.0,0.0,0.0,0.0,0.0,0.0,0.0,0.0,0.0,0.0,0.0,0.0,0.0,0.0,0.0,0.0,0.0,0.0,0.0,0.0,0.0,0.0,0.0,0.0,0.0,0.0,0.0,0.0,0.0,0.0,0.0,0.0,0.0,0.0,0.0,0.0,0.0,0.0,0.0,0.0,0.0,0.0,0.0,0.0,0.0,0.0,0.0,0.0,0.0,0.0,0.0,0.0,0.0,0.0,0.0,0.0,0.0,0
0.0,0.0,0.0,0.0,0.0,0.0,0.0,0.0,0.0,0.0,0.0,0.0,0.0,0.0,0.0,0.0,0.0,0.0,0.0,0.0,0.0,0.0,0.0,0.0,0.0,0.0,0.0,0.0,0.0,0.0,0.0,0.0,0.0,0.0,0.0,0.0,0.0,0.0,0.0,0.0,0.0,0.0,0.0,0.0,0.0,0.0,0.0,0.0,0.0,0.0,0.0,0.0,0.0,0.0,0.0,0.0,0.0,0.0,0.0,0.0,0.0,0.0,0.0,0.0,0.0,0.0,0
0.0,0.0,0.0,0.0,0.0,0.0,0.0,0.0,0.0,0.0,0.0,0.0,0.0,0.0,0.0,0.0,0.0,0.0,0.0,0.0,0.0,0.0,0.0,0.0,0.0,0.0,0.0,0.0,0.0,0.0,0.0,0.0,0.0,0.0,0.0,0.0,0.0,0.0,0.0,0.0,0.0,0.0,0.0,0.0,0.0,0.0,0.0,0.0,0.0,0.0,0.0,0.0,0.0,0.0,0.0,0.0,0.0,0.0,0.0,0.0,0.0,0.0,0.0,0.0,0.0,0.0,0
0.0,0.0,0.0,0.0,0.0,0.0,0.0,0.0,0.0,0.0,0.0,0.0,0.0,0.0,0.0,0.0,0.0,0.0,0.0,0.0,0.0,0.0,0.0,0.0,0.0,0.0,0.0,0.0,0.0,0.0,0.0,0.0,0.0,0.0,0.0,0.0,0.0,0.0,0.0,0.0,0.0,0.0,0.0,0.0,0.0,0.0,0.0,0.0,0.0,0.0,0.0,0.0,0.0,0.0,0.0,0.0,0.0,0.0,0.0,0.0,0.0,0.0,0.0,0.0,0.0,0.0,0
0.0,0.0,0.0,0.0,0.0,0.0,0.0,0.0,0.0,0.0,0.0,0.0,0.0,0.0,0.0,0.0,0.0,0.0,0.0,0.0,0.0,0.0,0.0,0.0,0.0,0.0,0.0,0.0,0.0,0.0,0.0,0.0,0.0,0.0,0.0,0.0,0.0,0.0,0.0,0.0,0.0,0.0,0.0,0.0,0.0,0.0,0.0,0.0,0.0,0.0,0.0,0.0,0.0,0.0,0.0,0.0,0.0,0.0,0.0,0.0,0.0,0.0,0.0,0.0,0.0,0.0,0
0.0,0.0,0.0,0.0,0.0,0.0,0.0,0.0,0.0,0.0,0.0,0.0,0.0,0.0,0.0,0.0,0.0,0.0,0.0,0.0,0.0,0.0,0.0,0.0,0.0,0.0,0.0,0.0,0.0,0.0,0.0,0.0,0.0,0.0,0.0,0.0,0.0,0.0,0.0,0.0,0.0,0.0,0.0,0.0,0.0,0.0,0.0,0.0,0.0,0.0,0.0,0.0,0.0,0.0,0.0,0.0,0.0,0.0,0.0,0.0,0.0,0.0,0.0,0.0,0.0,0.0,0
0.0,0.0,0.0,0.0,0.0,0.0,0.0,0.0,0.0,0.0,0.0,0.0,0.0,0.0,0.0,0.0,0.0,0.0,0.0,0.0,0.0,0.0,0.0,0.0,0.0,0.0,0.0,0.0,0.0,0.0,0.0,0.0,0.0,0.0,0.0,0.0,0.0,0.0,0.0,0.0,0.0,0.0,0.0,0.0,0.0,0.0,0.0,0.0,0.0,0.0,0.0,0.0,0.0,0.0,0.0,0.0,0.0,0.0,0.0,0.0,0.0,0.0,0.0,0.0,0.0,0.0,0
0.0,0.0,0.0,0.0,0.0,0.0,0.0,0.0,0.0,0.0,0.0,0.0,0.0,0.0,0.0,0.0,0.0,0.0,0.0,0.0,0.0,0.0,0.0,0.0,0.0,0.0,0.0,0.0,0.0,0.0,0.0,0.0,0.0,0.0,0.0,0.0,0.0,0.0,0.0,0.0,0.0,0.0,0.0,0.0,0.0,0.0,0.0,0.0,0.0,0.0,0.0,0.0,0.0,0.0,0.0,0.0,0.0,0.0,0.0,0.0,0.0,0.0,0.0,0.0,0.0,0.0,0
0.0,0.0,0.0,0.0,0.0,0.0,0.0,0.0,0.0,0.0,0.0,0.0,0.0,0.0,0.0,0.0,0.0,0.0,0.0,0.0,0.0,0.0,0.0,0.0,0.0,0.0,0.0,0.0,0.0,0.0,0.0,0.0,0.0,0.0,0.0,0.0,0.0,0.0,0.0,0.0,0.0,0.0,0.0,0.0,0.0,0.0,0.0,0.0,0.0,0.0,0.0,0.0,0.0,0.0,0.0,0.0,0.0,0.0,0.0,0.0,0.0,0.0,0.0,0.0,0.0,0.0,0
0.0,0.0,0.0,0.0,0.0,0.0,0.0,0.0,0.0,0.0,0.0,0.0,0.0,0.0,0.0,0.0,0.0,0.0,0.0,0.0,0.0,0.0,0.0,0.0,0.0,0.0,0.0,0.0,0.0,0.0,0.0,0.0,0.0,0.0,0.0,0.0,0.0,0.0,0.0,0.0,0.0,0.0,0.0,0.0,0.0,0.0,0.0,0.0,0.0,0.0,0.0,0.0,0.0,0.0,0.0,0.0,0.0,0.0,0.0,0.0,0.0,0.0,0.0,0.0,0.0,0.0,0
0.0,0.0,0.0,0.0,0.0,0.0,0.0,0.0,0.0,0.0,0.0,0.0,0.0,0.0,0.0,0.0,0.0,0.0,0.0,0.0,0.0,0.0,0.0,0.0,0.0,0.0,0.0,0.0,0.0,0.0,0.0,0.0,0.0,0.0,0.0,0.0,0.0,0.0,0.0,0.0,0.0,0.0,0.0,0.0,0.0,0.0,0.0,0.0,0.0,0.0,0.0,0.0,0.0,0.0,0.0,0.0,0.0,0.0,0.0,0.0,0.0,0.0,0.0,0.0,0.0,0.0,0
0.0,0.0,0.0,0.0,0.0,0.0,0.0,0.0,0.0,0.0,0.0,0.0,0.0,0.0,0.0,0.0,0.0,0.0,0.0,0.0,0.0,0.0,0.0,0.0,0.0,0.0,0.0,0.0,0.0,0.0,0.0,0.0,0.0,0.0,0.0,0.0,0.0,0.0,0.0,0.0,0.0,0.0,0.0,0.0,0.0,0.0,0.0,0.0,0.0,0.0,0.0,0.0,0.0,0.0,0.0,0.0,0.0,0.0,0.0,0.0,0.0,0.0,0.0,0.0,0.0,0.0,0
0.0,0.0,0.0,0.0,0.0,0.0,0.0,0.0,0.0,0.0,0.0,0.0,0.0,0.0,0.0,0.0,0.0,0.0,0.0,0.0,0.0,0.0,0.0,0.0,0.0,0.0,0.0,0.0,0.0,0.0,0.0,0.0,0.0,0.0,0.0,0.0,0.0,0.0,0.0,0.0,0.0,0.0,0.0,0.0,0.0,0.0,0.0,0.0,0.0,0.0,0.0,0.0,0.0,0.0,0.0,0.0,0.0,0.0,0.0,0.0,0.0,0.0,0.0,0.0,0.0,0.0,0
0.0,0.0,0.0,0.0,0.0,0.0,0.0,0.0,0.0,0.0,0.0,0.0,0.0,0.0,0.0,0.0,0.0,0.0,0.0,0.0,0.0,0.0,0.0,0.0,0.0,0.0,0.0,0.0,0.0,0.0,0.0,0.0,0.0,0.0,0.0,0.0,0.0,0.0,0.0,0.0,0.0,0.0,0.0,0.0,0.0,0.0,0.0,0.0,0.0,0.0,0.0,0.0,0.0,0.0,0.0,0.0,0.0,0.0,0.0,0.0,0.0,0.0,0.0,0.0,0.0,0.0,0
0.0,0.0,0.0,0.0,0.0,0.0,0.0,0.0,0.0,0.0,0.0,0.0,0.0,0.0,0.0,0.0,0.0,0.0,0.0,0.0,0.0,0.0,0.0,0.0,0.0,0.0,0.0,0.0,0.0,0.0,0.0,0.0,0.0,0.0,0.0,0.0,0.0,0.0,0.0,0.0,0.0,0.0,0.0,0.0,0.0,0.0,0.0,0.0,0.0,0.0,0.0,0.0,0.0,0.0,0.0,0.0,0.0,0.0,0.0,0.0,0.0,0.0,0.0,0.0,0.0,0.0,0
0.0,0.0,0.0,0.0,0.0,0.0,0.0,0.0,0.0,0.0,0.0,0.0,0.0,0.0,0.0,0.0,0.0,0.0,0.0,0.0,0.0,0.0,0.0,0.0,0.0,0.0,0.0,0.0,0.0,0.0,0.0,0.0,0.0,0.0,0.0,0.0,0.0,0.0,0.0,0.0,0.0,0.0,0.0,0.0,0.0,0.0,0.0,0.0,0.0,0.0,0.0,0.0,0.0,0.0,0.0,0.0,0.0,0.0,0.0,0.0,0.0,0.0,0.0,0.0,0.0,0.0,0
0.0,0.0,0.0,0.0,0.0,0.0,0.0,0.0,0.0,0.0,0.0,0.0,0.0,0.0,0.0,0.0,0.0,0.0,0.0,0.0,0.0,0.0,0.0,0.0,0.0,0.0,0.0,0.0,0.0,0.0,0.0,0.0,0.0,0.0,0.0,0.0,0.0,0.0,0.0,0.0,0.0,0.0,0.0,0.0,0.0,0.0,0.0,0.0,0.0,0.0,0.0,0.0,0.0,0.0,0.0,0.0,0.0,0.0,0.0,0.0,0.0,0.0,0.0,0.0,0.0,0.0,0
0.0,0.0,0.0,0.0,0.0,0.0,0.0,0.0,0.0,0.0,0.0,0.0,0.0,0.0,0.0,0.0,0.0,0.0,0.0,0.0,0.0,0.0,0.0,0.0,0.0,0.0,0.0,0.0,0.0,0.0,0.0,0.0,0.0,0.0,0.0,0.0,0.0,0.0,0.0,0.0,0.0,0.0,0.0,0.0,0.0,0.0,0.0,0.0,0.0,0.0,0.0,0.0,0.0,0.0,0.0,0.0,0.0,0.0,0.0,0.0,0.0,0.0,0.0,0.0,0.0,0.0,0
0.0,0.0,0.0,0.0,0.0,0.0,0.0,0.0,0.0,0.0,0.0,0.0,0.0,0.0,0.0,0.0,0.0,0.0,0.0,0.0,0.0,0.0,0.0,0.0,0.0,0.0,0.0,0.0,0.0,0.0,0.0,0.0,0.0,0.0,0.0,0.0,0.0,0.0,0.0,0.0,0.0,0.0,0.0,0.0,0.0,0.0,0.0,0.0,0.0,0.0,0.0,0.0,0.0,0.0,0.0,0.0,0.0,0.0,0.0,0.0,0.0,0.0,0.0,0.0,0.0,0.0,0
0.0,0.0,0.0,0.0,0.0,0.0,0.0,0.0,0.0,0.0,0.0,0.0,0.0,0.0,0.0,0.0,0.0,0.0,0.0,0.0,0.0,0.0,0.0,0.0,0.0,0.0,0.0,0.0,0.0,0.0,0.0,0.0,0.0,0.0,0.0,0.0,0.0,0.0,0.0,0.0,0.0,0.0,0.0,0.0,0.0,0.0,0.0,0.0,0.0,0.0,0.0,0.0,0.0,0.0,0.0,0.0,0.0,0.0,0.0,0.0,0.0,0.0,0.0,0.0,0.0,0.0,0
0.0,0.0,0.0,0.0,0.0,0.0,0.0,0.0,0.0,0.0,0.0,0.0,0.0,0.0,0.0,0.0,0.0,0.0,0.0,0.0,0.0,0.0,0.0,0.0,0.0,0.0,0.0,0.0,0.0,0.0,0.0,0.0,0.0,0.0,0.0,0.0,0.0,0.0,0.0,0.0,0.0,0.0,0.0,0.0,0.0,0.0,0.0,0.0,0.0,0.0,0.0,0.0,0.0,0.0,0.0,0.0,0.0,0.0,0.0,0.0,0.0,0.0,0.0,0.0,0.0,0.0,0
0.0,0.0,0.0,0.0,0.0,0.0,0.0,0.0,0.0,0.0,0.0,0.0,0.0,0.0,0.0,0.0,0.0,0.0,0.0,0.0,0.0,0.0,0.0,0.0,0.0,0.0,0.0,0.0,0.0,0.0,0.0,0.0,0.0,0.0,0.0,0.0,0.0,0.0,0.0,0.0,0.0,0.0,0.0,0.0,0.0,0.0,0.0,0.0,0.0,0.0,0.0,0.0,0.0,0.0,0.0,0.0,0.0,0.0,0.0,0.0,0.0,0.0,0.0,0.0,0.0,0.0,0
0.6172506213188171,0.3159726858139038,0.6196343302726746,0.3063258230686188,0.6212658286094666,0.3061201572418213,0.622898519039154,0.3058449327945709,0.6148545145988464,0.2987782657146454,0.6138121485710144,0.299972265958786,0.6121523976325989,0.3022603690624237,0.6253952383995056,0.3034745752811432,0.6119258403778076,0.30653107166290283,0.6208363175392151,0.32654619216918945,0.6152663230895996,0.3273020088672638,0.6379422545433044,0.3641720116138458,0.6081691980361938,0.37613603472709656,0.6484135985374451,0.429505854845047,0.6077641844749451,0.45055779814720154,0.6379572153091431,0.417105495929718,0.6090914011001587,0.4740251898765564,0.6355282664299011,0.4163026809692383,0.6089524030685425,0.48398733139038086,0.6345994472503662,0.407266229391098,0.6095673441886902,0.47802188992500305,0.6348057985305786,0.4094417691230774,0.6106042265892029,0.47501668334007263,0.6423922777175903,0.48452314734458923,0.625389814376831,0.49248450994491577,0.6410719156265259,0.5747486352920532,0.6278647780418396,0.5703068971633911,0.6467267274856567,0.6523618698120117,0.6368553042411804,0.6591830253601074,0.6481144428253174,0.6598489284515381,0.6388965845108032,0.6715205311775208,0.6439659595489502,0.6875895261764526,0.6360824108123779,0.6860201358795166,0
0.0,0.0,0.0,0.0,0.0,0.0,0.0,0.0,0.0,0.0,0.0,0.0,0.0,0.0,0.0,0.0,0.0,0.0,0.0,0.0,0.0,0.0,0.0,0.0,0.0,0.0,0.0,0.0,0.0,0.0,0.0,0.0,0.0,0.0,0.0,0.0,0.0,0.0,0.0,0.0,0.0,0.0,0.0,0.0,0.0,0.0,0.0,0.0,0.0,0.0,0.0,0.0,0.0,0.0,0.0,0.0,0.0,0.0,0.0,0.0,0.0,0.0,0.0,0.0,0.0,0.0,0
0.0,0.0,0.0,0.0,0.0,0.0,0.0,0.0,0.0,0.0,0.0,0.0,0.0,0.0,0.0,0.0,0.0,0.0,0.0,0.0,0.0,0.0,0.0,0.0,0.0,0.0,0.0,0.0,0.0,0.0,0.0,0.0,0.0,0.0,0.0,0.0,0.0,0.0,0.0,0.0,0.0,0.0,0.0,0.0,0.0,0.0,0.0,0.0,0.0,0.0,0.0,0.0,0.0,0.0,0.0,0.0,0.0,0.0,0.0,0.0,0.0,0.0,0.0,0.0,0.0,0.0,0
0.0,0.0,0.0,0.0,0.0,0.0,0.0,0.0,0.0,0.0,0.0,0.0,0.0,0.0,0.0,0.0,0.0,0.0,0.0,0.0,0.0,0.0,0.0,0.0,0.0,0.0,0.0,0.0,0.0,0.0,0.0,0.0,0.0,0.0,0.0,0.0,0.0,0.0,0.0,0.0,0.0,0.0,0.0,0.0,0.0,0.0,0.0,0.0,0.0,0.0,0.0,0.0,0.0,0.0,0.0,0.0,0.0,0.0,0.0,0.0,0.0,0.0,0.0,0.0,0.0,0.0,0
0.0,0.0,0.0,0.0,0.0,0.0,0.0,0.0,0.0,0.0,0.0,0.0,0.0,0.0,0.0,0.0,0.0,0.0,0.0,0.0,0.0,0.0,0.0,0.0,0.0,0.0,0.0,0.0,0.0,0.0,0.0,0.0,0.0,0.0,0.0,0.0,0.0,0.0,0.0,0.0,0.0,0.0,0.0,0.0,0.0,0.0,0.0,0.0,0.0,0.0,0.0,0.0,0.0,0.0,0.0,0.0,0.0,0.0,0.0,0.0,0.0,0.0,0.0,0.0,0.0,0.0,0
0.0,0.0,0.0,0.0,0.0,0.0,0.0,0.0,0.0,0.0,0.0,0.0,0.0,0.0,0.0,0.0,0.0,0.0,0.0,0.0,0.0,0.0,0.0,0.0,0.0,0.0,0.0,0.0,0.0,0.0,0.0,0.0,0.0,0.0,0.0,0.0,0.0,0.0,0.0,0.0,0.0,0.0,0.0,0.0,0.0,0.0,0.0,0.0,0.0,0.0,0.0,0.0,0.0,0.0,0.0,0.0,0.0,0.0,0.0,0.0,0.0,0.0,0.0,0.0,0.0,0.0,0
0.0,0.0,0.0,0.0,0.0,0.0,0.0,0.0,0.0,0.0,0.0,0.0,0.0,0.0,0.0,0.0,0.0,0.0,0.0,0.0,0.0,0.0,0.0,0.0,0.0,0.0,0.0,0.0,0.0,0.0,0.0,0.0,0.0,0.0,0.0,0.0,0.0,0.0,0.0,0.0,0.0,0.0,0.0,0.0,0.0,0.0,0.0,0.0,0.0,0.0,0.0,0.0,0.0,0.0,0.0,0.0,0.0,0.0,0.0,0.0,0.0,0.0,0.0,0.0,0.0,0.0,0
0.0,0.0,0.0,0.0,0.0,0.0,0.0,0.0,0.0,0.0,0.0,0.0,0.0,0.0,0.0,0.0,0.0,0.0,0.0,0.0,0.0,0.0,0.0,0.0,0.0,0.0,0.0,0.0,0.0,0.0,0.0,0.0,0.0,0.0,0.0,0.0,0.0,0.0,0.0,0.0,0.0,0.0,0.0,0.0,0.0,0.0,0.0,0.0,0.0,0.0,0.0,0.0,0.0,0.0,0.0,0.0,0.0,0.0,0.0,0.0,0.0,0.0,0.0,0.0,0.0,0.0,0
0.0,0.0,0.0,0.0,0.0,0.0,0.0,0.0,0.0,0.0,0.0,0.0,0.0,0.0,0.0,0.0,0.0,0.0,0.0,0.0,0.0,0.0,0.0,0.0,0.0,0.0,0.0,0.0,0.0,0.0,0.0,0.0,0.0,0.0,0.0,0.0,0.0,0.0,0.0,0.0,0.0,0.0,0.0,0.0,0.0,0.0,0.0,0.0,0.0,0.0,0.0,0.0,0.0,0.0,0.0,0.0,0.0,0.0,0.0,0.0,0.0,0.0,0.0,0.0,0.0,0.0,0
0.0,0.0,0.0,0.0,0.0,0.0,0.0,0.0,0.0,0.0,0.0,0.0,0.0,0.0,0.0,0.0,0.0,0.0,0.0,0.0,0.0,0.0,0.0,0.0,0.0,0.0,0.0,0.0,0.0,0.0,0.0,0.0,0.0,0.0,0.0,0.0,0.0,0.0,0.0,0.0,0.0,0.0,0.0,0.0,0.0,0.0,0.0,0.0,0.0,0.0,0.0,0.0,0.0,0.0,0.0,0.0,0.0,0.0,0.0,0.0,0.0,0.0,0.0,0.0,0.0,0.0,0
0.0,0.0,0.0,0.0,0.0,0.0,0.0,0.0,0.0,0.0,0.0,0.0,0.0,0.0,0.0,0.0,0.0,0.0,0.0,0.0,0.0,0.0,0.0,0.0,0.0,0.0,0.0,0.0,0.0,0.0,0.0,0.0,0.0,0.0,0.0,0.0,0.0,0.0,0.0,0.0,0.0,0.0,0.0,0.0,0.0,0.0,0.0,0.0,0.0,0.0,0.0,0.0,0.0,0.0,0.0,0.0,0.0,0.0,0.0,0.0,0.0,0.0,0.0,0.0,0.0,0.0,0
0.0,0.0,0.0,0.0,0.0,0.0,0.0,0.0,0.0,0.0,0.0,0.0,0.0,0.0,0.0,0.0,0.0,0.0,0.0,0.0,0.0,0.0,0.0,0.0,0.0,0.0,0.0,0.0,0.0,0.0,0.0,0.0,0.0,0.0,0.0,0.0,0.0,0.0,0.0,0.0,0.0,0.0,0.0,0.0,0.0,0.0,0.0,0.0,0.0,0.0,0.0,0.0,0.0,0.0,0.0,0.0,0.0,0.0,0.0,0.0,0.0,0.0,0.0,0.0,0.0,0.0,0
0.0,0.0,0.0,0.0,0.0,0.0,0.0,0.0,0.0,0.0,0.0,0.0,0.0,0.0,0.0,0.0,0.0,0.0,0.0,0.0,0.0,0.0,0.0,0.0,0.0,0.0,0.0,0.0,0.0,0.0,0.0,0.0,0.0,0.0,0.0,0.0,0.0,0.0,0.0,0.0,0.0,0.0,0.0,0.0,0.0,0.0,0.0,0.0,0.0,0.0,0.0,0.0,0.0,0.0,0.0,0.0,0.0,0.0,0.0,0.0,0.0,0.0,0.0,0.0,0.0,0.0,0
0.0,0.0,0.0,0.0,0.0,0.0,0.0,0.0,0.0,0.0,0.0,0.0,0.0,0.0,0.0,0.0,0.0,0.0,0.0,0.0,0.0,0.0,0.0,0.0,0.0,0.0,0.0,0.0,0.0,0.0,0.0,0.0,0.0,0.0,0.0,0.0,0.0,0.0,0.0,0.0,0.0,0.0,0.0,0.0,0.0,0.0,0.0,0.0,0.0,0.0,0.0,0.0,0.0,0.0,0.0,0.0,0.0,0.0,0.0,0.0,0.0,0.0,0.0,0.0,0.0,0.0,0
0.0,0.0,0.0,0.0,0.0,0.0,0.0,0.0,0.0,0.0,0.0,0.0,0.0,0.0,0.0,0.0,0.0,0.0,0.0,0.0,0.0,0.0,0.0,0.0,0.0,0.0,0.0,0.0,0.0,0.0,0.0,0.0,0.0,0.0,0.0,0.0,0.0,0.0,0.0,0.0,0.0,0.0,0.0,0.0,0.0,0.0,0.0,0.0,0.0,0.0,0.0,0.0,0.0,0.0,0.0,0.0,0.0,0.0,0.0,0.0,0.0,0.0,0.0,0.0,0.0,0.0,0
0.0,0.0,0.0,0.0,0.0,0.0,0.0,0.0,0.0,0.0,0.0,0.0,0.0,0.0,0.0,0.0,0.0,0.0,0.0,0.0,0.0,0.0,0.0,0.0,0.0,0.0,0.0,0.0,0.0,0.0,0.0,0.0,0.0,0.0,0.0,0.0,0.0,0.0,0.0,0.0,0.0,0.0,0.0,0.0,0.0,0.0,0.0,0.0,0.0,0.0,0.0,0.0,0.0,0.0,0.0,0.0,0.0,0.0,0.0,0.0,0.0,0.0,0.0,0.0,0.0,0.0,0
0.0,0.0,0.0,0.0,0.0,0.0,0.0,0.0,0.0,0.0,0.0,0.0,0.0,0.0,0.0,0.0,0.0,0.0,0.0,0.0,0.0,0.0,0.0,0.0,0.0,0.0,0.0,0.0,0.0,0.0,0.0,0.0,0.0,0.0,0.0,0.0,0.0,0.0,0.0,0.0,0.0,0.0,0.0,0.0,0.0,0.0,0.0,0.0,0.0,0.0,0.0,0.0,0.0,0.0,0.0,0.0,0.0,0.0,0.0,0.0,0.0,0.0,0.0,0.0,0.0,0.0,0
0.0,0.0,0.0,0.0,0.0,0.0,0.0,0.0,0.0,0.0,0.0,0.0,0.0,0.0,0.0,0.0,0.0,0.0,0.0,0.0,0.0,0.0,0.0,0.0,0.0,0.0,0.0,0.0,0.0,0.0,0.0,0.0,0.0,0.0,0.0,0.0,0.0,0.0,0.0,0.0,0.0,0.0,0.0,0.0,0.0,0.0,0.0,0.0,0.0,0.0,0.0,0.0,0.0,0.0,0.0,0.0,0.0,0.0,0.0,0.0,0.0,0.0,0.0,0.0,0.0,0.0,0
0.0,0.0,0.0,0.0,0.0,0.0,0.0,0.0,0.0,0.0,0.0,0.0,0.0,0.0,0.0,0.0,0.0,0.0,0.0,0.0,0.0,0.0,0.0,0.0,0.0,0.0,0.0,0.0,0.0,0.0,0.0,0.0,0.0,0.0,0.0,0.0,0.0,0.0,0.0,0.0,0.0,0.0,0.0,0.0,0.0,0.0,0.0,0.0,0.0,0.0,0.0,0.0,0.0,0.0,0.0,0.0,0.0,0.0,0.0,0.0,0.0,0.0,0.0,0.0,0.0,0.0,0
0.0,0.0,0.0,0.0,0.0,0.0,0.0,0.0,0.0,0.0,0.0,0.0,0.0,0.0,0.0,0.0,0.0,0.0,0.0,0.0,0.0,0.0,0.0,0.0,0.0,0.0,0.0,0.0,0.0,0.0,0.0,0.0,0.0,0.0,0.0,0.0,0.0,0.0,0.0,0.0,0.0,0.0,0.0,0.0,0.0,0.0,0.0,0.0,0.0,0.0,0.0,0.0,0.0,0.0,0.0,0.0,0.0,0.0,0.0,0.0,0.0,0.0,0.0,0.0,0.0,0.0,0
0.0,0.0,0.0,0.0,0.0,0.0,0.0,0.0,0.0,0.0,0.0,0.0,0.0,0.0,0.0,0.0,0.0,0.0,0.0,0.0,0.0,0.0,0.0,0.0,0.0,0.0,0.0,0.0,0.0,0.0,0.0,0.0,0.0,0.0,0.0,0.0,0.0,0.0,0.0,0.0,0.0,0.0,0.0,0.0,0.0,0.0,0.0,0.0,0.0,0.0,0.0,0.0,0.0,0.0,0.0,0.0,0.0,0.0,0.0,0.0,0.0,0.0,0.0,0.0,0.0,0.0,0
0.11296647042036057,0.21881911158561707,0.10943154245615005,0.19974100589752197,0.1092992052435875,0.19956311583518982,0.1089368537068367,0.19919878244400024,0.10972177237272263,0.2003869116306305,0.10977595299482346,0.2005920112133026,0.10960348695516586,0.20046019554138184,0.10859925299882889,0.20662614703178406,0.11421187967061996,0.21436330676078796,0.11421007663011551,0.22420954704284668,0.11426007002592087,0.2179250419139862,0.11339617520570755,0.242921382188797,0.129762664437294,0.26888927817344666,0.09348227828741074,0.3121797740459442,0.11422719061374664,0.34452635049819946,0.08459249138832092,0.2835334837436676,0.10150711238384247,0.3158039152622223,0.08204145729541779,0.2767871618270874,0.09973306953907013,0.3099449574947357,0.08570349216461182,0.2736830711364746,0.09810415655374527,0.3023819029331207,0.08734992146492004,0.2772814631462097,0.09787511825561523,0.30473417043685913,0.12473995983600616,0.47911733388900757,0.13171501457691193,0.4838294982910156,0.11745644360780716,0.6428804397583008,0.13092994689941406,0.6472688913345337,0.12164442241191864,0.8065410852432251,0.13213910162448883,0.8134439587593079,0.12396131455898285,0.8333373069763184,0.1316251903772354,0.8391417264938354,0.11884796619415283,0.8492382168769836,0.13784195482730865,0.8609715700149536,0
0.0,0.0,0.0,0.0,0.0,0.0,0.0,0.0,0.0,0.0,0.0,0.0,0.0,0.0,0.0,0.0,0.0,0.0,0.0,0.0,0.0,0.0,0.0,0.0,0.0,0.0,0.0,0.0,0.0,0.0,0.0,0.0,0.0,0.0,0.0,0.0,0.0,0.0,0.0,0.0,0.0,0.0,0.0,0.0,0.0,0.0,0.0,0.0,0.0,0.0,0.0,0.0,0.0,0.0,0.0,0.0,0.0,0.0,0.0,0.0,0.0,0.0,0.0,0.0,0.0,0.0,0
0.0,0.0,0.0,0.0,0.0,0.0,0.0,0.0,0.0,0.0,0.0,0.0,0.0,0.0,0.0,0.0,0.0,0.0,0.0,0.0,0.0,0.0,0.0,0.0,0.0,0.0,0.0,0.0,0.0,0.0,0.0,0.0,0.0,0.0,0.0,0.0,0.0,0.0,0.0,0.0,0.0,0.0,0.0,0.0,0.0,0.0,0.0,0.0,0.0,0.0,0.0,0.0,0.0,0.0,0.0,0.0,0.0,0.0,0.0,0.0,0.0,0.0,0.0,0.0,0.0,0.0,0
0.0,0.0,0.0,0.0,0.0,0.0,0.0,0.0,0.0,0.0,0.0,0.0,0.0,0.0,0.0,0.0,0.0,0.0,0.0,0.0,0.0,0.0,0.0,0.0,0.0,0.0,0.0,0.0,0.0,0.0,0.0,0.0,0.0,0.0,0.0,0.0,0.0,0.0,0.0,0.0,0.0,0.0,0.0,0.0,0.0,0.0,0.0,0.0,0.0,0.0,0.0,0.0,0.0,0.0,0.0,0.0,0.0,0.0,0.0,0.0,0.0,0.0,0.0,0.0,0.0,0.0,0
0.0,0.0,0.0,0.0,0.0,0.0,0.0,0.0,0.0,0.0,0.0,0.0,0.0,0.0,0.0,0.0,0.0,0.0,0.0,0.0,0.0,0.0,0.0,0.0,0.0,0.0,0.0,0.0,0.0,0.0,0.0,0.0,0.0,0.0,0.0,0.0,0.0,0.0,0.0,0.0,0.0,0.0,0.0,0.0,0.0,0.0,0.0,0.0,0.0,0.0,0.0,0.0,0.0,0.0,0.0,0.0,0.0,0.0,0.0,0.0,0.0,0.0,0.0,0.0,0.0,0.0,0
0.0,0.0,0.0,0.0,0.0,0.0,0.0,0.0,0.0,0.0,0.0,0.0,0.0,0.0,0.0,0.0,0.0,0.0,0.0,0.0,0.0,0.0,0.0,0.0,0.0,0.0,0.0,0.0,0.0,0.0,0.0,0.0,0.0,0.0,0.0,0.0,0.0,0.0,0.0,0.0,0.0,0.0,0.0,0.0,0.0,0.0,0.0,0.0,0.0,0.0,0.0,0.0,0.0,0.0,0.0,0.0,0.0,0.0,0.0,0.0,0.0,0.0,0.0,0.0,0.0,0.0,0
0.0,0.0,0.0,0.0,0.0,0.0,0.0,0.0,0.0,0.0,0.0,0.0,0.0,0.0,0.0,0.0,0.0,0.0,0.0,0.0,0.0,0.0,0.0,0.0,0.0,0.0,0.0,0.0,0.0,0.0,0.0,0.0,0.0,0.0,0.0,0.0,0.0,0.0,0.0,0.0,0.0,0.0,0.0,0.0,0.0,0.0,0.0,0.0,0.0,0.0,0.0,0.0,0.0,0.0,0.0,0.0,0.0,0.0,0.0,0.0,0.0,0.0,0.0,0.0,0.0,0.0,0
0.6248512864112854,0.24603840708732605,0.6280513405799866,0.23377081751823425,0.6299874186515808,0.23375633358955383,0.6318359971046448,0.23376545310020447,0.6234718561172485,0.23419222235679626,0.6222761869430542,0.2344849705696106,0.6211234331130981,0.23476886749267578,0.6358621716499329,0.24180644750595093,0.62122642993927,0.24091100692749023,0.6288087964057922,0.259743332862854,0.623109757900238,0.25871002674102783,0.6534651517868042,0.32267075777053833,0.6071397662162781,0.31447190046310425,0.6581999659538269,0.41386258602142334,0.5924497246742249,0.3950760066509247,0.663465678691864,0.4884878695011139,0.5993375778198242,0.46560579538345337,0.6670398116111755,0.5132094621658325,0.5986456274986267,0.49236631393432617,0.6637600064277649,0.5069497227668762,0.6026954054832458,0.48978424072265625,0.6611106395721436,0.5019549131393433,0.6048588156700134,0.47780394554138184,0.6437431573867798,0.5066638588905334,0.6164054274559021,0.5058507919311523,0.6446844339370728,0.6432717442512512,0.614005982875824,0.6418455839157104,0.6416268348693848,0.750186562538147,0.6132800579071045,0.753044605255127,0.6392921209335327,0.7655896544456482,0.614044189453125,0.7677010297775269,0.6444186568260193,0.7908161878585815,0.6138166785240173,0.7977705001831055,0
0.6270724534988403,0.24085405468940735,0.6295256018638611,0.2292253077030182,0.6314720511436462,0.22950798273086548,0.633468747138977,0.22998204827308655,0.6249647736549377,0.2293452024459839,0.6236763596534729,0.22975969314575195,0.6224406957626343,0.2302948534488678,0.6370803713798523,0.2366313636302948,0.6215850114822388,0.2363317608833313,0.6311585307121277,0.2548315227031708,0.6250925064086914,0.25537943840026855,0.6539191007614136,0.32175371050834656,0.6070761680603027,0.3066856265068054,0.6588186621665955,0.4199987053871155,0.5927625298500061,0.38995563983917236,0.6628859043121338,0.48716220259666443,0.596664547920227,0.46403202414512634,0.6650364398956299,0.5109648108482361,0.5956948399543762,0.4909144341945648,0.6626111268997192,0.5056794881820679,0.6009073257446289,0.4839073419570923,0.6616394519805908,0.4936545491218567,0.6014856696128845,0.4765018820762634,0.6435512900352478,0.5138402581214905,0.6136427521705627,0.513166069984436,0.645554780960083,0.6611728668212891,0.6180275082588196,0.6612485647201538,0.6454116106033325,0.7646079063415527,0.6167759299278259,0.76904296875,0.6426821351051331,0.7789480090141296,0.6174342632293701,0.781460165977478,0.6505422592163086,0.8108672499656677,0.6194714307785034,0.8194628357887268,0
0.6275872588157654,0.24008452892303467,0.6300523281097412,0.2282402515411377,0.6320943832397461,0.2284112572669983,0.6342151165008545,0.2287517488002777,0.6250849962234497,0.22820577025413513,0.6236230134963989,0.22847434878349304,0.6222513318061829,0.22869902849197388,0.638017475605011,0.23651203513145447,0.6212214827537537,0.23508283495903015,0.6312081217765808,0.2551179826259613,0.6252697706222534,0.2544376850128174,0.6546599268913269,0.32765090465545654,0.6049505472183228,0.30864590406417847,0.6615288257598877,0.44784805178642273,0.5933231115341187,0.3981124460697174,0.6651403307914734,0.5409070253372192,0.5983838438987732,0.46664780378341675,0.6675285696983337,0.5758787393569946,0.5994106531143188,0.4945957362651825,0.6651002764701843,0.5688198208808899,0.6019291281700134,0.4839073419570923,0.6627750992774963,0.5560862421989441,0.6025851368904114,0.4780530035495758,0.6445411443710327,0.5299327969551086,0.6124884486198425,0.5253950357437134,0.6419686079025269,0.6813139915466309,0.6144017577171326,0.6826714873313904,0.639946460723877,0.8020893335342407,0.6166448593139648,0.8011647462844849,0.6380407810211182,0.819117546081543,0.618224024772644,0.8156911134719849,0.6402558088302612,0.8511663675308228,0.6167935132980347,0.8541510105133057,0
0.0,0.0,0.0,0.0,0.0,0.0,0.0,0.0,0.0,0.0,0.0,0.0,0.0,0.0,0.0,0.0,0.0,0.0,0.0,0.0,0.0,0.0,0.0,0.0,0.0,0.0,0.0,0.0,0.0,0.0,0.0,0.0,0.0,0.0,0.0,0.0,0.0,0.0,0.0,0.0,0.0,0.0,0.0,0.0,0.0,0.0,0.0,0.0,0.0,0.0,0.0,0.0,0.0,0.0,0.0,0.0,0.0,0.0,0.0,0.0,0.0,0.0,0.0,0.0,0.0,0.0,0
0.0,0.0,0.0,0.0,0.0,0.0,0.0,0.0,0.0,0.0,0.0,0.0,0.0,0.0,0.0,0.0,0.0,0.0,0.0,0.0,0.0,0.0,0.0,0.0,0.0,0.0,0.0,0.0,0.0,0.0,0.0,0.0,0.0,0.0,0.0,0.0,0.0,0.0,0.0,0.0,0.0,0.0,0.0,0.0,0.0,0.0,0.0,0.0,0.0,0.0,0.0,0.0,0.0,0.0,0.0,0.0,0.0,0.0,0.0,0.0,0.0,0.0,0.0,0.0,0.0,0.0,0
0.11325576156377792,0.19391986727714539,0.11349600553512573,0.1825648546218872,0.11026805639266968,0.1820494532585144,0.10869555175304413,0.18139323592185974,0.11843010783195496,0.18286913633346558,0.11978782713413239,0.18261036276817322,0.12112462520599365,0.18239885568618774,0.10655273497104645,0.18612614274024963,0.12368398904800415,0.18795710802078247,0.11069665849208832,0.206653892993927,0.11702116578817368,0.2084922194480896,0.08583249151706696,0.2493205964565277,0.14807918667793274,0.27370378375053406,0.0815434679389,0.3866216242313385,0.15779836475849152,0.42436158657073975,0.09185326099395752,0.45274782180786133,0.1504373997449875,0.4896429479122162,0.09460599720478058,0.45728248357772827,0.1588825136423111,0.5295412540435791,0.09920938313007355,0.45275938510894775,0.1554129719734192,0.5227798223495483,0.1005704328417778,0.4496448338031769,0.153230682015419,0.5149062871932983,0.11303392797708511,0.48663657903671265,0.14806047081947327,0.4941596984863281,0.11280909180641174,0.6508451700210571,0.1316022425889969,0.6379770040512085,0.12029677629470825,0.8020411729812622,0.12503860890865326,0.8094602823257446,0.12317025661468506,0.8278563022613525,0.12006506323814392,0.8357504606246948,0.11466684192419052,0.8291540145874023,0.12802015244960785,0.8361228704452515,0
0.0,0.0,0.0,0.0,0.0,0.0,0.0,0.0,0.0,0.0,0.0,0.0,0.0,0.0,0.0,0.0,0.0,0.0,0.0,0.0,0.0,0.0,0.0,0.0,0.0,0.0,0.0,0.0,0.0,0.0,0.0,0.0,0.0,0.0,0.0,0.0,0.0,0.0,0.0,0.0,0.0,0.0,0.0,0.0,0.0,0.0,0.0,0.0,0.0,0.0,0.0,0.0,0.0,0.0,0.0,0.0,0.0,0.0,0.0,0.0,0.0,0.0,0.0,0.0,0.0,0.0,0
0.0,0.0,0.0,0.0,0.0,0.0,0.0,0.0,0.0,0.0,0.0,0.0,0.0,0.0,0.0,0.0,0.0,0.0,0.0,0.0,0.0,0.0,0.0,0.0,0.0,0.0,0.0,0.0,0.0,0.0,0.0,0.0,0.0,0.0,0.0,0.0,0.0,0.0,0.0,0.0,0.0,0.0,0.0,0.0,0.0,0.0,0.0,0.0,0.0,0.0,0.0,0.0,0.0,0.0,0.0,0.0,0.0,0.0,0.0,0.0,0.0,0.0,0.0,0.0,0.0,0.0,0
0.0,0.0,0.0,0.0,0.0,0.0,0.0,0.0,0.0,0.0,0.0,0.0,0.0,0.0,0.0,0.0,0.0,0.0,0.0,0.0,0.0,0.0,0.0,0.0,0.0,0.0,0.0,0.0,0.0,0.0,0.0,0.0,0.0,0.0,0.0,0.0,0.0,0.0,0.0,0.0,0.0,0.0,0.0,0.0,0.0,0.0,0.0,0.0,0.0,0.0,0.0,0.0,0.0,0.0,0.0,0.0,0.0,0.0,0.0,0.0,0.0,0.0,0.0,0.0,0.0,0.0,0
0.0,0.0,0.0,0.0,0.0,0.0,0.0,0.0,0.0,0.0,0.0,0.0,0.0,0.0,0.0,0.0,0.0,0.0,0.0,0.0,0.0,0.0,0.0,0.0,0.0,0.0,0.0,0.0,0.0,0.0,0.0,0.0,0.0,0.0,0.0,0.0,0.0,0.0,0.0,0.0,0.0,0.0,0.0,0.0,0.0,0.0,0.0,0.0,0.0,0.0,0.0,0.0,0.0,0.0,0.0,0.0,0.0,0.0,0.0,0.0,0.0,0.0,0.0,0.0,0.0,0.0,0
0.0,0.0,0.0,0.0,0.0,0.0,0.0,0.0,0.0,0.0,0.0,0.0,0.0,0.0,0.0,0.0,0.0,0.0,0.0,0.0,0.0,0.0,0.0,0.0,0.0,0.0,0.0,0.0,0.0,0.0,0.0,0.0,0.0,0.0,0.0,0.0,0.0,0.0,0.0,0.0,0.0,0.0,0.0,0.0,0.0,0.0,0.0,0.0,0.0,0.0,0.0,0.0,0.0,0.0,0.0,0.0,0.0,0.0,0.0,0.0,0.0,0.0,0.0,0.0,0.0,0.0,0
0.0,0.0,0.0,0.0,0.0,0.0,0.0,0.0,0.0,0.0,0.0,0.0,0.0,0.0,0.0,0.0,0.0,0.0,0.0,0.0,0.0,0.0,0.0,0.0,0.0,0.0,0.0,0.0,0.0,0.0,0.0,0.0,0.0,0.0,0.0,0.0,0.0,0.0,0.0,0.0,0.0,0.0,0.0,0.0,0.0,0.0,0.0,0.0,0.0,0.0,0.0,0.0,0.0,0.0,0.0,0.0,0.0,0.0,0.0,0.0,0.0,0.0,0.0,0.0,0.0,0.0,0
0.0,0.0,0.0,0.0,0.0,0.0,0.0,0.0,0.0,0.0,0.0,0.0,0.0,0.0,0.0,0.0,0.0,0.0,0.0,0.0,0.0,0.0,0.0,0.0,0.0,0.0,0.0,0.0,0.0,0.0,0.0,0.0,0.0,0.0,0.0,0.0,0.0,0.0,0.0,0.0,0.0,0.0,0.0,0.0,0.0,0.0,0.0,0.0,0.0,0.0,0.0,0.0,0.0,0.0,0.0,0.0,0.0,0.0,0.0,0.0,0.0,0.0,0.0,0.0,0.0,0.0,0
0.0,0.0,0.0,0.0,0.0,0.0,0.0,0.0,0.0,0.0,0.0,0.0,0.0,0.0,0.0,0.0,0.0,0.0,0.0,0.0,0.0,0.0,0.0,0.0,0.0,0.0,0.0,0.0,0.0,0.0,0.0,0.0,0.0,0.0,0.0,0.0,0.0,0.0,0.0,0.0,0.0,0.0,0.0,0.0,0.0,0.0,0.0,0.0,0.0,0.0,0.0,0.0,0.0,0.0,0.0,0.0,0.0,0.0,0.0,0.0,0.0,0.0,0.0,0.0,0.0,0.0,0
0.0,0.0,0.0,0.0,0.0,0.0,0.0,0.0,0.0,0.0,0.0,0.0,0.0,0.0,0.0,0.0,0.0,0.0,0.0,0.0,0.0,0.0,0.0,0.0,0.0,0.0,0.0,0.0,0.0,0.0,0.0,0.0,0.0,0.0,0.0,0.0,0.0,0.0,0.0,0.0,0.0,0.0,0.0,0.0,0.0,0.0,0.0,0.0,0.0,0.0,0.0,0.0,0.0,0.0,0.0,0.0,0.0,0.0,0.0,0.0,0.0,0.0,0.0,0.0,0.0,0.0,0
0.11595674604177475,0.17631688714027405,0.11713173240423203,0.16210117936134338,0.1163761094212532,0.1619740128517151,0.11312364786863327,0.16252541542053223,0.12037812918424606,0.16107958555221558,0.12130531668663025,0.1604759693145752,0.12219377607107162,0.1598716676235199,0.11247171461582184,0.1704675257205963,0.12452533841133118,0.16742321848869324,0.11432920396327972,0.18745699524879456,0.11891098320484161,0.18642845749855042,0.09052059054374695,0.2455700933933258,0.15152092278003693,0.2486705780029297,0.08353201299905777,0.39198875427246094,0.1549375057220459,0.3921167850494385,0.08661827445030212,0.4575995206832886,0.1451200246810913,0.47266241908073425,0.09586093574762344,0.4655032157897949,0.14758151769638062,0.49502745270729065,0.09990115463733673,0.4647634029388428,0.1451498121023178,0.4922912120819092,0.10094471275806427,0.46001172065734863,0.1437675952911377,0.4862631559371948,0.11321015655994415,0.48491722345352173,0.148655965924263,0.4763309359550476,0.115712970495224,0.6372854113578796,0.14735852181911469,0.6317059397697449,0.11882859468460083,0.7930408120155334,0.15023981034755707,0.8082525134086609,0.12745757400989532,0.823326587677002,0.1453809142112732,0.8558105230331421,0.12049402296543121,0.8139233589172363,0.1548367589712143,0.8489490747451782,0
0.0,0.0,0.0,0.0,0.0,0.0,0.0,0.0,0.0,0.0,0.0,0.0,0.0,0.0,0.0,0.0,0.0,0.0,0.0,0.0,0.0,0.0,0.0,0.0,0.0,0.0,0.0,0.0,0.0,0.0,0.0,0.0,0.0,0.0,0.0,0.0,0.0,0.0,0.0,0.0,0.0,0.0,0.0,0.0,0.0,0.0,0.0,0.0,0.0,0.0,0.0,0.0,0.0,0.0,0.0,0.0,0.0,0.0,0.0,0.0,0.0,0.0,0.0,0.0,0.0,0.0,0
0.12716801464557648,0.17004629969596863,0.12648920714855194,0.15897908806800842,0.12543663382530212,0.15595462918281555,0.12267935276031494,0.15610456466674805,0.13031092286109924,0.15951094031333923,0.13133637607097626,0.15951886773109436,0.1324743628501892,0.15951189398765564,0.12077488750219345,0.1661006510257721,0.1346416473388672,0.1661040484905243,0.12492892146110535,0.17971745133399963,0.13065582513809204,0.18574950098991394,0.09635999798774719,0.22595536708831787,0.15388774871826172,0.241335928440094,0.08557181805372238,0.35994043946266174,0.1641869843006134,0.3709246516227722,0.0843203067779541,0.436596542596817,0.15088443458080292,0.4458388686180115,0.0951886847615242,0.4533766508102417,0.15370553731918335,0.47197455167770386,0.09907509386539459,0.4526713490486145,0.1496533751487732,0.4694797694683075,0.10091105103492737,0.4470275938510895,0.14792366325855255,0.4633641242980957,0.11938758194446564,0.4478908181190491,0.1591920256614685,0.4494527578353882,0.11449436098337173,0.5956575274467468,0.16269882023334503,0.622932493686676,0.11826755106449127,0.7945027351379395,0.16166409850120544,0.7971153259277344,0.11963290721178055,0.8283528089523315,0.1524290293455124,0.8525056838989258,0.11589934676885605,0.8202892541885376,0.16712364554405212,0.8520233631134033,0
0.0,0.0,0.0,0.0,0.0,0.0,0.0,0.0,0.0,0.0,0.0,0.0,0.0,0.0,0.0,0.0,0.0,0.0,0.0,0.0,0.0,0.0,0.0,0.0,0.0,0.0,0.0,0.0,0.0,0.0,0.0,0.0,0.0,0.0,0.0,0.0,0.0,0.0,0.0,0.0,0.0,0.0,0.0,0.0,0.0,0.0,0.0,0.0,0.0,0.0,0.0,0.0,0.0,0.0,0.0,0.0,0.0,0.0,0.0,0.0,0.0,0.0,0.0,0.0,0.0,0.0,0
0.12863467633724213,0.15347450971603394,0.12903232872486115,0.14189660549163818,0.12644092738628387,0.1422557234764099,0.12546436488628387,0.14204561710357666,0.13092413544654846,0.14604437351226807,0.1328512728214264,0.1455441117286682,0.13368092477321625,0.14563262462615967,0.12339016050100327,0.1492038369178772,0.13435792922973633,0.15355375409126282,0.12693774700164795,0.1690216362476349,0.13184165954589844,0.16956618428230286,0.09743557870388031,0.2165738344192505,0.15375229716300964,0.22363746166229248,0.0959579274058342,0.3494184613227844,0.1600513607263565,0.3673962652683258,0.10973222553730011,0.4099176526069641,0.15377458930015564,0.43588247895240784,0.1118081584572792,0.42454051971435547,0.15439222753047943,0.45357632637023926,0.11624981462955475,0.4249802231788635,0.15143446624279022,0.4473415017127991,0.1171645000576973,0.4228890538215637,0.1490592062473297,0.4436844289302826,0.12376081943511963,0.44276517629623413,0.15834355354309082,0.44569239020347595,0.11684133857488632,0.6020907163619995,0.16678182780742645,0.6293546557426453,0.10877181589603424,0.8122360110282898,0.16751940548419952,0.8174475431442261,0.10933418571949005,0.8495938777923584,0.1599428951740265,0.8545408248901367,0.10777637362480164,0.8473843336105347,0.17869020998477936,0.879352331161499,0
0.0,0.0,0.0,0.0,0.0,0.0,0.0,0.0,0.0,0.0,0.0,0.0,0.0,0.0,0.0,0.0,0.0,0.0,0.0,0.0,0.0,0.0,0.0,0.0,0.0,0.0,0.0,0.0,0.0,0.0,0.0,0.0,0.0,0.0,0.0,0.0,0.0,0.0,0.0,0.0,0.0,0.0,0.0,0.0,0.0,0.0,0.0,0.0,0.0,0.0,0.0,0.0,0.0,0.0,0.0,0.0,0.0,0.0,0.0,0.0,0.0,0.0,0.0,0.0,0.0,0.0,0
0.0,0.0,0.0,0.0,0.0,0.0,0.0,0.0,0.0,0.0,0.0,0.0,0.0,0.0,0.0,0.0,0.0,0.0,0.0,0.0,0.0,0.0,0.0,0.0,0.0,0.0,0.0,0.0,0.0,0.0,0.0,0.0,0.0,0.0,0.0,0.0,0.0,0.0,0.0,0.0,0.0,0.0,0.0,0.0,0.0,0.0,0.0,0.0,0.0,0.0,0.0,0.0,0.0,0.0,0.0,0.0,0.0,0.0,0.0,0.0,0.0,0.0,0.0,0.0,0.0,0.0,0
0.0,0.0,0.0,0.0,0.0,0.0,0.0,0.0,0.0,0.0,0.0,0.0,0.0,0.0,0.0,0.0,0.0,0.0,0.0,0.0,0.0,0.0,0.0,0.0,0.0,0.0,0.0,0.0,0.0,0.0,0.0,0.0,0.0,0.0,0.0,0.0,0.0,0.0,0.0,0.0,0.0,0.0,0.0,0.0,0.0,0.0,0.0,0.0,0.0,0.0,0.0,0.0,0.0,0.0,0.0,0.0,0.0,0.0,0.0,0.0,0.0,0.0,0.0,0.0,0.0,0.0,0
0.0,0.0,0.0,0.0,0.0,0.0,0.0,0.0,0.0,0.0,0.0,0.0,0.0,0.0,0.0,0.0,0.0,0.0,0.0,0.0,0.0,0.0,0.0,0.0,0.0,0.0,0.0,0.0,0.0,0.0,0.0,0.0,0.0,0.0,0.0,0.0,0.0,0.0,0.0,0.0,0.0,0.0,0.0,0.0,0.0,0.0,0.0,0.0,0.0,0.0,0.0,0.0,0.0,0.0,0.0,0.0,0.0,0.0,0.0,0.0,0.0,0.0,0.0,0.0,0.0,0.0,0
0.0,0.0,0.0,0.0,0.0,0.0,0.0,0.0,0.0,0.0,0.0,0.0,0.0,0.0,0.0,0.0,0.0,0.0,0.0,0.0,0.0,0.0,0.0,0.0,0.0,0.0,0.0,0.0,0.0,0.0,0.0,0.0,0.0,0.0,0.0,0.0,0.0,0.0,0.0,0.0,0.0,0.0,0.0,0.0,0.0,0.0,0.0,0.0,0.0,0.0,0.0,0.0,0.0,0.0,0.0,0.0,0.0,0.0,0.0,0.0,0.0,0.0,0.0,0.0,0.0,0.0,0
0.0,0.0,0.0,0.0,0.0,0.0,0.0,0.0,0.0,0.0,0.0,0.0,0.0,0.0,0.0,0.0,0.0,0.0,0.0,0.0,0.0,0.0,0.0,0.0,0.0,0.0,0.0,0.0,0.0,0.0,0.0,0.0,0.0,0.0,0.0,0.0,0.0,0.0,0.0,0.0,0.0,0.0,0.0,0.0,0.0,0.0,0.0,0.0,0.0,0.0,0.0,0.0,0.0,0.0,0.0,0.0,0.0,0.0,0.0,0.0,0.0,0.0,0.0,0.0,0.0,0.0,0
0.0,0.0,0.0,0.0,0.0,0.0,0.0,0.0,0.0,0.0,0.0,0.0,0.0,0.0,0.0,0.0,0.0,0.0,0.0,0.0,0.0,0.0,0.0,0.0,0.0,0.0,0.0,0.0,0.0,0.0,0.0,0.0,0.0,0.0,0.0,0.0,0.0,0.0,0.0,0.0,0.0,0.0,0.0,0.0,0.0,0.0,0.0,0.0,0.0,0.0,0.0,0.0,0.0,0.0,0.0,0.0,0.0,0.0,0.0,0.0,0.0,0.0,0.0,0.0,0.0,0.0,0
0.0,0.0,0.0,0.0,0.0,0.0,0.0,0.0,0.0,0.0,0.0,0.0,0.0,0.0,0.0,0.0,0.0,0.0,0.0,0.0,0.0,0.0,0.0,0.0,0.0,0.0,0.0,0.0,0.0,0.0,0.0,0.0,0.0,0.0,0.0,0.0,0.0,0.0,0.0,0.0,0.0,0.0,0.0,0.0,0.0,0.0,0.0,0.0,0.0,0.0,0.0,0.0,0.0,0.0,0.0,0.0,0.0,0.0,0.0,0.0,0.0,0.0,0.0,0.0,0.0,0.0,0
0.0,0.0,0.0,0.0,0.0,0.0,0.0,0.0,0.0,0.0,0.0,0.0,0.0,0.0,0.0,0.0,0.0,0.0,0.0,0.0,0.0,0.0,0.0,0.0,0.0,0.0,0.0,0.0,0.0,0.0,0.0,0.0,0.0,0.0,0.0,0.0,0.0,0.0,0.0,0.0,0.0,0.0,0.0,0.0,0.0,0.0,0.0,0.0,0.0,0.0,0.0,0.0,0.0,0.0,0.0,0.0,0.0,0.0,0.0,0.0,0.0,0.0,0.0,0.0,0.0,0.0,0
0.6515848636627197,0.18431079387664795,0.6559174656867981,0.17126989364624023,0.6581559777259827,0.17163467407226562,0.6602799892425537,0.17202019691467285,0.6504480838775635,0.17085453867912292,0.6490349173545837,0.17104965448379517,0.6476210355758667,0.1713695228099823,0.664537787437439,0.18127349019050598,0.6469606757164001,0.18001911044120789,0.6559458374977112,0.20308753848075867,0.6489911079406738,0.20073837041854858,0.6850599646568298,0.2826763689517975,0.6293074488639832,0.27294808626174927,0.695435643196106,0.37940514087677,0.6145150065422058,0.3693334460258484,0.6970033645629883,0.4625599980354309,0.6204302310943604,0.45565998554229736,0.7000393271446228,0.48717617988586426,0.6185786128044128,0.4864402413368225,0.6974751949310303,0.48084065318107605,0.6215041875839233,0.4767453968524933,0.6961433291435242,0.4759170711040497,0.6238682866096497,0.46841883659362793,0.6716945767402649,0.4905959665775299,0.6358495354652405,0.49564629793167114,0.6813216805458069,0.6134195327758789,0.633472740650177,0.6528319120407104,0.6711505651473999,0.7557539939880371,0.6290469169616699,0.772437572479248,0.6669707894325256,0.7671478986740112,0.630506694316864,0.7869563698768616,0.6751711964607239,0.8151904344558716,0.6251265406608582,0.8366584181785583,0
0.6523756384849548,0.1845407485961914,0.6563464403152466,0.17343446612358093,0.658622682094574,0.17394524812698364,0.6606680154800415,0.17448249459266663,0.6510836482048035,0.17279547452926636,0.6496769189834595,0.172809898853302,0.648364782333374,0.17311596870422363,0.664478063583374,0.18096739053726196,0.6479679346084595,0.17948424816131592,0.6565737724304199,0.20119179785251617,0.6498262286186218,0.2003624439239502,0.6855250597000122,0.2813614010810852,0.6304599046707153,0.27226221561431885,0.6969510912895203,0.3728196918964386,0.6177046895027161,0.367170125246048,0.699901282787323,0.4482972323894501,0.6192569136619568,0.4533846080303192,0.7022173404693604,0.4758819341659546,0.6170170307159424,0.47927290201187134,0.7003093361854553,0.47567451000213623,0.6209467649459839,0.47545692324638367,0.6981320381164551,0.4626251757144928,0.6236788630485535,0.46895045042037964,0.6703128218650818,0.48167213797569275,0.6395154595375061,0.47425606846809387,0.6724319458007812,0.6273225545883179,0.6368921399116516,0.6262426376342773,0.6720636487007141,0.7621493935585022,0.6363151669502258,0.7463324069976807,0.670241117477417,0.7804402709007263,0.6386201977729797,0.7705562114715576,0.672527551651001,0.8137557506561279,0.6283518671989441,0.8012515306472778,0
0.0,0.0,0.0,0.0,0.0,0.0,0.0,0.0,0.0,0.0,0.0,0.0,0.0,0.0,0.0,0.0,0.0,0.0,0.0,0.0,0.0,0.0,0.0,0.0,0.0,0.0,0.0,0.0,0.0,0.0,0.0,0.0,0.0,0.0,0.0,0.0,0.0,0.0,0.0,0.0,0.0,0.0,0.0,0.0,0.0,0.0,0.0,0.0,0.0,0.0,0.0,0.0,0.0,0.0,0.0,0.0,0.0,0.0,0.0,0.0,0.0,0.0,0.0,0.0,0.0,0.0,0
0.14806734025478363,0.13230443000793457,0.1471022516489029,0.11968773603439331,0.14654240012168884,0.11968287825584412,0.14576731622219086,0.11998319625854492,0.149899423122406,0.11915117502212524,0.1508946269750595,0.11879193782806396,0.1518242210149765,0.11866667866706848,0.14211587607860565,0.12882518768310547,0.15358851850032806,0.12712588906288147,0.14732040464878082,0.14878001809120178,0.15044087171554565,0.14847955107688904,0.11739856004714966,0.22493016719818115,0.1860351711511612,0.224850594997406,0.10572345554828644,0.365278035402298,0.19697102904319763,0.3682194650173187,0.12038810551166534,0.4472660422325134,0.19356322288513184,0.4413785934448242,0.13808482885360718,0.4775030314922333,0.1945362091064453,0.46421927213668823,0.13999517261981964,0.4727012813091278,0.1857113242149353,0.45765969157218933,0.1393052041530609,0.4649173319339752,0.18435050547122955,0.4507771134376526,0.13401588797569275,0.4886585474014282,0.17052176594734192,0.4868429899215698,0.13591580092906952,0.66202712059021,0.1646897792816162,0.6501315236091614,0.1420171707868576,0.8296136260032654,0.15384653210639954,0.8285562992095947,0.1437772512435913,0.8565768003463745,0.15001265704631805,0.8566933870315552,0.13232344388961792,0.8379610776901245,0.15751603245735168,0.8606851100921631,0
0.6519172191619873,0.17478379607200623,0.6561170816421509,0.16289806365966797,0.6587059497833252,0.16315177083015442,0.6612637042999268,0.16371005773544312,0.651161253452301,0.1634288728237152,0.6500534415245056,0.1638825237751007,0.6491585969924927,0.16448089480400085,0.6663517355918884,0.17095139622688293,0.6497960090637207,0.17115098237991333,0.6573793888092041,0.19249150156974792,0.6502715349197388,0.19199424982070923,0.691338837146759,0.2797016501426697,0.6339244842529297,0.26852473616600037,0.7001165747642517,0.3783748149871826,0.6224229335784912,0.3733488917350769,0.7045394778251648,0.45968931913375854,0.622543215751648,0.4484090805053711,0.7078817486763,0.48179352283477783,0.6195915937423706,0.47766169905662537,0.7042108178138733,0.4809044599533081,0.624088704586029,0.4728670120239258,0.7026020884513855,0.4764154553413391,0.6257497072219849,0.46346715092658997,0.6737486124038696,0.48587867617607117,0.6404339075088501,0.4836668074131012,0.6745193600654602,0.6461971402168274,0.6393805146217346,0.6430148482322693,0.6736457347869873,0.7736293077468872,0.6420201659202576,0.7752009034156799,0.6697893738746643,0.7915488481521606,0.6422978043556213,0.7943745851516724,0.6753383874893188,0.8229681253433228,0.6341000199317932,0.8263660669326782,0
0.0,0.0,0.0,0.0,0.0,0.0,0.0,0.0,0.0,0.0,0.0,0.0,0.0,0.0,0.0,0.0,0.0,0.0,0.0,0.0,0.0,0.0,0.0,0.0,0.0,0.0,0.0,0.0,0.0,0.0,0.0,0.0,0.0,0.0,0.0,0.0,0.0,0.0,0.0,0.0,0.0,0.0,0.0,0.0,0.0,0.0,0.0,0.0,0.0,0.0,0.0,0.0,0.0,0.0,0.0,0.0,0.0,0.0,0.0,0.0,0.0,0.0,0.0,0.0,0.0,0.0,0
0.6538336873054504,0.17462843656539917,0.6578981876373291,0.16120857000350952,0.6604595184326172,0.16159343719482422,0.662831723690033,0.16197603940963745,0.6523851156234741,0.16113170981407166,0.6509466171264648,0.1615234911441803,0.6495454907417297,0.1620694398880005,0.6674225926399231,0.16844496130943298,0.6494128108024597,0.16935157775878906,0.6589161157608032,0.19330745935440063,0.6516380906105042,0.1928805410861969,0.6909669637680054,0.27274543046951294,0.6336296200752258,0.26999711990356445,0.7013230323791504,0.36721497774124146,0.6211999654769897,0.37726759910583496,0.7030014395713806,0.45963865518569946,0.622630774974823,0.4470866322517395,0.7053455710411072,0.4844517707824707,0.6192454099655151,0.4739396274089813,0.702401340007782,0.4822659492492676,0.6241647005081177,0.4653228223323822,0.7006040215492249,0.47175347805023193,0.6259928345680237,0.45810770988464355,0.675889790058136,0.48988568782806396,0.6414225697517395,0.49535468220710754,0.6872251629829407,0.6300009489059448,0.6447493433952332,0.6577017307281494,0.6812180280685425,0.7550884485244751,0.6461415886878967,0.7907170653343201,0.6737933158874512,0.774503231048584,0.6459377408027649,0.8052636384963989,0.683315098285675,0.8114681243896484,0.6417722702026367,0.8497546911239624,0
0.14882980287075043,0.12474173307418823,0.14959648251533508,0.10826590657234192,0.14652587473392487,0.10744401812553406,0.14573527872562408,0.10702025890350342,0.1520887166261673,0.10871070623397827,0.15401984751224518,0.10843250155448914,0.15510061383247375,0.10814651846885681,0.14717411994934082,0.11529922485351562,0.15662972629070282,0.11611956357955933,0.14827023446559906,0.14362919330596924,0.1527380794286728,0.14385578036308289,0.11963776499032974,0.22731295228004456,0.1879815012216568,0.21991953253746033,0.12188597023487091,0.3932874798774719,0.19620296359062195,0.363778293132782,0.13834086060523987,0.45593127608299255,0.1830407679080963,0.44503194093704224,0.14047253131866455,0.4698280096054077,0.1795026957988739,0.4790076017379761,0.14388443529605865,0.46918848156929016,0.17607815563678741,0.4792986512184143,0.14425045251846313,0.4654151201248169,0.17577332258224487,0.47282472252845764,0.1430542916059494,0.5079265236854553,0.17600496113300323,0.49930340051651,0.13592879474163055,0.7023487091064453,0.16365885734558105,0.6917207837104797,0.129825621843338,0.8515397906303406,0.14923983812332153,0.8507524728775024,0.13052022457122803,0.8743225932121277,0.14738516509532928,0.8762509822845459,0.12029799073934555,0.8775680065155029,0.14425557851791382,0.8763216137886047,0
0.654056191444397,0.16805505752563477,0.6585280895233154,0.15316155552864075,0.6612449288368225,0.15331900119781494,0.6636430025100708,0.15348514914512634,0.6524161100387573,0.15389424562454224,0.6509107947349548,0.15433356165885925,0.649429440498352,0.15476450324058533,0.6680627465248108,0.1613428294658661,0.6493698954582214,0.16255247592926025,0.6594563722610474,0.18694645166397095,0.6519781947135925,0.18652001023292542,0.6928229928016663,0.2699201703071594,0.6328169107437134,0.26901599764823914,0.7033553719520569,0.363830029964447,0.6205986142158508,0.3774071931838989,0.703850269317627,0.4530000388622284,0.6225796937942505,0.44499051570892334,0.7057300806045532,0.4802616834640503,0.6195653080940247,0.47182440757751465,0.7032637596130371,0.4763827323913574,0.6231473088264465,0.46198371052742004,0.7011204361915588,0.4656812846660614,0.6245421171188354,0.45701146125793457,0.6759679317474365,0.49721676111221313,0.6406850218772888,0.4988640248775482,0.6837206482887268,0.6533942818641663,0.6445889472961426,0.6712712049484253,0.6860257983207703,0.7759760022163391,0.6449094414710999,0.8060979843139648,0.6830093860626221,0.7909006476402283,0.6455726027488708,0.8217986822128296,0.6918171644210815,0.8268924951553345,0.6381730437278748,0.8632279634475708,0
0.6529675126075745,0.16571375727653503,0.6570007801055908,0.15074807405471802,0.6597034931182861,0.15066102147102356,0.6622698307037354,0.1506635844707489,0.6515557765960693,0.1518029272556305,0.6501498818397522,0.15236413478851318,0.6487872004508972,0.15280002355575562,0.6670886278152466,0.15744367241859436,0.6494337320327759,0.15966451168060303,0.6582434177398682,0.18416094779968262,0.6511974334716797,0.18436875939369202,0.6921697854995728,0.2671215534210205,0.6338131427764893,0.2641795575618744,0.7016981244087219,0.3592684864997864,0.622765839099884,0.36232495307922363,0.7012684345245361,0.45081695914268494,0.6217373013496399,0.44591236114501953,0.7034187316894531,0.4754384458065033,0.6184115409851074,0.4720059633255005,0.6997425556182861,0.470196396112442,0.6216403245925903,0.4707981050014496,0.6987898349761963,0.46466466784477234,0.6251917481422424,0.4580829441547394,0.6766586303710938,0.48957693576812744,0.6431185007095337,0.4975299835205078,0.684770405292511,0.6193729043006897,0.6483096480369568,0.6571135520935059,0.6851993799209595,0.7404782176017761,0.6495961546897888,0.7989213466644287,0.6824238300323486,0.7556103467941284,0.6526927947998047,0.8173073530197144,0.6868014335632324,0.7903907299041748,0.634728729724884,0.8511961102485657,0
0.6536576151847839,0.16281676292419434,0.657875657081604,0.14778077602386475,0.6603368520736694,0.1477469801902771,0.662602424621582,0.14776396751403809,0.6515353322029114,0.1487327218055725,0.6500136256217957,0.14939966797828674,0.648556649684906,0.1500040590763092,0.6670426726341248,0.1559341847896576,0.6488684415817261,0.15903118252754211,0.6590299010276794,0.18081504106521606,0.651637852191925,0.18196961283683777,0.6916348934173584,0.2625468969345093,0.631807804107666,0.2651752531528473,0.703414261341095,0.3507130444049835,0.6178823709487915,0.36385536193847656,0.7011078596115112,0.4397452771663666,0.6209269165992737,0.44423696398735046,0.702314019203186,0.46958300471305847,0.6180352568626404,0.4669302999973297,0.698400616645813,0.4640973210334778,0.6237838268280029,0.46635887026786804,0.6976044178009033,0.4536518454551697,0.6252228021621704,0.4539073705673218,0.6770055890083313,0.4802764356136322,0.6416489481925964,0.4905818998813629,0.6962306499481201,0.5933660268783569,0.6493108868598938,0.6477636098861694,0.6977802515029907,0.7306192517280579,0.6471267342567444,0.7988059520721436,0.6920808553695679,0.7461819648742676,0.6503458023071289,0.815650224685669,0.7007012963294983,0.7802680730819702,0.6438952088356018,0.8487277030944824,0
0.6519184112548828,0.16143018007278442,0.6559380292892456,0.14668738842010498,0.6583144068717957,0.14673349261283875,0.6606088876724243,0.14679929614067078,0.650810956954956,0.1475987732410431,0.6494665741920471,0.1481635570526123,0.648193895816803,0.1487215757369995,0.6657058596611023,0.1540502905845642,0.6489993333816528,0.15658482909202576,0.6565604209899902,0.17921152710914612,0.6502410769462585,0.1796596348285675,0.691343367099762,0.2600497603416443,0.6331061720848083,0.2618637681007385,0.7026546001434326,0.35489422082901,0.6201987862586975,0.36483335494995117,0.6996405124664307,0.4461857080459595,0.6220049858093262,0.442656934261322,0.7007284164428711,0.47029638290405273,0.6186076402664185,0.47297197580337524,0.6977200508117676,0.4666939377784729,0.6236304044723511,0.46833860874176025,0.6958425641059875,0.46010661125183105,0.6256828308105469,0.455064982175827,0.6761329174041748,0.48090672492980957,0.6418651342391968,0.4857141375541687,0.6915779113769531,0.6048108339309692,0.6452498435974121,0.6552273035049438,0.6924174427986145,0.7178972959518433,0.6497735977172852,0.8011066913604736,0.6900149583816528,0.7383017539978027,0.6529328227043152,0.823166012763977,0.6946162581443787,0.7790029644966125,0.6341797113418579,0.850304365158081,0
0.6516136527061462,0.15842419862747192,0.6560392379760742,0.14344879984855652,0.6584656834602356,0.14306914806365967,0.6607912182807922,0.14274802803993225,0.6500169634819031,0.14489436149597168,0.648647665977478,0.14572224020957947,0.6473199129104614,0.1464756727218628,0.6655349135398865,0.15091514587402344,0.6482383608818054,0.15533655881881714,0.65700763463974,0.17650622129440308,0.6500861644744873,0.17737218737602234,0.6909881234169006,0.26008325815200806,0.6311547756195068,0.261849582195282,0.7032607793807983,0.3549951910972595,0.6176072359085083,0.3674805760383606,0.6978555917739868,0.4481719136238098,0.6215474009513855,0.45307260751724243,0.6987716555595398,0.472927063703537,0.6210730671882629,0.48359885811805725,0.6952921748161316,0.468835711479187,0.6244882345199585,0.47911855578422546,0.6939248442649841,0.4624978303909302,0.626134991645813,0.4663908779621124,0.6754871010780334,0.4871200919151306,0.6424528956413269,0.49375787377357483,0.6884371638298035,0.6194531917572021,0.6491265892982483,0.6646082401275635,0.6934792399406433,0.734862744808197,0.6505222320556641,0.813244104385376,0.691571831703186,0.7474198937416077,0.6531097292900085,0.8409615755081177,0.6964176893234253,0.783934473991394,0.6395857334136963,0.8680301904678345,0
0.6498638391494751,0.1584397852420807,0.6538714170455933,0.1428402066230774,0.6564368009567261,0.1426047682762146,0.6588400602340698,0.14242205023765564,0.6486667394638062,0.14421722292900085,0.6474003791809082,0.1447439193725586,0.6461879014968872,0.1453039050102234,0.664109468460083,0.14902448654174805,0.6477032899856567,0.1532537341117859,0.655301570892334,0.17680436372756958,0.6487539410591125,0.17666810750961304,0.6907573342323303,0.2536693215370178,0.6332319378852844,0.2566583752632141,0.7030206322669983,0.36050882935523987,0.6211298704147339,0.3628871440887451,0.6965217590332031,0.44725501537323,0.6230278015136719,0.4492396116256714,0.6963417530059814,0.4747721552848816,0.6185524463653564,0.47891518473625183,0.6928382515907288,0.4704010784626007,0.6231510639190674,0.4770347774028778,0.6916683912277222,0.4595959782600403,0.6251539587974548,0.4627068042755127,0.6760513186454773,0.4799395203590393,0.6429174542427063,0.4855450391769409,0.6888867616653442,0.6243221759796143,0.6472411155700684,0.6507039666175842,0.694757342338562,0.732304573059082,0.6505560874938965,0.8061643838882446,0.6929264664649963,0.7447800040245056,0.6527202725410461,0.8243776559829712,0.6961479783058167,0.781494140625,0.6364369988441467,0.8517900705337524,0
0.6481320261955261,0.15222430229187012,0.652209997177124,0.13889598846435547,0.654535710811615,0.13858798146247864,0.6569353342056274,0.13843119144439697,0.6477408409118652,0.1403072476387024,0.6465497612953186,0.1409105658531189,0.6456769704818726,0.14164364337921143,0.6628279089927673,0.1456649899482727,0.6472020745277405,0.14892840385437012,0.65342777967453,0.16963300108909607,0.6471647024154663,0.17051666975021362,0.6905445456504822,0.25125569105148315,0.6334876418113708,0.25476089119911194,0.7021504044532776,0.3562109172344208,0.6228483319282532,0.36485755443573,0.6954759359359741,0.44482025504112244,0.6217759251594543,0.44574597477912903,0.6949554085731506,0.47278523445129395,0.6183772683143616,0.48204341530799866,0.6910050511360168,0.46797022223472595,0.6227874159812927,0.4773496091365814,0.6903914213180542,0.456967294216156,0.62494295835495,0.4629902243614197,0.6750813126564026,0.4787980616092682,0.6413643956184387,0.4827553629875183,0.6837948560714722,0.6317760348320007,0.6492365002632141,0.6574466824531555,0.6894651651382446,0.7501077651977539,0.6505486965179443,0.8117900490760803,0.6881258487701416,0.7653749585151672,0.6540085673332214,0.8304312229156494,0.6925172805786133,0.7962369918823242,0.6348644495010376,0.8560808897018433,0
0.6481606960296631,0.14896848797798157,0.6521374583244324,0.1353922188282013,0.6546428203582764,0.13495618104934692,0.6572533845901489,0.13473030924797058,0.6476545333862305,0.13703808188438416,0.646685004234314,0.13750788569450378,0.6457485556602478,0.13798904418945312,0.6633491516113281,0.1423235833644867,0.6468807458877563,0.14469194412231445,0.652873694896698,0.16540154814720154,0.6467341780662537,0.16753992438316345,0.6908373236656189,0.25457969307899475,0.6298637390136719,0.2520829737186432,0.7015682458877563,0.3615826368331909,0.6204788684844971,0.361708402633667,0.6930596828460693,0.45280224084854126,0.6226222515106201,0.4522864520549774,0.6925332546234131,0.4850500822067261,0.619385838508606,0.483809232711792,0.6885121464729309,0.4743765592575073,0.6247376799583435,0.4756072759628296,0.6876249313354492,0.4680578410625458,0.6266644597053528,0.4668804705142975,0.6721590161323547,0.48029249906539917,0.6393731832504272,0.4845188856124878,0.6854926943778992,0.6208664774894714,0.6440757513046265,0.6551797986030579,0.6912708282470703,0.73444664478302,0.6481105089187622,0.8169279098510742,0.6894732117652893,0.7486046552658081,0.6508182287216187,0.8343498706817627,0.6950696706771851,0.7880645990371704,0.634788453578949,0.8592729568481445,0
0.6478564739227295,0.14208728075027466,0.6517032384872437,0.12788328528404236,0.6546086668968201,0.12766140699386597,0.6574982404708862,0.12760692834854126,0.6457176208496094,0.12915951013565063,0.6442657709121704,0.1299590766429901,0.6431043744087219,0.13079091906547546,0.6625441908836365,0.13464730978012085,0.6430965662002563,0.13838350772857666,0.6537318825721741,0.16033056378364563,0.6459290385246277,0.16204574704170227,0.6902638673782349,0.24993030726909637,0.628101110458374,0.24884115159511566,0.6947281956672668,0.3694688677787781,0.6187565326690674,0.37096312642097473,0.6891267895698547,0.45520612597465515,0.6253881454467773,0.45332080125808716,0.6878367066383362,0.48712778091430664,0.6225442290306091,0.48471713066101074,0.685393214225769,0.4817141592502594,0.6251083612442017,0.4751066267490387,0.684833288192749,0.4690169095993042,0.6295650005340576,0.4687839448451996,0.6722820401191711,0.4827081561088562,0.6390724778175354,0.4887581467628479,0.6863366365432739,0.6341418623924255,0.6477096676826477,0.6694676280021667,0.6957542896270752,0.7584433555603027,0.6502629518508911,0.8197975158691406,0.694880485534668,0.7740170955657959,0.6530006527900696,0.8449019193649292,0.6985872387886047,0.8157620429992676,0.6353093981742859,0.8768948912620544,0
0.6444281339645386,0.13821923732757568,0.6483216881752014,0.1238049864768982,0.6509854793548584,0.12352904677391052,0.6537905335426331,0.12341707944869995,0.6433367133140564,0.12483072280883789,0.6422697305679321,0.12547487020492554,0.6413118243217468,0.12610721588134766,0.6601399183273315,0.13069117069244385,0.6421986818313599,0.13319316506385803,0.6495620012283325,0.15576794743537903,0.6428346633911133,0.1577475666999817,0.6887879371643066,0.2423003911972046,0.626451313495636,0.2471979558467865,0.6978423595428467,0.35192787647247314,0.6181524395942688,0.36095041036605835,0.6893834471702576,0.44883084297180176,0.6210494637489319,0.4558042883872986,0.6877872943878174,0.4815070331096649,0.6179689168930054,0.48857080936431885,0.6851840615272522,0.47616279125213623,0.6229041814804077,0.4805922508239746,0.6823939085006714,0.46448230743408203,0.6243648529052734,0.47157490253448486,0.6726258993148804,0.4732113480567932,0.6386889815330505,0.4800918996334076,0.687439501285553,0.6025426983833313,0.6450254917144775,0.6615235805511475,0.6899214386940002,0.7219098806381226,0.6492372155189514,0.8218539953231812,0.6880048513412476,0.7400988340377808,0.6534144878387451,0.8431417942047119,0.6922485828399658,0.7848562598228455,0.6365159749984741,0.8722463846206665,0
0.642373263835907,0.13763567805290222,0.6461700797080994,0.12214505672454834,0.6486824154853821,0.12189894914627075,0.6514390707015991,0.12164756655693054,0.6413940787315369,0.12342983484268188,0.6404287219047546,0.12397357821464539,0.6394788026809692,0.12464272975921631,0.6578294038772583,0.1276305913925171,0.6404321193695068,0.13239291310310364,0.6469698548316956,0.1560778021812439,0.6413171291351318,0.15622049570083618,0.6866613030433655,0.23730172216892242,0.6269927620887756,0.239238440990448,0.6954980492591858,0.3576287627220154,0.6153737306594849,0.34915363788604736,0.6908878684043884,0.4438392221927643,0.6215397715568542,0.42162764072418213,0.6893560290336609,0.4727555215358734,0.6200360059738159,0.4503895938396454,0.686879575252533,0.46674469113349915,0.6236124038696289,0.4327002167701721,0.6865586042404175,0.4555489122867584,0.6294846534729004,0.41534551978111267,0.6701081991195679,0.47131574153900146,0.6370946168899536,0.47511550784111023,0.6808733344078064,0.644396185874939,0.6447758674621582,0.6559567451477051,0.6882157921791077,0.7740405797958374,0.6488379240036011,0.8150537610054016,0.687355637550354,0.7909179925918579,0.6524035334587097,0.8356921672821045,0.6888757348060608,0.8292689323425293,0.6345244646072388,0.8614481091499329,0
0.6429035067558289,0.1351831555366516,0.6463846564292908,0.11855393648147583,0.6490459442138672,0.11807519197463989,0.6518951058387756,0.11770424246788025,0.6408353447914124,0.1197824776172638,0.6394796967506409,0.12024810910224915,0.6383374333381653,0.1209205687046051,0.6576707363128662,0.12468951940536499,0.6389895677566528,0.12861421704292297,0.6482118964195251,0.15333306789398193,0.641697883605957,0.15327739715576172,0.6858161687850952,0.23226167261600494,0.6261039972305298,0.23596066236495972,0.6953526735305786,0.34919947385787964,0.6176695823669434,0.35144221782684326,0.6888324022293091,0.44588205218315125,0.6200719475746155,0.4378754794597626,0.691459059715271,0.47502070665359497,0.6151588559150696,0.4707864224910736,0.6866082549095154,0.4695321321487427,0.6197660565376282,0.46702709794044495,0.6853989362716675,0.45839521288871765,0.6213503479957581,0.45262888073921204,0.6684680581092834,0.47121286392211914,0.6354283690452576,0.47209009528160095,0.6876423358917236,0.6224708557128906,0.6438279151916504,0.651823878288269,0.6991682052612305,0.7494822144508362,0.6513900756835938,0.8161846399307251,0.6977840662002563,0.7655609846115112,0.657273530960083,0.840306282043457,0.7040944695472717,0.8069115877151489,0.6365795731544495,0.871854841709137,0
0.6396977305412292,0.1258184015750885,0.6434720754623413,0.10866883397102356,0.6462311744689941,0.10846173763275146,0.6490867137908936,0.1083846390247345,0.638124406337738,0.10982915759086609,0.6368634104728699,0.11026376485824585,0.6358542442321777,0.11080849170684814,0.6552980542182922,0.11674314737319946,0.6368188858032227,0.1200360655784607,0.6451984643936157,0.14230448007583618,0.6385184526443481,0.1432034969329834,0.6850986480712891,0.22607766091823578,0.6233735680580139,0.23267431557178497,0.6969171762466431,0.35221466422080994,0.6159887909889221,0.3504994213581085,0.6893982887268066,0.44108039140701294,0.6174890995025635,0.43887025117874146,0.6883443593978882,0.4700947701931,0.6146376729011536,0.4724982678890228,0.6857748627662659,0.4633646011352539,0.616699755191803,0.46999886631965637,0.68280029296875,0.45174163579940796,0.6204566359519958,0.4553011953830719,0.6701513528823853,0.46677055954933167,0.6352552771568298,0.4780676066875458,0.6938563585281372,0.6147063374519348,0.6401041746139526,0.6616564989089966,0.7042635083198547,0.7464585304260254,0.6485788822174072,0.8260363936424255,0.7021084427833557,0.7629475593566895,0.6522427201271057,0.8447889685630798,0.7082881927490234,0.7983769774436951,0.6354390382766724,0.8799956440925598,0
0.6360747218132019,0.11895373463630676,0.640001118183136,0.10442027449607849,0.6420508027076721,0.1041734516620636,0.6443125605583191,0.10405081510543823,0.6364030838012695,0.10559815168380737,0.6357780694961548,0.10594075918197632,0.6351442337036133,0.10623961687088013,0.652532160282135,0.11336210370063782,0.6371870040893555,0.11327201128005981,0.6394282579421997,0.13612863421440125,0.6352514028549194,0.13802722096443176,0.6842155456542969,0.22517070174217224,0.6229410767555237,0.22971391677856445,0.6946481466293335,0.33980682492256165,0.614990234375,0.3496510982513428,0.689594030380249,0.43793368339538574,0.6161520481109619,0.4425869584083557,0.6888970732688904,0.4674002230167389,0.6133255958557129,0.47636523842811584,0.6863941550254822,0.4623991549015045,0.6176764369010925,0.47358521819114685,0.6835552453994751,0.4559740722179413,0.6194478273391724,0.4597492814064026,0.6661770343780518,0.4624477028846741,0.6328239440917969,0.46930545568466187,0.6857033371925354,0.5891150236129761,0.6413465142250061,0.6486349105834961,0.6950192451477051,0.7143045663833618,0.6498987674713135,0.8140629529953003,0.6940571069717407,0.7274686098098755,0.6541272401809692,0.840737521648407,0.6989696025848389,0.760872483253479,0.6345321536064148,0.8693169951438904,0
0.6344271302223206,0.11734047532081604,0.6382349133491516,0.1026921272277832,0.640772819519043,0.10242292284965515,0.6436084508895874,0.10214412212371826,0.6337887048721313,0.10393726825714111,0.6327530741691589,0.10466393828392029,0.6317899227142334,0.10552167892456055,0.6512359380722046,0.10885077714920044,0.6337212324142456,0.11395496129989624,0.6398751735687256,0.13720294833183289,0.6339097023010254,0.13719674944877625,0.6840903759002686,0.21997448801994324,0.6209378242492676,0.2299087643623352,0.6971786618232727,0.33846235275268555,0.6131138801574707,0.3474832773208618,0.6941623687744141,0.4374491572380066,0.6157737970352173,0.44533443450927734,0.6943971514701843,0.46835631132125854,0.6134605407714844,0.4814780652523041,0.6907573938369751,0.4618295431137085,0.6180950403213501,0.47167620062828064,0.6889186501502991,0.4508287310600281,0.6195801496505737,0.46086567640304565,0.6709123253822327,0.46280401945114136,0.6339008212089539,0.4756298363208771,0.6832658052444458,0.6310075521469116,0.6392999887466431,0.6612941026687622,0.6907056570053101,0.7644952535629272,0.6478914618492126,0.8212312459945679,0.6889393329620361,0.7815430760383606,0.6506207585334778,0.844815194606781,0.6949889659881592,0.8244056701660156,0.6335463523864746,0.8756901025772095,0
0.6319302916526794,0.11508852243423462,0.6364424824714661,0.10134318470954895,0.6387964487075806,0.10107308626174927,0.6413970589637756,0.10091012716293335,0.6323109269142151,0.10239240527153015,0.6314599514007568,0.10284632444381714,0.6305040717124939,0.1035338044166565,0.648482084274292,0.10919418931007385,0.6326591372489929,0.11044162511825562,0.6367677450180054,0.133012592792511,0.631352424621582,0.13415363430976868,0.681371808052063,0.214573472738266,0.6202017068862915,0.2238670289516449,0.6973127126693726,0.3331722617149353,0.6133584976196289,0.34749898314476013,0.6931106448173523,0.4318845570087433,0.6136965155601501,0.4383407235145569,0.6935856938362122,0.46534982323646545,0.6122392416000366,0.4751155376434326,0.6899424195289612,0.4595130681991577,0.6164181232452393,0.46641862392425537,0.6874886751174927,0.44744816422462463,0.6176454424858093,0.4556158781051636,0.6704661250114441,0.4563523530960083,0.6349905729293823,0.46771717071533203,0.6838043928146362,0.6301078796386719,0.6388331055641174,0.6499575972557068,0.6895071268081665,0.7791953086853027,0.6492108106613159,0.8174346685409546,0.6882611513137817,0.8111132383346558,0.6537498235702515,0.8400895595550537,0.6927374005317688,0.8504860997200012,0.6346327662467957,0.868316650390625,0
0.6330747008323669,0.11228907108306885,0.6374640464782715,0.09787988662719727,0.6400296688079834,0.0974632203578949,0.6428906917572021,0.09704673290252686,0.6324613094329834,0.09887427091598511,0.6313620209693909,0.09947898983955383,0.6304599642753601,0.10022103786468506,0.6493741273880005,0.10442677140235901,0.6319421529769897,0.10821160674095154,0.6388359665870667,0.12952619791030884,0.6322835087776184,0.13024428486824036,0.6828082799911499,0.21314078569412231,0.619304895401001,0.22071850299835205,0.6966049671173096,0.3289618492126465,0.6115675568580627,0.33901745080947876,0.695440411567688,0.431026428937912,0.6132141351699829,0.4350139796733856,0.6954779028892517,0.4661470651626587,0.6117091774940491,0.46965450048446655,0.6921477317810059,0.4597684442996979,0.6154356002807617,0.463764488697052,0.6912754774093628,0.4473554491996765,0.6180594563484192,0.44955769181251526,0.6685961484909058,0.4620348811149597,0.6338227391242981,0.46802520751953125,0.6693804264068604,0.6433708667755127,0.6385403871536255,0.6536769866943359,0.6794553995132446,0.7809319496154785,0.6487550139427185,0.8155884146690369,0.6762118935585022,0.8040393590927124,0.6526640057563782,0.8428152799606323,0.6805041432380676,0.8448677062988281,0.6325449347496033,0.8702036142349243,0
0.631845235824585,0.10359165072441101,0.6358583569526672,0.08720853924751282,0.6387308239936829,0.08622568845748901,0.64163738489151,0.08534350991249084,0.6304782629013062,0.090416818857193,0.6292005181312561,0.09143930673599243,0.6280642747879028,0.0923416018486023,0.6483166813850403,0.09300172328948975,0.6296074986457825,0.09988272190093994,0.6382924914360046,0.12123996019363403,0.6311625838279724,0.1252172291278839,0.6820394992828369,0.20447027683258057,0.6186096668243408,0.21523398160934448,0.6977145075798035,0.3179926574230194,0.6104986071586609,0.3328482508659363,0.6972749829292297,0.42020919919013977,0.6118988990783691,0.43161484599113464,0.6972721219062805,0.45170941948890686,0.6103007793426514,0.4651429057121277,0.6937843561172485,0.4454464614391327,0.6152835488319397,0.4593850374221802,0.6918593645095825,0.4354640543460846,0.6166526675224304,0.44655171036720276,0.6688570976257324,0.4568421244621277,0.6335523724555969,0.46489959955215454,0.6723678112030029,0.6391486525535583,0.6375342607498169,0.6513352394104004,0.6839848756790161,0.7709977030754089,0.647198498249054,0.8194313049316406,0.6803128719329834,0.7932759523391724,0.6534072160720825,0.8398128151893616,0.6849124431610107,0.8316672444343567,0.6352729797363281,0.8767515420913696,0
0.6307201385498047,0.10049787163734436,0.6347113251686096,0.08437332510948181,0.6374578475952148,0.08336955308914185,0.6403605341911316,0.08245116472244263,0.6292348504066467,0.0873887836933136,0.6279630064964294,0.088518887758255,0.626979649066925,0.08953684568405151,0.6471831798553467,0.09037712216377258,0.6282286047935486,0.09804728627204895,0.6372493505477905,0.11716404557228088,0.6298612952232361,0.12046393752098083,0.6810435652732849,0.20233005285263062,0.6165201663970947,0.214908629655838,0.6981752514839172,0.3097619414329529,0.6079766750335693,0.33101147413253784,0.6973959803581238,0.42008844017982483,0.6103222966194153,0.4308661222457886,0.6978988647460938,0.4491219222545624,0.6101192235946655,0.4644574820995331,0.6928012371063232,0.4447419345378876,0.6155160069465637,0.4597032070159912,0.6914275288581848,0.43549758195877075,0.6168839931488037,0.4472881555557251,0.6710205674171448,0.45792365074157715,0.6350366473197937,0.4668210744857788,0.6776538491249084,0.6363060474395752,0.6382374167442322,0.6541048288345337,0.6865099668502808,0.7741669416427612,0.6445651054382324,0.8154401779174805,0.6840121150016785,0.8111063241958618,0.6482448577880859,0.839117705821991,0.6898046135902405,0.8409130573272705,0.6334704160690308,0.8711344003677368,0
0.6305380463600159,0.09861710667610168,0.6348501443862915,0.081240713596344,0.6379016637802124,0.0801757276058197,0.6408411264419556,0.07917281985282898,0.6288994550704956,0.08438599109649658,0.6274515986442566,0.08546477556228638,0.6261858344078064,0.08644059300422668,0.6474255919456482,0.08677992224693298,0.6274607181549072,0.09429004788398743,0.6372881531715393,0.11535942554473877,0.6296136975288391,0.11966463923454285,0.6817523241043091,0.2008078396320343,0.6146940588951111,0.21098127961158752,0.6976193189620972,0.315106600522995,0.6064609289169312,0.33070558309555054,0.6963761448860168,0.42097681760787964,0.6105331778526306,0.43023431301116943,0.6968304514884949,0.453964501619339,0.6111292839050293,0.4638998508453369,0.6919535398483276,0.44804856181144714,0.6162869334220886,0.45782482624053955,0.6897221207618713,0.436505526304245,0.6178569197654724,0.4454365372657776,0.6715806722640991,0.45701512694358826,0.6340151429176331,0.46434471011161804,0.6788098812103271,0.6345392465591431,0.6367542147636414,0.6465781927108765,0.6872574090957642,0.7846285104751587,0.6447042226791382,0.8129225969314575,0.6841777563095093,0.8157918453216553,0.6494966745376587,0.8341029286384583,0.6907287240028381,0.8541725873947144,0.6340838074684143,0.8665589690208435,0
0.6292823553085327,0.09920307993888855,0.6335790157318115,0.08229964971542358,0.6363415718078613,0.08116865158081055,0.6392347812652588,0.08019769191741943,0.6281906962394714,0.08553525805473328,0.626997709274292,0.08637943863868713,0.625859260559082,0.08720967173576355,0.6462582349777222,0.08701235055923462,0.6280791163444519,0.09420832991600037,0.6356406211853027,0.11555561423301697,0.6287363767623901,0.12002170085906982,0.6813578009605408,0.1969863772392273,0.6160802245140076,0.20949766039848328,0.6957396864891052,0.31632199883461,0.6078215837478638,0.32367295026779175,0.6948798298835754,0.41908520460128784,0.6113186478614807,0.42405202984809875,0.6953529119491577,0.45313411951065063,0.611220121383667,0.45754721760749817,0.691253125667572,0.4432632029056549,0.616450309753418,0.45230236649513245,0.6888334155082703,0.4346202611923218,0.6178503632545471,0.43924859166145325,0.6706335544586182,0.4521077275276184,0.6348838210105896,0.45713889598846436,0.6789905428886414,0.632758378982544,0.6365567445755005,0.6407411098480225,0.6866576075553894,0.7743911743164062,0.6450461745262146,0.8063167929649353,0.6847851276397705,0.7991025447845459,0.6485565304756165,0.8303890228271484,0.6910402774810791,0.8435664176940918,0.6310257315635681,0.8632761240005493,0
0.630086362361908,0.09483036398887634,0.6337089538574219,0.07840052247047424,0.6364621520042419,0.07725584506988525,0.6394098401069641,0.0762031078338623,0.6281217336654663,0.08237341046333313,0.6268188953399658,0.08377382159233093,0.6256738901138306,0.08509209752082825,0.6460860967636108,0.08487749099731445,0.6265658140182495,0.0939096212387085,0.6370612978935242,0.11120438575744629,0.6293973326683044,0.11588588356971741,0.6796577572822571,0.19365626573562622,0.6155554056167603,0.2103745937347412,0.6965783834457397,0.30102282762527466,0.6082379817962646,0.32198870182037354,0.6959976553916931,0.40950876474380493,0.6118083596229553,0.42303234338760376,0.6966501474380493,0.4401809871196747,0.6127111911773682,0.4548136591911316,0.6911749839782715,0.4359228014945984,0.617150068283081,0.4500744938850403,0.6895996928215027,0.42573583126068115,0.6188368201255798,0.4385892152786255,0.6721552610397339,0.4433616101741791,0.6362730860710144,0.45576125383377075,0.6853986978530884,0.6174829602241516,0.6383476257324219,0.6418872475624084,0.6920220851898193,0.7795548439025879,0.6453911066055298,0.812136173248291,0.6903700828552246,0.8047422170639038,0.6505502462387085,0.8303884267807007,0.6956281661987305,0.8453103303909302,0.6315814852714539,0.8673487901687622,0
0.6290185451507568,0.09373155236244202,0.632591187953949,0.07818645238876343,0.635285496711731,0.07711988687515259,0.6382778882980347,0.07590505480766296,0.6275111436843872,0.08095237612724304,0.6264084577560425,0.08201497793197632,0.625417172908783,0.08306342363357544,0.6454275846481323,0.08262267708778381,0.6266971230506897,0.09130951762199402,0.6356049180030823,0.1101522147655487,0.6287035942077637,0.11339890956878662,0.6809380054473877,0.19211816787719727,0.61544269323349,0.2088417410850525,0.6971402764320374,0.31572604179382324,0.606548547744751,0.3267053961753845,0.6935242414474487,0.4131848216056824,0.6128069758415222,0.4230857491493225,0.6931731104850769,0.4468201994895935,0.6133540868759155,0.45626863837242126,0.6888660788536072,0.439976304769516,0.618078351020813,0.445652037858963,0.6868801712989807,0.42785945534706116,0.6190097332000732,0.4339882731437683,0.6713653206825256,0.4484119415283203,0.636383593082428,0.4536326229572296,0.6804794073104858,0.6330685019493103,0.6374882459640503,0.6445854306221008,0.6886608004570007,0.7847706079483032,0.6446457505226135,0.8124318718910217,0.6850495934486389,0.7994208335876465,0.6483033299446106,0.8311830759048462,0.6949995160102844,0.843461811542511,0.6310823559761047,0.8696416616439819,0
0.6280115842819214,0.09368306398391724,0.6311566829681396,0.07723653316497803,0.6339683532714844,0.07564207911491394,0.6370570063591003,0.07413098216056824,0.6263676285743713,0.0808807909488678,0.6253043413162231,0.08192002773284912,0.6242735385894775,0.08297953009605408,0.6452657580375671,0.08032074570655823,0.6257922053337097,0.09088945388793945,0.6345549821853638,0.11024606227874756,0.627903938293457,0.1140231192111969,0.6813226342201233,0.19307860732078552,0.6150742769241333,0.20845946669578552,0.6987297534942627,0.3126550614833832,0.6066213250160217,0.32406696677207947,0.69147789478302,0.416268527507782,0.6140767335891724,0.41912734508514404,0.6905091404914856,0.4505435526371002,0.6142175793647766,0.4511602222919464,0.684718668460846,0.4442331790924072,0.6193525791168213,0.442884236574173,0.6840549111366272,0.4308266341686249,0.6205917596817017,0.43205752968788147,0.6729533672332764,0.44931960105895996,0.6366573572158813,0.4586365520954132,0.6792083382606506,0.6355489492416382,0.6368033289909363,0.6423037052154541,0.684421181678772,0.7847837805747986,0.6447593569755554,0.8107736110687256,0.6783270835876465,0.8041309714317322,0.6528834104537964,0.8340945839881897,0.6884140968322754,0.8543397188186646,0.6317167282104492,0.8679025173187256,0
0.6293554902076721,0.0931660532951355,0.6332114934921265,0.07692596316337585,0.6362772583961487,0.07551425695419312,0.6393771171569824,0.07441085577011108,0.6273232698440552,0.08068844676017761,0.6260228157043457,0.08184847235679626,0.6248155832290649,0.08317601680755615,0.6459469199180603,0.08084800839424133,0.6257641911506653,0.0918290913105011,0.6369000673294067,0.10985037684440613,0.6290176510810852,0.11456596851348877,0.6816564202308655,0.19070106744766235,0.6149924397468567,0.20831966400146484,0.6957716941833496,0.3169873058795929,0.6099001169204712,0.33073580265045166,0.6916370391845703,0.4156419038772583,0.6151638627052307,0.4182191491127014,0.6915143132209778,0.45195886492729187,0.6150252223014832,0.4507443606853485,0.685420036315918,0.4451697766780853,0.6192330121994019,0.442131370306015,0.6842805743217468,0.43105658888816833,0.6209888458251953,0.4302697777748108,0.6731660962104797,0.44381165504455566,0.6378057599067688,0.45043694972991943,0.6786092519760132,0.6322364211082458,0.6376526951789856,0.6413151025772095,0.6845389008522034,0.7929455041885376,0.6455814242362976,0.8121153116226196,0.6812006235122681,0.8184332847595215,0.6511216759681702,0.8321970701217651,0.690538763999939,0.8609068393707275,0.6309303045272827,0.8692682385444641,0
0.6303117275238037,0.09642952680587769,0.6340351700782776,0.07803645730018616,0.6371008157730103,0.07605493068695068,0.6399405002593994,0.07425469160079956,0.6277666687965393,0.08212202787399292,0.6263425350189209,0.08318454027175903,0.6250857710838318,0.08436369895935059,0.6460007429122925,0.07893452048301697,0.6263238787651062,0.09239634871482849,0.6381298899650574,0.11307689547538757,0.6304944157600403,0.11814215779304504,0.682613730430603,0.1862758994102478,0.6155996322631836,0.20859691500663757,0.6969038248062134,0.314880907535553,0.6116084456443787,0.32361018657684326,0.6920921802520752,0.4135873317718506,0.6163498163223267,0.4156078100204468,0.6921201348304749,0.45329827070236206,0.6153861284255981,0.44614335894584656,0.6856848001480103,0.4469963014125824,0.6202297210693359,0.4431067109107971,0.684627115726471,0.4315696954727173,0.6221776604652405,0.4314306378364563,0.6742751598358154,0.44410791993141174,0.6394566297531128,0.4520966708660126,0.6789537072181702,0.6327542066574097,0.6374925374984741,0.6385889053344727,0.682425856590271,0.796728789806366,0.646658718585968,0.8121986985206604,0.678042471408844,0.8164401650428772,0.6502336263656616,0.8355739116668701,0.6852942109107971,0.8643516302108765,0.6298745274543762,0.8671343326568604,0
0.6299089789390564,0.09386739134788513,0.6329191327095032,0.07581871747970581,0.6359758377075195,0.07451051473617554,0.6390737891197205,0.07331746816635132,0.6270474195480347,0.07981154322624207,0.625731885433197,0.08125263452529907,0.624616801738739,0.08283469080924988,0.6450523734092712,0.08028584718704224,0.6252662539482117,0.09412145614624023,0.6374894380569458,0.11245128512382507,0.6294697523117065,0.11506959795951843,0.6821273565292358,0.1876656413078308,0.6154142618179321,0.2130175679922104,0.7007482647895813,0.3202390670776367,0.6108298897743225,0.33400624990463257,0.6918358206748962,0.418972909450531,0.6168910264968872,0.4176746606826782,0.6916050910949707,0.4541859030723572,0.6156639456748962,0.450190007686615,0.6848070621490479,0.44763490557670593,0.6198257207870483,0.4448961913585663,0.6836829781532288,0.4356197416782379,0.6218623518943787,0.4321047067642212,0.6729437112808228,0.43868744373321533,0.6383187770843506,0.4494926631450653,0.675917387008667,0.6255543231964111,0.6371502876281738,0.6355140209197998,0.6854162812232971,0.795169472694397,0.6473944187164307,0.807431697845459,0.6839829683303833,0.8162530660629272,0.6529988050460815,0.8282183408737183,0.6864026784896851,0.8673096299171448,0.6327067613601685,0.8673305511474609,0
0.6295349597930908,0.10187831521034241,0.6322304010391235,0.08298110961914062,0.635200023651123,0.08173146843910217,0.6385204792022705,0.08062577247619629,0.6267138123512268,0.08651503920555115,0.6255991458892822,0.08783632516860962,0.6245703101158142,0.08939778804779053,0.6452718377113342,0.08623218536376953,0.6250022649765015,0.09941428899765015,0.6370871067047119,0.11994990706443787,0.6293244361877441,0.1214454174041748,0.6823447942733765,0.19107338786125183,0.6156898736953735,0.21598708629608154,0.699057400226593,0.3225661814212799,0.6113067865371704,0.34160247445106506,0.6900069713592529,0.4089353084564209,0.6177269816398621,0.4201887249946594,0.6888556480407715,0.4469856321811676,0.6173382997512817,0.4544053077697754,0.683851420879364,0.4404972195625305,0.6217174530029297,0.4480351209640503,0.6821429133415222,0.4276224374771118,0.6237087845802307,0.43387794494628906,0.6739726662635803,0.4439944624900818,0.6390329003334045,0.45485636591911316,0.682256817817688,0.6236000061035156,0.6364704966545105,0.6368097066879272,0.6872530579566956,0.7997654676437378,0.6472477316856384,0.808541476726532,0.6841295957565308,0.8230632543563843,0.6521854400634766,0.8304346799850464,0.6879001259803772,0.8738533854484558,0.6324689984321594,0.8691036701202393,0
0.6317907571792603,0.10702842473983765,0.6342136263847351,0.08770033717155457,0.6370305418968201,0.08612865209579468,0.6398388743400574,0.08475834131240845,0.6285309195518494,0.09207010269165039,0.6272286772727966,0.09361669421195984,0.6260225176811218,0.09528473019599915,0.6458282470703125,0.09020954370498657,0.6269349455833435,0.10622653365135193,0.6392698287963867,0.12494239211082458,0.6317182779312134,0.12829646468162537,0.68430495262146,0.19777950644493103,0.6172798275947571,0.22264567017555237,0.7019087672233582,0.32891845703125,0.61335688829422,0.34746333956718445,0.689764678478241,0.4207238554954529,0.6196469664573669,0.4213218688964844,0.6880918741226196,0.45999813079833984,0.6188949942588806,0.4552147090435028,0.681831955909729,0.4531696140766144,0.6227473616600037,0.44936996698379517,0.6811047196388245,0.44056057929992676,0.6249918937683105,0.4357836842536926,0.673373281955719,0.4515228867530823,0.6390302777290344,0.45904475450515747,0.6793773770332336,0.6404849290847778,0.6334477663040161,0.6452218890190125,0.6861969232559204,0.802311360836029,0.6475383639335632,0.8093633651733398,0.6825796365737915,0.8233422040939331,0.6529942750930786,0.836670994758606,0.6876741647720337,0.8723623156547546,0.6325042247772217,0.8652142286300659,0
0.6326697468757629,0.11751267313957214,0.635744035243988,0.09782165288925171,0.6385118961334229,0.09636422991752625,0.6411685943603516,0.09508770704269409,0.6292197704315186,0.10149490833282471,0.6275981664657593,0.1027582585811615,0.626137375831604,0.10417291522026062,0.647055447101593,0.09954339265823364,0.6263662576675415,0.11413639783859253,0.6398187279701233,0.13492432236671448,0.632043719291687,0.1379275918006897,0.6829062700271606,0.20523688197135925,0.6187440752983093,0.2351517230272293,0.7028863430023193,0.3357730209827423,0.6166058778762817,0.3579833209514618,0.6883058547973633,0.43705853819847107,0.619820237159729,0.4337662160396576,0.6871248483657837,0.4723806381225586,0.6192665696144104,0.47019439935684204,0.6812184453010559,0.4672373831272125,0.6217448115348816,0.4580271542072296,0.6801552176475525,0.4567735493183136,0.6240398287773132,0.44347405433654785,0.6731145977973938,0.461390882730484,0.6408498287200928,0.47107964754104614,0.6750218868255615,0.6519111394882202,0.6356091499328613,0.6536679863929749,0.6838877201080322,0.8205568790435791,0.6504049301147461,0.8102624416351318,0.6814370155334473,0.8398653268814087,0.6576581001281738,0.831731915473938,0.682191014289856,0.8907052278518677,0.6350189447402954,0.8703826665878296,0
0.6304457187652588,0.13947051763534546,0.6333398818969727,0.12087669968605042,0.6362164616584778,0.11902475357055664,0.6393204927444458,0.11721882224082947,0.6282904148101807,0.12396490573883057,0.6271594166755676,0.12453499436378479,0.6261073350906372,0.1251290738582611,0.6468778848648071,0.11920863389968872,0.6270727515220642,0.1298236846923828,0.637076199054718,0.15678462386131287,0.63039231300354,0.15915906429290771,0.6845160722732544,0.2251608967781067,0.6211678385734558,0.2416509985923767,0.700786828994751,0.357148140668869,0.6184443235397339,0.36808645725250244,0.687989354133606,0.4571075737476349,0.6197221279144287,0.4481452405452728,0.6862732768058777,0.4904896914958954,0.6173281073570251,0.4761148691177368,0.6799231171607971,0.4847589433193207,0.621395468711853,0.4712061882019043,0.6790292859077454,0.47341978549957275,0.6241077184677124,0.4587552845478058,0.6746612787246704,0.47686025500297546,0.6406115889549255,0.48248526453971863,0.6727301478385925,0.657615065574646,0.6308141350746155,0.6517215967178345,0.6844159364700317,0.8163872361183167,0.6460278630256653,0.7995638847351074,0.6851301193237305,0.8363668918609619,0.6554226875305176,0.8229719400405884,0.6822780966758728,0.8905330896377563,0.6302639842033386,0.8618271946907043,0
0.6302516460418701,0.1642904281616211,0.6341601014137268,0.1453733742237091,0.6371065974235535,0.14378637075424194,0.6399378776550293,0.14213600754737854,0.6277009844779968,0.1485280692577362,0.626214861869812,0.14916902780532837,0.6248976588249207,0.14966094493865967,0.6471364498138428,0.14601898193359375,0.6262747049331665,0.15568768978118896,0.6379031538963318,0.17784741520881653,0.6299512982368469,0.18125537037849426,0.6845594048500061,0.24259118735790253,0.6215585470199585,0.2635686993598938,0.7056400775909424,0.3731819689273834,0.6161765456199646,0.3854803144931793,0.6868780851364136,0.47278064489364624,0.6181321144104004,0.4662010669708252,0.6856340765953064,0.5028003454208374,0.6167110204696655,0.5021193623542786,0.67900550365448,0.4972897171974182,0.6214870810508728,0.49304336309432983,0.6777414083480835,0.48799753189086914,0.6221765875816345,0.4789190888404846,0.6819384098052979,0.47525516152381897,0.648551344871521,0.4812454283237457,0.6701241135597229,0.6514849662780762,0.631007194519043,0.6346981525421143,0.6806730031967163,0.8135617971420288,0.6480554938316345,0.7945563793182373,0.6827424764633179,0.8299703598022461,0.6578881144523621,0.8168941140174866,0.6765496730804443,0.8865939378738403,0.6302725076675415,0.8587445020675659,0
0.6294121146202087,0.1859600841999054,0.6337937116622925,0.16709303855895996,0.6364411115646362,0.16618245840072632,0.6393922567367554,0.16505813598632812,0.6282811164855957,0.1689237654209137,0.626776933670044,0.16960090398788452,0.6257992386817932,0.16975244879722595,0.6476513743400574,0.17005956172943115,0.6273740530014038,0.17764762043952942,0.6366176009178162,0.20238733291625977,0.6289365887641907,0.20506945252418518,0.6835574507713318,0.26311182975769043,0.6198618412017822,0.28011035919189453,0.7074671983718872,0.39051565527915955,0.6138327121734619,0.3951950967311859,0.6902062296867371,0.4840945601463318,0.6147221922874451,0.477910578250885,0.6884989738464355,0.5174996256828308,0.6139601469039917,0.5109670758247375,0.6825073957443237,0.510700523853302,0.616845965385437,0.5017456412315369,0.6815221309661865,0.49942877888679504,0.6176812648773193,0.49248063564300537,0.6847863793373108,0.49124911427497864,0.648404598236084,0.49722373485565186,0.6666327118873596,0.6310608983039856,0.6235794425010681,0.6131017804145813,0.6843531131744385,0.8085287809371948,0.6483335494995117,0.794236421585083,0.688751220703125,0.8248463869094849,0.6593046188354492,0.8122711181640625,0.6791040301322937,0.891085147857666,0.6282426118850708,0.8581554889678955,0
0.629859447479248,0.2077324390411377,0.632932722568512,0.18729501962661743,0.6358165740966797,0.18612515926361084,0.6385347843170166,0.18526217341423035,0.6273669600486755,0.18963497877120972,0.626251220703125,0.19081607460975647,0.6247197985649109,0.19279572367668152,0.6464582681655884,0.18976280093193054,0.6254807114601135,0.20391610264778137,0.6380859613418579,0.22460031509399414,0.6297999024391174,0.22782638669013977,0.6829701662063599,0.27930065989494324,0.6203888654708862,0.3065796494483948,0.7065089344978333,0.4075296223163605,0.612744152545929,0.4231092929840088,0.6904062032699585,0.504849910736084,0.6112126708030701,0.5020973682403564,0.6887617111206055,0.5373971462249756,0.6108479499816895,0.5342506766319275,0.6830376386642456,0.5344339609146118,0.6129868030548096,0.5309852361679077,0.6819742918014526,0.5237014889717102,0.6146286725997925,0.5173105597496033,0.6853471994400024,0.4954528510570526,0.6521394848823547,0.4999786615371704,0.661755383014679,0.6534724831581116,0.622738242149353,0.6223843097686768,0.6827788949012756,0.8133558034896851,0.6430120468139648,0.7884204387664795,0.6863957643508911,0.8223849534988403,0.6568443179130554,0.8132331371307373,0.6774348616600037,0.8925858736038208,0.6252565979957581,0.8617115616798401,0
0.627019464969635,0.22927865386009216,0.6311046481132507,0.2095973789691925,0.6337006688117981,0.2085230052471161,0.6361358165740967,0.2078610062599182,0.6263964176177979,0.2118246853351593,0.6255966424942017,0.21214717626571655,0.6248490810394287,0.21259427070617676,0.6444668769836426,0.21338018774986267,0.6279491782188416,0.21831384301185608,0.6341460943222046,0.24470585584640503,0.6277763843536377,0.2462165653705597,0.6829561591148376,0.3034629225730896,0.6219399571418762,0.32643619179725647,0.7077183127403259,0.4280184209346771,0.6131993532180786,0.44234952330589294,0.6914817094802856,0.5294226408004761,0.6075749397277832,0.5293679237365723,0.689142644405365,0.5628693699836731,0.6054733395576477,0.5611773133277893,0.6836956739425659,0.5606170296669006,0.6082844734191895,0.5583161115646362,0.6833018064498901,0.5487273931503296,0.6100314855575562,0.5479010343551636,0.6884390711784363,0.5166428089141846,0.6545894145965576,0.5223658680915833,0.6610209941864014,0.6624619960784912,0.6226154565811157,0.6393451690673828,0.6844712495803833,0.8120535016059875,0.650316059589386,0.7996507883071899,0.6901315450668335,0.819549560546875,0.663484513759613,0.820480465888977,0.6801052689552307,0.8931131362915039,0.6317203044891357,0.8716514110565186,0
0.6281455755233765,0.2747504711151123,0.6311840415000916,0.25444069504737854,0.6334421634674072,0.25334662199020386,0.6364001035690308,0.25153103470802307,0.6267023086547852,0.2555272877216339,0.6253672242164612,0.2555137276649475,0.6246705055236816,0.2549359202384949,0.6441897749900818,0.2525161802768707,0.6262165307998657,0.2588980495929718,0.6352561712265015,0.2905195653438568,0.6285832524299622,0.29095762968063354,0.6837242245674133,0.3314937949180603,0.6216295957565308,0.3547995686531067,0.7049626708030701,0.45051732659339905,0.6110247373580933,0.46806374192237854,0.6916732788085938,0.5550204515457153,0.6056985855102539,0.5536845326423645,0.6913284063339233,0.5863226056098938,0.6035593152046204,0.5836306214332581,0.6848232746124268,0.5839700102806091,0.6074097752571106,0.5817781090736389,0.6832470893859863,0.5734517574310303,0.6086235046386719,0.5697202682495117,0.6900852918624878,0.5237796306610107,0.6558060050010681,0.5351130962371826,0.6786234378814697,0.6418008804321289,0.6227437257766724,0.6523547768592834,0.6870828866958618,0.8056696653366089,0.647985577583313,0.7991828322410583,0.6887692213058472,0.8216086626052856,0.6584206819534302,0.8133077621459961,0.6838268041610718,0.8840372562408447,0.629122793674469,0.861771821975708,0
0.625586986541748,0.2877581715583801,0.629279375076294,0.2671869397163391,0.6311997175216675,0.26654356718063354,0.6338295340538025,0.2658039927482605,0.625487208366394,0.26908645033836365,0.6242786645889282,0.26997265219688416,0.6238027215003967,0.2704513967037201,0.6417379975318909,0.27079877257347107,0.6262806057929993,0.27634716033935547,0.6337597966194153,0.3046976923942566,0.6270440816879272,0.3045884370803833,0.6803200244903564,0.3436657190322876,0.6213472485542297,0.38009536266326904,0.6978747248649597,0.46778666973114014,0.6160014271736145,0.49073290824890137,0.6873781085014343,0.5839569568634033,0.6035088300704956,0.5827763676643372,0.6878165006637573,0.617111086845398,0.5982654094696045,0.6141170263290405,0.6815820336341858,0.612425684928894,0.603173017501831,0.6117662191390991,0.6792240142822266,0.6023538708686829,0.6051176190376282,0.5986285209655762,0.6901410222053528,0.537531852722168,0.6575191020965576,0.5430237650871277,0.6684523224830627,0.6708599328994751,0.6194919347763062,0.6585596799850464,0.6882100701332092,0.8092726469039917,0.6538230180740356,0.8009423017501831,0.6929561495780945,0.8171212077140808,0.6654102206230164,0.8116553425788879,0.6839022040367126,0.8928714990615845,0.6415887475013733,0.8833777904510498,0
0.6257408261299133,0.3178604245185852,0.6284966468811035,0.2961404025554657,0.6301021575927734,0.29549360275268555,0.6327018737792969,0.294309139251709,0.6244077682495117,0.29861804842948914,0.6228188276290894,0.30018380284309387,0.6216543912887573,0.29721713066101074,0.6393103003501892,0.2997862696647644,0.6241488456726074,0.3070647418498993,0.6332496404647827,0.33159339427948,0.6251316070556641,0.3318703770637512,0.6777389049530029,0.3712138533592224,0.6204763054847717,0.4053928852081299,0.699012041091919,0.48857390880584717,0.6168156862258911,0.5175105333328247,0.6868764162063599,0.6126474142074585,0.6019748449325562,0.6107730865478516,0.6861216425895691,0.649333119392395,0.5969570875167847,0.6407060623168945,0.680614173412323,0.6439797282218933,0.5987180471420288,0.6398311853408813,0.6781437397003174,0.6329348087310791,0.6009713411331177,0.6271191835403442,0.6875088214874268,0.5509008169174194,0.657623291015625,0.557253360748291,0.6624941825866699,0.6747780442237854,0.6191665530204773,0.6598891019821167,0.6838439106941223,0.8072984218597412,0.6537424921989441,0.8100724220275879,0.689331591129303,0.8131841421127319,0.6658750772476196,0.8233954310417175,0.6781877875328064,0.8903176784515381,0.63919597864151,0.8889337182044983,0
0.6254937052726746,0.3518362045288086,0.6260751485824585,0.3267175555229187,0.6285713911056519,0.3257687985897064,0.6298588514328003,0.32493722438812256,0.6226114630699158,0.3288159668445587,0.6223330497741699,0.3292482793331146,0.6220167875289917,0.32978132367134094,0.6380406022071838,0.3263525664806366,0.6248083114624023,0.3345099091529846,0.6345151662826538,0.3644799590110779,0.625613808631897,0.36467769742012024,0.678225040435791,0.3885415196418762,0.6200326681137085,0.4250914454460144,0.6981745958328247,0.513505220413208,0.6160328388214111,0.5444778800010681,0.6864259839057922,0.6313433647155762,0.59900963306427,0.6349577307701111,0.6874447464942932,0.6658317446708679,0.5943964719772339,0.6667559146881104,0.6809805035591125,0.6629266142845154,0.595217764377594,0.6677900552749634,0.6786887645721436,0.6510170698165894,0.5974871516227722,0.6577500104904175,0.6840662956237793,0.5645517110824585,0.6546052098274231,0.5725437998771667,0.6698736548423767,0.6827369928359985,0.6255941987037659,0.6733604073524475,0.6880401968955994,0.8139552474021912,0.6604354977607727,0.8074225187301636,0.6942998170852661,0.8206725120544434,0.671522855758667,0.8181239366531372,0.6866898536682129,0.8814263343811035,0.6507238745689392,0.8807380199432373,0
0.6259317398071289,0.3948868215084076,0.6269208788871765,0.3732309639453888,0.6298185586929321,0.3706774115562439,0.6326140761375427,0.36731669306755066,0.6227024793624878,0.3755214810371399,0.6220914125442505,0.37512093782424927,0.6200791001319885,0.37513601779937744,0.6389151215553284,0.35896971821784973,0.6224105358123779,0.3708127439022064,0.6331261396408081,0.40378472208976746,0.6249849200248718,0.404055118560791,0.6799997687339783,0.4160096049308777,0.6167264580726624,0.44411420822143555,0.6996615529060364,0.5424920320510864,0.6045191884040833,0.5649595260620117,0.6839818954467773,0.6661514043807983,0.5964850187301636,0.664866030216217,0.6859742999076843,0.7022333145141602,0.5920871496200562,0.6988551020622253,0.6782681941986084,0.6999446153640747,0.595270037651062,0.6984097361564636,0.6755908727645874,0.6874402165412903,0.5975469946861267,0.6845464110374451,0.6809862852096558,0.5799487233161926,0.6474151015281677,0.5904101729393005,0.662794291973114,0.698993444442749,0.6181316375732422,0.6930481791496277,0.6864887475967407,0.8087494373321533,0.6515740752220154,0.8037611246109009,0.6913888454437256,0.8130040168762207,0.6649705767631531,0.8103811740875244,0.6866576075553894,0.8830519914627075,0.6499927043914795,0.877974271774292,0
0.6230502128601074,0.41289788484573364,0.624576985836029,0.3866661489009857,0.6263003349304199,0.38494500517845154,0.6290916800498962,0.38240692019462585,0.6206784844398499,0.38848167657852173,0.6193563342094421,0.3886427879333496,0.6190548539161682,0.38803285360336304,0.6367208361625671,0.37889793515205383,0.6216713786125183,0.3894144594669342,0.6334091424942017,0.42392033338546753,0.6247444748878479,0.42361265420913696,0.6795031428337097,0.4332137703895569,0.61634761095047,0.4793159067630768,0.7025042176246643,0.5676390528678894,0.6076539754867554,0.6076963543891907,0.6841642260551453,0.7000807523727417,0.5953100919723511,0.6987175345420837,0.6855967044830322,0.7367639541625977,0.5902201533317566,0.7278119921684265,0.6770052313804626,0.7347785234451294,0.5928414463996887,0.7252760529518127,0.6747579574584961,0.723496675491333,0.5953076481819153,0.7156456112861633,0.6850640773773193,0.6076329350471497,0.6497135758399963,0.6202885508537292,0.670768678188324,0.6542540192604065,0.6120100021362305,0.6696584820747375,0.6851619482040405,0.8017576336860657,0.6517767906188965,0.8110162019729614,0.6879460215568542,0.8144052028656006,0.6651765704154968,0.8141347765922546,0.6854199171066284,0.875436544418335,0.6490963101387024,0.8801400661468506,0
0.6260402798652649,0.44339972734451294,0.6277462840080261,0.41676098108291626,0.6303431987762451,0.4135531187057495,0.6329272985458374,0.41023361682891846,0.6213498711585999,0.4155158996582031,0.6208364367485046,0.41480568051338196,0.6203017830848694,0.41400668025016785,0.6390045285224915,0.4038166403770447,0.6224455833435059,0.4145043194293976,0.6351409554481506,0.4499492049217224,0.6260027885437012,0.45110487937927246,0.6791653037071228,0.45670855045318604,0.6152690649032593,0.493799090385437,0.7038684487342834,0.5973308682441711,0.6107332110404968,0.6276170611381531,0.6847478151321411,0.7316251397132874,0.5965591073036194,0.7184810042381287,0.6858916878700256,0.7710394859313965,0.5904874205589294,0.7525657415390015,0.6776291728019714,0.7683094143867493,0.5931340456008911,0.7511175274848938,0.675227701663971,0.7573486566543579,0.5966512560844421,0.7408990263938904,0.6842902898788452,0.6374167799949646,0.6457680463790894,0.6421461701393127,0.676436722278595,0.6818421483039856,0.6111969947814941,0.6647453308105469,0.6798902153968811,0.7777283787727356,0.6508912444114685,0.7952675223350525,0.6815152764320374,0.7798250913619995,0.6614620089530945,0.8058932423591614,0.6772070527076721,0.8450291156768799,0.6437309980392456,0.8677042126655579,0
0.6250720024108887,0.4581702947616577,0.6279067397117615,0.4341616928577423,0.6299901604652405,0.4323093593120575,0.6330572962760925,0.4297698736190796,0.6224323511123657,0.43823492527008057,0.6217527389526367,0.43713846802711487,0.6196282505989075,0.4356215298175812,0.6416400074958801,0.4228779077529907,0.6227715611457825,0.4321761727333069,0.6353960037231445,0.4681091010570526,0.6257723569869995,0.4682334065437317,0.6790827512741089,0.4760487675666809,0.6144992113113403,0.503495454788208,0.7020167708396912,0.6048315167427063,0.6072222590446472,0.6286689043045044,0.684810996055603,0.7480835914611816,0.594194769859314,0.7347698211669922,0.6862207055091858,0.7908090949058533,0.5884936451911926,0.7644484043121338,0.6785945892333984,0.7838098406791687,0.591705858707428,0.7645031809806824,0.6765783429145813,0.7696865200996399,0.5942949652671814,0.7550410032272339,0.6763351559638977,0.655193030834198,0.6394159197807312,0.6690840721130371,0.6854354739189148,0.640809178352356,0.6209250688552856,0.6550780534744263,0.6810165047645569,0.7860334515571594,0.6549267172813416,0.8119238018989563,0.6787001490592957,0.8162142634391785,0.6642918586730957,0.8377546668052673,0.6850382089614868,0.8202874064445496,0.6545032262802124,0.8604579567909241,0
0.0,0.0,0.0,0.0,0.0,0.0,0.0,0.0,0.0,0.0,0.0,0.0,0.0,0.0,0.0,0.0,0.0,0.0,0.0,0.0,0.0,0.0,0.0,0.0,0.0,0.0,0.0,0.0,0.0,0.0,0.0,0.0,0.0,0.0,0.0,0.0,0.0,0.0,0.0,0.0,0.0,0.0,0.0,0.0,0.0,0.0,0.0,0.0,0.0,0.0,0.0,0.0,0.0,0.0,0.0,0.0,0.0,0.0,0.0,0.0,0.0,0.0,0.0,0.0,0.0,0.0,0
0.0,0.0,0.0,0.0,0.0,0.0,0.0,0.0,0.0,0.0,0.0,0.0,0.0,0.0,0.0,0.0,0.0,0.0,0.0,0.0,0.0,0.0,0.0,0.0,0.0,0.0,0.0,0.0,0.0,0.0,0.0,0.0,0.0,0.0,0.0,0.0,0.0,0.0,0.0,0.0,0.0,0.0,0.0,0.0,0.0,0.0,0.0,0.0,0.0,0.0,0.0,0.0,0.0,0.0,0.0,0.0,0.0,0.0,0.0,0.0,0.0,0.0,0.0,0.0,0.0,0.0,0
0.6305922865867615,0.5017330646514893,0.6326612234115601,0.4789050817489624,0.6351173520088196,0.4766707718372345,0.6380955576896667,0.47411447763442993,0.6265309453010559,0.4806603193283081,0.6246448159217834,0.4797150492668152,0.6234250664710999,0.4783260226249695,0.6436573266983032,0.4673546850681305,0.6229339241981506,0.47383448481559753,0.637451708316803,0.5111131072044373,0.6287692189216614,0.5112932324409485,0.6771185398101807,0.517491340637207,0.6121402978897095,0.5360736846923828,0.6975381970405579,0.6629874110221863,0.613042950630188,0.6783040165901184,0.6862702369689941,0.803892970085144,0.6164354085922241,0.7791106700897217,0.6896222829818726,0.8422528505325317,0.6138775944709778,0.8106561899185181,0.6826613545417786,0.8444604873657227,0.6191158294677734,0.8035085797309875,0.679313600063324,0.8331717848777771,0.6226351261138916,0.7927421927452087,0.670583963394165,0.6814377307891846,0.6354005336761475,0.686284065246582,0.6796467304229736,0.7162275910377502,0.6210530996322632,0.7091442346572876,0.6779817938804626,0.7877678871154785,0.6493095755577087,0.8147627711296082,0.6764540672302246,0.7904977798461914,0.6547660827636719,0.8221477270126343,0.6836934089660645,0.8496530652046204,0.6538257002830505,0.8811764121055603,0
0.6324306130409241,0.511196494102478,0.6340427398681641,0.4868519902229309,0.6361427903175354,0.4839995503425598,0.6386029124259949,0.48072192072868347,0.6276410222053528,0.4885694980621338,0.6261907815933228,0.4874672293663025,0.6240187883377075,0.4858591556549072,0.6429625153541565,0.4704580008983612,0.6232091784477234,0.4811714291572571,0.6394540667533875,0.5191090703010559,0.6312454342842102,0.5196994543075562,0.6787604689598083,0.523350715637207,0.612457811832428,0.5462689995765686,0.6979738473892212,0.672627866268158,0.6054286956787109,0.6758740544319153,0.6866247057914734,0.8166934251785278,0.5955089330673218,0.7719378471374512,0.690497636795044,0.8589345812797546,0.5906412601470947,0.8026971817016602,0.6827009916305542,0.8568650484085083,0.5896117687225342,0.801226019859314,0.680676281452179,0.8407742977142334,0.5938501954078674,0.7958261966705322,0.6700283885002136,0.7114239931106567,0.63253253698349,0.7180919051170349,0.686123788356781,0.6862029433250427,0.6224433779716492,0.6774346828460693,0.6753786206245422,0.7902399301528931,0.6483541131019592,0.8135539293289185,0.6714134216308594,0.8008642196655273,0.6539813280105591,0.8277130722999573,0.6809830665588379,0.8508175611495972,0.6514899134635925,0.8833634853363037,0
0.6315567493438721,0.5161535143852234,0.633154034614563,0.49441733956336975,0.6356953978538513,0.49269992113113403,0.637168824672699,0.4861358404159546,0.6269474625587463,0.49322596192359924,0.6245145201683044,0.4909065365791321,0.6230506896972656,0.4889794588088989,0.6417297124862671,0.4758743941783905,0.6213207244873047,0.4848997890949249,0.6370134949684143,0.5226929187774658,0.6286880373954773,0.523508608341217,0.6753780245780945,0.5264283418655396,0.6138210296630859,0.5600278973579407,0.6934188604354858,0.6667572855949402,0.6153936386108398,0.6940167546272278,0.6844472289085388,0.8302924036979675,0.6396733522415161,0.8138043284416199,0.6908027529716492,0.864561140537262,0.6425968408584595,0.8547462224960327,0.6823524832725525,0.8704196214675903,0.6513268947601318,0.8460088968276978,0.6790041923522949,0.8586257696151733,0.6521936058998108,0.8323475122451782,0.6686409115791321,0.7100065350532532,0.6345361471176147,0.7212324738502502,0.691376805305481,0.6210071444511414,0.6159189939498901,0.6614157557487488,0.6725325584411621,0.802634060382843,0.619354248046875,0.8194229602813721,0.6669738292694092,0.8311055898666382,0.6227920651435852,0.840286910533905,0.6773368120193481,0.8621170520782471,0.6143401265144348,0.8865363597869873,0
0.6274389028549194,0.5232375264167786,0.6303778290748596,0.5012841820716858,0.6328346133232117,0.49865370988845825,0.6340402364730835,0.492017924785614,0.62367844581604,0.5022068023681641,0.6227563619613647,0.5008149147033691,0.6199530959129333,0.4988294839859009,0.6390889883041382,0.48133528232574463,0.6199231147766113,0.4939115047454834,0.6343941688537598,0.5287296772003174,0.6267226934432983,0.5309721827507019,0.6743711233139038,0.5256283283233643,0.6126849055290222,0.5631788372993469,0.7007336020469666,0.6622262597084045,0.6174840331077576,0.6974069476127625,0.6885527968406677,0.7990297079086304,0.6340213418006897,0.7935876250267029,0.6967248916625977,0.8311154842376709,0.6356308460235596,0.8280555605888367,0.6834134459495544,0.8357996344566345,0.6416536569595337,0.8188239336013794,0.6817725896835327,0.8168001174926758,0.6433359384536743,0.806580126285553,0.67098468542099,0.6920230984687805,0.6360687017440796,0.7026875615119934,0.6770099401473999,0.650554895401001,0.6114118099212646,0.6812928915023804,0.6747499704360962,0.8010180592536926,0.616115391254425,0.8113337159156799,0.6738044619560242,0.8233770728111267,0.6213818788528442,0.828285813331604,0.6744280457496643,0.8602613806724548,0.6058160066604614,0.8760361671447754,0
0.6276930570602417,0.5310260057449341,0.6307734847068787,0.5085943341255188,0.6335299611091614,0.5054467916488647,0.6358458399772644,0.5018998384475708,0.6254015564918518,0.5100209712982178,0.6224972009658813,0.5085504055023193,0.6213959455490112,0.5066321492195129,0.6388187408447266,0.4866502285003662,0.6207489371299744,0.5000818371772766,0.6353664994239807,0.538921594619751,0.6270312666893005,0.538438081741333,0.6755132675170898,0.5306279063224792,0.6125155687332153,0.5724014639854431,0.6984226703643799,0.6724839210510254,0.6115725636482239,0.7012934684753418,0.6840569376945496,0.8322572708129883,0.620276689529419,0.8099746108055115,0.6881692409515381,0.8679972887039185,0.619422197341919,0.8452495336532593,0.6807776093482971,0.8691442608833313,0.6253145337104797,0.837761402130127,0.6773890852928162,0.8564581871032715,0.628046989440918,0.825102686882019,0.6757153272628784,0.6945856809616089,0.6394546627998352,0.7043843269348145,0.6875042915344238,0.6935921907424927,0.6092782616615295,0.7050794363021851,0.6700087785720825,0.7942830920219421,0.6155567765235901,0.8139637112617493,0.6664221882820129,0.8043158054351807,0.6202919483184814,0.8249706625938416,0.6683589220046997,0.8514819145202637,0.6072402000427246,0.8793144226074219,0
0.6289147734642029,0.5305026173591614,0.6292739510536194,0.4946613013744354,0.632340133190155,0.49225032329559326,0.63514643907547,0.4896790385246277,0.6241223216056824,0.4962043762207031,0.6215025186538696,0.4955243766307831,0.61870276927948,0.49534228444099426,0.6386195421218872,0.4827905297279358,0.6186381578445435,0.494404137134552,0.634821891784668,0.5284911394119263,0.6263141632080078,0.5303158760070801,0.67486971616745,0.5304091572761536,0.6103498339653015,0.5788998603820801,0.6961795091629028,0.67938232421875,0.611691415309906,0.7245850563049316,0.6849044561386108,0.8279948234558105,0.6481769680976868,0.8362592458724976,0.6911669969558716,0.8698189854621887,0.6544084548950195,0.8755607604980469,0.6797648072242737,0.8641591668128967,0.6685126423835754,0.858210563659668,0.6782121658325195,0.8493387699127197,0.6676415801048279,0.8439050316810608,0.6748117208480835,0.6986954212188721,0.6386271119117737,0.7163076400756836,0.6826961636543274,0.6356420516967773,0.606295108795166,0.6961802840232849,0.6644769310951233,0.8043055534362793,0.615908145904541,0.8223520517349243,0.6616207957267761,0.8284407258033752,0.621894896030426,0.8375407457351685,0.6625277996063232,0.8652009963989258,0.6058087348937988,0.8883602619171143,0
0.6256517171859741,0.5239543914794922,0.6277086734771729,0.49906274676322937,0.6294863820075989,0.49678146839141846,0.6320958733558655,0.4937865734100342,0.6211227178573608,0.49957412481307983,0.6201162934303284,0.4981650710105896,0.6177158951759338,0.4966759979724884,0.6358839273452759,0.48044276237487793,0.6177918910980225,0.4932430386543274,0.6321781277656555,0.5316556096076965,0.6248683929443359,0.5319297313690186,0.6737726926803589,0.5244109630584717,0.6111701130867004,0.5700568556785583,0.6960054636001587,0.6730896830558777,0.6118001937866211,0.7013142108917236,0.6830930709838867,0.8141842484474182,0.6224861145019531,0.8106245398521423,0.6890071034431458,0.8582151532173157,0.6217013001441956,0.8464779853820801,0.6790281534194946,0.8597702980041504,0.6285403370857239,0.8378151655197144,0.6755974888801575,0.8475490212440491,0.6313056349754333,0.8266690373420715,0.6766734719276428,0.7131522297859192,0.6417795419692993,0.7297594547271729,0.6943186521530151,0.6281384229660034,0.6118482351303101,0.6730930805206299,0.6713922023773193,0.80827796459198,0.6366037726402283,0.8191820383071899,0.6662536263465881,0.8335950374603271,0.6445395350456238,0.8353409767150879,0.6718565821647644,0.8696142435073853,0.6312745213508606,0.8860650062561035,0
0.6259241700172424,0.5263726711273193,0.6278957724571228,0.5003957152366638,0.6295953989028931,0.49836984276771545,0.6323659420013428,0.4955037236213684,0.6208273768424988,0.5003414750099182,0.61986243724823,0.4986354112625122,0.6187790632247925,0.49683600664138794,0.6357847452163696,0.4805479347705841,0.6192103624343872,0.49130409955978394,0.6327877640724182,0.5331485271453857,0.6253162622451782,0.5330939292907715,0.6749868988990784,0.5238425135612488,0.6124680638313293,0.560766875743866,0.6963923573493958,0.6798343062400818,0.6101891398429871,0.69830721616745,0.682371973991394,0.8169634342193604,0.6061016321182251,0.8114032745361328,0.6857056021690369,0.8589043617248535,0.6150311231613159,0.8484697937965393,0.6776821613311768,0.8577839732170105,0.6099595427513123,0.8386193513870239,0.6766059994697571,0.8416600823402405,0.6243460774421692,0.8277574181556702,0.6797803044319153,0.71706223487854,0.6451623439788818,0.7339695692062378,0.6822842955589294,0.625238835811615,0.6073839068412781,0.6802918314933777,0.6742614507675171,0.8009238243103027,0.6448904275894165,0.8145012855529785,0.6716492176055908,0.8262811899185181,0.655423104763031,0.8279653787612915,0.6781967282295227,0.8616183400154114,0.6409819722175598,0.8840314149856567,0
0.623252272605896,0.5058236718177795,0.6247208714485168,0.47901394963264465,0.6266306042671204,0.47719332575798035,0.6294330358505249,0.4747490882873535,0.6196247339248657,0.48239627480506897,0.6186023354530334,0.47949132323265076,0.6166010499000549,0.4791443347930908,0.6357780694961548,0.4696190059185028,0.6174960136413574,0.47932952642440796,0.6304796934127808,0.5159621238708496,0.6222389340400696,0.5167520642280579,0.6742621660232544,0.5192312598228455,0.6108213663101196,0.5613067150115967,0.6989045143127441,0.6675419807434082,0.6075584292411804,0.6930694580078125,0.6851671934127808,0.8133301138877869,0.6035803556442261,0.810195803642273,0.689455509185791,0.8548538088798523,0.6008457541465759,0.8402407169342041,0.6813234090805054,0.8609793186187744,0.6065682172775269,0.837492048740387,0.6799498200416565,0.8465418815612793,0.6113055348396301,0.8231824636459351,0.6768426299095154,0.7155694961547852,0.6429173350334167,0.7330994606018066,0.6831578016281128,0.6221590042114258,0.6145342588424683,0.6760911345481873,0.6686511039733887,0.797706663608551,0.6500514149665833,0.8178712129592896,0.6648387312889099,0.8213754296302795,0.6592373251914978,0.8328705430030823,0.6720931529998779,0.8610495328903198,0.6488970518112183,0.8860205411911011,0
0.6234002113342285,0.493385374546051,0.6248118877410889,0.4671357274055481,0.6265199184417725,0.4659726619720459,0.6289522647857666,0.4643450379371643,0.6198813319206238,0.46695300936698914,0.6192795634269714,0.4661869406700134,0.6186161637306213,0.4653334319591522,0.6345142722129822,0.4605739712715149,0.6200476884841919,0.4652969241142273,0.6294218301773071,0.5054613947868347,0.6219753623008728,0.5058435797691345,0.671308696269989,0.5107075572013855,0.609858512878418,0.5479634404182434,0.6902638077735901,0.6482000350952148,0.6068967580795288,0.6789783835411072,0.6778358817100525,0.7737718820571899,0.6076368093490601,0.7820373177528381,0.6793664693832397,0.815083920955658,0.6051245927810669,0.817520797252655,0.6698651909828186,0.81067955493927,0.6054930686950684,0.8095376491546631,0.6676347851753235,0.7992696166038513,0.6106816530227661,0.8037183284759521,0.6704322099685669,0.7114558219909668,0.6368659734725952,0.7298834919929504,0.6931176781654358,0.6112687587738037,0.6184460520744324,0.6533340215682983,0.6868239641189575,0.8045230507850647,0.6465835571289062,0.8159230351448059,0.6823908090591431,0.8366144895553589,0.6534207463264465,0.8361778259277344,0.6950339078903198,0.8614692687988281,0.6482529044151306,0.8827541470527649,0
0.6210920810699463,0.48176491260528564,0.6232194900512695,0.45998331904411316,0.6247946619987488,0.45852166414260864,0.6270790696144104,0.4568202495574951,0.6187244653701782,0.4621829092502594,0.6181535124778748,0.4617413878440857,0.6175277233123779,0.46120160818099976,0.6334608793258667,0.45527514815330505,0.6191584467887878,0.4608699083328247,0.6272041201591492,0.4936055541038513,0.6213705539703369,0.4933147728443146,0.6688981652259827,0.505207896232605,0.6104472279548645,0.5419183969497681,0.689169704914093,0.6321761608123779,0.6075232625007629,0.6672204732894897,0.6778315305709839,0.7282109260559082,0.6016278266906738,0.7821853160858154,0.6790581941604614,0.7615016102790833,0.5972666144371033,0.8192353248596191,0.6711029410362244,0.7556638717651367,0.5994479656219482,0.8192415237426758,0.6692148447036743,0.7479135990142822,0.6034306287765503,0.8027478456497192,0.6681193113327026,0.7142536044120789,0.6353591084480286,0.7309573888778687,0.6893953680992126,0.6016733050346375,0.6169247031211853,0.6289606690406799,0.6828888654708862,0.8026988506317139,0.6498245000839233,0.8121333718299866,0.6785825490951538,0.8369911313056946,0.6570801734924316,0.8369135856628418,0.6915023922920227,0.8584492802619934,0.6545374393463135,0.8779404759407043,0
0.6234449744224548,0.47904321551322937,0.6256005764007568,0.4586411416530609,0.627420961856842,0.45742297172546387,0.6298882961273193,0.4557838439941406,0.62049400806427,0.45785772800445557,0.6198577284812927,0.4569421708583832,0.6191428899765015,0.4559161067008972,0.6356777548789978,0.4508294463157654,0.6207180023193359,0.4559764862060547,0.6298587322235107,0.49120038747787476,0.6243184804916382,0.49373382329940796,0.6718127131462097,0.500959038734436,0.6114522814750671,0.5401307344436646,0.6943238377571106,0.6449918150901794,0.6095340251922607,0.6710596084594727,0.6847274303436279,0.7968369722366333,0.6141545176506042,0.7815471291542053,0.6922075748443604,0.8379656672477722,0.6125580072402954,0.8185893297195435,0.6811350584030151,0.8358870148658752,0.6115100383758545,0.8177927732467651,0.6791080832481384,0.8159867525100708,0.6205974221229553,0.8006588220596313,0.669599175453186,0.7116640210151672,0.6352894306182861,0.7256938815116882,0.6943532228469849,0.6106395721435547,0.6209365129470825,0.6267057061195374,0.6787447333335876,0.8004378080368042,0.6416046023368835,0.8116481304168701,0.6734508275985718,0.8293518424034119,0.6475697755813599,0.8365876078605652,0.6832777261734009,0.8625195622444153,0.6399464011192322,0.8814757466316223,0
0.617478609085083,0.4748696982860565,0.6201015114784241,0.45335960388183594,0.6224966049194336,0.451967716217041,0.6246287226676941,0.45014527440071106,0.6163938045501709,0.4533914029598236,0.6159636378288269,0.4522274434566498,0.6144814491271973,0.45098361372947693,0.6330217123031616,0.4452415704727173,0.619289755821228,0.4494487941265106,0.6239125728607178,0.4873480796813965,0.6185963153839111,0.48685985803604126,0.674164354801178,0.5005455017089844,0.6131930947303772,0.5330497026443481,0.6939142942428589,0.6567622423171997,0.6069911122322083,0.66997891664505,0.6832437515258789,0.8115097880363464,0.6026000380516052,0.7890570163726807,0.6929329633712769,0.865795373916626,0.5994153022766113,0.8268624544143677,0.6807879209518433,0.855839729309082,0.6049727201461792,0.8281580805778503,0.6796777844429016,0.8389042615890503,0.6093235015869141,0.8140866756439209,0.6737093329429626,0.7138146162033081,0.6392847299575806,0.7217618227005005,0.6813117861747742,0.6351892352104187,0.6164942383766174,0.6416304707527161,0.6716826558113098,0.7862880229949951,0.6393672227859497,0.8069431781768799,0.6697380542755127,0.8052814602851868,0.6476249694824219,0.8277231454849243,0.6695712208747864,0.8488482236862183,0.6310524344444275,0.8756057024002075,0
0.6238289475440979,0.47511565685272217,0.6280340552330017,0.4517163932323456,0.6311547756195068,0.44820472598075867,0.631923496723175,0.4470905661582947,0.6203630566596985,0.45088329911231995,0.6194770336151123,0.4501848816871643,0.6174827218055725,0.4493964612483978,0.6379614472389221,0.4420267939567566,0.6185075640678406,0.4503841996192932,0.6347924470901489,0.48866933584213257,0.6237077116966248,0.4857507646083832,0.6757334470748901,0.4953305125236511,0.6097925305366516,0.5312567353248596,0.7006880640983582,0.6365618109703064,0.6138469576835632,0.6844642758369446,0.6881448030471802,0.7977781891822815,0.6230685114860535,0.7988076210021973,0.6927545070648193,0.8373814821243286,0.622220516204834,0.8380981087684631,0.6829453110694885,0.8402974605560303,0.6284483671188354,0.8283146619796753,0.6790916919708252,0.8268837332725525,0.6312080025672913,0.8154415488243103,0.6693785786628723,0.7023955583572388,0.6308475732803345,0.7091459631919861,0.690949022769928,0.6796881556510925,0.6150038838386536,0.6871944069862366,0.6705930829048157,0.7849487662315369,0.6439467668533325,0.8111506700515747,0.6662461757659912,0.7936998605728149,0.6507038474082947,0.8237490653991699,0.6712812781333923,0.8460819125175476,0.6437285542488098,0.8771239519119263,0
0.6189429759979248,0.4397585690021515,0.6218894720077515,0.4206942915916443,0.6240231394767761,0.4193098545074463,0.6266117095947266,0.41758695244789124,0.6180277466773987,0.4230782687664032,0.6173577904701233,0.4230874478816986,0.6162972450256348,0.4230607748031616,0.6347153782844543,0.4185452163219452,0.618661642074585,0.42577531933784485,0.6260302066802979,0.45260459184646606,0.6198445558547974,0.45644450187683105,0.6730067729949951,0.4843221604824066,0.612613320350647,0.5216240882873535,0.6983798742294312,0.5980611443519592,0.606805682182312,0.6547771692276001,0.6928714513778687,0.7407370805740356,0.605217695236206,0.7779284715652466,0.6972193121910095,0.7817129492759705,0.6016283631324768,0.8177450895309448,0.6906378865242004,0.7829233407974243,0.6022698879241943,0.8166224956512451,0.6827530264854431,0.7631261348724365,0.6022763252258301,0.8007152676582336,0.673815906047821,0.7264325022697449,0.6356525421142578,0.743402361869812,0.6868155598640442,0.6022361516952515,0.6199663877487183,0.614022433757782,0.6860808730125427,0.8015848994255066,0.6488023996353149,0.8201091885566711,0.6838037967681885,0.8345533609390259,0.6568247079849243,0.8451389670372009,0.690182626247406,0.8724618554115295,0.649565577507019,0.8995928168296814,0
0.6215710043907166,0.4530157446861267,0.6246236562728882,0.43031543493270874,0.6274994015693665,0.4290315806865692,0.6299185156822205,0.4270937740802765,0.6199400424957275,0.43178659677505493,0.6190885305404663,0.43101564049720764,0.6176677942276001,0.43005216121673584,0.6369109153747559,0.4241696894168854,0.6194165945053101,0.4304083287715912,0.6298772096633911,0.4654825031757355,0.621735692024231,0.46466219425201416,0.6766369342803955,0.4844226837158203,0.6099821329116821,0.5151538252830505,0.7019946575164795,0.6211497187614441,0.6092532873153687,0.6586838960647583,0.6896854043006897,0.789490818977356,0.604884684085846,0.7757661938667297,0.6926013231277466,0.8328569531440735,0.601131796836853,0.8099518418312073,0.6821305751800537,0.8285584449768066,0.6068994402885437,0.8118872046470642,0.6807359457015991,0.812664806842804,0.6089594960212708,0.8016433715820312,0.6697942614555359,0.6911014318466187,0.6336182355880737,0.7017844915390015,0.6890498399734497,0.658941388130188,0.6179319620132446,0.6625946760177612,0.6842031478881836,0.8027161359786987,0.637968122959137,0.8197813034057617,0.6819587349891663,0.8250005841255188,0.6451462507247925,0.8379507660865784,0.6871787905693054,0.8632652759552002,0.6319341659545898,0.8917641639709473,0
0.621647298336029,0.4479537904262543,0.6245008111000061,0.4254515469074249,0.6271131038665771,0.42433422803878784,0.6296157240867615,0.42271873354911804,0.620075523853302,0.42685773968696594,0.6186545491218567,0.4259662330150604,0.6180503964424133,0.4249521493911743,0.6375627517700195,0.4201291501522064,0.61991286277771,0.42441466450691223,0.6288859844207764,0.46165335178375244,0.6216816902160645,0.4616397023200989,0.6754400134086609,0.4843682646751404,0.6117676496505737,0.5144772529602051,0.698447585105896,0.6230257153511047,0.6096013188362122,0.6704599261283875,0.6872503161430359,0.7840988039970398,0.6147376894950867,0.7846190929412842,0.693078339099884,0.8326531052589417,0.6050888299942017,0.817897617816925,0.6809714436531067,0.8299517631530762,0.6099662780761719,0.8111658096313477,0.6789835691452026,0.8144367337226868,0.6147723197937012,0.803650438785553,0.6701205372810364,0.6782072186470032,0.6313433051109314,0.693749189376831,0.6888726353645325,0.6210433840751648,0.6173411011695862,0.6460731029510498,0.6829961538314819,0.7925496101379395,0.6450931429862976,0.8071283102035522,0.6804527640342712,0.8196356892585754,0.6535249352455139,0.8271249532699585,0.6858876943588257,0.8529801964759827,0.640520453453064,0.8794158101081848,0
0.6196679472923279,0.431161105632782,0.6230345368385315,0.40905553102493286,0.6258232593536377,0.40699613094329834,0.6286625862121582,0.4047302007675171,0.6170836687088013,0.4116092920303345,0.6158677339553833,0.41147205233573914,0.6148332953453064,0.41109251976013184,0.6361857652664185,0.40327319502830505,0.6174637675285339,0.41086292266845703,0.6272886395454407,0.4456792175769806,0.6198524236679077,0.4471602439880371,0.6764426827430725,0.47546181082725525,0.6124392151832581,0.5031158328056335,0.6969861388206482,0.6240999698638916,0.6127741932868958,0.6503874063491821,0.683396577835083,0.7852411866188049,0.6215563416481018,0.7664878368377686,0.6842162609100342,0.8202787637710571,0.6143922209739685,0.8075575232505798,0.6784953474998474,0.8209103345870972,0.6193560361862183,0.8009377717971802,0.6772137880325317,0.8062354922294617,0.619693398475647,0.7946056723594666,0.6719009876251221,0.7016283273696899,0.6317146420478821,0.7038131952285767,0.6905634999275208,0.6972678303718567,0.6221003532409668,0.6815156936645508,0.6761404275894165,0.8068981766700745,0.6295931339263916,0.810318648815155,0.6722514033317566,0.8216813802719116,0.6336357593536377,0.8260112404823303,0.6755310297012329,0.8555848598480225,0.6234311461448669,0.8683274984359741,0
0.6217015385627747,0.42966458201408386,0.6252224445343018,0.40697181224823,0.6280376315116882,0.40493643283843994,0.6309806108474731,0.4025242030620575,0.6189468502998352,0.4093915820121765,0.6176366209983826,0.4092124402523041,0.6160088181495667,0.40905699133872986,0.6379062533378601,0.40037375688552856,0.6169966459274292,0.4102729558944702,0.629161536693573,0.44388389587402344,0.6207906007766724,0.44703879952430725,0.6758808493614197,0.46779441833496094,0.6104214191436768,0.502256453037262,0.7007200717926025,0.6107977032661438,0.6082369089126587,0.6607585549354553,0.6869267821311951,0.760488748550415,0.6260144114494324,0.7709283828735352,0.6894280910491943,0.8094145059585571,0.6284847259521484,0.8134138584136963,0.6806716322898865,0.8092270493507385,0.634939968585968,0.8040273189544678,0.6786772012710571,0.7932379841804504,0.6367960572242737,0.790195882320404,0.6725839376449585,0.6799821853637695,0.6356578469276428,0.698726236820221,0.6840317845344543,0.601386308670044,0.6248270273208618,0.6177390217781067,0.6773272156715393,0.788245677947998,0.6362292766571045,0.8100190162658691,0.6751242876052856,0.8135792016983032,0.6410444378852844,0.8374335169792175,0.6764240860939026,0.8454389572143555,0.6320499181747437,0.8791106939315796,0
0.6227526068687439,0.4220777451992035,0.6264743208885193,0.3969041109085083,0.629371702671051,0.39468875527381897,0.6323840022087097,0.39226219058036804,0.6193060874938965,0.40168771147727966,0.6177757382392883,0.4018302261829376,0.6163941025733948,0.40178391337394714,0.6388635635375977,0.38951507210731506,0.6171412467956543,0.4028742015361786,0.6309874653816223,0.4360838532447815,0.6219315528869629,0.4379931390285492,0.6769530773162842,0.45976394414901733,0.6111982464790344,0.49876946210861206,0.701522171497345,0.6048811674118042,0.6133135557174683,0.6574419140815735,0.6925997138023376,0.7511643767356873,0.6283808946609497,0.7658276557922363,0.6900244355201721,0.7984939217567444,0.629885196685791,0.8068029880523682,0.6810409426689148,0.7975273132324219,0.636097252368927,0.7975883483886719,0.6796202063560486,0.7808881998062134,0.6383026838302612,0.7833764553070068,0.6724452972412109,0.6769004464149475,0.6357864141464233,0.6849237084388733,0.6903315186500549,0.6378974914550781,0.6234681010246277,0.6511212587356567,0.6744378209114075,0.7764934301376343,0.6356637477874756,0.7987047433853149,0.6714370250701904,0.7941305041313171,0.6405194997787476,0.8159616589546204,0.6717581152915955,0.8366818428039551,0.6301943063735962,0.8658130764961243,0
0.6225007176399231,0.4106910228729248,0.6263269186019897,0.38551968336105347,0.6292838454246521,0.3830990493297577,0.6322519183158875,0.38060128688812256,0.6188565492630005,0.38964465260505676,0.6172436475753784,0.38992494344711304,0.6158261299133301,0.39031973481178284,0.6394060254096985,0.38062530755996704,0.6166127324104309,0.39234358072280884,0.6304532885551453,0.42440158128738403,0.621525764465332,0.4267849624156952,0.6778361201286316,0.45664697885513306,0.6115725636482239,0.48835527896881104,0.7007679343223572,0.6040850877761841,0.6138004660606384,0.6569777131080627,0.6859613060951233,0.7560608386993408,0.6267450451850891,0.7854191660881042,0.6855481266975403,0.8021991848945618,0.6276393532752991,0.832381010055542,0.6791509985923767,0.7930331826210022,0.6339758038520813,0.8244892358779907,0.6755020022392273,0.7791057229042053,0.6364588141441345,0.8080467581748962,0.6735832691192627,0.6704874038696289,0.6364195346832275,0.6731190085411072,0.6919912695884705,0.7068290114402771,0.6250690221786499,0.6789194345474243,0.6783825755119324,0.7743155360221863,0.6422537565231323,0.7915518283843994,0.6762108206748962,0.7775754332542419,0.6476755738258362,0.8017354607582092,0.6746010780334473,0.8309582471847534,0.6369907855987549,0.8574481010437012,0
0.6248831748962402,0.4032384753227234,0.6288278698921204,0.38255640864372253,0.6317198872566223,0.38115209341049194,0.6345799565315247,0.3792107105255127,0.6218996644020081,0.38384273648262024,0.6201291084289551,0.383662611246109,0.6187998056411743,0.3836740553379059,0.6409876942634583,0.3790450394153595,0.6197776198387146,0.3867426812648773,0.6322880387306213,0.41666433215141296,0.6236909031867981,0.4163134694099426,0.6766753792762756,0.44545164704322815,0.6136178374290466,0.47443079948425293,0.6974279284477234,0.579190731048584,0.6182456612586975,0.6270385980606079,0.6825973987579346,0.7251796722412109,0.6159616708755493,0.7420563101768494,0.6850694417953491,0.7649891972541809,0.611727237701416,0.7761175036430359,0.6748976707458496,0.7622880935668945,0.6124869585037231,0.7782620787620544,0.6733375191688538,0.7482343316078186,0.6162421703338623,0.7637144923210144,0.669528067111969,0.6531487107276917,0.6359261870384216,0.6527692079544067,0.6845648288726807,0.739035427570343,0.6357353925704956,0.6928238272666931,0.6858309507369995,0.7899820804595947,0.6558745503425598,0.8045797944068909,0.6859062910079956,0.7902086973190308,0.6603900790214539,0.8145371675491333,0.6852661371231079,0.843155562877655,0.6552135944366455,0.8639069199562073,0
0.6237008571624756,0.3914295732975006,0.6273030638694763,0.3694339394569397,0.6303104758262634,0.36812108755111694,0.6330602169036865,0.36649373173713684,0.6204915642738342,0.37078845500946045,0.6185235977172852,0.37088751792907715,0.6174181699752808,0.3706958591938019,0.6403205394744873,0.36688658595085144,0.6183708906173706,0.3753567337989807,0.631574809551239,0.4059581458568573,0.6224656701087952,0.40521785616874695,0.6746057868003845,0.42791318893432617,0.6121951937675476,0.46674877405166626,0.6980695724487305,0.5561999678611755,0.612433671951294,0.6249511241912842,0.6845883727073669,0.7132813930511475,0.6165247559547424,0.7453610301017761,0.6863862872123718,0.7614418268203735,0.6094661951065063,0.7787452936172485,0.6805843114852905,0.7628768086433411,0.6100694537162781,0.7697099447250366,0.6771160960197449,0.7489818930625916,0.6150562167167664,0.7616643309593201,0.6699949502944946,0.6236192584037781,0.6336126923561096,0.6392439007759094,0.6974121332168579,0.7236139178276062,0.6371241211891174,0.687183141708374,0.6832688450813293,0.7830342054367065,0.6551640629768372,0.7984966039657593,0.6802337765693665,0.7869809865951538,0.6591393351554871,0.8080936670303345,0.6846574544906616,0.8341919183731079,0.6550086736679077,0.8605200052261353,0
0.6254702806472778,0.3739040791988373,0.6296068429946899,0.35053423047065735,0.6327274441719055,0.34820693731307983,0.6354274749755859,0.3460773527622223,0.6219432950019836,0.35489213466644287,0.6197024583816528,0.35547956824302673,0.617973804473877,0.3557693660259247,0.6419069766998291,0.34598517417907715,0.6175759434700012,0.35987672209739685,0.6336610317230225,0.3879978358745575,0.6240270137786865,0.3896436095237732,0.6765169501304626,0.41721823811531067,0.6105045676231384,0.45271772146224976,0.7000056505203247,0.5451371669769287,0.6131831407546997,0.6103925704956055,0.6862315535545349,0.6992335915565491,0.6139447689056396,0.7363007068634033,0.6894657611846924,0.7410175204277039,0.6068631410598755,0.7697761654853821,0.6814367175102234,0.7386988997459412,0.6100544333457947,0.7685492634773254,0.679070234298706,0.7246090769767761,0.6199475526809692,0.7581095099449158,0.671977162361145,0.6025119423866272,0.6361079216003418,0.6243234276771545,0.6859491467475891,0.6248107552528381,0.6326938271522522,0.6676185727119446,0.6852729320526123,0.7749733924865723,0.6554082036018372,0.7986269593238831,0.6839213371276855,0.7965624928474426,0.6615215539932251,0.8109163045883179,0.6881988644599915,0.8365521430969238,0.655302107334137,0.8711839914321899,0
0.6231444478034973,0.35819515585899353,0.6272153854370117,0.33456724882125854,0.6302498579025269,0.3321782946586609,0.6329163312911987,0.32998788356781006,0.6200677156448364,0.33897462487220764,0.6180064678192139,0.33967122435569763,0.6165063977241516,0.33993038535118103,0.6404322981834412,0.33083459734916687,0.6168968081474304,0.3433762788772583,0.6310955286026001,0.3727456033229828,0.6223893165588379,0.3754088878631592,0.676980197429657,0.4058840274810791,0.6119953989982605,0.43589550256729126,0.6989914178848267,0.5382670164108276,0.6122168302536011,0.5944209098815918,0.6872472763061523,0.6909779906272888,0.6081384420394897,0.7164853811264038,0.6902350187301636,0.7319412231445312,0.6053722500801086,0.7549667358398438,0.6842999458312988,0.733573317527771,0.6070743203163147,0.755245566368103,0.681537926197052,0.7200936079025269,0.6111327409744263,0.7463025450706482,0.6720911860466003,0.606121301651001,0.6377331614494324,0.6217960119247437,0.6871402263641357,0.6263034343719482,0.6296147108078003,0.636593222618103,0.687976598739624,0.7751139402389526,0.652912974357605,0.7795026302337646,0.687109649181366,0.7970002889633179,0.6595906615257263,0.7949586510658264,0.6906349062919617,0.8343242406845093,0.6503145694732666,0.8507393598556519,0
0.6254755258560181,0.34157484769821167,0.6284834146499634,0.3185122609138489,0.6310625672340393,0.31624841690063477,0.6341207027435303,0.3139505982398987,0.6208537817001343,0.32537439465522766,0.6186822056770325,0.32709160447120667,0.6163206100463867,0.3283281624317169,0.6410317420959473,0.3145960867404938,0.6152898073196411,0.3354531228542328,0.6331413388252258,0.3556131422519684,0.6237975358963013,0.36110129952430725,0.6758112907409668,0.38899320363998413,0.6118130683898926,0.4229569435119629,0.6987298130989075,0.528108537197113,0.6119036674499512,0.5652556419372559,0.6853889226913452,0.680178165435791,0.6052001714706421,0.6823365688323975,0.6902073621749878,0.7230780720710754,0.6015274524688721,0.7197844982147217,0.682650089263916,0.7219822406768799,0.6051745414733887,0.7168691754341125,0.6796444058418274,0.7069737911224365,0.6075125932693481,0.7006027102470398,0.6769515872001648,0.5744357109069824,0.6399864554405212,0.5833173394203186,0.6733444929122925,0.6772938966751099,0.6154279708862305,0.6450818181037903,0.6830396056175232,0.765746533870697,0.6475119590759277,0.7900444269180298,0.6847085356712341,0.7699465751647949,0.6591159701347351,0.7910422086715698,0.684863805770874,0.8363120555877686,0.6447182893753052,0.8567200899124146,0
0.6240124106407166,0.32649219036102295,0.6277267932891846,0.30465981364250183,0.6303529143333435,0.30258527398109436,0.6333452463150024,0.30030739307403564,0.6206010580062866,0.3101074993610382,0.6187368631362915,0.3113158941268921,0.6168343424797058,0.3112688660621643,0.6408629417419434,0.3012336790561676,0.6171776652336121,0.31713494658470154,0.6319873929023743,0.34185490012168884,0.6229526400566101,0.34473106265068054,0.6761682629585266,0.380309522151947,0.612788200378418,0.4108046889305115,0.696624755859375,0.5263144969940186,0.6146668195724487,0.5466461777687073,0.686836838722229,0.6681721210479736,0.6042792201042175,0.6683759093284607,0.6895374059677124,0.7009913921356201,0.601699948310852,0.7050772905349731,0.6834925413131714,0.7060086727142334,0.6029961109161377,0.7062482833862305,0.6803438663482666,0.6937733888626099,0.6056281924247742,0.6958640217781067,0.6815277338027954,0.5807593464851379,0.643959641456604,0.5841025114059448,0.6754032969474792,0.7526049017906189,0.6226038932800293,0.7018232345581055,0.678908109664917,0.7754576206207275,0.650801420211792,0.7906155586242676,0.6793753504753113,0.7667994499206543,0.6582105755805969,0.7936521768569946,0.6795295476913452,0.8365885019302368,0.6476620435714722,0.8602764010429382,0
0.6253549456596375,0.30553844571113586,0.6289818286895752,0.2855266034603119,0.6319235563278198,0.28358712792396545,0.6346844434738159,0.28197309374809265,0.6220582723617554,0.2903268039226532,0.6201828122138977,0.29143843054771423,0.6182534694671631,0.2927241027355194,0.641150951385498,0.2847099006175995,0.6177058219909668,0.29781681299209595,0.6333244442939758,0.321473628282547,0.6245040893554688,0.32431483268737793,0.6756615042686462,0.3629114031791687,0.6130414009094238,0.3916897177696228,0.6946282386779785,0.4985118806362152,0.6103082299232483,0.5112441182136536,0.6864650845527649,0.6385634541511536,0.6048346161842346,0.6211803555488586,0.6909036636352539,0.679240882396698,0.6014007329940796,0.6574242115020752,0.6868234872817993,0.681445837020874,0.6061139702796936,0.6687938570976257,0.6839140057563782,0.665864884853363,0.607943594455719,0.650140106678009,0.6773030757904053,0.5622893571853638,0.642279863357544,0.5751805901527405,0.6757801175117493,0.6834415793418884,0.6366091966629028,0.6767281293869019,0.6884468793869019,0.7962925434112549,0.6613001823425293,0.8184994459152222,0.6902656555175781,0.8056194186210632,0.6689051985740662,0.8332865238189697,0.6888567209243774,0.8686833381652832,0.6566315293312073,0.8904398679733276,0
0.6261163353919983,0.2906794846057892,0.6293068528175354,0.26983392238616943,0.6323170065879822,0.2683124840259552,0.6351168751716614,0.266675740480423,0.6229286789894104,0.27397799491882324,0.6209083795547485,0.2751108705997467,0.6194632053375244,0.27578669786453247,0.6421602964401245,0.26813486218452454,0.6196333765983582,0.281179815530777,0.6338459253311157,0.3063257932662964,0.6252659559249878,0.30924010276794434,0.6786497235298157,0.3512239456176758,0.6145868897438049,0.37842926383018494,0.6970826387405396,0.49545109272003174,0.6094517111778259,0.5027134418487549,0.6876993179321289,0.6310892701148987,0.603420078754425,0.6214141845703125,0.6915414333343506,0.6652637124061584,0.6014863848686218,0.6578118205070496,0.6857670545578003,0.6680473685264587,0.6023551821708679,0.6596024632453918,0.6822928190231323,0.6536052823066711,0.6051638126373291,0.6500615477561951,0.6820590496063232,0.5432132482528687,0.6451729536056519,0.5471223592758179,0.6802175641059875,0.705979585647583,0.6268972754478455,0.6788762807846069,0.6914558410644531,0.8166404962539673,0.6531571745872498,0.8114607930183411,0.692033052444458,0.8244326114654541,0.6672860383987427,0.8265115022659302,0.695479154586792,0.8920763731002808,0.6528594493865967,0.8964165449142456,0
0.6253753304481506,0.2732171416282654,0.628882646560669,0.2539530396461487,0.6316579580307007,0.2524919807910919,0.6346927881240845,0.25097376108169556,0.6220784187316895,0.2574074864387512,0.6205881834030151,0.25791680812835693,0.6190711855888367,0.25781819224357605,0.6421047449111938,0.252066045999527,0.6199310421943665,0.2637025713920593,0.633194625377655,0.28975021839141846,0.6248135566711426,0.2917301654815674,0.6790384650230408,0.34048914909362793,0.6155434250831604,0.36056655645370483,0.6992617249488831,0.4838542342185974,0.6108279228210449,0.4867640435695648,0.6908290386199951,0.6137697696685791,0.6060745120048523,0.6058987975120544,0.694719135761261,0.6552076935768127,0.6019100546836853,0.6453683972358704,0.6895866394042969,0.6507757902145386,0.6049819588661194,0.6450135707855225,0.685490608215332,0.6349738240242004,0.6078776717185974,0.6347137689590454,0.6785789132118225,0.5341896414756775,0.6459068655967712,0.5436437129974365,0.674264132976532,0.6994472146034241,0.631779134273529,0.6853252053260803,0.6894142031669617,0.8112726807594299,0.6644518971443176,0.8223772644996643,0.6914796233177185,0.8168516159057617,0.6739420890808105,0.834133505821228,0.6908034682273865,0.8903164267539978,0.6575935482978821,0.9005327224731445,0
0.6264632940292358,0.25643888115882874,0.6296811699867249,0.23605939745903015,0.6325398683547974,0.23407956957817078,0.6356344223022461,0.23230624198913574,0.6229157447814941,0.24113619327545166,0.6210066080093384,0.2425335943698883,0.6194260716438293,0.2437305450439453,0.6436991691589355,0.23416531085968018,0.6199303269386292,0.2500055432319641,0.6347676515579224,0.27296584844589233,0.6258081197738647,0.27648407220840454,0.68085116147995,0.32640132308006287,0.6159165501594543,0.3487514853477478,0.7006459832191467,0.4641420245170593,0.6105949282646179,0.4797007143497467,0.6913647055625916,0.5977197289466858,0.6077015995979309,0.597004771232605,0.6932897567749023,0.6371581554412842,0.6041969060897827,0.6343114972114563,0.6888539791107178,0.6343742609024048,0.6070008277893066,0.6353929042816162,0.6863245368003845,0.6183217763900757,0.6102424263954163,0.6244654059410095,0.679131269454956,0.5313410758972168,0.6458554863929749,0.5400260090827942,0.6768521070480347,0.6808624267578125,0.630308985710144,0.6868097186088562,0.6897851228713989,0.8195109367370605,0.6565835475921631,0.8256044983863831,0.6918261051177979,0.8300449848175049,0.6658176779747009,0.838374674320221,0.6886264085769653,0.9024477005004883,0.6465641856193542,0.9064034223556519,0
0.6263177990913391,0.24480187892913818,0.6293101906776428,0.22414922714233398,0.632106363773346,0.22168967127799988,0.6348496079444885,0.2195267677307129,0.6230745315551758,0.2295709252357483,0.6214316487312317,0.2308686375617981,0.6200398802757263,0.23186257481575012,0.6429443955421448,0.22109326720237732,0.6208449006080627,0.2374274730682373,0.6340377926826477,0.2587283253669739,0.6261450052261353,0.26321011781692505,0.6826328635215759,0.3055688738822937,0.6182048320770264,0.3411773443222046,0.7001031041145325,0.4500313401222229,0.6146857738494873,0.47566089034080505,0.6934762001037598,0.5776172876358032,0.6099086999893188,0.585605263710022,0.6951577663421631,0.6196649074554443,0.6060022115707397,0.6216145157814026,0.6900057792663574,0.6151964664459229,0.6081359386444092,0.6225126385688782,0.6873940825462341,0.5988845229148865,0.6110815405845642,0.6125411987304688,0.6858615875244141,0.5089385509490967,0.6518763899803162,0.5193588137626648,0.6836743354797363,0.6627280116081238,0.6306354403495789,0.6564879417419434,0.6912835836410522,0.8074705600738525,0.6513370871543884,0.8269842267036438,0.6959800720214844,0.8193068504333496,0.6640137434005737,0.8496522903442383,0.6912933588027954,0.8799723982810974,0.6422135829925537,0.9211337566375732,0
0.6281129717826843,0.23138362169265747,0.6309862732887268,0.20987871289253235,0.6338167190551758,0.2073962390422821,0.6365517377853394,0.2053278386592865,0.6241994500160217,0.21654286980628967,0.6222286224365234,0.21848881244659424,0.6205423474311829,0.22014683485031128,0.6448193192481995,0.20702549815177917,0.620304524898529,0.2268223762512207,0.6361299753189087,0.24584177136421204,0.6276385188102722,0.25150859355926514,0.683685302734375,0.29723942279815674,0.617612898349762,0.32557249069213867,0.7000427842140198,0.4429624080657959,0.6168332099914551,0.46544286608695984,0.6951298117637634,0.5699028372764587,0.6112357378005981,0.5731753706932068,0.6965709924697876,0.6078187823295593,0.6074712872505188,0.6086912751197815,0.6908260583877563,0.6047878265380859,0.6113173365592957,0.607862114906311,0.6885773539543152,0.590853214263916,0.6135647296905518,0.5952110290527344,0.6877991557121277,0.507813036441803,0.6526045203208923,0.5170935988426208,0.686903715133667,0.6562528014183044,0.631208062171936,0.6624840497970581,0.6903329491615295,0.8130806088447571,0.6512314081192017,0.828387439250946,0.6929455995559692,0.8250637650489807,0.6612778902053833,0.8437871336936951,0.6925142407417297,0.8995867967605591,0.6386184692382812,0.9145475625991821,0
0.6283975839614868,0.21569448709487915,0.6313529014587402,0.1946936547756195,0.6341742873191833,0.19285646080970764,0.6370763778686523,0.1911279857158661,0.624643087387085,0.19966548681259155,0.623014509677887,0.20097023248672485,0.6215288639068604,0.20234227180480957,0.6450705528259277,0.1947917342185974,0.6225869655609131,0.20953458547592163,0.6359654664993286,0.2276819944381714,0.6279246211051941,0.2326720952987671,0.6849575042724609,0.2906035780906677,0.6186695098876953,0.31386038661003113,0.7003762125968933,0.4349512755870819,0.6109616160392761,0.44475725293159485,0.6947540640830994,0.554845929145813,0.6089732646942139,0.5636078715324402,0.6952621936798096,0.5960543155670166,0.6059123873710632,0.5966944694519043,0.6903999447822571,0.59160315990448,0.6106613278388977,0.5955323576927185,0.6883750557899475,0.5765295624732971,0.6128039956092834,0.5864813327789307,0.688166618347168,0.4923439919948578,0.6537757515907288,0.5018805861473083,0.6794400215148926,0.6497339606285095,0.6294045448303223,0.6511598825454712,0.6893930435180664,0.8089848756790161,0.6502365469932556,0.8162000179290771,0.6894652247428894,0.8242397308349609,0.6594244241714478,0.834588885307312,0.6853121519088745,0.8823691010475159,0.6374126076698303,0.8956813812255859,0
0.6303132772445679,0.19896814227104187,0.6340891122817993,0.17690357565879822,0.6371082067489624,0.1752951443195343,0.6401311159133911,0.1739543080329895,0.6268037557601929,0.1820405125617981,0.6249001026153564,0.183773010969162,0.6233282089233398,0.1853923797607422,0.6472346186637878,0.17891892790794373,0.6239295601844788,0.19488272070884705,0.6382898092269897,0.21484416723251343,0.629429042339325,0.21920183300971985,0.6848188638687134,0.2788315415382385,0.6178820729255676,0.3039492964744568,0.7007575035095215,0.4291195273399353,0.6108432412147522,0.4367484450340271,0.6952939033508301,0.5479706525802612,0.6090892553329468,0.5533866286277771,0.6962687969207764,0.5875574350357056,0.6065152883529663,0.5891956090927124,0.69109708070755,0.5824410319328308,0.6103127598762512,0.587824285030365,0.6890008449554443,0.5683013796806335,0.6124025583267212,0.5757784247398376,0.6860554814338684,0.4985559582710266,0.6512339115142822,0.5054538249969482,0.6818726658821106,0.6521245241165161,0.6306372284889221,0.6568752527236938,0.6881812214851379,0.8024434447288513,0.652862548828125,0.8097430467605591,0.6884288787841797,0.8161100149154663,0.6624317765235901,0.8247127532958984,0.686030924320221,0.8829444646835327,0.6320722699165344,0.8709282875061035,0
0.6298046112060547,0.18375566601753235,0.6337855458259583,0.16467294096946716,0.6365542411804199,0.163813054561615,0.639552116394043,0.16293027997016907,0.6276957392692566,0.1673760712146759,0.6261869668960571,0.16835898160934448,0.6249573826789856,0.1692633032798767,0.6471754908561707,0.16794389486312866,0.626466691493988,0.1788041591644287,0.6373022794723511,0.20117336511611938,0.6293159127235413,0.20367538928985596,0.6860068440437317,0.2691308856010437,0.6198732256889343,0.29092854261398315,0.6998909711837769,0.4178518056869507,0.6108819842338562,0.42496463656425476,0.6951152682304382,0.5386011004447937,0.6086965799331665,0.5415024161338806,0.6968910694122314,0.5733861327171326,0.6062410473823547,0.5760173797607422,0.6912578344345093,0.5718799829483032,0.6105266213417053,0.5746564865112305,0.688876211643219,0.5587902069091797,0.6130051016807556,0.5643672943115234,0.682794988155365,0.5027122497558594,0.648588240146637,0.5037480592727661,0.6769297122955322,0.6704296469688416,0.6316666603088379,0.6592556238174438,0.6867056488990784,0.8182263970375061,0.654350996017456,0.8196362257003784,0.687984824180603,0.8316469192504883,0.6638290882110596,0.8374367952346802,0.6845145225524902,0.8890513181686401,0.6306850910186768,0.877694845199585,0
0.6332387924194336,0.16445419192314148,0.6368483304977417,0.14677509665489197,0.6398087739944458,0.14555150270462036,0.6424354314804077,0.14453125,0.6299197673797607,0.15024563670158386,0.6281495690345764,0.15148195624351501,0.626562774181366,0.15281113982200623,0.6479423642158508,0.15053987503051758,0.6271182298660278,0.16341367363929749,0.6408374309539795,0.18237745761871338,0.6320557594299316,0.18500033020973206,0.6863215565681458,0.25697383284568787,0.6196266412734985,0.2781749963760376,0.7004216909408569,0.3988184332847595,0.611143946647644,0.4117234945297241,0.6954030990600586,0.5264270305633545,0.607642650604248,0.5296149849891663,0.6975498795509338,0.5594395399093628,0.6046022176742554,0.564799964427948,0.6917725801467896,0.5578410625457764,0.6079872846603394,0.5658175945281982,0.6896557807922363,0.545637845993042,0.6108714938163757,0.5529787540435791,0.6817751526832581,0.4903905987739563,0.647545576095581,0.49473628401756287,0.6752853393554688,0.6620215773582458,0.6355843544006348,0.6470246911048889,0.6863177418708801,0.811964213848114,0.648557722568512,0.8186298608779907,0.6849052906036377,0.82080078125,0.6546741127967834,0.8404287695884705,0.680544912815094,0.8806658983230591,0.6275225877761841,0.8700157403945923,0
0.6326088309288025,0.15624967217445374,0.6355048418045044,0.13716641068458557,0.6383156776428223,0.13567492365837097,0.6413334012031555,0.13413771986961365,0.6298282146453857,0.14093095064163208,0.6286320686340332,0.14201763272285461,0.6274785995483398,0.14306479692459106,0.6479023098945618,0.13909047842025757,0.6284246444702148,0.15356889367103577,0.6399672627449036,0.1737971305847168,0.6324222087860107,0.17677494883537292,0.6868307590484619,0.2499934583902359,0.6197166442871094,0.2721671164035797,0.6996966600418091,0.38992083072662354,0.6117970943450928,0.4047512412071228,0.6943023800849915,0.5187553763389587,0.6070511341094971,0.5172989964485168,0.6966613531112671,0.5514340996742249,0.6052634119987488,0.550555944442749,0.6908852458000183,0.5477297306060791,0.61037278175354,0.5523506999015808,0.6890197992324829,0.5356205701828003,0.6132333874702454,0.5415091514587402,0.6759330034255981,0.4982084631919861,0.642471194267273,0.5034167766571045,0.6754451394081116,0.6696159243583679,0.6354610323905945,0.6654254198074341,0.6846715211868286,0.8067335486412048,0.644436240196228,0.8232008218765259,0.6863074898719788,0.8132664561271667,0.6514870524406433,0.8432615995407104,0.6863225102424622,0.8695694208145142,0.6284603476524353,0.8682998418807983,0
0.6329160332679749,0.14248043298721313,0.6360810995101929,0.12590327858924866,0.6386867761611938,0.12496721744537354,0.6416476368904114,0.1239442527294159,0.6310796737670898,0.12768074870109558,0.6299052238464355,0.12811562418937683,0.6286882758140564,0.1286158561706543,0.649476945400238,0.1277157962322235,0.6299096345901489,0.13543114066123962,0.6388072967529297,0.1589018702507019,0.6324927806854248,0.16285812854766846,0.688991367816925,0.24094456434249878,0.6214761137962341,0.25722596049308777,0.7024624943733215,0.3892940282821655,0.6132665872573853,0.39454805850982666,0.6953650712966919,0.5069958567619324,0.6090522408485413,0.5059144496917725,0.6957207918167114,0.5436252951622009,0.6064757108688354,0.5417603850364685,0.6901950836181641,0.5396077036857605,0.6122685670852661,0.5419183373451233,0.6884864568710327,0.5274573564529419,0.6150469183921814,0.5293865203857422,0.6784554123878479,0.48542121052742004,0.6438239216804504,0.48977014422416687,0.6852619051933289,0.6629171967506409,0.6384819149971008,0.6603705883026123,0.687656819820404,0.803526759147644,0.647973358631134,0.8144019842147827,0.6864005923271179,0.8158217668533325,0.654255211353302,0.8345420956611633,0.6867270469665527,0.8634077906608582,0.6273743510246277,0.8627529144287109,0
0.6347920894622803,0.1282254159450531,0.6377223134040833,0.1102263331413269,0.6403875350952148,0.10916030406951904,0.6433292031288147,0.10804775357246399,0.632872462272644,0.1123121976852417,0.6317267417907715,0.11291936039924622,0.6305586099624634,0.11362266540527344,0.6508517265319824,0.11249691247940063,0.6316416263580322,0.12133076786994934,0.641054093837738,0.14601847529411316,0.6344335675239563,0.1500241756439209,0.6902710199356079,0.23230046033859253,0.6235358715057373,0.2489345818758011,0.7026370167732239,0.37671783566474915,0.6165609359741211,0.3881062865257263,0.6962997913360596,0.4904358685016632,0.6114614605903625,0.49714213609695435,0.6956357359886169,0.5309459567070007,0.607157826423645,0.5352771878242493,0.689799427986145,0.5272157192230225,0.6141318678855896,0.5344201326370239,0.6886707544326782,0.515137791633606,0.615855872631073,0.5221508741378784,0.6784058809280396,0.4869047999382019,0.6447974443435669,0.4914761185646057,0.6802182197570801,0.659179151058197,0.6353604793548584,0.6616415977478027,0.6890272498130798,0.8089281320571899,0.6463249325752258,0.8204673528671265,0.6866897344589233,0.8194685578346252,0.6514978408813477,0.8432713150978088,0.6839194893836975,0.8741592168807983,0.6255601048469543,0.8644282817840576,0
0.635082483291626,0.12093225121498108,0.6387141942977905,0.1040799617767334,0.6414819359779358,0.10313761234283447,0.6446306109428406,0.10225135087966919,0.6340247988700867,0.10602891445159912,0.6329858303070068,0.10649266839027405,0.6318616271018982,0.10708561539649963,0.6524615287780762,0.1073523759841919,0.633204460144043,0.11306026577949524,0.6404044032096863,0.13848072290420532,0.6345426440238953,0.14143618941307068,0.6904703974723816,0.22316327691078186,0.6255754828453064,0.236229807138443,0.703860878944397,0.3647707998752594,0.6180388927459717,0.37546616792678833,0.6960018873214722,0.4811767339706421,0.6106546521186829,0.4893725514411926,0.6951483488082886,0.5169593095779419,0.6066473126411438,0.5254217982292175,0.6895455718040466,0.512605607509613,0.6136394739151001,0.5261514186859131,0.6883725523948669,0.5005577802658081,0.6164979338645935,0.5142619609832764,0.6787486672401428,0.4792114794254303,0.6448147296905518,0.4799789488315582,0.6750969290733337,0.6571048498153687,0.6384096741676331,0.6603488922119141,0.6879051923751831,0.7943222522735596,0.6459208726882935,0.8128465414047241,0.6862857937812805,0.8129149675369263,0.651172399520874,0.8344666957855225,0.6816490888595581,0.8681921362876892,0.6256762146949768,0.8658014535903931,0
0.6371931433677673,0.11197054386138916,0.6407070755958557,0.09521576762199402,0.6434645056724548,0.09396666288375854,0.6465880274772644,0.09293755888938904,0.6355564594268799,0.09810701012611389,0.6342418193817139,0.09895786643028259,0.6329013109207153,0.09991717338562012,0.6545417308807373,0.0985386073589325,0.6343993544578552,0.10697951912879944,0.6429499983787537,0.12872537970542908,0.6364404559135437,0.1334300935268402,0.6923004984855652,0.21397072076797485,0.6272526979446411,0.22705084085464478,0.7045320868492126,0.3556380867958069,0.62080317735672,0.36666467785835266,0.6966795921325684,0.46576640009880066,0.6142593026161194,0.4723068177700043,0.6971936225891113,0.5080671906471252,0.6102376580238342,0.5126476287841797,0.6906432509422302,0.5055927634239197,0.6144438982009888,0.512656569480896,0.6899319887161255,0.4933883249759674,0.6176187992095947,0.49954402446746826,0.6785150766372681,0.47656065225601196,0.6438062787055969,0.47639840841293335,0.6797136664390564,0.6521059274673462,0.6384099125862122,0.647957980632782,0.6884567737579346,0.7987337708473206,0.6443145275115967,0.8107057809829712,0.6874023079872131,0.8203455805778503,0.6482701301574707,0.8347790837287903,0.6873794794082642,0.8676996231079102,0.6247360706329346,0.860040545463562,0
0.6399473547935486,0.09934505820274353,0.6436536312103271,0.08222925662994385,0.6468039751052856,0.08106303215026855,0.6500632762908936,0.07988303899765015,0.6372627019882202,0.08541014790534973,0.6357438564300537,0.08665445446968079,0.6342250108718872,0.08795854449272156,0.656752347946167,0.08621981739997864,0.6345702409744263,0.09620484709739685,0.647515594959259,0.11638569831848145,0.6389115452766418,0.12034052610397339,0.6928266882896423,0.20236730575561523,0.6254932284355164,0.21903875470161438,0.7074896693229675,0.3335123658180237,0.6204735040664673,0.3482641577720642,0.6986308097839355,0.45612287521362305,0.6138975024223328,0.46487492322921753,0.6973937749862671,0.4998334050178528,0.6107509136199951,0.5033448338508606,0.6900547742843628,0.4957439601421356,0.614555835723877,0.501146137714386,0.6894211769104004,0.4810677468776703,0.6177058815956116,0.48646998405456543,0.6792203783988953,0.46680793166160583,0.643149197101593,0.4735960364341736,0.6784650087356567,0.6536816954612732,0.6410716772079468,0.6461910009384155,0.6843345761299133,0.8037978410720825,0.6469404697418213,0.8066543340682983,0.6831343770027161,0.8300032019615173,0.6535906791687012,0.8335880041122437,0.6855446696281433,0.873258113861084,0.6300078630447388,0.8654047250747681,0
0.6404691338539124,0.08869433403015137,0.6437811851501465,0.07256582379341125,0.6465409398078918,0.07121556997299194,0.6497675776481628,0.06995436549186707,0.6384596824645996,0.07641434669494629,0.6370286345481873,0.07773861289024353,0.6356006264686584,0.07905974984169006,0.6578050255775452,0.07684957981109619,0.6367163062095642,0.08754649758338928,0.6466864347457886,0.10534203052520752,0.639537513256073,0.11013633012771606,0.694125235080719,0.19427821040153503,0.6283422708511353,0.20635363459587097,0.7064576745033264,0.3347315192222595,0.6200419068336487,0.3339543342590332,0.6973907947540283,0.45047369599342346,0.6146932244300842,0.4519065022468567,0.6980302333831787,0.492657333612442,0.6106594204902649,0.49264076352119446,0.6917786002159119,0.4888237714767456,0.615886926651001,0.4923936724662781,0.6901428699493408,0.47525036334991455,0.6188807487487793,0.47765016555786133,0.6800921559333801,0.4593784511089325,0.6452459692955017,0.4648693799972534,0.6812790036201477,0.6460508108139038,0.6447014808654785,0.6425782442092896,0.6907418966293335,0.8079248070716858,0.6485207080841064,0.8077324628829956,0.6895315051078796,0.8324881792068481,0.6547605395317078,0.8290141820907593,0.6888865232467651,0.8745867609977722,0.632317066192627,0.8586841821670532,0
0.6427339315414429,0.08424198627471924,0.6461688280105591,0.06862875819206238,0.6487422585487366,0.0675341784954071,0.6518710851669312,0.06645894050598145,0.6410901546478271,0.07128196954727173,0.6397482752799988,0.0720801055431366,0.6384192109107971,0.07297468185424805,0.6600048542022705,0.07296895980834961,0.6397380232810974,0.08125755190849304,0.6483259797096252,0.10053890943527222,0.6417765617370605,0.1052599847316742,0.6953759789466858,0.18831104040145874,0.6290740966796875,0.2003023624420166,0.7077511548995972,0.3260979652404785,0.6209971308708191,0.3321589529514313,0.697942316532135,0.4417898654937744,0.6147682070732117,0.444839209318161,0.69737309217453,0.4863869845867157,0.610088050365448,0.48589691519737244,0.6915881633758545,0.4822365343570709,0.6153262853622437,0.4862528443336487,0.6905069351196289,0.4686497449874878,0.6185025572776794,0.47584569454193115,0.6800680756568909,0.44530999660491943,0.6438335180282593,0.4490776062011719,0.6843247413635254,0.6369708776473999,0.6437603235244751,0.6364591121673584,0.6916786432266235,0.7964159250259399,0.6456487774848938,0.8015782833099365,0.6899906992912292,0.8126307725906372,0.6500582098960876,0.8236409425735474,0.6899808645248413,0.8587561845779419,0.633064329624176,0.8517045974731445,0
0.6444288492202759,0.08036839962005615,0.648111879825592,0.0649712085723877,0.6504015922546387,0.06440728902816772,0.6532048583030701,0.06382173299789429,0.6433897018432617,0.06652766466140747,0.6421552896499634,0.06714436411857605,0.6409507989883423,0.0678648054599762,0.6619036793708801,0.07014575600624084,0.6434298157691956,0.07627245783805847,0.6495270729064941,0.09743198752403259,0.643617570400238,0.10143083333969116,0.6990148425102234,0.18922162055969238,0.631586492061615,0.19497141242027283,0.711003839969635,0.3287683129310608,0.6230044960975647,0.3273921310901642,0.7000155448913574,0.44006088376045227,0.6159968376159668,0.44095343351364136,0.6997458338737488,0.4805532991886139,0.6110451817512512,0.48173168301582336,0.6938663721084595,0.47584691643714905,0.6159076690673828,0.4814710021018982,0.6926005482673645,0.46531325578689575,0.6193140745162964,0.46723631024360657,0.6827974319458008,0.44442808628082275,0.6462221741676331,0.4486065208911896,0.6858745217323303,0.6413415670394897,0.647388756275177,0.6412017345428467,0.6921898722648621,0.7940789461135864,0.6490139365196228,0.8138822317123413,0.6898254752159119,0.8214423656463623,0.6549270153045654,0.8389444351196289,0.6903921961784363,0.8651008605957031,0.6385298371315002,0.8687481880187988,0
0.6475211977958679,0.07332015037536621,0.6512165069580078,0.05812719464302063,0.6537129878997803,0.05757370591163635,0.6566047072410583,0.05698680877685547,0.6457854509353638,0.06024050712585449,0.644314706325531,0.061192601919174194,0.6428719162940979,0.06221216917037964,0.664397656917572,0.06481203436851501,0.6443502902984619,0.07150238752365112,0.6530848145484924,0.09084498882293701,0.6461365222930908,0.09560844302177429,0.7000778913497925,0.18493196368217468,0.6318190097808838,0.19194307923316956,0.7131592035293579,0.321782648563385,0.6222083568572998,0.3275076150894165,0.702883243560791,0.4300413429737091,0.6168791651725769,0.43545618653297424,0.7031922936439514,0.4747711420059204,0.612515926361084,0.47325652837753296,0.697579026222229,0.4686657190322876,0.6168257594108582,0.4736618995666504,0.6956035494804382,0.45265433192253113,0.6197726726531982,0.4606841504573822,0.6843885183334351,0.4475431442260742,0.6474097967147827,0.4518374502658844,0.6870762705802917,0.6431853175163269,0.6457398533821106,0.637779176235199,0.690069317817688,0.7948347330093384,0.6479032039642334,0.8165981769561768,0.6841148138046265,0.8121836185455322,0.6526445746421814,0.8379563093185425,0.6893153786659241,0.8583182692527771,0.634371817111969,0.8615421056747437,0
0.648669421672821,0.06969502568244934,0.6524912714958191,0.054099082946777344,0.6549484133720398,0.05343908071517944,0.657994270324707,0.052878499031066895,0.6477360129356384,0.05587044358253479,0.646502673625946,0.056510716676712036,0.6452289819717407,0.05727699398994446,0.6662400364875793,0.05968824028968811,0.6466967463493347,0.06607547402381897,0.6541228890419006,0.08838671445846558,0.6478526592254639,0.09105536341667175,0.7018718719482422,0.18691089749336243,0.6340826153755188,0.18629899621009827,0.7136416435241699,0.33180826902389526,0.6220524311065674,0.32226210832595825,0.701907753944397,0.43705129623413086,0.6151331663131714,0.42897891998291016,0.700823962688446,0.4765472412109375,0.6102821230888367,0.46766918897628784,0.6961162686347961,0.4712231755256653,0.6152999401092529,0.4673081934452057,0.6942437291145325,0.4578150808811188,0.6185165047645569,0.4535948634147644,0.6841030716896057,0.44883546233177185,0.6481480598449707,0.45271724462509155,0.6881636381149292,0.6439498662948608,0.6466513276100159,0.6419594883918762,0.6893774271011353,0.7940954566001892,0.6484184861183167,0.8045673370361328,0.6841751337051392,0.8248908519744873,0.6509568691253662,0.8246493339538574,0.6874017119407654,0.8701082468032837,0.6405112147331238,0.8513631224632263,0
0.6497416496276855,0.06715208292007446,0.6537392139434814,0.05038309097290039,0.6564429402351379,0.04963994026184082,0.6595368385314941,0.04885050654411316,0.6489701271057129,0.052365899085998535,0.6479360461235046,0.052928775548934937,0.6469815969467163,0.05356600880622864,0.6680871248245239,0.0551857054233551,0.6491242051124573,0.0618307888507843,0.6555303335189819,0.08682259917259216,0.6494160294532776,0.0883597731590271,0.7021284699440002,0.1806429922580719,0.6358698010444641,0.17953702807426453,0.7142157554626465,0.3200945258140564,0.6230967044830322,0.3112759590148926,0.7033819556236267,0.430515855550766,0.6164482831954956,0.4176282286643982,0.703213632106781,0.4706675410270691,0.6109515428543091,0.4566417336463928,0.697950005531311,0.4645066261291504,0.61712247133255,0.45379284024238586,0.6965222954750061,0.45067155361175537,0.6195449829101562,0.44079071283340454,0.6844949722290039,0.44313839077949524,0.6485283374786377,0.4440425634384155,0.6914097666740417,0.6315745115280151,0.6453056335449219,0.6310694217681885,0.6905583143234253,0.7855393886566162,0.6476914286613464,0.8086835145950317,0.6843119859695435,0.8102236986160278,0.6518692970275879,0.8293538689613342,0.6912243366241455,0.8527452945709229,0.6365836262702942,0.8643581867218018,0
0.6525746583938599,0.06278690695762634,0.656851053237915,0.04422420263290405,0.659945011138916,0.043487727642059326,0.6633423566818237,0.04281151294708252,0.650894045829773,0.04686442017555237,0.6495571136474609,0.04780969023704529,0.6483420729637146,0.04874423146247864,0.6706986427307129,0.05037328600883484,0.6496142148971558,0.059904664754867554,0.659656822681427,0.08549609780311584,0.6520984768867493,0.08519068360328674,0.7032666802406311,0.1772649884223938,0.6355101466178894,0.1822206974029541,0.7174681425094604,0.3192235231399536,0.6219005584716797,0.3111175298690796,0.7047393918037415,0.42887255549430847,0.6181929707527161,0.4126548171043396,0.7037639617919922,0.46732357144355774,0.6119183301925659,0.45145928859710693,0.6986266374588013,0.4610200524330139,0.6181861758232117,0.4502331614494324,0.6981467008590698,0.4462924301624298,0.6208643317222595,0.43566441535949707,0.6863403916358948,0.4502587914466858,0.6498705744743347,0.4541507065296173,0.6953883171081543,0.6439829468727112,0.6494056582450867,0.6483839154243469,0.6896752119064331,0.7960755825042725,0.6499954462051392,0.7992810010910034,0.6850202083587646,0.8154299259185791,0.6517220735549927,0.8191595077514648,0.6899169087409973,0.8565624952316284,0.6379004716873169,0.858109712600708,0
0.6536425352096558,0.05868306756019592,0.6577796936035156,0.041518956422805786,0.6605591773986816,0.040964484214782715,0.6636800765991211,0.04040607810020447,0.6526720523834229,0.044443368911743164,0.651563286781311,0.04551851749420166,0.6505904197692871,0.04650619626045227,0.6714172959327698,0.04869571328163147,0.6522359848022461,0.057282865047454834,0.6597065329551697,0.07980385422706604,0.6531335115432739,0.08174848556518555,0.7034801244735718,0.17475450038909912,0.6376439929008484,0.1797238290309906,0.7183758020401001,0.3148197531700134,0.6233696937561035,0.308814138174057,0.707089900970459,0.4285602867603302,0.6161667108535767,0.4105202853679657,0.7060827016830444,0.4654306471347809,0.6108163595199585,0.44893401861190796,0.7004426121711731,0.4593474566936493,0.6157256960868835,0.4478111267089844,0.6998761892318726,0.4463200569152832,0.6193928122520447,0.4330641031265259,0.6847888231277466,0.4475495517253876,0.6484696865081787,0.4488355219364166,0.6917871236801147,0.636576235294342,0.6466785073280334,0.6407807469367981,0.6895361542701721,0.8111077547073364,0.6476525068283081,0.8060026168823242,0.6859962940216064,0.8329710960388184,0.6513254046440125,0.8278543949127197,0.6886579990386963,0.8772724866867065,0.6340697407722473,0.8647343516349792,0
0.6565151810646057,0.05252161622047424,0.6609572768211365,0.035831958055496216,0.6640293002128601,0.03538963198661804,0.6673703789710999,0.03489750623703003,0.6547985076904297,0.03831395506858826,0.6532734036445618,0.039356619119644165,0.6519719958305359,0.0403117835521698,0.6744161248207092,0.043771594762802124,0.6527459621429443,0.05158030986785889,0.6634573340415955,0.07479256391525269,0.6553981304168701,0.0763094425201416,0.7067925930023193,0.17376303672790527,0.6376846432685852,0.17583760619163513,0.7199738025665283,0.31046414375305176,0.6242796778678894,0.30240291357040405,0.7107648253440857,0.42552679777145386,0.6168045401573181,0.4010564386844635,0.7093576788902283,0.4642235040664673,0.612454354763031,0.44061580300331116,0.7032889127731323,0.45668521523475647,0.6177877187728882,0.4375287592411041,0.7028252482414246,0.4426555633544922,0.6209667921066284,0.4209829866886139,0.6865792274475098,0.4451427459716797,0.6491233110427856,0.4460095167160034,0.6878692507743835,0.643237292766571,0.6501832008361816,0.6386905908584595,0.6875004768371582,0.8068167567253113,0.6517378091812134,0.7966563701629639,0.6844326853752136,0.8284375071525574,0.6533483266830444,0.817488968372345,0.68755704164505,0.8696972131729126,0.640993058681488,0.857977569103241,0
0.6598674058914185,0.05127093195915222,0.6646196246147156,0.0354095995426178,0.6677576899528503,0.03523421287536621,0.6710987687110901,0.035030245780944824,0.6583613157272339,0.03696814179420471,0.6568936109542847,0.03779760003089905,0.6555319428443909,0.0385403037071228,0.677785336971283,0.04368746280670166,0.6563748121261597,0.04935029149055481,0.6667961478233337,0.07238510251045227,0.6585426330566406,0.07371029257774353,0.7084967494010925,0.17493736743927002,0.6401854753494263,0.17331820726394653,0.7221213579177856,0.3113822340965271,0.6250981688499451,0.298801064491272,0.7121257185935974,0.4271913766860962,0.6178635954856873,0.3963201940059662,0.7106524109840393,0.46618425846099854,0.613418459892273,0.4359896779060364,0.7043562531471252,0.45723047852516174,0.6183383464813232,0.4314928650856018,0.7037060856819153,0.44611433148384094,0.6218303442001343,0.417683869600296,0.6876018047332764,0.4447312355041504,0.6503825783729553,0.4441792368888855,0.6920636296272278,0.639419674873352,0.6540272235870361,0.6376777291297913,0.6890431046485901,0.8074754476547241,0.658770740032196,0.8096235394477844,0.6848450899124146,0.8291500806808472,0.6639328002929688,0.832979679107666,0.691760241985321,0.8755043745040894,0.6528698205947876,0.8762062788009644,0
0.6632043123245239,0.047887593507766724,0.6693440079689026,0.032004863023757935,0.6728351712226868,0.03181523084640503,0.6760309338569641,0.03143608570098877,0.6616000533103943,0.03342127799987793,0.6598938703536987,0.03419634699821472,0.6583741903305054,0.03490707278251648,0.681797981262207,0.03983190655708313,0.6592772006988525,0.045910418033599854,0.6709550619125366,0.07182270288467407,0.661303699016571,0.07239022850990295,0.7115694880485535,0.17781808972358704,0.6411564946174622,0.17298394441604614,0.7235727310180664,0.31731748580932617,0.6252274513244629,0.3016328513622284,0.7133769392967224,0.429425448179245,0.6179393529891968,0.3966110944747925,0.71246337890625,0.46897488832473755,0.6121814250946045,0.4352814555168152,0.7064814567565918,0.4624935984611511,0.6174517869949341,0.430427223443985,0.7057303786277771,0.45075884461402893,0.620263397693634,0.41830652952194214,0.6905100345611572,0.4531574845314026,0.6525956392288208,0.4516438841819763,0.6941733956336975,0.6518940925598145,0.6556111574172974,0.6457696557044983,0.692384660243988,0.799529492855072,0.6550338864326477,0.8176307678222656,0.6821656823158264,0.8250598311424255,0.6598561406135559,0.840808093547821,0.6882418990135193,0.8753995895385742,0.6495552062988281,0.8938828706741333,0
0.6648303866386414,0.048470497131347656,0.6702554225921631,0.03339141607284546,0.6736829876899719,0.033525675535202026,0.6770434379577637,0.033646851778030396,0.6634873151779175,0.03456395864486694,0.6620103120803833,0.03526651859283447,0.6605286002159119,0.03593027591705322,0.6833147406578064,0.04261147975921631,0.6613585948944092,0.04632166028022766,0.6722493767738342,0.07120493054389954,0.663345217704773,0.07180210947990417,0.7119709253311157,0.1739213764667511,0.6424245834350586,0.17237555980682373,0.7257862091064453,0.30587238073349,0.626108705997467,0.29665523767471313,0.7167543172836304,0.4247298240661621,0.6185053586959839,0.3936119079589844,0.7165200710296631,0.46287527680397034,0.6137238144874573,0.42876020073890686,0.7103333473205566,0.45774543285369873,0.6179665923118591,0.42672887444496155,0.7094061374664307,0.4446076452732086,0.6215999126434326,0.4116305708885193,0.689032256603241,0.45089250802993774,0.6513040661811829,0.4485836625099182,0.6985015869140625,0.6459970474243164,0.6553694009780884,0.6479849219322205,0.6839630603790283,0.8142563104629517,0.6583115458488464,0.8103225231170654,0.6775634288787842,0.8346878290176392,0.6610067486763,0.8308719396591187,0.6879305839538574,0.8756544589996338,0.6532675623893738,0.8781653642654419,0
0.6641445159912109,0.04573783278465271,0.669547975063324,0.031040668487548828,0.6727745532989502,0.03130003809928894,0.6760719418525696,0.03164392709732056,0.6637004017829895,0.03197348117828369,0.6625694036483765,0.03258943557739258,0.6614052057266235,0.03313395380973816,0.6830456852912903,0.04136693477630615,0.6636853814125061,0.04376250505447388,0.6710909605026245,0.06850659847259521,0.6630176305770874,0.06900191307067871,0.7133489847183228,0.17563605308532715,0.6446636915206909,0.1733105182647705,0.7267206907272339,0.3070969581604004,0.6299176216125488,0.29567664861679077,0.7193927764892578,0.4296034872531891,0.6196780800819397,0.39247411489486694,0.7198413014411926,0.4662087559700012,0.6148869395256042,0.4263327717781067,0.7147887945175171,0.4597565531730652,0.618959367275238,0.4242570102214813,0.7127587795257568,0.45047247409820557,0.6225004196166992,0.4101070761680603,0.6926091313362122,0.44892778992652893,0.6537938714027405,0.44660884141921997,0.697979748249054,0.6404262781143188,0.6576642394065857,0.6341480016708374,0.6858220100402832,0.8123875856399536,0.6606302857398987,0.7972163558006287,0.6801636815071106,0.8337647914886475,0.664828896522522,0.8169242143630981,0.6891454458236694,0.8753283023834229,0.6550894379615784,0.8639826774597168,0
0.670042872428894,0.04424199461936951,0.6751997470855713,0.030276387929916382,0.6783992052078247,0.03085973858833313,0.6813283562660217,0.031369298696517944,0.668373167514801,0.03085768222808838,0.6667882800102234,0.03158560395240784,0.6653822064399719,0.0322379469871521,0.6867364645004272,0.041347235441207886,0.6660565137863159,0.04409223794937134,0.6773653626441956,0.06812289357185364,0.6683270335197449,0.0682697594165802,0.714678943157196,0.17215242981910706,0.6458306908607483,0.17298048734664917,0.7290390729904175,0.3106153905391693,0.6307132244110107,0.3004152774810791,0.7215988636016846,0.4298122525215149,0.6210058927536011,0.3950515687465668,0.7216377258300781,0.4652590751647949,0.6158145666122437,0.42934489250183105,0.7154656648635864,0.45833176374435425,0.620663046836853,0.42849546670913696,0.7142186760902405,0.44562527537345886,0.6240334510803223,0.4145788252353668,0.6919745206832886,0.445358008146286,0.6546351909637451,0.43929949402809143,0.6939352750778198,0.6330312490463257,0.6572719216346741,0.6340439915657043,0.6837590336799622,0.8044401407241821,0.6575075387954712,0.7982438206672668,0.6801417469978333,0.8257850408554077,0.6608769297599792,0.8196965456008911,0.6851166486740112,0.8630801439285278,0.6540690660476685,0.8642980456352234,0
0.6695346236228943,0.04883098602294922,0.6742273569107056,0.031085222959518433,0.677604615688324,0.03067156672477722,0.6812376976013184,0.030367255210876465,0.6674100160598755,0.03342941403388977,0.6656603217124939,0.0343681275844574,0.664160430431366,0.03523212671279907,0.6879828572273254,0.03858044743537903,0.6645753383636475,0.045653313398361206,0.6772286295890808,0.07175406813621521,0.6677987575531006,0.07404881715774536,0.7173638343811035,0.17153576016426086,0.6485338807106018,0.17394772171974182,0.7310133576393127,0.30908918380737305,0.6334666013717651,0.296972393989563,0.7249189019203186,0.42439723014831543,0.6225711703300476,0.39669936895370483,0.7248648405075073,0.4587246775627136,0.616214394569397,0.427620530128479,0.7192367315292358,0.45342350006103516,0.6218645572662354,0.4284277558326721,0.7177062630653381,0.4432145357131958,0.6244084239006042,0.4151838719844818,0.6943934559822083,0.4508388638496399,0.656170666217804,0.4444277882575989,0.6983542442321777,0.6248649954795837,0.6540297269821167,0.6316823959350586,0.6860960721969604,0.780935525894165,0.6527580618858337,0.7891355752944946,0.6817559003829956,0.7978723049163818,0.6547620296478271,0.8093174695968628,0.6876305341720581,0.8549987077713013,0.6412427425384521,0.8524620532989502,0
0.6703578233718872,0.04626312851905823,0.6751759052276611,0.032054364681243896,0.6780636310577393,0.03252476453781128,0.681096613407135,0.032908231019973755,0.669463038444519,0.03240475058555603,0.6681608557701111,0.03304779529571533,0.666763961315155,0.03361871838569641,0.6876964569091797,0.04346585273742676,0.6679617166519165,0.04438364505767822,0.67690110206604,0.06905537843704224,0.6687138080596924,0.07060867547988892,0.7173177599906921,0.17257079482078552,0.6495510935783386,0.171380877494812,0.7324585914611816,0.3100947141647339,0.6354045271873474,0.2957319915294647,0.7264966368675232,0.4258047640323639,0.6240125894546509,0.39524543285369873,0.7269407510757446,0.46206337213516235,0.6171709895133972,0.42689117789268494,0.7213344573974609,0.45537179708480835,0.6224638223648071,0.42666563391685486,0.7196072936058044,0.44488057494163513,0.6261345148086548,0.4154989719390869,0.6946818828582764,0.4437948167324066,0.6568686366081238,0.4337143898010254,0.6912692189216614,0.6397807002067566,0.6517828106880188,0.621604323387146,0.6858054995536804,0.7969005703926086,0.6471072435379028,0.7911086082458496,0.6784440875053406,0.8110398054122925,0.6500807404518127,0.8131262063980103,0.6860787868499756,0.8597719073295593,0.6326485872268677,0.8547873497009277,0
0.6710106134414673,0.05486506223678589,0.6752484440803528,0.03754299879074097,0.6783002018928528,0.037640511989593506,0.6815693974494934,0.03763878345489502,0.6695736646652222,0.03809612989425659,0.6683650016784668,0.038573265075683594,0.667239248752594,0.03902193903923035,0.6889843940734863,0.04680287837982178,0.6687078475952148,0.04835963249206543,0.677525520324707,0.0760047435760498,0.6698575615882874,0.07573163509368896,0.71751868724823,0.173385888338089,0.6502956748008728,0.17577189207077026,0.7336937189102173,0.30861711502075195,0.6352765560150146,0.29647403955459595,0.7277132272720337,0.4286474287509918,0.6257277727127075,0.4019390344619751,0.728595495223999,0.4622974991798401,0.619145929813385,0.43412694334983826,0.72298663854599,0.4581652283668518,0.6242752075195312,0.43386879563331604,0.7212948203086853,0.4449157118797302,0.6284023523330688,0.4232543408870697,0.6965851187705994,0.4428587555885315,0.6597151160240173,0.43682432174682617,0.6967391967773438,0.6425949335098267,0.6548511385917664,0.6284038424491882,0.6869382262229919,0.8217507600784302,0.6497451066970825,0.8064583539962769,0.6826719641685486,0.8426926136016846,0.6524420976638794,0.8316680192947388,0.6863749623298645,0.8876956701278687,0.6352322101593018,0.8613147735595703,0
0.6713739037513733,0.047705501317977905,0.6759429574012756,0.031615883111953735,0.6786612272262573,0.03190097212791443,0.6816794872283936,0.032256126403808594,0.6707627177238464,0.03265315294265747,0.6695178747177124,0.03331601619720459,0.6682250499725342,0.03389236330986023,0.6900268197059631,0.042928874492645264,0.6700712442398071,0.044167131185531616,0.6768758893013,0.07040774822235107,0.6698095798492432,0.07269993424415588,0.7185719013214111,0.17470744252204895,0.6519569754600525,0.17353519797325134,0.7345536947250366,0.3165434002876282,0.6376779675483704,0.2977549433708191,0.7294279932975769,0.43329501152038574,0.627869725227356,0.3976678252220154,0.7295125722885132,0.47118476033210754,0.622235119342804,0.42913758754730225,0.7247185707092285,0.4671975076198578,0.6267133355140686,0.43105360865592957,0.722925066947937,0.45380473136901855,0.6297048926353455,0.41776734590530396,0.6957741975784302,0.4485965967178345,0.6579524278640747,0.44093966484069824,0.6976032257080078,0.6341127157211304,0.6532244086265564,0.6258094310760498,0.6871854662895203,0.7997705936431885,0.6502928733825684,0.7971597909927368,0.6831163763999939,0.8186635971069336,0.6540510654449463,0.8193715810775757,0.6874038577079773,0.8708850741386414,0.6354432106018066,0.852192759513855,0
0.6728575825691223,0.05220997333526611,0.677732527256012,0.034831494092941284,0.6808827519416809,0.03470367193222046,0.6841861605644226,0.0343567430973053,0.6714602112770081,0.03559756278991699,0.6698982119560242,0.036162227392196655,0.66859370470047,0.036682456731796265,0.6913470029830933,0.04178124666213989,0.6696829795837402,0.0475793182849884,0.6793615221977234,0.07647961378097534,0.6713855862617493,0.076882004737854,0.7204898595809937,0.17531070113182068,0.6515015363693237,0.1778625249862671,0.7361701726913452,0.31511956453323364,0.6390768885612488,0.30662262439727783,0.7307462096214294,0.4321245551109314,0.6292477250099182,0.39867788553237915,0.731029212474823,0.46748480200767517,0.6238014101982117,0.4306938946247101,0.7258902788162231,0.46337807178497314,0.6276693344116211,0.4299723207950592,0.7237865924835205,0.45095282793045044,0.6302815675735474,0.41645297408103943,0.695353090763092,0.4522593915462494,0.6570566892623901,0.4428715705871582,0.6961236596107483,0.6382830739021301,0.6492508053779602,0.6263927817344666,0.684320867061615,0.8011505007743835,0.6474709510803223,0.8005329370498657,0.6787760853767395,0.8230754733085632,0.6506061553955078,0.8253858685493469,0.6849274039268494,0.8744258880615234,0.6337923407554626,0.8669643998146057,0
0.6742153167724609,0.05359393358230591,0.6792633533477783,0.0364643931388855,0.682420015335083,0.03653028607368469,0.6857429146766663,0.03645917773246765,0.6728457808494568,0.0370560884475708,0.6712644100189209,0.03767204284667969,0.6699414849281311,0.03828117251396179,0.6926211714744568,0.0450935959815979,0.6707805395126343,0.05061328411102295,0.680720329284668,0.07792365550994873,0.672469437122345,0.07794150710105896,0.7210690975189209,0.17559319734573364,0.6531057357788086,0.17685046792030334,0.735363245010376,0.31502363085746765,0.6398139595985413,0.3029131591320038,0.7302947640419006,0.43522506952285767,0.6295875906944275,0.39745035767555237,0.7300471663475037,0.47139662504196167,0.6240360736846924,0.43004655838012695,0.7249746918678284,0.4681260585784912,0.6279878616333008,0.4295743405818939,0.7231524586677551,0.4553098976612091,0.6320531368255615,0.4155976176261902,0.6955575942993164,0.45014041662216187,0.6574534773826599,0.44080549478530884,0.6932073831558228,0.6459705233573914,0.6491289138793945,0.6270121335983276,0.687330961227417,0.7937107682228088,0.6486051678657532,0.7967139482498169,0.6809976696968079,0.8177815079689026,0.6514446139335632,0.8196147680282593,0.6857957243919373,0.8705379962921143,0.6311121582984924,0.8529110550880432,0
