kp0_x,kp0_y,kp1_x,kp1_y,kp2_x,kp2_y,kp3_x,kp3_y,kp4_x,kp4_y,kp5_x,kp5_y,kp6_x,kp6_y,kp7_x,kp7_y,kp8_x,kp8_y,kp9_x,kp9_y,kp10_x,kp10_y,kp11_x,kp11_y,kp12_x,kp12_y,kp13_x,kp13_y,kp14_x,kp14_y,kp15_x,kp15_y,kp16_x,kp16_y,kp17_x,kp17_y,kp18_x,kp18_y,kp19_x,kp19_y,kp20_x,kp20_y,kp21_x,kp21_y,kp22_x,kp22_y,kp23_x,kp23_y,kp24_x,kp24_y,kp25_x,kp25_y,kp26_x,kp26_y,kp27_x,kp27_y,kp28_x,kp28_y,kp29_x,kp29_y,kp30_x,kp30_y,kp31_x,kp31_y,kp32_x,kp32_y,label
0.8527743220329285,0.4453945755958557,0.8528802394866943,0.4340769350528717,0.8541080355644226,0.4319288432598114,0.8553025126457214,0.4290357828140259,0.8507019877433777,0.4366775453090668,0.8500745892524719,0.4368073046207428,0.8496730923652649,0.43685808777809143,0.8608773350715637,0.42171138525009155,0.852056086063385,0.4331499934196472,0.8580660223960876,0.4472009539604187,0.8543204665184021,0.4511330723762512,0.8909451365470886,0.4446668326854706,0.851617157459259,0.47434088587760925,0.9046120643615723,0.527138352394104,0.8422351479530334,0.5495448112487793,0.8967781662940979,0.6145191192626953,0.8409330248832703,0.5818243026733398,0.8958718776702881,0.6300743222236633,0.840232789516449,0.601327121257782,0.8923118114471436,0.6280055046081543,0.8433817625045776,0.599563717842102,0.8921114802360535,0.6218007206916809,0.8442351222038269,0.5927696228027344,0.8869238495826721,0.6249643564224243,0.8632432818412781,0.6239364743232727,0.8914338946342468,0.7565300464630127,0.8662917017936707,0.7486404180526733,0.8940516710281372,0.8714991807937622,0.8719797134399414,0.8590335845947266,0.8930372595787048,0.882642388343811,0.8744586706161499,0.8733430504798889,0.8944751620292664,0.9159929752349854,0.8641771078109741,0.9038565754890442,0
0.8529127240180969,0.4433235824108124,0.8526954054832458,0.43045517802238464,0.8537837862968445,0.42822200059890747,0.8549211025238037,0.4258016049861908,0.8506436347961426,0.4343230724334717,0.8502238392829895,0.43443867564201355,0.849827229976654,0.4345717430114746,0.860190749168396,0.4189007580280304,0.8518946766853333,0.4314258396625519,0.858246922492981,0.4449322521686554,0.8550962805747986,0.4492935538291931,0.8905900716781616,0.44579780101776123,0.8519133925437927,0.477337121963501,0.9024803638458252,0.5315446853637695,0.841917872428894,0.5500652194023132,0.8973627686500549,0.6088040471076965,0.8414896130561829,0.577763557434082,0.8969570994377136,0.629278838634491,0.8397044539451599,0.5968536138534546,0.8925119638442993,0.6273995637893677,0.842958927154541,0.5950263142585754,0.8919737935066223,0.6201494336128235,0.8440574407577515,0.587951123714447,0.8855241537094116,0.6252514123916626,0.86167311668396,0.6266433000564575,0.891399621963501,0.7603260278701782,0.8665173649787903,0.7528793215751648,0.8934800624847412,0.8749275803565979,0.8715627789497375,0.8573673963546753,0.892203688621521,0.8851380348205566,0.8749128580093384,0.8699625730514526,0.8950643539428711,0.9204849004745483,0.8634852766990662,0.9062367081642151,0
0.8537629246711731,0.441058486700058,0.8532390594482422,0.4275752305984497,0.854383111000061,0.4249301552772522,0.8556088805198669,0.4221479892730713,0.850744903087616,0.43229231238365173,0.850152313709259,0.43281880021095276,0.8495737910270691,0.43333983421325684,0.8603190183639526,0.41545116901397705,0.8510810732841492,0.43130338191986084,0.859174370765686,0.44275811314582825,0.8554399609565735,0.4484916031360626,0.8909750580787659,0.44479528069496155,0.8512486219406128,0.4795801639556885,0.9032633900642395,0.5318295359611511,0.8425501585006714,0.5513026714324951,0.8971472978591919,0.6105923056602478,0.8423258066177368,0.5801246166229248,0.8958971500396729,0.629743754863739,0.8409677743911743,0.6010118722915649,0.8912926316261292,0.6284081339836121,0.8428886532783508,0.5983120203018188,0.8908816576004028,0.6223666071891785,0.8447144031524658,0.592087984085083,0.8857542276382446,0.6241272687911987,0.8625251054763794,0.6243393421173096,0.8895478844642639,0.7552559971809387,0.8660575747489929,0.7461168766021729,0.8924389481544495,0.8673688173294067,0.87143874168396,0.8551100492477417,0.8913213014602661,0.8799388408660889,0.8741275072097778,0.8693214654922485,0.8925958275794983,0.9147847890853882,0.8637447953224182,0.9027608633041382,0
0.8532623052597046,0.44499778747558594,0.8527630567550659,0.43151339888572693,0.8538113236427307,0.42891019582748413,0.8549385666847229,0.4253169298171997,0.8506300449371338,0.4350382089614868,0.8501800298690796,0.435173362493515,0.8496972918510437,0.4353469908237457,0.8598650097846985,0.418289452791214,0.8512584567070007,0.43205493688583374,0.8584120273590088,0.44595465064048767,0.8550192713737488,0.45119208097457886,0.8896774053573608,0.44714757800102234,0.8514389991760254,0.4704512059688568,0.9025359153747559,0.526425838470459,0.8417143821716309,0.5441561341285706,0.8949718475341797,0.6086706519126892,0.8425304293632507,0.5771816372871399,0.8935800194740295,0.6336955428123474,0.8412803411483765,0.6001989245414734,0.8893634080886841,0.6260314583778381,0.844199001789093,0.5985040068626404,0.8891457915306091,0.6223445534706116,0.8450169563293457,0.585840106010437,0.8850088119506836,0.6232514381408691,0.8618350028991699,0.6206778287887573,0.8903770446777344,0.7580143213272095,0.8668622374534607,0.7532653212547302,0.8916913270950317,0.8801460862159729,0.8674039840698242,0.8617824912071228,0.8914375305175781,0.8887037038803101,0.8694493174552917,0.8802454471588135,0.8917791247367859,0.9230098724365234,0.862480640411377,0.9122722148895264,0
0.8530309796333313,0.44060054421424866,0.8525973558425903,0.4267224073410034,0.8537926077842712,0.4234585464000702,0.8550573587417603,0.42072373628616333,0.8502309918403625,0.43090155720710754,0.8497873544692993,0.431284099817276,0.8493191003799438,0.43167850375175476,0.8607717752456665,0.4129619896411896,0.8516275882720947,0.4280660152435303,0.8585572838783264,0.44173383712768555,0.8550493717193604,0.44755053520202637,0.8894296884536743,0.44223281741142273,0.8522127270698547,0.46561315655708313,0.9009034037590027,0.5225846171379089,0.8436279296875,0.5388511419296265,0.8943554162979126,0.6012673377990723,0.8410927057266235,0.58560711145401,0.8927760720252991,0.6205487251281738,0.8388702273368835,0.6076499223709106,0.8887585997581482,0.6170828938484192,0.8406985998153687,0.605074405670166,0.8887616991996765,0.6133872866630554,0.8434643745422363,0.6001431941986084,0.8814857602119446,0.6301347017288208,0.8587885499000549,0.6318193674087524,0.8892788290977478,0.7605823278427124,0.8597288131713867,0.7525633573532104,0.8923951983451843,0.8660773634910583,0.8704763650894165,0.8538026809692383,0.8923934102058411,0.8783549070358276,0.8761610388755798,0.8636494874954224,0.892532467842102,0.9177210330963135,0.8654540777206421,0.89849853515625,0
0.8529935479164124,0.44615668058395386,0.8524699807167053,0.43116122484207153,0.8536182045936584,0.42829784750938416,0.8549370169639587,0.4243753254413605,0.8502160310745239,0.43498408794403076,0.8498236536979675,0.43515294790267944,0.84939044713974,0.43604329228401184,0.8611137270927429,0.41589152812957764,0.8520837426185608,0.4309236705303192,0.858413577079773,0.4469234049320221,0.8550633788108826,0.4548718333244324,0.8893508315086365,0.4437069594860077,0.8529605269432068,0.46577927470207214,0.8974055647850037,0.5299465656280518,0.8442835807800293,0.5380323529243469,0.8883593082427979,0.6092736124992371,0.8416308164596558,0.5853605270385742,0.8863441944122314,0.6288506984710693,0.8396952152252197,0.6090226769447327,0.8803297877311707,0.625500500202179,0.8430923819541931,0.6078354120254517,0.8805570006370544,0.6140422224998474,0.8443626761436462,0.6007717251777649,0.8815951347351074,0.6401259899139404,0.8592506051063538,0.6355333924293518,0.8876199722290039,0.763145923614502,0.8574129343032837,0.7563333511352539,0.8934500813484192,0.8732703924179077,0.8693811893463135,0.8543969392776489,0.8936329483985901,0.8794650435447693,0.8736997246742249,0.8677453398704529,0.8905951976776123,0.9191747903823853,0.8627277612686157,0.9060107469558716,0
0.8534461855888367,0.443089097738266,0.853181779384613,0.4293253719806671,0.8543378114700317,0.4266425371170044,0.8555653691291809,0.4230327606201172,0.8509513735771179,0.4335280656814575,0.8502585887908936,0.43392711877822876,0.8497092127799988,0.43425267934799194,0.8602887988090515,0.4171328842639923,0.851553738117218,0.43141642212867737,0.8587563037872314,0.4439738094806671,0.8550275564193726,0.4499800205230713,0.8886479139328003,0.44651663303375244,0.8495790958404541,0.4738817811012268,0.9018893837928772,0.5263880491256714,0.8418418169021606,0.5442343950271606,0.8955469727516174,0.6088051795959473,0.8419591784477234,0.5962111353874207,0.8946836590766907,0.6344879269599915,0.8403575420379639,0.6225261688232422,0.8905212879180908,0.6301193833351135,0.8444731831550598,0.6219404935836792,0.8901490569114685,0.620934784412384,0.8454811573028564,0.6128736734390259,0.8831503987312317,0.6236432790756226,0.8610737919807434,0.6218655109405518,0.8891153335571289,0.7561527490615845,0.8663676381111145,0.7489170432090759,0.8923863172531128,0.8700433373451233,0.8678048849105835,0.8530454635620117,0.8916513919830322,0.8827008605003357,0.8694201707839966,0.8649328947067261,0.8931978940963745,0.9175453186035156,0.8633198142051697,0.8971075415611267,0
0.8536906838417053,0.44402068853378296,0.853550910949707,0.43189600110054016,0.8549140095710754,0.42932167649269104,0.8563015460968018,0.4265402555465698,0.8508501052856445,0.4358413815498352,0.8500589728355408,0.43635985255241394,0.8493459820747375,0.4367886781692505,0.8608534932136536,0.4205317795276642,0.8506582975387573,0.4353962540626526,0.8589498996734619,0.4472440183162689,0.8550997376441956,0.4538344442844391,0.8890277743339539,0.4478047490119934,0.8490045070648193,0.48090773820877075,0.903075635433197,0.5341566801071167,0.841526448726654,0.5528119206428528,0.8920329809188843,0.6145068407058716,0.8429481387138367,0.6007399559020996,0.8919282555580139,0.6323546171188354,0.8415488600730896,0.6207449436187744,0.8875524401664734,0.6294229030609131,0.8452644348144531,0.6197138428688049,0.8868616223335266,0.6237797737121582,0.8460158705711365,0.6120086908340454,0.884658932685852,0.6228782534599304,0.8616217374801636,0.6227685213088989,0.8867061138153076,0.7555027604103088,0.8644075989723206,0.7481589317321777,0.8912198543548584,0.8660800457000732,0.8714337348937988,0.8512596487998962,0.8911908268928528,0.8786753416061401,0.8736037015914917,0.8636434078216553,0.8926694989204407,0.9180806279182434,0.8635172247886658,0.9021908640861511,0
0.8537691831588745,0.4450664520263672,0.8535652756690979,0.4318290948867798,0.854892909526825,0.4291442036628723,0.85628741979599,0.42633283138275146,0.850895345211029,0.4359182119369507,0.8501399755477905,0.43634018301963806,0.8494952917098999,0.43663641810417175,0.861007034778595,0.4197443723678589,0.8507973551750183,0.43474459648132324,0.8590516448020935,0.4466029405593872,0.8551536202430725,0.45332810282707214,0.8894695043563843,0.44911763072013855,0.8492550253868103,0.47790592908859253,0.9020640850067139,0.5358836650848389,0.8433311581611633,0.5417169332504272,0.8923099040985107,0.6181529760360718,0.8426769971847534,0.5959151983261108,0.8907136917114258,0.6372165083885193,0.8406676054000854,0.6172804832458496,0.8864720463752747,0.6315122842788696,0.8440717458724976,0.6161430478096008,0.8859397172927856,0.6279248595237732,0.8447805643081665,0.6102200746536255,0.8835179209709167,0.6226862668991089,0.8610185384750366,0.6241419911384583,0.8856738805770874,0.7573540806770325,0.8677424192428589,0.7478670477867126,0.8918474912643433,0.8741388916969299,0.8698365092277527,0.8565545678138733,0.890311062335968,0.8845536112785339,0.871788740158081,0.8731017112731934,0.8911967277526855,0.923635721206665,0.8644375801086426,0.9020165205001831,0
0.0,0.0,0.0,0.0,0.0,0.0,0.0,0.0,0.0,0.0,0.0,0.0,0.0,0.0,0.0,0.0,0.0,0.0,0.0,0.0,0.0,0.0,0.0,0.0,0.0,0.0,0.0,0.0,0.0,0.0,0.0,0.0,0.0,0.0,0.0,0.0,0.0,0.0,0.0,0.0,0.0,0.0,0.0,0.0,0.0,0.0,0.0,0.0,0.0,0.0,0.0,0.0,0.0,0.0,0.0,0.0,0.0,0.0,0.0,0.0,0.0,0.0,0.0,0.0,0.0,0.0,0
0.8548834323883057,0.44432246685028076,0.8545830845832825,0.4314410090446472,0.8559567928314209,0.4289410710334778,0.8574627041816711,0.4262150526046753,0.85129314661026,0.43592774868011475,0.8503483533859253,0.4367010295391083,0.8494585156440735,0.4374200999736786,0.8619088530540466,0.4215976595878601,0.8506805896759033,0.43718212842941284,0.860041618347168,0.44780269265174866,0.8556702733039856,0.4553200602531433,0.8896905779838562,0.45339253544807434,0.8492914438247681,0.48353296518325806,0.9017883539199829,0.537165641784668,0.8420346975326538,0.5561186075210571,0.8935362696647644,0.6104592680931091,0.8438431024551392,0.6125081777572632,0.8920333981513977,0.631407618522644,0.843276858329773,0.6315967440605164,0.8882454633712769,0.6280144453048706,0.8471676111221313,0.627193033695221,0.8878464102745056,0.621236264705658,0.8477701544761658,0.6203223466873169,0.8850347399711609,0.6277367472648621,0.8631702661514282,0.6292787194252014,0.8874471187591553,0.7558931708335876,0.865846574306488,0.7506244778633118,0.8928159475326538,0.8745652437210083,0.8685020208358765,0.8600148558616638,0.8920005559921265,0.8874859809875488,0.8733962178230286,0.8823409080505371,0.8918264508247375,0.9189337491989136,0.8643032312393188,0.9039700627326965,0
0.0,0.0,0.0,0.0,0.0,0.0,0.0,0.0,0.0,0.0,0.0,0.0,0.0,0.0,0.0,0.0,0.0,0.0,0.0,0.0,0.0,0.0,0.0,0.0,0.0,0.0,0.0,0.0,0.0,0.0,0.0,0.0,0.0,0.0,0.0,0.0,0.0,0.0,0.0,0.0,0.0,0.0,0.0,0.0,0.0,0.0,0.0,0.0,0.0,0.0,0.0,0.0,0.0,0.0,0.0,0.0,0.0,0.0,0.0,0.0,0.0,0.0,0.0,0.0,0.0,0.0,0
0.0,0.0,0.0,0.0,0.0,0.0,0.0,0.0,0.0,0.0,0.0,0.0,0.0,0.0,0.0,0.0,0.0,0.0,0.0,0.0,0.0,0.0,0.0,0.0,0.0,0.0,0.0,0.0,0.0,0.0,0.0,0.0,0.0,0.0,0.0,0.0,0.0,0.0,0.0,0.0,0.0,0.0,0.0,0.0,0.0,0.0,0.0,0.0,0.0,0.0,0.0,0.0,0.0,0.0,0.0,0.0,0.0,0.0,0.0,0.0,0.0,0.0,0.0,0.0,0.0,0.0,0
0.8547235131263733,0.4592441916465759,0.8541646003723145,0.44676440954208374,0.855322003364563,0.444024920463562,0.8565040230751038,0.44116827845573425,0.8518555760383606,0.4504452347755432,0.8510730862617493,0.45059993863105774,0.8504274487495422,0.4506036639213562,0.861190140247345,0.4325816035270691,0.8520576357841492,0.4461035132408142,0.8599646091461182,0.4587385654449463,0.8564436435699463,0.46579882502555847,0.8897684812545776,0.45379531383514404,0.8500986695289612,0.47899648547172546,0.9042325019836426,0.5449033975601196,0.8420454263687134,0.5487952828407288,0.8937312364578247,0.6281191110610962,0.8454394340515137,0.612541913986206,0.8939590454101562,0.6479532122612,0.8440617918968201,0.636344313621521,0.888874351978302,0.644398033618927,0.8477650880813599,0.6348398923873901,0.8880373239517212,0.6371810436248779,0.8491471409797668,0.6270989179611206,0.8860357999801636,0.6226509809494019,0.8638115525245667,0.6209827065467834,0.8857446312904358,0.7537835836410522,0.8672339916229248,0.74803626537323,0.8911288976669312,0.874691367149353,0.8710766434669495,0.8548691272735596,0.8903138041496277,0.8861868381500244,0.8737200498580933,0.8713011145591736,0.8901808261871338,0.9228992462158203,0.8640789985656738,0.8971735835075378,0
0.8537882566452026,0.46957534551620483,0.8541563153266907,0.4556741714477539,0.8553863167762756,0.45294344425201416,0.8567728996276855,0.4500143527984619,0.8513821959495544,0.45949748158454895,0.8507034778594971,0.4595736563205719,0.850040853023529,0.45944011211395264,0.861567497253418,0.44098082184791565,0.8514671921730042,0.4540606439113617,0.8596198558807373,0.4675597548484802,0.8556732535362244,0.47527262568473816,0.8893605470657349,0.45476260781288147,0.8492845296859741,0.484341561794281,0.9053651690483093,0.5449375510215759,0.8422365784645081,0.5580876469612122,0.8954075574874878,0.6277931928634644,0.8457660675048828,0.6150718927383423,0.895498514175415,0.6508290767669678,0.8450716733932495,0.6358290314674377,0.890882670879364,0.6477049589157104,0.8492927551269531,0.635089099407196,0.8901318907737732,0.6390122771263123,0.8500424027442932,0.6275695562362671,0.8878718614578247,0.6270804405212402,0.864857017993927,0.629241943359375,0.8880318999290466,0.755868673324585,0.8679558038711548,0.7525016069412231,0.8919600248336792,0.8768987655639648,0.8710737228393555,0.8650705218315125,0.8917964696884155,0.8872846961021423,0.8739436864852905,0.8776308298110962,0.8903418183326721,0.9189738035202026,0.8655992150306702,0.9074101448059082,0
0.8558022975921631,0.4707795977592468,0.8556875586509705,0.4556938707828522,0.8572500348091125,0.4528786242008209,0.8585883975028992,0.4499657154083252,0.8526715636253357,0.4584295153617859,0.8515714406967163,0.4582688510417938,0.8507376909255981,0.4578099548816681,0.8618448972702026,0.4399145543575287,0.8514019250869751,0.451118141412735,0.8609290719032288,0.47060391306877136,0.8564902544021606,0.47429513931274414,0.888926088809967,0.4593566656112671,0.8467022776603699,0.48243945837020874,0.9022114872932434,0.550938069820404,0.8423306941986084,0.565984845161438,0.8914058208465576,0.6423287987709045,0.8482999205589294,0.6329792141914368,0.8907353281974792,0.6708232164382935,0.8485935926437378,0.6485913991928101,0.8861558437347412,0.6649838089942932,0.8512884974479675,0.6480826735496521,0.885748028755188,0.6604899764060974,0.8531661033630371,0.6443009376525879,0.8903475999832153,0.6096933484077454,0.8672105669975281,0.6130131483078003,0.8859671950340271,0.7543801665306091,0.8695991039276123,0.7472243309020996,0.8909592628479004,0.8716037273406982,0.8716797828674316,0.861043393611908,0.8912928700447083,0.8868460655212402,0.8766965866088867,0.8853901028633118,0.8881638050079346,0.9179507493972778,0.8638128638267517,0.902969241142273,0
0.0,0.0,0.0,0.0,0.0,0.0,0.0,0.0,0.0,0.0,0.0,0.0,0.0,0.0,0.0,0.0,0.0,0.0,0.0,0.0,0.0,0.0,0.0,0.0,0.0,0.0,0.0,0.0,0.0,0.0,0.0,0.0,0.0,0.0,0.0,0.0,0.0,0.0,0.0,0.0,0.0,0.0,0.0,0.0,0.0,0.0,0.0,0.0,0.0,0.0,0.0,0.0,0.0,0.0,0.0,0.0,0.0,0.0,0.0,0.0,0.0,0.0,0.0,0.0,0.0,0.0,0
0.8586256504058838,0.47668442130088806,0.8587267994880676,0.4618343114852905,0.8599859476089478,0.4583982825279236,0.8611529469490051,0.4549219012260437,0.8548550605773926,0.46843504905700684,0.85352623462677,0.4696691036224365,0.8519136905670166,0.4712420701980591,0.8628828525543213,0.44663798809051514,0.8509471416473389,0.46780121326446533,0.8640134334564209,0.47662097215652466,0.858534574508667,0.4848461151123047,0.888685941696167,0.46853095293045044,0.8481544852256775,0.5091710090637207,0.9043031930923462,0.5674246549606323,0.8441392183303833,0.5990635752677917,0.8926666975021362,0.651940107345581,0.8483942151069641,0.635728120803833,0.8895378112792969,0.6772840023040771,0.8468096256256104,0.6576568484306335,0.886247456073761,0.6775673031806946,0.8513143658638,0.6544049382209778,0.8850000500679016,0.6678484678268433,0.8523343801498413,0.6512815356254578,0.8968111276626587,0.5940810441970825,0.8723012804985046,0.6081457138061523,0.8846715688705444,0.7395169138908386,0.8721307516098022,0.7421759963035583,0.8827779293060303,0.8662453889846802,0.87225341796875,0.8635786771774292,0.8807114958763123,0.8824409246444702,0.8756300806999207,0.8797299265861511,0.8713430166244507,0.9259454011917114,0.8605592250823975,0.9046342372894287,0
0.0,0.0,0.0,0.0,0.0,0.0,0.0,0.0,0.0,0.0,0.0,0.0,0.0,0.0,0.0,0.0,0.0,0.0,0.0,0.0,0.0,0.0,0.0,0.0,0.0,0.0,0.0,0.0,0.0,0.0,0.0,0.0,0.0,0.0,0.0,0.0,0.0,0.0,0.0,0.0,0.0,0.0,0.0,0.0,0.0,0.0,0.0,0.0,0.0,0.0,0.0,0.0,0.0,0.0,0.0,0.0,0.0,0.0,0.0,0.0,0.0,0.0,0.0,0.0,0.0,0.0,0
0.0,0.0,0.0,0.0,0.0,0.0,0.0,0.0,0.0,0.0,0.0,0.0,0.0,0.0,0.0,0.0,0.0,0.0,0.0,0.0,0.0,0.0,0.0,0.0,0.0,0.0,0.0,0.0,0.0,0.0,0.0,0.0,0.0,0.0,0.0,0.0,0.0,0.0,0.0,0.0,0.0,0.0,0.0,0.0,0.0,0.0,0.0,0.0,0.0,0.0,0.0,0.0,0.0,0.0,0.0,0.0,0.0,0.0,0.0,0.0,0.0,0.0,0.0,0.0,0.0,0.0,0
0.0,0.0,0.0,0.0,0.0,0.0,0.0,0.0,0.0,0.0,0.0,0.0,0.0,0.0,0.0,0.0,0.0,0.0,0.0,0.0,0.0,0.0,0.0,0.0,0.0,0.0,0.0,0.0,0.0,0.0,0.0,0.0,0.0,0.0,0.0,0.0,0.0,0.0,0.0,0.0,0.0,0.0,0.0,0.0,0.0,0.0,0.0,0.0,0.0,0.0,0.0,0.0,0.0,0.0,0.0,0.0,0.0,0.0,0.0,0.0,0.0,0.0,0.0,0.0,0.0,0.0,0
0.8592032790184021,0.5119876861572266,0.8597464561462402,0.49899229407310486,0.8608419895172119,0.49490460753440857,0.8619605898857117,0.4922316372394562,0.8568567633628845,0.5026198625564575,0.8561155796051025,0.5027509927749634,0.8553164601325989,0.5026949644088745,0.8658477067947388,0.4822913110256195,0.8557856678962708,0.49599090218544006,0.8647130727767944,0.5126500129699707,0.8607919216156006,0.5160915851593018,0.8918930888175964,0.5029237866401672,0.8552274107933044,0.5155671834945679,0.9100748300552368,0.5961366891860962,0.8475412726402283,0.5840451121330261,0.8948580622673035,0.6894316673278809,0.8519582748413086,0.6587711572647095,0.8934095501899719,0.7139700651168823,0.8515569567680359,0.678260087966919,0.8879752159118652,0.7057551145553589,0.8540312647819519,0.6799670457839966,0.8874474167823792,0.6998896598815918,0.8549398183822632,0.6768605709075928,0.8943203687667847,0.6481651067733765,0.872073769569397,0.6397931575775146,0.888409435749054,0.7633911371231079,0.8693208694458008,0.7528867721557617,0.8931750655174255,0.8789489269256592,0.8720370531082153,0.8581864833831787,0.8934645652770996,0.8843281865119934,0.8756158351898193,0.8753127455711365,0.8900745511054993,0.9200909733772278,0.8645888566970825,0.9031150937080383,0
0.8594558238983154,0.5285030007362366,0.859592616558075,0.513766884803772,0.8608092665672302,0.5110853314399719,0.8620558977127075,0.5079172849655151,0.856904923915863,0.5164386630058289,0.8561994433403015,0.5159875750541687,0.8551244735717773,0.5161182284355164,0.8672732710838318,0.4960331618785858,0.8564486503601074,0.5073442459106445,0.8645025491714478,0.5314844846725464,0.861329197883606,0.5341743230819702,0.8930514454841614,0.5184197425842285,0.8557161092758179,0.5303126573562622,0.9096754193305969,0.606385350227356,0.8459179401397705,0.5987921953201294,0.8959436416625977,0.7004597187042236,0.8512848019599915,0.6759209036827087,0.8937973380088806,0.7237079739570618,0.8510861992835999,0.6972494125366211,0.8887617588043213,0.7180899381637573,0.8541447520256042,0.6994320750236511,0.8879854083061218,0.7099722027778625,0.8552545309066772,0.69571852684021,0.892153799533844,0.6669496297836304,0.8709222674369812,0.6599730253219604,0.887445330619812,0.7626597285270691,0.8675591349601746,0.754700779914856,0.8917832374572754,0.8753390312194824,0.8734175562858582,0.8606939315795898,0.8931740522384644,0.8840335607528687,0.8771461248397827,0.8748533725738525,0.8893585801124573,0.9213926196098328,0.8645254969596863,0.9021776914596558,0
0.8604484796524048,0.5386615991592407,0.8615697026252747,0.5263833999633789,0.8629598617553711,0.5242093801498413,0.864193856716156,0.5216077566146851,0.8581245541572571,0.5281955599784851,0.8572371006011963,0.527445912361145,0.8558871746063232,0.5265837907791138,0.8679633736610413,0.5086490511894226,0.8568645715713501,0.5179942846298218,0.8653541207313538,0.5397445559501648,0.8610256314277649,0.5409425497055054,0.8924070000648499,0.5274683237075806,0.8518874049186707,0.5364482998847961,0.9080579280853271,0.6187939047813416,0.8446956872940063,0.6100310683250427,0.8911381363868713,0.7181112766265869,0.8528046011924744,0.6901060938835144,0.8886315226554871,0.7416133880615234,0.8529378175735474,0.7145201563835144,0.8833366632461548,0.7345638871192932,0.856310248374939,0.7146816849708557,0.8822027444839478,0.7252254486083984,0.8570342063903809,0.7055763006210327,0.8944787383079529,0.6440702676773071,0.8724757432937622,0.6434977054595947,0.8861962556838989,0.7547606229782104,0.8665432929992676,0.7423442006111145,0.8900164365768433,0.8699750304222107,0.8718021512031555,0.8517708778381348,0.8905856609344482,0.8834036588668823,0.875282883644104,0.8707152009010315,0.8849377632141113,0.9177565574645996,0.8640401363372803,0.8995318412780762,0
0.8618795275688171,0.547342836856842,0.8624204397201538,0.5342408418655396,0.8634176850318909,0.5320513844490051,0.864798367023468,0.5291945934295654,0.8595172762870789,0.5369505286216736,0.8586522340774536,0.5366578102111816,0.857260525226593,0.5363935232162476,0.868237316608429,0.5182890295982361,0.8577342629432678,0.5284252166748047,0.8663476705551147,0.5492525100708008,0.8626761436462402,0.5511085987091064,0.8937802910804749,0.5363055467605591,0.8543295860290527,0.5518343448638916,0.9087300896644592,0.614169716835022,0.8471934795379639,0.6130101680755615,0.8968555331230164,0.7087174654006958,0.8527726531028748,0.699424147605896,0.8939775228500366,0.7335923910140991,0.8512620329856873,0.7176246643066406,0.890602707862854,0.7319452166557312,0.8526481986045837,0.7186582088470459,0.8906088471412659,0.7217196226119995,0.8543447852134705,0.7103732228279114,0.8956519365310669,0.6523775458335876,0.8750917911529541,0.6566846370697021,0.8870671391487122,0.7573549151420593,0.8648430705070496,0.745233952999115,0.89188152551651,0.8668663501739502,0.8750162124633789,0.850445568561554,0.8928818702697754,0.875549852848053,0.8787438869476318,0.8595573902130127,0.8877303600311279,0.9126908183097839,0.8674224019050598,0.8881115913391113,0
0.8628658652305603,0.5583953857421875,0.862999677658081,0.5446655750274658,0.8641127347946167,0.5419809818267822,0.8651483058929443,0.5389307141304016,0.8600326180458069,0.5481132864952087,0.8588769435882568,0.548191249370575,0.8580217957496643,0.5476948618888855,0.8692181706428528,0.5275923013687134,0.8587937355041504,0.5408819317817688,0.8669084310531616,0.559863269329071,0.8633918762207031,0.5620836019515991,0.8941866159439087,0.5445162057876587,0.855490505695343,0.563542902469635,0.908484935760498,0.6339203119277954,0.8485394716262817,0.6280288696289062,0.895629346370697,0.7250193953514099,0.8536476492881775,0.7146525382995605,0.8937278389930725,0.746816098690033,0.8517089486122131,0.7336692810058594,0.8894129991531372,0.7465814352035522,0.8545066714286804,0.732645571231842,0.8891035914421082,0.7374966740608215,0.8566297888755798,0.7288066148757935,0.8955461978912354,0.6650769114494324,0.874199628829956,0.6664305925369263,0.8874063491821289,0.7688716053962708,0.8637862205505371,0.7415212988853455,0.8905808925628662,0.870111882686615,0.8744938373565674,0.8418083786964417,0.8939902186393738,0.8845394253730774,0.8832423686981201,0.8612326383590698,0.8882911205291748,0.9183350205421448,0.8695558905601501,0.8840936422348022,0
0.8634164333343506,0.572192907333374,0.864037036895752,0.5604746341705322,0.8652188777923584,0.5579428672790527,0.866582453250885,0.5548138618469238,0.8609424233436584,0.5638095140457153,0.8599917888641357,0.5636398792266846,0.8587927222251892,0.5632017850875854,0.8707329034805298,0.54053795337677,0.8594369888305664,0.5550640821456909,0.8679330945014954,0.5739358067512512,0.8641085028648376,0.5764058232307434,0.8953165411949158,0.5552138090133667,0.8563750386238098,0.5754544734954834,0.90803062915802,0.6486886143684387,0.8482509851455688,0.6436982154846191,0.8935337066650391,0.7391178011894226,0.8544029593467712,0.7232614159584045,0.8922421336174011,0.7636262774467468,0.8527333736419678,0.7461217045783997,0.8879721760749817,0.762378990650177,0.8553255796432495,0.7465541958808899,0.887337327003479,0.7522361278533936,0.8573523759841919,0.7422555685043335,0.8931897878646851,0.6988694071769714,0.8732239007949829,0.6986352205276489,0.8867929577827454,0.7763742208480835,0.8678609728813171,0.7659844160079956,0.892432689666748,0.8703206181526184,0.8756632804870605,0.8454104661941528,0.8947824835777283,0.8809147477149963,0.8795077204704285,0.8531060814857483,0.8899909853935242,0.9139828085899353,0.8700456023216248,0.8795682191848755,0
0.8652598857879639,0.5870275497436523,0.8653964400291443,0.5752483010292053,0.8669217824935913,0.5732532739639282,0.867996335029602,0.5694280862808228,0.8630685806274414,0.5773180723190308,0.8618409633636475,0.5766857862472534,0.8611537218093872,0.5758824348449707,0.87285977602005,0.555876612663269,0.8626962304115295,0.5664013624191284,0.8693423867225647,0.5877096652984619,0.8659504055976868,0.5911381244659424,0.8964104056358337,0.5692176818847656,0.8588290810585022,0.5811436176300049,0.905853271484375,0.6641372442245483,0.8549062013626099,0.6574518084526062,0.893954873085022,0.7560200095176697,0.8569807410240173,0.7421204447746277,0.8926434516906738,0.7788679003715515,0.856031060218811,0.7647206783294678,0.8885406851768494,0.774938702583313,0.8584901094436646,0.7652854323387146,0.8867480754852295,0.7685684561729431,0.8609622120857239,0.7606241106987,0.8913524150848389,0.7019256949424744,0.8717625141143799,0.6801920533180237,0.8868443965911865,0.7807348966598511,0.8637645244598389,0.7532733082771301,0.8919063210487366,0.8704677224159241,0.8754777908325195,0.8370505571365356,0.8910486698150635,0.8793705701828003,0.8798671364784241,0.8455525636672974,0.8873057961463928,0.9141733646392822,0.8718277215957642,0.8759621977806091,0
0.8668738603591919,0.598395824432373,0.8668712377548218,0.5871291160583496,0.8684943318367004,0.5851628184318542,0.8696091175079346,0.5821781158447266,0.8635258078575134,0.5888513326644897,0.8627909421920776,0.5883657932281494,0.8619877099990845,0.587632417678833,0.8733187317848206,0.568831205368042,0.8628096580505371,0.5793941617012024,0.8710317015647888,0.599057674407959,0.8672406673431396,0.6020470857620239,0.8971702456474304,0.5752564668655396,0.8568825721740723,0.5847715139389038,0.9059979319572449,0.6762955784797668,0.8529842495918274,0.6667732000350952,0.894106388092041,0.7664217352867126,0.8563971519470215,0.7604207992553711,0.8929475545883179,0.7905084490776062,0.8554206490516663,0.7820335626602173,0.8881388902664185,0.7914616465568542,0.8581461310386658,0.7827133536338806,0.8875458836555481,0.7813438177108765,0.859619677066803,0.7748584151268005,0.89445960521698,0.7047502398490906,0.8732796311378479,0.6845617294311523,0.8866282105445862,0.7885050773620605,0.8706422448158264,0.7790438532829285,0.8929532170295715,0.8784055709838867,0.8768196105957031,0.8511419892311096,0.89726322889328,0.8881579041481018,0.8801323175430298,0.8585250377655029,0.8894665241241455,0.9187087416648865,0.8720691800117493,0.8954155445098877,0
0.8678226470947266,0.6121022701263428,0.8686866164207458,0.6022920608520508,0.8698018789291382,0.5996628999710083,0.8708951473236084,0.597331702709198,0.8653042912483215,0.6041531562805176,0.8637338280677795,0.6036967635154724,0.86294025182724,0.6029911637306213,0.874836266040802,0.5822508335113525,0.8637787699699402,0.5936245322227478,0.8721582293510437,0.6127155423164368,0.8681303858757019,0.614944577217102,0.8972881436347961,0.5874993205070496,0.8566898703575134,0.5991208553314209,0.9059959053993225,0.6869236826896667,0.8526794910430908,0.6826609373092651,0.8937001824378967,0.7799206376075745,0.8575186133384705,0.7699112892150879,0.8927772641181946,0.8031443357467651,0.8573503494262695,0.7962439656257629,0.8882251977920532,0.7999677062034607,0.8596386313438416,0.796855092048645,0.8875743746757507,0.7942095994949341,0.8615172505378723,0.7886912226676941,0.8948028087615967,0.71372389793396,0.8732388019561768,0.7181652784347534,0.8955444693565369,0.794740617275238,0.8682666420936584,0.7831341028213501,0.8963046073913574,0.8824337124824524,0.8761141300201416,0.8568037152290344,0.8962511420249939,0.8929793238639832,0.8796557188034058,0.8647993206977844,0.8897797465324402,0.9209561347961426,0.8714709281921387,0.8918687701225281,0
0.8667019605636597,0.6187115907669067,0.8672966361045837,0.6081148982048035,0.8691942691802979,0.6062630414962769,0.8703373074531555,0.6042527556419373,0.8639849424362183,0.6090028882026672,0.8632709980010986,0.6080560684204102,0.8615505695343018,0.6064910888671875,0.874561071395874,0.5908668041229248,0.8619639873504639,0.5981531143188477,0.8707049489021301,0.6196122765541077,0.8669180870056152,0.620360255241394,0.8974987268447876,0.6006170511245728,0.8544825315475464,0.6131788492202759,0.9056951999664307,0.7016885876655579,0.8517528772354126,0.6906968951225281,0.8938767313957214,0.7904736399650574,0.853575587272644,0.7798726558685303,0.893268883228302,0.81145179271698,0.8523938059806824,0.8045468330383301,0.8896268606185913,0.811421811580658,0.8548665046691895,0.8050034642219543,0.8883205652236938,0.8029586672782898,0.8571274876594543,0.7966441512107849,0.8906528353691101,0.7008151412010193,0.8692799210548401,0.7014708518981934,0.8899577856063843,0.7821761965751648,0.8690547347068787,0.7877461314201355,0.8903988003730774,0.87288498878479,0.8760210871696472,0.8505769968032837,0.890411376953125,0.8779119253158569,0.87921142578125,0.8563423156738281,0.8870664834976196,0.9077613353729248,0.8710160851478577,0.87916100025177,0
0.8659844398498535,0.6284668445587158,0.8672266006469727,0.617810845375061,0.868429958820343,0.6147134304046631,0.8702853918075562,0.6135791540145874,0.8640133738517761,0.616775631904602,0.8634580969810486,0.6156678199768066,0.862831711769104,0.6141893863677979,0.8757217526435852,0.6025265455245972,0.864727258682251,0.6056612730026245,0.8709027767181396,0.6318820714950562,0.8662945032119751,0.6311357617378235,0.8996684551239014,0.6282553672790527,0.8613131046295166,0.6214525699615479,0.9053820371627808,0.7184423804283142,0.8534387350082397,0.6971880197525024,0.8925329446792603,0.8042541146278381,0.8558673858642578,0.7909753322601318,0.8905457854270935,0.8272777199745178,0.8541451096534729,0.8122149109840393,0.8856709003448486,0.8230545520782471,0.8576499223709106,0.8132308721542358,0.8858336806297302,0.8129482269287109,0.8595350980758667,0.8067295551300049,0.8868304491043091,0.7424940466880798,0.8698424100875854,0.7291035652160645,0.8891075849533081,0.822978675365448,0.8647539615631104,0.7872862815856934,0.8916752338409424,0.8825640082359314,0.8705145120620728,0.8543580174446106,0.892874002456665,0.8889670372009277,0.8740749359130859,0.8634272813796997,0.8848046660423279,0.9164237380027771,0.8620612621307373,0.8856131434440613,0
0.867134153842926,0.6466658115386963,0.8676422834396362,0.6333734393119812,0.8694303035736084,0.6309505701065063,0.871394693851471,0.6287681460380554,0.8645259737968445,0.634358286857605,0.8633506894111633,0.633583128452301,0.8626899123191833,0.6326864957809448,0.8766737580299377,0.6153353452682495,0.862410843372345,0.6243159770965576,0.8716162443161011,0.6467084884643555,0.8672468662261963,0.6492332220077515,0.9015467166900635,0.6367417573928833,0.8568421006202698,0.6397716403007507,0.9050618410110474,0.7305150032043457,0.8487251400947571,0.7297199964523315,0.8929992318153381,0.8172746896743774,0.846881091594696,0.8251274824142456,0.8930516242980957,0.8418685793876648,0.8456524610519409,0.8501168489456177,0.8883929252624512,0.8372235298156738,0.848050594329834,0.848579466342926,0.8875096440315247,0.8303985595703125,0.8501918315887451,0.8392376899719238,0.8903666138648987,0.7207636833190918,0.8688713908195496,0.7168297171592712,0.8892936706542969,0.8097862005233765,0.8679713606834412,0.7892606854438782,0.8866052627563477,0.8553155660629272,0.8687506318092346,0.8414734601974487,0.885969340801239,0.8571497797966003,0.8700082302093506,0.8446969389915466,0.8836784958839417,0.8932844400405884,0.8666232228279114,0.8797332644462585,0
0.0,0.0,0.0,0.0,0.0,0.0,0.0,0.0,0.0,0.0,0.0,0.0,0.0,0.0,0.0,0.0,0.0,0.0,0.0,0.0,0.0,0.0,0.0,0.0,0.0,0.0,0.0,0.0,0.0,0.0,0.0,0.0,0.0,0.0,0.0,0.0,0.0,0.0,0.0,0.0,0.0,0.0,0.0,0.0,0.0,0.0,0.0,0.0,0.0,0.0,0.0,0.0,0.0,0.0,0.0,0.0,0.0,0.0,0.0,0.0,0.0,0.0,0.0,0.0,0.0,0.0,0
0.0,0.0,0.0,0.0,0.0,0.0,0.0,0.0,0.0,0.0,0.0,0.0,0.0,0.0,0.0,0.0,0.0,0.0,0.0,0.0,0.0,0.0,0.0,0.0,0.0,0.0,0.0,0.0,0.0,0.0,0.0,0.0,0.0,0.0,0.0,0.0,0.0,0.0,0.0,0.0,0.0,0.0,0.0,0.0,0.0,0.0,0.0,0.0,0.0,0.0,0.0,0.0,0.0,0.0,0.0,0.0,0.0,0.0,0.0,0.0,0.0,0.0,0.0,0.0,0.0,0.0,0
0.0,0.0,0.0,0.0,0.0,0.0,0.0,0.0,0.0,0.0,0.0,0.0,0.0,0.0,0.0,0.0,0.0,0.0,0.0,0.0,0.0,0.0,0.0,0.0,0.0,0.0,0.0,0.0,0.0,0.0,0.0,0.0,0.0,0.0,0.0,0.0,0.0,0.0,0.0,0.0,0.0,0.0,0.0,0.0,0.0,0.0,0.0,0.0,0.0,0.0,0.0,0.0,0.0,0.0,0.0,0.0,0.0,0.0,0.0,0.0,0.0,0.0,0.0,0.0,0.0,0.0,0
0.0,0.0,0.0,0.0,0.0,0.0,0.0,0.0,0.0,0.0,0.0,0.0,0.0,0.0,0.0,0.0,0.0,0.0,0.0,0.0,0.0,0.0,0.0,0.0,0.0,0.0,0.0,0.0,0.0,0.0,0.0,0.0,0.0,0.0,0.0,0.0,0.0,0.0,0.0,0.0,0.0,0.0,0.0,0.0,0.0,0.0,0.0,0.0,0.0,0.0,0.0,0.0,0.0,0.0,0.0,0.0,0.0,0.0,0.0,0.0,0.0,0.0,0.0,0.0,0.0,0.0,0
0.0,0.0,0.0,0.0,0.0,0.0,0.0,0.0,0.0,0.0,0.0,0.0,0.0,0.0,0.0,0.0,0.0,0.0,0.0,0.0,0.0,0.0,0.0,0.0,0.0,0.0,0.0,0.0,0.0,0.0,0.0,0.0,0.0,0.0,0.0,0.0,0.0,0.0,0.0,0.0,0.0,0.0,0.0,0.0,0.0,0.0,0.0,0.0,0.0,0.0,0.0,0.0,0.0,0.0,0.0,0.0,0.0,0.0,0.0,0.0,0.0,0.0,0.0,0.0,0.0,0.0,0
0.0,0.0,0.0,0.0,0.0,0.0,0.0,0.0,0.0,0.0,0.0,0.0,0.0,0.0,0.0,0.0,0.0,0.0,0.0,0.0,0.0,0.0,0.0,0.0,0.0,0.0,0.0,0.0,0.0,0.0,0.0,0.0,0.0,0.0,0.0,0.0,0.0,0.0,0.0,0.0,0.0,0.0,0.0,0.0,0.0,0.0,0.0,0.0,0.0,0.0,0.0,0.0,0.0,0.0,0.0,0.0,0.0,0.0,0.0,0.0,0.0,0.0,0.0,0.0,0.0,0.0,0
0.0,0.0,0.0,0.0,0.0,0.0,0.0,0.0,0.0,0.0,0.0,0.0,0.0,0.0,0.0,0.0,0.0,0.0,0.0,0.0,0.0,0.0,0.0,0.0,0.0,0.0,0.0,0.0,0.0,0.0,0.0,0.0,0.0,0.0,0.0,0.0,0.0,0.0,0.0,0.0,0.0,0.0,0.0,0.0,0.0,0.0,0.0,0.0,0.0,0.0,0.0,0.0,0.0,0.0,0.0,0.0,0.0,0.0,0.0,0.0,0.0,0.0,0.0,0.0,0.0,0.0,0
0.0,0.0,0.0,0.0,0.0,0.0,0.0,0.0,0.0,0.0,0.0,0.0,0.0,0.0,0.0,0.0,0.0,0.0,0.0,0.0,0.0,0.0,0.0,0.0,0.0,0.0,0.0,0.0,0.0,0.0,0.0,0.0,0.0,0.0,0.0,0.0,0.0,0.0,0.0,0.0,0.0,0.0,0.0,0.0,0.0,0.0,0.0,0.0,0.0,0.0,0.0,0.0,0.0,0.0,0.0,0.0,0.0,0.0,0.0,0.0,0.0,0.0,0.0,0.0,0.0,0.0,0
0.0,0.0,0.0,0.0,0.0,0.0,0.0,0.0,0.0,0.0,0.0,0.0,0.0,0.0,0.0,0.0,0.0,0.0,0.0,0.0,0.0,0.0,0.0,0.0,0.0,0.0,0.0,0.0,0.0,0.0,0.0,0.0,0.0,0.0,0.0,0.0,0.0,0.0,0.0,0.0,0.0,0.0,0.0,0.0,0.0,0.0,0.0,0.0,0.0,0.0,0.0,0.0,0.0,0.0,0.0,0.0,0.0,0.0,0.0,0.0,0.0,0.0,0.0,0.0,0.0,0.0,0
0.0,0.0,0.0,0.0,0.0,0.0,0.0,0.0,0.0,0.0,0.0,0.0,0.0,0.0,0.0,0.0,0.0,0.0,0.0,0.0,0.0,0.0,0.0,0.0,0.0,0.0,0.0,0.0,0.0,0.0,0.0,0.0,0.0,0.0,0.0,0.0,0.0,0.0,0.0,0.0,0.0,0.0,0.0,0.0,0.0,0.0,0.0,0.0,0.0,0.0,0.0,0.0,0.0,0.0,0.0,0.0,0.0,0.0,0.0,0.0,0.0,0.0,0.0,0.0,0.0,0.0,0
0.0,0.0,0.0,0.0,0.0,0.0,0.0,0.0,0.0,0.0,0.0,0.0,0.0,0.0,0.0,0.0,0.0,0.0,0.0,0.0,0.0,0.0,0.0,0.0,0.0,0.0,0.0,0.0,0.0,0.0,0.0,0.0,0.0,0.0,0.0,0.0,0.0,0.0,0.0,0.0,0.0,0.0,0.0,0.0,0.0,0.0,0.0,0.0,0.0,0.0,0.0,0.0,0.0,0.0,0.0,0.0,0.0,0.0,0.0,0.0,0.0,0.0,0.0,0.0,0.0,0.0,0
0.0,0.0,0.0,0.0,0.0,0.0,0.0,0.0,0.0,0.0,0.0,0.0,0.0,0.0,0.0,0.0,0.0,0.0,0.0,0.0,0.0,0.0,0.0,0.0,0.0,0.0,0.0,0.0,0.0,0.0,0.0,0.0,0.0,0.0,0.0,0.0,0.0,0.0,0.0,0.0,0.0,0.0,0.0,0.0,0.0,0.0,0.0,0.0,0.0,0.0,0.0,0.0,0.0,0.0,0.0,0.0,0.0,0.0,0.0,0.0,0.0,0.0,0.0,0.0,0.0,0.0,0
0.0,0.0,0.0,0.0,0.0,0.0,0.0,0.0,0.0,0.0,0.0,0.0,0.0,0.0,0.0,0.0,0.0,0.0,0.0,0.0,0.0,0.0,0.0,0.0,0.0,0.0,0.0,0.0,0.0,0.0,0.0,0.0,0.0,0.0,0.0,0.0,0.0,0.0,0.0,0.0,0.0,0.0,0.0,0.0,0.0,0.0,0.0,0.0,0.0,0.0,0.0,0.0,0.0,0.0,0.0,0.0,0.0,0.0,0.0,0.0,0.0,0.0,0.0,0.0,0.0,0.0,0
0.0,0.0,0.0,0.0,0.0,0.0,0.0,0.0,0.0,0.0,0.0,0.0,0.0,0.0,0.0,0.0,0.0,0.0,0.0,0.0,0.0,0.0,0.0,0.0,0.0,0.0,0.0,0.0,0.0,0.0,0.0,0.0,0.0,0.0,0.0,0.0,0.0,0.0,0.0,0.0,0.0,0.0,0.0,0.0,0.0,0.0,0.0,0.0,0.0,0.0,0.0,0.0,0.0,0.0,0.0,0.0,0.0,0.0,0.0,0.0,0.0,0.0,0.0,0.0,0.0,0.0,0
0.0,0.0,0.0,0.0,0.0,0.0,0.0,0.0,0.0,0.0,0.0,0.0,0.0,0.0,0.0,0.0,0.0,0.0,0.0,0.0,0.0,0.0,0.0,0.0,0.0,0.0,0.0,0.0,0.0,0.0,0.0,0.0,0.0,0.0,0.0,0.0,0.0,0.0,0.0,0.0,0.0,0.0,0.0,0.0,0.0,0.0,0.0,0.0,0.0,0.0,0.0,0.0,0.0,0.0,0.0,0.0,0.0,0.0,0.0,0.0,0.0,0.0,0.0,0.0,0.0,0.0,0
0.0,0.0,0.0,0.0,0.0,0.0,0.0,0.0,0.0,0.0,0.0,0.0,0.0,0.0,0.0,0.0,0.0,0.0,0.0,0.0,0.0,0.0,0.0,0.0,0.0,0.0,0.0,0.0,0.0,0.0,0.0,0.0,0.0,0.0,0.0,0.0,0.0,0.0,0.0,0.0,0.0,0.0,0.0,0.0,0.0,0.0,0.0,0.0,0.0,0.0,0.0,0.0,0.0,0.0,0.0,0.0,0.0,0.0,0.0,0.0,0.0,0.0,0.0,0.0,0.0,0.0,0
0.0,0.0,0.0,0.0,0.0,0.0,0.0,0.0,0.0,0.0,0.0,0.0,0.0,0.0,0.0,0.0,0.0,0.0,0.0,0.0,0.0,0.0,0.0,0.0,0.0,0.0,0.0,0.0,0.0,0.0,0.0,0.0,0.0,0.0,0.0,0.0,0.0,0.0,0.0,0.0,0.0,0.0,0.0,0.0,0.0,0.0,0.0,0.0,0.0,0.0,0.0,0.0,0.0,0.0,0.0,0.0,0.0,0.0,0.0,0.0,0.0,0.0,0.0,0.0,0.0,0.0,0
0.0,0.0,0.0,0.0,0.0,0.0,0.0,0.0,0.0,0.0,0.0,0.0,0.0,0.0,0.0,0.0,0.0,0.0,0.0,0.0,0.0,0.0,0.0,0.0,0.0,0.0,0.0,0.0,0.0,0.0,0.0,0.0,0.0,0.0,0.0,0.0,0.0,0.0,0.0,0.0,0.0,0.0,0.0,0.0,0.0,0.0,0.0,0.0,0.0,0.0,0.0,0.0,0.0,0.0,0.0,0.0,0.0,0.0,0.0,0.0,0.0,0.0,0.0,0.0,0.0,0.0,0
0.0,0.0,0.0,0.0,0.0,0.0,0.0,0.0,0.0,0.0,0.0,0.0,0.0,0.0,0.0,0.0,0.0,0.0,0.0,0.0,0.0,0.0,0.0,0.0,0.0,0.0,0.0,0.0,0.0,0.0,0.0,0.0,0.0,0.0,0.0,0.0,0.0,0.0,0.0,0.0,0.0,0.0,0.0,0.0,0.0,0.0,0.0,0.0,0.0,0.0,0.0,0.0,0.0,0.0,0.0,0.0,0.0,0.0,0.0,0.0,0.0,0.0,0.0,0.0,0.0,0.0,0
0.0,0.0,0.0,0.0,0.0,0.0,0.0,0.0,0.0,0.0,0.0,0.0,0.0,0.0,0.0,0.0,0.0,0.0,0.0,0.0,0.0,0.0,0.0,0.0,0.0,0.0,0.0,0.0,0.0,0.0,0.0,0.0,0.0,0.0,0.0,0.0,0.0,0.0,0.0,0.0,0.0,0.0,0.0,0.0,0.0,0.0,0.0,0.0,0.0,0.0,0.0,0.0,0.0,0.0,0.0,0.0,0.0,0.0,0.0,0.0,0.0,0.0,0.0,0.0,0.0,0.0,0
0.0,0.0,0.0,0.0,0.0,0.0,0.0,0.0,0.0,0.0,0.0,0.0,0.0,0.0,0.0,0.0,0.0,0.0,0.0,0.0,0.0,0.0,0.0,0.0,0.0,0.0,0.0,0.0,0.0,0.0,0.0,0.0,0.0,0.0,0.0,0.0,0.0,0.0,0.0,0.0,0.0,0.0,0.0,0.0,0.0,0.0,0.0,0.0,0.0,0.0,0.0,0.0,0.0,0.0,0.0,0.0,0.0,0.0,0.0,0.0,0.0,0.0,0.0,0.0,0.0,0.0,0
0.0,0.0,0.0,0.0,0.0,0.0,0.0,0.0,0.0,0.0,0.0,0.0,0.0,0.0,0.0,0.0,0.0,0.0,0.0,0.0,0.0,0.0,0.0,0.0,0.0,0.0,0.0,0.0,0.0,0.0,0.0,0.0,0.0,0.0,0.0,0.0,0.0,0.0,0.0,0.0,0.0,0.0,0.0,0.0,0.0,0.0,0.0,0.0,0.0,0.0,0.0,0.0,0.0,0.0,0.0,0.0,0.0,0.0,0.0,0.0,0.0,0.0,0.0,0.0,0.0,0.0,0
0.863612174987793,0.7625471949577332,0.8662745952606201,0.7562766075134277,0.8663561344146729,0.7537738680839539,0.866473913192749,0.7513498663902283,0.8655391335487366,0.7620276808738708,0.8651344776153564,0.7632958292961121,0.8647382259368896,0.7644042372703552,0.8631081581115723,0.740595281124115,0.8605092763900757,0.7664053440093994,0.8592869639396667,0.7564794421195984,0.858555793762207,0.7615466117858887,0.8436586856842041,0.7036731243133545,0.8368767499923706,0.7804359197616577,0.8318634033203125,0.6854536533355713,0.8250732421875,0.8565990328788757,0.8194683194160461,0.6934420466423035,0.8133085370063782,0.9487949013710022,0.817052960395813,0.6908993124961853,0.8104698061943054,0.9674652218818665,0.8169401288032532,0.6965853571891785,0.8121476769447327,0.9689781665802002,0.8167717456817627,0.6995784640312195,0.8127541542053223,0.9621670842170715,0.7881547212600708,0.7033858299255371,0.7839427590370178,0.7336753606796265,0.7617641687393188,0.6841376423835754,0.7645266652107239,0.7266806364059448,0.741227388381958,0.680350661277771,0.7513479590415955,0.7103064656257629,0.736472487449646,0.6793276071548462,0.7481412291526794,0.7036702632904053,0.7424805760383606,0.6838018894195557,0.7539942860603333,0.7226296663284302,0
0.8552984595298767,0.7799596190452576,0.858518123626709,0.7758505940437317,0.8588641881942749,0.7769454121589661,0.8592879772186279,0.7782751321792603,0.8576439619064331,0.7654703855514526,0.8574389815330505,0.7628732323646545,0.8573548197746277,0.760658323764801,0.859453022480011,0.7657953500747681,0.8556948900222778,0.7472222447395325,0.8519223928451538,0.7811379432678223,0.8512147665023804,0.7689502239227295,0.8443331718444824,0.7724686861038208,0.8329774737358093,0.7226988077163696,0.8604522943496704,0.8653476238250732,0.8345320224761963,0.8410252928733826,0.8777914047241211,0.9512401819229126,0.857938289642334,0.9524939656257629,0.8702633380889893,0.9700146317481995,0.8640440106391907,0.9803799390792847,0.8798268437385559,0.9712072610855103,0.8698567152023315,0.975112795829773,0.8760209679603577,0.965781569480896,0.867344081401825,0.9656238555908203,0.7598623633384705,0.7480487823486328,0.7547641396522522,0.7074852585792542,0.7102183103561401,0.7404450178146362,0.7073745131492615,0.6886000633239746,0.6815232634544373,0.7451213002204895,0.6853116750717163,0.7421863675117493,0.677416205406189,0.7462433576583862,0.6834236979484558,0.7524110674858093,0.6744774580001831,0.7506517171859741,0.6771481037139893,0.7531802654266357,0
0.8547375202178955,0.7666747570037842,0.8605982065200806,0.7629629969596863,0.8609813451766968,0.7625553011894226,0.8613987565040588,0.762389063835144,0.8596482872962952,0.7635306119918823,0.8593957424163818,0.7637102007865906,0.8592461347579956,0.7642526030540466,0.8607983589172363,0.7518266439437866,0.8582202792167664,0.7631837725639343,0.8510938882827759,0.7629207372665405,0.8504896759986877,0.7629467844963074,0.8444057106971741,0.7346209287643433,0.8355598449707031,0.7646681666374207,0.8546028137207031,0.7944309115409851,0.8266271948814392,0.8748610615730286,0.8685356378555298,0.8759461641311646,0.819246232509613,0.9764025211334229,0.8755542635917664,0.891452968120575,0.8283411860466003,1.0129261016845703,0.8744896650314331,0.8970860242843628,0.8329466581344604,1.0130034685134888,0.8707185983657837,0.8925842046737671,0.8328242897987366,1.0030593872070312,0.7736219167709351,0.7146672606468201,0.7700775861740112,0.7235332131385803,0.7222610712051392,0.6975148916244507,0.7288222908973694,0.7165849208831787,0.6826766133308411,0.7033202648162842,0.6944003701210022,0.7260839939117432,0.6758257150650024,0.7066113948822021,0.6892561912536621,0.7278695702552795,0.6782459616661072,0.6963133215904236,0.6889047622680664,0.7305185794830322,0
0.8620898127555847,0.7705865502357483,0.8631854057312012,0.7577340602874756,0.8642221093177795,0.7580184936523438,0.8647865056991577,0.7544926404953003,0.8613593578338623,0.766908586025238,0.8606228232383728,0.7726771235466003,0.8603331446647644,0.7750372290611267,0.8621873259544373,0.7406752109527588,0.855550229549408,0.7735075950622559,0.8596076369285583,0.7631873488426208,0.8574473857879639,0.7710608243942261,0.8624942302703857,0.6964567303657532,0.8325448036193848,0.8007147908210754,0.8735648393630981,0.7365034818649292,0.8232245445251465,0.8889645934104919,0.8904412388801575,0.7885088920593262,0.8131569027900696,0.9681795835494995,0.8989160060882568,0.7930312156677246,0.814602792263031,0.9885028004646301,0.8961083889007568,0.8053615093231201,0.8148940801620483,0.9831137657165527,0.8909580707550049,0.8062206506729126,0.8149094581604004,0.9770516157150269,0.8106177449226379,0.6931984424591064,0.8012875914573669,0.7397615909576416,0.7844284772872925,0.6878042221069336,0.7792865633964539,0.7557641267776489,0.7585309743881226,0.6692996025085449,0.7680690884590149,0.7187797427177429,0.7542139887809753,0.6681201457977295,0.7667810916900635,0.7128207087516785,0.7590234279632568,0.6661239266395569,0.770197331905365,0.7200702428817749,0
0.863425076007843,0.7851045727729797,0.8633022308349609,0.7675634622573853,0.8636847138404846,0.7656863927841187,0.8641676902770996,0.7638821005821228,0.8615886569023132,0.7758512496948242,0.8607513904571533,0.7811266779899597,0.8588540554046631,0.7805536985397339,0.8644593954086304,0.7507316470146179,0.8555647134780884,0.7798234820365906,0.8614094257354736,0.777450680732727,0.8581451177597046,0.7842555642127991,0.8655064702033997,0.7057453393936157,0.8310397267341614,0.7979588508605957,0.8772916197776794,0.75298011302948,0.8306077122688293,0.8985446691513062,0.890656590461731,0.8039131760597229,0.8378628492355347,0.9818079471588135,0.8993409872055054,0.8104178309440613,0.8400728106498718,1.007021427154541,0.8954889178276062,0.8182809948921204,0.8431708812713623,1.0018433332443237,0.8903104066848755,0.8178983926773071,0.8420865535736084,0.989971399307251,0.8153769373893738,0.6891173720359802,0.8027765154838562,0.7302547693252563,0.8134279251098633,0.7041959166526794,0.8027995824813843,0.7590004205703735,0.7976535558700562,0.7096786499023438,0.7926841974258423,0.7471304535865784,0.7930388450622559,0.7083932757377625,0.7887665629386902,0.7421396374702454,0.8040287494659424,0.7236647605895996,0.8004250526428223,0.7658898830413818,0
0.8664085268974304,0.7770690321922302,0.8672389388084412,0.766398012638092,0.8681545257568359,0.7629290223121643,0.8691117167472839,0.7594306468963623,0.8637312650680542,0.7733075618743896,0.8599362373352051,0.7752026319503784,0.859531044960022,0.7770330905914307,0.8659948110580444,0.7441016435623169,0.8548369407653809,0.7741856575012207,0.8653697371482849,0.7720509767532349,0.8616913557052612,0.7789861559867859,0.8684648871421814,0.7070749402046204,0.8338209390640259,0.8031620979309082,0.8819670081138611,0.7605667114257812,0.8374718427658081,0.9020859003067017,0.8906936049461365,0.8266761898994446,0.8452550172805786,0.95686936378479,0.8976050019264221,0.833820104598999,0.8472061157226562,0.975153923034668,0.8924723267555237,0.842734158039093,0.8488244414329529,0.9641054272651672,0.8886075019836426,0.8419970273971558,0.8483511209487915,0.9563482999801636,0.8311012983322144,0.7028066515922546,0.813714325428009,0.7526936531066895,0.8472387194633484,0.7402824759483337,0.8240624070167542,0.7892575263977051,0.849700927734375,0.7703290581703186,0.8314997553825378,0.7914079427719116,0.8461216688156128,0.7695761919021606,0.8297986388206482,0.7864223122596741,0.8656904697418213,0.7959266304969788,0.8474419713020325,0.8150011897087097,0
0.8612490892410278,0.7696725726127625,0.861825168132782,0.7616177797317505,0.8625516891479492,0.7586050033569336,0.8633140325546265,0.7555725574493408,0.8592251539230347,0.768465518951416,0.8575173020362854,0.7679324746131897,0.8571392297744751,0.7690249085426331,0.8609099388122559,0.7425631284713745,0.8527089357376099,0.7665339708328247,0.8617123961448669,0.7637758255004883,0.8583114147186279,0.769092321395874,0.8665934205055237,0.7094411849975586,0.834781289100647,0.7878336906433105,0.8728134632110596,0.7645512819290161,0.8324288129806519,0.858971893787384,0.884774386882782,0.8186376094818115,0.8368695974349976,0.8869153261184692,0.8918959498405457,0.8244863152503967,0.8379808068275452,0.8982657194137573,0.8879870176315308,0.8313864469528198,0.839076817035675,0.8878493309020996,0.8841730952262878,0.8307264447212219,0.8389464616775513,0.8831836581230164,0.8331936001777649,0.7000715136528015,0.8197889924049377,0.7478602528572083,0.8501802086830139,0.7398461103439331,0.8329082727432251,0.7815876007080078,0.851568341255188,0.7600924372673035,0.8365532755851746,0.7793561816215515,0.8488048315048218,0.758927047252655,0.8345798850059509,0.7753135561943054,0.8642224073410034,0.7785430550575256,0.8494493961334229,0.7958215475082397,0
0.8612515926361084,0.7591441869735718,0.8605034947395325,0.7517673969268799,0.86102694272995,0.7496270537376404,0.8615803718566895,0.7474600672721863,0.8580760955810547,0.7554184198379517,0.85748690366745,0.7595439553260803,0.8556042313575745,0.7588129639625549,0.8580119609832764,0.7391729354858398,0.8508819937705994,0.7581909894943237,0.860710620880127,0.7576472759246826,0.8581342697143555,0.7621436715126038,0.8608500957489014,0.7164407968521118,0.8355836868286133,0.7840458154678345,0.8716922402381897,0.7671247720718384,0.8404729962348938,0.8547219038009644,0.8781362771987915,0.8201243877410889,0.84488844871521,0.8935524225234985,0.8823919296264648,0.8257684111595154,0.8447171449661255,0.9058704376220703,0.8723137974739075,0.8240194320678711,0.8454376459121704,0.8987704515457153,0.8723596334457397,0.8236002922058105,0.8459353446960449,0.8932984471321106,0.8269577622413635,0.7186905741691589,0.8167999386787415,0.7559254169464111,0.8323677182197571,0.7428504228591919,0.820885181427002,0.7854891419410706,0.8326679468154907,0.7668128609657288,0.8233882188796997,0.7923550009727478,0.8292797207832336,0.7664533853530884,0.8204892873764038,0.7897816300392151,0.842775821685791,0.7903791666030884,0.834679365158081,0.8075932860374451,0
0.0,0.0,0.0,0.0,0.0,0.0,0.0,0.0,0.0,0.0,0.0,0.0,0.0,0.0,0.0,0.0,0.0,0.0,0.0,0.0,0.0,0.0,0.0,0.0,0.0,0.0,0.0,0.0,0.0,0.0,0.0,0.0,0.0,0.0,0.0,0.0,0.0,0.0,0.0,0.0,0.0,0.0,0.0,0.0,0.0,0.0,0.0,0.0,0.0,0.0,0.0,0.0,0.0,0.0,0.0,0.0,0.0,0.0,0.0,0.0,0.0,0.0,0.0,0.0,0.0,0.0,0
0.8588159084320068,0.7674596905708313,0.8585872650146484,0.7588268518447876,0.8592596054077148,0.7570392489433289,0.8599551916122437,0.7552286386489868,0.8556907176971436,0.7625141143798828,0.8543552160263062,0.7631262540817261,0.8530230522155762,0.7636930346488953,0.8564624786376953,0.7461786270141602,0.8467608094215393,0.7604666352272034,0.8579065203666687,0.7670217752456665,0.8549498915672302,0.7696903347969055,0.855217456817627,0.7284933924674988,0.8279204964637756,0.7863733768463135,0.8685014247894287,0.7659133672714233,0.8250243067741394,0.85865318775177,0.8746578693389893,0.8053697943687439,0.8276470899581909,0.8868906497955322,0.8791558742523193,0.807538628578186,0.8270128965377808,0.8969022035598755,0.8743213415145874,0.8151342272758484,0.8280426859855652,0.8877377510070801,0.8718016147613525,0.8152152895927429,0.8287897706031799,0.8840992450714111,0.822618305683136,0.7219380140304565,0.8120065927505493,0.7531636953353882,0.8278594613075256,0.7327448129653931,0.8191518783569336,0.7715421319007874,0.8242762684822083,0.7481917142868042,0.8186843991279602,0.7735494375228882,0.820611298084259,0.7496405839920044,0.815274178981781,0.7723200917243958,0.8344326019287109,0.7614980340003967,0.8292554616928101,0.7893304228782654,0
0.0,0.0,0.0,0.0,0.0,0.0,0.0,0.0,0.0,0.0,0.0,0.0,0.0,0.0,0.0,0.0,0.0,0.0,0.0,0.0,0.0,0.0,0.0,0.0,0.0,0.0,0.0,0.0,0.0,0.0,0.0,0.0,0.0,0.0,0.0,0.0,0.0,0.0,0.0,0.0,0.0,0.0,0.0,0.0,0.0,0.0,0.0,0.0,0.0,0.0,0.0,0.0,0.0,0.0,0.0,0.0,0.0,0.0,0.0,0.0,0.0,0.0,0.0,0.0,0.0,0.0,0
0.0,0.0,0.0,0.0,0.0,0.0,0.0,0.0,0.0,0.0,0.0,0.0,0.0,0.0,0.0,0.0,0.0,0.0,0.0,0.0,0.0,0.0,0.0,0.0,0.0,0.0,0.0,0.0,0.0,0.0,0.0,0.0,0.0,0.0,0.0,0.0,0.0,0.0,0.0,0.0,0.0,0.0,0.0,0.0,0.0,0.0,0.0,0.0,0.0,0.0,0.0,0.0,0.0,0.0,0.0,0.0,0.0,0.0,0.0,0.0,0.0,0.0,0.0,0.0,0.0,0.0,0
0.0,0.0,0.0,0.0,0.0,0.0,0.0,0.0,0.0,0.0,0.0,0.0,0.0,0.0,0.0,0.0,0.0,0.0,0.0,0.0,0.0,0.0,0.0,0.0,0.0,0.0,0.0,0.0,0.0,0.0,0.0,0.0,0.0,0.0,0.0,0.0,0.0,0.0,0.0,0.0,0.0,0.0,0.0,0.0,0.0,0.0,0.0,0.0,0.0,0.0,0.0,0.0,0.0,0.0,0.0,0.0,0.0,0.0,0.0,0.0,0.0,0.0,0.0,0.0,0.0,0.0,0
0.8548313975334167,0.7946425676345825,0.8583449125289917,0.7815238833427429,0.8593674898147583,0.7773042917251587,0.8596410751342773,0.7761885523796082,0.8532187342643738,0.789851188659668,0.8510324954986572,0.7878507971763611,0.8492486476898193,0.7888290882110596,0.8593135476112366,0.7612098455429077,0.8431452512741089,0.7818806171417236,0.8576412796974182,0.793421745300293,0.8533459305763245,0.7970551252365112,0.8655047416687012,0.7514349222183228,0.8244921565055847,0.7981516718864441,0.8795143961906433,0.8206914663314819,0.8230267763137817,0.8832263350486755,0.8895713090896606,0.9245592951774597,0.8139258623123169,0.9674719572067261,0.8948488831520081,0.9424632787704468,0.8125089406967163,0.9779936671257019,0.885859489440918,0.9518754482269287,0.8168178200721741,0.9741793870925903,0.8840596079826355,0.9462391138076782,0.815093994140625,0.9758924245834351,0.8624663949012756,0.7857051491737366,0.8426349759101868,0.8095369935035706,0.8785563707351685,0.8495579957962036,0.8545234799385071,0.8816151022911072,0.8817957043647766,0.9180995225906372,0.8636139631271362,0.9169684052467346,0.8793149590492249,0.9224086999893188,0.8636185526847839,0.9173223972320557,0.8905844688415527,0.9505764245986938,0.8723194599151611,0.938677191734314,0
0.8571199178695679,0.7996656894683838,0.859350323677063,0.7878322601318359,0.8597660660743713,0.7869831919670105,0.861308217048645,0.7852988243103027,0.8537675738334656,0.7910177707672119,0.8518989682197571,0.7916534543037415,0.8499695062637329,0.7924631237983704,0.8613820672035217,0.7671957015991211,0.8438389897346497,0.78624027967453,0.8585082292556763,0.7999787926673889,0.8536317944526672,0.8033308386802673,0.8686496019363403,0.7660535573959351,0.8258455395698547,0.8079548478126526,0.8817660808563232,0.8433895707130432,0.8128398060798645,0.8956117033958435,0.8867337703704834,0.9543461799621582,0.8099128007888794,0.9728066921234131,0.8904518485069275,0.9736121296882629,0.8037352561950684,0.9872242212295532,0.8819510340690613,0.9808985590934753,0.8070403337478638,0.9841184616088867,0.8805116415023804,0.975235104560852,0.8100365400314331,0.980732262134552,0.8664720058441162,0.7995337247848511,0.8456268310546875,0.8225367069244385,0.8722566366195679,0.8603240847587585,0.8478577136993408,0.874900758266449,0.8658151626586914,0.8987207412719727,0.8476179242134094,0.9000669717788696,0.8628841638565063,0.8969815373420715,0.8466091156005859,0.8975331783294678,0.866985559463501,0.9343819618225098,0.8533859252929688,0.9198346734046936,0
0.0,0.0,0.0,0.0,0.0,0.0,0.0,0.0,0.0,0.0,0.0,0.0,0.0,0.0,0.0,0.0,0.0,0.0,0.0,0.0,0.0,0.0,0.0,0.0,0.0,0.0,0.0,0.0,0.0,0.0,0.0,0.0,0.0,0.0,0.0,0.0,0.0,0.0,0.0,0.0,0.0,0.0,0.0,0.0,0.0,0.0,0.0,0.0,0.0,0.0,0.0,0.0,0.0,0.0,0.0,0.0,0.0,0.0,0.0,0.0,0.0,0.0,0.0,0.0,0.0,0.0,0
0.8568081855773926,0.8106503486633301,0.8572483062744141,0.8021056652069092,0.8582620620727539,0.799933671951294,0.8592992424964905,0.7977892160415649,0.853739857673645,0.8057165145874023,0.8523384928703308,0.8060336709022522,0.8509534597396851,0.8062465190887451,0.8579437732696533,0.7842884659767151,0.8462477326393127,0.7981188297271729,0.8569675087928772,0.8061896562576294,0.8534178733825684,0.8100378513336182,0.8617175221443176,0.7587519288063049,0.829632580280304,0.804652214050293,0.8661597967147827,0.804519534111023,0.823140025138855,0.872515082359314,0.8662434816360474,0.8451544642448425,0.8242514133453369,0.8941761255264282,0.8696377873420715,0.8490413427352905,0.8232298493385315,0.9003117084503174,0.865460216999054,0.8519814610481262,0.824384868144989,0.8924093246459961,0.862838089466095,0.8510587811470032,0.8251401782035828,0.8897846937179565,0.8269208073616028,0.7370277047157288,0.8126869201660156,0.7600151896476746,0.8305327296257019,0.777143657207489,0.8094170689582825,0.7949963808059692,0.8286184072494507,0.7964963912963867,0.8107649087905884,0.7944545745849609,0.8251268267631531,0.7945878505706787,0.8084490895271301,0.7889662384986877,0.8378304243087769,0.8199475407600403,0.8205084204673767,0.8130244612693787,0
0.0,0.0,0.0,0.0,0.0,0.0,0.0,0.0,0.0,0.0,0.0,0.0,0.0,0.0,0.0,0.0,0.0,0.0,0.0,0.0,0.0,0.0,0.0,0.0,0.0,0.0,0.0,0.0,0.0,0.0,0.0,0.0,0.0,0.0,0.0,0.0,0.0,0.0,0.0,0.0,0.0,0.0,0.0,0.0,0.0,0.0,0.0,0.0,0.0,0.0,0.0,0.0,0.0,0.0,0.0,0.0,0.0,0.0,0.0,0.0,0.0,0.0,0.0,0.0,0.0,0.0,0
0.8559867143630981,0.8373619318008423,0.8588870167732239,0.8257185220718384,0.8607953786849976,0.8243888020515442,0.8613017797470093,0.8236235976219177,0.8531607389450073,0.8261305689811707,0.8504101634025574,0.8274222016334534,0.8485942482948303,0.8264169096946716,0.8617975115776062,0.8101817965507507,0.8426465392112732,0.8111495971679688,0.8561386466026306,0.834132730960846,0.8507891893386841,0.8360846638679504,0.8658372759819031,0.7967755198478699,0.8215916156768799,0.8094452023506165,0.8771919012069702,0.856339693069458,0.8045589923858643,0.8824900984764099,0.8903815150260925,0.9248610734939575,0.8110859394073486,0.9650889039039612,0.8973656296730042,0.9299948811531067,0.8071393370628357,0.9786373972892761,0.8926882147789001,0.9336717128753662,0.8126300573348999,0.9800146222114563,0.8886174559593201,0.9331133365631104,0.8141329288482666,0.9768863916397095,0.8502947092056274,0.8183752298355103,0.8293455243110657,0.8284628391265869,0.848761260509491,0.8343985080718994,0.8265990614891052,0.851922869682312,0.8410869836807251,0.8303033709526062,0.8244771957397461,0.847769021987915,0.839331865310669,0.8232060670852661,0.8241142630577087,0.8413445949554443,0.8397048115730286,0.8518572449684143,0.825959324836731,0.8663871884346008,0
0.0,0.0,0.0,0.0,0.0,0.0,0.0,0.0,0.0,0.0,0.0,0.0,0.0,0.0,0.0,0.0,0.0,0.0,0.0,0.0,0.0,0.0,0.0,0.0,0.0,0.0,0.0,0.0,0.0,0.0,0.0,0.0,0.0,0.0,0.0,0.0,0.0,0.0,0.0,0.0,0.0,0.0,0.0,0.0,0.0,0.0,0.0,0.0,0.0,0.0,0.0,0.0,0.0,0.0,0.0,0.0,0.0,0.0,0.0,0.0,0.0,0.0,0.0,0.0,0.0,0.0,0
0.8579737544059753,0.8472030162811279,0.8602098226547241,0.8354102969169617,0.8608300089836121,0.8342792391777039,0.8626611828804016,0.8315589427947998,0.8540359735488892,0.8367235064506531,0.8519697785377502,0.8410202860832214,0.8500672578811646,0.8403803706169128,0.8627063632011414,0.8196844458580017,0.8436381816864014,0.8292697668075562,0.8585231304168701,0.8472501039505005,0.8518123030662537,0.8473849892616272,0.8657857179641724,0.809184193611145,0.821334183216095,0.8258633017539978,0.8765408992767334,0.8504301905632019,0.8051958680152893,0.866650402545929,0.8896083235740662,0.9018015265464783,0.8105717301368713,0.962325394153595,0.8959966897964478,0.9030494689941406,0.8079381585121155,0.9721335172653198,0.8921841382980347,0.9094082117080688,0.8122926950454712,0.9719588756561279,0.8880696296691895,0.9103484153747559,0.8137032389640808,0.9690559506416321,0.8466384410858154,0.8090867400169373,0.8263804316520691,0.8228124976158142,0.8437919616699219,0.821479082107544,0.8229348063468933,0.8406181335449219,0.834074079990387,0.8149706125259399,0.8194804787635803,0.8389965891838074,0.8304542303085327,0.8098366856575012,0.8181308507919312,0.8337145447731018,0.8354900479316711,0.8323339223861694,0.8226414918899536,0.8554086089134216,0
0.8554657101631165,0.8374233245849609,0.8568819761276245,0.829154908657074,0.8585578799247742,0.8264599442481995,0.8600603938102722,0.8238206505775452,0.8523088693618774,0.8325537443161011,0.8505969047546387,0.8330210447311401,0.8488291501998901,0.8335832953453064,0.8584202527999878,0.8075623512268066,0.8417206406593323,0.8245350122451782,0.8558485507965088,0.8367367386817932,0.8514942526817322,0.8399879932403564,0.8596935272216797,0.7855803370475769,0.8208089470863342,0.8289250731468201,0.873534619808197,0.8079187870025635,0.8081628084182739,0.8902843594551086,0.8844838738441467,0.8651303648948669,0.8111909031867981,0.9582897424697876,0.8897625207901001,0.8679608702659607,0.8109960556030273,0.9722042679786682,0.8857765793800354,0.8731324672698975,0.8162673711776733,0.9665252566337585,0.8829384446144104,0.874447226524353,0.8148725032806396,0.9664531350135803,0.8465647101402283,0.8102412819862366,0.8275541663169861,0.8337417840957642,0.8473777174949646,0.8319469094276428,0.8290818333625793,0.8553006052970886,0.8413485884666443,0.833728015422821,0.8264086246490479,0.847680926322937,0.838556706905365,0.8300329446792603,0.8243415951728821,0.8401275873184204,0.8435401916503906,0.8517505526542664,0.8325026035308838,0.8641473054885864,0
0.8563029170036316,0.8555002808570862,0.8573702573776245,0.837741494178772,0.8588352203369141,0.8351436257362366,0.8603302836418152,0.8337457180023193,0.8519648313522339,0.843242347240448,0.8501495122909546,0.8437718152999878,0.8482705950737,0.844420850276947,0.8603869080543518,0.8171983957290649,0.8400425910949707,0.8342108726501465,0.856402575969696,0.8517366647720337,0.8503004908561707,0.8570153713226318,0.8669612407684326,0.7900112867355347,0.8229961395263672,0.8361459970474243,0.8775779008865356,0.8403035998344421,0.8051108717918396,0.8863102197647095,0.8833811283111572,0.9163696765899658,0.8084763288497925,0.9674080610275269,0.8875879049301147,0.9256056547164917,0.8030557632446289,0.9822297692298889,0.8822550773620605,0.9327301979064941,0.8073444366455078,0.9809455275535583,0.8793761134147644,0.9308930039405823,0.8113201260566711,0.9740074872970581,0.8505905866622925,0.8044143915176392,0.8302127122879028,0.8278154730796814,0.8440167903900146,0.8194839954376221,0.8243956565856934,0.843080997467041,0.8324365019798279,0.8292841911315918,0.8174063563346863,0.8388761281967163,0.8289271593093872,0.8268949389457703,0.8159079551696777,0.8320029377937317,0.8323243260383606,0.8498855829238892,0.8197850584983826,0.8562232851982117,0
0.0,0.0,0.0,0.0,0.0,0.0,0.0,0.0,0.0,0.0,0.0,0.0,0.0,0.0,0.0,0.0,0.0,0.0,0.0,0.0,0.0,0.0,0.0,0.0,0.0,0.0,0.0,0.0,0.0,0.0,0.0,0.0,0.0,0.0,0.0,0.0,0.0,0.0,0.0,0.0,0.0,0.0,0.0,0.0,0.0,0.0,0.0,0.0,0.0,0.0,0.0,0.0,0.0,0.0,0.0,0.0,0.0,0.0,0.0,0.0,0.0,0.0,0.0,0.0,0.0,0.0,0
0.8457217216491699,0.8393514156341553,0.8468800187110901,0.8334179520606995,0.8477228879928589,0.831771731376648,0.848565399646759,0.8301781415939331,0.8440955281257629,0.8366881012916565,0.8430176973342896,0.8373134136199951,0.8419700860977173,0.8378539681434631,0.8475912809371948,0.8208117485046387,0.8380299210548401,0.832912027835846,0.8452274799346924,0.8354059457778931,0.8422957062721252,0.8387171030044556,0.8458142280578613,0.7978048324584961,0.82253497838974,0.8381329774856567,0.8534375429153442,0.8295040130615234,0.8148024082183838,0.9116325974464417,0.852203905582428,0.8852028846740723,0.8265991806983948,0.9393357634544373,0.8546760678291321,0.8992555141448975,0.8296014070510864,0.9490182995796204,0.8517668843269348,0.9000396728515625,0.8312548398971558,0.9411236047744751,0.8501197099685669,0.8949319124221802,0.8301949501037598,0.9365378618240356,0.8218048214912415,0.7627897262573242,0.8119367361068726,0.7844865918159485,0.8099443912506104,0.7614943385124207,0.8034862279891968,0.7945041656494141,0.7975571751594543,0.7576538324356079,0.7940386533737183,0.7864906787872314,0.7943069338798523,0.7515628933906555,0.7916874289512634,0.779166042804718,0.7991284728050232,0.77479088306427,0.7973759174346924,0.8012152910232544,0
0.8525661826133728,0.8746033906936646,0.8542560338973999,0.8661858439445496,0.8557131290435791,0.8623201251029968,0.8535088300704956,0.8629642724990845,0.849701464176178,0.8695166110992432,0.8486213684082031,0.8709940910339355,0.8476148247718811,0.8725124597549438,0.85285884141922,0.8496289849281311,0.8421127200126648,0.8707727193832397,0.8485113978385925,0.8649790287017822,0.8470560312271118,0.8693487644195557,0.8580278754234314,0.8039537072181702,0.8207342028617859,0.8603302240371704,0.8692201375961304,0.8412442803382874,0.8085676431655884,0.9299983382225037,0.8712140917778015,0.8912553191184998,0.8134123086929321,0.9759730100631714,0.874389111995697,0.9045089483261108,0.8157380819320679,0.9833352565765381,0.8704454898834229,0.9073046445846558,0.8162784576416016,0.9814162254333496,0.8679292798042297,0.9023419618606567,0.8161612749099731,0.9743297100067139,0.8142291307449341,0.7557185888290405,0.7978018522262573,0.7696952819824219,0.807095468044281,0.7988595366477966,0.7662994861602783,0.7577418088912964,0.776773989200592,0.792750358581543,0.7365666031837463,0.7142690420150757,0.7696164846420288,0.7877682447433472,0.7323383688926697,0.7026202082633972,0.775690495967865,0.8094608783721924,0.7317945957183838,0.7251082062721252,0
0.0,0.0,0.0,0.0,0.0,0.0,0.0,0.0,0.0,0.0,0.0,0.0,0.0,0.0,0.0,0.0,0.0,0.0,0.0,0.0,0.0,0.0,0.0,0.0,0.0,0.0,0.0,0.0,0.0,0.0,0.0,0.0,0.0,0.0,0.0,0.0,0.0,0.0,0.0,0.0,0.0,0.0,0.0,0.0,0.0,0.0,0.0,0.0,0.0,0.0,0.0,0.0,0.0,0.0,0.0,0.0,0.0,0.0,0.0,0.0,0.0,0.0,0.0,0.0,0.0,0.0,0
0.8537386655807495,0.8802553415298462,0.855164110660553,0.8726513385772705,0.8541786670684814,0.8732724189758301,0.854985237121582,0.8711814880371094,0.8512263894081116,0.879744291305542,0.8503109812736511,0.8808311820030212,0.849494993686676,0.8820621967315674,0.8535643815994263,0.8596654534339905,0.8431749939918518,0.8755733966827393,0.8536171913146973,0.8742275238037109,0.8492417335510254,0.8801508545875549,0.8498831987380981,0.8225799202919006,0.8232633471488953,0.874275267124176,0.8605057597160339,0.8562896847724915,0.8095545768737793,0.9386323094367981,0.8652166128158569,0.9039080142974854,0.8142468929290771,0.9733205437660217,0.8687267303466797,0.9156296253204346,0.8197668790817261,0.9780484437942505,0.8664208650588989,0.9169282913208008,0.8186181783676147,0.9760825634002686,0.8638563752174377,0.9128404855728149,0.8175494074821472,0.9721110463142395,0.8188413977622986,0.7693182229995728,0.8049120903015137,0.7896314263343811,0.809436023235321,0.7599618434906006,0.7714941501617432,0.7457021474838257,0.788383424282074,0.7277827262878418,0.7453665733337402,0.6876838803291321,0.7833161950111389,0.7216652035713196,0.7414799332618713,0.6743089556694031,0.7870264649391174,0.7300562858581543,0.741694986820221,0.6892296671867371,0
0.8064225912094116,0.7611505389213562,0.8048858642578125,0.7548584938049316,0.8051044344902039,0.7528221011161804,0.8053274750709534,0.7508128881454468,0.8038425445556641,0.7604134678840637,0.803272008895874,0.7624732851982117,0.802717387676239,0.764451265335083,0.8033620119094849,0.7491676211357117,0.7997856736183167,0.768100380897522,0.8060303330421448,0.7596281170845032,0.8047781586647034,0.7654911279678345,0.7993401885032654,0.7317391633987427,0.7905688285827637,0.7968496084213257,0.7942752242088318,0.7395269870758057,0.785637617111206,0.8429977297782898,0.7983379364013672,0.7409200072288513,0.7900150418281555,0.8568868637084961,0.8003149032592773,0.7358953356742859,0.7912246584892273,0.8637033700942993,0.8008435964584351,0.7431695461273193,0.7924765944480896,0.8586713075637817,0.799637496471405,0.7466630935668945,0.7924346923828125,0.8530718088150024,0.7840699553489685,0.7207002639770508,0.7795332074165344,0.7506642937660217,0.7570546269416809,0.6747121214866638,0.7514662146568298,0.7193266153335571,0.7335597276687622,0.6595249772071838,0.7325336933135986,0.6815226078033447,0.7286240458488464,0.656240701675415,0.7282923460006714,0.6725541949272156,0.7333160638809204,0.6617408990859985,0.7334127426147461,0.6822410821914673,0
0.8529461026191711,0.8883304595947266,0.8547055721282959,0.8822862505912781,0.8556801676750183,0.8805920481681824,0.8566691279411316,0.8791942596435547,0.8506708145141602,0.8890798091888428,0.8496732711791992,0.8905562162399292,0.8461273312568665,0.8933036923408508,0.855522871017456,0.8629150390625,0.8411281108856201,0.8876803517341614,0.8529750108718872,0.8817122578620911,0.8483640551567078,0.8883550763130188,0.8508432507514954,0.8230182528495789,0.8218804597854614,0.8874648809432983,0.8628669381141663,0.852138340473175,0.8136159181594849,0.9540501832962036,0.8621951341629028,0.9090428948402405,0.8293631672859192,0.9655484557151794,0.86380934715271,0.924696683883667,0.8332077860832214,0.9715734124183655,0.8607365489006042,0.9256389141082764,0.8342557549476624,0.9620087146759033,0.8589597344398499,0.9198451042175293,0.8330879807472229,0.9564602375030518,0.8192484974861145,0.7695173621177673,0.8058992028236389,0.8005435466766357,0.7991758584976196,0.7459206581115723,0.7869318127632141,0.7778621912002563,0.7772062420845032,0.7207947373390198,0.7698015570640564,0.7312412858009338,0.7726053595542908,0.7140253782272339,0.7663084268569946,0.7183251976966858,0.7748591899871826,0.7272565364837646,0.7703676223754883,0.7348708510398865,0
0.0,0.0,0.0,0.0,0.0,0.0,0.0,0.0,0.0,0.0,0.0,0.0,0.0,0.0,0.0,0.0,0.0,0.0,0.0,0.0,0.0,0.0,0.0,0.0,0.0,0.0,0.0,0.0,0.0,0.0,0.0,0.0,0.0,0.0,0.0,0.0,0.0,0.0,0.0,0.0,0.0,0.0,0.0,0.0,0.0,0.0,0.0,0.0,0.0,0.0,0.0,0.0,0.0,0.0,0.0,0.0,0.0,0.0,0.0,0.0,0.0,0.0,0.0,0.0,0.0,0.0,0
0.0,0.0,0.0,0.0,0.0,0.0,0.0,0.0,0.0,0.0,0.0,0.0,0.0,0.0,0.0,0.0,0.0,0.0,0.0,0.0,0.0,0.0,0.0,0.0,0.0,0.0,0.0,0.0,0.0,0.0,0.0,0.0,0.0,0.0,0.0,0.0,0.0,0.0,0.0,0.0,0.0,0.0,0.0,0.0,0.0,0.0,0.0,0.0,0.0,0.0,0.0,0.0,0.0,0.0,0.0,0.0,0.0,0.0,0.0,0.0,0.0,0.0,0.0,0.0,0.0,0.0,0
0.0,0.0,0.0,0.0,0.0,0.0,0.0,0.0,0.0,0.0,0.0,0.0,0.0,0.0,0.0,0.0,0.0,0.0,0.0,0.0,0.0,0.0,0.0,0.0,0.0,0.0,0.0,0.0,0.0,0.0,0.0,0.0,0.0,0.0,0.0,0.0,0.0,0.0,0.0,0.0,0.0,0.0,0.0,0.0,0.0,0.0,0.0,0.0,0.0,0.0,0.0,0.0,0.0,0.0,0.0,0.0,0.0,0.0,0.0,0.0,0.0,0.0,0.0,0.0,0.0,0.0,0
0.0,0.0,0.0,0.0,0.0,0.0,0.0,0.0,0.0,0.0,0.0,0.0,0.0,0.0,0.0,0.0,0.0,0.0,0.0,0.0,0.0,0.0,0.0,0.0,0.0,0.0,0.0,0.0,0.0,0.0,0.0,0.0,0.0,0.0,0.0,0.0,0.0,0.0,0.0,0.0,0.0,0.0,0.0,0.0,0.0,0.0,0.0,0.0,0.0,0.0,0.0,0.0,0.0,0.0,0.0,0.0,0.0,0.0,0.0,0.0,0.0,0.0,0.0,0.0,0.0,0.0,0
0.0,0.0,0.0,0.0,0.0,0.0,0.0,0.0,0.0,0.0,0.0,0.0,0.0,0.0,0.0,0.0,0.0,0.0,0.0,0.0,0.0,0.0,0.0,0.0,0.0,0.0,0.0,0.0,0.0,0.0,0.0,0.0,0.0,0.0,0.0,0.0,0.0,0.0,0.0,0.0,0.0,0.0,0.0,0.0,0.0,0.0,0.0,0.0,0.0,0.0,0.0,0.0,0.0,0.0,0.0,0.0,0.0,0.0,0.0,0.0,0.0,0.0,0.0,0.0,0.0,0.0,0
0.0,0.0,0.0,0.0,0.0,0.0,0.0,0.0,0.0,0.0,0.0,0.0,0.0,0.0,0.0,0.0,0.0,0.0,0.0,0.0,0.0,0.0,0.0,0.0,0.0,0.0,0.0,0.0,0.0,0.0,0.0,0.0,0.0,0.0,0.0,0.0,0.0,0.0,0.0,0.0,0.0,0.0,0.0,0.0,0.0,0.0,0.0,0.0,0.0,0.0,0.0,0.0,0.0,0.0,0.0,0.0,0.0,0.0,0.0,0.0,0.0,0.0,0.0,0.0,0.0,0.0,0
0.0,0.0,0.0,0.0,0.0,0.0,0.0,0.0,0.0,0.0,0.0,0.0,0.0,0.0,0.0,0.0,0.0,0.0,0.0,0.0,0.0,0.0,0.0,0.0,0.0,0.0,0.0,0.0,0.0,0.0,0.0,0.0,0.0,0.0,0.0,0.0,0.0,0.0,0.0,0.0,0.0,0.0,0.0,0.0,0.0,0.0,0.0,0.0,0.0,0.0,0.0,0.0,0.0,0.0,0.0,0.0,0.0,0.0,0.0,0.0,0.0,0.0,0.0,0.0,0.0,0.0,0
0.7730850577354431,0.7075045704841614,0.7737990021705627,0.708738386631012,0.7738523483276367,0.7090606689453125,0.7723013758659363,0.7123351693153381,0.7738749980926514,0.7087815403938293,0.7744734883308411,0.7120154500007629,0.7745597958564758,0.712403416633606,0.7730400562286377,0.7165501117706299,0.7743937373161316,0.7192469835281372,0.7691230177879333,0.7102948427200317,0.7699376344680786,0.7106971740722656,0.7617295980453491,0.7211965322494507,0.7643871903419495,0.7271741032600403,0.7652395963668823,0.6998850107192993,0.7678711414337158,0.7106626033782959,0.7703105211257935,0.6636581420898438,0.7714141607284546,0.6777125000953674,0.7720061540603638,0.654309868812561,0.7748526930809021,0.6735289692878723,0.7726927399635315,0.6533781290054321,0.7748271226882935,0.670573353767395,0.7719313502311707,0.657640814781189,0.7736101746559143,0.6720563769340515,0.7375704050064087,0.7614018321037292,0.7370209097862244,0.7592556476593018,0.7274710536003113,0.7921979427337646,0.7200912237167358,0.7621039748191833,0.7206981182098389,0.8125590682029724,0.7068378925323486,0.784761905670166,0.7198330163955688,0.8132107257843018,0.7046700119972229,0.7898178100585938,0.7191805839538574,0.8166801333427429,0.7049320340156555,0.7806292772293091,0
0.0,0.0,0.0,0.0,0.0,0.0,0.0,0.0,0.0,0.0,0.0,0.0,0.0,0.0,0.0,0.0,0.0,0.0,0.0,0.0,0.0,0.0,0.0,0.0,0.0,0.0,0.0,0.0,0.0,0.0,0.0,0.0,0.0,0.0,0.0,0.0,0.0,0.0,0.0,0.0,0.0,0.0,0.0,0.0,0.0,0.0,0.0,0.0,0.0,0.0,0.0,0.0,0.0,0.0,0.0,0.0,0.0,0.0,0.0,0.0,0.0,0.0,0.0,0.0,0.0,0.0,0
0.0,0.0,0.0,0.0,0.0,0.0,0.0,0.0,0.0,0.0,0.0,0.0,0.0,0.0,0.0,0.0,0.0,0.0,0.0,0.0,0.0,0.0,0.0,0.0,0.0,0.0,0.0,0.0,0.0,0.0,0.0,0.0,0.0,0.0,0.0,0.0,0.0,0.0,0.0,0.0,0.0,0.0,0.0,0.0,0.0,0.0,0.0,0.0,0.0,0.0,0.0,0.0,0.0,0.0,0.0,0.0,0.0,0.0,0.0,0.0,0.0,0.0,0.0,0.0,0.0,0.0,0
0.0,0.0,0.0,0.0,0.0,0.0,0.0,0.0,0.0,0.0,0.0,0.0,0.0,0.0,0.0,0.0,0.0,0.0,0.0,0.0,0.0,0.0,0.0,0.0,0.0,0.0,0.0,0.0,0.0,0.0,0.0,0.0,0.0,0.0,0.0,0.0,0.0,0.0,0.0,0.0,0.0,0.0,0.0,0.0,0.0,0.0,0.0,0.0,0.0,0.0,0.0,0.0,0.0,0.0,0.0,0.0,0.0,0.0,0.0,0.0,0.0,0.0,0.0,0.0,0.0,0.0,0
0.0,0.0,0.0,0.0,0.0,0.0,0.0,0.0,0.0,0.0,0.0,0.0,0.0,0.0,0.0,0.0,0.0,0.0,0.0,0.0,0.0,0.0,0.0,0.0,0.0,0.0,0.0,0.0,0.0,0.0,0.0,0.0,0.0,0.0,0.0,0.0,0.0,0.0,0.0,0.0,0.0,0.0,0.0,0.0,0.0,0.0,0.0,0.0,0.0,0.0,0.0,0.0,0.0,0.0,0.0,0.0,0.0,0.0,0.0,0.0,0.0,0.0,0.0,0.0,0.0,0.0,0
0.0,0.0,0.0,0.0,0.0,0.0,0.0,0.0,0.0,0.0,0.0,0.0,0.0,0.0,0.0,0.0,0.0,0.0,0.0,0.0,0.0,0.0,0.0,0.0,0.0,0.0,0.0,0.0,0.0,0.0,0.0,0.0,0.0,0.0,0.0,0.0,0.0,0.0,0.0,0.0,0.0,0.0,0.0,0.0,0.0,0.0,0.0,0.0,0.0,0.0,0.0,0.0,0.0,0.0,0.0,0.0,0.0,0.0,0.0,0.0,0.0,0.0,0.0,0.0,0.0,0.0,0
0.0,0.0,0.0,0.0,0.0,0.0,0.0,0.0,0.0,0.0,0.0,0.0,0.0,0.0,0.0,0.0,0.0,0.0,0.0,0.0,0.0,0.0,0.0,0.0,0.0,0.0,0.0,0.0,0.0,0.0,0.0,0.0,0.0,0.0,0.0,0.0,0.0,0.0,0.0,0.0,0.0,0.0,0.0,0.0,0.0,0.0,0.0,0.0,0.0,0.0,0.0,0.0,0.0,0.0,0.0,0.0,0.0,0.0,0.0,0.0,0.0,0.0,0.0,0.0,0.0,0.0,0
0.0,0.0,0.0,0.0,0.0,0.0,0.0,0.0,0.0,0.0,0.0,0.0,0.0,0.0,0.0,0.0,0.0,0.0,0.0,0.0,0.0,0.0,0.0,0.0,0.0,0.0,0.0,0.0,0.0,0.0,0.0,0.0,0.0,0.0,0.0,0.0,0.0,0.0,0.0,0.0,0.0,0.0,0.0,0.0,0.0,0.0,0.0,0.0,0.0,0.0,0.0,0.0,0.0,0.0,0.0,0.0,0.0,0.0,0.0,0.0,0.0,0.0,0.0,0.0,0.0,0.0,0
0.0,0.0,0.0,0.0,0.0,0.0,0.0,0.0,0.0,0.0,0.0,0.0,0.0,0.0,0.0,0.0,0.0,0.0,0.0,0.0,0.0,0.0,0.0,0.0,0.0,0.0,0.0,0.0,0.0,0.0,0.0,0.0,0.0,0.0,0.0,0.0,0.0,0.0,0.0,0.0,0.0,0.0,0.0,0.0,0.0,0.0,0.0,0.0,0.0,0.0,0.0,0.0,0.0,0.0,0.0,0.0,0.0,0.0,0.0,0.0,0.0,0.0,0.0,0.0,0.0,0.0,0
0.0,0.0,0.0,0.0,0.0,0.0,0.0,0.0,0.0,0.0,0.0,0.0,0.0,0.0,0.0,0.0,0.0,0.0,0.0,0.0,0.0,0.0,0.0,0.0,0.0,0.0,0.0,0.0,0.0,0.0,0.0,0.0,0.0,0.0,0.0,0.0,0.0,0.0,0.0,0.0,0.0,0.0,0.0,0.0,0.0,0.0,0.0,0.0,0.0,0.0,0.0,0.0,0.0,0.0,0.0,0.0,0.0,0.0,0.0,0.0,0.0,0.0,0.0,0.0,0.0,0.0,0
0.0,0.0,0.0,0.0,0.0,0.0,0.0,0.0,0.0,0.0,0.0,0.0,0.0,0.0,0.0,0.0,0.0,0.0,0.0,0.0,0.0,0.0,0.0,0.0,0.0,0.0,0.0,0.0,0.0,0.0,0.0,0.0,0.0,0.0,0.0,0.0,0.0,0.0,0.0,0.0,0.0,0.0,0.0,0.0,0.0,0.0,0.0,0.0,0.0,0.0,0.0,0.0,0.0,0.0,0.0,0.0,0.0,0.0,0.0,0.0,0.0,0.0,0.0,0.0,0.0,0.0,0
0.0,0.0,0.0,0.0,0.0,0.0,0.0,0.0,0.0,0.0,0.0,0.0,0.0,0.0,0.0,0.0,0.0,0.0,0.0,0.0,0.0,0.0,0.0,0.0,0.0,0.0,0.0,0.0,0.0,0.0,0.0,0.0,0.0,0.0,0.0,0.0,0.0,0.0,0.0,0.0,0.0,0.0,0.0,0.0,0.0,0.0,0.0,0.0,0.0,0.0,0.0,0.0,0.0,0.0,0.0,0.0,0.0,0.0,0.0,0.0,0.0,0.0,0.0,0.0,0.0,0.0,0
0.0,0.0,0.0,0.0,0.0,0.0,0.0,0.0,0.0,0.0,0.0,0.0,0.0,0.0,0.0,0.0,0.0,0.0,0.0,0.0,0.0,0.0,0.0,0.0,0.0,0.0,0.0,0.0,0.0,0.0,0.0,0.0,0.0,0.0,0.0,0.0,0.0,0.0,0.0,0.0,0.0,0.0,0.0,0.0,0.0,0.0,0.0,0.0,0.0,0.0,0.0,0.0,0.0,0.0,0.0,0.0,0.0,0.0,0.0,0.0,0.0,0.0,0.0,0.0,0.0,0.0,0
0.0,0.0,0.0,0.0,0.0,0.0,0.0,0.0,0.0,0.0,0.0,0.0,0.0,0.0,0.0,0.0,0.0,0.0,0.0,0.0,0.0,0.0,0.0,0.0,0.0,0.0,0.0,0.0,0.0,0.0,0.0,0.0,0.0,0.0,0.0,0.0,0.0,0.0,0.0,0.0,0.0,0.0,0.0,0.0,0.0,0.0,0.0,0.0,0.0,0.0,0.0,0.0,0.0,0.0,0.0,0.0,0.0,0.0,0.0,0.0,0.0,0.0,0.0,0.0,0.0,0.0,0
0.0,0.0,0.0,0.0,0.0,0.0,0.0,0.0,0.0,0.0,0.0,0.0,0.0,0.0,0.0,0.0,0.0,0.0,0.0,0.0,0.0,0.0,0.0,0.0,0.0,0.0,0.0,0.0,0.0,0.0,0.0,0.0,0.0,0.0,0.0,0.0,0.0,0.0,0.0,0.0,0.0,0.0,0.0,0.0,0.0,0.0,0.0,0.0,0.0,0.0,0.0,0.0,0.0,0.0,0.0,0.0,0.0,0.0,0.0,0.0,0.0,0.0,0.0,0.0,0.0,0.0,0
0.0,0.0,0.0,0.0,0.0,0.0,0.0,0.0,0.0,0.0,0.0,0.0,0.0,0.0,0.0,0.0,0.0,0.0,0.0,0.0,0.0,0.0,0.0,0.0,0.0,0.0,0.0,0.0,0.0,0.0,0.0,0.0,0.0,0.0,0.0,0.0,0.0,0.0,0.0,0.0,0.0,0.0,0.0,0.0,0.0,0.0,0.0,0.0,0.0,0.0,0.0,0.0,0.0,0.0,0.0,0.0,0.0,0.0,0.0,0.0,0.0,0.0,0.0,0.0,0.0,0.0,0
0.0,0.0,0.0,0.0,0.0,0.0,0.0,0.0,0.0,0.0,0.0,0.0,0.0,0.0,0.0,0.0,0.0,0.0,0.0,0.0,0.0,0.0,0.0,0.0,0.0,0.0,0.0,0.0,0.0,0.0,0.0,0.0,0.0,0.0,0.0,0.0,0.0,0.0,0.0,0.0,0.0,0.0,0.0,0.0,0.0,0.0,0.0,0.0,0.0,0.0,0.0,0.0,0.0,0.0,0.0,0.0,0.0,0.0,0.0,0.0,0.0,0.0,0.0,0.0,0.0,0.0,0
0.6595358848571777,0.6810543537139893,0.6658855676651001,0.6758885979652405,0.6678465008735657,0.6787115335464478,0.6697970628738403,0.6816202402114868,0.6617018580436707,0.6687684655189514,0.6606153249740601,0.666526198387146,0.6594963073730469,0.6641510725021362,0.6775144338607788,0.6919634342193604,0.66314297914505,0.6653538346290588,0.6637345552444458,0.695509135723114,0.6587456464767456,0.6873976588249207,0.6886060833930969,0.7537513971328735,0.6590886116027832,0.6763348579406738,0.6878657937049866,0.7860470414161682,0.6427126526832581,0.6937100291252136,0.6829981803894043,0.7485437393188477,0.6358672976493835,0.7323782444000244,0.683054506778717,0.738224983215332,0.6330825090408325,0.7416563630104065,0.683465838432312,0.7347216606140137,0.6357630491256714,0.7422454357147217,0.6826454997062683,0.7385280132293701,0.6375207901000977,0.7419090270996094,0.6538758277893066,0.789539635181427,0.644496500492096,0.7466878890991211,0.6477870941162109,0.7440861463546753,0.6428789496421814,0.7032845616340637,0.6304382085800171,0.7628954648971558,0.6259656548500061,0.7487245202064514,0.6304674744606018,0.7668876647949219,0.6252813339233398,0.7599241137504578,0.6155269145965576,0.7718672156333923,0.6133317947387695,0.7568796277046204,0
0.7181556820869446,0.6819519996643066,0.7237092852592468,0.6747725605964661,0.724858283996582,0.6756638288497925,0.7260311245918274,0.6766228079795837,0.721481442451477,0.6722564101219177,0.7209700345993042,0.6711276769638062,0.7204077243804932,0.6697889566421509,0.7350226044654846,0.6808924674987793,0.7222715020179749,0.670269250869751,0.7184986472129822,0.6910155415534973,0.7158187031745911,0.6877381205558777,0.7264854907989502,0.7179042100906372,0.7119417786598206,0.6930428147315979,0.7290729284286499,0.7292040586471558,0.7014940977096558,0.7114940285682678,0.7377733588218689,0.6900903582572937,0.7121865153312683,0.727380633354187,0.7405709028244019,0.6782509088516235,0.7136644124984741,0.734870433807373,0.7414470314979553,0.6796876788139343,0.7162743806838989,0.7300950288772583,0.7398329973220825,0.6856193542480469,0.715649425983429,0.7281970977783203,0.6609076261520386,0.8085126280784607,0.6590687036514282,0.7801174521446228,0.6479368209838867,0.7091337442398071,0.6542105674743652,0.6676374077796936,0.6215732097625732,0.7639950513839722,0.6237195134162903,0.7638700604438782,0.6219514012336731,0.7780320644378662,0.6225785613059998,0.7883906364440918,0.6019560694694519,0.7642534971237183,0.6034056544303894,0.7611795663833618,0
0.7019279599189758,0.6702477335929871,0.7076566219329834,0.6651594638824463,0.7089312076568604,0.6673171520233154,0.7102266550064087,0.6696388721466064,0.7050518989562988,0.6608489751815796,0.7043598294258118,0.6596750020980835,0.7036198377609253,0.6582779288291931,0.7139766216278076,0.6799628138542175,0.7049813866615295,0.6639721393585205,0.7023702263832092,0.6837059259414673,0.6990869641304016,0.6781025528907776,0.7129482626914978,0.7418830990791321,0.6920285224914551,0.6900511980056763,0.7114921808242798,0.7839110493659973,0.6656194925308228,0.7160944938659668,0.712988555431366,0.7495961785316467,0.6478796601295471,0.7428756952285767,0.7142824530601501,0.7409248948097229,0.641240119934082,0.7494865655899048,0.7150101065635681,0.7389346361160278,0.6432867050170898,0.7513372898101807,0.7132676243782043,0.7430943846702576,0.6458479762077332,0.7515289783477783,0.6527292132377625,0.8135708570480347,0.64753258228302,0.7721351385116577,0.6500430107116699,0.7332382798194885,0.6467603445053101,0.6289328336715698,0.6292119026184082,0.7672752737998962,0.6257978081703186,0.7707816958427429,0.6303826570510864,0.7759019136428833,0.626291811466217,0.8001912832260132,0.611781895160675,0.771422803401947,0.6064159870147705,0.7686479687690735,0
0.0,0.0,0.0,0.0,0.0,0.0,0.0,0.0,0.0,0.0,0.0,0.0,0.0,0.0,0.0,0.0,0.0,0.0,0.0,0.0,0.0,0.0,0.0,0.0,0.0,0.0,0.0,0.0,0.0,0.0,0.0,0.0,0.0,0.0,0.0,0.0,0.0,0.0,0.0,0.0,0.0,0.0,0.0,0.0,0.0,0.0,0.0,0.0,0.0,0.0,0.0,0.0,0.0,0.0,0.0,0.0,0.0,0.0,0.0,0.0,0.0,0.0,0.0,0.0,0.0,0.0,0
0.6976056694984436,0.6839767098426819,0.7021982073783875,0.6836785078048706,0.7032319903373718,0.6863712072372437,0.7042591571807861,0.6892452239990234,0.6997231841087341,0.6776789426803589,0.698965847492218,0.6759767532348633,0.6981690526008606,0.6740166544914246,0.7062967419624329,0.7009813189506531,0.6978698968887329,0.6787818670272827,0.6974015831947327,0.6962465047836304,0.6943782567977905,0.6884933114051819,0.7023032903671265,0.7610127925872803,0.6859138011932373,0.6866854429244995,0.6895200610160828,0.7927072048187256,0.6601477265357971,0.6751408576965332,0.685942530632019,0.76923006772995,0.6358286738395691,0.710782527923584,0.684058666229248,0.7672202587127686,0.6255334615707397,0.719275176525116,0.6858591437339783,0.7606672048568726,0.6289042234420776,0.7290355563163757,0.6850790977478027,0.7616124153137207,0.6321209073066711,0.7280920743942261,0.6555015444755554,0.7939196825027466,0.6502913236618042,0.7396469116210938,0.6545108556747437,0.7717170715332031,0.6509900689125061,0.6266940832138062,0.6116798520088196,0.7898618578910828,0.61616450548172,0.76084965467453,0.6071522831916809,0.7973448634147644,0.6146044135093689,0.7955549359321594,0.5935338139533997,0.7838498950004578,0.5942710638046265,0.7528491616249084,0
0.6777189373970032,0.677094578742981,0.683159351348877,0.6696643829345703,0.684698224067688,0.6718476414680481,0.6862379908561707,0.6741530895233154,0.680203914642334,0.6641961932182312,0.6795652508735657,0.6625651121139526,0.67889404296875,0.6607258915901184,0.6925867795944214,0.683469831943512,0.682332456111908,0.6636319160461426,0.6805315017700195,0.6918659210205078,0.6768845915794373,0.6854379773139954,0.6977564096450806,0.7521693706512451,0.6758719682693481,0.6868325471878052,0.6858711242675781,0.7743579149246216,0.648067057132721,0.7017714977264404,0.6718518137931824,0.7395460605621338,0.617879331111908,0.7249228954315186,0.6688005328178406,0.732647716999054,0.6082010269165039,0.7289726138114929,0.6686785817146301,0.7289535999298096,0.6088103652000427,0.7338599562644958,0.6691606044769287,0.7315822839736938,0.6128275394439697,0.7357646822929382,0.6500523686408997,0.8040844798088074,0.6446014046669006,0.7551034092903137,0.6511776447296143,0.7388527989387512,0.6487408876419067,0.6220581531524658,0.6281177997589111,0.7509904503822327,0.6241853833198547,0.7504711747169495,0.630708634853363,0.7614840865135193,0.6244311332702637,0.779007077217102,0.60909104347229,0.7335669994354248,0.6083466410636902,0.7559161186218262,0
0.0,0.0,0.0,0.0,0.0,0.0,0.0,0.0,0.0,0.0,0.0,0.0,0.0,0.0,0.0,0.0,0.0,0.0,0.0,0.0,0.0,0.0,0.0,0.0,0.0,0.0,0.0,0.0,0.0,0.0,0.0,0.0,0.0,0.0,0.0,0.0,0.0,0.0,0.0,0.0,0.0,0.0,0.0,0.0,0.0,0.0,0.0,0.0,0.0,0.0,0.0,0.0,0.0,0.0,0.0,0.0,0.0,0.0,0.0,0.0,0.0,0.0,0.0,0.0,0.0,0.0,0
0.0,0.0,0.0,0.0,0.0,0.0,0.0,0.0,0.0,0.0,0.0,0.0,0.0,0.0,0.0,0.0,0.0,0.0,0.0,0.0,0.0,0.0,0.0,0.0,0.0,0.0,0.0,0.0,0.0,0.0,0.0,0.0,0.0,0.0,0.0,0.0,0.0,0.0,0.0,0.0,0.0,0.0,0.0,0.0,0.0,0.0,0.0,0.0,0.0,0.0,0.0,0.0,0.0,0.0,0.0,0.0,0.0,0.0,0.0,0.0,0.0,0.0,0.0,0.0,0.0,0.0,0
0.0,0.0,0.0,0.0,0.0,0.0,0.0,0.0,0.0,0.0,0.0,0.0,0.0,0.0,0.0,0.0,0.0,0.0,0.0,0.0,0.0,0.0,0.0,0.0,0.0,0.0,0.0,0.0,0.0,0.0,0.0,0.0,0.0,0.0,0.0,0.0,0.0,0.0,0.0,0.0,0.0,0.0,0.0,0.0,0.0,0.0,0.0,0.0,0.0,0.0,0.0,0.0,0.0,0.0,0.0,0.0,0.0,0.0,0.0,0.0,0.0,0.0,0.0,0.0,0.0,0.0,0
0.0,0.0,0.0,0.0,0.0,0.0,0.0,0.0,0.0,0.0,0.0,0.0,0.0,0.0,0.0,0.0,0.0,0.0,0.0,0.0,0.0,0.0,0.0,0.0,0.0,0.0,0.0,0.0,0.0,0.0,0.0,0.0,0.0,0.0,0.0,0.0,0.0,0.0,0.0,0.0,0.0,0.0,0.0,0.0,0.0,0.0,0.0,0.0,0.0,0.0,0.0,0.0,0.0,0.0,0.0,0.0,0.0,0.0,0.0,0.0,0.0,0.0,0.0,0.0,0.0,0.0,0
0.0,0.0,0.0,0.0,0.0,0.0,0.0,0.0,0.0,0.0,0.0,0.0,0.0,0.0,0.0,0.0,0.0,0.0,0.0,0.0,0.0,0.0,0.0,0.0,0.0,0.0,0.0,0.0,0.0,0.0,0.0,0.0,0.0,0.0,0.0,0.0,0.0,0.0,0.0,0.0,0.0,0.0,0.0,0.0,0.0,0.0,0.0,0.0,0.0,0.0,0.0,0.0,0.0,0.0,0.0,0.0,0.0,0.0,0.0,0.0,0.0,0.0,0.0,0.0,0.0,0.0,0
0.0,0.0,0.0,0.0,0.0,0.0,0.0,0.0,0.0,0.0,0.0,0.0,0.0,0.0,0.0,0.0,0.0,0.0,0.0,0.0,0.0,0.0,0.0,0.0,0.0,0.0,0.0,0.0,0.0,0.0,0.0,0.0,0.0,0.0,0.0,0.0,0.0,0.0,0.0,0.0,0.0,0.0,0.0,0.0,0.0,0.0,0.0,0.0,0.0,0.0,0.0,0.0,0.0,0.0,0.0,0.0,0.0,0.0,0.0,0.0,0.0,0.0,0.0,0.0,0.0,0.0,0
0.0,0.0,0.0,0.0,0.0,0.0,0.0,0.0,0.0,0.0,0.0,0.0,0.0,0.0,0.0,0.0,0.0,0.0,0.0,0.0,0.0,0.0,0.0,0.0,0.0,0.0,0.0,0.0,0.0,0.0,0.0,0.0,0.0,0.0,0.0,0.0,0.0,0.0,0.0,0.0,0.0,0.0,0.0,0.0,0.0,0.0,0.0,0.0,0.0,0.0,0.0,0.0,0.0,0.0,0.0,0.0,0.0,0.0,0.0,0.0,0.0,0.0,0.0,0.0,0.0,0.0,0
0.0,0.0,0.0,0.0,0.0,0.0,0.0,0.0,0.0,0.0,0.0,0.0,0.0,0.0,0.0,0.0,0.0,0.0,0.0,0.0,0.0,0.0,0.0,0.0,0.0,0.0,0.0,0.0,0.0,0.0,0.0,0.0,0.0,0.0,0.0,0.0,0.0,0.0,0.0,0.0,0.0,0.0,0.0,0.0,0.0,0.0,0.0,0.0,0.0,0.0,0.0,0.0,0.0,0.0,0.0,0.0,0.0,0.0,0.0,0.0,0.0,0.0,0.0,0.0,0.0,0.0,0
0.0,0.0,0.0,0.0,0.0,0.0,0.0,0.0,0.0,0.0,0.0,0.0,0.0,0.0,0.0,0.0,0.0,0.0,0.0,0.0,0.0,0.0,0.0,0.0,0.0,0.0,0.0,0.0,0.0,0.0,0.0,0.0,0.0,0.0,0.0,0.0,0.0,0.0,0.0,0.0,0.0,0.0,0.0,0.0,0.0,0.0,0.0,0.0,0.0,0.0,0.0,0.0,0.0,0.0,0.0,0.0,0.0,0.0,0.0,0.0,0.0,0.0,0.0,0.0,0.0,0.0,0
0.0,0.0,0.0,0.0,0.0,0.0,0.0,0.0,0.0,0.0,0.0,0.0,0.0,0.0,0.0,0.0,0.0,0.0,0.0,0.0,0.0,0.0,0.0,0.0,0.0,0.0,0.0,0.0,0.0,0.0,0.0,0.0,0.0,0.0,0.0,0.0,0.0,0.0,0.0,0.0,0.0,0.0,0.0,0.0,0.0,0.0,0.0,0.0,0.0,0.0,0.0,0.0,0.0,0.0,0.0,0.0,0.0,0.0,0.0,0.0,0.0,0.0,0.0,0.0,0.0,0.0,0
0.0,0.0,0.0,0.0,0.0,0.0,0.0,0.0,0.0,0.0,0.0,0.0,0.0,0.0,0.0,0.0,0.0,0.0,0.0,0.0,0.0,0.0,0.0,0.0,0.0,0.0,0.0,0.0,0.0,0.0,0.0,0.0,0.0,0.0,0.0,0.0,0.0,0.0,0.0,0.0,0.0,0.0,0.0,0.0,0.0,0.0,0.0,0.0,0.0,0.0,0.0,0.0,0.0,0.0,0.0,0.0,0.0,0.0,0.0,0.0,0.0,0.0,0.0,0.0,0.0,0.0,0
0.0,0.0,0.0,0.0,0.0,0.0,0.0,0.0,0.0,0.0,0.0,0.0,0.0,0.0,0.0,0.0,0.0,0.0,0.0,0.0,0.0,0.0,0.0,0.0,0.0,0.0,0.0,0.0,0.0,0.0,0.0,0.0,0.0,0.0,0.0,0.0,0.0,0.0,0.0,0.0,0.0,0.0,0.0,0.0,0.0,0.0,0.0,0.0,0.0,0.0,0.0,0.0,0.0,0.0,0.0,0.0,0.0,0.0,0.0,0.0,0.0,0.0,0.0,0.0,0.0,0.0,0
0.0,0.0,0.0,0.0,0.0,0.0,0.0,0.0,0.0,0.0,0.0,0.0,0.0,0.0,0.0,0.0,0.0,0.0,0.0,0.0,0.0,0.0,0.0,0.0,0.0,0.0,0.0,0.0,0.0,0.0,0.0,0.0,0.0,0.0,0.0,0.0,0.0,0.0,0.0,0.0,0.0,0.0,0.0,0.0,0.0,0.0,0.0,0.0,0.0,0.0,0.0,0.0,0.0,0.0,0.0,0.0,0.0,0.0,0.0,0.0,0.0,0.0,0.0,0.0,0.0,0.0,0
0.0,0.0,0.0,0.0,0.0,0.0,0.0,0.0,0.0,0.0,0.0,0.0,0.0,0.0,0.0,0.0,0.0,0.0,0.0,0.0,0.0,0.0,0.0,0.0,0.0,0.0,0.0,0.0,0.0,0.0,0.0,0.0,0.0,0.0,0.0,0.0,0.0,0.0,0.0,0.0,0.0,0.0,0.0,0.0,0.0,0.0,0.0,0.0,0.0,0.0,0.0,0.0,0.0,0.0,0.0,0.0,0.0,0.0,0.0,0.0,0.0,0.0,0.0,0.0,0.0,0.0,0
0.0,0.0,0.0,0.0,0.0,0.0,0.0,0.0,0.0,0.0,0.0,0.0,0.0,0.0,0.0,0.0,0.0,0.0,0.0,0.0,0.0,0.0,0.0,0.0,0.0,0.0,0.0,0.0,0.0,0.0,0.0,0.0,0.0,0.0,0.0,0.0,0.0,0.0,0.0,0.0,0.0,0.0,0.0,0.0,0.0,0.0,0.0,0.0,0.0,0.0,0.0,0.0,0.0,0.0,0.0,0.0,0.0,0.0,0.0,0.0,0.0,0.0,0.0,0.0,0.0,0.0,0
0.0,0.0,0.0,0.0,0.0,0.0,0.0,0.0,0.0,0.0,0.0,0.0,0.0,0.0,0.0,0.0,0.0,0.0,0.0,0.0,0.0,0.0,0.0,0.0,0.0,0.0,0.0,0.0,0.0,0.0,0.0,0.0,0.0,0.0,0.0,0.0,0.0,0.0,0.0,0.0,0.0,0.0,0.0,0.0,0.0,0.0,0.0,0.0,0.0,0.0,0.0,0.0,0.0,0.0,0.0,0.0,0.0,0.0,0.0,0.0,0.0,0.0,0.0,0.0,0.0,0.0,0
0.0,0.0,0.0,0.0,0.0,0.0,0.0,0.0,0.0,0.0,0.0,0.0,0.0,0.0,0.0,0.0,0.0,0.0,0.0,0.0,0.0,0.0,0.0,0.0,0.0,0.0,0.0,0.0,0.0,0.0,0.0,0.0,0.0,0.0,0.0,0.0,0.0,0.0,0.0,0.0,0.0,0.0,0.0,0.0,0.0,0.0,0.0,0.0,0.0,0.0,0.0,0.0,0.0,0.0,0.0,0.0,0.0,0.0,0.0,0.0,0.0,0.0,0.0,0.0,0.0,0.0,0
0.0,0.0,0.0,0.0,0.0,0.0,0.0,0.0,0.0,0.0,0.0,0.0,0.0,0.0,0.0,0.0,0.0,0.0,0.0,0.0,0.0,0.0,0.0,0.0,0.0,0.0,0.0,0.0,0.0,0.0,0.0,0.0,0.0,0.0,0.0,0.0,0.0,0.0,0.0,0.0,0.0,0.0,0.0,0.0,0.0,0.0,0.0,0.0,0.0,0.0,0.0,0.0,0.0,0.0,0.0,0.0,0.0,0.0,0.0,0.0,0.0,0.0,0.0,0.0,0.0,0.0,0
0.0,0.0,0.0,0.0,0.0,0.0,0.0,0.0,0.0,0.0,0.0,0.0,0.0,0.0,0.0,0.0,0.0,0.0,0.0,0.0,0.0,0.0,0.0,0.0,0.0,0.0,0.0,0.0,0.0,0.0,0.0,0.0,0.0,0.0,0.0,0.0,0.0,0.0,0.0,0.0,0.0,0.0,0.0,0.0,0.0,0.0,0.0,0.0,0.0,0.0,0.0,0.0,0.0,0.0,0.0,0.0,0.0,0.0,0.0,0.0,0.0,0.0,0.0,0.0,0.0,0.0,0
0.7111526131629944,0.7042827606201172,0.7154353260993958,0.7071285247802734,0.7159522175788879,0.7107117772102356,0.716474175453186,0.7144150733947754,0.714031994342804,0.6977217793464661,0.7135319113731384,0.6945391893386841,0.7130042910575867,0.6910819411277771,0.7161037921905518,0.7227309346199036,0.7112174034118652,0.6890323758125305,0.7087559700012207,0.7139795422554016,0.7070292234420776,0.7019880414009094,0.7052510976791382,0.7682696580886841,0.6947972774505615,0.6742631196975708,0.6921607255935669,0.8117203116416931,0.6734356880187988,0.6728830933570862,0.6979447603225708,0.7780225276947021,0.6691863536834717,0.7455332279205322,0.6981181502342224,0.7720303535461426,0.6646484136581421,0.7658531665802002,0.7016736268997192,0.7639520168304443,0.6700985431671143,0.7755659818649292,0.7004570364952087,0.7649978399276733,0.671337902545929,0.7690636515617371,0.6580585837364197,0.7809219360351562,0.6527150273323059,0.7190231084823608,0.6608539819717407,0.786649763584137,0.6470720171928406,0.6270177364349365,0.6146178245544434,0.77857905626297,0.6161108016967773,0.7554762363433838,0.6090331077575684,0.7771133184432983,0.6155038475990295,0.7841943502426147,0.5958830714225769,0.7830947041511536,0.5946810245513916,0.7555137276649475,0
0.0,0.0,0.0,0.0,0.0,0.0,0.0,0.0,0.0,0.0,0.0,0.0,0.0,0.0,0.0,0.0,0.0,0.0,0.0,0.0,0.0,0.0,0.0,0.0,0.0,0.0,0.0,0.0,0.0,0.0,0.0,0.0,0.0,0.0,0.0,0.0,0.0,0.0,0.0,0.0,0.0,0.0,0.0,0.0,0.0,0.0,0.0,0.0,0.0,0.0,0.0,0.0,0.0,0.0,0.0,0.0,0.0,0.0,0.0,0.0,0.0,0.0,0.0,0.0,0.0,0.0,0
0.0,0.0,0.0,0.0,0.0,0.0,0.0,0.0,0.0,0.0,0.0,0.0,0.0,0.0,0.0,0.0,0.0,0.0,0.0,0.0,0.0,0.0,0.0,0.0,0.0,0.0,0.0,0.0,0.0,0.0,0.0,0.0,0.0,0.0,0.0,0.0,0.0,0.0,0.0,0.0,0.0,0.0,0.0,0.0,0.0,0.0,0.0,0.0,0.0,0.0,0.0,0.0,0.0,0.0,0.0,0.0,0.0,0.0,0.0,0.0,0.0,0.0,0.0,0.0,0.0,0.0,0
0.0,0.0,0.0,0.0,0.0,0.0,0.0,0.0,0.0,0.0,0.0,0.0,0.0,0.0,0.0,0.0,0.0,0.0,0.0,0.0,0.0,0.0,0.0,0.0,0.0,0.0,0.0,0.0,0.0,0.0,0.0,0.0,0.0,0.0,0.0,0.0,0.0,0.0,0.0,0.0,0.0,0.0,0.0,0.0,0.0,0.0,0.0,0.0,0.0,0.0,0.0,0.0,0.0,0.0,0.0,0.0,0.0,0.0,0.0,0.0,0.0,0.0,0.0,0.0,0.0,0.0,0
0.0,0.0,0.0,0.0,0.0,0.0,0.0,0.0,0.0,0.0,0.0,0.0,0.0,0.0,0.0,0.0,0.0,0.0,0.0,0.0,0.0,0.0,0.0,0.0,0.0,0.0,0.0,0.0,0.0,0.0,0.0,0.0,0.0,0.0,0.0,0.0,0.0,0.0,0.0,0.0,0.0,0.0,0.0,0.0,0.0,0.0,0.0,0.0,0.0,0.0,0.0,0.0,0.0,0.0,0.0,0.0,0.0,0.0,0.0,0.0,0.0,0.0,0.0,0.0,0.0,0.0,0
0.716236412525177,0.7195557951927185,0.7207562923431396,0.7242519855499268,0.7211130261421204,0.7284055352210999,0.7214670181274414,0.7326528429985046,0.7198171019554138,0.7139149308204651,0.7194764614105225,0.710480809211731,0.7191131711006165,0.7067524194717407,0.7204289436340332,0.7424187064170837,0.7171801328659058,0.7064100503921509,0.7130692005157471,0.7302548289299011,0.7118391394615173,0.7166623473167419,0.7043792605400085,0.7862882614135742,0.6999272108078003,0.6905502080917358,0.6853166222572327,0.8174911737442017,0.6768221855163574,0.692578136920929,0.684360682964325,0.7911867499351501,0.6706255674362183,0.7621809840202332,0.682624876499176,0.7886214852333069,0.6657488942146301,0.7807154655456543,0.6852467656135559,0.7801269292831421,0.6703373789787292,0.790918231010437,0.6850535869598389,0.7792849540710449,0.6715048551559448,0.785586953163147,0.6538207530975342,0.7943710684776306,0.6531199216842651,0.7313297390937805,0.6512207984924316,0.7949932217597961,0.6460096836090088,0.6426066756248474,0.6157734990119934,0.7844058275222778,0.6182070374488831,0.7576825022697449,0.6126868724822998,0.7805580496788025,0.6179651021957397,0.7836942076683044,0.597996175289154,0.7938979864120483,0.5975846648216248,0.7599958181381226,0
0.7009479999542236,0.6990678310394287,0.7056037187576294,0.7026194930076599,0.7061090469360352,0.7068824172019958,0.7066150307655334,0.7111972570419312,0.7043243050575256,0.6913301944732666,0.7039068937301636,0.6874897480010986,0.7034536004066467,0.6834590435028076,0.7068799734115601,0.7196247577667236,0.702293336391449,0.6804367303848267,0.6989526748657227,0.7096631526947021,0.6973336338996887,0.6951274871826172,0.6978940963745117,0.7617686986923218,0.6860047578811646,0.6612784266471863,0.6861546635627747,0.7863807082176208,0.6587499976158142,0.6581851840019226,0.6842290163040161,0.7486035227775574,0.6491133570671082,0.7139347195625305,0.6825758814811707,0.7414945960044861,0.6438515782356262,0.7290375828742981,0.6847260594367981,0.7350532412528992,0.6486735343933105,0.7372334599494934,0.6846215128898621,0.7367759346961975,0.6503901481628418,0.7337804436683655,0.6573460102081299,0.7722516059875488,0.6538342237472534,0.7106485366821289,0.6492695808410645,0.7924076914787292,0.6435644030570984,0.6259198188781738,0.6168450713157654,0.7896889448165894,0.6192169785499573,0.7478150129318237,0.6137155890464783,0.7881231904029846,0.6193419694900513,0.7750124931335449,0.6008821725845337,0.8013306260108948,0.6007852554321289,0.7464602589607239,0
0.0,0.0,0.0,0.0,0.0,0.0,0.0,0.0,0.0,0.0,0.0,0.0,0.0,0.0,0.0,0.0,0.0,0.0,0.0,0.0,0.0,0.0,0.0,0.0,0.0,0.0,0.0,0.0,0.0,0.0,0.0,0.0,0.0,0.0,0.0,0.0,0.0,0.0,0.0,0.0,0.0,0.0,0.0,0.0,0.0,0.0,0.0,0.0,0.0,0.0,0.0,0.0,0.0,0.0,0.0,0.0,0.0,0.0,0.0,0.0,0.0,0.0,0.0,0.0,0.0,0.0,0
0.0,0.0,0.0,0.0,0.0,0.0,0.0,0.0,0.0,0.0,0.0,0.0,0.0,0.0,0.0,0.0,0.0,0.0,0.0,0.0,0.0,0.0,0.0,0.0,0.0,0.0,0.0,0.0,0.0,0.0,0.0,0.0,0.0,0.0,0.0,0.0,0.0,0.0,0.0,0.0,0.0,0.0,0.0,0.0,0.0,0.0,0.0,0.0,0.0,0.0,0.0,0.0,0.0,0.0,0.0,0.0,0.0,0.0,0.0,0.0,0.0,0.0,0.0,0.0,0.0,0.0,0
0.0,0.0,0.0,0.0,0.0,0.0,0.0,0.0,0.0,0.0,0.0,0.0,0.0,0.0,0.0,0.0,0.0,0.0,0.0,0.0,0.0,0.0,0.0,0.0,0.0,0.0,0.0,0.0,0.0,0.0,0.0,0.0,0.0,0.0,0.0,0.0,0.0,0.0,0.0,0.0,0.0,0.0,0.0,0.0,0.0,0.0,0.0,0.0,0.0,0.0,0.0,0.0,0.0,0.0,0.0,0.0,0.0,0.0,0.0,0.0,0.0,0.0,0.0,0.0,0.0,0.0,0
0.0,0.0,0.0,0.0,0.0,0.0,0.0,0.0,0.0,0.0,0.0,0.0,0.0,0.0,0.0,0.0,0.0,0.0,0.0,0.0,0.0,0.0,0.0,0.0,0.0,0.0,0.0,0.0,0.0,0.0,0.0,0.0,0.0,0.0,0.0,0.0,0.0,0.0,0.0,0.0,0.0,0.0,0.0,0.0,0.0,0.0,0.0,0.0,0.0,0.0,0.0,0.0,0.0,0.0,0.0,0.0,0.0,0.0,0.0,0.0,0.0,0.0,0.0,0.0,0.0,0.0,0
0.0,0.0,0.0,0.0,0.0,0.0,0.0,0.0,0.0,0.0,0.0,0.0,0.0,0.0,0.0,0.0,0.0,0.0,0.0,0.0,0.0,0.0,0.0,0.0,0.0,0.0,0.0,0.0,0.0,0.0,0.0,0.0,0.0,0.0,0.0,0.0,0.0,0.0,0.0,0.0,0.0,0.0,0.0,0.0,0.0,0.0,0.0,0.0,0.0,0.0,0.0,0.0,0.0,0.0,0.0,0.0,0.0,0.0,0.0,0.0,0.0,0.0,0.0,0.0,0.0,0.0,0
0.0,0.0,0.0,0.0,0.0,0.0,0.0,0.0,0.0,0.0,0.0,0.0,0.0,0.0,0.0,0.0,0.0,0.0,0.0,0.0,0.0,0.0,0.0,0.0,0.0,0.0,0.0,0.0,0.0,0.0,0.0,0.0,0.0,0.0,0.0,0.0,0.0,0.0,0.0,0.0,0.0,0.0,0.0,0.0,0.0,0.0,0.0,0.0,0.0,0.0,0.0,0.0,0.0,0.0,0.0,0.0,0.0,0.0,0.0,0.0,0.0,0.0,0.0,0.0,0.0,0.0,0
0.0,0.0,0.0,0.0,0.0,0.0,0.0,0.0,0.0,0.0,0.0,0.0,0.0,0.0,0.0,0.0,0.0,0.0,0.0,0.0,0.0,0.0,0.0,0.0,0.0,0.0,0.0,0.0,0.0,0.0,0.0,0.0,0.0,0.0,0.0,0.0,0.0,0.0,0.0,0.0,0.0,0.0,0.0,0.0,0.0,0.0,0.0,0.0,0.0,0.0,0.0,0.0,0.0,0.0,0.0,0.0,0.0,0.0,0.0,0.0,0.0,0.0,0.0,0.0,0.0,0.0,0
0.0,0.0,0.0,0.0,0.0,0.0,0.0,0.0,0.0,0.0,0.0,0.0,0.0,0.0,0.0,0.0,0.0,0.0,0.0,0.0,0.0,0.0,0.0,0.0,0.0,0.0,0.0,0.0,0.0,0.0,0.0,0.0,0.0,0.0,0.0,0.0,0.0,0.0,0.0,0.0,0.0,0.0,0.0,0.0,0.0,0.0,0.0,0.0,0.0,0.0,0.0,0.0,0.0,0.0,0.0,0.0,0.0,0.0,0.0,0.0,0.0,0.0,0.0,0.0,0.0,0.0,0
0.0,0.0,0.0,0.0,0.0,0.0,0.0,0.0,0.0,0.0,0.0,0.0,0.0,0.0,0.0,0.0,0.0,0.0,0.0,0.0,0.0,0.0,0.0,0.0,0.0,0.0,0.0,0.0,0.0,0.0,0.0,0.0,0.0,0.0,0.0,0.0,0.0,0.0,0.0,0.0,0.0,0.0,0.0,0.0,0.0,0.0,0.0,0.0,0.0,0.0,0.0,0.0,0.0,0.0,0.0,0.0,0.0,0.0,0.0,0.0,0.0,0.0,0.0,0.0,0.0,0.0,0
0.0,0.0,0.0,0.0,0.0,0.0,0.0,0.0,0.0,0.0,0.0,0.0,0.0,0.0,0.0,0.0,0.0,0.0,0.0,0.0,0.0,0.0,0.0,0.0,0.0,0.0,0.0,0.0,0.0,0.0,0.0,0.0,0.0,0.0,0.0,0.0,0.0,0.0,0.0,0.0,0.0,0.0,0.0,0.0,0.0,0.0,0.0,0.0,0.0,0.0,0.0,0.0,0.0,0.0,0.0,0.0,0.0,0.0,0.0,0.0,0.0,0.0,0.0,0.0,0.0,0.0,0
0.0,0.0,0.0,0.0,0.0,0.0,0.0,0.0,0.0,0.0,0.0,0.0,0.0,0.0,0.0,0.0,0.0,0.0,0.0,0.0,0.0,0.0,0.0,0.0,0.0,0.0,0.0,0.0,0.0,0.0,0.0,0.0,0.0,0.0,0.0,0.0,0.0,0.0,0.0,0.0,0.0,0.0,0.0,0.0,0.0,0.0,0.0,0.0,0.0,0.0,0.0,0.0,0.0,0.0,0.0,0.0,0.0,0.0,0.0,0.0,0.0,0.0,0.0,0.0,0.0,0.0,0
0.0,0.0,0.0,0.0,0.0,0.0,0.0,0.0,0.0,0.0,0.0,0.0,0.0,0.0,0.0,0.0,0.0,0.0,0.0,0.0,0.0,0.0,0.0,0.0,0.0,0.0,0.0,0.0,0.0,0.0,0.0,0.0,0.0,0.0,0.0,0.0,0.0,0.0,0.0,0.0,0.0,0.0,0.0,0.0,0.0,0.0,0.0,0.0,0.0,0.0,0.0,0.0,0.0,0.0,0.0,0.0,0.0,0.0,0.0,0.0,0.0,0.0,0.0,0.0,0.0,0.0,0
0.0,0.0,0.0,0.0,0.0,0.0,0.0,0.0,0.0,0.0,0.0,0.0,0.0,0.0,0.0,0.0,0.0,0.0,0.0,0.0,0.0,0.0,0.0,0.0,0.0,0.0,0.0,0.0,0.0,0.0,0.0,0.0,0.0,0.0,0.0,0.0,0.0,0.0,0.0,0.0,0.0,0.0,0.0,0.0,0.0,0.0,0.0,0.0,0.0,0.0,0.0,0.0,0.0,0.0,0.0,0.0,0.0,0.0,0.0,0.0,0.0,0.0,0.0,0.0,0.0,0.0,0
0.0,0.0,0.0,0.0,0.0,0.0,0.0,0.0,0.0,0.0,0.0,0.0,0.0,0.0,0.0,0.0,0.0,0.0,0.0,0.0,0.0,0.0,0.0,0.0,0.0,0.0,0.0,0.0,0.0,0.0,0.0,0.0,0.0,0.0,0.0,0.0,0.0,0.0,0.0,0.0,0.0,0.0,0.0,0.0,0.0,0.0,0.0,0.0,0.0,0.0,0.0,0.0,0.0,0.0,0.0,0.0,0.0,0.0,0.0,0.0,0.0,0.0,0.0,0.0,0.0,0.0,0
0.0,0.0,0.0,0.0,0.0,0.0,0.0,0.0,0.0,0.0,0.0,0.0,0.0,0.0,0.0,0.0,0.0,0.0,0.0,0.0,0.0,0.0,0.0,0.0,0.0,0.0,0.0,0.0,0.0,0.0,0.0,0.0,0.0,0.0,0.0,0.0,0.0,0.0,0.0,0.0,0.0,0.0,0.0,0.0,0.0,0.0,0.0,0.0,0.0,0.0,0.0,0.0,0.0,0.0,0.0,0.0,0.0,0.0,0.0,0.0,0.0,0.0,0.0,0.0,0.0,0.0,0
0.0,0.0,0.0,0.0,0.0,0.0,0.0,0.0,0.0,0.0,0.0,0.0,0.0,0.0,0.0,0.0,0.0,0.0,0.0,0.0,0.0,0.0,0.0,0.0,0.0,0.0,0.0,0.0,0.0,0.0,0.0,0.0,0.0,0.0,0.0,0.0,0.0,0.0,0.0,0.0,0.0,0.0,0.0,0.0,0.0,0.0,0.0,0.0,0.0,0.0,0.0,0.0,0.0,0.0,0.0,0.0,0.0,0.0,0.0,0.0,0.0,0.0,0.0,0.0,0.0,0.0,0
0.0,0.0,0.0,0.0,0.0,0.0,0.0,0.0,0.0,0.0,0.0,0.0,0.0,0.0,0.0,0.0,0.0,0.0,0.0,0.0,0.0,0.0,0.0,0.0,0.0,0.0,0.0,0.0,0.0,0.0,0.0,0.0,0.0,0.0,0.0,0.0,0.0,0.0,0.0,0.0,0.0,0.0,0.0,0.0,0.0,0.0,0.0,0.0,0.0,0.0,0.0,0.0,0.0,0.0,0.0,0.0,0.0,0.0,0.0,0.0,0.0,0.0,0.0,0.0,0.0,0.0,0
0.0,0.0,0.0,0.0,0.0,0.0,0.0,0.0,0.0,0.0,0.0,0.0,0.0,0.0,0.0,0.0,0.0,0.0,0.0,0.0,0.0,0.0,0.0,0.0,0.0,0.0,0.0,0.0,0.0,0.0,0.0,0.0,0.0,0.0,0.0,0.0,0.0,0.0,0.0,0.0,0.0,0.0,0.0,0.0,0.0,0.0,0.0,0.0,0.0,0.0,0.0,0.0,0.0,0.0,0.0,0.0,0.0,0.0,0.0,0.0,0.0,0.0,0.0,0.0,0.0,0.0,0
0.7682760953903198,0.7064793705940247,0.7698423266410828,0.7097777724266052,0.7696355581283569,0.7106876969337463,0.7694550156593323,0.7115814685821533,0.7704208493232727,0.7093267440795898,0.7706289291381836,0.7099618315696716,0.7708088755607605,0.7104774117469788,0.7681710720062256,0.7190089225769043,0.7728899121284485,0.71599280834198,0.7655965685844421,0.7096471786499023,0.7663376331329346,0.7091206312179565,0.7577264308929443,0.7261852025985718,0.760727047920227,0.7270281910896301,0.7587757706642151,0.7047991156578064,0.7650859355926514,0.7107009291648865,0.7624238729476929,0.6612759232521057,0.768989622592926,0.6815603971481323,0.7634042501449585,0.651357889175415,0.7709180116653442,0.676557183265686,0.7643685340881348,0.6487628221511841,0.7711412906646729,0.6740867495536804,0.7638499736785889,0.6528009176254272,0.7701081037521362,0.6749843955039978,0.7311461567878723,0.7789710760116577,0.7316737174987793,0.7738261818885803,0.7184160351753235,0.7832042574882507,0.7179637551307678,0.7609421610832214,0.7123658657073975,0.7700161933898926,0.7165749073028564,0.765164315700531,0.7106183767318726,0.7660781145095825,0.7158942222595215,0.7669562697410583,0.7137690186500549,0.7642743587493896,0.7183244824409485,0.7591850757598877,0
0.0,0.0,0.0,0.0,0.0,0.0,0.0,0.0,0.0,0.0,0.0,0.0,0.0,0.0,0.0,0.0,0.0,0.0,0.0,0.0,0.0,0.0,0.0,0.0,0.0,0.0,0.0,0.0,0.0,0.0,0.0,0.0,0.0,0.0,0.0,0.0,0.0,0.0,0.0,0.0,0.0,0.0,0.0,0.0,0.0,0.0,0.0,0.0,0.0,0.0,0.0,0.0,0.0,0.0,0.0,0.0,0.0,0.0,0.0,0.0,0.0,0.0,0.0,0.0,0.0,0.0,0
0.0,0.0,0.0,0.0,0.0,0.0,0.0,0.0,0.0,0.0,0.0,0.0,0.0,0.0,0.0,0.0,0.0,0.0,0.0,0.0,0.0,0.0,0.0,0.0,0.0,0.0,0.0,0.0,0.0,0.0,0.0,0.0,0.0,0.0,0.0,0.0,0.0,0.0,0.0,0.0,0.0,0.0,0.0,0.0,0.0,0.0,0.0,0.0,0.0,0.0,0.0,0.0,0.0,0.0,0.0,0.0,0.0,0.0,0.0,0.0,0.0,0.0,0.0,0.0,0.0,0.0,0
0.0,0.0,0.0,0.0,0.0,0.0,0.0,0.0,0.0,0.0,0.0,0.0,0.0,0.0,0.0,0.0,0.0,0.0,0.0,0.0,0.0,0.0,0.0,0.0,0.0,0.0,0.0,0.0,0.0,0.0,0.0,0.0,0.0,0.0,0.0,0.0,0.0,0.0,0.0,0.0,0.0,0.0,0.0,0.0,0.0,0.0,0.0,0.0,0.0,0.0,0.0,0.0,0.0,0.0,0.0,0.0,0.0,0.0,0.0,0.0,0.0,0.0,0.0,0.0,0.0,0.0,0
0.0,0.0,0.0,0.0,0.0,0.0,0.0,0.0,0.0,0.0,0.0,0.0,0.0,0.0,0.0,0.0,0.0,0.0,0.0,0.0,0.0,0.0,0.0,0.0,0.0,0.0,0.0,0.0,0.0,0.0,0.0,0.0,0.0,0.0,0.0,0.0,0.0,0.0,0.0,0.0,0.0,0.0,0.0,0.0,0.0,0.0,0.0,0.0,0.0,0.0,0.0,0.0,0.0,0.0,0.0,0.0,0.0,0.0,0.0,0.0,0.0,0.0,0.0,0.0,0.0,0.0,0
0.0,0.0,0.0,0.0,0.0,0.0,0.0,0.0,0.0,0.0,0.0,0.0,0.0,0.0,0.0,0.0,0.0,0.0,0.0,0.0,0.0,0.0,0.0,0.0,0.0,0.0,0.0,0.0,0.0,0.0,0.0,0.0,0.0,0.0,0.0,0.0,0.0,0.0,0.0,0.0,0.0,0.0,0.0,0.0,0.0,0.0,0.0,0.0,0.0,0.0,0.0,0.0,0.0,0.0,0.0,0.0,0.0,0.0,0.0,0.0,0.0,0.0,0.0,0.0,0.0,0.0,0
0.7784817814826965,0.6827921271324158,0.7802297472953796,0.686676025390625,0.7801318168640137,0.6881262063980103,0.7800567746162415,0.6896169185638428,0.7803049683570862,0.6834026575088501,0.7808127999305725,0.6802871227264404,0.7808683514595032,0.6794800758361816,0.7785406708717346,0.694709062576294,0.7792897820472717,0.679370105266571,0.7757457494735718,0.6854036450386047,0.7758722305297852,0.6817141175270081,0.7665132284164429,0.710456371307373,0.7653229832649231,0.6753550171852112,0.7563160061836243,0.7172542810440063,0.7539380788803101,0.6721159815788269,0.7482942938804626,0.7012718319892883,0.7476985454559326,0.6689895391464233,0.7459219098091125,0.6990585923194885,0.746121346950531,0.6674386262893677,0.7462195754051208,0.6962716579437256,0.7465270161628723,0.6684232950210571,0.7469075918197632,0.6967259049415588,0.7469200491905212,0.6693372130393982,0.7344166040420532,0.7305617928504944,0.7333887815475464,0.7051677703857422,0.7300275564193726,0.7787843346595764,0.7360033392906189,0.6978257298469543,0.7268823981285095,0.8179364800453186,0.7277258634567261,0.6906696557998657,0.7250468730926514,0.8174513578414917,0.7250684499740601,0.688626229763031,0.7307487726211548,0.833236813545227,0.7297294735908508,0.6877765655517578,0
0.0,0.0,0.0,0.0,0.0,0.0,0.0,0.0,0.0,0.0,0.0,0.0,0.0,0.0,0.0,0.0,0.0,0.0,0.0,0.0,0.0,0.0,0.0,0.0,0.0,0.0,0.0,0.0,0.0,0.0,0.0,0.0,0.0,0.0,0.0,0.0,0.0,0.0,0.0,0.0,0.0,0.0,0.0,0.0,0.0,0.0,0.0,0.0,0.0,0.0,0.0,0.0,0.0,0.0,0.0,0.0,0.0,0.0,0.0,0.0,0.0,0.0,0.0,0.0,0.0,0.0,0
0.0,0.0,0.0,0.0,0.0,0.0,0.0,0.0,0.0,0.0,0.0,0.0,0.0,0.0,0.0,0.0,0.0,0.0,0.0,0.0,0.0,0.0,0.0,0.0,0.0,0.0,0.0,0.0,0.0,0.0,0.0,0.0,0.0,0.0,0.0,0.0,0.0,0.0,0.0,0.0,0.0,0.0,0.0,0.0,0.0,0.0,0.0,0.0,0.0,0.0,0.0,0.0,0.0,0.0,0.0,0.0,0.0,0.0,0.0,0.0,0.0,0.0,0.0,0.0,0.0,0.0,0
0.0,0.0,0.0,0.0,0.0,0.0,0.0,0.0,0.0,0.0,0.0,0.0,0.0,0.0,0.0,0.0,0.0,0.0,0.0,0.0,0.0,0.0,0.0,0.0,0.0,0.0,0.0,0.0,0.0,0.0,0.0,0.0,0.0,0.0,0.0,0.0,0.0,0.0,0.0,0.0,0.0,0.0,0.0,0.0,0.0,0.0,0.0,0.0,0.0,0.0,0.0,0.0,0.0,0.0,0.0,0.0,0.0,0.0,0.0,0.0,0.0,0.0,0.0,0.0,0.0,0.0,0
0.0,0.0,0.0,0.0,0.0,0.0,0.0,0.0,0.0,0.0,0.0,0.0,0.0,0.0,0.0,0.0,0.0,0.0,0.0,0.0,0.0,0.0,0.0,0.0,0.0,0.0,0.0,0.0,0.0,0.0,0.0,0.0,0.0,0.0,0.0,0.0,0.0,0.0,0.0,0.0,0.0,0.0,0.0,0.0,0.0,0.0,0.0,0.0,0.0,0.0,0.0,0.0,0.0,0.0,0.0,0.0,0.0,0.0,0.0,0.0,0.0,0.0,0.0,0.0,0.0,0.0,0
0.0,0.0,0.0,0.0,0.0,0.0,0.0,0.0,0.0,0.0,0.0,0.0,0.0,0.0,0.0,0.0,0.0,0.0,0.0,0.0,0.0,0.0,0.0,0.0,0.0,0.0,0.0,0.0,0.0,0.0,0.0,0.0,0.0,0.0,0.0,0.0,0.0,0.0,0.0,0.0,0.0,0.0,0.0,0.0,0.0,0.0,0.0,0.0,0.0,0.0,0.0,0.0,0.0,0.0,0.0,0.0,0.0,0.0,0.0,0.0,0.0,0.0,0.0,0.0,0.0,0.0,0
0.8228219151496887,0.867687463760376,0.8220967650413513,0.8624990582466125,0.8223526477813721,0.8613336682319641,0.8226004242897034,0.8601598143577576,0.8212543725967407,0.8651952743530273,0.8209383487701416,0.8658559918403625,0.8206068873405457,0.8665814399719238,0.8225271701812744,0.8565866351127625,0.8196973204612732,0.8657572269439697,0.82373046875,0.8670943379402161,0.8226815462112427,0.8702074289321899,0.8264924883842468,0.8587429523468018,0.8207963109016418,0.880409300327301,0.8356248140335083,0.8856740593910217,0.8291428089141846,0.9029155969619751,0.8346538543701172,0.9173184633255005,0.8358551263809204,0.9118770956993103,0.8349219560623169,0.9264497756958008,0.83733069896698,0.9150313138961792,0.8329188227653503,0.9256269931793213,0.8373278379440308,0.9115602970123291,0.832917332649231,0.9223031401634216,0.8368464112281799,0.9100434184074402,0.8363394737243652,0.8860050439834595,0.8331489562988281,0.8954668045043945,0.8355866074562073,0.9188241958618164,0.8344695568084717,0.9210391640663147,0.8413282632827759,0.9200553297996521,0.8398480415344238,0.927257239818573,0.8418444395065308,0.9159665703773499,0.840362012386322,0.9261376857757568,0.8440374135971069,0.9334737062454224,0.8426936864852905,0.9342390298843384,0
0.8340210318565369,0.9180733561515808,0.8342484831809998,0.9033282995223999,0.836196780204773,0.8977349400520325,0.8372423648834229,0.894171953201294,0.8294867873191833,0.909875214099884,0.8277085423469543,0.9113407731056213,0.8265251517295837,0.9111710786819458,0.8388556838035583,0.877650797367096,0.8222618699073792,0.8987063765525818,0.8397964239120483,0.9142311811447144,0.8341318964958191,0.9228821992874146,0.8631540536880493,0.8582548499107361,0.8161519169807434,0.9021777510643005,0.8944181203842163,0.902763843536377,0.8141026496887207,0.9390447735786438,0.9000563621520996,0.9647769927978516,0.8103930354118347,0.9655580520629883,0.9039288759231567,0.9737304449081421,0.8071073293685913,0.977500855922699,0.8963655233383179,0.9751734733581543,0.8093690276145935,0.9743280410766602,0.8934817910194397,0.9742258191108704,0.8123264908790588,0.970587968826294,0.8727921843528748,0.9188821911811829,0.854099690914154,0.9509113430976868,0.8771337270736694,0.8771343231201172,0.8637158870697021,0.9140749573707581,0.8868632912635803,0.8512818813323975,0.876083493232727,0.8834336996078491,0.8862873315811157,0.8451595306396484,0.8772842884063721,0.8751271367073059,0.8957347869873047,0.8664889931678772,0.8845210671424866,0.8912324905395508,0
0.8311910629272461,0.9056270122528076,0.8328489065170288,0.8932312726974487,0.8347837328910828,0.8893345594406128,0.8360717296600342,0.8826583623886108,0.8270416855812073,0.8965864181518555,0.8260356783866882,0.8966044187545776,0.8244389295578003,0.8968327045440674,0.8377144932746887,0.8681095838546753,0.8209102749824524,0.8847971558570862,0.836255669593811,0.9019094705581665,0.8296478986740112,0.9088448882102966,0.8528925776481628,0.8420202136039734,0.8088602423667908,0.8849806189537048,0.879694402217865,0.8835447430610657,0.8033856153488159,0.9298108816146851,0.8851962089538574,0.957460880279541,0.8106673955917358,0.9672425389289856,0.888746976852417,0.9677298665046692,0.8070496916770935,0.9822587966918945,0.8804694414138794,0.9719250798225403,0.8128500580787659,0.976108193397522,0.8788084983825684,0.9705073833465576,0.8148334622383118,0.9714017510414124,0.852912187576294,0.8780683279037476,0.8320088386535645,0.907470166683197,0.8656518459320068,0.8648208379745483,0.8423601984977722,0.8979077935218811,0.8739063143730164,0.8587232232093811,0.8492637872695923,0.8894059062004089,0.8719984889030457,0.8543781638145447,0.8487131595611572,0.883515477180481,0.8847827911376953,0.8768768906593323,0.8587867021560669,0.904702365398407,0
0.8356847763061523,0.8948310613632202,0.8363792300224304,0.8777682781219482,0.8377909660339355,0.8741462230682373,0.8393666744232178,0.868813157081604,0.8304648995399475,0.8849003911018372,0.8282747864723206,0.8869377970695496,0.8265796303749084,0.8873964548110962,0.840671956539154,0.855137050151825,0.8240282535552979,0.8810231685638428,0.8402952551841736,0.891569197177887,0.8343585729598999,0.9029770493507385,0.8626018762588501,0.8385199904441833,0.8091726899147034,0.8916712999343872,0.8903747797012329,0.8679059147834778,0.807194173336029,0.9115549325942993,0.8972805142402649,0.9041507244110107,0.8121201992034912,0.966060996055603,0.8996874690055847,0.9119503498077393,0.8104061484336853,0.9805178642272949,0.894537091255188,0.9084608554840088,0.8128944039344788,0.9785549640655518,0.8917880058288574,0.9088906645774841,0.8150609135627747,0.9710837602615356,0.8732268810272217,0.9016818404197693,0.8536630868911743,0.935605525970459,0.8818570971488953,0.8878954648971558,0.8641843199729919,0.913881242275238,0.8872999548912048,0.8673981428146362,0.8724518418312073,0.8770269155502319,0.8864099979400635,0.8618794679641724,0.87321537733078,0.8675631284713745,0.8937814831733704,0.8867266774177551,0.8793439865112305,0.8841526508331299,0
0.836172342300415,0.8880113959312439,0.836702823638916,0.8694707751274109,0.8382650017738342,0.8649347424507141,0.8394082188606262,0.8614970445632935,0.832078754901886,0.8799561262130737,0.8305343985557556,0.881956160068512,0.8285899758338928,0.8845213651657104,0.8406209349632263,0.8489363789558411,0.823939323425293,0.8753812313079834,0.8417117595672607,0.8867464065551758,0.8356326222419739,0.8969668745994568,0.8615887761116028,0.8252572417259216,0.8094090819358826,0.8873552680015564,0.885156512260437,0.8590587973594666,0.8042023777961731,0.9053438901901245,0.8964585661888123,0.9221498966217041,0.8099899291992188,0.9588123559951782,0.901811420917511,0.9326803088188171,0.8088152408599854,0.974753201007843,0.8972415924072266,0.9334071278572083,0.8117935061454773,0.9725906252861023,0.8936830759048462,0.9317377805709839,0.8139062523841858,0.9643336534500122,0.8746148943901062,0.8958256244659424,0.8553236126899719,0.9356000423431396,0.8890858888626099,0.8889849781990051,0.8716567754745483,0.9163856506347656,0.8929024338722229,0.8743457794189453,0.8793789744377136,0.8878555297851562,0.890927255153656,0.869956910610199,0.8793569207191467,0.8794110417366028,0.9011201858520508,0.8937467932701111,0.8886058926582336,0.8940322995185852,0
0.8347454071044922,0.8857995867729187,0.8355790376663208,0.8695182204246521,0.8370382785797119,0.8655892014503479,0.8386551737785339,0.8610388040542603,0.8302610516548157,0.8774970769882202,0.828503429889679,0.877922773361206,0.8260345458984375,0.878993034362793,0.8404240608215332,0.8444715738296509,0.8219195604324341,0.8692663908004761,0.8389300107955933,0.8829950094223022,0.8339404463768005,0.8912897706031799,0.8662297129631042,0.8273051977157593,0.8063725233078003,0.8702467083930969,0.8934807777404785,0.8957300186157227,0.8024162650108337,0.9000644087791443,0.8956984877586365,0.9745616912841797,0.8094580769538879,0.9656574130058289,0.8993732929229736,0.98796546459198,0.8064561486244202,0.9820763468742371,0.8904847502708435,0.9871048331260681,0.811379611492157,0.9767330884933472,0.8875725269317627,0.9847841858863831,0.8139723539352417,0.9713029861450195,0.8727484941482544,0.8922228813171387,0.849585235118866,0.9232661128044128,0.8838915228843689,0.8806817531585693,0.8640758395195007,0.9091732501983643,0.8902040123939514,0.856978714466095,0.8738709092140198,0.8689818978309631,0.8893371820449829,0.8476967811584473,0.8754013776779175,0.8569657802581787,0.8983339071273804,0.8823652863502502,0.8816516399383545,0.8809158205986023,0
0.8342024087905884,0.8780696392059326,0.8353787064552307,0.8615925312042236,0.8370060324668884,0.857396125793457,0.8382495045661926,0.8537651300430298,0.8301439881324768,0.8672565221786499,0.8279838562011719,0.8686489462852478,0.8261117935180664,0.8686381578445435,0.8408772945404053,0.8364793658256531,0.8220001459121704,0.8572289347648621,0.8385180234909058,0.8763412237167358,0.832477331161499,0.881991982460022,0.86411452293396,0.8320857882499695,0.8082926869392395,0.8571693897247314,0.8900792002677917,0.9012343883514404,0.803834080696106,0.8974515795707703,0.8961204290390015,0.9733077883720398,0.8094004392623901,0.9658699631690979,0.9005026817321777,0.984062671661377,0.8066932559013367,0.9796563386917114,0.89286208152771,0.9843586683273315,0.8101224303245544,0.9793398976325989,0.889758825302124,0.9822596311569214,0.8121520280838013,0.9728096127510071,0.8707275986671448,0.8975799679756165,0.8489438891410828,0.9233880043029785,0.8801752924919128,0.8823394775390625,0.8618877530097961,0.9063880443572998,0.8890290260314941,0.8591724038124084,0.873217761516571,0.8704330921173096,0.8887373805046082,0.8506302833557129,0.8748610019683838,0.859061062335968,0.8954336047172546,0.8830237984657288,0.8800016045570374,0.8831195831298828,0
0.8333407640457153,0.8586587309837341,0.834854781627655,0.8444010019302368,0.8360519409179688,0.841834545135498,0.8373971581459045,0.8384237885475159,0.8300604820251465,0.8500166535377502,0.8281046748161316,0.8505882620811462,0.825683057308197,0.8476046919822693,0.8391003608703613,0.8251886963844299,0.8217664361000061,0.839378297328949,0.8377743363380432,0.856372594833374,0.8310925364494324,0.8633906245231628,0.8567137718200684,0.8138503432273865,0.8089916706085205,0.8471291065216064,0.8804327845573425,0.869271457195282,0.8035494089126587,0.9006636142730713,0.890585720539093,0.9506942629814148,0.810242772102356,0.9636554718017578,0.8957837820053101,0.9614706635475159,0.8073099851608276,0.9795007109642029,0.8884567022323608,0.9683970808982849,0.8147105574607849,0.9800852537155151,0.8859180808067322,0.9664646983146667,0.8173705339431763,0.9771747589111328,0.8568911552429199,0.8633890748023987,0.8355825543403625,0.8883939981460571,0.8744552731513977,0.8842310905456543,0.8466590642929077,0.9026182293891907,0.88151615858078,0.8664257526397705,0.8522790670394897,0.8849804401397705,0.8802768588066101,0.8592347502708435,0.852554976940155,0.8763275146484375,0.8880395889282227,0.8878902196884155,0.8588462471961975,0.9015659689903259,0
0.0,0.0,0.0,0.0,0.0,0.0,0.0,0.0,0.0,0.0,0.0,0.0,0.0,0.0,0.0,0.0,0.0,0.0,0.0,0.0,0.0,0.0,0.0,0.0,0.0,0.0,0.0,0.0,0.0,0.0,0.0,0.0,0.0,0.0,0.0,0.0,0.0,0.0,0.0,0.0,0.0,0.0,0.0,0.0,0.0,0.0,0.0,0.0,0.0,0.0,0.0,0.0,0.0,0.0,0.0,0.0,0.0,0.0,0.0,0.0,0.0,0.0,0.0,0.0,0.0,0.0,0
0.829646646976471,0.8353477716445923,0.8320499062538147,0.8267195224761963,0.8328588604927063,0.8247357606887817,0.8340845108032227,0.825390636920929,0.8284456729888916,0.8266856074333191,0.8271190524101257,0.8258007764816284,0.8257503509521484,0.8249361515045166,0.8335428833961487,0.8156408071517944,0.8209332227706909,0.8152680397033691,0.8291147947311401,0.8351402878761292,0.8252597451210022,0.8344089388847351,0.831787109375,0.8140510320663452,0.8053238987922668,0.8311346173286438,0.8363728523254395,0.8440433740615845,0.802772045135498,0.904364287853241,0.835829496383667,0.8766950964927673,0.8116621971130371,0.9666593074798584,0.8366166353225708,0.8817921876907349,0.8113105297088623,0.9781147241592407,0.8350299596786499,0.8827623128890991,0.8154617547988892,0.9777869582176208,0.8342653512954712,0.8818796873092651,0.8162001967430115,0.9724052548408508,0.8237042427062988,0.8554291129112244,0.8114883303642273,0.861226499080658,0.8237161040306091,0.907034695148468,0.8063745498657227,0.9119277596473694,0.8161765336990356,0.9373502731323242,0.8086170554161072,0.9447681307792664,0.813628077507019,0.9363445043563843,0.8077179789543152,0.9464374780654907,0.8179717063903809,0.9661365151405334,0.8122159838676453,0.9665917158126831,0
0.0,0.0,0.0,0.0,0.0,0.0,0.0,0.0,0.0,0.0,0.0,0.0,0.0,0.0,0.0,0.0,0.0,0.0,0.0,0.0,0.0,0.0,0.0,0.0,0.0,0.0,0.0,0.0,0.0,0.0,0.0,0.0,0.0,0.0,0.0,0.0,0.0,0.0,0.0,0.0,0.0,0.0,0.0,0.0,0.0,0.0,0.0,0.0,0.0,0.0,0.0,0.0,0.0,0.0,0.0,0.0,0.0,0.0,0.0,0.0,0.0,0.0,0.0,0.0,0.0,0.0,0
0.0,0.0,0.0,0.0,0.0,0.0,0.0,0.0,0.0,0.0,0.0,0.0,0.0,0.0,0.0,0.0,0.0,0.0,0.0,0.0,0.0,0.0,0.0,0.0,0.0,0.0,0.0,0.0,0.0,0.0,0.0,0.0,0.0,0.0,0.0,0.0,0.0,0.0,0.0,0.0,0.0,0.0,0.0,0.0,0.0,0.0,0.0,0.0,0.0,0.0,0.0,0.0,0.0,0.0,0.0,0.0,0.0,0.0,0.0,0.0,0.0,0.0,0.0,0.0,0.0,0.0,0
0.0,0.0,0.0,0.0,0.0,0.0,0.0,0.0,0.0,0.0,0.0,0.0,0.0,0.0,0.0,0.0,0.0,0.0,0.0,0.0,0.0,0.0,0.0,0.0,0.0,0.0,0.0,0.0,0.0,0.0,0.0,0.0,0.0,0.0,0.0,0.0,0.0,0.0,0.0,0.0,0.0,0.0,0.0,0.0,0.0,0.0,0.0,0.0,0.0,0.0,0.0,0.0,0.0,0.0,0.0,0.0,0.0,0.0,0.0,0.0,0.0,0.0,0.0,0.0,0.0,0.0,0
0.0,0.0,0.0,0.0,0.0,0.0,0.0,0.0,0.0,0.0,0.0,0.0,0.0,0.0,0.0,0.0,0.0,0.0,0.0,0.0,0.0,0.0,0.0,0.0,0.0,0.0,0.0,0.0,0.0,0.0,0.0,0.0,0.0,0.0,0.0,0.0,0.0,0.0,0.0,0.0,0.0,0.0,0.0,0.0,0.0,0.0,0.0,0.0,0.0,0.0,0.0,0.0,0.0,0.0,0.0,0.0,0.0,0.0,0.0,0.0,0.0,0.0,0.0,0.0,0.0,0.0,0
0.8393577933311462,0.8236992359161377,0.8399229049682617,0.8105723261833191,0.8405317068099976,0.8082143068313599,0.8408076167106628,0.801482617855072,0.8352197408676147,0.8187918066978455,0.8335466980934143,0.821763813495636,0.8321014046669006,0.8237009048461914,0.8399850726127625,0.7863938212394714,0.8261693120002747,0.8156281113624573,0.8418326377868652,0.8196833729743958,0.8373908996582031,0.8194331526756287,0.8465144634246826,0.7634620666503906,0.8134817481040955,0.8341227769851685,0.8719519376754761,0.7902231812477112,0.8095256090164185,0.9032655358314514,0.8935502767562866,0.8331260681152344,0.811393141746521,0.9625551700592041,0.8985175490379333,0.8299652338027954,0.8098357319831848,0.9749701023101807,0.8948273062705994,0.8412318825721741,0.813739001750946,0.9736031293869019,0.8922837972640991,0.8442843556404114,0.8140779137611389,0.9686145186424255,0.8415144681930542,0.7922639846801758,0.8264069557189941,0.8291166424751282,0.8519695401191711,0.8131135702133179,0.8275120258331299,0.8496995568275452,0.8489125370979309,0.8152180910110474,0.8272611498832703,0.8504640460014343,0.8467080593109131,0.8122307658195496,0.8268507122993469,0.844598114490509,0.8522636890411377,0.8386675119400024,0.8313859701156616,0.8705175518989563,0
0.8397715091705322,0.810468316078186,0.8390693664550781,0.8051642775535583,0.8397980332374573,0.8018983006477356,0.8400514721870422,0.800343930721283,0.8360827565193176,0.8073331117630005,0.8347991704940796,0.8090587854385376,0.8335026502609253,0.8108594417572021,0.8393045663833618,0.7839042544364929,0.8280737996101379,0.8091201186180115,0.8402746915817261,0.8075948357582092,0.8368701338768005,0.8141703605651855,0.8423968553543091,0.7681906223297119,0.8162234425544739,0.8301246166229248,0.8611584305763245,0.7786825299263,0.8137873411178589,0.880265474319458,0.8715010285377502,0.8220158815383911,0.8230834603309631,0.9017132520675659,0.8747406601905823,0.8268017172813416,0.822364330291748,0.9087345600128174,0.8709402680397034,0.8348415493965149,0.824827253818512,0.900229275226593,0.8692508339881897,0.8343398571014404,0.825710117816925,0.8968449831008911,0.838597297668457,0.7953891754150391,0.8267655372619629,0.8279966115951538,0.8429672718048096,0.8120260834693909,0.8265556693077087,0.8547618389129639,0.8370018601417542,0.822554886341095,0.8226364850997925,0.8611279726028442,0.8346341252326965,0.8212506175041199,0.8214848637580872,0.8579440116882324,0.8402127027511597,0.8431606888771057,0.8256270885467529,0.8772775530815125,0
0.8392653465270996,0.8255886435508728,0.8390726447105408,0.8137697577476501,0.8407790064811707,0.8096405267715454,0.8427608013153076,0.8066540360450745,0.8345760107040405,0.8208529949188232,0.8329226970672607,0.8200362324714661,0.8312842845916748,0.8218879103660583,0.8436378240585327,0.7883499264717102,0.8275914788246155,0.8129463791847229,0.8430942893028259,0.8223232626914978,0.8377989530563354,0.8298078179359436,0.8619005084037781,0.7718198895454407,0.8199583292007446,0.8226516246795654,0.8829851150512695,0.8293038606643677,0.8083360195159912,0.8938310146331787,0.8917314410209656,0.9265890121459961,0.8111553192138672,0.9646129012107849,0.895609974861145,0.9402218461036682,0.8079342246055603,0.9789087176322937,0.8875018954277039,0.9513592720031738,0.8110242486000061,0.9781975746154785,0.886049747467041,0.9479960799217224,0.8135708570480347,0.97186279296875,0.8659830093383789,0.8098386526107788,0.8466223478317261,0.8362288475036621,0.874809980392456,0.8513944745063782,0.8518754839897156,0.8652979731559753,0.8800264596939087,0.877595841884613,0.8573750853538513,0.8786006569862366,0.8790692090988159,0.874792754650116,0.8567919731140137,0.8746066689491272,0.8841884136199951,0.9107695817947388,0.8646222352981567,0.8975744843482971,0
0.8417444229125977,0.799976646900177,0.8412436246871948,0.7876129746437073,0.8413652777671814,0.7890396118164062,0.8422871232032776,0.7851967215538025,0.8377053141593933,0.7959184050559998,0.8363458514213562,0.7979797124862671,0.8349629640579224,0.8001264929771423,0.8407673835754395,0.7727752923965454,0.8296855688095093,0.7991275787353516,0.8412044048309326,0.8001123070716858,0.8394559025764465,0.8055365085601807,0.8477519750595093,0.7569441199302673,0.8193387389183044,0.82638019323349,0.8695838451385498,0.7724539637565613,0.8206726908683777,0.8889726996421814,0.8814603686332703,0.8310080170631409,0.8220992684364319,0.9452135562896729,0.8854027390480042,0.8388064503669739,0.8172784447669983,0.9603081941604614,0.8798868060112,0.847869873046875,0.8201839327812195,0.9542953372001648,0.8785032033920288,0.8457812070846558,0.8232395052909851,0.9484722018241882,0.8498207926750183,0.7918429374694824,0.8360148072242737,0.8270477056503296,0.8713359236717224,0.806573212146759,0.8431592583656311,0.8637457489967346,0.8805322647094727,0.8247707486152649,0.8539592623710632,0.8840438723564148,0.8796780705451965,0.8260375261306763,0.8548656702041626,0.8818854689598083,0.8889931440353394,0.842961311340332,0.859994113445282,0.9075270891189575,0
0.8393275737762451,0.819097638130188,0.83977210521698,0.8073107004165649,0.8416101336479187,0.8026717901229858,0.8431510329246521,0.7979970574378967,0.8351661562919617,0.8132150769233704,0.8335229754447937,0.8155824542045593,0.8319395184516907,0.8149105310440063,0.8444864749908447,0.7818416953086853,0.8294392824172974,0.8104290962219238,0.8442434072494507,0.8151477575302124,0.838690459728241,0.8224343061447144,0.8634084463119507,0.7647111415863037,0.8198794722557068,0.8093597292900085,0.8830504417419434,0.8317205905914307,0.8112361431121826,0.8815608024597168,0.8898565769195557,0.9365024566650391,0.8116557002067566,0.9635206460952759,0.8933998346328735,0.9535913467407227,0.8090136647224426,0.9805195331573486,0.8846206068992615,0.963382363319397,0.8116346597671509,0.9790822863578796,0.8836135268211365,0.958643913269043,0.8136360049247742,0.9721071720123291,0.8714689612388611,0.7980474233627319,0.8520185947418213,0.8220041394233704,0.8891797661781311,0.8545028567314148,0.867111325263977,0.8614894151687622,0.9007988572120667,0.895463764667511,0.8795434832572937,0.8829691410064697,0.9004709720611572,0.8950269818305969,0.8804029822349548,0.8802129626274109,0.9078506231307983,0.9298279285430908,0.8885051012039185,0.9001520276069641,0
0.8410820960998535,0.799594521522522,0.8417007923126221,0.7889195680618286,0.8419962525367737,0.7872210741043091,0.8425952792167664,0.7833948135375977,0.8388864398002625,0.7983250617980957,0.8376408815383911,0.8014041185379028,0.8354406356811523,0.8016729950904846,0.8386986255645752,0.7725651264190674,0.8300487399101257,0.8010676503181458,0.8405125141143799,0.7945312261581421,0.8379107117652893,0.8012127876281738,0.838679850101471,0.7535117864608765,0.8183427453041077,0.8230830430984497,0.8561884164810181,0.7748518586158752,0.8243530988693237,0.8745284080505371,0.8666774034500122,0.80173259973526,0.8379635214805603,0.8984180688858032,0.8692087531089783,0.8018605709075928,0.8382173776626587,0.9070078134536743,0.8661903738975525,0.8073036670684814,0.8407239317893982,0.8963711261749268,0.8649235963821411,0.8084406852722168,0.8410148024559021,0.8918137550354004,0.8332386612892151,0.7822407484054565,0.8236672282218933,0.8140812516212463,0.8331314325332642,0.7936937808990479,0.8202340006828308,0.8420761823654175,0.8281790018081665,0.8117936849594116,0.8194566369056702,0.8574692010879517,0.8259856700897217,0.8107815384864807,0.8186089992523193,0.8557862043380737,0.8313820362091064,0.8341559171676636,0.8238198161125183,0.8743802905082703,0
0.8453277349472046,0.7924899458885193,0.8439561128616333,0.7850322127342224,0.8453067541122437,0.7826676964759827,0.8457746505737305,0.7786579132080078,0.8424286842346191,0.7892082333564758,0.841016948223114,0.7913712859153748,0.8395987153053284,0.7936417460441589,0.8440665602684021,0.7653473019599915,0.8332625031471252,0.7951388359069824,0.8450928926467896,0.7919350266456604,0.8419099450111389,0.7991295456886292,0.83941650390625,0.7573857307434082,0.8207379579544067,0.8207012414932251,0.8451175689697266,0.7737594246864319,0.8164685368537903,0.8775755763053894,0.8516279458999634,0.8128591775894165,0.8201643824577332,0.9269388318061829,0.8540008664131165,0.8173409700393677,0.8165430426597595,0.943124532699585,0.8514136075973511,0.8208321332931519,0.8197372555732727,0.9374005794525146,0.8500295877456665,0.8200039267539978,0.8219344019889832,0.9291075468063354,0.8339458107948303,0.7762837409973145,0.8244925141334534,0.8069908618927002,0.8376871943473816,0.7992367744445801,0.8241592049598694,0.8293933272361755,0.8326584100723267,0.8097729682922363,0.8228434920310974,0.8339188694953918,0.8303318023681641,0.8083586692810059,0.8214611411094666,0.8315002918243408,0.8361928462982178,0.8282689452171326,0.827458918094635,0.8439969420433044,0
0.0,0.0,0.0,0.0,0.0,0.0,0.0,0.0,0.0,0.0,0.0,0.0,0.0,0.0,0.0,0.0,0.0,0.0,0.0,0.0,0.0,0.0,0.0,0.0,0.0,0.0,0.0,0.0,0.0,0.0,0.0,0.0,0.0,0.0,0.0,0.0,0.0,0.0,0.0,0.0,0.0,0.0,0.0,0.0,0.0,0.0,0.0,0.0,0.0,0.0,0.0,0.0,0.0,0.0,0.0,0.0,0.0,0.0,0.0,0.0,0.0,0.0,0.0,0.0,0.0,0.0,0
0.0,0.0,0.0,0.0,0.0,0.0,0.0,0.0,0.0,0.0,0.0,0.0,0.0,0.0,0.0,0.0,0.0,0.0,0.0,0.0,0.0,0.0,0.0,0.0,0.0,0.0,0.0,0.0,0.0,0.0,0.0,0.0,0.0,0.0,0.0,0.0,0.0,0.0,0.0,0.0,0.0,0.0,0.0,0.0,0.0,0.0,0.0,0.0,0.0,0.0,0.0,0.0,0.0,0.0,0.0,0.0,0.0,0.0,0.0,0.0,0.0,0.0,0.0,0.0,0.0,0.0,0
0.0,0.0,0.0,0.0,0.0,0.0,0.0,0.0,0.0,0.0,0.0,0.0,0.0,0.0,0.0,0.0,0.0,0.0,0.0,0.0,0.0,0.0,0.0,0.0,0.0,0.0,0.0,0.0,0.0,0.0,0.0,0.0,0.0,0.0,0.0,0.0,0.0,0.0,0.0,0.0,0.0,0.0,0.0,0.0,0.0,0.0,0.0,0.0,0.0,0.0,0.0,0.0,0.0,0.0,0.0,0.0,0.0,0.0,0.0,0.0,0.0,0.0,0.0,0.0,0.0,0.0,0
0.0,0.0,0.0,0.0,0.0,0.0,0.0,0.0,0.0,0.0,0.0,0.0,0.0,0.0,0.0,0.0,0.0,0.0,0.0,0.0,0.0,0.0,0.0,0.0,0.0,0.0,0.0,0.0,0.0,0.0,0.0,0.0,0.0,0.0,0.0,0.0,0.0,0.0,0.0,0.0,0.0,0.0,0.0,0.0,0.0,0.0,0.0,0.0,0.0,0.0,0.0,0.0,0.0,0.0,0.0,0.0,0.0,0.0,0.0,0.0,0.0,0.0,0.0,0.0,0.0,0.0,0
0.0,0.0,0.0,0.0,0.0,0.0,0.0,0.0,0.0,0.0,0.0,0.0,0.0,0.0,0.0,0.0,0.0,0.0,0.0,0.0,0.0,0.0,0.0,0.0,0.0,0.0,0.0,0.0,0.0,0.0,0.0,0.0,0.0,0.0,0.0,0.0,0.0,0.0,0.0,0.0,0.0,0.0,0.0,0.0,0.0,0.0,0.0,0.0,0.0,0.0,0.0,0.0,0.0,0.0,0.0,0.0,0.0,0.0,0.0,0.0,0.0,0.0,0.0,0.0,0.0,0.0,0
0.0,0.0,0.0,0.0,0.0,0.0,0.0,0.0,0.0,0.0,0.0,0.0,0.0,0.0,0.0,0.0,0.0,0.0,0.0,0.0,0.0,0.0,0.0,0.0,0.0,0.0,0.0,0.0,0.0,0.0,0.0,0.0,0.0,0.0,0.0,0.0,0.0,0.0,0.0,0.0,0.0,0.0,0.0,0.0,0.0,0.0,0.0,0.0,0.0,0.0,0.0,0.0,0.0,0.0,0.0,0.0,0.0,0.0,0.0,0.0,0.0,0.0,0.0,0.0,0.0,0.0,0
0.0,0.0,0.0,0.0,0.0,0.0,0.0,0.0,0.0,0.0,0.0,0.0,0.0,0.0,0.0,0.0,0.0,0.0,0.0,0.0,0.0,0.0,0.0,0.0,0.0,0.0,0.0,0.0,0.0,0.0,0.0,0.0,0.0,0.0,0.0,0.0,0.0,0.0,0.0,0.0,0.0,0.0,0.0,0.0,0.0,0.0,0.0,0.0,0.0,0.0,0.0,0.0,0.0,0.0,0.0,0.0,0.0,0.0,0.0,0.0,0.0,0.0,0.0,0.0,0.0,0.0,0
0.8429773449897766,0.7989836931228638,0.8432676792144775,0.7930593490600586,0.8437183499336243,0.7917711734771729,0.8441557288169861,0.7905411720275879,0.8411381244659424,0.7951605916023254,0.8402495384216309,0.7952448129653931,0.8393552303314209,0.7955144643783569,0.843090295791626,0.7786343097686768,0.8368251919746399,0.785853385925293,0.8439853191375732,0.7923954129219055,0.842352569103241,0.7941927909851074,0.8515685200691223,0.7515158653259277,0.8268693685531616,0.7786608934402466,0.8575336933135986,0.8107994198799133,0.8204705119132996,0.8632460236549377,0.8602921962738037,0.8878360986709595,0.8151243329048157,0.9583424925804138,0.8642210364341736,0.9033838510513306,0.8203527331352234,0.9568747878074646,0.8585854768753052,0.911404550075531,0.8237075805664062,0.9545472860336304,0.8569278120994568,0.9046128988265991,0.8269661068916321,0.9483373165130615,0.8714880347251892,0.7398490309715271,0.8596001267433167,0.7596504092216492,0.8791428208351135,0.8161939978599548,0.8708419799804688,0.8286198973655701,0.8814965486526489,0.869795560836792,0.8827645778656006,0.8345513343811035,0.8809800148010254,0.8634282350540161,0.8837083578109741,0.8292698264122009,0.8810256719589233,0.9233932495117188,0.8847262263298035,0.8467821478843689,0
0.0,0.0,0.0,0.0,0.0,0.0,0.0,0.0,0.0,0.0,0.0,0.0,0.0,0.0,0.0,0.0,0.0,0.0,0.0,0.0,0.0,0.0,0.0,0.0,0.0,0.0,0.0,0.0,0.0,0.0,0.0,0.0,0.0,0.0,0.0,0.0,0.0,0.0,0.0,0.0,0.0,0.0,0.0,0.0,0.0,0.0,0.0,0.0,0.0,0.0,0.0,0.0,0.0,0.0,0.0,0.0,0.0,0.0,0.0,0.0,0.0,0.0,0.0,0.0,0.0,0.0,0
0.0,0.0,0.0,0.0,0.0,0.0,0.0,0.0,0.0,0.0,0.0,0.0,0.0,0.0,0.0,0.0,0.0,0.0,0.0,0.0,0.0,0.0,0.0,0.0,0.0,0.0,0.0,0.0,0.0,0.0,0.0,0.0,0.0,0.0,0.0,0.0,0.0,0.0,0.0,0.0,0.0,0.0,0.0,0.0,0.0,0.0,0.0,0.0,0.0,0.0,0.0,0.0,0.0,0.0,0.0,0.0,0.0,0.0,0.0,0.0,0.0,0.0,0.0,0.0,0.0,0.0,0
0.0,0.0,0.0,0.0,0.0,0.0,0.0,0.0,0.0,0.0,0.0,0.0,0.0,0.0,0.0,0.0,0.0,0.0,0.0,0.0,0.0,0.0,0.0,0.0,0.0,0.0,0.0,0.0,0.0,0.0,0.0,0.0,0.0,0.0,0.0,0.0,0.0,0.0,0.0,0.0,0.0,0.0,0.0,0.0,0.0,0.0,0.0,0.0,0.0,0.0,0.0,0.0,0.0,0.0,0.0,0.0,0.0,0.0,0.0,0.0,0.0,0.0,0.0,0.0,0.0,0.0,0
0.8454767465591431,0.8026992082595825,0.8465660810470581,0.7975286841392517,0.8470723032951355,0.791435956954956,0.849783718585968,0.7900101542472839,0.841968297958374,0.7936462759971619,0.8406920433044434,0.7923462986946106,0.8393957018852234,0.7912859916687012,0.8471823930740356,0.7712668180465698,0.8364722728729248,0.7742840051651001,0.8451899290084839,0.7935531139373779,0.8424196839332581,0.7925693392753601,0.8594609498977661,0.7442046403884888,0.8204401731491089,0.7487536668777466,0.8660032153129578,0.837492823600769,0.8131306767463684,0.8613079786300659,0.8708068132400513,0.9421802759170532,0.8099522590637207,0.9590761661529541,0.8725172877311707,0.9594347476959229,0.8052375316619873,0.9766260385513306,0.8636085391044617,0.9643364548683167,0.8073447346687317,0.9755774736404419,0.8629697561264038,0.9583914279937744,0.8104501962661743,0.9687463045120239,0.8737733364105225,0.7310484647750854,0.8554787039756775,0.7394927740097046,0.8816381096839905,0.8219355940818787,0.8669504523277283,0.8160742521286011,0.8781836628913879,0.8386102318763733,0.8735028505325317,0.8313115239143372,0.8765853047370911,0.82802414894104,0.8744555711746216,0.8254207372665405,0.8750628232955933,0.8807783722877502,0.8731054663658142,0.8491681218147278,0
0.0,0.0,0.0,0.0,0.0,0.0,0.0,0.0,0.0,0.0,0.0,0.0,0.0,0.0,0.0,0.0,0.0,0.0,0.0,0.0,0.0,0.0,0.0,0.0,0.0,0.0,0.0,0.0,0.0,0.0,0.0,0.0,0.0,0.0,0.0,0.0,0.0,0.0,0.0,0.0,0.0,0.0,0.0,0.0,0.0,0.0,0.0,0.0,0.0,0.0,0.0,0.0,0.0,0.0,0.0,0.0,0.0,0.0,0.0,0.0,0.0,0.0,0.0,0.0,0.0,0.0,0
0.0,0.0,0.0,0.0,0.0,0.0,0.0,0.0,0.0,0.0,0.0,0.0,0.0,0.0,0.0,0.0,0.0,0.0,0.0,0.0,0.0,0.0,0.0,0.0,0.0,0.0,0.0,0.0,0.0,0.0,0.0,0.0,0.0,0.0,0.0,0.0,0.0,0.0,0.0,0.0,0.0,0.0,0.0,0.0,0.0,0.0,0.0,0.0,0.0,0.0,0.0,0.0,0.0,0.0,0.0,0.0,0.0,0.0,0.0,0.0,0.0,0.0,0.0,0.0,0.0,0.0,0
0.0,0.0,0.0,0.0,0.0,0.0,0.0,0.0,0.0,0.0,0.0,0.0,0.0,0.0,0.0,0.0,0.0,0.0,0.0,0.0,0.0,0.0,0.0,0.0,0.0,0.0,0.0,0.0,0.0,0.0,0.0,0.0,0.0,0.0,0.0,0.0,0.0,0.0,0.0,0.0,0.0,0.0,0.0,0.0,0.0,0.0,0.0,0.0,0.0,0.0,0.0,0.0,0.0,0.0,0.0,0.0,0.0,0.0,0.0,0.0,0.0,0.0,0.0,0.0,0.0,0.0,0
0.0,0.0,0.0,0.0,0.0,0.0,0.0,0.0,0.0,0.0,0.0,0.0,0.0,0.0,0.0,0.0,0.0,0.0,0.0,0.0,0.0,0.0,0.0,0.0,0.0,0.0,0.0,0.0,0.0,0.0,0.0,0.0,0.0,0.0,0.0,0.0,0.0,0.0,0.0,0.0,0.0,0.0,0.0,0.0,0.0,0.0,0.0,0.0,0.0,0.0,0.0,0.0,0.0,0.0,0.0,0.0,0.0,0.0,0.0,0.0,0.0,0.0,0.0,0.0,0.0,0.0,0
0.0,0.0,0.0,0.0,0.0,0.0,0.0,0.0,0.0,0.0,0.0,0.0,0.0,0.0,0.0,0.0,0.0,0.0,0.0,0.0,0.0,0.0,0.0,0.0,0.0,0.0,0.0,0.0,0.0,0.0,0.0,0.0,0.0,0.0,0.0,0.0,0.0,0.0,0.0,0.0,0.0,0.0,0.0,0.0,0.0,0.0,0.0,0.0,0.0,0.0,0.0,0.0,0.0,0.0,0.0,0.0,0.0,0.0,0.0,0.0,0.0,0.0,0.0,0.0,0.0,0.0,0
0.843993067741394,0.7581902146339417,0.8428772687911987,0.7567555904388428,0.8424277305603027,0.755041778087616,0.8419930338859558,0.7533031105995178,0.8436586856842041,0.7621947526931763,0.8437325954437256,0.7638133764266968,0.8438122272491455,0.765457272529602,0.8377360105514526,0.7497833371162415,0.8408012986183167,0.7700887322425842,0.8417637348175049,0.7551615238189697,0.8425365686416626,0.759907066822052,0.8282166123390198,0.7332243919372559,0.835176944732666,0.78410404920578,0.8291645646095276,0.7129585146903992,0.8431470394134521,0.7999357581138611,0.836789071559906,0.7170180678367615,0.8545393943786621,0.7884001135826111,0.8375639915466309,0.7162046432495117,0.857006311416626,0.7912158966064453,0.8372460007667542,0.7228702902793884,0.8557870388031006,0.7842479944229126,0.8372355699539185,0.7229974269866943,0.8547952771186829,0.7818408608436584,0.8266451358795166,0.743858814239502,0.8293294906616211,0.7679932117462158,0.8277287483215332,0.7642272710800171,0.8345494270324707,0.791193962097168,0.8395613431930542,0.7830437421798706,0.8433279395103455,0.811877429485321,0.8405324816703796,0.7855322360992432,0.8444749712944031,0.8141673803329468,0.845522403717041,0.7863619923591614,0.8467758893966675,0.8167391419410706,0
0.0,0.0,0.0,0.0,0.0,0.0,0.0,0.0,0.0,0.0,0.0,0.0,0.0,0.0,0.0,0.0,0.0,0.0,0.0,0.0,0.0,0.0,0.0,0.0,0.0,0.0,0.0,0.0,0.0,0.0,0.0,0.0,0.0,0.0,0.0,0.0,0.0,0.0,0.0,0.0,0.0,0.0,0.0,0.0,0.0,0.0,0.0,0.0,0.0,0.0,0.0,0.0,0.0,0.0,0.0,0.0,0.0,0.0,0.0,0.0,0.0,0.0,0.0,0.0,0.0,0.0,0
0.0,0.0,0.0,0.0,0.0,0.0,0.0,0.0,0.0,0.0,0.0,0.0,0.0,0.0,0.0,0.0,0.0,0.0,0.0,0.0,0.0,0.0,0.0,0.0,0.0,0.0,0.0,0.0,0.0,0.0,0.0,0.0,0.0,0.0,0.0,0.0,0.0,0.0,0.0,0.0,0.0,0.0,0.0,0.0,0.0,0.0,0.0,0.0,0.0,0.0,0.0,0.0,0.0,0.0,0.0,0.0,0.0,0.0,0.0,0.0,0.0,0.0,0.0,0.0,0.0,0.0,0
0.8504233956336975,0.7803269624710083,0.8542323708534241,0.7751510739326477,0.8547539710998535,0.7728931307792664,0.8553102016448975,0.7706794738769531,0.8523258566856384,0.7806607484817505,0.8515744209289551,0.7820762395858765,0.850841224193573,0.7833218574523926,0.8527710437774658,0.7617582082748413,0.8464347720146179,0.7816540598869324,0.8466408252716064,0.7760708332061768,0.8447263836860657,0.780918300151825,0.8377004861831665,0.7218596339225769,0.8204227089881897,0.8075206279754639,0.8334180116653442,0.6853817701339722,0.8087553977966309,0.8886300325393677,0.8450236320495605,0.6673201322555542,0.8102723956108093,0.9666084051132202,0.8492648601531982,0.6548467874526978,0.81085205078125,0.9842091798782349,0.8504011631011963,0.6650424599647522,0.8127914071083069,0.9835308790206909,0.8475793600082397,0.6720003485679626,0.8124743103981018,0.9769477248191833,0.785933792591095,0.7036879062652588,0.7772974967956543,0.7363081574440002,0.7550427913665771,0.6914588212966919,0.7453737258911133,0.7238005995750427,0.74127197265625,0.6728156805038452,0.7364643216133118,0.6782147288322449,0.7385948896408081,0.6727604866027832,0.7355099320411682,0.6693068146705627,0.7398301959037781,0.6665723323822021,0.7346667647361755,0.6797780990600586,0
0.8538727760314941,0.7741064429283142,0.8535149097442627,0.7694897651672363,0.8538292050361633,0.7678205966949463,0.8541622161865234,0.7662338614463806,0.8549956679344177,0.7784199118614197,0.8534789085388184,0.7789545655250549,0.8532487154006958,0.7803987264633179,0.8521288633346558,0.7609981894493103,0.849718451499939,0.7860884666442871,0.8456763625144958,0.7704748511314392,0.8494365215301514,0.7815719842910767,0.8336561918258667,0.7281044125556946,0.825200080871582,0.7994347214698792,0.8296220302581787,0.6794425845146179,0.8109565377235413,0.8581648468971252,0.8376830220222473,0.6639558672904968,0.8109825253486633,0.9560328722000122,0.8389982581138611,0.655669629573822,0.8099957704544067,0.96580970287323,0.8435417413711548,0.6578212380409241,0.8129701614379883,0.9686870574951172,0.8422154784202576,0.6633703112602234,0.8130746483802795,0.9607492685317993,0.7754202485084534,0.7050530910491943,0.772009551525116,0.7334397435188293,0.749422013759613,0.685915470123291,0.7512742280960083,0.7190974950790405,0.7353678941726685,0.6685627698898315,0.744672417640686,0.6937750577926636,0.7319688200950623,0.6685099005699158,0.7437036633491516,0.6861341595649719,0.7356429696083069,0.6628776788711548,0.7446417212486267,0.6992189288139343,0
0.8547220826148987,0.7762767672538757,0.8583102822303772,0.7700689435005188,0.8588795065879822,0.7676123380661011,0.8594757318496704,0.7652670741081238,0.8577437996864319,0.7795785665512085,0.8573100566864014,0.7824833989143372,0.8571324944496155,0.7850372791290283,0.8566727042198181,0.7546247839927673,0.8522952795028687,0.7830564379692078,0.8510491251945496,0.7706350088119507,0.8533451557159424,0.7782593965530396,0.8443434834480286,0.7173855304718018,0.8259360790252686,0.8107786178588867,0.8697136640548706,0.729027509689331,0.8159381151199341,0.8833394050598145,0.8884402513504028,0.7591776251792908,0.8101744651794434,0.961222231388092,0.8944066762924194,0.7638062238693237,0.810187816619873,0.9818990230560303,0.8925341367721558,0.7676962614059448,0.811184823513031,0.9822316765785217,0.8888983726501465,0.7669599056243896,0.8115255236625671,0.9716362953186035,0.7640634775161743,0.6962131857872009,0.7573534846305847,0.7289647459983826,0.7091773748397827,0.6977716684341431,0.7324434518814087,0.7437298893928528,0.6666761636734009,0.7186675667762756,0.7006378173828125,0.7518007159233093,0.6598990559577942,0.7244828939437866,0.6939737796783447,0.7518483996391296,0.6600401401519775,0.717889130115509,0.6995964050292969,0.7589417099952698,0
0.0,0.0,0.0,0.0,0.0,0.0,0.0,0.0,0.0,0.0,0.0,0.0,0.0,0.0,0.0,0.0,0.0,0.0,0.0,0.0,0.0,0.0,0.0,0.0,0.0,0.0,0.0,0.0,0.0,0.0,0.0,0.0,0.0,0.0,0.0,0.0,0.0,0.0,0.0,0.0,0.0,0.0,0.0,0.0,0.0,0.0,0.0,0.0,0.0,0.0,0.0,0.0,0.0,0.0,0.0,0.0,0.0,0.0,0.0,0.0,0.0,0.0,0.0,0.0,0.0,0.0,0
0.0,0.0,0.0,0.0,0.0,0.0,0.0,0.0,0.0,0.0,0.0,0.0,0.0,0.0,0.0,0.0,0.0,0.0,0.0,0.0,0.0,0.0,0.0,0.0,0.0,0.0,0.0,0.0,0.0,0.0,0.0,0.0,0.0,0.0,0.0,0.0,0.0,0.0,0.0,0.0,0.0,0.0,0.0,0.0,0.0,0.0,0.0,0.0,0.0,0.0,0.0,0.0,0.0,0.0,0.0,0.0,0.0,0.0,0.0,0.0,0.0,0.0,0.0,0.0,0.0,0.0,0
0.0,0.0,0.0,0.0,0.0,0.0,0.0,0.0,0.0,0.0,0.0,0.0,0.0,0.0,0.0,0.0,0.0,0.0,0.0,0.0,0.0,0.0,0.0,0.0,0.0,0.0,0.0,0.0,0.0,0.0,0.0,0.0,0.0,0.0,0.0,0.0,0.0,0.0,0.0,0.0,0.0,0.0,0.0,0.0,0.0,0.0,0.0,0.0,0.0,0.0,0.0,0.0,0.0,0.0,0.0,0.0,0.0,0.0,0.0,0.0,0.0,0.0,0.0,0.0,0.0,0.0,0
0.8561865091323853,0.7615330815315247,0.8612645864486694,0.7496719360351562,0.8617157936096191,0.7472413778305054,0.8627526164054871,0.7400822639465332,0.8594281077384949,0.7618163824081421,0.8567724823951721,0.7634613513946533,0.8561528325080872,0.7705385684967041,0.8571026921272278,0.7258513569831848,0.8518701791763306,0.7648612856864929,0.8541732430458069,0.7524734139442444,0.8512123823165894,0.7631943821907043,0.8502985239028931,0.6800678968429565,0.8246541023254395,0.7826051115989685,0.862573504447937,0.7066578269004822,0.8275614976882935,0.859169065952301,0.8758255839347839,0.7672634124755859,0.8259113430976868,0.942135214805603,0.8821191191673279,0.7728342413902283,0.8230370879173279,0.9650717377662659,0.87892746925354,0.7846684455871582,0.825600802898407,0.9630401134490967,0.8749709129333496,0.7855825424194336,0.8251065015792847,0.9560989737510681,0.8006154298782349,0.6724439263343811,0.7897986173629761,0.7189623713493347,0.8147010207176208,0.7054729461669922,0.7982113361358643,0.7504318952560425,0.819451630115509,0.7387864589691162,0.8021875619888306,0.7486669421195984,0.8176248073577881,0.7440915107727051,0.800424337387085,0.7479455471038818,0.8295310139656067,0.749125599861145,0.8126651048660278,0.7548959255218506,0
0.0,0.0,0.0,0.0,0.0,0.0,0.0,0.0,0.0,0.0,0.0,0.0,0.0,0.0,0.0,0.0,0.0,0.0,0.0,0.0,0.0,0.0,0.0,0.0,0.0,0.0,0.0,0.0,0.0,0.0,0.0,0.0,0.0,0.0,0.0,0.0,0.0,0.0,0.0,0.0,0.0,0.0,0.0,0.0,0.0,0.0,0.0,0.0,0.0,0.0,0.0,0.0,0.0,0.0,0.0,0.0,0.0,0.0,0.0,0.0,0.0,0.0,0.0,0.0,0.0,0.0,0
0.0,0.0,0.0,0.0,0.0,0.0,0.0,0.0,0.0,0.0,0.0,0.0,0.0,0.0,0.0,0.0,0.0,0.0,0.0,0.0,0.0,0.0,0.0,0.0,0.0,0.0,0.0,0.0,0.0,0.0,0.0,0.0,0.0,0.0,0.0,0.0,0.0,0.0,0.0,0.0,0.0,0.0,0.0,0.0,0.0,0.0,0.0,0.0,0.0,0.0,0.0,0.0,0.0,0.0,0.0,0.0,0.0,0.0,0.0,0.0,0.0,0.0,0.0,0.0,0.0,0.0,0
0.0,0.0,0.0,0.0,0.0,0.0,0.0,0.0,0.0,0.0,0.0,0.0,0.0,0.0,0.0,0.0,0.0,0.0,0.0,0.0,0.0,0.0,0.0,0.0,0.0,0.0,0.0,0.0,0.0,0.0,0.0,0.0,0.0,0.0,0.0,0.0,0.0,0.0,0.0,0.0,0.0,0.0,0.0,0.0,0.0,0.0,0.0,0.0,0.0,0.0,0.0,0.0,0.0,0.0,0.0,0.0,0.0,0.0,0.0,0.0,0.0,0.0,0.0,0.0,0.0,0.0,0
0.0,0.0,0.0,0.0,0.0,0.0,0.0,0.0,0.0,0.0,0.0,0.0,0.0,0.0,0.0,0.0,0.0,0.0,0.0,0.0,0.0,0.0,0.0,0.0,0.0,0.0,0.0,0.0,0.0,0.0,0.0,0.0,0.0,0.0,0.0,0.0,0.0,0.0,0.0,0.0,0.0,0.0,0.0,0.0,0.0,0.0,0.0,0.0,0.0,0.0,0.0,0.0,0.0,0.0,0.0,0.0,0.0,0.0,0.0,0.0,0.0,0.0,0.0,0.0,0.0,0.0,0
0.8595894575119019,0.7625566720962524,0.8634750247001648,0.7536999583244324,0.8637574315071106,0.7535302639007568,0.8640637397766113,0.7536458969116211,0.8596041202545166,0.7577251195907593,0.8592137098312378,0.7578394412994385,0.8588027954101562,0.7584882378578186,0.8611029982566833,0.7409466505050659,0.8522854447364807,0.7471004128456116,0.859238862991333,0.7630897760391235,0.8550593256950378,0.7602878212928772,0.8497318625450134,0.7139910459518433,0.8300462365150452,0.7534425854682922,0.8634942173957825,0.7929563522338867,0.8330921530723572,0.8424851298332214,0.8647136688232422,0.8965362310409546,0.8358914256095886,0.9352219104766846,0.8687598705291748,0.9203189015388489,0.8369361758232117,0.9595240354537964,0.8659176826477051,0.9235326647758484,0.8418759107589722,0.9607332348823547,0.8629213571548462,0.9155186414718628,0.8386818170547485,0.9508756399154663,0.7922247052192688,0.6768029928207397,0.7842941880226135,0.6901548504829407,0.7656917572021484,0.6990927457809448,0.7648932933807373,0.7332299947738647,0.742207944393158,0.7083443999290466,0.7389523983001709,0.7266456484794617,0.7381427884101868,0.7095589637756348,0.733660876750946,0.7252416610717773,0.741266667842865,0.7197926044464111,0.7401160001754761,0.7371910810470581,0
0.8659096956253052,0.7583622932434082,0.8692864775657654,0.7400229573249817,0.8697963356971741,0.7384437322616577,0.8703857064247131,0.7371817231178284,0.86677485704422,0.754533052444458,0.865175724029541,0.7487995624542236,0.8648936152458191,0.7505175471305847,0.8657944798469543,0.7304996848106384,0.8597488403320312,0.7479745745658875,0.8621865510940552,0.7529352903366089,0.8619198203086853,0.7546064257621765,0.8509642481803894,0.7018197774887085,0.8390564918518066,0.7607998251914978,0.86476731300354,0.7349631190299988,0.8340245485305786,0.843407392501831,0.8718058466911316,0.7889890670776367,0.8369569182395935,0.9312403202056885,0.8744878768920898,0.79393470287323,0.8391115665435791,0.9525636434555054,0.8728586435317993,0.8030880689620972,0.8403538465499878,0.9475020170211792,0.8708556294441223,0.7987622022628784,0.849031925201416,0.9322865009307861,0.7926546931266785,0.6655666828155518,0.7860004901885986,0.6961960792541504,0.7881154417991638,0.6854148507118225,0.7933357954025269,0.7402639985084534,0.7960812449455261,0.718185544013977,0.7969946265220642,0.7596895694732666,0.7955628037452698,0.7237062454223633,0.7952302694320679,0.7605482935905457,0.8037392497062683,0.7263013124465942,0.8064350485801697,0.7690107822418213,0
0.0,0.0,0.0,0.0,0.0,0.0,0.0,0.0,0.0,0.0,0.0,0.0,0.0,0.0,0.0,0.0,0.0,0.0,0.0,0.0,0.0,0.0,0.0,0.0,0.0,0.0,0.0,0.0,0.0,0.0,0.0,0.0,0.0,0.0,0.0,0.0,0.0,0.0,0.0,0.0,0.0,0.0,0.0,0.0,0.0,0.0,0.0,0.0,0.0,0.0,0.0,0.0,0.0,0.0,0.0,0.0,0.0,0.0,0.0,0.0,0.0,0.0,0.0,0.0,0.0,0.0,0
0.0,0.0,0.0,0.0,0.0,0.0,0.0,0.0,0.0,0.0,0.0,0.0,0.0,0.0,0.0,0.0,0.0,0.0,0.0,0.0,0.0,0.0,0.0,0.0,0.0,0.0,0.0,0.0,0.0,0.0,0.0,0.0,0.0,0.0,0.0,0.0,0.0,0.0,0.0,0.0,0.0,0.0,0.0,0.0,0.0,0.0,0.0,0.0,0.0,0.0,0.0,0.0,0.0,0.0,0.0,0.0,0.0,0.0,0.0,0.0,0.0,0.0,0.0,0.0,0.0,0.0,0
0.0,0.0,0.0,0.0,0.0,0.0,0.0,0.0,0.0,0.0,0.0,0.0,0.0,0.0,0.0,0.0,0.0,0.0,0.0,0.0,0.0,0.0,0.0,0.0,0.0,0.0,0.0,0.0,0.0,0.0,0.0,0.0,0.0,0.0,0.0,0.0,0.0,0.0,0.0,0.0,0.0,0.0,0.0,0.0,0.0,0.0,0.0,0.0,0.0,0.0,0.0,0.0,0.0,0.0,0.0,0.0,0.0,0.0,0.0,0.0,0.0,0.0,0.0,0.0,0.0,0.0,0
0.0,0.0,0.0,0.0,0.0,0.0,0.0,0.0,0.0,0.0,0.0,0.0,0.0,0.0,0.0,0.0,0.0,0.0,0.0,0.0,0.0,0.0,0.0,0.0,0.0,0.0,0.0,0.0,0.0,0.0,0.0,0.0,0.0,0.0,0.0,0.0,0.0,0.0,0.0,0.0,0.0,0.0,0.0,0.0,0.0,0.0,0.0,0.0,0.0,0.0,0.0,0.0,0.0,0.0,0.0,0.0,0.0,0.0,0.0,0.0,0.0,0.0,0.0,0.0,0.0,0.0,0
0.0,0.0,0.0,0.0,0.0,0.0,0.0,0.0,0.0,0.0,0.0,0.0,0.0,0.0,0.0,0.0,0.0,0.0,0.0,0.0,0.0,0.0,0.0,0.0,0.0,0.0,0.0,0.0,0.0,0.0,0.0,0.0,0.0,0.0,0.0,0.0,0.0,0.0,0.0,0.0,0.0,0.0,0.0,0.0,0.0,0.0,0.0,0.0,0.0,0.0,0.0,0.0,0.0,0.0,0.0,0.0,0.0,0.0,0.0,0.0,0.0,0.0,0.0,0.0,0.0,0.0,0
0.0,0.0,0.0,0.0,0.0,0.0,0.0,0.0,0.0,0.0,0.0,0.0,0.0,0.0,0.0,0.0,0.0,0.0,0.0,0.0,0.0,0.0,0.0,0.0,0.0,0.0,0.0,0.0,0.0,0.0,0.0,0.0,0.0,0.0,0.0,0.0,0.0,0.0,0.0,0.0,0.0,0.0,0.0,0.0,0.0,0.0,0.0,0.0,0.0,0.0,0.0,0.0,0.0,0.0,0.0,0.0,0.0,0.0,0.0,0.0,0.0,0.0,0.0,0.0,0.0,0.0,0
0.0,0.0,0.0,0.0,0.0,0.0,0.0,0.0,0.0,0.0,0.0,0.0,0.0,0.0,0.0,0.0,0.0,0.0,0.0,0.0,0.0,0.0,0.0,0.0,0.0,0.0,0.0,0.0,0.0,0.0,0.0,0.0,0.0,0.0,0.0,0.0,0.0,0.0,0.0,0.0,0.0,0.0,0.0,0.0,0.0,0.0,0.0,0.0,0.0,0.0,0.0,0.0,0.0,0.0,0.0,0.0,0.0,0.0,0.0,0.0,0.0,0.0,0.0,0.0,0.0,0.0,0
0.0,0.0,0.0,0.0,0.0,0.0,0.0,0.0,0.0,0.0,0.0,0.0,0.0,0.0,0.0,0.0,0.0,0.0,0.0,0.0,0.0,0.0,0.0,0.0,0.0,0.0,0.0,0.0,0.0,0.0,0.0,0.0,0.0,0.0,0.0,0.0,0.0,0.0,0.0,0.0,0.0,0.0,0.0,0.0,0.0,0.0,0.0,0.0,0.0,0.0,0.0,0.0,0.0,0.0,0.0,0.0,0.0,0.0,0.0,0.0,0.0,0.0,0.0,0.0,0.0,0.0,0
0.0,0.0,0.0,0.0,0.0,0.0,0.0,0.0,0.0,0.0,0.0,0.0,0.0,0.0,0.0,0.0,0.0,0.0,0.0,0.0,0.0,0.0,0.0,0.0,0.0,0.0,0.0,0.0,0.0,0.0,0.0,0.0,0.0,0.0,0.0,0.0,0.0,0.0,0.0,0.0,0.0,0.0,0.0,0.0,0.0,0.0,0.0,0.0,0.0,0.0,0.0,0.0,0.0,0.0,0.0,0.0,0.0,0.0,0.0,0.0,0.0,0.0,0.0,0.0,0.0,0.0,0
0.0,0.0,0.0,0.0,0.0,0.0,0.0,0.0,0.0,0.0,0.0,0.0,0.0,0.0,0.0,0.0,0.0,0.0,0.0,0.0,0.0,0.0,0.0,0.0,0.0,0.0,0.0,0.0,0.0,0.0,0.0,0.0,0.0,0.0,0.0,0.0,0.0,0.0,0.0,0.0,0.0,0.0,0.0,0.0,0.0,0.0,0.0,0.0,0.0,0.0,0.0,0.0,0.0,0.0,0.0,0.0,0.0,0.0,0.0,0.0,0.0,0.0,0.0,0.0,0.0,0.0,0
0.8683667778968811,0.6593497395515442,0.8699405193328857,0.6455978155136108,0.8712788820266724,0.643040657043457,0.8727257251739502,0.6396764516830444,0.8643510937690735,0.6514945030212402,0.8629889488220215,0.6515758633613586,0.8614832162857056,0.6518323421478271,0.874269962310791,0.6285657286643982,0.8596530556678772,0.6461382508277893,0.8720436692237854,0.6604310274124146,0.8664519190788269,0.6643665432929993,0.8916909098625183,0.6310497522354126,0.8581182360649109,0.6717547178268433,0.8966572284698486,0.7046776413917542,0.8475019335746765,0.7373437881469727,0.8901159763336182,0.7766739726066589,0.8518624305725098,0.8024565577507019,0.890436053276062,0.7979271411895752,0.8515353202819824,0.8209816813468933,0.8859826922416687,0.7956491112709045,0.8545863628387451,0.8168310523033142,0.8856783509254456,0.7886621356010437,0.8559040427207947,0.8104240298271179,0.8963536620140076,0.700666606426239,0.8779431581497192,0.715059757232666,0.8937652707099915,0.7835205793380737,0.8791792988777161,0.7873243689537048,0.890785813331604,0.8699461817741394,0.8805485367774963,0.8497098088264465,0.8910727500915527,0.8786097764968872,0.8822703957557678,0.854846715927124,0.8873164653778076,0.9128395318984985,0.8795126676559448,0.8846059441566467,0
0.0,0.0,0.0,0.0,0.0,0.0,0.0,0.0,0.0,0.0,0.0,0.0,0.0,0.0,0.0,0.0,0.0,0.0,0.0,0.0,0.0,0.0,0.0,0.0,0.0,0.0,0.0,0.0,0.0,0.0,0.0,0.0,0.0,0.0,0.0,0.0,0.0,0.0,0.0,0.0,0.0,0.0,0.0,0.0,0.0,0.0,0.0,0.0,0.0,0.0,0.0,0.0,0.0,0.0,0.0,0.0,0.0,0.0,0.0,0.0,0.0,0.0,0.0,0.0,0.0,0.0,0
0.8733135461807251,0.6248027086257935,0.873497724533081,0.6154268980026245,0.8737161159515381,0.6141836643218994,0.8748732805252075,0.6100720167160034,0.8705865144729614,0.6177981495857239,0.8691053986549377,0.6203093528747559,0.8684194087982178,0.6204918026924133,0.8722825646400452,0.6053391695022583,0.8636904954910278,0.6220395565032959,0.8722314238548279,0.6303219199180603,0.87004554271698,0.6357758045196533,0.8698365092277527,0.5988065004348755,0.8461659550666809,0.6561423540115356,0.8782163262367249,0.6232627630233765,0.8410056233406067,0.7415354251861572,0.8878871202468872,0.6415968537330627,0.8408680558204651,0.8198896050453186,0.8916236162185669,0.6352939605712891,0.8406492471694946,0.8388682007789612,0.8910980820655823,0.6441606283187866,0.8423551917076111,0.8358885049819946,0.8887837529182434,0.6503652334213257,0.8475117087364197,0.8276799321174622,0.8452035188674927,0.6821490526199341,0.8330148458480835,0.7091372013092041,0.8521140217781067,0.7305983304977417,0.8374148011207581,0.7608936429023743,0.8528834581375122,0.7913301587104797,0.8386991024017334,0.8088886141777039,0.8508307337760925,0.8003486394882202,0.8377966284751892,0.8138915300369263,0.860434353351593,0.8126924633979797,0.8473615050315857,0.8330909609794617,0
0.864972710609436,0.6271240711212158,0.8666447401046753,0.6128302216529846,0.8676356077194214,0.6113107800483704,0.8692080974578857,0.6098296046257019,0.8620045781135559,0.6150634288787842,0.8602392077445984,0.6141022443771362,0.8587665557861328,0.6132007241249084,0.8718681931495667,0.6035201549530029,0.8568841814994812,0.6083112359046936,0.8679518103599548,0.6311070322990417,0.8632288575172424,0.631817638874054,0.8866429328918457,0.6313535571098328,0.8508841395378113,0.6442760229110718,0.89336758852005,0.7001241445541382,0.8475658893585205,0.7242445945739746,0.8928114771842957,0.75662761926651,0.853749692440033,0.8081316947937012,0.8947089910507202,0.7657950520515442,0.8516548871994019,0.8265188932418823,0.8914744853973389,0.76522296667099,0.8574423789978027,0.8246961832046509,0.8897414207458496,0.7631309032440186,0.8594105839729309,0.8180152177810669,0.8770856261253357,0.7015258073806763,0.859867513179779,0.7023301124572754,0.8812274932861328,0.7682350277900696,0.8580198287963867,0.7516703605651855,0.8803024888038635,0.7993370294570923,0.8522650599479675,0.7726650238037109,0.8786860108375549,0.801453173160553,0.8517405390739441,0.7751791477203369,0.881240963935852,0.8261753916740417,0.8520166277885437,0.7920691967010498,0
0.8620806932449341,0.6162172555923462,0.8635811805725098,0.6001699566841125,0.866413414478302,0.5980105400085449,0.8683326840400696,0.5956512689590454,0.8585950136184692,0.6009141206741333,0.8574108481407166,0.6006147861480713,0.8558688163757324,0.5988838076591492,0.8739451169967651,0.5880558490753174,0.8566352725028992,0.5956106185913086,0.8679395318031311,0.6234933137893677,0.8618820905685425,0.6226911544799805,0.8999423980712891,0.6147633790969849,0.8512097597122192,0.6325880289077759,0.9110923409461975,0.6855679154396057,0.8397825956344604,0.7260606288909912,0.9062901735305786,0.7456392049789429,0.8350095152854919,0.8138530850410461,0.9125165939331055,0.7515643239021301,0.8314331769943237,0.8351224064826965,0.9083686470985413,0.7528440356254578,0.8343755602836609,0.8359084129333496,0.9025771021842957,0.7580786943435669,0.8369948863983154,0.8273582458496094,0.8793904185295105,0.7455268502235413,0.8561683297157288,0.7370122671127319,0.8865787386894226,0.8115383982658386,0.8464796543121338,0.7791200280189514,0.8832284212112427,0.8713805675506592,0.8577085137367249,0.8094002604484558,0.8842794299125671,0.8811074495315552,0.8623433709144592,0.8115414381027222,0.8811676502227783,0.90369713306427,0.8521935343742371,0.8380740284919739,0
0.8630813956260681,0.6081048846244812,0.8642736077308655,0.592736542224884,0.8662587404251099,0.590554416179657,0.8680903315544128,0.5881632566452026,0.8592785000801086,0.5962948203086853,0.8576891422271729,0.5961071252822876,0.8560517430305481,0.5958654284477234,0.8720746636390686,0.576908528804779,0.8540950417518616,0.5872960686683655,0.8671109080314636,0.6090048551559448,0.8614498972892761,0.61061030626297,0.8974060416221619,0.5884443521499634,0.8477495312690735,0.6147979497909546,0.9134042859077454,0.667127788066864,0.8368197679519653,0.7029621005058289,0.9126318693161011,0.7680401802062988,0.8320820331573486,0.8100683689117432,0.9157891869544983,0.7893327474594116,0.8294612169265747,0.8386197090148926,0.9109146595001221,0.793415904045105,0.8329610824584961,0.8429332375526428,0.9083725810050964,0.7857441306114197,0.8432918190956116,0.8301125168800354,0.8866927027702332,0.6829979419708252,0.8627632856369019,0.6840535402297974,0.8841175436973572,0.7790382504463196,0.8619301915168762,0.7593753933906555,0.8831896781921387,0.8430725336074829,0.8628610372543335,0.8188837170600891,0.8816759586334229,0.844512403011322,0.8615692853927612,0.8215402960777283,0.8804290294647217,0.8927912712097168,0.8613133430480957,0.8620074391365051,0
0.8622601628303528,0.5906692743301392,0.8632247447967529,0.5773649215698242,0.8651999831199646,0.5746992826461792,0.8671557307243347,0.571599543094635,0.8585484623908997,0.5805184245109558,0.8572914600372314,0.5799627304077148,0.8560510873794556,0.5791017413139343,0.8708394765853882,0.5593477487564087,0.8550094366073608,0.5737473964691162,0.8666825294494629,0.5936426520347595,0.8615915179252625,0.5956263542175293,0.8975939750671387,0.576951265335083,0.8486131429672241,0.599029004573822,0.9138380885124207,0.6381253600120544,0.8397224545478821,0.6868239641189575,0.9165343642234802,0.7134838700294495,0.8397473692893982,0.7813280820846558,0.9192548394203186,0.732027530670166,0.8394819498062134,0.8070798516273499,0.9158647060394287,0.7343395948410034,0.8430309891700745,0.8017949461936951,0.9122014045715332,0.7276703119277954,0.8436055183410645,0.792880654335022,0.8895502090454102,0.6828048825263977,0.8641531467437744,0.6912034749984741,0.8877934217453003,0.7595751881599426,0.8613423109054565,0.7683171033859253,0.8809235095977783,0.8565360903739929,0.8648565411567688,0.8430563807487488,0.878779947757721,0.8651670813560486,0.8674044609069824,0.8533748388290405,0.8800486922264099,0.9045459032058716,0.8610376119613647,0.8833126425743103,0
0.0,0.0,0.0,0.0,0.0,0.0,0.0,0.0,0.0,0.0,0.0,0.0,0.0,0.0,0.0,0.0,0.0,0.0,0.0,0.0,0.0,0.0,0.0,0.0,0.0,0.0,0.0,0.0,0.0,0.0,0.0,0.0,0.0,0.0,0.0,0.0,0.0,0.0,0.0,0.0,0.0,0.0,0.0,0.0,0.0,0.0,0.0,0.0,0.0,0.0,0.0,0.0,0.0,0.0,0.0,0.0,0.0,0.0,0.0,0.0,0.0,0.0,0.0,0.0,0.0,0.0,0
0.8602721095085144,0.5684570670127869,0.861190915107727,0.554902195930481,0.8632021546363831,0.5519828796386719,0.8651379942893982,0.5489768981933594,0.856518030166626,0.5573689937591553,0.8551276326179504,0.5567454099655151,0.8537208437919617,0.555831789970398,0.8695112466812134,0.5392290353775024,0.852975070476532,0.5497202277183533,0.8649272322654724,0.572403073310852,0.8595169186592102,0.5743364095687866,0.8947733044624329,0.5544955730438232,0.8461452722549438,0.5786702632904053,0.9140130877494812,0.6139973402023315,0.8395084738731384,0.6574456691741943,0.9189989566802979,0.6942353844642639,0.847484827041626,0.7593157291412354,0.9226362705230713,0.7116730213165283,0.8456761240959167,0.7829963564872742,0.9197703003883362,0.7129242420196533,0.8473759293556213,0.7831467986106873,0.9175800085067749,0.7073322534561157,0.8499749898910522,0.77337646484375,0.8873220682144165,0.6696094870567322,0.8622114658355713,0.6685572266578674,0.8845022916793823,0.7580620646476746,0.8622445464134216,0.7605471611022949,0.879848301410675,0.8650279641151428,0.8616046905517578,0.8588997721672058,0.8780061602592468,0.8766109943389893,0.8632432222366333,0.8693735003471375,0.8807369470596313,0.9132286906242371,0.857548177242279,0.9032920598983765,0
0.8569847345352173,0.5561367869377136,0.8584217429161072,0.5399103164672852,0.8603454232215881,0.5373021364212036,0.8623837232589722,0.5345859527587891,0.8534922003746033,0.5431315898895264,0.8519770503044128,0.5426758527755737,0.8507050275802612,0.5420002937316895,0.8679630160331726,0.5266851186752319,0.8507829904556274,0.5362895727157593,0.8623831272125244,0.5612394213676453,0.8568638563156128,0.5635921359062195,0.8943445086479187,0.5494410991668701,0.8456889986991882,0.5653817057609558,0.9123388528823853,0.6081519722938538,0.8372079133987427,0.644476056098938,0.9184973835945129,0.6884806752204895,0.8380919098854065,0.7290186285972595,0.9214656352996826,0.7101673483848572,0.838674783706665,0.750065803527832,0.9185753464698792,0.7128721475601196,0.8397177457809448,0.7493511438369751,0.9170942306518555,0.7050538659095764,0.8420713543891907,0.7400559782981873,0.8852657675743103,0.6649081707000732,0.8594414591789246,0.6614364981651306,0.8842427730560303,0.7518523931503296,0.8574190139770508,0.7503612041473389,0.8802151679992676,0.8659737706184387,0.8544498085975647,0.8601276874542236,0.877131998538971,0.874737560749054,0.8565244674682617,0.8714041709899902,0.8812270760536194,0.9176223874092102,0.851714015007019,0.9115771055221558,0
0.8550260066986084,0.5485409498214722,0.8573967814445496,0.5326622724533081,0.859489381313324,0.5295600295066833,0.8619798421859741,0.5260984897613525,0.8519120812416077,0.5361737012863159,0.8503943085670471,0.5355170965194702,0.8489679098129272,0.5345430374145508,0.8672401309013367,0.5167985558509827,0.8486859798431396,0.527088463306427,0.8606349229812622,0.5523824095726013,0.8550815582275391,0.5547856092453003,0.8920052647590637,0.5400227904319763,0.8428198099136353,0.5559054017066956,0.9125840067863464,0.6040852069854736,0.835450291633606,0.629116952419281,0.9190312027931213,0.6852168440818787,0.8356894254684448,0.7083189487457275,0.9232959747314453,0.7043006420135498,0.834248423576355,0.7275951504707336,0.9195635318756104,0.7048417925834656,0.8351899981498718,0.7277905941009521,0.917304515838623,0.6998924016952515,0.8374666571617126,0.7201234698295593,0.8860437273979187,0.6673730611801147,0.8609836101531982,0.6807737946510315,0.8827477693557739,0.7635936141014099,0.8568379878997803,0.7552683353424072,0.8819945454597473,0.8700219988822937,0.8554643988609314,0.8787884712219238,0.8799423575401306,0.8807411789894104,0.8561226725578308,0.8930544257164001,0.8840420246124268,0.9210301041603088,0.8539797067642212,0.9282755851745605,0
0.8537017107009888,0.5382084250450134,0.8557546734809875,0.5205227732658386,0.8579686880111694,0.5177316069602966,0.8600513339042664,0.5146329402923584,0.8505173325538635,0.5229990482330322,0.8489537239074707,0.5222468972206116,0.8476036190986633,0.5212945342063904,0.8654769062995911,0.5066671371459961,0.8478727340698242,0.5149636268615723,0.8589683771133423,0.5446470975875854,0.853546142578125,0.5457959771156311,0.8901705145835876,0.533280074596405,0.8429058790206909,0.5439212322235107,0.9099843502044678,0.5995304584503174,0.8350448608398438,0.6157703399658203,0.9151529669761658,0.6853548288345337,0.838398814201355,0.7083716988563538,0.9169824123382568,0.7067754864692688,0.837712287902832,0.7314903140068054,0.9148728251457214,0.7086538672447205,0.8399496674537659,0.7245608568191528,0.9117138981819153,0.700433075428009,0.8408838510513306,0.723494291305542,0.8827254176139832,0.6670345067977905,0.8576048612594604,0.6610631942749023,0.8873440027236938,0.7590093016624451,0.8583943843841553,0.7512076497077942,0.8800271153450012,0.8706838488578796,0.8544323444366455,0.8817713856697083,0.8777661323547363,0.8833849430084229,0.855991542339325,0.8948013186454773,0.8815014958381653,0.9275394082069397,0.8558385968208313,0.9372211694717407,0
0.8522675037384033,0.5277481079101562,0.854065477848053,0.5113901495933533,0.8564032316207886,0.5087707042694092,0.8585100769996643,0.5058459639549255,0.8489854335784912,0.5138801336288452,0.8476281762123108,0.5131516456604004,0.8463290929794312,0.5121827125549316,0.8642057776451111,0.49729299545288086,0.8469059467315674,0.5055347084999084,0.8574120998382568,0.5328546762466431,0.852008581161499,0.5347352027893066,0.8889524936676025,0.5255663394927979,0.8408359289169312,0.5355332493782043,0.9083512425422668,0.5927532911300659,0.8337012529373169,0.6057901382446289,0.9137142896652222,0.6802753210067749,0.8339712023735046,0.6769179105758667,0.916301965713501,0.7016292810440063,0.8336906433105469,0.7022783160209656,0.9137347340583801,0.7022932171821594,0.8365542888641357,0.7036508917808533,0.9107372164726257,0.6949961185455322,0.8379436731338501,0.6934371590614319,0.884314775466919,0.6622141599655151,0.8576746582984924,0.6561800241470337,0.8796786665916443,0.7737600803375244,0.8580117225646973,0.7586071491241455,0.8797048926353455,0.874541699886322,0.8523574471473694,0.893836498260498,0.8799421191215515,0.8911165595054626,0.8538161516189575,0.9052194356918335,0.8818179368972778,0.9261624813079834,0.8528226017951965,0.9472724199295044,0
0.8524709343910217,0.5167121887207031,0.8544600009918213,0.500970721244812,0.8567655086517334,0.4979543685913086,0.8588963150978088,0.4948618412017822,0.8492265939712524,0.5033867359161377,0.8477802872657776,0.5026246905326843,0.8463373184204102,0.5015704035758972,0.8638957142829895,0.4864812195301056,0.8461014032363892,0.49563807249069214,0.8572208881378174,0.5222181081771851,0.8518433570861816,0.5239087343215942,0.8885250687599182,0.5182751417160034,0.8384453654289246,0.5345959663391113,0.9063444137573242,0.589382529258728,0.8314366340637207,0.6122967004776001,0.9118871688842773,0.6845677495002747,0.8330391645431519,0.7027542591094971,0.9148520231246948,0.7058941721916199,0.8320061564445496,0.7193527221679688,0.9104796051979065,0.7088245749473572,0.8368365168571472,0.7190603613853455,0.9091756343841553,0.6990871429443359,0.8378303647041321,0.7164860963821411,0.8830918669700623,0.6535847187042236,0.8559974431991577,0.6500433087348938,0.8801731467247009,0.7791497707366943,0.8570881485939026,0.7616094946861267,0.880456268787384,0.8741796016693115,0.8527563810348511,0.893671452999115,0.8775510191917419,0.8826630115509033,0.8525751829147339,0.9051899313926697,0.8829100728034973,0.9262807965278625,0.8529690504074097,0.9472041726112366,0
0.8537010550498962,0.5031541585922241,0.8558703660964966,0.4882037937641144,0.8579809069633484,0.485826700925827,0.8599973320960999,0.4830852746963501,0.8505339622497559,0.49050790071487427,0.8488715291023254,0.49012431502342224,0.847205400466919,0.48950573801994324,0.8634885549545288,0.47528547048568726,0.846224308013916,0.4845603108406067,0.8580458760261536,0.5090464353561401,0.8522195219993591,0.5105628967285156,0.8853451013565063,0.5097886323928833,0.8364413976669312,0.5269526243209839,0.9033049941062927,0.5873713493347168,0.8299471735954285,0.5930109024047852,0.9083335399627686,0.6853858828544617,0.8312362432479858,0.6747189164161682,0.9104325771331787,0.706236720085144,0.8306820392608643,0.699915885925293,0.9067630171775818,0.7068405151367188,0.8339061737060547,0.7000099420547485,0.9057241678237915,0.6995893716812134,0.8354559540748596,0.691259503364563,0.8798285722732544,0.6561123132705688,0.8533772230148315,0.6526976823806763,0.8800039887428284,0.7802997827529907,0.8554617762565613,0.7733277678489685,0.8802983164787292,0.8686964511871338,0.851768970489502,0.9009852409362793,0.8777768015861511,0.8790194988250732,0.85368812084198,0.9106923341751099,0.8856988549232483,0.918784499168396,0.8514344096183777,0.9485719799995422,0
0.8529752492904663,0.4969886243343353,0.8554811477661133,0.4814068675041199,0.8577128052711487,0.4795656204223633,0.8598310351371765,0.4772215783596039,0.8495078086853027,0.4825008511543274,0.8475226163864136,0.4817083179950714,0.845757007598877,0.4807557165622711,0.863583505153656,0.4708404839038849,0.8444184064865112,0.47606685757637024,0.8574381470680237,0.504085898399353,0.8510469794273376,0.5053036212921143,0.884540319442749,0.505185067653656,0.8355942368507385,0.5219771265983582,0.9028292894363403,0.5920963287353516,0.8296107053756714,0.5981404781341553,0.9060460329055786,0.6872117519378662,0.8324105739593506,0.676847517490387,0.907417893409729,0.7088577747344971,0.8322206139564514,0.7030065655708313,0.9039288759231567,0.7092393636703491,0.8354939222335815,0.7024621963500977,0.9028255939483643,0.7032525539398193,0.8368645906448364,0.6953703761100769,0.8792853951454163,0.6519291996955872,0.8532125353813171,0.6539666652679443,0.8792048096656799,0.7768449783325195,0.8555986285209656,0.7780908346176147,0.8818586468696594,0.8708204030990601,0.8544965386390686,0.899470329284668,0.8790242075920105,0.8740018606185913,0.8560737371444702,0.9121134281158447,0.8855667114257812,0.9154833555221558,0.8517340421676636,0.9457423686981201,0
0.851594090461731,0.4908084273338318,0.8544453382492065,0.4760570228099823,0.8566422462463379,0.4746130704879761,0.8586716651916504,0.4724569320678711,0.8489100933074951,0.47633036971092224,0.8472511172294617,0.4753713607788086,0.8455297350883484,0.473995566368103,0.8627688884735107,0.4662870466709137,0.8448967337608337,0.4703240394592285,0.8559370636940002,0.498844712972641,0.8497085571289062,0.498761922121048,0.8843559622764587,0.5047316551208496,0.8352980613708496,0.5174487829208374,0.9011197686195374,0.5922434329986572,0.8271844983100891,0.5937716364860535,0.9024584293365479,0.6919168829917908,0.8309799432754517,0.6889457106590271,0.9030514359474182,0.713944137096405,0.8310123085975647,0.7117979526519775,0.8998958468437195,0.7140569090843201,0.8342500925064087,0.7106232047080994,0.8986521363258362,0.7070298194885254,0.8353068828582764,0.7027056217193604,0.8790855407714844,0.650619387626648,0.8527400493621826,0.6482795476913452,0.8777804374694824,0.7733409404754639,0.8559672236442566,0.7743493914604187,0.8808469176292419,0.8647842407226562,0.8545562624931335,0.8989837169647217,0.8781158924102783,0.870553195476532,0.8561590909957886,0.9094330072402954,0.8842151165008545,0.9142189621925354,0.853152871131897,0.9462697505950928,0
0.8513717651367188,0.48138079047203064,0.8538622260093689,0.46514996886253357,0.8558874726295471,0.463450163602829,0.8578877449035645,0.4613022208213806,0.8488057851791382,0.4668289124965668,0.8473640084266663,0.46647536754608154,0.8457996249198914,0.46596530079841614,0.8619950413703918,0.45804327726364136,0.8449806571006775,0.4644400477409363,0.8553618788719177,0.4909774959087372,0.8499994277954102,0.49104297161102295,0.8843650221824646,0.5006805062294006,0.8355856537818909,0.5137000679969788,0.8986203074455261,0.5841975212097168,0.8267927169799805,0.5935144424438477,0.8991326689720154,0.6863733530044556,0.8292354345321655,0.6923127770423889,0.8997814059257507,0.7135215997695923,0.829790472984314,0.7141192555427551,0.8967708945274353,0.7122772932052612,0.8330286741256714,0.713564932346344,0.8954641819000244,0.7029748558998108,0.8337675333023071,0.7059611082077026,0.8773568868637085,0.6467187404632568,0.8507128953933716,0.6471621990203857,0.8766570091247559,0.7758113145828247,0.8549683094024658,0.772697389125824,0.8797982335090637,0.8641060590744019,0.8551668524742126,0.8974642753601074,0.8767120838165283,0.8764005899429321,0.8569534420967102,0.9117580652236938,0.8824256658554077,0.9176524877548218,0.853314995765686,0.9502819776535034,0
0.8514887690544128,0.47171199321746826,0.8535312414169312,0.4557906687259674,0.8555681705474854,0.4541352391242981,0.8574941158294678,0.4520563781261444,0.8482265472412109,0.45802032947540283,0.8464432954788208,0.4580315351486206,0.8449519276618958,0.4579484462738037,0.861674964427948,0.44981276988983154,0.8445807695388794,0.4576457738876343,0.8562730550765991,0.48173221945762634,0.8504053354263306,0.48259079456329346,0.8843602538108826,0.49517959356307983,0.8353060483932495,0.5161833167076111,0.8979412913322449,0.5832852125167847,0.8248699307441711,0.5943822860717773,0.896988570690155,0.6874085068702698,0.8290971517562866,0.6848222017288208,0.8972499370574951,0.7126306295394897,0.8293643593788147,0.7104208469390869,0.8921768069267273,0.7104477286338806,0.8331952691078186,0.7095279097557068,0.8910807967185974,0.7019078135490417,0.8339365124702454,0.7002147436141968,0.8784722089767456,0.6666461229324341,0.8514552712440491,0.6677172780036926,0.8784036040306091,0.7845787405967712,0.854250967502594,0.7876612544059753,0.8811497688293457,0.8728596568107605,0.8545718193054199,0.8995640873908997,0.8782588243484497,0.8827450275421143,0.8570159077644348,0.9072896838188171,0.8843063712120056,0.9244152307510376,0.8531977534294128,0.949536919593811,0
0.8511627912521362,0.4658459722995758,0.8533438444137573,0.4495024085044861,0.8553588390350342,0.4478908181190491,0.8572502732276917,0.4458789825439453,0.8481301665306091,0.45151588320732117,0.8463491201400757,0.4513622522354126,0.8448782563209534,0.4511483311653137,0.8615648746490479,0.4433227777481079,0.8445726633071899,0.45032596588134766,0.8557670712471008,0.47629809379577637,0.8501583337783813,0.4769160747528076,0.8848324418067932,0.4908764958381653,0.8359902501106262,0.5067517757415771,0.8971662521362305,0.5799720287322998,0.8254960775375366,0.5839228630065918,0.8931609392166138,0.6827362775802612,0.8279041647911072,0.6760826110839844,0.8922069072723389,0.7074045538902283,0.8281164169311523,0.6986382603645325,0.8869038224220276,0.7038424611091614,0.8323134779930115,0.6982347369194031,0.886319100856781,0.6966530084609985,0.8330944776535034,0.6913607120513916,0.8768289089202881,0.6591298580169678,0.8501401543617249,0.6583927273750305,0.8761972188949585,0.7874372005462646,0.8528494238853455,0.7861714959144592,0.879725992679596,0.8748670816421509,0.8537106513977051,0.9010122418403625,0.8785949349403381,0.9026253819465637,0.856619656085968,0.9116781949996948,0.8830084800720215,0.9331361055374146,0.8508411645889282,0.9590969681739807,0
0.0,0.0,0.0,0.0,0.0,0.0,0.0,0.0,0.0,0.0,0.0,0.0,0.0,0.0,0.0,0.0,0.0,0.0,0.0,0.0,0.0,0.0,0.0,0.0,0.0,0.0,0.0,0.0,0.0,0.0,0.0,0.0,0.0,0.0,0.0,0.0,0.0,0.0,0.0,0.0,0.0,0.0,0.0,0.0,0.0,0.0,0.0,0.0,0.0,0.0,0.0,0.0,0.0,0.0,0.0,0.0,0.0,0.0,0.0,0.0,0.0,0.0,0.0,0.0,0.0,0.0,0
0.8521985411643982,0.4455929696559906,0.8546352386474609,0.42769986391067505,0.8567718863487244,0.4263398349285126,0.8587689399719238,0.4249644875526428,0.8488757014274597,0.4295353889465332,0.8469459414482117,0.4294982850551605,0.8453197479248047,0.4294036626815796,0.863345205783844,0.42521902918815613,0.844722330570221,0.42963412404060364,0.8570124506950378,0.4579245448112488,0.8505699634552002,0.458770215511322,0.8839184641838074,0.4755229353904724,0.8361302018165588,0.48930299282073975,0.8963528275489807,0.5642210245132446,0.8255948424339294,0.5684583783149719,0.8866584897041321,0.6586917638778687,0.8284826278686523,0.6681504845619202,0.8842350244522095,0.6822074055671692,0.828224778175354,0.6967913508415222,0.8806297183036804,0.6798952221870422,0.8324677348136902,0.696458101272583,0.8807908296585083,0.6712807416915894,0.8337443470954895,0.684252142906189,0.8762524127960205,0.6548252105712891,0.8494435548782349,0.6573557257652283,0.8769898414611816,0.7813677191734314,0.8521378636360168,0.7818217873573303,0.8773282766342163,0.8700786232948303,0.8524763584136963,0.8958411812782288,0.8745046257972717,0.881962239742279,0.8551788330078125,0.907005786895752,0.8822523355484009,0.9276837706565857,0.8512719869613647,0.9548953771591187,0
0.852298378944397,0.4356711804866791,0.8547906875610352,0.41976064443588257,0.856777012348175,0.4184643030166626,0.8588668704032898,0.41699209809303284,0.8492845892906189,0.42172613739967346,0.8473885655403137,0.4218766987323761,0.8456637859344482,0.4219830632209778,0.8632134199142456,0.4171869158744812,0.8451855778694153,0.422784686088562,0.8573244214057922,0.4476204514503479,0.8508781790733337,0.44842708110809326,0.8841543197631836,0.4681064486503601,0.8356019258499146,0.4858173131942749,0.8958019614219666,0.5539150834083557,0.8261893391609192,0.5683819055557251,0.8857403993606567,0.6377797722816467,0.82951420545578,0.6581403613090515,0.8823663592338562,0.6623902916908264,0.8290486335754395,0.6840277910232544,0.8779277205467224,0.6598522663116455,0.8330190181732178,0.6827923655509949,0.8787634968757629,0.6512248516082764,0.8341617584228516,0.6720008850097656,0.8756418228149414,0.6461664438247681,0.8494132161140442,0.6504146456718445,0.87799072265625,0.7777340412139893,0.8528505563735962,0.7801862359046936,0.8794191479682922,0.867575466632843,0.8536417484283447,0.8933348655700684,0.8759304285049438,0.8768728971481323,0.855093777179718,0.9025416970252991,0.8852770328521729,0.9237130880355835,0.8521179556846619,0.9483500719070435,0
0.8530954122543335,0.4279337525367737,0.8557803630828857,0.41040781140327454,0.8579577803611755,0.4091697335243225,0.8599820137023926,0.40792226791381836,0.8501717448234558,0.41242530941963196,0.8484818935394287,0.41256532073020935,0.8469321131706238,0.4126560688018799,0.8648865818977356,0.40949127078056335,0.8466360569000244,0.414002925157547,0.8582769632339478,0.4409466087818146,0.8516071438789368,0.44154107570648193,0.8848141431808472,0.4640001356601715,0.8384079337120056,0.4740947186946869,0.8943213224411011,0.5510069131851196,0.8271678686141968,0.5534558296203613,0.8830420970916748,0.6259641647338867,0.8294481039047241,0.6511997580528259,0.8797652721405029,0.6527058482170105,0.8288020491600037,0.6751890778541565,0.8757347464561462,0.6489985585212708,0.833095908164978,0.673077404499054,0.8762189745903015,0.6385383009910583,0.8342471718788147,0.6643471717834473,0.8756191730499268,0.6523078680038452,0.8493282794952393,0.6552370190620422,0.8771343231201172,0.7762420773506165,0.8514822125434875,0.7751126885414124,0.8798105120658875,0.8728294968605042,0.8524743318557739,0.8956104516983032,0.8757956027984619,0.8831307291984558,0.8543383479118347,0.9059080481529236,0.883313000202179,0.9266021251678467,0.8502610921859741,0.9504742622375488,0
0.8537231683731079,0.4174014627933502,0.8566668033599854,0.40300294756889343,0.8587307929992676,0.4024723768234253,0.8608726263046265,0.4019242525100708,0.8511500358581543,0.4030074179172516,0.8493781685829163,0.4027046263217926,0.8477821946144104,0.4025145173072815,0.865202009677887,0.40458351373672485,0.8472878336906433,0.40560707449913025,0.8582678437232971,0.4298865497112274,0.8516212105751038,0.42969265580177307,0.8842992186546326,0.4600878655910492,0.8373477458953857,0.4707970917224884,0.8960776925086975,0.5443778038024902,0.8260074853897095,0.5566892623901367,0.8850288987159729,0.6145918965339661,0.830206036567688,0.6431020498275757,0.880797803401947,0.6369592547416687,0.8296874165534973,0.6637119650840759,0.8764341473579407,0.6323269009590149,0.8333380818367004,0.661686360836029,0.8772555589675903,0.6256023049354553,0.8347569108009338,0.6523738503456116,0.8770875930786133,0.6377257704734802,0.851696252822876,0.6420468091964722,0.8796618580818176,0.7715287208557129,0.8549961447715759,0.775415301322937,0.8825008869171143,0.8701428771018982,0.8544432520866394,0.8925410509109497,0.8796020150184631,0.8805272579193115,0.8556021451950073,0.9044960737228394,0.8876951932907104,0.9204962253570557,0.8528175354003906,0.9480087161064148,0
0.8537846803665161,0.4126734435558319,0.8569576740264893,0.3975531756877899,0.859320878982544,0.3970673978328705,0.8613911867141724,0.39652252197265625,0.8510537147521973,0.39819827675819397,0.8494183421134949,0.39819446206092834,0.8479186296463013,0.39811190962791443,0.8661164045333862,0.40064284205436707,0.8476245403289795,0.4019358158111572,0.8589988350868225,0.42408284544944763,0.8517938256263733,0.423991858959198,0.8851961493492126,0.45437103509902954,0.8380907773971558,0.46544933319091797,0.895910918712616,0.5422602295875549,0.826392650604248,0.5549345016479492,0.8828452229499817,0.6114938259124756,0.8304900527000427,0.6391079425811768,0.8780580163002014,0.6333141326904297,0.8307519555091858,0.660950779914856,0.8746446371078491,0.630601167678833,0.8348057270050049,0.6578235626220703,0.8748443722724915,0.6213247776031494,0.8354464173316956,0.6491811871528625,0.8790776133537292,0.6355057954788208,0.8531213402748108,0.6404553651809692,0.8817799091339111,0.7744409441947937,0.8561976552009583,0.7775174379348755,0.8834782242774963,0.8720347285270691,0.8549512028694153,0.8964987993240356,0.8800599575042725,0.8819038271903992,0.8569241762161255,0.9064167737960815,0.8895912766456604,0.9277765154838562,0.852748692035675,0.9499943852424622,0
0.8557171821594238,0.4091877341270447,0.858737587928772,0.39435020089149475,0.8608281016349792,0.3938388526439667,0.8628114461898804,0.3931936025619507,0.8531442284584045,0.39408043026924133,0.8514776825904846,0.39355331659317017,0.8499353528022766,0.39309823513031006,0.867004930973053,0.3944095969200134,0.849683403968811,0.3952442705631256,0.8604551553726196,0.42260634899139404,0.8536482453346252,0.42303353548049927,0.8859710097312927,0.45263054966926575,0.8389343023300171,0.4621162414550781,0.8988704085350037,0.5401982069015503,0.8257484436035156,0.5456371307373047,0.8826432824134827,0.6109798550605774,0.8326155543327332,0.631074845790863,0.8784641623497009,0.6309930086135864,0.8330488204956055,0.6476606726646423,0.8745421171188354,0.6270332336425781,0.8376262187957764,0.6436184048652649,0.8743553161621094,0.6217676401138306,0.8381876349449158,0.6376007795333862,0.8779162764549255,0.6377461552619934,0.8523863554000854,0.6413308382034302,0.8823089599609375,0.7761443257331848,0.8548322319984436,0.7784918546676636,0.8871212601661682,0.8708042502403259,0.8548547625541687,0.8985203504562378,0.8842975497245789,0.8813726902008057,0.8565217852592468,0.9114887714385986,0.8931857943534851,0.9217041730880737,0.853047251701355,0.9549255967140198,0
0.8576870560646057,0.4052615463733673,0.8605446815490723,0.39092200994491577,0.8625015020370483,0.3903309106826782,0.8644362092018127,0.38951238989830017,0.8550996780395508,0.3915266692638397,0.8533918857574463,0.3913893699645996,0.8517997860908508,0.39130493998527527,0.8679665327072144,0.39189648628234863,0.8512058258056641,0.394595205783844,0.861817479133606,0.4175361394882202,0.8553019762039185,0.41877874732017517,0.8867235779762268,0.45055457949638367,0.8405894637107849,0.46221819519996643,0.8999747037887573,0.539868950843811,0.8269538879394531,0.5448296070098877,0.8843033313751221,0.6065868735313416,0.8343889713287354,0.622861921787262,0.8798904418945312,0.626004159450531,0.8346978425979614,0.644741952419281,0.8754467964172363,0.6223007440567017,0.8397467732429504,0.6387227773666382,0.8752138614654541,0.6172135472297668,0.8403951525688171,0.6302352547645569,0.8779134154319763,0.6354682445526123,0.8526583909988403,0.6382801532745361,0.8808677196502686,0.77503901720047,0.8537448644638062,0.7758117318153381,0.88703453540802,0.8708693385124207,0.8547810912132263,0.9031949043273926,0.8840678334236145,0.8834881782531738,0.8577376008033752,0.9159737825393677,0.8930132389068604,0.9207257032394409,0.8516754508018494,0.9571152329444885,0
0.8585255146026611,0.40145328640937805,0.861524760723114,0.38627511262893677,0.8634963631629944,0.3856077492237091,0.8655000329017639,0.38502469658851624,0.8559808135032654,0.3867272436618805,0.8542181849479675,0.38646402955055237,0.8526158332824707,0.3861657381057739,0.8692395687103271,0.3871571719646454,0.851985514163971,0.3890734314918518,0.8628357648849487,0.414469450712204,0.8563060164451599,0.41587361693382263,0.888194739818573,0.45068636536598206,0.8413658738136292,0.45955708622932434,0.9011145234107971,0.5443016886711121,0.8273629546165466,0.5450787544250488,0.8859580755233765,0.6099968552589417,0.8350775837898254,0.6220901012420654,0.8825344443321228,0.6283175945281982,0.8350188732147217,0.64274001121521,0.8779032230377197,0.6263861656188965,0.8401609659194946,0.6357953548431396,0.8778790235519409,0.6193486452102661,0.8409453630447388,0.6286558508872986,0.8779163360595703,0.6388609409332275,0.8529754281044006,0.6407055854797363,0.8814504146575928,0.7756134271621704,0.8541364073753357,0.7770187258720398,0.888762354850769,0.8766354918479919,0.8549553155899048,0.9031965136528015,0.8849620819091797,0.8841395974159241,0.8576457500457764,0.916151762008667,0.8923425674438477,0.9258907437324524,0.8522419929504395,0.9589717388153076,0
0.8605391383171082,0.3946964740753174,0.8637354373931885,0.38194698095321655,0.8657456040382385,0.38172850012779236,0.8677259683609009,0.38164517283439636,0.8583725094795227,0.3818398118019104,0.8566494584083557,0.3816096782684326,0.8548778891563416,0.38144195079803467,0.8709738850593567,0.38625195622444153,0.853912353515625,0.38565322756767273,0.8643801212310791,0.4087904989719391,0.8581147193908691,0.40965205430984497,0.8892041444778442,0.4498139023780823,0.8422229290008545,0.45907095074653625,0.9019667506217957,0.5406526923179626,0.8286112546920776,0.5458078384399414,0.8873706459999084,0.6138495206832886,0.8374683856964111,0.6206789016723633,0.8839246034622192,0.6337708830833435,0.8380103707313538,0.641721785068512,0.879789412021637,0.6308341026306152,0.8430670499801636,0.6351206302642822,0.8793413639068604,0.6248258948326111,0.8436185121536255,0.6272992491722107,0.8800936341285706,0.6359346508979797,0.854599118232727,0.639523983001709,0.8844331502914429,0.7768583297729492,0.8562793731689453,0.7765877842903137,0.8922678232192993,0.8797765374183655,0.8554003834724426,0.9035798907279968,0.88993901014328,0.8941296339035034,0.8570094704627991,0.9171972870826721,0.8955416679382324,0.9301067590713501,0.8513785600662231,0.9551771879196167,0
0.8610087037086487,0.3994584381580353,0.8642377853393555,0.3853984773159027,0.866344690322876,0.38525861501693726,0.8685921430587769,0.38522347807884216,0.8586467504501343,0.3854408264160156,0.8569387793540955,0.38538864254951477,0.855277955532074,0.38538679480552673,0.8727964162826538,0.38972222805023193,0.8547616004943848,0.38986915349960327,0.8654946684837341,0.4122998118400574,0.8587211966514587,0.41250064969062805,0.8914494514465332,0.44895732402801514,0.8440015912055969,0.45606034994125366,0.9030008912086487,0.5385211706161499,0.8296592831611633,0.5471842288970947,0.8906805515289307,0.6199681758880615,0.8392873406410217,0.6203888058662415,0.8882618546485901,0.6401010155677795,0.8409655094146729,0.6432251930236816,0.8835323452949524,0.6383250951766968,0.8457317352294922,0.6344817876815796,0.8835893273353577,0.6325487494468689,0.8460620045661926,0.6269443035125732,0.8814530968666077,0.630569577217102,0.8549716472625732,0.6320071220397949,0.8862218260765076,0.7760772705078125,0.8570513129234314,0.7793715596199036,0.8925043940544128,0.8824871182441711,0.8550513982772827,0.9057658910751343,0.8894766569137573,0.8978480696678162,0.8570079803466797,0.9202016592025757,0.8969911932945251,0.9428598284721375,0.8499312400817871,0.95543372631073,0
0.8623972535133362,0.39503321051597595,0.8653253316879272,0.38145768642425537,0.8673496842384338,0.3810533583164215,0.8694879412651062,0.3806106448173523,0.8597913384437561,0.3822994530200958,0.8579761385917664,0.38246360421180725,0.8562967777252197,0.38255420327186584,0.8739217519760132,0.3839462697505951,0.855452299118042,0.3866576552391052,0.8671334981918335,0.4067889451980591,0.8600346446037292,0.4077702462673187,0.8930763006210327,0.44756072759628296,0.8444793224334717,0.45499059557914734,0.9038600921630859,0.5445393323898315,0.8297484517097473,0.54262375831604,0.8932600617408752,0.6282305717468262,0.8393562436103821,0.6157423257827759,0.890794038772583,0.6470838189125061,0.8411605358123779,0.6399797797203064,0.8859859108924866,0.6462586522102356,0.8456011414527893,0.6325293779373169,0.8857875466346741,0.6401616334915161,0.845811665058136,0.6240468621253967,0.8821336627006531,0.6338776350021362,0.8564645648002625,0.6363779306411743,0.8857172131538391,0.7767453193664551,0.856245219707489,0.7766958475112915,0.8925243020057678,0.8815732598304749,0.8540003895759583,0.8989806771278381,0.8909097909927368,0.895558774471283,0.857085645198822,0.9171531200408936,0.8960735201835632,0.9375135898590088,0.8498523831367493,0.9547346234321594,0
0.8633247017860413,0.3925056457519531,0.8664383888244629,0.37838345766067505,0.8686025142669678,0.3781190812587738,0.8707668781280518,0.37776997685432434,0.8609636425971985,0.37914758920669556,0.8593243956565857,0.3794430196285248,0.8578534126281738,0.37966981530189514,0.8754218816757202,0.38231247663497925,0.8574790358543396,0.38521015644073486,0.868111252784729,0.4044036567211151,0.861240565776825,0.4052232801914215,0.8947997093200684,0.446535587310791,0.8466178774833679,0.45407313108444214,0.9067579507827759,0.5409342646598816,0.8319106698036194,0.5390708446502686,0.8971969485282898,0.6286545395851135,0.8391059637069702,0.6161384582519531,0.8952977657318115,0.6504239439964294,0.8408821821212769,0.6403809189796448,0.8905709385871887,0.6488796472549438,0.845465362071991,0.6348655819892883,0.8902457356452942,0.6413896679878235,0.8457117676734924,0.6261842846870422,0.8833446502685547,0.635474443435669,0.8581355810165405,0.636942982673645,0.8880299925804138,0.7811792492866516,0.8579661846160889,0.7803135514259338,0.8910943865776062,0.8869931697845459,0.8538140654563904,0.9039860367774963,0.8893779516220093,0.9029300808906555,0.8557907342910767,0.9171019792556763,0.894741415977478,0.9403694272041321,0.8482541441917419,0.9564405679702759,0
0.8655470609664917,0.3916570544242859,0.8688477873802185,0.3780265152454376,0.8710609078407288,0.37793242931365967,0.8730498552322388,0.3778177797794342,0.8632678985595703,0.3780955374240875,0.86175936460495,0.37808242440223694,0.8603050708770752,0.3780059814453125,0.8771060705184937,0.38264670968055725,0.8599293828010559,0.38274675607681274,0.8701050281524658,0.4035966694355011,0.8632299304008484,0.4036215841770172,0.8964190483093262,0.4453427791595459,0.8484183549880981,0.45249465107917786,0.9083205461502075,0.5359525680541992,0.8346551656723022,0.5353313088417053,0.9039505124092102,0.6275106072425842,0.8402856588363647,0.6138940453529358,0.9026904702186584,0.6514224410057068,0.8422737121582031,0.637805700302124,0.898414134979248,0.648874819278717,0.8466431498527527,0.6343650817871094,0.898598313331604,0.6389992237091064,0.8467338681221008,0.6260077953338623,0.886298418045044,0.6358566880226135,0.8601233959197998,0.6355912089347839,0.8889130353927612,0.780929684638977,0.8592467904090881,0.7807412147521973,0.8923091292381287,0.8844271898269653,0.8546919822692871,0.9019893407821655,0.8896083235740662,0.8997136354446411,0.8570432066917419,0.9170786142349243,0.8955512046813965,0.9395187497138977,0.8488225936889648,0.9557888507843018,0
0.8663055896759033,0.39012888073921204,0.8694940209388733,0.37795138359069824,0.8715251684188843,0.377656489610672,0.8734910488128662,0.3773406445980072,0.8644882440567017,0.3781522810459137,0.8630916476249695,0.37803107500076294,0.8617756962776184,0.3778474032878876,0.8778892755508423,0.38023433089256287,0.8618121147155762,0.3810833692550659,0.8711400628089905,0.4020131230354309,0.8645326495170593,0.40160271525382996,0.8976060748100281,0.44361209869384766,0.851119875907898,0.44973915815353394,0.9099351167678833,0.5423043370246887,0.837096631526947,0.530502200126648,0.9082106351852417,0.6296631097793579,0.841721773147583,0.6153270602226257,0.9081594944000244,0.6587908267974854,0.8431096076965332,0.6392701268196106,0.9038453698158264,0.6564456224441528,0.8468033075332642,0.6364033222198486,0.903637707233429,0.6457785367965698,0.8469884395599365,0.6272600889205933,0.8879724144935608,0.6307976245880127,0.8627368211746216,0.6282350420951843,0.8888723254203796,0.7767612338066101,0.8606273531913757,0.774867057800293,0.8945988416671753,0.888583779335022,0.855154275894165,0.9019747376441956,0.8933411240577698,0.9027105569839478,0.8563860654830933,0.9149823188781738,0.8958078622817993,0.936769425868988,0.8486451506614685,0.9510546922683716,0
0.868729829788208,0.3895236849784851,0.8725054860115051,0.3757682144641876,0.8747450113296509,0.3757080137729645,0.8768364787101746,0.37551793456077576,0.8669695258140564,0.3760359585285187,0.865589439868927,0.3760833740234375,0.8642076849937439,0.37605440616607666,0.8808193802833557,0.3807474970817566,0.86402428150177,0.38032904267311096,0.8733024001121521,0.40247294306755066,0.8667952418327332,0.4020366966724396,0.9000002145767212,0.44071102142333984,0.8525864481925964,0.44536828994750977,0.9119284152984619,0.5317215323448181,0.8395848870277405,0.5308658480644226,0.9149866700172424,0.6343626379966736,0.8421319723129272,0.6111099123954773,0.9167356491088867,0.6570106148719788,0.8421952128410339,0.6392378211021423,0.9118149876594543,0.6567752361297607,0.846540629863739,0.635061502456665,0.909703254699707,0.6505343914031982,0.847232460975647,0.625636637210846,0.8897433280944824,0.6252449750900269,0.863111674785614,0.6249603629112244,0.8900867104530334,0.7705544233322144,0.8621803522109985,0.7726284265518188,0.8927657008171082,0.8846328258514404,0.8572065234184265,0.9011526703834534,0.8897190093994141,0.8994816541671753,0.8590925335884094,0.9176376461982727,0.8953758478164673,0.9446057081222534,0.851333737373352,0.9523441195487976,0
0.8716943264007568,0.3764730393886566,0.8749017715454102,0.3645581603050232,0.8769955635070801,0.364859014749527,0.8789798021316528,0.36517533659935,0.8695573806762695,0.36466026306152344,0.8680688738822937,0.36499539017677307,0.8665862083435059,0.36522534489631653,0.882843554019928,0.37267640233039856,0.8659360408782959,0.37225720286369324,0.8764350414276123,0.3913101255893707,0.8694971203804016,0.3921138346195221,0.9016318917274475,0.4379570782184601,0.8538742661476135,0.4412970542907715,0.9150762557983398,0.5286010503768921,0.8395841121673584,0.529840350151062,0.9205220341682434,0.6232155561447144,0.842156171798706,0.6137411594390869,0.9224856495857239,0.6509751081466675,0.8422691226005554,0.6387135982513428,0.9174463152885437,0.652554988861084,0.8461164832115173,0.6350851655006409,0.9166738390922546,0.6434433460235596,0.8475554585456848,0.6255912184715271,0.8914986252784729,0.6163119077682495,0.8647425174713135,0.6150234341621399,0.889978289604187,0.7687550187110901,0.8627524375915527,0.7680011987686157,0.8934452533721924,0.8979671001434326,0.855227530002594,0.9020911455154419,0.891389012336731,0.915337324142456,0.8580279350280762,0.9157828688621521,0.8956233859062195,0.9472719430923462,0.8494231104850769,0.953337550163269,0
0.8741968870162964,0.37655580043792725,0.8775995969772339,0.3652869164943695,0.8798184394836426,0.36544251441955566,0.8819168210029602,0.36560189723968506,0.8721747994422913,0.3660786747932434,0.8707110285758972,0.3666086494922638,0.869232714176178,0.36687642335891724,0.8852143883705139,0.3739849328994751,0.868514358997345,0.3741433024406433,0.8789121508598328,0.39012354612350464,0.8718597888946533,0.39093029499053955,0.903701901435852,0.4385286271572113,0.8558321595191956,0.44237375259399414,0.9177084565162659,0.5249190330505371,0.8427722454071045,0.5335130095481873,0.9227728843688965,0.6262451410293579,0.843896210193634,0.6232132315635681,0.9245191812515259,0.650851845741272,0.843402624130249,0.6438773274421692,0.9206165075302124,0.6497189402580261,0.8478793501853943,0.638964056968689,0.9182984232902527,0.6403710246086121,0.8488583564758301,0.6319819092750549,0.8910005688667297,0.6197773218154907,0.8635674715042114,0.6206390261650085,0.8905799388885498,0.7715000510215759,0.8616350889205933,0.7717196941375732,0.8901013731956482,0.8953313827514648,0.8567497134208679,0.892125129699707,0.8877715468406677,0.9103345274925232,0.8582770228385925,0.905957043170929,0.892967700958252,0.9563403725624084,0.8513196110725403,0.9544091820716858,0
0.8734230399131775,0.3772042393684387,0.8768779635429382,0.3647007346153259,0.8789904713630676,0.36480551958084106,0.8810328245162964,0.36477044224739075,0.8722115755081177,0.3651852011680603,0.8710811138153076,0.3655009865760803,0.8699022531509399,0.3655822277069092,0.885465145111084,0.37247270345687866,0.8704759478569031,0.3727267384529114,0.8780871629714966,0.39058369398117065,0.8719376921653748,0.39116963744163513,0.9057605862617493,0.43824079632759094,0.8586077690124512,0.4422190487384796,0.9190900325775146,0.5290429592132568,0.8446860313415527,0.5316262245178223,0.9279406070709229,0.6223231554031372,0.8442381024360657,0.6153305768966675,0.9300841689109802,0.6491749286651611,0.8424426913261414,0.6377861499786377,0.9263162612915039,0.6505496501922607,0.8468258380889893,0.6346688866615295,0.9242979288101196,0.642119824886322,0.8480233550071716,0.6268584728240967,0.8932792544364929,0.6198424696922302,0.8666219711303711,0.615490734577179,0.8914919495582581,0.7731567025184631,0.8629081845283508,0.7686958909034729,0.8930753469467163,0.8988164663314819,0.8556742072105408,0.9019866585731506,0.8895193934440613,0.915787935256958,0.8588348627090454,0.9148083925247192,0.8939049243927002,0.9496260285377502,0.8508954644203186,0.9531445503234863,0
0.0,0.0,0.0,0.0,0.0,0.0,0.0,0.0,0.0,0.0,0.0,0.0,0.0,0.0,0.0,0.0,0.0,0.0,0.0,0.0,0.0,0.0,0.0,0.0,0.0,0.0,0.0,0.0,0.0,0.0,0.0,0.0,0.0,0.0,0.0,0.0,0.0,0.0,0.0,0.0,0.0,0.0,0.0,0.0,0.0,0.0,0.0,0.0,0.0,0.0,0.0,0.0,0.0,0.0,0.0,0.0,0.0,0.0,0.0,0.0,0.0,0.0,0.0,0.0,0.0,0.0,0
0.0,0.0,0.0,0.0,0.0,0.0,0.0,0.0,0.0,0.0,0.0,0.0,0.0,0.0,0.0,0.0,0.0,0.0,0.0,0.0,0.0,0.0,0.0,0.0,0.0,0.0,0.0,0.0,0.0,0.0,0.0,0.0,0.0,0.0,0.0,0.0,0.0,0.0,0.0,0.0,0.0,0.0,0.0,0.0,0.0,0.0,0.0,0.0,0.0,0.0,0.0,0.0,0.0,0.0,0.0,0.0,0.0,0.0,0.0,0.0,0.0,0.0,0.0,0.0,0.0,0.0,0
0.0,0.0,0.0,0.0,0.0,0.0,0.0,0.0,0.0,0.0,0.0,0.0,0.0,0.0,0.0,0.0,0.0,0.0,0.0,0.0,0.0,0.0,0.0,0.0,0.0,0.0,0.0,0.0,0.0,0.0,0.0,0.0,0.0,0.0,0.0,0.0,0.0,0.0,0.0,0.0,0.0,0.0,0.0,0.0,0.0,0.0,0.0,0.0,0.0,0.0,0.0,0.0,0.0,0.0,0.0,0.0,0.0,0.0,0.0,0.0,0.0,0.0,0.0,0.0,0.0,0.0,0
0.0,0.0,0.0,0.0,0.0,0.0,0.0,0.0,0.0,0.0,0.0,0.0,0.0,0.0,0.0,0.0,0.0,0.0,0.0,0.0,0.0,0.0,0.0,0.0,0.0,0.0,0.0,0.0,0.0,0.0,0.0,0.0,0.0,0.0,0.0,0.0,0.0,0.0,0.0,0.0,0.0,0.0,0.0,0.0,0.0,0.0,0.0,0.0,0.0,0.0,0.0,0.0,0.0,0.0,0.0,0.0,0.0,0.0,0.0,0.0,0.0,0.0,0.0,0.0,0.0,0.0,0
0.0,0.0,0.0,0.0,0.0,0.0,0.0,0.0,0.0,0.0,0.0,0.0,0.0,0.0,0.0,0.0,0.0,0.0,0.0,0.0,0.0,0.0,0.0,0.0,0.0,0.0,0.0,0.0,0.0,0.0,0.0,0.0,0.0,0.0,0.0,0.0,0.0,0.0,0.0,0.0,0.0,0.0,0.0,0.0,0.0,0.0,0.0,0.0,0.0,0.0,0.0,0.0,0.0,0.0,0.0,0.0,0.0,0.0,0.0,0.0,0.0,0.0,0.0,0.0,0.0,0.0,0
0.0,0.0,0.0,0.0,0.0,0.0,0.0,0.0,0.0,0.0,0.0,0.0,0.0,0.0,0.0,0.0,0.0,0.0,0.0,0.0,0.0,0.0,0.0,0.0,0.0,0.0,0.0,0.0,0.0,0.0,0.0,0.0,0.0,0.0,0.0,0.0,0.0,0.0,0.0,0.0,0.0,0.0,0.0,0.0,0.0,0.0,0.0,0.0,0.0,0.0,0.0,0.0,0.0,0.0,0.0,0.0,0.0,0.0,0.0,0.0,0.0,0.0,0.0,0.0,0.0,0.0,0
