kp0_x,kp0_y,kp1_x,kp1_y,kp2_x,kp2_y,kp3_x,kp3_y,kp4_x,kp4_y,kp5_x,kp5_y,kp6_x,kp6_y,kp7_x,kp7_y,kp8_x,kp8_y,kp9_x,kp9_y,kp10_x,kp10_y,kp11_x,kp11_y,kp12_x,kp12_y,kp13_x,kp13_y,kp14_x,kp14_y,kp15_x,kp15_y,kp16_x,kp16_y,kp17_x,kp17_y,kp18_x,kp18_y,kp19_x,kp19_y,kp20_x,kp20_y,kp21_x,kp21_y,kp22_x,kp22_y,kp23_x,kp23_y,kp24_x,kp24_y,kp25_x,kp25_y,kp26_x,kp26_y,kp27_x,kp27_y,kp28_x,kp28_y,kp29_x,kp29_y,kp30_x,kp30_y,kp31_x,kp31_y,kp32_x,kp32_y,label
0.0,0.0,0.0,0.0,0.0,0.0,0.0,0.0,0.0,0.0,0.0,0.0,0.0,0.0,0.0,0.0,0.0,0.0,0.0,0.0,0.0,0.0,0.0,0.0,0.0,0.0,0.0,0.0,0.0,0.0,0.0,0.0,0.0,0.0,0.0,0.0,0.0,0.0,0.0,0.0,0.0,0.0,0.0,0.0,0.0,0.0,0.0,0.0,0.0,0.0,0.0,0.0,0.0,0.0,0.0,0.0,0.0,0.0,0.0,0.0,0.0,0.0,0.0,0.0,0.0,0.0,0
0.0,0.0,0.0,0.0,0.0,0.0,0.0,0.0,0.0,0.0,0.0,0.0,0.0,0.0,0.0,0.0,0.0,0.0,0.0,0.0,0.0,0.0,0.0,0.0,0.0,0.0,0.0,0.0,0.0,0.0,0.0,0.0,0.0,0.0,0.0,0.0,0.0,0.0,0.0,0.0,0.0,0.0,0.0,0.0,0.0,0.0,0.0,0.0,0.0,0.0,0.0,0.0,0.0,0.0,0.0,0.0,0.0,0.0,0.0,0.0,0.0,0.0,0.0,0.0,0.0,0.0,0
0.0,0.0,0.0,0.0,0.0,0.0,0.0,0.0,0.0,0.0,0.0,0.0,0.0,0.0,0.0,0.0,0.0,0.0,0.0,0.0,0.0,0.0,0.0,0.0,0.0,0.0,0.0,0.0,0.0,0.0,0.0,0.0,0.0,0.0,0.0,0.0,0.0,0.0,0.0,0.0,0.0,0.0,0.0,0.0,0.0,0.0,0.0,0.0,0.0,0.0,0.0,0.0,0.0,0.0,0.0,0.0,0.0,0.0,0.0,0.0,0.0,0.0,0.0,0.0,0.0,0.0,0
0.0,0.0,0.0,0.0,0.0,0.0,0.0,0.0,0.0,0.0,0.0,0.0,0.0,0.0,0.0,0.0,0.0,0.0,0.0,0.0,0.0,0.0,0.0,0.0,0.0,0.0,0.0,0.0,0.0,0.0,0.0,0.0,0.0,0.0,0.0,0.0,0.0,0.0,0.0,0.0,0.0,0.0,0.0,0.0,0.0,0.0,0.0,0.0,0.0,0.0,0.0,0.0,0.0,0.0,0.0,0.0,0.0,0.0,0.0,0.0,0.0,0.0,0.0,0.0,0.0,0.0,0
0.0,0.0,0.0,0.0,0.0,0.0,0.0,0.0,0.0,0.0,0.0,0.0,0.0,0.0,0.0,0.0,0.0,0.0,0.0,0.0,0.0,0.0,0.0,0.0,0.0,0.0,0.0,0.0,0.0,0.0,0.0,0.0,0.0,0.0,0.0,0.0,0.0,0.0,0.0,0.0,0.0,0.0,0.0,0.0,0.0,0.0,0.0,0.0,0.0,0.0,0.0,0.0,0.0,0.0,0.0,0.0,0.0,0.0,0.0,0.0,0.0,0.0,0.0,0.0,0.0,0.0,0
0.0,0.0,0.0,0.0,0.0,0.0,0.0,0.0,0.0,0.0,0.0,0.0,0.0,0.0,0.0,0.0,0.0,0.0,0.0,0.0,0.0,0.0,0.0,0.0,0.0,0.0,0.0,0.0,0.0,0.0,0.0,0.0,0.0,0.0,0.0,0.0,0.0,0.0,0.0,0.0,0.0,0.0,0.0,0.0,0.0,0.0,0.0,0.0,0.0,0.0,0.0,0.0,0.0,0.0,0.0,0.0,0.0,0.0,0.0,0.0,0.0,0.0,0.0,0.0,0.0,0.0,0
0.0,0.0,0.0,0.0,0.0,0.0,0.0,0.0,0.0,0.0,0.0,0.0,0.0,0.0,0.0,0.0,0.0,0.0,0.0,0.0,0.0,0.0,0.0,0.0,0.0,0.0,0.0,0.0,0.0,0.0,0.0,0.0,0.0,0.0,0.0,0.0,0.0,0.0,0.0,0.0,0.0,0.0,0.0,0.0,0.0,0.0,0.0,0.0,0.0,0.0,0.0,0.0,0.0,0.0,0.0,0.0,0.0,0.0,0.0,0.0,0.0,0.0,0.0,0.0,0.0,0.0,0
0.0,0.0,0.0,0.0,0.0,0.0,0.0,0.0,0.0,0.0,0.0,0.0,0.0,0.0,0.0,0.0,0.0,0.0,0.0,0.0,0.0,0.0,0.0,0.0,0.0,0.0,0.0,0.0,0.0,0.0,0.0,0.0,0.0,0.0,0.0,0.0,0.0,0.0,0.0,0.0,0.0,0.0,0.0,0.0,0.0,0.0,0.0,0.0,0.0,0.0,0.0,0.0,0.0,0.0,0.0,0.0,0.0,0.0,0.0,0.0,0.0,0.0,0.0,0.0,0.0,0.0,0
0.0,0.0,0.0,0.0,0.0,0.0,0.0,0.0,0.0,0.0,0.0,0.0,0.0,0.0,0.0,0.0,0.0,0.0,0.0,0.0,0.0,0.0,0.0,0.0,0.0,0.0,0.0,0.0,0.0,0.0,0.0,0.0,0.0,0.0,0.0,0.0,0.0,0.0,0.0,0.0,0.0,0.0,0.0,0.0,0.0,0.0,0.0,0.0,0.0,0.0,0.0,0.0,0.0,0.0,0.0,0.0,0.0,0.0,0.0,0.0,0.0,0.0,0.0,0.0,0.0,0.0,0
0.0,0.0,0.0,0.0,0.0,0.0,0.0,0.0,0.0,0.0,0.0,0.0,0.0,0.0,0.0,0.0,0.0,0.0,0.0,0.0,0.0,0.0,0.0,0.0,0.0,0.0,0.0,0.0,0.0,0.0,0.0,0.0,0.0,0.0,0.0,0.0,0.0,0.0,0.0,0.0,0.0,0.0,0.0,0.0,0.0,0.0,0.0,0.0,0.0,0.0,0.0,0.0,0.0,0.0,0.0,0.0,0.0,0.0,0.0,0.0,0.0,0.0,0.0,0.0,0.0,0.0,0
0.0,0.0,0.0,0.0,0.0,0.0,0.0,0.0,0.0,0.0,0.0,0.0,0.0,0.0,0.0,0.0,0.0,0.0,0.0,0.0,0.0,0.0,0.0,0.0,0.0,0.0,0.0,0.0,0.0,0.0,0.0,0.0,0.0,0.0,0.0,0.0,0.0,0.0,0.0,0.0,0.0,0.0,0.0,0.0,0.0,0.0,0.0,0.0,0.0,0.0,0.0,0.0,0.0,0.0,0.0,0.0,0.0,0.0,0.0,0.0,0.0,0.0,0.0,0.0,0.0,0.0,0
0.0,0.0,0.0,0.0,0.0,0.0,0.0,0.0,0.0,0.0,0.0,0.0,0.0,0.0,0.0,0.0,0.0,0.0,0.0,0.0,0.0,0.0,0.0,0.0,0.0,0.0,0.0,0.0,0.0,0.0,0.0,0.0,0.0,0.0,0.0,0.0,0.0,0.0,0.0,0.0,0.0,0.0,0.0,0.0,0.0,0.0,0.0,0.0,0.0,0.0,0.0,0.0,0.0,0.0,0.0,0.0,0.0,0.0,0.0,0.0,0.0,0.0,0.0,0.0,0.0,0.0,0
0.0,0.0,0.0,0.0,0.0,0.0,0.0,0.0,0.0,0.0,0.0,0.0,0.0,0.0,0.0,0.0,0.0,0.0,0.0,0.0,0.0,0.0,0.0,0.0,0.0,0.0,0.0,0.0,0.0,0.0,0.0,0.0,0.0,0.0,0.0,0.0,0.0,0.0,0.0,0.0,0.0,0.0,0.0,0.0,0.0,0.0,0.0,0.0,0.0,0.0,0.0,0.0,0.0,0.0,0.0,0.0,0.0,0.0,0.0,0.0,0.0,0.0,0.0,0.0,0.0,0.0,0
0.0,0.0,0.0,0.0,0.0,0.0,0.0,0.0,0.0,0.0,0.0,0.0,0.0,0.0,0.0,0.0,0.0,0.0,0.0,0.0,0.0,0.0,0.0,0.0,0.0,0.0,0.0,0.0,0.0,0.0,0.0,0.0,0.0,0.0,0.0,0.0,0.0,0.0,0.0,0.0,0.0,0.0,0.0,0.0,0.0,0.0,0.0,0.0,0.0,0.0,0.0,0.0,0.0,0.0,0.0,0.0,0.0,0.0,0.0,0.0,0.0,0.0,0.0,0.0,0.0,0.0,0
0.0,0.0,0.0,0.0,0.0,0.0,0.0,0.0,0.0,0.0,0.0,0.0,0.0,0.0,0.0,0.0,0.0,0.0,0.0,0.0,0.0,0.0,0.0,0.0,0.0,0.0,0.0,0.0,0.0,0.0,0.0,0.0,0.0,0.0,0.0,0.0,0.0,0.0,0.0,0.0,0.0,0.0,0.0,0.0,0.0,0.0,0.0,0.0,0.0,0.0,0.0,0.0,0.0,0.0,0.0,0.0,0.0,0.0,0.0,0.0,0.0,0.0,0.0,0.0,0.0,0.0,0
0.0,0.0,0.0,0.0,0.0,0.0,0.0,0.0,0.0,0.0,0.0,0.0,0.0,0.0,0.0,0.0,0.0,0.0,0.0,0.0,0.0,0.0,0.0,0.0,0.0,0.0,0.0,0.0,0.0,0.0,0.0,0.0,0.0,0.0,0.0,0.0,0.0,0.0,0.0,0.0,0.0,0.0,0.0,0.0,0.0,0.0,0.0,0.0,0.0,0.0,0.0,0.0,0.0,0.0,0.0,0.0,0.0,0.0,0.0,0.0,0.0,0.0,0.0,0.0,0.0,0.0,0
0.0,0.0,0.0,0.0,0.0,0.0,0.0,0.0,0.0,0.0,0.0,0.0,0.0,0.0,0.0,0.0,0.0,0.0,0.0,0.0,0.0,0.0,0.0,0.0,0.0,0.0,0.0,0.0,0.0,0.0,0.0,0.0,0.0,0.0,0.0,0.0,0.0,0.0,0.0,0.0,0.0,0.0,0.0,0.0,0.0,0.0,0.0,0.0,0.0,0.0,0.0,0.0,0.0,0.0,0.0,0.0,0.0,0.0,0.0,0.0,0.0,0.0,0.0,0.0,0.0,0.0,0
0.0,0.0,0.0,0.0,0.0,0.0,0.0,0.0,0.0,0.0,0.0,0.0,0.0,0.0,0.0,0.0,0.0,0.0,0.0,0.0,0.0,0.0,0.0,0.0,0.0,0.0,0.0,0.0,0.0,0.0,0.0,0.0,0.0,0.0,0.0,0.0,0.0,0.0,0.0,0.0,0.0,0.0,0.0,0.0,0.0,0.0,0.0,0.0,0.0,0.0,0.0,0.0,0.0,0.0,0.0,0.0,0.0,0.0,0.0,0.0,0.0,0.0,0.0,0.0,0.0,0.0,0
0.0,0.0,0.0,0.0,0.0,0.0,0.0,0.0,0.0,0.0,0.0,0.0,0.0,0.0,0.0,0.0,0.0,0.0,0.0,0.0,0.0,0.0,0.0,0.0,0.0,0.0,0.0,0.0,0.0,0.0,0.0,0.0,0.0,0.0,0.0,0.0,0.0,0.0,0.0,0.0,0.0,0.0,0.0,0.0,0.0,0.0,0.0,0.0,0.0,0.0,0.0,0.0,0.0,0.0,0.0,0.0,0.0,0.0,0.0,0.0,0.0,0.0,0.0,0.0,0.0,0.0,0
0.0,0.0,0.0,0.0,0.0,0.0,0.0,0.0,0.0,0.0,0.0,0.0,0.0,0.0,0.0,0.0,0.0,0.0,0.0,0.0,0.0,0.0,0.0,0.0,0.0,0.0,0.0,0.0,0.0,0.0,0.0,0.0,0.0,0.0,0.0,0.0,0.0,0.0,0.0,0.0,0.0,0.0,0.0,0.0,0.0,0.0,0.0,0.0,0.0,0.0,0.0,0.0,0.0,0.0,0.0,0.0,0.0,0.0,0.0,0.0,0.0,0.0,0.0,0.0,0.0,0.0,0
0.0,0.0,0.0,0.0,0.0,0.0,0.0,0.0,0.0,0.0,0.0,0.0,0.0,0.0,0.0,0.0,0.0,0.0,0.0,0.0,0.0,0.0,0.0,0.0,0.0,0.0,0.0,0.0,0.0,0.0,0.0,0.0,0.0,0.0,0.0,0.0,0.0,0.0,0.0,0.0,0.0,0.0,0.0,0.0,0.0,0.0,0.0,0.0,0.0,0.0,0.0,0.0,0.0,0.0,0.0,0.0,0.0,0.0,0.0,0.0,0.0,0.0,0.0,0.0,0.0,0.0,0
0.0,0.0,0.0,0.0,0.0,0.0,0.0,0.0,0.0,0.0,0.0,0.0,0.0,0.0,0.0,0.0,0.0,0.0,0.0,0.0,0.0,0.0,0.0,0.0,0.0,0.0,0.0,0.0,0.0,0.0,0.0,0.0,0.0,0.0,0.0,0.0,0.0,0.0,0.0,0.0,0.0,0.0,0.0,0.0,0.0,0.0,0.0,0.0,0.0,0.0,0.0,0.0,0.0,0.0,0.0,0.0,0.0,0.0,0.0,0.0,0.0,0.0,0.0,0.0,0.0,0.0,0
0.0,0.0,0.0,0.0,0.0,0.0,0.0,0.0,0.0,0.0,0.0,0.0,0.0,0.0,0.0,0.0,0.0,0.0,0.0,0.0,0.0,0.0,0.0,0.0,0.0,0.0,0.0,0.0,0.0,0.0,0.0,0.0,0.0,0.0,0.0,0.0,0.0,0.0,0.0,0.0,0.0,0.0,0.0,0.0,0.0,0.0,0.0,0.0,0.0,0.0,0.0,0.0,0.0,0.0,0.0,0.0,0.0,0.0,0.0,0.0,0.0,0.0,0.0,0.0,0.0,0.0,0
0.0,0.0,0.0,0.0,0.0,0.0,0.0,0.0,0.0,0.0,0.0,0.0,0.0,0.0,0.0,0.0,0.0,0.0,0.0,0.0,0.0,0.0,0.0,0.0,0.0,0.0,0.0,0.0,0.0,0.0,0.0,0.0,0.0,0.0,0.0,0.0,0.0,0.0,0.0,0.0,0.0,0.0,0.0,0.0,0.0,0.0,0.0,0.0,0.0,0.0,0.0,0.0,0.0,0.0,0.0,0.0,0.0,0.0,0.0,0.0,0.0,0.0,0.0,0.0,0.0,0.0,0
0.0,0.0,0.0,0.0,0.0,0.0,0.0,0.0,0.0,0.0,0.0,0.0,0.0,0.0,0.0,0.0,0.0,0.0,0.0,0.0,0.0,0.0,0.0,0.0,0.0,0.0,0.0,0.0,0.0,0.0,0.0,0.0,0.0,0.0,0.0,0.0,0.0,0.0,0.0,0.0,0.0,0.0,0.0,0.0,0.0,0.0,0.0,0.0,0.0,0.0,0.0,0.0,0.0,0.0,0.0,0.0,0.0,0.0,0.0,0.0,0.0,0.0,0.0,0.0,0.0,0.0,0
0.0,0.0,0.0,0.0,0.0,0.0,0.0,0.0,0.0,0.0,0.0,0.0,0.0,0.0,0.0,0.0,0.0,0.0,0.0,0.0,0.0,0.0,0.0,0.0,0.0,0.0,0.0,0.0,0.0,0.0,0.0,0.0,0.0,0.0,0.0,0.0,0.0,0.0,0.0,0.0,0.0,0.0,0.0,0.0,0.0,0.0,0.0,0.0,0.0,0.0,0.0,0.0,0.0,0.0,0.0,0.0,0.0,0.0,0.0,0.0,0.0,0.0,0.0,0.0,0.0,0.0,0
0.0,0.0,0.0,0.0,0.0,0.0,0.0,0.0,0.0,0.0,0.0,0.0,0.0,0.0,0.0,0.0,0.0,0.0,0.0,0.0,0.0,0.0,0.0,0.0,0.0,0.0,0.0,0.0,0.0,0.0,0.0,0.0,0.0,0.0,0.0,0.0,0.0,0.0,0.0,0.0,0.0,0.0,0.0,0.0,0.0,0.0,0.0,0.0,0.0,0.0,0.0,0.0,0.0,0.0,0.0,0.0,0.0,0.0,0.0,0.0,0.0,0.0,0.0,0.0,0.0,0.0,0
0.0,0.0,0.0,0.0,0.0,0.0,0.0,0.0,0.0,0.0,0.0,0.0,0.0,0.0,0.0,0.0,0.0,0.0,0.0,0.0,0.0,0.0,0.0,0.0,0.0,0.0,0.0,0.0,0.0,0.0,0.0,0.0,0.0,0.0,0.0,0.0,0.0,0.0,0.0,0.0,0.0,0.0,0.0,0.0,0.0,0.0,0.0,0.0,0.0,0.0,0.0,0.0,0.0,0.0,0.0,0.0,0.0,0.0,0.0,0.0,0.0,0.0,0.0,0.0,0.0,0.0,0
0.0,0.0,0.0,0.0,0.0,0.0,0.0,0.0,0.0,0.0,0.0,0.0,0.0,0.0,0.0,0.0,0.0,0.0,0.0,0.0,0.0,0.0,0.0,0.0,0.0,0.0,0.0,0.0,0.0,0.0,0.0,0.0,0.0,0.0,0.0,0.0,0.0,0.0,0.0,0.0,0.0,0.0,0.0,0.0,0.0,0.0,0.0,0.0,0.0,0.0,0.0,0.0,0.0,0.0,0.0,0.0,0.0,0.0,0.0,0.0,0.0,0.0,0.0,0.0,0.0,0.0,0
0.0,0.0,0.0,0.0,0.0,0.0,0.0,0.0,0.0,0.0,0.0,0.0,0.0,0.0,0.0,0.0,0.0,0.0,0.0,0.0,0.0,0.0,0.0,0.0,0.0,0.0,0.0,0.0,0.0,0.0,0.0,0.0,0.0,0.0,0.0,0.0,0.0,0.0,0.0,0.0,0.0,0.0,0.0,0.0,0.0,0.0,0.0,0.0,0.0,0.0,0.0,0.0,0.0,0.0,0.0,0.0,0.0,0.0,0.0,0.0,0.0,0.0,0.0,0.0,0.0,0.0,0
0.0,0.0,0.0,0.0,0.0,0.0,0.0,0.0,0.0,0.0,0.0,0.0,0.0,0.0,0.0,0.0,0.0,0.0,0.0,0.0,0.0,0.0,0.0,0.0,0.0,0.0,0.0,0.0,0.0,0.0,0.0,0.0,0.0,0.0,0.0,0.0,0.0,0.0,0.0,0.0,0.0,0.0,0.0,0.0,0.0,0.0,0.0,0.0,0.0,0.0,0.0,0.0,0.0,0.0,0.0,0.0,0.0,0.0,0.0,0.0,0.0,0.0,0.0,0.0,0.0,0.0,0
0.0,0.0,0.0,0.0,0.0,0.0,0.0,0.0,0.0,0.0,0.0,0.0,0.0,0.0,0.0,0.0,0.0,0.0,0.0,0.0,0.0,0.0,0.0,0.0,0.0,0.0,0.0,0.0,0.0,0.0,0.0,0.0,0.0,0.0,0.0,0.0,0.0,0.0,0.0,0.0,0.0,0.0,0.0,0.0,0.0,0.0,0.0,0.0,0.0,0.0,0.0,0.0,0.0,0.0,0.0,0.0,0.0,0.0,0.0,0.0,0.0,0.0,0.0,0.0,0.0,0.0,0
0.0,0.0,0.0,0.0,0.0,0.0,0.0,0.0,0.0,0.0,0.0,0.0,0.0,0.0,0.0,0.0,0.0,0.0,0.0,0.0,0.0,0.0,0.0,0.0,0.0,0.0,0.0,0.0,0.0,0.0,0.0,0.0,0.0,0.0,0.0,0.0,0.0,0.0,0.0,0.0,0.0,0.0,0.0,0.0,0.0,0.0,0.0,0.0,0.0,0.0,0.0,0.0,0.0,0.0,0.0,0.0,0.0,0.0,0.0,0.0,0.0,0.0,0.0,0.0,0.0,0.0,0
0.0,0.0,0.0,0.0,0.0,0.0,0.0,0.0,0.0,0.0,0.0,0.0,0.0,0.0,0.0,0.0,0.0,0.0,0.0,0.0,0.0,0.0,0.0,0.0,0.0,0.0,0.0,0.0,0.0,0.0,0.0,0.0,0.0,0.0,0.0,0.0,0.0,0.0,0.0,0.0,0.0,0.0,0.0,0.0,0.0,0.0,0.0,0.0,0.0,0.0,0.0,0.0,0.0,0.0,0.0,0.0,0.0,0.0,0.0,0.0,0.0,0.0,0.0,0.0,0.0,0.0,0
0.0,0.0,0.0,0.0,0.0,0.0,0.0,0.0,0.0,0.0,0.0,0.0,0.0,0.0,0.0,0.0,0.0,0.0,0.0,0.0,0.0,0.0,0.0,0.0,0.0,0.0,0.0,0.0,0.0,0.0,0.0,0.0,0.0,0.0,0.0,0.0,0.0,0.0,0.0,0.0,0.0,0.0,0.0,0.0,0.0,0.0,0.0,0.0,0.0,0.0,0.0,0.0,0.0,0.0,0.0,0.0,0.0,0.0,0.0,0.0,0.0,0.0,0.0,0.0,0.0,0.0,0
0.0,0.0,0.0,0.0,0.0,0.0,0.0,0.0,0.0,0.0,0.0,0.0,0.0,0.0,0.0,0.0,0.0,0.0,0.0,0.0,0.0,0.0,0.0,0.0,0.0,0.0,0.0,0.0,0.0,0.0,0.0,0.0,0.0,0.0,0.0,0.0,0.0,0.0,0.0,0.0,0.0,0.0,0.0,0.0,0.0,0.0,0.0,0.0,0.0,0.0,0.0,0.0,0.0,0.0,0.0,0.0,0.0,0.0,0.0,0.0,0.0,0.0,0.0,0.0,0.0,0.0,0
0.0,0.0,0.0,0.0,0.0,0.0,0.0,0.0,0.0,0.0,0.0,0.0,0.0,0.0,0.0,0.0,0.0,0.0,0.0,0.0,0.0,0.0,0.0,0.0,0.0,0.0,0.0,0.0,0.0,0.0,0.0,0.0,0.0,0.0,0.0,0.0,0.0,0.0,0.0,0.0,0.0,0.0,0.0,0.0,0.0,0.0,0.0,0.0,0.0,0.0,0.0,0.0,0.0,0.0,0.0,0.0,0.0,0.0,0.0,0.0,0.0,0.0,0.0,0.0,0.0,0.0,0
0.0,0.0,0.0,0.0,0.0,0.0,0.0,0.0,0.0,0.0,0.0,0.0,0.0,0.0,0.0,0.0,0.0,0.0,0.0,0.0,0.0,0.0,0.0,0.0,0.0,0.0,0.0,0.0,0.0,0.0,0.0,0.0,0.0,0.0,0.0,0.0,0.0,0.0,0.0,0.0,0.0,0.0,0.0,0.0,0.0,0.0,0.0,0.0,0.0,0.0,0.0,0.0,0.0,0.0,0.0,0.0,0.0,0.0,0.0,0.0,0.0,0.0,0.0,0.0,0.0,0.0,0
0.0,0.0,0.0,0.0,0.0,0.0,0.0,0.0,0.0,0.0,0.0,0.0,0.0,0.0,0.0,0.0,0.0,0.0,0.0,0.0,0.0,0.0,0.0,0.0,0.0,0.0,0.0,0.0,0.0,0.0,0.0,0.0,0.0,0.0,0.0,0.0,0.0,0.0,0.0,0.0,0.0,0.0,0.0,0.0,0.0,0.0,0.0,0.0,0.0,0.0,0.0,0.0,0.0,0.0,0.0,0.0,0.0,0.0,0.0,0.0,0.0,0.0,0.0,0.0,0.0,0.0,0
0.0,0.0,0.0,0.0,0.0,0.0,0.0,0.0,0.0,0.0,0.0,0.0,0.0,0.0,0.0,0.0,0.0,0.0,0.0,0.0,0.0,0.0,0.0,0.0,0.0,0.0,0.0,0.0,0.0,0.0,0.0,0.0,0.0,0.0,0.0,0.0,0.0,0.0,0.0,0.0,0.0,0.0,0.0,0.0,0.0,0.0,0.0,0.0,0.0,0.0,0.0,0.0,0.0,0.0,0.0,0.0,0.0,0.0,0.0,0.0,0.0,0.0,0.0,0.0,0.0,0.0,0
0.0,0.0,0.0,0.0,0.0,0.0,0.0,0.0,0.0,0.0,0.0,0.0,0.0,0.0,0.0,0.0,0.0,0.0,0.0,0.0,0.0,0.0,0.0,0.0,0.0,0.0,0.0,0.0,0.0,0.0,0.0,0.0,0.0,0.0,0.0,0.0,0.0,0.0,0.0,0.0,0.0,0.0,0.0,0.0,0.0,0.0,0.0,0.0,0.0,0.0,0.0,0.0,0.0,0.0,0.0,0.0,0.0,0.0,0.0,0.0,0.0,0.0,0.0,0.0,0.0,0.0,0
0.0,0.0,0.0,0.0,0.0,0.0,0.0,0.0,0.0,0.0,0.0,0.0,0.0,0.0,0.0,0.0,0.0,0.0,0.0,0.0,0.0,0.0,0.0,0.0,0.0,0.0,0.0,0.0,0.0,0.0,0.0,0.0,0.0,0.0,0.0,0.0,0.0,0.0,0.0,0.0,0.0,0.0,0.0,0.0,0.0,0.0,0.0,0.0,0.0,0.0,0.0,0.0,0.0,0.0,0.0,0.0,0.0,0.0,0.0,0.0,0.0,0.0,0.0,0.0,0.0,0.0,0
0.0,0.0,0.0,0.0,0.0,0.0,0.0,0.0,0.0,0.0,0.0,0.0,0.0,0.0,0.0,0.0,0.0,0.0,0.0,0.0,0.0,0.0,0.0,0.0,0.0,0.0,0.0,0.0,0.0,0.0,0.0,0.0,0.0,0.0,0.0,0.0,0.0,0.0,0.0,0.0,0.0,0.0,0.0,0.0,0.0,0.0,0.0,0.0,0.0,0.0,0.0,0.0,0.0,0.0,0.0,0.0,0.0,0.0,0.0,0.0,0.0,0.0,0.0,0.0,0.0,0.0,0
0.0,0.0,0.0,0.0,0.0,0.0,0.0,0.0,0.0,0.0,0.0,0.0,0.0,0.0,0.0,0.0,0.0,0.0,0.0,0.0,0.0,0.0,0.0,0.0,0.0,0.0,0.0,0.0,0.0,0.0,0.0,0.0,0.0,0.0,0.0,0.0,0.0,0.0,0.0,0.0,0.0,0.0,0.0,0.0,0.0,0.0,0.0,0.0,0.0,0.0,0.0,0.0,0.0,0.0,0.0,0.0,0.0,0.0,0.0,0.0,0.0,0.0,0.0,0.0,0.0,0.0,0
0.0,0.0,0.0,0.0,0.0,0.0,0.0,0.0,0.0,0.0,0.0,0.0,0.0,0.0,0.0,0.0,0.0,0.0,0.0,0.0,0.0,0.0,0.0,0.0,0.0,0.0,0.0,0.0,0.0,0.0,0.0,0.0,0.0,0.0,0.0,0.0,0.0,0.0,0.0,0.0,0.0,0.0,0.0,0.0,0.0,0.0,0.0,0.0,0.0,0.0,0.0,0.0,0.0,0.0,0.0,0.0,0.0,0.0,0.0,0.0,0.0,0.0,0.0,0.0,0.0,0.0,0
0.0,0.0,0.0,0.0,0.0,0.0,0.0,0.0,0.0,0.0,0.0,0.0,0.0,0.0,0.0,0.0,0.0,0.0,0.0,0.0,0.0,0.0,0.0,0.0,0.0,0.0,0.0,0.0,0.0,0.0,0.0,0.0,0.0,0.0,0.0,0.0,0.0,0.0,0.0,0.0,0.0,0.0,0.0,0.0,0.0,0.0,0.0,0.0,0.0,0.0,0.0,0.0,0.0,0.0,0.0,0.0,0.0,0.0,0.0,0.0,0.0,0.0,0.0,0.0,0.0,0.0,0
0.0,0.0,0.0,0.0,0.0,0.0,0.0,0.0,0.0,0.0,0.0,0.0,0.0,0.0,0.0,0.0,0.0,0.0,0.0,0.0,0.0,0.0,0.0,0.0,0.0,0.0,0.0,0.0,0.0,0.0,0.0,0.0,0.0,0.0,0.0,0.0,0.0,0.0,0.0,0.0,0.0,0.0,0.0,0.0,0.0,0.0,0.0,0.0,0.0,0.0,0.0,0.0,0.0,0.0,0.0,0.0,0.0,0.0,0.0,0.0,0.0,0.0,0.0,0.0,0.0,0.0,0
0.0,0.0,0.0,0.0,0.0,0.0,0.0,0.0,0.0,0.0,0.0,0.0,0.0,0.0,0.0,0.0,0.0,0.0,0.0,0.0,0.0,0.0,0.0,0.0,0.0,0.0,0.0,0.0,0.0,0.0,0.0,0.0,0.0,0.0,0.0,0.0,0.0,0.0,0.0,0.0,0.0,0.0,0.0,0.0,0.0,0.0,0.0,0.0,0.0,0.0,0.0,0.0,0.0,0.0,0.0,0.0,0.0,0.0,0.0,0.0,0.0,0.0,0.0,0.0,0.0,0.0,0
0.0,0.0,0.0,0.0,0.0,0.0,0.0,0.0,0.0,0.0,0.0,0.0,0.0,0.0,0.0,0.0,0.0,0.0,0.0,0.0,0.0,0.0,0.0,0.0,0.0,0.0,0.0,0.0,0.0,0.0,0.0,0.0,0.0,0.0,0.0,0.0,0.0,0.0,0.0,0.0,0.0,0.0,0.0,0.0,0.0,0.0,0.0,0.0,0.0,0.0,0.0,0.0,0.0,0.0,0.0,0.0,0.0,0.0,0.0,0.0,0.0,0.0,0.0,0.0,0.0,0.0,0
0.0,0.0,0.0,0.0,0.0,0.0,0.0,0.0,0.0,0.0,0.0,0.0,0.0,0.0,0.0,0.0,0.0,0.0,0.0,0.0,0.0,0.0,0.0,0.0,0.0,0.0,0.0,0.0,0.0,0.0,0.0,0.0,0.0,0.0,0.0,0.0,0.0,0.0,0.0,0.0,0.0,0.0,0.0,0.0,0.0,0.0,0.0,0.0,0.0,0.0,0.0,0.0,0.0,0.0,0.0,0.0,0.0,0.0,0.0,0.0,0.0,0.0,0.0,0.0,0.0,0.0,0
0.0,0.0,0.0,0.0,0.0,0.0,0.0,0.0,0.0,0.0,0.0,0.0,0.0,0.0,0.0,0.0,0.0,0.0,0.0,0.0,0.0,0.0,0.0,0.0,0.0,0.0,0.0,0.0,0.0,0.0,0.0,0.0,0.0,0.0,0.0,0.0,0.0,0.0,0.0,0.0,0.0,0.0,0.0,0.0,0.0,0.0,0.0,0.0,0.0,0.0,0.0,0.0,0.0,0.0,0.0,0.0,0.0,0.0,0.0,0.0,0.0,0.0,0.0,0.0,0.0,0.0,0
0.0,0.0,0.0,0.0,0.0,0.0,0.0,0.0,0.0,0.0,0.0,0.0,0.0,0.0,0.0,0.0,0.0,0.0,0.0,0.0,0.0,0.0,0.0,0.0,0.0,0.0,0.0,0.0,0.0,0.0,0.0,0.0,0.0,0.0,0.0,0.0,0.0,0.0,0.0,0.0,0.0,0.0,0.0,0.0,0.0,0.0,0.0,0.0,0.0,0.0,0.0,0.0,0.0,0.0,0.0,0.0,0.0,0.0,0.0,0.0,0.0,0.0,0.0,0.0,0.0,0.0,0
0.0,0.0,0.0,0.0,0.0,0.0,0.0,0.0,0.0,0.0,0.0,0.0,0.0,0.0,0.0,0.0,0.0,0.0,0.0,0.0,0.0,0.0,0.0,0.0,0.0,0.0,0.0,0.0,0.0,0.0,0.0,0.0,0.0,0.0,0.0,0.0,0.0,0.0,0.0,0.0,0.0,0.0,0.0,0.0,0.0,0.0,0.0,0.0,0.0,0.0,0.0,0.0,0.0,0.0,0.0,0.0,0.0,0.0,0.0,0.0,0.0,0.0,0.0,0.0,0.0,0.0,0
0.0,0.0,0.0,0.0,0.0,0.0,0.0,0.0,0.0,0.0,0.0,0.0,0.0,0.0,0.0,0.0,0.0,0.0,0.0,0.0,0.0,0.0,0.0,0.0,0.0,0.0,0.0,0.0,0.0,0.0,0.0,0.0,0.0,0.0,0.0,0.0,0.0,0.0,0.0,0.0,0.0,0.0,0.0,0.0,0.0,0.0,0.0,0.0,0.0,0.0,0.0,0.0,0.0,0.0,0.0,0.0,0.0,0.0,0.0,0.0,0.0,0.0,0.0,0.0,0.0,0.0,0
0.0,0.0,0.0,0.0,0.0,0.0,0.0,0.0,0.0,0.0,0.0,0.0,0.0,0.0,0.0,0.0,0.0,0.0,0.0,0.0,0.0,0.0,0.0,0.0,0.0,0.0,0.0,0.0,0.0,0.0,0.0,0.0,0.0,0.0,0.0,0.0,0.0,0.0,0.0,0.0,0.0,0.0,0.0,0.0,0.0,0.0,0.0,0.0,0.0,0.0,0.0,0.0,0.0,0.0,0.0,0.0,0.0,0.0,0.0,0.0,0.0,0.0,0.0,0.0,0.0,0.0,0
0.0,0.0,0.0,0.0,0.0,0.0,0.0,0.0,0.0,0.0,0.0,0.0,0.0,0.0,0.0,0.0,0.0,0.0,0.0,0.0,0.0,0.0,0.0,0.0,0.0,0.0,0.0,0.0,0.0,0.0,0.0,0.0,0.0,0.0,0.0,0.0,0.0,0.0,0.0,0.0,0.0,0.0,0.0,0.0,0.0,0.0,0.0,0.0,0.0,0.0,0.0,0.0,0.0,0.0,0.0,0.0,0.0,0.0,0.0,0.0,0.0,0.0,0.0,0.0,0.0,0.0,0
0.0,0.0,0.0,0.0,0.0,0.0,0.0,0.0,0.0,0.0,0.0,0.0,0.0,0.0,0.0,0.0,0.0,0.0,0.0,0.0,0.0,0.0,0.0,0.0,0.0,0.0,0.0,0.0,0.0,0.0,0.0,0.0,0.0,0.0,0.0,0.0,0.0,0.0,0.0,0.0,0.0,0.0,0.0,0.0,0.0,0.0,0.0,0.0,0.0,0.0,0.0,0.0,0.0,0.0,0.0,0.0,0.0,0.0,0.0,0.0,0.0,0.0,0.0,0.0,0.0,0.0,0
0.0,0.0,0.0,0.0,0.0,0.0,0.0,0.0,0.0,0.0,0.0,0.0,0.0,0.0,0.0,0.0,0.0,0.0,0.0,0.0,0.0,0.0,0.0,0.0,0.0,0.0,0.0,0.0,0.0,0.0,0.0,0.0,0.0,0.0,0.0,0.0,0.0,0.0,0.0,0.0,0.0,0.0,0.0,0.0,0.0,0.0,0.0,0.0,0.0,0.0,0.0,0.0,0.0,0.0,0.0,0.0,0.0,0.0,0.0,0.0,0.0,0.0,0.0,0.0,0.0,0.0,0
0.8270846605300903,0.26234641671180725,0.8299864530563354,0.24589183926582336,0.8314172029495239,0.24441561102867126,0.8326990604400635,0.2428075075149536,0.8249236941337585,0.24951201677322388,0.8237619400024414,0.24964526295661926,0.8225305080413818,0.2495262622833252,0.8332223892211914,0.2553356885910034,0.8217288255691528,0.25528109073638916,0.8313364386558533,0.2752082049846649,0.8260522484779358,0.27050071954727173,0.8395806550979614,0.33607861399650574,0.8137300610542297,0.337112158536911,0.8439582586288452,0.40570399165153503,0.8042811751365662,0.4355577528476715,0.8416075110435486,0.44176608324050903,0.8232134580612183,0.4976651072502136,0.8429797291755676,0.4543216824531555,0.8274340033531189,0.5181303024291992,0.84147709608078,0.45439428091049194,0.8318658471107483,0.5142344236373901,0.8396081328392029,0.4518675208091736,0.8315694332122803,0.5072044134140015,0.8505532145500183,0.5823869705200195,0.8310307264328003,0.5903496742248535,0.8566357493400574,0.6771122217178345,0.840096652507782,0.6724806427955627,0.8679159879684448,0.8236666321754456,0.854080319404602,0.7645546197891235,0.8713663816452026,0.8436923027038574,0.8579292297363281,0.780741274356842,0.8661412000656128,0.8803057670593262,0.8542942404747009,0.798014760017395,0
0.8261950612068176,0.25798308849334717,0.8296787738800049,0.24880218505859375,0.8312498331069946,0.24785646796226501,0.8328085541725159,0.24684202671051025,0.8243729472160339,0.2462005913257599,0.8231774568557739,0.24634554982185364,0.8219079971313477,0.24624961614608765,0.8334373235702515,0.25287047028541565,0.8198318481445312,0.25251543521881104,0.8304544687271118,0.2727610766887665,0.8233965635299683,0.27660927176475525,0.8393648862838745,0.33793529868125916,0.808832049369812,0.34989964962005615,0.8484081625938416,0.40607529878616333,0.7981181144714355,0.45801734924316406,0.8418281078338623,0.41283416748046875,0.809217631816864,0.5457881689071655,0.8411940336227417,0.4180915057659149,0.8107719421386719,0.5719031095504761,0.8404191136360168,0.41218870878219604,0.8150650858879089,0.5699267387390137,0.8389391303062439,0.4127591550350189,0.8162954449653625,0.560296893119812,0.846905529499054,0.5868262648582458,0.8256144523620605,0.5964342355728149,0.8600642085075378,0.7071408033370972,0.8403785228729248,0.7055947780609131,0.877544641494751,0.8521583080291748,0.854667067527771,0.7998801469802856,0.8810877799987793,0.8726528882980347,0.858450710773468,0.8143558502197266,0.8783546686172485,0.913923978805542,0.8563200831413269,0.8435999155044556,0
0.0,0.0,0.0,0.0,0.0,0.0,0.0,0.0,0.0,0.0,0.0,0.0,0.0,0.0,0.0,0.0,0.0,0.0,0.0,0.0,0.0,0.0,0.0,0.0,0.0,0.0,0.0,0.0,0.0,0.0,0.0,0.0,0.0,0.0,0.0,0.0,0.0,0.0,0.0,0.0,0.0,0.0,0.0,0.0,0.0,0.0,0.0,0.0,0.0,0.0,0.0,0.0,0.0,0.0,0.0,0.0,0.0,0.0,0.0,0.0,0.0,0.0,0.0,0.0,0.0,0.0,0
0.8223087787628174,0.24981462955474854,0.8246498703956604,0.23864999413490295,0.8277902603149414,0.24074077606201172,0.8295913338661194,0.24023449420928955,0.8206821084022522,0.24089854955673218,0.819439172744751,0.2415865659713745,0.8181496858596802,0.24208077788352966,0.8309582471847534,0.25115394592285156,0.8169620633125305,0.25099337100982666,0.8275395631790161,0.26579856872558594,0.8203136920928955,0.26301008462905884,0.8384276628494263,0.32618337869644165,0.8116925358772278,0.331438273191452,0.8398937582969666,0.41423681378364563,0.8035832643508911,0.43314823508262634,0.8328132033348083,0.4612772464752197,0.8169514536857605,0.509185791015625,0.8326708078384399,0.4784049987792969,0.8191462755203247,0.5339033603668213,0.8316982984542847,0.47786182165145874,0.8239629864692688,0.5315971374511719,0.8300871253013611,0.4738665223121643,0.8246538639068604,0.5224474668502808,0.8478182554244995,0.5718591213226318,0.8279111981391907,0.5816741585731506,0.8600233793258667,0.6974549889564514,0.8432807326316833,0.6957460045814514,0.8749949932098389,0.8471089601516724,0.8610569834709167,0.8085441589355469,0.877167284488678,0.8701856732368469,0.8644599318504333,0.8263315558433533,0.8787453174591064,0.9019049406051636,0.8657549023628235,0.8525046706199646,0
0.8171712160110474,0.26169583201408386,0.8219417333602905,0.24404209852218628,0.8235405683517456,0.24276092648506165,0.824859619140625,0.24142023921012878,0.8165892958641052,0.24960404634475708,0.8155009150505066,0.25070545077323914,0.814207136631012,0.251699835062027,0.8260841965675354,0.2550378143787384,0.8157294988632202,0.24651342630386353,0.8218668103218079,0.277331680059433,0.8130607604980469,0.27596357464790344,0.835427463054657,0.33171236515045166,0.8062112927436829,0.3425319492816925,0.843002438545227,0.46637827157974243,0.8055852651596069,0.45604828000068665,0.8254432082176208,0.5274365544319153,0.8059517741203308,0.5135427117347717,0.822448194026947,0.5485835075378418,0.8059984445571899,0.5312403440475464,0.820913553237915,0.5418049097061157,0.8077590465545654,0.5273229479789734,0.8205283880233765,0.5360577702522278,0.8093607425689697,0.520980954170227,0.8562994003295898,0.5910027027130127,0.8380073308944702,0.5997838973999023,0.8691979050636292,0.7088205814361572,0.8487014770507812,0.6951286792755127,0.8880292177200317,0.8350382447242737,0.8673050403594971,0.7888079881668091,0.8940460085868835,0.8506457209587097,0.8728511333465576,0.8020402193069458,0.8825900554656982,0.8972179889678955,0.8649891018867493,0.839048445224762,0
0.8212248086929321,0.24318969249725342,0.8239171504974365,0.23343375325202942,0.8256030082702637,0.23272782564163208,0.8271536827087402,0.23203319311141968,0.819055438041687,0.23570767045021057,0.8175368905067444,0.2364676296710968,0.8159666657447815,0.2370915412902832,0.8295367360115051,0.24407106637954712,0.8154059648513794,0.24533051252365112,0.8257412910461426,0.25480660796165466,0.8198057413101196,0.2559162378311157,0.8421931862831116,0.32121720910072327,0.8097130656242371,0.3334939777851105,0.8457802534103394,0.43915027379989624,0.8020923137664795,0.43585655093193054,0.8416619300842285,0.5422719120979309,0.7954097390174866,0.5095188617706299,0.8424902558326721,0.6028900146484375,0.7946226000785828,0.5308842658996582,0.8371840715408325,0.6049694418907166,0.7956588864326477,0.5253329277038574,0.8349331617355347,0.592743992805481,0.7989720106124878,0.5211464166641235,0.8394829630851746,0.5441365838050842,0.8179090023040771,0.5550857782363892,0.8493882417678833,0.7047404050827026,0.831868588924408,0.7001069188117981,0.8550357222557068,0.8543304204940796,0.8464038372039795,0.8175792098045349,0.857592761516571,0.8729410171508789,0.8499854803085327,0.8340214490890503,0.8505943417549133,0.9140655994415283,0.8472200036048889,0.8592390418052673,0
0.0,0.0,0.0,0.0,0.0,0.0,0.0,0.0,0.0,0.0,0.0,0.0,0.0,0.0,0.0,0.0,0.0,0.0,0.0,0.0,0.0,0.0,0.0,0.0,0.0,0.0,0.0,0.0,0.0,0.0,0.0,0.0,0.0,0.0,0.0,0.0,0.0,0.0,0.0,0.0,0.0,0.0,0.0,0.0,0.0,0.0,0.0,0.0,0.0,0.0,0.0,0.0,0.0,0.0,0.0,0.0,0.0,0.0,0.0,0.0,0.0,0.0,0.0,0.0,0.0,0.0,0
0.0,0.0,0.0,0.0,0.0,0.0,0.0,0.0,0.0,0.0,0.0,0.0,0.0,0.0,0.0,0.0,0.0,0.0,0.0,0.0,0.0,0.0,0.0,0.0,0.0,0.0,0.0,0.0,0.0,0.0,0.0,0.0,0.0,0.0,0.0,0.0,0.0,0.0,0.0,0.0,0.0,0.0,0.0,0.0,0.0,0.0,0.0,0.0,0.0,0.0,0.0,0.0,0.0,0.0,0.0,0.0,0.0,0.0,0.0,0.0,0.0,0.0,0.0,0.0,0.0,0.0,0
0.8142620921134949,0.23284831643104553,0.8183352947235107,0.22568395733833313,0.8199423551559448,0.2257888913154602,0.8224049806594849,0.2258281409740448,0.814170777797699,0.2232324481010437,0.8125606775283813,0.22431278228759766,0.8111758828163147,0.2249225676059723,0.8252626061439514,0.23539534211158752,0.8108618855476379,0.23826465010643005,0.8182231187820435,0.2497658133506775,0.8125449419021606,0.25131192803382874,0.8367239832878113,0.31169357895851135,0.7991381883621216,0.33032312989234924,0.8383806347846985,0.44667255878448486,0.787751317024231,0.429961621761322,0.8377366662025452,0.558346152305603,0.8009464740753174,0.45746856927871704,0.8405631184577942,0.5921076536178589,0.8041714429855347,0.47089195251464844,0.8367953896522522,0.5938442349433899,0.8079578876495361,0.4613144099712372,0.8330854177474976,0.582874596118927,0.8081687092781067,0.45580270886421204,0.8358883857727051,0.5629041194915771,0.8129157423973083,0.5773618817329407,0.8399931192398071,0.6863723993301392,0.8100374937057495,0.6745243072509766,0.8402393460273743,0.7692686915397644,0.8158460855484009,0.7358209490776062,0.8408626914024353,0.7809070348739624,0.8185136914253235,0.7450636029243469,0.8370163440704346,0.8148672580718994,0.808287501335144,0.7620648741722107,0
0.0,0.0,0.0,0.0,0.0,0.0,0.0,0.0,0.0,0.0,0.0,0.0,0.0,0.0,0.0,0.0,0.0,0.0,0.0,0.0,0.0,0.0,0.0,0.0,0.0,0.0,0.0,0.0,0.0,0.0,0.0,0.0,0.0,0.0,0.0,0.0,0.0,0.0,0.0,0.0,0.0,0.0,0.0,0.0,0.0,0.0,0.0,0.0,0.0,0.0,0.0,0.0,0.0,0.0,0.0,0.0,0.0,0.0,0.0,0.0,0.0,0.0,0.0,0.0,0.0,0.0,0
0.0,0.0,0.0,0.0,0.0,0.0,0.0,0.0,0.0,0.0,0.0,0.0,0.0,0.0,0.0,0.0,0.0,0.0,0.0,0.0,0.0,0.0,0.0,0.0,0.0,0.0,0.0,0.0,0.0,0.0,0.0,0.0,0.0,0.0,0.0,0.0,0.0,0.0,0.0,0.0,0.0,0.0,0.0,0.0,0.0,0.0,0.0,0.0,0.0,0.0,0.0,0.0,0.0,0.0,0.0,0.0,0.0,0.0,0.0,0.0,0.0,0.0,0.0,0.0,0.0,0.0,0
0.8156593441963196,0.22994032502174377,0.818171501159668,0.21615758538246155,0.8199511766433716,0.21585115790367126,0.8218541145324707,0.2155073881149292,0.8125275373458862,0.21774327754974365,0.8105618357658386,0.21827098727226257,0.8083404898643494,0.21885797381401062,0.824015736579895,0.2222415804862976,0.8049424886703491,0.22629663348197937,0.819672167301178,0.24512439966201782,0.8127397298812866,0.24814468622207642,0.840393602848053,0.2996610105037689,0.7942141890525818,0.30878058075904846,0.8482801914215088,0.38900867104530334,0.7845392823219299,0.4045673608779907,0.8509123921394348,0.46582046151161194,0.7841048836708069,0.4972245395183563,0.8529780507087708,0.48849597573280334,0.7791613340377808,0.5223538875579834,0.8493049740791321,0.48842307925224304,0.7835257649421692,0.5235202312469482,0.8474152684211731,0.4816705286502838,0.7852831482887268,0.5118781328201294,0.8325257897377014,0.4928097128868103,0.8072583675384521,0.4950205087661743,0.825942873954773,0.6274410486221313,0.7991839051246643,0.6300731897354126,0.832855761051178,0.7642527222633362,0.8037323355674744,0.7674682140350342,0.8315890431404114,0.7815259695053101,0.8064178824424744,0.786361575126648,0.8335398435592651,0.8179872035980225,0.8038015961647034,0.8051165342330933,0
0.8152384161949158,0.22962090373039246,0.8178938031196594,0.21485236287117004,0.8198379278182983,0.2146276831626892,0.8219691514968872,0.21443626284599304,0.8120545148849487,0.21690139174461365,0.8101114630699158,0.21773049235343933,0.8077894449234009,0.2186812460422516,0.824869692325592,0.22369804978370667,0.8048577308654785,0.22605058550834656,0.8203564882278442,0.24659696221351624,0.8122468590736389,0.24817019701004028,0.8389295935630798,0.3035339415073395,0.7923983335494995,0.3103697597980499,0.8457592725753784,0.4040641784667969,0.7815892696380615,0.4135591983795166,0.8512920141220093,0.4778308868408203,0.7796984910964966,0.5255727767944336,0.8531155586242676,0.4951530396938324,0.7727998495101929,0.5548706650733948,0.8489174246788025,0.49619314074516296,0.7784813642501831,0.5473400354385376,0.8476675748825073,0.49231141805648804,0.7829539775848389,0.5392618775367737,0.833908200263977,0.5198150277137756,0.8060454726219177,0.5255908966064453,0.8425840735435486,0.6815966367721558,0.8127017617225647,0.6591774225234985,0.8446375727653503,0.8100486397743225,0.8246874213218689,0.7673518657684326,0.8439245820045471,0.8243982195854187,0.8270319700241089,0.7796341180801392,0.8455314040184021,0.8695082664489746,0.8289885520935059,0.8162816166877747,0
0.8145055174827576,0.23190593719482422,0.8170109987258911,0.21520021557807922,0.8191728591918945,0.21480786800384521,0.8211748003959656,0.21462953090667725,0.8113868832588196,0.21679508686065674,0.8092638850212097,0.21743318438529968,0.8071810007095337,0.21778300404548645,0.8239994049072266,0.22259902954101562,0.8038039803504944,0.22447282075881958,0.8193216323852539,0.24762481451034546,0.8112549781799316,0.2493533492088318,0.8390434384346008,0.2991573214530945,0.7918573617935181,0.3100707530975342,0.8481643795967102,0.3961811661720276,0.7821030616760254,0.4077970087528229,0.8475632071495056,0.4670209288597107,0.7783002853393555,0.5013616681098938,0.8508265614509583,0.48667123913764954,0.7733415365219116,0.5382692217826843,0.8458449840545654,0.48772478103637695,0.7755899429321289,0.5364011526107788,0.8442510962486267,0.4824310541152954,0.7796416878700256,0.5272585153579712,0.8340266346931458,0.5087839365005493,0.8102582693099976,0.5097278356552124,0.8427262902259827,0.6444868445396423,0.8087148666381836,0.6251241564750671,0.8498649001121521,0.7882502675056458,0.8194202780723572,0.7561736106872559,0.850246787071228,0.8052085638046265,0.8225279450416565,0.7721409797668457,0.8510170578956604,0.8512840270996094,0.8204579949378967,0.8099473118782043,0
0.8145536184310913,0.22365206480026245,0.8169527053833008,0.20837649703025818,0.8187863230705261,0.20851802825927734,0.8209572434425354,0.20886459946632385,0.8111625909805298,0.2092217206954956,0.809230387210846,0.2096358835697174,0.8070459961891174,0.21020671725273132,0.8239378929138184,0.21771985292434692,0.8031636476516724,0.21823683381080627,0.8190505504608154,0.24098101258277893,0.8112484812736511,0.24116113781929016,0.8396357297897339,0.2972341477870941,0.7894356846809387,0.30524441599845886,0.8470329642295837,0.39380908012390137,0.7791177034378052,0.40120363235473633,0.8507565259933472,0.47392183542251587,0.7770560383796692,0.49248939752578735,0.8526781797409058,0.48897144198417664,0.7726291418075562,0.5177651047706604,0.8471096158027649,0.4822220802307129,0.7776049971580505,0.5122354626655579,0.8456870913505554,0.47984737157821655,0.7791267037391663,0.5067665576934814,0.832750678062439,0.5052307844161987,0.8066506385803223,0.5125337839126587,0.827634871006012,0.6519482135772705,0.7973066568374634,0.6468150615692139,0.8465266227722168,0.790597140789032,0.8005189895629883,0.7855128049850464,0.8471020460128784,0.8066803216934204,0.8035236597061157,0.8032691478729248,0.8452907204627991,0.8529164791107178,0.7958766222000122,0.8418692946434021,0
0.8147680163383484,0.21976745128631592,0.8175253868103027,0.20513659715652466,0.8198323249816895,0.20498642325401306,0.8221796751022339,0.20498880743980408,0.8118442893028259,0.20691132545471191,0.8100340366363525,0.2078547477722168,0.8079088926315308,0.20888513326644897,0.8257065415382385,0.21275615692138672,0.806029736995697,0.2169584333896637,0.8199739456176758,0.23696547746658325,0.8122701048851013,0.2377718985080719,0.8390357494354248,0.29996395111083984,0.790630578994751,0.3077673614025116,0.83975750207901,0.41965943574905396,0.7803354859352112,0.43101200461387634,0.8429775834083557,0.48485273122787476,0.7788510918617249,0.5262864232063293,0.8455999493598938,0.4986904263496399,0.7735623121261597,0.555007815361023,0.8439025282859802,0.49796098470687866,0.7754594087600708,0.5531054735183716,0.837882936000824,0.5015242099761963,0.7799098491668701,0.546100378036499,0.8346984386444092,0.5248993635177612,0.806034505367279,0.5320529341697693,0.8370222449302673,0.6805679202079773,0.8011335134506226,0.6580626964569092,0.8340651988983154,0.8018946647644043,0.8042464852333069,0.7662709951400757,0.833320677280426,0.8147976994514465,0.806351900100708,0.7803481817245483,0.8321264386177063,0.8634018301963806,0.8031517267227173,0.8154645562171936,0
0.8145334720611572,0.2198357880115509,0.8174117207527161,0.20509833097457886,0.8197630643844604,0.20503342151641846,0.8223647475242615,0.2052110731601715,0.8115348815917969,0.207167387008667,0.8096638917922974,0.208357572555542,0.8077106475830078,0.20950034260749817,0.8254626393318176,0.21329906582832336,0.8052855134010315,0.21862798929214478,0.8200988173484802,0.2374476194381714,0.8118093013763428,0.23805931210517883,0.8371090888977051,0.3051104247570038,0.7892498970031738,0.3134404122829437,0.8419007658958435,0.41373711824417114,0.7793420553207397,0.4388275146484375,0.8382077813148499,0.4908899664878845,0.7776800394058228,0.5385616421699524,0.8409793376922607,0.5174705386161804,0.7724069356918335,0.5658687353134155,0.8386706709861755,0.516757607460022,0.7778943181037903,0.5837077498435974,0.8320086002349854,0.5109216570854187,0.7812440395355225,0.572325587272644,0.8379778861999512,0.5197306275367737,0.8075656294822693,0.529873251914978,0.8355016708374023,0.6417091488838196,0.8029871582984924,0.5928705930709839,0.838045597076416,0.790747880935669,0.8134545683860779,0.7354711890220642,0.8368427753448486,0.8092986345291138,0.8158881664276123,0.7539727687835693,0.8370897173881531,0.826532781124115,0.8187016248703003,0.7873973846435547,0
0.8150928616523743,0.21438506245613098,0.8175651431083679,0.2005818784236908,0.8197088837623596,0.2007448375225067,0.8218764662742615,0.2009837031364441,0.8120747208595276,0.20158842206001282,0.8103359937667847,0.20243531465530396,0.8084577918052673,0.20327287912368774,0.8243094682693481,0.21031367778778076,0.8058025240898132,0.21319958567619324,0.8198572993278503,0.23278117179870605,0.8125759959220886,0.23219707608222961,0.8374856114387512,0.301927387714386,0.7886906862258911,0.30475157499313354,0.8401805758476257,0.41805994510650635,0.7775559425354004,0.41482529044151306,0.8365087509155273,0.4946668744087219,0.7775135040283203,0.5268219709396362,0.8392951488494873,0.510719895362854,0.7726515531539917,0.5545921325683594,0.8326915502548218,0.5159151554107666,0.7779243588447571,0.5503116250038147,0.8309808969497681,0.5025756359100342,0.7793760895729065,0.5462048649787903,0.8368356823921204,0.5189431309700012,0.8080353140830994,0.526852011680603,0.8250415325164795,0.6683028340339661,0.8030726313591003,0.6474549770355225,0.835908830165863,0.7943515181541443,0.8066648840904236,0.7698985934257507,0.8339601755142212,0.8083087205886841,0.8083984851837158,0.7858501672744751,0.8314711451530457,0.84065842628479,0.807712733745575,0.8206839561462402,0
0.8145380616188049,0.2167050838470459,0.8169952630996704,0.20219621062278748,0.8192139863967896,0.202050119638443,0.8216066956520081,0.2020077407360077,0.811228334903717,0.20412418246269226,0.8094914555549622,0.20509472489356995,0.807632327079773,0.20590880513191223,0.8240570425987244,0.20991012454032898,0.8051605224609375,0.21493807435035706,0.8193293809890747,0.23348966240882874,0.8116603493690491,0.23331007361412048,0.8386857509613037,0.2975959777832031,0.7883455753326416,0.3013365864753723,0.8427616953849792,0.41513538360595703,0.7768433094024658,0.4071824550628662,0.8363370895385742,0.49731695652008057,0.7758944034576416,0.48938149213790894,0.8382373452186584,0.5127476453781128,0.7712702751159668,0.5257499814033508,0.8363627791404724,0.5105983018875122,0.7761428952217102,0.5198034048080444,0.8352020382881165,0.509428858757019,0.7773381471633911,0.5035995244979858,0.8324315547943115,0.510316014289856,0.8066455125808716,0.5121014714241028,0.833044707775116,0.6095773577690125,0.7971923351287842,0.578815221786499,0.8274045586585999,0.7513511180877686,0.8042590618133545,0.7370247840881348,0.8245775699615479,0.7802200317382812,0.8071218729019165,0.7566746473312378,0.8350173234939575,0.8193069100379944,0.8062355518341064,0.7957671880722046,0
0.8159269690513611,0.21500128507614136,0.818396806716919,0.19953316450119019,0.8205918073654175,0.19892647862434387,0.8229292631149292,0.19856387376785278,0.8124569058418274,0.20223960280418396,0.8103629946708679,0.20341163873672485,0.8080713152885437,0.20471429824829102,0.8262302875518799,0.20729535818099976,0.8051021695137024,0.21357733011245728,0.8208211660385132,0.23212194442749023,0.8129848837852478,0.2333756983280182,0.8384961485862732,0.30344507098197937,0.7877233624458313,0.305193692445755,0.8390337824821472,0.4134852886199951,0.7777385711669922,0.41411036252975464,0.8323842883110046,0.5097972750663757,0.7752602100372314,0.5238417387008667,0.8347888588905334,0.5447945594787598,0.7728480696678162,0.5633602738380432,0.8324369192123413,0.5451058745384216,0.7756341695785522,0.5626674294471741,0.8327664732933044,0.5606443881988525,0.7785634994506836,0.5583598017692566,0.8357094526290894,0.5090920925140381,0.8042494058609009,0.5184330940246582,0.8199213743209839,0.6453716158866882,0.7903991937637329,0.5775894522666931,0.8247008323669434,0.7672779560089111,0.8023850917816162,0.7454270124435425,0.8207910060882568,0.7961474657058716,0.8062579035758972,0.7656470537185669,0.829939603805542,0.8288745284080505,0.8042927980422974,0.8090324997901917,0
0.8150938153266907,0.2127673625946045,0.8178650736808777,0.1983993649482727,0.8197454810142517,0.19790330529212952,0.8217300176620483,0.1975092887878418,0.8119993209838867,0.2000775933265686,0.8098339438438416,0.20058956742286682,0.8075478672981262,0.2010255753993988,0.8238494396209717,0.2045193314552307,0.8038039207458496,0.2083534598350525,0.8187870979309082,0.22916755080223083,0.8116354942321777,0.23053497076034546,0.8372783064842224,0.2922912836074829,0.7904279828071594,0.292706161737442,0.8425011038780212,0.38943737745285034,0.7776830792427063,0.3875496983528137,0.8436219692230225,0.4757576584815979,0.77382493019104,0.4872215986251831,0.8459259271621704,0.49338123202323914,0.7687249779701233,0.5249553322792053,0.842819333076477,0.49293774366378784,0.7738699316978455,0.522072970867157,0.8411641120910645,0.48901262879371643,0.7776007056236267,0.5044443607330322,0.830043613910675,0.48461318016052246,0.8039906024932861,0.4844129979610443,0.8193959593772888,0.6226120591163635,0.8058322668075562,0.6200052499771118,0.8218021988868713,0.7688787579536438,0.8182818293571472,0.7690861225128174,0.8190137147903442,0.7944420576095581,0.8203290700912476,0.787574291229248,0.8295246958732605,0.8166205883026123,0.823121190071106,0.822561502456665,0
0.0,0.0,0.0,0.0,0.0,0.0,0.0,0.0,0.0,0.0,0.0,0.0,0.0,0.0,0.0,0.0,0.0,0.0,0.0,0.0,0.0,0.0,0.0,0.0,0.0,0.0,0.0,0.0,0.0,0.0,0.0,0.0,0.0,0.0,0.0,0.0,0.0,0.0,0.0,0.0,0.0,0.0,0.0,0.0,0.0,0.0,0.0,0.0,0.0,0.0,0.0,0.0,0.0,0.0,0.0,0.0,0.0,0.0,0.0,0.0,0.0,0.0,0.0,0.0,0.0,0.0,0
0.8164921402931213,0.2076367437839508,0.8191280961036682,0.1918366253376007,0.8210886716842651,0.19163581728935242,0.8231103420257568,0.19160306453704834,0.8136935830116272,0.19262972474098206,0.8117890357971191,0.1928689181804657,0.8098816275596619,0.19304418563842773,0.8256602883338928,0.20126134157180786,0.8066946864128113,0.2001802921295166,0.8208261132240295,0.22607597708702087,0.8131784796714783,0.22483539581298828,0.8386349081993103,0.2892894148826599,0.7895057797431946,0.29011160135269165,0.8452471494674683,0.38864338397979736,0.7782391309738159,0.39502233266830444,0.8418006896972656,0.48014703392982483,0.7748690843582153,0.509477436542511,0.8448189496994019,0.5058513879776001,0.7692715525627136,0.53978431224823,0.8421738743782043,0.49737608432769775,0.7751288414001465,0.5445621609687805,0.840542733669281,0.4938376545906067,0.776709258556366,0.529819130897522,0.8311240077018738,0.49887603521347046,0.8044975399971008,0.49052172899246216,0.8175964951515198,0.6188668608665466,0.7961553931236267,0.5862504243850708,0.8213028907775879,0.7728707790374756,0.8040499091148376,0.7630157470703125,0.8190614581108093,0.8018481731414795,0.8064005970954895,0.7857140898704529,0.8293635249137878,0.8304098844528198,0.806853711605072,0.8253738880157471,0
0.8167590498924255,0.2025141417980194,0.8192461133003235,0.18780073523521423,0.8210670351982117,0.18765437602996826,0.8228681683540344,0.18773165345191956,0.8139386177062988,0.1890115737915039,0.8119776248931885,0.18955621123313904,0.8099563121795654,0.19008561968803406,0.8244880437850952,0.19861751794815063,0.8063064217567444,0.1983729600906372,0.8207237720489502,0.22079980373382568,0.8133427500724792,0.21977084875106812,0.8388355374336243,0.28789883852005005,0.789702296257019,0.29304781556129456,0.84783536195755,0.3894423246383667,0.7769016623497009,0.3992529511451721,0.8469745516777039,0.48049095273017883,0.7742127776145935,0.508589506149292,0.8461591601371765,0.49833014607429504,0.7694469690322876,0.5399312376976013,0.8435844779014587,0.4974135756492615,0.7746065258979797,0.5352762937545776,0.8416838049888611,0.48789170384407043,0.7765349745750427,0.5289406180381775,0.8319284915924072,0.5006458163261414,0.8070010542869568,0.4969385862350464,0.8186839818954468,0.6210355758666992,0.8030155897140503,0.6309632062911987,0.819950520992279,0.7822487354278564,0.8077656030654907,0.7723600268363953,0.8221161961555481,0.8066547513008118,0.8150948286056519,0.797332227230072,0.8173911571502686,0.8454513549804688,0.8017870187759399,0.8379203081130981,0
0.8172342777252197,0.20612430572509766,0.8203739523887634,0.1892164945602417,0.8224514126777649,0.18923985958099365,0.8243995308876038,0.18961745500564575,0.8141557574272156,0.19036900997161865,0.8118017911911011,0.19095349311828613,0.8095707297325134,0.1913776397705078,0.8267045021057129,0.2000378668308258,0.8064054846763611,0.1986449658870697,0.8218674659729004,0.22230595350265503,0.8131672739982605,0.22332242131233215,0.8409199714660645,0.2872491776943207,0.7896412014961243,0.28574520349502563,0.8457813858985901,0.38815295696258545,0.7772305011749268,0.3882625699043274,0.845612645149231,0.48157578706741333,0.7740307450294495,0.49757739901542664,0.8480578660964966,0.4977015554904938,0.7707341313362122,0.5217398405075073,0.8426200151443481,0.4890998899936676,0.7745063304901123,0.5188513994216919,0.8412612080574036,0.48763108253479004,0.7774355411529541,0.5125399231910706,0.831364631652832,0.5032546520233154,0.8047467470169067,0.5078217387199402,0.8244219422340393,0.6491681933403015,0.8039934635162354,0.6348321437835693,0.8249656558036804,0.7829532623291016,0.8132728934288025,0.7692307233810425,0.8228088021278381,0.7945894598960876,0.8152716755867004,0.7835786938667297,0.8324147462844849,0.8310754299163818,0.817847490310669,0.8280083537101746,0
0.8199038505554199,0.20298418402671814,0.8234409689903259,0.1872178316116333,0.8253341317176819,0.1875479817390442,0.8272194862365723,0.18802759051322937,0.8170270323753357,0.1860765516757965,0.8146315217018127,0.18573784828186035,0.8123243451118469,0.18546098470687866,0.8293517231941223,0.19745415449142456,0.8091635704040527,0.19225209951400757,0.8242467641830444,0.219214528799057,0.8156723976135254,0.21815559267997742,0.8424745798110962,0.2817426919937134,0.7913172245025635,0.2809242606163025,0.8504577875137329,0.3861818313598633,0.7779088616371155,0.3830549716949463,0.8514461517333984,0.4768608510494232,0.7723679542541504,0.4894445240497589,0.8525479435920715,0.5013587474822998,0.7695249915122986,0.5195629596710205,0.8486095666885376,0.4976954162120819,0.7744596600532532,0.5170862078666687,0.8473421335220337,0.48762941360473633,0.7755513191223145,0.510307788848877,0.8298120498657227,0.4845523238182068,0.8032612204551697,0.48789849877357483,0.8222576975822449,0.6359246969223022,0.8043502569198608,0.6266582608222961,0.8209414482116699,0.7777952551841736,0.8177333474159241,0.7740333080291748,0.8190991878509521,0.7976295948028564,0.819345235824585,0.7924631237983704,0.8279992938041687,0.8237981796264648,0.8224810361862183,0.821444571018219,0
0.8207153677940369,0.1941927671432495,0.8241740465164185,0.17877238988876343,0.8261049389839172,0.17921915650367737,0.8277773857116699,0.17991545796394348,0.8182067275047302,0.17818152904510498,0.8158953189849854,0.17803186178207397,0.8135525584220886,0.1778373420238495,0.8300668001174927,0.19007879495620728,0.8097283840179443,0.1844029724597931,0.8242338299751282,0.21290957927703857,0.8162568807601929,0.21178382635116577,0.8430301547050476,0.27486786246299744,0.7929981350898743,0.2748841941356659,0.8510844707489014,0.38360074162483215,0.7790230512619019,0.37705594301223755,0.8512012958526611,0.47566166520118713,0.7755903005599976,0.4807458221912384,0.8521475791931152,0.5003113150596619,0.7722641825675964,0.5092353224754333,0.8488832712173462,0.49734464287757874,0.7759284377098083,0.508017361164093,0.8469560146331787,0.4868946671485901,0.7775585651397705,0.4989294409751892,0.8303661346435547,0.4746706187725067,0.8028585314750671,0.47771042585372925,0.8216403722763062,0.636167585849762,0.8059918880462646,0.6252387762069702,0.821445107460022,0.7784690856933594,0.8182839155197144,0.7751160860061646,0.8200324177742004,0.7983798384666443,0.8207080960273743,0.7935749292373657,0.8287271857261658,0.823797345161438,0.8228005170822144,0.8226646780967712,0
0.8225144147872925,0.18747597932815552,0.8254808783531189,0.1722540259361267,0.8275676369667053,0.17255458235740662,0.8293839693069458,0.17315912246704102,0.8194126486778259,0.17147427797317505,0.8170417547225952,0.17118781805038452,0.8146616816520691,0.1708463430404663,0.8310798406600952,0.18334192037582397,0.8106268048286438,0.1766272783279419,0.8263310790061951,0.20597073435783386,0.8185356259346008,0.20431357622146606,0.8456435799598694,0.27500036358833313,0.7918906807899475,0.26831188797950745,0.8509225845336914,0.38463136553764343,0.7784100770950317,0.3720550537109375,0.8538447618484497,0.47618067264556885,0.7745720148086548,0.48894745111465454,0.8548753261566162,0.4994547963142395,0.7726503014564514,0.511868953704834,0.8510074019432068,0.49804243445396423,0.777032196521759,0.5084758996963501,0.8497693538665771,0.4887104034423828,0.7779549360275269,0.502659022808075,0.832586944103241,0.48485732078552246,0.804006040096283,0.48825669288635254,0.8204013109207153,0.6422224044799805,0.8032271862030029,0.6301789283752441,0.8196837902069092,0.7841165661811829,0.8134442567825317,0.7700955867767334,0.8180500864982605,0.8056451678276062,0.816015899181366,0.7864537239074707,0.8256706595420837,0.8324412107467651,0.8151684999465942,0.8291430473327637,0
0.8226362466812134,0.18314075469970703,0.8261797428131104,0.1676086187362671,0.8283656239509583,0.1680040955543518,0.8305119276046753,0.16866391897201538,0.8194903135299683,0.16669106483459473,0.8170897364616394,0.16622719168663025,0.8146810531616211,0.16589954495429993,0.83259117603302,0.17916333675384521,0.811275839805603,0.170933336019516,0.8270053863525391,0.20206695795059204,0.8185781836509705,0.20035400986671448,0.8466094136238098,0.27018481492996216,0.7922446727752686,0.26717841625213623,0.8526008725166321,0.37865138053894043,0.7788946628570557,0.3738614320755005,0.8555469512939453,0.46981149911880493,0.774914026260376,0.48752421140670776,0.8565365076065063,0.4962407648563385,0.7728558778762817,0.5132613778114319,0.8526419997215271,0.4948367476463318,0.777248203754425,0.508502185344696,0.851641058921814,0.4839840531349182,0.7783455848693848,0.4989907443523407,0.8318209648132324,0.48442283272743225,0.80338054895401,0.4856243133544922,0.8211102485656738,0.6400789618492126,0.7996042966842651,0.6273041367530823,0.8189479112625122,0.7884222269058228,0.8063856959342957,0.7655001282691956,0.8153916597366333,0.8018859624862671,0.8085249066352844,0.7812856435775757,0.8245661854743958,0.8318920135498047,0.8071593642234802,0.8233388066291809,0
0.8243604302406311,0.17535489797592163,0.8280466198921204,0.1604558825492859,0.8299520015716553,0.16114318370819092,0.8320775628089905,0.16207540035247803,0.821552038192749,0.15879225730895996,0.8191224932670593,0.1582837998867035,0.8166279196739197,0.15783828496932983,0.8341227769851685,0.17427277565002441,0.8129092454910278,0.1652618646621704,0.8285513520240784,0.19529956579208374,0.8197061419487,0.19274085760116577,0.8479463458061218,0.2659154236316681,0.7942425012588501,0.2626293897628784,0.85490882396698,0.38212740421295166,0.7793681025505066,0.37272515892982483,0.8567027449607849,0.47322675585746765,0.7754730582237244,0.4775709807872772,0.8561702966690063,0.4970448911190033,0.7719528675079346,0.5096273422241211,0.8535268306732178,0.4967459440231323,0.7767462730407715,0.5067493319511414,0.8528376221656799,0.4891278147697449,0.7779208421707153,0.4991130530834198,0.8325666785240173,0.4886874854564667,0.8043460249900818,0.4870221018791199,0.8204792737960815,0.6354782581329346,0.8002755045890808,0.6304047107696533,0.8176971673965454,0.782431960105896,0.8104168772697449,0.7655156254768372,0.8136188387870789,0.799684464931488,0.8114089965820312,0.7796891927719116,0.8225204944610596,0.8274698853492737,0.8151322603225708,0.8295765519142151,0
0.8247012495994568,0.17902353405952454,0.8280819058418274,0.1630295217037201,0.8300066590309143,0.1634434461593628,0.8320934176445007,0.1640636920928955,0.8217276930809021,0.1613265573978424,0.8193135261535645,0.16065341234207153,0.8169683218002319,0.1601133942604065,0.834538996219635,0.17473524808883667,0.8137506246566772,0.166629821062088,0.8288567662239075,0.19825193285942078,0.82051020860672,0.19672635197639465,0.849324107170105,0.26690393686294556,0.7952872514724731,0.25953248143196106,0.8553298711776733,0.3767961859703064,0.7801430225372314,0.3672535717487335,0.8568341732025146,0.4743424952030182,0.7774603366851807,0.4694802761077881,0.8567290902137756,0.49607643485069275,0.7757682204246521,0.49930518865585327,0.8535585403442383,0.49401456117630005,0.7788467407226562,0.49802905321121216,0.8527794480323792,0.48611995577812195,0.7808853387832642,0.48775985836982727,0.8336012363433838,0.4784104824066162,0.8047291040420532,0.47699880599975586,0.8236575126647949,0.6323291063308716,0.7994052171707153,0.6174550652503967,0.8167173862457275,0.7793356776237488,0.8040793538093567,0.7638676762580872,0.8126683831214905,0.8001617193222046,0.8035397529602051,0.7705397605895996,0.8239415884017944,0.8354265689849854,0.8070678114891052,0.8296620845794678,0
0.8254728317260742,0.16763344407081604,0.8288126587867737,0.15311819314956665,0.8307786583900452,0.1537097692489624,0.8329372406005859,0.15466541051864624,0.8222439289093018,0.15183711051940918,0.8198075890541077,0.15156373381614685,0.8172679543495178,0.15139979124069214,0.8348931670188904,0.16635605692863464,0.8136749267578125,0.15829241275787354,0.8296878337860107,0.18654942512512207,0.8210175037384033,0.18611618876457214,0.8505700826644897,0.263133704662323,0.7932278513908386,0.2564486861228943,0.8573192358016968,0.3767104744911194,0.7790226936340332,0.36658990383148193,0.8600793480873108,0.47553539276123047,0.7758111357688904,0.4796779751777649,0.8608583807945251,0.499980628490448,0.7737910747528076,0.5090393424034119,0.8569133877754211,0.4988470673561096,0.7782618999481201,0.5049102902412415,0.8556132912635803,0.48615792393684387,0.7794811129570007,0.49414050579071045,0.8333317637443542,0.4922316074371338,0.802895724773407,0.48480695486068726,0.8230300545692444,0.6421207189559937,0.7965415120124817,0.6254563331604004,0.8158826231956482,0.7825242877006531,0.7956610918045044,0.7615727186203003,0.813410222530365,0.8015264272689819,0.7972467541694641,0.7731292843818665,0.8186721205711365,0.8346707224845886,0.7921103835105896,0.8245366811752319,0
0.8258821368217468,0.16988253593444824,0.8292320370674133,0.15504691004753113,0.8311733603477478,0.15559089183807373,0.8330745697021484,0.15646716952323914,0.8228387832641602,0.1535065472126007,0.8204867243766785,0.15316933393478394,0.8182761669158936,0.15283972024917603,0.8349254727363586,0.16611510515213013,0.8150535225868225,0.15976998209953308,0.8298172950744629,0.18887653946876526,0.821252167224884,0.18792206048965454,0.8510879874229431,0.259969025850296,0.794299304485321,0.2575778663158417,0.8607974648475647,0.3667294383049011,0.7802122235298157,0.36222898960113525,0.863389253616333,0.46023398637771606,0.778152346611023,0.46427828073501587,0.8641852736473083,0.4908926486968994,0.7753259539604187,0.4950915575027466,0.8609215617179871,0.48880860209465027,0.7790164351463318,0.49352404475212097,0.8598797917366028,0.4766104221343994,0.7809156179428101,0.4837024211883545,0.8352742791175842,0.4715256690979004,0.8026835918426514,0.46791762113571167,0.8311419486999512,0.6309008598327637,0.799631655216217,0.6187148094177246,0.8225089907646179,0.7700260877609253,0.8002440333366394,0.7586560249328613,0.8175740838050842,0.7885558605194092,0.7995991110801697,0.7733367681503296,0.8267943859100342,0.8278406858444214,0.7947636842727661,0.8017637729644775,0
0.8263294100761414,0.1620899736881256,0.8292775750160217,0.1479184329509735,0.8312065005302429,0.14851027727127075,0.8332141041755676,0.1493632197380066,0.8232133984565735,0.1463204026222229,0.8209275007247925,0.14583206176757812,0.8185649514198303,0.14548510313034058,0.834579586982727,0.15935108065605164,0.8151307106018066,0.15193292498588562,0.8301815986633301,0.1808350682258606,0.8221429586410522,0.17907139658927917,0.850383996963501,0.2534758448600769,0.7939817309379578,0.24933341145515442,0.8574974536895752,0.3670128881931305,0.7788196802139282,0.3621421456336975,0.8612807393074036,0.46563196182250977,0.7735756039619446,0.46347400546073914,0.8619116544723511,0.49374714493751526,0.7703030109405518,0.48952579498291016,0.8587143421173096,0.4916688799858093,0.7767466902732849,0.4908562898635864,0.857149600982666,0.4813928008079529,0.777957022190094,0.4806611239910126,0.8356987833976746,0.47535139322280884,0.8038384318351746,0.46726101636886597,0.8274955153465271,0.6306928992271423,0.7988726496696472,0.6089256405830383,0.8181483149528503,0.7721125483512878,0.7963444590568542,0.7678092122077942,0.8159146308898926,0.7885433435440063,0.7953446507453918,0.7880974411964417,0.8246687054634094,0.8319389820098877,0.7900441884994507,0.816271960735321,0
0.8001080751419067,0.8041512370109558,0.799038290977478,0.8118409514427185,0.7990760207176208,0.8116196393966675,0.7990831136703491,0.8116869926452637,0.7988415360450745,0.8054159283638,0.7988888621330261,0.8044634461402893,0.7988649606704712,0.8038855791091919,0.8008566498756409,0.807443380355835,0.8006055355072021,0.7953930497169495,0.802944540977478,0.8031818270683289,0.8030060529708862,0.7978384494781494,0.8191896080970764,0.8168627619743347,0.8144197463989258,0.7568406462669373,0.8387043476104736,0.7613471150398254,0.8316354751586914,0.6853598356246948,0.8436392545700073,0.7150620818138123,0.8333795666694641,0.6373142004013062,0.8444430232048035,0.7054188251495361,0.8341535329818726,0.6207351684570312,0.844654381275177,0.704799234867096,0.8324711918830872,0.6275091171264648,0.8443506360054016,0.7056179642677307,0.8324047327041626,0.6347516179084778,0.8712190389633179,0.7793975472450256,0.8676656484603882,0.7508636713027954,0.9008613228797913,0.866777241230011,0.8938424587249756,0.7767543196678162,0.939424991607666,0.902118444442749,0.9190050363540649,0.7702397108078003,0.9462634921073914,0.9070358872413635,0.9227946400642395,0.7705219388008118,0.9437081813812256,0.9183905720710754,0.9225894808769226,0.7661244869232178,0
0.8240441083908081,0.14752840995788574,0.8277028799057007,0.13375547528266907,0.8298451900482178,0.13429579138755798,0.8319985270500183,0.13531720638275146,0.820875346660614,0.1331489086151123,0.8185141682624817,0.1333906650543213,0.8163122534751892,0.13369718194007874,0.8346109986305237,0.14888566732406616,0.813668429851532,0.14298221468925476,0.8290897011756897,0.16759562492370605,0.8196908831596375,0.1672196388244629,0.8529785871505737,0.2452397346496582,0.7952690720558167,0.24434036016464233,0.8600463271141052,0.35445255041122437,0.7801578044891357,0.35977157950401306,0.861175537109375,0.45460715889930725,0.7752152681350708,0.4755309224128723,0.8619411587715149,0.4823361039161682,0.7722066044807434,0.5054824352264404,0.8575971126556396,0.4781409502029419,0.7762962579727173,0.5044319033622742,0.8564804792404175,0.4662765860557556,0.7787825465202332,0.49578261375427246,0.8372728824615479,0.46737539768218994,0.8060832023620605,0.46066540479660034,0.8254109025001526,0.6278731226921082,0.802737832069397,0.6179643273353577,0.8168962001800537,0.7784765362739563,0.7941336035728455,0.7858887314796448,0.8111950159072876,0.8003537654876709,0.7926151156425476,0.8058806657791138,0.8239598870277405,0.835830807685852,0.7908046245574951,0.8341126441955566,0
0.8234795331954956,0.13952291011810303,0.8259981870651245,0.12746530771255493,0.8281710743904114,0.12775099277496338,0.8302009701728821,0.12848570942878723,0.8197913765907288,0.12867140769958496,0.817777693271637,0.12965986132621765,0.815732479095459,0.1307796835899353,0.8326963782310486,0.14166873693466187,0.8134406805038452,0.14271920919418335,0.8286263346672058,0.15714490413665771,0.8196936249732971,0.15936028957366943,0.853604257106781,0.237727552652359,0.7948974370956421,0.24510368704795837,0.8624394536018372,0.34641093015670776,0.7807459235191345,0.35802561044692993,0.8632106781005859,0.4510684311389923,0.7770758867263794,0.4629497528076172,0.8636035323143005,0.47991082072257996,0.7727188467979431,0.4948589503765106,0.8602410554885864,0.47582268714904785,0.778231680393219,0.4934147894382477,0.8589072823524475,0.4641017019748688,0.7798551917076111,0.48486602306365967,0.8387245535850525,0.4651748538017273,0.8071377873420715,0.462591290473938,0.8316633105278015,0.6379132866859436,0.8066896796226501,0.6292124390602112,0.8226445317268372,0.7794411182403564,0.8039408326148987,0.7966509461402893,0.8172191381454468,0.8012600541114807,0.8030543923377991,0.8188167810440063,0.8277599215507507,0.8331254720687866,0.802815318107605,0.8497720956802368,0
0.8234165906906128,0.13145166635513306,0.8265294432640076,0.11938923597335815,0.8287783265113831,0.11984503269195557,0.8309000134468079,0.12059727311134338,0.8197073936462402,0.11976927518844604,0.8176231980323792,0.12045857310295105,0.8156894445419312,0.12135270237922668,0.8335878252983093,0.13421344757080078,0.8134717345237732,0.1330133080482483,0.828888475894928,0.1508519947528839,0.8196886777877808,0.15276527404785156,0.854985773563385,0.23654499650001526,0.796349287033081,0.2430555820465088,0.8620447516441345,0.3469114303588867,0.7809006571769714,0.3546179533004761,0.8652509450912476,0.4547485411167145,0.778183102607727,0.4624800682067871,0.8658977746963501,0.4804549813270569,0.7741939425468445,0.494218111038208,0.8625386357307434,0.4759998321533203,0.7790665626525879,0.49207931756973267,0.8624650239944458,0.4667985141277313,0.7807158827781677,0.4823578894138336,0.8390436172485352,0.46303561329841614,0.8077386021614075,0.46105796098709106,0.833456814289093,0.6411707401275635,0.8084419965744019,0.6349682807922363,0.821664571762085,0.7853139638900757,0.8033627867698669,0.8107621669769287,0.81733238697052,0.8167157173156738,0.8000057339668274,0.8366625905036926,0.8311025500297546,0.8392771482467651,0.8055658936500549,0.8676153421401978,0
0.824957013130188,0.13441550731658936,0.8272584676742554,0.12217280268669128,0.8290318846702576,0.12314820289611816,0.8308182954788208,0.12443304061889648,0.821770966053009,0.12035688757896423,0.8198611736297607,0.12040922045707703,0.8179543018341064,0.12078920006752014,0.8318515419960022,0.13610941171646118,0.8146263957023621,0.13254719972610474,0.8292225003242493,0.15489351749420166,0.8216079473495483,0.1535741686820984,0.8532201051712036,0.23380175232887268,0.7967391610145569,0.2371443212032318,0.8623597621917725,0.33952969312667847,0.7812170386314392,0.3581553101539612,0.8639190196990967,0.44159555435180664,0.7766515612602234,0.46318700909614563,0.8656819462776184,0.466930627822876,0.771543562412262,0.4956144392490387,0.8614353537559509,0.4643573760986328,0.778407633304596,0.492907851934433,0.8598594665527344,0.4567902386188507,0.7805497646331787,0.4820711612701416,0.8406330347061157,0.45436906814575195,0.8117657899856567,0.45746859908103943,0.8299991488456726,0.6338790655136108,0.8145846724510193,0.6306630969047546,0.8171442151069641,0.7978281378746033,0.8082809448242188,0.8118581771850586,0.8120835423469543,0.8234081268310547,0.8036488890647888,0.8372362852096558,0.8282032608985901,0.8424541354179382,0.8139296770095825,0.8576606512069702,0
0.8204763531684875,0.13679155707359314,0.8239983320236206,0.12137556076049805,0.826156497001648,0.12196236848831177,0.8283808827400208,0.12298339605331421,0.8174869418144226,0.12093842029571533,0.8152419924736023,0.12128663063049316,0.8130318522453308,0.12177473306655884,0.8306514620780945,0.13364434242248535,0.8103891611099243,0.13215142488479614,0.8259382843971252,0.1567314863204956,0.8168492913246155,0.15525007247924805,0.8511438369750977,0.23023784160614014,0.794988751411438,0.23874783515930176,0.8617112636566162,0.3417532444000244,0.7810624837875366,0.35631588101387024,0.8649762868881226,0.4427098333835602,0.7788981199264526,0.46336495876312256,0.8682537078857422,0.4729357361793518,0.7758731245994568,0.4948660731315613,0.8632649779319763,0.4667431712150574,0.7797788381576538,0.49238693714141846,0.8597294092178345,0.46158671379089355,0.7826629877090454,0.4853765666484833,0.8404949903488159,0.46546125411987305,0.812544584274292,0.457960844039917,0.8261023163795471,0.6335232257843018,0.8163561820983887,0.6402603983879089,0.816524088382721,0.796657145023346,0.8132694959640503,0.8143528699874878,0.8097599148750305,0.8313500285148621,0.8084942102432251,0.8557285666465759,0.8132196068763733,0.853737473487854,0.8116726279258728,0.8696637153625488,0
0.8208415508270264,0.13101166486740112,0.8240350484848022,0.11536437273025513,0.8262830972671509,0.11589300632476807,0.8285974264144897,0.11670917272567749,0.8172539472579956,0.11560112237930298,0.8148641586303711,0.1162824034690857,0.8125206232070923,0.11719590425491333,0.8308290839195251,0.12771570682525635,0.8097651600837708,0.12921255826950073,0.8262642621994019,0.1496509313583374,0.8171035051345825,0.15057438611984253,0.8528605699539185,0.22806861996650696,0.7940294146537781,0.23960551619529724,0.8619984984397888,0.3465864956378937,0.7815707325935364,0.36330026388168335,0.8626749515533447,0.4588734805583954,0.778444230556488,0.46480992436408997,0.8668419718742371,0.48670268058776855,0.772318959236145,0.5009540319442749,0.8603869676589966,0.47786396741867065,0.7787929177284241,0.49708670377731323,0.8584292531013489,0.47349444031715393,0.7807872295379639,0.48923397064208984,0.8436329364776611,0.4810156226158142,0.8145444393157959,0.47808074951171875,0.828316867351532,0.6425415277481079,0.8179495930671692,0.6586768627166748,0.82477867603302,0.8096378445625305,0.8167914748191833,0.8166048526763916,0.8203085660934448,0.8421094417572021,0.8175552487373352,0.8447709083557129,0.8179770708084106,0.8685553073883057,0.8104468584060669,0.8765797019004822,0
0.0,0.0,0.0,0.0,0.0,0.0,0.0,0.0,0.0,0.0,0.0,0.0,0.0,0.0,0.0,0.0,0.0,0.0,0.0,0.0,0.0,0.0,0.0,0.0,0.0,0.0,0.0,0.0,0.0,0.0,0.0,0.0,0.0,0.0,0.0,0.0,0.0,0.0,0.0,0.0,0.0,0.0,0.0,0.0,0.0,0.0,0.0,0.0,0.0,0.0,0.0,0.0,0.0,0.0,0.0,0.0,0.0,0.0,0.0,0.0,0.0,0.0,0.0,0.0,0.0,0.0,0
0.0,0.0,0.0,0.0,0.0,0.0,0.0,0.0,0.0,0.0,0.0,0.0,0.0,0.0,0.0,0.0,0.0,0.0,0.0,0.0,0.0,0.0,0.0,0.0,0.0,0.0,0.0,0.0,0.0,0.0,0.0,0.0,0.0,0.0,0.0,0.0,0.0,0.0,0.0,0.0,0.0,0.0,0.0,0.0,0.0,0.0,0.0,0.0,0.0,0.0,0.0,0.0,0.0,0.0,0.0,0.0,0.0,0.0,0.0,0.0,0.0,0.0,0.0,0.0,0.0,0.0,0
0.8196335434913635,0.1173810362815857,0.8216863870620728,0.10356873273849487,0.8238029479980469,0.1036716103553772,0.826086163520813,0.10416871309280396,0.8156803250312805,0.10504382848739624,0.8137056231498718,0.10618573427200317,0.8117229342460632,0.10748851299285889,0.8285146355628967,0.11724841594696045,0.8101146221160889,0.12006855010986328,0.8252597451210022,0.14009559154510498,0.8176335096359253,0.14130133390426636,0.8519044518470764,0.2250971794128418,0.7961375713348389,0.2369861900806427,0.8552627563476562,0.3476168215274811,0.7822006940841675,0.36111968755722046,0.862985372543335,0.47223636507987976,0.7838122248649597,0.4780311584472656,0.866249680519104,0.4943833649158478,0.778754472732544,0.51393061876297,0.8606618642807007,0.49647414684295654,0.7842651605606079,0.5109716653823853,0.858853816986084,0.49184679985046387,0.786454975605011,0.5011381506919861,0.8451994061470032,0.4859835207462311,0.8163548707962036,0.48838070034980774,0.8322218656539917,0.6587945818901062,0.8207225203514099,0.6581762433052063,0.8286819458007812,0.8347406983375549,0.823484480381012,0.8413631916046143,0.8304034471511841,0.8626680970191956,0.8218380212783813,0.8676741123199463,0.8290797472000122,0.8880854845046997,0.8163242340087891,0.8879753351211548,0
0.813841700553894,0.11531847715377808,0.8176779747009277,0.10124778747558594,0.8201242685317993,0.1010095477104187,0.82249915599823,0.10101902484893799,0.8106696605682373,0.10361969470977783,0.808571994304657,0.10491442680358887,0.8064430356025696,0.10627281665802002,0.8257201313972473,0.11414587497711182,0.8055697083473206,0.11734598875045776,0.8210240006446838,0.13511663675308228,0.8119078874588013,0.137675940990448,0.8548563718795776,0.2152027189731598,0.7931551933288574,0.24097734689712524,0.8665928244590759,0.3244820237159729,0.7805877327919006,0.37458696961402893,0.8709738254547119,0.43419480323791504,0.7814517617225647,0.4886344075202942,0.8773059248924255,0.4714463949203491,0.7767534255981445,0.5354750752449036,0.872045636177063,0.4731041193008423,0.781164288520813,0.5349224805831909,0.8705019950866699,0.4548911452293396,0.7851359248161316,0.5142248868942261,0.8471458554267883,0.48373115062713623,0.8160767555236816,0.482899934053421,0.8319694399833679,0.6503207087516785,0.8193777799606323,0.6516242027282715,0.8307868242263794,0.8227027654647827,0.8246361613273621,0.8114893436431885,0.8305461406707764,0.8484073877334595,0.824661374092102,0.8354247808456421,0.8249778747558594,0.8851215839385986,0.8181781768798828,0.8775186538696289,0
0.8115297555923462,0.10722577571868896,0.8148850798606873,0.09304356575012207,0.8175274133682251,0.09234553575515747,0.8201808333396912,0.09192496538162231,0.8080682754516602,0.0971306562423706,0.8059605956077576,0.09911108016967773,0.8039391040802002,0.10112673044204712,0.8252235651016235,0.10730892419815063,0.8033588528633118,0.11668378114700317,0.8193835616111755,0.12457031011581421,0.8101217150688171,0.12860965728759766,0.8577364087104797,0.21182554960250854,0.7928721904754639,0.23888298869132996,0.8650187849998474,0.34949010610580444,0.7822522521018982,0.3651030957698822,0.8721489310264587,0.47539952397346497,0.7833054661750793,0.4983713626861572,0.8750240802764893,0.4998598098754883,0.7796518802642822,0.5310641527175903,0.8695274591445923,0.49428069591522217,0.7852374911308289,0.5278592109680176,0.8681605458259583,0.49087822437286377,0.7872303128242493,0.5189206600189209,0.8468673229217529,0.47632738947868347,0.8151528239250183,0.4773126542568207,0.8373047709465027,0.6550908088684082,0.8183667659759521,0.6620505452156067,0.8338838219642639,0.8260475397109985,0.8255435228347778,0.8161150813102722,0.834995687007904,0.8480792045593262,0.831331193447113,0.8455501198768616,0.8279222846031189,0.8800174593925476,0.8189517259597778,0.8870807886123657,0
0.8129293918609619,0.1064034104347229,0.8153108954429626,0.09173470735549927,0.8176077604293823,0.09087944030761719,0.8198598623275757,0.09025853872299194,0.8091893196105957,0.09538185596466064,0.8073644042015076,0.09722620248794556,0.8055750131607056,0.09910458326339722,0.8231099247932434,0.10577863454818726,0.8047764897346497,0.11470204591751099,0.8199739456176758,0.12498658895492554,0.81186443567276,0.12818199396133423,0.8547540307044983,0.20046645402908325,0.7935828566551208,0.23685583472251892,0.8654468059539795,0.33337700366973877,0.7843029499053955,0.36096256971359253,0.8736279606819153,0.47042739391326904,0.7861737012863159,0.4749307930469513,0.8770305514335632,0.48704129457473755,0.7835389971733093,0.5153570175170898,0.8735485672950745,0.4872845411300659,0.7865712642669678,0.5149818062782288,0.8725501894950867,0.4833088517189026,0.7895112037658691,0.5010466575622559,0.8468808531761169,0.4595208168029785,0.8170440793037415,0.45969897508621216,0.8409785628318787,0.6391929388046265,0.8243511319160461,0.6451321840286255,0.8322932720184326,0.8051460385322571,0.8265398144721985,0.8207520246505737,0.8284676671028137,0.8345568180084229,0.8270058631896973,0.8431982398033142,0.8325563669204712,0.853846549987793,0.8241320252418518,0.8795761466026306,0
0.0,0.0,0.0,0.0,0.0,0.0,0.0,0.0,0.0,0.0,0.0,0.0,0.0,0.0,0.0,0.0,0.0,0.0,0.0,0.0,0.0,0.0,0.0,0.0,0.0,0.0,0.0,0.0,0.0,0.0,0.0,0.0,0.0,0.0,0.0,0.0,0.0,0.0,0.0,0.0,0.0,0.0,0.0,0.0,0.0,0.0,0.0,0.0,0.0,0.0,0.0,0.0,0.0,0.0,0.0,0.0,0.0,0.0,0.0,0.0,0.0,0.0,0.0,0.0,0.0,0.0,0
0.8547056913375854,0.8073168992996216,0.8502525091171265,0.8061298131942749,0.8497676849365234,0.8035849332809448,0.8492665886878967,0.8007568717002869,0.8510321974754333,0.8129002451896667,0.8511648774147034,0.8148854374885559,0.8512731194496155,0.8173271417617798,0.8490092754364014,0.7905458211898804,0.8515190482139587,0.8158064484596252,0.857020378112793,0.7977370619773865,0.8580910563468933,0.8056758046150208,0.8679144382476807,0.7298986911773682,0.8642855286598206,0.826830267906189,0.8754780888557434,0.6894930005073547,0.8558740019798279,0.8474255800247192,0.8982918858528137,0.7154460549354553,0.8339343667030334,0.8591129183769226,0.9058708548545837,0.7145571112632751,0.8290532231330872,0.8632605671882629,0.905951976776123,0.7304814457893372,0.8277570605278015,0.863336443901062,0.9027284383773804,0.7326886057853699,0.8298895955085754,0.8612030744552612,0.9318658709526062,0.7425773739814758,0.9316024780273438,0.8056283593177795,0.9322465062141418,0.7776905298233032,0.9320145845413208,0.8240108489990234,0.9233723282814026,0.7816022634506226,0.9225792288780212,0.8181149363517761,0.9220244288444519,0.7854821681976318,0.9200038909912109,0.8183837532997131,0.9255997538566589,0.7802873253822327,0.9281890988349915,0.809688925743103,0
0.8577057123184204,0.7834101319313049,0.8555220365524292,0.7802264094352722,0.8553308844566345,0.7788493633270264,0.8551270365715027,0.777311384677887,0.8558352589607239,0.7843044996261597,0.8559002876281738,0.7855703234672546,0.8559566140174866,0.7871867418289185,0.8547834157943726,0.7725723385810852,0.8559356927871704,0.7880348563194275,0.8586504459381104,0.781395673751831,0.8589745163917542,0.7856318950653076,0.863580048084259,0.7478167414665222,0.8624656796455383,0.813216507434845,0.8638082146644592,0.7248101234436035,0.8561935424804688,0.8596554398536682,0.8686654567718506,0.7448855638504028,0.8401581048965454,0.875325620174408,0.8705739974975586,0.7445231080055237,0.8363155126571655,0.8798871040344238,0.8713208436965942,0.7544333338737488,0.835763692855835,0.8781793117523193,0.8702099323272705,0.7563929557800293,0.8373289108276367,0.8763659000396729,0.9095327854156494,0.7628667950630188,0.9099566340446472,0.8032161593437195,0.9001919031143188,0.8106003999710083,0.9015535712242126,0.8516148328781128,0.8736878633499146,0.8413467407226562,0.8792839646339417,0.8688748478889465,0.8727826476097107,0.8486469388008118,0.8784893155097961,0.8704405426979065,0.8607636094093323,0.8472816944122314,0.8683477640151978,0.8692765831947327,0
0.807563841342926,0.10842669010162354,0.8091403841972351,0.09013766050338745,0.8114795088768005,0.08830487728118896,0.8137189149856567,0.08667564392089844,0.8029977083206177,0.0962592363357544,0.8013548254966736,0.09859508275985718,0.7998194098472595,0.10080260038375854,0.8177511692047119,0.09731155633926392,0.7999430298805237,0.11646890640258789,0.8152433037757874,0.12547093629837036,0.8077167272567749,0.13143223524093628,0.8549168705940247,0.19097313284873962,0.7928469181060791,0.2373712658882141,0.866971492767334,0.30868756771087646,0.7836717963218689,0.38008832931518555,0.877021849155426,0.4477958083152771,0.7838214635848999,0.5040244460105896,0.8805254101753235,0.47240185737609863,0.7809768319129944,0.5367594361305237,0.8770986795425415,0.47230321168899536,0.7852890491485596,0.5370847582817078,0.8761000037193298,0.46369755268096924,0.787912130355835,0.5224313139915466,0.8556492924690247,0.46129730343818665,0.8209124803543091,0.4733283817768097,0.857515811920166,0.6412448287010193,0.8224982619285583,0.6574095487594604,0.846238374710083,0.7619308233261108,0.8284976482391357,0.8367958664894104,0.8410778045654297,0.7839844226837158,0.8303449749946594,0.8658419847488403,0.8573916554450989,0.8275507688522339,0.8194719552993774,0.8937848210334778,0
0.8530428409576416,0.8010298013687134,0.8536815047264099,0.7988439202308655,0.8536339402198792,0.7979224920272827,0.8535816669464111,0.7968937158584595,0.8541046380996704,0.800264298915863,0.8544379472732544,0.7998024821281433,0.854752242565155,0.7996336221694946,0.8547511100769043,0.7880969047546387,0.8563965559005737,0.7925697565078735,0.8531301021575928,0.7964965105056763,0.8535669445991516,0.7973023653030396,0.8592703342437744,0.766234815120697,0.8611891269683838,0.7940601110458374,0.8445969223976135,0.7204428315162659,0.8516007661819458,0.8117976784706116,0.8390054106712341,0.7305831909179688,0.8452686071395874,0.8075960874557495,0.8385444283485413,0.7313739657402039,0.8452902436256409,0.8069642186164856,0.8400831818580627,0.7365907430648804,0.8458558320999146,0.8042446374893188,0.8402324318885803,0.7364740967750549,0.8458381295204163,0.8048377633094788,0.8978927135467529,0.778257429599762,0.8986790776252747,0.7985841631889343,0.8777784109115601,0.8538022637367249,0.8726428151130676,0.8658640384674072,0.8457784056663513,0.8524498343467712,0.8427830934524536,0.8642390370368958,0.8439189791679382,0.8539931774139404,0.8418056964874268,0.8615867495536804,0.8287782669067383,0.8403979539871216,0.8273340463638306,0.8515810370445251,0
0.0,0.0,0.0,0.0,0.0,0.0,0.0,0.0,0.0,0.0,0.0,0.0,0.0,0.0,0.0,0.0,0.0,0.0,0.0,0.0,0.0,0.0,0.0,0.0,0.0,0.0,0.0,0.0,0.0,0.0,0.0,0.0,0.0,0.0,0.0,0.0,0.0,0.0,0.0,0.0,0.0,0.0,0.0,0.0,0.0,0.0,0.0,0.0,0.0,0.0,0.0,0.0,0.0,0.0,0.0,0.0,0.0,0.0,0.0,0.0,0.0,0.0,0.0,0.0,0.0,0.0,0
0.0,0.0,0.0,0.0,0.0,0.0,0.0,0.0,0.0,0.0,0.0,0.0,0.0,0.0,0.0,0.0,0.0,0.0,0.0,0.0,0.0,0.0,0.0,0.0,0.0,0.0,0.0,0.0,0.0,0.0,0.0,0.0,0.0,0.0,0.0,0.0,0.0,0.0,0.0,0.0,0.0,0.0,0.0,0.0,0.0,0.0,0.0,0.0,0.0,0.0,0.0,0.0,0.0,0.0,0.0,0.0,0.0,0.0,0.0,0.0,0.0,0.0,0.0,0.0,0.0,0.0,0
0.8524712920188904,0.7823135852813721,0.8495415449142456,0.8028706908226013,0.8470703959465027,0.8042085766792297,0.8445576429367065,0.805579423904419,0.8559532165527344,0.8007173538208008,0.857901930809021,0.8003361225128174,0.8600554466247559,0.79991614818573,0.8387547731399536,0.8039589524269104,0.8603236079216003,0.7967852354049683,0.8460748791694641,0.7693806290626526,0.853929340839386,0.7663094997406006,0.8126142621040344,0.7254840135574341,0.8673489093780518,0.7381676435470581,0.8030643463134766,0.6666947603225708,0.8798568248748779,0.8290621042251587,0.8170008063316345,0.6203567385673523,0.8653420209884644,0.870614767074585,0.8181769251823425,0.6053180694580078,0.8625563383102417,0.8814272880554199,0.8231491446495056,0.6048617362976074,0.8598846197128296,0.8745958805084229,0.8239815831184387,0.6097890138626099,0.8595786094665527,0.8681515455245972,0.8125677108764648,0.5015867352485657,0.8470817804336548,0.49430158734321594,0.802156388759613,0.3307993412017822,0.8430471420288086,0.3300812542438507,0.8221800923347473,0.18992739915847778,0.8140391111373901,0.16175946593284607,0.8234597444534302,0.1958220899105072,0.8030627369880676,0.13789278268814087,0.8172778487205505,0.1380106508731842,0.8047142028808594,0.07380655407905579,0
0.8055416345596313,0.10300552845001221,0.8049428462982178,0.08611544966697693,0.8067988157272339,0.08372288942337036,0.8088458180427551,0.08150029182434082,0.7996484041213989,0.09338954091072083,0.7979932427406311,0.09604817628860474,0.7963650822639465,0.09885010123252869,0.8133939504623413,0.08830156922340393,0.796548068523407,0.11071804165840149,0.8129777908325195,0.11518275737762451,0.8064289093017578,0.12552231550216675,0.8565803170204163,0.16766032576560974,0.7921580076217651,0.2275293469429016,0.8810950517654419,0.2608887553215027,0.7838565111160278,0.3538880944252014,0.8886798620223999,0.40931713581085205,0.7839338779449463,0.48053550720214844,0.8909935355186462,0.44298404455184937,0.7817412614822388,0.5155821442604065,0.8850618600845337,0.4453294575214386,0.7871485352516174,0.5137919187545776,0.8830893039703369,0.42991429567337036,0.7887176275253296,0.5000550150871277,0.8580374121665955,0.4340016543865204,0.8219050168991089,0.4468390941619873,0.8607155084609985,0.6405401229858398,0.8254188895225525,0.6559333205223083,0.8664944767951965,0.8361973762512207,0.8370159864425659,0.8504652380943298,0.8644272685050964,0.8645737767219543,0.8420758247375488,0.8735904693603516,0.8668262362480164,0.919090747833252,0.8284553289413452,0.9155225157737732,0
0.8013105392456055,0.11803191900253296,0.8012247681617737,0.09947013854980469,0.8030989170074463,0.09666633605957031,0.8048517107963562,0.09422791004180908,0.7970214486122131,0.10637295246124268,0.7955163717269897,0.10869574546813965,0.7943307757377625,0.11079546809196472,0.8098114728927612,0.09617096185684204,0.7953243255615234,0.11760708689689636,0.8089858889579773,0.1270563006401062,0.8033552765846252,0.1354096531867981,0.8552289009094238,0.16360151767730713,0.793018102645874,0.2268114984035492,0.8790205121040344,0.2846168279647827,0.7852080464363098,0.3678396940231323,0.889713704586029,0.4124736189842224,0.78342205286026,0.4937785863876343,0.8928585648536682,0.44509148597717285,0.7788524627685547,0.5266796350479126,0.8879634141921997,0.44889217615127563,0.7844951748847961,0.5233587026596069,0.8832398056983948,0.44224119186401367,0.7870957255363464,0.5085344314575195,0.8564669489860535,0.42756080627441406,0.8280898332595825,0.44242408871650696,0.8578745126724243,0.6451352834701538,0.8277892470359802,0.6486557722091675,0.8734980821609497,0.8640297651290894,0.8363492488861084,0.8408207297325134,0.8727334141731262,0.8900960087776184,0.8441478610038757,0.8690386414527893,0.8729231953620911,0.941863477230072,0.8198999166488647,0.9035181999206543,0
0.7986818552017212,0.1183842122554779,0.7979867458343506,0.09614431858062744,0.7998494505882263,0.09262695908546448,0.801954984664917,0.0892101526260376,0.7937525510787964,0.10434138774871826,0.7926611304283142,0.10648643970489502,0.7915607690811157,0.1093207597732544,0.8095337748527527,0.09030219912528992,0.7935619354248047,0.11425477266311646,0.8067760467529297,0.1252322494983673,0.8006516098976135,0.1373807191848755,0.8568822741508484,0.15371137857437134,0.7945165634155273,0.2265397012233734,0.8845952749252319,0.27965083718299866,0.786948561668396,0.36365246772766113,0.8905504941940308,0.41563060879707336,0.7831066250801086,0.4764389097690582,0.8953671455383301,0.4564812481403351,0.7772998213768005,0.5169762372970581,0.8887146711349487,0.460355669260025,0.7813563942909241,0.5170279741287231,0.8862243890762329,0.450288325548172,0.7855512499809265,0.504242479801178,0.8578522801399231,0.4374218285083771,0.8251981735229492,0.4496772885322571,0.8602951765060425,0.6514019966125488,0.8273677229881287,0.6438043117523193,0.8727657198905945,0.8674489259719849,0.8356526494026184,0.8449519872665405,0.8702629804611206,0.8905280828475952,0.8445879220962524,0.8657341003417969,0.8637964129447937,0.9389239549636841,0.8164737224578857,0.903942346572876,0
0.7973920106887817,0.13523462414741516,0.7971670031547546,0.11276164650917053,0.7992715835571289,0.10874643921852112,0.8013867735862732,0.10463157296180725,0.7924080491065979,0.1206304132938385,0.7910465598106384,0.12231487035751343,0.7899733185768127,0.1240893304347992,0.8090651631355286,0.09973224997520447,0.7929936647415161,0.12509667873382568,0.8059357404708862,0.13922294974327087,0.7993247509002686,0.1490156352519989,0.8587733507156372,0.15345022082328796,0.7949613928794861,0.23132623732089996,0.8841494917869568,0.2854568362236023,0.7899336814880371,0.36603236198425293,0.8888593912124634,0.4216550588607788,0.7834503650665283,0.4780047833919525,0.8936346173286438,0.46138355135917664,0.7777031064033508,0.5205479860305786,0.8868461847305298,0.46521031856536865,0.7803842425346375,0.5210716724395752,0.8837561011314392,0.4522966742515564,0.7845609188079834,0.5045904517173767,0.8592717051506042,0.43002668023109436,0.8269481062889099,0.4434780478477478,0.8604951500892639,0.6471906900405884,0.8290711045265198,0.6450855731964111,0.8726717233657837,0.8547850847244263,0.8364173173904419,0.844818115234375,0.8691152334213257,0.8852841854095459,0.8449862599372864,0.8648515343666077,0.8628662824630737,0.9303467273712158,0.8191803693771362,0.905810534954071,0
0.7968488931655884,0.13653847575187683,0.7961450815200806,0.1129545271396637,0.798486590385437,0.10911864042282104,0.800719678401947,0.1051110029220581,0.7911490201950073,0.12250816822052002,0.7897825241088867,0.12425786256790161,0.7884678244590759,0.12585392594337463,0.8083840012550354,0.10162615776062012,0.7912096381187439,0.12858226895332336,0.8051865100860596,0.13946950435638428,0.7983303666114807,0.15172654390335083,0.8568433523178101,0.1485549807548523,0.7926187515258789,0.23808960616588593,0.886307954788208,0.26235365867614746,0.7894722819328308,0.36823901534080505,0.8894044160842896,0.4238471984863281,0.7832592725753784,0.4858321249485016,0.8942278027534485,0.4594922959804535,0.7787650227546692,0.515862226486206,0.8879506587982178,0.4625895917415619,0.7813706994056702,0.5148595571517944,0.8827162384986877,0.4499289393424988,0.7846638560295105,0.5063038468360901,0.8619493246078491,0.4327392280101776,0.8256649971008301,0.444536030292511,0.8614858984947205,0.6443614363670349,0.8272810578346252,0.6465398669242859,0.8766056895256042,0.8603438138961792,0.835583508014679,0.8421063423156738,0.8743416666984558,0.8847783207893372,0.8425442576408386,0.8633810877799988,0.8685510754585266,0.9387069344520569,0.8155105113983154,0.9074469804763794,0
0.7942759394645691,0.13996374607086182,0.7929668426513672,0.11505308747291565,0.7948786616325378,0.1104317307472229,0.7966907024383545,0.10559695959091187,0.7893626093864441,0.12619775533676147,0.788296103477478,0.12839829921722412,0.787368893623352,0.13023588061332703,0.8041560053825378,0.10035404562950134,0.7911271452903748,0.13170373439788818,0.8026964068412781,0.1414811611175537,0.7971364855766296,0.15467730164527893,0.8564421534538269,0.147102952003479,0.7964121699333191,0.23531074821949005,0.8878412842750549,0.26353105902671814,0.7932957410812378,0.37218284606933594,0.8919541835784912,0.42194440960884094,0.7858454585075378,0.48459136486053467,0.89573734998703,0.4619254469871521,0.7809890508651733,0.5150812268257141,0.8890487551689148,0.4645388722419739,0.7836968302726746,0.5172693729400635,0.8845609426498413,0.45286306738853455,0.7868366837501526,0.5039148330688477,0.864453136920929,0.4357725977897644,0.8289600610733032,0.44786009192466736,0.8627220988273621,0.6500062942504883,0.8291148543357849,0.6499125957489014,0.879121720790863,0.8645117282867432,0.8387001752853394,0.84514319896698,0.8781336545944214,0.8882507085800171,0.8464130759239197,0.8739187717437744,0.8694584369659424,0.9338321089744568,0.8171634078025818,0.9063436388969421,0
0.7931480407714844,0.14959678053855896,0.7902066111564636,0.1268807053565979,0.7915847897529602,0.11896324157714844,0.793098509311676,0.11364758014678955,0.7876783609390259,0.13622920215129852,0.7872174978256226,0.13790380954742432,0.7866793870925903,0.13925254344940186,0.8025542497634888,0.10285648703575134,0.7915498614311218,0.13618774712085724,0.8017392754554749,0.1521156281232834,0.7973701357841492,0.16225530207157135,0.8566191792488098,0.14411376416683197,0.7994244694709778,0.23288775980472565,0.8889148831367493,0.25481343269348145,0.7973111867904663,0.37084832787513733,0.899656355381012,0.3945956528186798,0.7885681986808777,0.48501989245414734,0.9063631296157837,0.4305901527404785,0.7834810614585876,0.5195333957672119,0.9007625579833984,0.4351297616958618,0.7864012718200684,0.5197637677192688,0.8909881114959717,0.41877081990242004,0.7881746292114258,0.5086387991905212,0.8673237562179565,0.42908135056495667,0.8335527181625366,0.44798651337623596,0.8613088726997375,0.6364398002624512,0.8297350406646729,0.6402221918106079,0.876883327960968,0.8370360136032104,0.8371362090110779,0.8386296033859253,0.8787890672683716,0.8594104051589966,0.8467425107955933,0.8642033934593201,0.8689802289009094,0.9041904807090759,0.8147835731506348,0.8898409008979797,0
0.79198157787323,0.1547180414199829,0.7898815274238586,0.13192987442016602,0.79160076379776,0.126397043466568,0.7936351895332336,0.11923825740814209,0.7869212031364441,0.14376425743103027,0.7863045930862427,0.1457025408744812,0.78553706407547,0.14771348237991333,0.8021615147590637,0.10410314798355103,0.7903451323509216,0.14404064416885376,0.802498996257782,0.15172794461250305,0.796829879283905,0.1649874895811081,0.8564506769180298,0.1435023844242096,0.8012698888778687,0.23575545847415924,0.890052318572998,0.2532859742641449,0.8005843758583069,0.3754272758960724,0.899408221244812,0.3989655077457428,0.7919725179672241,0.4863196015357971,0.905816376209259,0.43660008907318115,0.7866010665893555,0.519497811794281,0.8997107744216919,0.44176185131073,0.7889044880867004,0.5201596021652222,0.888257622718811,0.42534175515174866,0.7916850447654724,0.5072104930877686,0.8693946003913879,0.43440675735473633,0.835020899772644,0.4506153166294098,0.8653665781021118,0.6482378244400024,0.8291491270065308,0.648537278175354,0.8780128955841064,0.8698198199272156,0.8385306000709534,0.8400657773017883,0.8792600631713867,0.8890724182128906,0.84885174036026,0.8697567582130432,0.868389904499054,0.9389804601669312,0.8175655603408813,0.9033350944519043,0
0.7939049005508423,0.1671823412179947,0.7914345264434814,0.1447828710079193,0.7928835153579712,0.1376703381538391,0.7945775985717773,0.12778806686401367,0.7886900901794434,0.15626251697540283,0.7881937623023987,0.15823161602020264,0.7878438234329224,0.16127538681030273,0.8024248480796814,0.11072331666946411,0.7919455170631409,0.15455761551856995,0.8038499355316162,0.16496920585632324,0.7984566688537598,0.1768331229686737,0.8582507967948914,0.14315921068191528,0.804306149482727,0.238187775015831,0.8911362290382385,0.24643614888191223,0.8027499318122864,0.37644296884536743,0.8918403387069702,0.4006771743297577,0.7950328588485718,0.49141934514045715,0.9038527011871338,0.4386914372444153,0.7885755300521851,0.5270775556564331,0.8872836828231812,0.4456210136413574,0.792216420173645,0.5258958339691162,0.885827898979187,0.4321855902671814,0.7952489852905273,0.5122264623641968,0.8708486557006836,0.4358230233192444,0.8374829888343811,0.45285922288894653,0.8648311495780945,0.6505309343338013,0.8305187225341797,0.6474061012268066,0.8808618187904358,0.8805080652236938,0.8374015092849731,0.8443359136581421,0.8796901702880859,0.8995210528373718,0.8466496467590332,0.8686390519142151,0.8642417788505554,0.9394031763076782,0.815105140209198,0.9057601690292358,0
0.8475451469421387,0.575568437576294,0.848014235496521,0.5965255498886108,0.8487531542778015,0.5975139141082764,0.8493735790252686,0.5984401106834412,0.8454753160476685,0.5943709015846252,0.8442273736000061,0.5935423970222473,0.8432499766349792,0.5928096771240234,0.8491472601890564,0.5893815159797668,0.8394055962562561,0.5822909474372864,0.8490866422653198,0.560081958770752,0.84540855884552,0.5570077896118164,0.8435823321342468,0.4993191361427307,0.8441396355628967,0.4958646297454834,0.8497647047042847,0.5336257815361023,0.8487088680267334,0.5300418138504028,0.8527506589889526,0.6533735990524292,0.8498244285583496,0.6280829310417175,0.8530044555664062,0.6847736835479736,0.8483641147613525,0.6530100703239441,0.8480236530303955,0.6797178387641907,0.8506075739860535,0.6484176516532898,0.8485702276229858,0.669306755065918,0.8515470623970032,0.642094612121582,0.851344108581543,0.19398438930511475,0.8520775437355042,0.18774110078811646,0.8429052829742432,0.5325908660888672,0.8358213901519775,0.5156988501548767,0.856197714805603,0.877345860004425,0.8419240713119507,0.8703030347824097,0.8653087019920349,0.9078109860420227,0.8487970232963562,0.907288134098053,0.8423845767974854,1.024826169013977,0.8256666660308838,1.0255370140075684,0
0.84403395652771,0.5418671369552612,0.8461437225341797,0.5594233870506287,0.8478422164916992,0.5591328144073486,0.8494486212730408,0.5587670803070068,0.8412041068077087,0.5605573654174805,0.8390666246414185,0.5607520341873169,0.8372031450271606,0.5609844923019409,0.8519216179847717,0.5436508059501648,0.8325819373130798,0.546989381313324,0.8469496965408325,0.5244767069816589,0.8406215310096741,0.5250214338302612,0.854345977306366,0.458171546459198,0.8276050090789795,0.47897595167160034,0.8555909991264343,0.5763303637504578,0.8244103193283081,0.6191107630729675,0.8525758981704712,0.7686097025871277,0.8273880481719971,0.8006194233894348,0.8542253375053406,0.8092374205589294,0.8234661817550659,0.8406779170036316,0.846782386302948,0.8239090442657471,0.8298580050468445,0.8396709561347961,0.8442065119743347,0.7947306036949158,0.8326497077941895,0.8282777070999146,0.860018253326416,0.18481886386871338,0.8403915166854858,0.1805504560470581,0.8637139797210693,0.5436721444129944,0.8362193703651428,0.527604877948761,0.8722032308578491,0.8796279430389404,0.8409061431884766,0.8622583746910095,0.8671742677688599,0.9134412407875061,0.8430843353271484,0.8964251279830933,0.8670576810836792,0.992594838142395,0.8341927528381348,1.0099838972091675,0
0.7953205704689026,0.1987553983926773,0.7899845838546753,0.17781685292720795,0.7908338904380798,0.1719878911972046,0.7913302779197693,0.16406789422035217,0.788476824760437,0.18615491688251495,0.7882435321807861,0.18732306361198425,0.7878843545913696,0.18821340799331665,0.8000831007957458,0.1363910287618637,0.7920899391174316,0.17992821335792542,0.8048712015151978,0.19582529366016388,0.8003249764442444,0.20474135875701904,0.8555715680122375,0.1451207995414734,0.8089343905448914,0.2552233338356018,0.8933491110801697,0.2574654221534729,0.8155041337013245,0.39383116364479065,0.8993244767189026,0.38134777545928955,0.8065548539161682,0.5079656839370728,0.904136061668396,0.41245225071907043,0.8036677241325378,0.5423033833503723,0.8977970480918884,0.4225996136665344,0.8053126931190491,0.543470025062561,0.8947747945785522,0.4145473837852478,0.8081357479095459,0.5316181182861328,0.8860888481140137,0.415993869304657,0.8525695204734802,0.44675037264823914,0.8843138813972473,0.620131254196167,0.8365383744239807,0.6362568140029907,0.8830723166465759,0.8255431652069092,0.8359795212745667,0.8402114510536194,0.8845354318618774,0.8408482074737549,0.8461092710494995,0.8688663244247437,0.8713634610176086,0.9011528491973877,0.8117283582687378,0.8996157646179199,0
0.8568748831748962,0.5352582931518555,0.85728520154953,0.5485841035842896,0.8582319617271423,0.5480386018753052,0.85908442735672,0.5474331378936768,0.8549305200576782,0.5488702654838562,0.8539448380470276,0.5482511520385742,0.8532342910766602,0.5476495027542114,0.8617590665817261,0.5285572409629822,0.8518421053886414,0.5292365550994873,0.8595418930053711,0.5181611776351929,0.8563269972801208,0.517915666103363,0.8604841828346252,0.44444572925567627,0.8662711977958679,0.4727342128753662,0.8514634966850281,0.6162808537483215,0.8492336869239807,0.611734926700592,0.8407083749771118,0.7834299802780151,0.8369654417037964,0.7983365058898926,0.8375818133354187,0.8249136805534363,0.8296694159507751,0.8356689214706421,0.8315669894218445,0.8195112943649292,0.8346738815307617,0.8363626599311829,0.8332574367523193,0.8064945936203003,0.8379030823707581,0.8261568546295166,0.8601234555244446,0.17740358412265778,0.8599751591682434,0.1790003925561905,0.8497374057769775,0.5221463441848755,0.8448591828346252,0.5143818855285645,0.8479831218719482,0.8497742414474487,0.846942663192749,0.8505321145057678,0.8484102487564087,0.8929632902145386,0.8507328033447266,0.8876000642776489,0.839860737323761,0.952921986579895,0.8387244343757629,0.9521727561950684,0
0.8718981742858887,0.5734068751335144,0.8718582987785339,0.5892230868339539,0.8723912835121155,0.5883694291114807,0.872803270816803,0.5874980688095093,0.8699461817741394,0.591106653213501,0.8689402341842651,0.5914090275764465,0.8681703805923462,0.5917435884475708,0.8725804090499878,0.5730942487716675,0.8645946383476257,0.5789105892181396,0.8739748597145081,0.5524877905845642,0.8713123202323914,0.5544683933258057,0.8680164813995361,0.45815104246139526,0.8792051076889038,0.4864434599876404,0.8617736101150513,0.3840448558330536,0.8695995807647705,0.36706307530403137,0.8502755165100098,0.39529597759246826,0.8656566739082336,0.2707706689834595,0.8459491729736328,0.40691712498664856,0.8660892248153687,0.25057846307754517,0.8427332043647766,0.4024852514266968,0.8645272850990295,0.23722410202026367,0.8454833030700684,0.3978886604309082,0.86402827501297,0.2447085827589035,0.8596022725105286,0.21035392582416534,0.8648892045021057,0.20756098628044128,0.8282689452171326,0.49267011880874634,0.8381931185722351,0.5053088068962097,0.8331786394119263,0.8571648597717285,0.8557643294334412,0.8591629266738892,0.8398012518882751,0.8936092257499695,0.8677545189857483,0.8912546634674072,0.8096296787261963,1.0113307237625122,0.8391159772872925,1.0170434713363647,0
0.7912335395812988,0.2269279509782791,0.7876089811325073,0.20721733570098877,0.7891327738761902,0.20061668753623962,0.7898836731910706,0.18761476874351501,0.7860550284385681,0.21366888284683228,0.7862063646316528,0.21358048915863037,0.7861635088920593,0.2134813815355301,0.7999794483184814,0.15971770882606506,0.7932252287864685,0.19505968689918518,0.8017694354057312,0.2209085375070572,0.798694372177124,0.23094329237937927,0.8540868759155273,0.15093088150024414,0.8168274164199829,0.2686372399330139,0.8932620882987976,0.2777126431465149,0.8287575244903564,0.40400099754333496,0.887854278087616,0.4445255398750305,0.8251424431800842,0.5331591963768005,0.8907110691070557,0.4827457666397095,0.8208224773406982,0.5700241923332214,0.8838225603103638,0.48807036876678467,0.8227802515029907,0.5674808025360107,0.8811423182487488,0.4750097692012787,0.8259851336479187,0.5545287132263184,0.8963844776153564,0.42678380012512207,0.8635544776916504,0.44721004366874695,0.8726938366889954,0.639629602432251,0.8416685461997986,0.6311658024787903,0.8832769393920898,0.864895761013031,0.8434436917304993,0.8625887632369995,0.8914950489997864,0.894343376159668,0.8570910096168518,0.8761945962905884,0.8625555634498596,0.9608129262924194,0.8153825402259827,0.9325413703918457,0
0.8723766803741455,0.5529413223266602,0.8718045353889465,0.5669225454330444,0.8725602626800537,0.5658940672874451,0.8731985092163086,0.5648062229156494,0.8697371482849121,0.5691189765930176,0.8688105940818787,0.5693812370300293,0.8680800795555115,0.5697113871574402,0.8761271238327026,0.5489518046379089,0.8666710257530212,0.5548750162124634,0.8769652843475342,0.533390998840332,0.8741142749786377,0.5358845591545105,0.8820648789405823,0.43734923005104065,0.8790318369865417,0.443766325712204,0.8766069412231445,0.3422206938266754,0.876345694065094,0.31689074635505676,0.8689863085746765,0.3278467357158661,0.8649152517318726,0.2251581847667694,0.8660953640937805,0.3319843113422394,0.8623120784759521,0.20205771923065186,0.8634648323059082,0.32892102003097534,0.8620499968528748,0.19430144131183624,0.8659735321998596,0.32748425006866455,0.8625429272651672,0.20437957346439362,0.8864407539367676,0.2291325330734253,0.8833313584327698,0.22388726472854614,0.8600466847419739,0.4824935793876648,0.8462333083152771,0.5098031163215637,0.8673551082611084,0.8359243869781494,0.8505468964576721,0.8476107716560364,0.871661365032196,0.880496621131897,0.861926794052124,0.8876484036445618,0.8494421243667603,0.9622568488121033,0.8297547101974487,0.9744929671287537,0
0.7955619692802429,0.2575955092906952,0.7895227670669556,0.2372938096523285,0.7902921438217163,0.23339077830314636,0.7918349504470825,0.22782492637634277,0.7895468473434448,0.24448497593402863,0.7886361479759216,0.24434293806552887,0.788817822933197,0.2435266375541687,0.79857337474823,0.192356139421463,0.7964601516723633,0.21983379125595093,0.8051162958145142,0.2475961297750473,0.8034347295761108,0.25629425048828125,0.8503939509391785,0.17057457566261292,0.8234772682189941,0.2704198360443115,0.8945702910423279,0.2900362014770508,0.8355671167373657,0.40853431820869446,0.8910006284713745,0.4521713852882385,0.8327815532684326,0.5438448190689087,0.891678512096405,0.49105265736579895,0.8301143050193787,0.5849990248680115,0.8842564821243286,0.49482089281082153,0.8297133445739746,0.5789859294891357,0.8817590475082397,0.48288899660110474,0.831876814365387,0.5699836015701294,0.9000281095504761,0.4424942135810852,0.8755947351455688,0.46437472105026245,0.8593859076499939,0.6422728300094604,0.8454139828681946,0.6430133581161499,0.8694322109222412,0.8695704936981201,0.8619601726531982,0.8476028442382812,0.8745342493057251,0.9032195210456848,0.8724262714385986,0.8723105192184448,0.8413936495780945,0.9527280330657959,0.8352329730987549,0.9317877292633057,0
0.7983579635620117,0.2672049403190613,0.7923144102096558,0.2504485547542572,0.7927037477493286,0.24552538990974426,0.7930590510368347,0.23973342776298523,0.791425347328186,0.25713691115379333,0.7913022041320801,0.257226824760437,0.7911418080329895,0.25698208808898926,0.7987928986549377,0.2055732011795044,0.7953095436096191,0.2383435070514679,0.8079375624656677,0.257012277841568,0.8057218194007874,0.26621729135513306,0.8472929000854492,0.18567177653312683,0.8229685425758362,0.27884602546691895,0.8935588598251343,0.3180713951587677,0.8447504043579102,0.3873271048069,0.8874106407165527,0.4657912254333496,0.8417745232582092,0.48619118332862854,0.8898425698280334,0.5083848237991333,0.8399373292922974,0.5330348014831543,0.881740927696228,0.5080170631408691,0.8372645974159241,0.5273717045783997,0.8804062604904175,0.5039522051811218,0.8406901359558105,0.5014862418174744,0.9070274829864502,0.38679617643356323,0.8851028680801392,0.42266061902046204,0.8744092583656311,0.6016491055488586,0.848079264163971,0.6280914545059204,0.8872085809707642,0.868362307548523,0.8671636581420898,0.8471215963363647,0.8982130885124207,0.8950668573379517,0.8785232305526733,0.8756988644599915,0.8626626133918762,0.9816306829452515,0.8480299115180969,0.9367783069610596,0
0.79655921459198,0.28324800729751587,0.7900713682174683,0.26747867465019226,0.7908446788787842,0.2610499858856201,0.7914537191390991,0.2544327974319458,0.7893886566162109,0.2734065055847168,0.789444625377655,0.27300357818603516,0.7895297408103943,0.27219852805137634,0.7982586622238159,0.21532928943634033,0.7950761914253235,0.24822449684143066,0.8055070638656616,0.26892444491386414,0.8042802810668945,0.2774418592453003,0.8470041751861572,0.19051754474639893,0.8236190676689148,0.29107099771499634,0.8949740529060364,0.3117578327655792,0.8437070846557617,0.41210922598838806,0.8918583393096924,0.46981868147850037,0.8430643081665039,0.5479072332382202,0.8943199515342712,0.5034328699111938,0.8477528095245361,0.5777316689491272,0.8866183161735535,0.5129187107086182,0.8466029763221741,0.5787670612335205,0.8850842714309692,0.500755250453949,0.8481217622756958,0.5627321004867554,0.9119552373886108,0.40600651502609253,0.8925831317901611,0.44399067759513855,0.8672957420349121,0.6226998567581177,0.8517724871635437,0.6389949321746826,0.8850821256637573,0.8765339255332947,0.8667331337928772,0.8655312061309814,0.8976342082023621,0.8972843885421753,0.8834195137023926,0.9030106067657471,0.8622653484344482,0.991978645324707,0.852789580821991,0.9701956510543823,0
0.8023598194122314,0.30156010389328003,0.7943111062049866,0.2842358350753784,0.7946512699127197,0.2785273790359497,0.7949355840682983,0.27192968130111694,0.793632447719574,0.29119783639907837,0.7932066321372986,0.2907750904560089,0.7925809621810913,0.2895277142524719,0.7997554540634155,0.23061461746692657,0.7950976490974426,0.26627323031425476,0.8109350204467773,0.2895703911781311,0.8090554475784302,0.2980652451515198,0.8488824963569641,0.19693219661712646,0.8234299421310425,0.2962164282798767,0.8946647047996521,0.31670475006103516,0.8435465097427368,0.43622857332229614,0.8907058835029602,0.49547743797302246,0.8412407040596008,0.6072005033493042,0.8947058320045471,0.5270246863365173,0.8431721925735474,0.6592495441436768,0.8879403471946716,0.5313628315925598,0.842272937297821,0.6597859263420105,0.8843362331390381,0.5234431028366089,0.8426129817962646,0.6366950273513794,0.9190479516983032,0.42223331332206726,0.9011058807373047,0.4554169774055481,0.8670380711555481,0.6186570525169373,0.8538857102394104,0.6454646587371826,0.8967308402061462,0.9167681932449341,0.8789321184158325,0.9027887582778931,0.9142317771911621,0.944031298160553,0.8969177007675171,0.948576807975769,0.8746089935302734,1.0488930940628052,0.8593417406082153,0.9906773567199707,0
0.8026759624481201,0.31143131852149963,0.7958390116691589,0.29699987173080444,0.7963253855705261,0.2907993793487549,0.7960448861122131,0.28261858224868774,0.7949020266532898,0.3029424548149109,0.7946232557296753,0.30228307843208313,0.7943462133407593,0.30112022161483765,0.8007556200027466,0.23928111791610718,0.796465277671814,0.27569693326950073,0.8123722672462463,0.29566043615341187,0.8098195791244507,0.3045031428337097,0.8482173085212708,0.20487546920776367,0.8249490261077881,0.3035869598388672,0.8931487798690796,0.3317136764526367,0.8476388454437256,0.451360285282135,0.8897438049316406,0.5253793001174927,0.8478369116783142,0.6040055751800537,0.8914368748664856,0.554118275642395,0.8493621945381165,0.6621515154838562,0.8854470252990723,0.5629417896270752,0.8467927575111389,0.6546384692192078,0.8817114233970642,0.5526410937309265,0.8496173024177551,0.6357318758964539,0.9226056337356567,0.41724056005477905,0.9004923105239868,0.4432676136493683,0.871871829032898,0.6375030279159546,0.8565630316734314,0.6457419991493225,0.8895719647407532,0.8990204930305481,0.8812374472618103,0.9022595882415771,0.9033496379852295,0.930826723575592,0.8947088122367859,0.9342061281204224,0.8532642126083374,0.9886753559112549,0.8524056077003479,0.9692261219024658,0
0.8032165765762329,0.3252064287662506,0.797680139541626,0.310386598110199,0.7982916831970215,0.30494028329849243,0.7988469004631042,0.2980600595474243,0.7963966727256775,0.31709712743759155,0.7960470914840698,0.316193550825119,0.7957251667976379,0.3146889805793762,0.801865816116333,0.25732120871543884,0.7980046272277832,0.2883448004722595,0.812237560749054,0.3095312714576721,0.8097699880599976,0.31795355677604675,0.8479154109954834,0.22579051554203033,0.8263725638389587,0.308199018239975,0.8999688029289246,0.35876765847206116,0.847413957118988,0.4568517506122589,0.8973103165626526,0.5461550354957581,0.84574294090271,0.6251199245452881,0.9039462804794312,0.5832427740097046,0.8517274856567383,0.6645269393920898,0.8914844393730164,0.6020786762237549,0.8514341711997986,0.6673136949539185,0.8910987973213196,0.5821359753608704,0.8538172841072083,0.6464630961418152,0.9247035980224609,0.43072304129600525,0.9051975011825562,0.455990731716156,0.8692985773086548,0.6518738269805908,0.8623576164245605,0.6479377150535583,0.9038903713226318,0.923582911491394,0.8908138871192932,0.9074407815933228,0.9191589951515198,0.949561595916748,0.8989431858062744,0.9414125680923462,0.8823514580726624,1.0434513092041016,0.877410888671875,1.0245161056518555,0
0.8028148412704468,0.3340975344181061,0.7957243323326111,0.31908118724823,0.7962880730628967,0.31465744972229004,0.7967519164085388,0.3095872402191162,0.7952260375022888,0.3240777850151062,0.7950407862663269,0.32258811593055725,0.7949328422546387,0.320525586605072,0.8010615706443787,0.27238136529922485,0.7979196310043335,0.2931734025478363,0.812404453754425,0.32066577672958374,0.8104655742645264,0.32579535245895386,0.8483447432518005,0.2394961416721344,0.8309845924377441,0.31050509214401245,0.8922829627990723,0.3807868957519531,0.8498135805130005,0.4550248086452484,0.8911280632019043,0.5618631839752197,0.8468584418296814,0.6322498321533203,0.8955979943275452,0.6092614531517029,0.8443669080734253,0.6770401000976562,0.88761305809021,0.6113494634628296,0.8446698784828186,0.6777369976043701,0.8829772472381592,0.6006391048431396,0.8483182787895203,0.6600258350372314,0.9247241020202637,0.4321252703666687,0.9074757695198059,0.45060229301452637,0.870150089263916,0.6497739553451538,0.8592863082885742,0.6444907784461975,0.887264609336853,0.9153609871864319,0.8806321620941162,0.895659327507019,0.9028067588806152,0.9510563015937805,0.8910488486289978,0.9359301328659058,0.8523458242416382,0.9906731843948364,0.852341890335083,0.9669735431671143,0
0.8026819229125977,0.3466818928718567,0.795331597328186,0.3309057950973511,0.795313835144043,0.3244381546974182,0.7958762645721436,0.3185979127883911,0.7947500944137573,0.3348847031593323,0.7947197556495667,0.33315786719322205,0.7947799563407898,0.3307909369468689,0.8012339472770691,0.28136467933654785,0.798399806022644,0.3027566373348236,0.8122313022613525,0.3317232131958008,0.8108805418014526,0.33928215503692627,0.8505811095237732,0.24379736185073853,0.8319735527038574,0.31280767917633057,0.8982148170471191,0.38249847292900085,0.8572998046875,0.4627419412136078,0.9049243330955505,0.5732104778289795,0.8697735071182251,0.6056820154190063,0.9102396965026855,0.6038933992385864,0.8713126182556152,0.6571021676063538,0.9012998342514038,0.6085964441299438,0.8708488345146179,0.6604663729667664,0.8996312618255615,0.6046316623687744,0.8722571730613708,0.639207124710083,0.9259970784187317,0.4456951320171356,0.9011679291725159,0.46520692110061646,0.8656087517738342,0.6634994745254517,0.8560744524002075,0.651864230632782,0.8937057256698608,0.9297557473182678,0.8804860711097717,0.9006471633911133,0.9074306488037109,0.9532092809677124,0.8941948413848877,0.926147997379303,0.8708451986312866,1.0458340644836426,0.8549454212188721,0.9692456722259521,0
0.805389940738678,0.3621188998222351,0.7979899048805237,0.3470982015132904,0.7977458238601685,0.3419191837310791,0.7982754707336426,0.33604896068573,0.7975975275039673,0.3509957492351532,0.7975724935531616,0.34950706362724304,0.7975935339927673,0.3474061191082001,0.8029106855392456,0.3047245144844055,0.8007848262786865,0.32082533836364746,0.8143201470375061,0.35010451078414917,0.8127703666687012,0.355526864528656,0.8512325286865234,0.2666236460208893,0.8322854042053223,0.33781081438064575,0.9027959704399109,0.39314737915992737,0.8553457260131836,0.46152955293655396,0.9093667268753052,0.5679401755332947,0.8512434363365173,0.638608455657959,0.9125587344169617,0.6053049564361572,0.8545759916305542,0.667949914932251,0.9066419005393982,0.6130516529083252,0.8476100564002991,0.6778398752212524,0.9053652286529541,0.599981963634491,0.8514689207077026,0.6627863645553589,0.9283203482627869,0.45346900820732117,0.9028201103210449,0.46729570627212524,0.8686550855636597,0.6533704996109009,0.8590792417526245,0.6512309312820435,0.8887301683425903,0.9130420088768005,0.8830822706222534,0.8959643840789795,0.902525782585144,0.9372697472572327,0.8904402852058411,0.9212672710418701,0.8709048628807068,1.0106565952301025,0.8551338911056519,0.961078405380249,0
0.8064493536949158,0.36911308765411377,0.7984575033187866,0.3540797233581543,0.7986570596694946,0.3484005331993103,0.7990100383758545,0.34282755851745605,0.797929584980011,0.3593420386314392,0.7977924942970276,0.35844090580940247,0.7976776361465454,0.35692092776298523,0.8042423129081726,0.30671122670173645,0.8010859489440918,0.3276525139808655,0.8163537979125977,0.35523730516433716,0.814700186252594,0.36258718371391296,0.8502578735351562,0.29278314113616943,0.831809401512146,0.3387342691421509,0.899827778339386,0.4364090859889984,0.85130774974823,0.46651771664619446,0.9038349390029907,0.6001075506210327,0.8406338691711426,0.6513454914093018,0.9110966324806213,0.6351757645606995,0.846663236618042,0.6785787343978882,0.9019107222557068,0.6430939435958862,0.8398327231407166,0.6851593852043152,0.8969804048538208,0.6343197226524353,0.8419113159179688,0.6717879772186279,0.9314587712287903,0.4534173309803009,0.9081964492797852,0.4643164873123169,0.8832095265388489,0.6364899277687073,0.8620142936706543,0.6408345699310303,0.8884705901145935,0.8817892074584961,0.8839820027351379,0.8855317234992981,0.898323655128479,0.9096548557281494,0.8946725130081177,0.913852334022522,0.8554823994636536,0.9608058929443359,0.8585549592971802,0.9475380182266235,0
0.8056728839874268,0.387837678194046,0.798957347869873,0.37043890357017517,0.799392819404602,0.36535048484802246,0.7998003363609314,0.35995277762413025,0.7985225915908813,0.37597721815109253,0.7985101342201233,0.37456250190734863,0.7983707785606384,0.37218064069747925,0.8050470352172852,0.3276081681251526,0.8018330931663513,0.34600943326950073,0.8159486055374146,0.37461817264556885,0.8138896822929382,0.3817850649356842,0.8510825634002686,0.3057173490524292,0.834003210067749,0.3537064790725708,0.9033299684524536,0.4281216561794281,0.8597403168678284,0.46045178174972534,0.9130868911743164,0.6012284755706787,0.8462268710136414,0.6464301347732544,0.9170485138893127,0.6412438750267029,0.8436810970306396,0.6855908632278442,0.9112441539764404,0.6537733674049377,0.8430206775665283,0.6848191618919373,0.909570574760437,0.6379979848861694,0.8460135459899902,0.6696254014968872,0.9319689273834229,0.4762466251850128,0.9110308289527893,0.49068593978881836,0.8660889863967896,0.6505703330039978,0.8601834774017334,0.6621129512786865,0.8995829224586487,0.9140657186508179,0.8950364589691162,0.9184758067131042,0.9121119976043701,0.9412723183631897,0.9065691232681274,0.9459068775177002,0.8808370232582092,1.011542797088623,0.8832369446754456,1.004419207572937,0
0.8067180514335632,0.3999200463294983,0.8005561232566833,0.38235223293304443,0.8010192513465881,0.37726667523384094,0.8014611601829529,0.3721431493759155,0.799789547920227,0.3871471881866455,0.7996284365653992,0.38597244024276733,0.7994515895843506,0.3842579126358032,0.8080718517303467,0.33787626028060913,0.803254246711731,0.3597356081008911,0.8179206252098083,0.3879249095916748,0.8150075674057007,0.3960365653038025,0.8561031222343445,0.31789201498031616,0.8320305943489075,0.3722378611564636,0.9078113436698914,0.4484080970287323,0.8484227657318115,0.494031697511673,0.9107288718223572,0.63514244556427,0.8405143022537231,0.6556976437568665,0.9122713208198547,0.6795270442962646,0.847294807434082,0.6926605701446533,0.9061588644981384,0.6775844693183899,0.8480765223503113,0.6962004899978638,0.9023647308349609,0.6663981080055237,0.8511295914649963,0.6778988838195801,0.9321359395980835,0.4732230603694916,0.9052054286003113,0.4856545329093933,0.8784270882606506,0.6554391384124756,0.8570030331611633,0.6617723703384399,0.8959630131721497,0.8894277811050415,0.8829168677330017,0.87981778383255,0.9044152498245239,0.911172091960907,0.8942424654960632,0.90452641248703,0.8650392293930054,0.9660062789916992,0.8622698187828064,0.9487793445587158,0
0.8062785267829895,0.407112181186676,0.800930917263031,0.3929201066493988,0.8014282584190369,0.38840144872665405,0.8021020889282227,0.38252800703048706,0.8002200126647949,0.39704951643943787,0.800242006778717,0.3956153988838196,0.8003023266792297,0.3935716152191162,0.8077750205993652,0.3528463840484619,0.8040966391563416,0.36960965394973755,0.8167995810508728,0.3966737389564514,0.8149977922439575,0.4020458459854126,0.8559839725494385,0.32743144035339355,0.8365805149078369,0.3804393410682678,0.9066130518913269,0.4504773020744324,0.8587909936904907,0.5015119314193726,0.9143345355987549,0.6331687569618225,0.8495903611183167,0.6623637080192566,0.9184402823448181,0.6648272275924683,0.84916090965271,0.6956130266189575,0.9117916822433472,0.6707796454429626,0.8467347621917725,0.6997222900390625,0.9084049463272095,0.6624675393104553,0.8493938446044922,0.6886600255966187,0.9335410594940186,0.49644094705581665,0.9077736735343933,0.5124630928039551,0.8799013495445251,0.6778111457824707,0.8555908203125,0.668406069278717,0.8991979956626892,0.9083250761032104,0.8897062540054321,0.8994834423065186,0.9099555611610413,0.9266548156738281,0.9019613862037659,0.9217336177825928,0.8817450404167175,1.0109573602676392,0.8783231377601624,0.988786518573761,0
0.8138889074325562,0.40752267837524414,0.8082935214042664,0.39546042680740356,0.8086624145507812,0.38964420557022095,0.8090271353721619,0.38380128145217896,0.8079553842544556,0.40025314688682556,0.8080464601516724,0.39962220191955566,0.808167040348053,0.3984740674495697,0.8132498860359192,0.3517952561378479,0.8108365535736084,0.37684166431427,0.8247387409210205,0.3956679105758667,0.8231571912765503,0.404471218585968,0.8610765933990479,0.32779234647750854,0.8440912365913391,0.39653831720352173,0.9012688994407654,0.47332894802093506,0.8718100786209106,0.5097280740737915,0.9088172912597656,0.6421323418617249,0.8719714879989624,0.6494227647781372,0.9115584492683411,0.6767150163650513,0.8710904121398926,0.6903886795043945,0.903670072555542,0.6918554902076721,0.8703388571739197,0.6938139200210571,0.902424693107605,0.6759045720100403,0.8726040124893188,0.6763778328895569,0.9322142004966736,0.5143771171569824,0.908083975315094,0.531090497970581,0.8644312620162964,0.6744633913040161,0.8541882038116455,0.6671713590621948,0.900931179523468,0.9107861518859863,0.8878504037857056,0.8930039405822754,0.9134848713874817,0.9286156892776489,0.9005851745605469,0.9148168563842773,0.8835243582725525,1.0154778957366943,0.8766213059425354,0.9815349578857422,0
0.8111007213592529,0.4258676767349243,0.8066532015800476,0.41223952174186707,0.807489275932312,0.4068832993507385,0.8081701397895813,0.4013378918170929,0.8055075407028198,0.41618990898132324,0.8053956627845764,0.4149293899536133,0.8052871227264404,0.41309183835983276,0.81313157081604,0.3699675500392914,0.8084826469421387,0.3889610767364502,0.820442795753479,0.41570475697517395,0.818327784538269,0.4206910729408264,0.8616220951080322,0.36198073625564575,0.8404930233955383,0.41080936789512634,0.9054720997810364,0.5135105848312378,0.8622188568115234,0.5285727977752686,0.9176203608512878,0.6753520965576172,0.8627339601516724,0.6671086549758911,0.922093391418457,0.7084434032440186,0.8611299991607666,0.7068160772323608,0.9151111841201782,0.714442253112793,0.8614892363548279,0.7119143009185791,0.913627028465271,0.7103492021560669,0.8643312454223633,0.6955586075782776,0.9321965575218201,0.5096296072006226,0.9068272113800049,0.5284159183502197,0.8663794994354248,0.661370575428009,0.8523479700088501,0.6708184480667114,0.9087626338005066,0.886217474937439,0.8959874510765076,0.8730579614639282,0.9208670258522034,0.9014880061149597,0.9101383090019226,0.8904175758361816,0.8923026919364929,0.996451735496521,0.8855596780776978,0.9666460752487183,0
0.8140692710876465,0.42823928594589233,0.8089572191238403,0.41223734617233276,0.8095820546150208,0.40742015838623047,0.8101806044578552,0.40195345878601074,0.8078584671020508,0.4180610477924347,0.8078022599220276,0.4174732565879822,0.8077335953712463,0.4162636697292328,0.8163605332374573,0.3729395866394043,0.8118257522583008,0.3945426344871521,0.8246641755104065,0.4188419580459595,0.8225477933883667,0.4258454740047455,0.8638893365859985,0.3633742332458496,0.8436757326126099,0.41482168436050415,0.9043663740158081,0.4998401999473572,0.8688291311264038,0.5244450569152832,0.9147740006446838,0.6665371656417847,0.8717117309570312,0.678061842918396,0.9208577275276184,0.7073525190353394,0.8709211945533752,0.7196927666664124,0.9143899083137512,0.7192015051841736,0.8715722560882568,0.726051926612854,0.9117134213447571,0.7037116289138794,0.8738361597061157,0.7082759141921997,0.9310504198074341,0.5302619934082031,0.9090461134910583,0.5548655986785889,0.8665755391120911,0.6706198453903198,0.8517699241638184,0.6766514778137207,0.8967298269271851,0.8720623254776001,0.8885820508003235,0.8699262142181396,0.9072515964508057,0.886314868927002,0.901589035987854,0.886786699295044,0.8798097372055054,0.967854917049408,0.8768250346183777,0.9545731544494629,0
0.810810387134552,0.4433118999004364,0.8069966435432434,0.42801377177238464,0.8078535795211792,0.4238576292991638,0.808681845664978,0.41997018456459045,0.8054615259170532,0.4294317960739136,0.8054149746894836,0.4279137849807739,0.8053455948829651,0.4259091317653656,0.8162610530853271,0.3944703936576843,0.810451328754425,0.40340861678123474,0.8206355571746826,0.4373546838760376,0.8184942007064819,0.44003331661224365,0.8609068989753723,0.40393972396850586,0.8395200967788696,0.41238752007484436,0.8992772102355957,0.5586581826210022,0.8591002821922302,0.5390253067016602,0.9143505096435547,0.7120742797851562,0.8630775213241577,0.6806986927986145,0.9201410412788391,0.7469924092292786,0.8623284101486206,0.7144400477409363,0.913868248462677,0.7503296732902527,0.8630466461181641,0.7210986614227295,0.9120789766311646,0.7413403987884521,0.8651730418205261,0.7079612612724304,0.9270402193069458,0.5442191362380981,0.9094316363334656,0.5488156080245972,0.8582255840301514,0.6717170476913452,0.8482291102409363,0.6801770925521851,0.8913238644599915,0.8583149909973145,0.8863785266876221,0.8582687973976135,0.9022960662841797,0.871601939201355,0.899306058883667,0.871444582939148,0.863396406173706,0.9477611184120178,0.8636114597320557,0.9444849491119385,0
0.8144656419754028,0.4543929100036621,0.8107219934463501,0.4383748173713684,0.8114495277404785,0.43447721004486084,0.8124935030937195,0.42888256907463074,0.8096386790275574,0.44172748923301697,0.809581458568573,0.440411239862442,0.8095594644546509,0.43851619958877563,0.8197604417800903,0.4004971981048584,0.8138856887817383,0.41306161880493164,0.8254032135009766,0.4476810693740845,0.8230153322219849,0.45257607102394104,0.8693638443946838,0.40423721075057983,0.8460298180580139,0.42456257343292236,0.9015651345252991,0.5598355531692505,0.8698642253875732,0.544209897518158,0.9140984416007996,0.7174721956253052,0.8754125833511353,0.700031042098999,0.9143688082695007,0.7591176629066467,0.8749051690101624,0.7396930456161499,0.9069397449493408,0.759891927242279,0.8761053085327148,0.745901882648468,0.9083766937255859,0.7588260769844055,0.8781377077102661,0.7300940752029419,0.9304840564727783,0.5637885332107544,0.9121005535125732,0.5697517991065979,0.8595707416534424,0.68083256483078,0.8481236696243286,0.6800836324691772,0.8922737240791321,0.8859622478485107,0.8836775422096252,0.8532779216766357,0.9026658535003662,0.9023609161376953,0.8960239291191101,0.8664340972900391,0.875325620174408,0.9753249883651733,0.8610426187515259,0.9346288442611694,0
0.8123248219490051,0.4567594528198242,0.8087239265441895,0.4398375451564789,0.8094399571418762,0.4368998110294342,0.8102272152900696,0.43380552530288696,0.8077089190483093,0.4427172541618347,0.8078215718269348,0.4413468837738037,0.8079452514648438,0.4397682547569275,0.8184223175048828,0.410180926322937,0.8143724203109741,0.4182474613189697,0.8222063779830933,0.4521547853946686,0.8203331828117371,0.4563307762145996,0.8655648827552795,0.4352870285511017,0.8473618626594543,0.44066184759140015,0.8997370600700378,0.610847532749176,0.8769095540046692,0.5621628165245056,0.9077031016349792,0.7338676452636719,0.8840104341506958,0.6958171129226685,0.90782630443573,0.7682962417602539,0.8839995265007019,0.7278900742530823,0.9019026756286621,0.7607054710388184,0.8843634128570557,0.7333945631980896,0.9011675119400024,0.7558282017707825,0.8862347602844238,0.7203657627105713,0.9333236217498779,0.5688391923904419,0.9156816601753235,0.5687661170959473,0.859897255897522,0.6715529561042786,0.8461765050888062,0.6673107147216797,0.895051896572113,0.8686463832855225,0.887408971786499,0.8255949020385742,0.9071024060249329,0.8849354982376099,0.9005447626113892,0.8397258520126343,0.8764358758926392,0.9573617577552795,0.8759336471557617,0.9021493792533875,0
0.8177024126052856,0.47157737612724304,0.8140594363212585,0.4535302519798279,0.8150671720504761,0.44990596175193787,0.8160385489463806,0.44585180282592773,0.8122223019599915,0.45671695470809937,0.812105655670166,0.45518413186073303,0.8124330043792725,0.45224058628082275,0.8219708204269409,0.42063525319099426,0.8176302909851074,0.4291764497756958,0.8281183838844299,0.4654978811740875,0.825584352016449,0.4686081111431122,0.8722195625305176,0.4296574890613556,0.8527683019638062,0.44421839714050293,0.9142627716064453,0.5685833096504211,0.8884358406066895,0.5492920279502869,0.91404128074646,0.7273688316345215,0.8808276057243347,0.6846510171890259,0.9113023281097412,0.7583572268486023,0.8767501711845398,0.7193946838378906,0.9029414653778076,0.7574838995933533,0.8755493760108948,0.7259107232093811,0.9024589657783508,0.7446733117103577,0.8788191676139832,0.7121946811676025,0.9378197193145752,0.6082994341850281,0.9179675579071045,0.6014583110809326,0.8577463030815125,0.719268798828125,0.8524745106697083,0.6855849027633667,0.8951735496520996,0.9262579679489136,0.891835629940033,0.889099657535553,0.9093308448791504,0.9384415149688721,0.9118969440460205,0.8977477550506592,0.8781924843788147,1.0202134847640991,0.8880363702774048,0.9693471193313599,0
0.8220213055610657,0.48408687114715576,0.8174971342086792,0.4675125181674957,0.8182651996612549,0.46416860818862915,0.8182334899902344,0.45875227451324463,0.8156031966209412,0.4692593812942505,0.8161154389381409,0.4652441740036011,0.8156171441078186,0.4604821503162384,0.824222207069397,0.4340499937534332,0.8206242322921753,0.4360714554786682,0.833113968372345,0.47715991735458374,0.8312842845916748,0.4781301021575928,0.8743181824684143,0.4390259385108948,0.8544442653656006,0.43787652254104614,0.9194090366363525,0.576991081237793,0.8948929309844971,0.5607695579528809,0.9150599241256714,0.7341179847717285,0.8897291421890259,0.698998749256134,0.9096771478652954,0.7649356126785278,0.8860910534858704,0.7337602376937866,0.9019114375114441,0.7589800953865051,0.8844340443611145,0.7402240037918091,0.9034125804901123,0.7485231161117554,0.8872525691986084,0.72628253698349,0.9426338076591492,0.6224671006202698,0.9250760674476624,0.617745041847229,0.855089545249939,0.6894969344139099,0.852985680103302,0.6727142930030823,0.8859766721725464,0.9047079086303711,0.8835230469703674,0.8724687695503235,0.9025513529777527,0.9309453964233398,0.9022984504699707,0.879574179649353,0.8613014221191406,0.9777640104293823,0.862476110458374,0.9378436803817749,0
0.8248006701469421,0.49143463373184204,0.8199819326400757,0.47385460138320923,0.820910632610321,0.47071921825408936,0.8218674659729004,0.46712589263916016,0.8186622858047485,0.4746027886867523,0.8187130689620972,0.4718902111053467,0.8188888430595398,0.4684549570083618,0.8286724090576172,0.4394569396972656,0.8240233659744263,0.4424726963043213,0.8347653746604919,0.4869668185710907,0.8325205445289612,0.4882943630218506,0.8798614740371704,0.44274669885635376,0.8632418513298035,0.45023465156555176,0.9236117005348206,0.58906090259552,0.8941201567649841,0.5688642859458923,0.9161876440048218,0.7477537393569946,0.8875194787979126,0.7171860933303833,0.9103643298149109,0.78812175989151,0.883177638053894,0.7556899785995483,0.903135359287262,0.7831239700317383,0.8822203278541565,0.762126088142395,0.9037960171699524,0.7672987580299377,0.885582685470581,0.7479131817817688,0.9437307715415955,0.643634021282196,0.9223537445068359,0.6322271823883057,0.8572643995285034,0.6993803977966309,0.8487144708633423,0.6734820604324341,0.8880217671394348,0.9187735915184021,0.8796558976173401,0.8740216493606567,0.8962445855140686,0.9392623901367188,0.8984237313270569,0.8823897838592529,0.8609685897827148,0.9762925505638123,0.858429491519928,0.9255372285842896,0
0.8256524205207825,0.48850780725479126,0.8220618367195129,0.47097861766815186,0.8234586715698242,0.4647299647331238,0.8243370056152344,0.4615764617919922,0.8212736248970032,0.47121429443359375,0.8208144307136536,0.4675230383872986,0.8208972811698914,0.4650462865829468,0.8313720226287842,0.43717285990715027,0.8273495435714722,0.4406513571739197,0.8371992707252502,0.4860844910144806,0.8355348706245422,0.4874391555786133,0.8795744180679321,0.4539840817451477,0.8643065094947815,0.4563160538673401,0.9230667352676392,0.6094266772270203,0.8992853164672852,0.5793904662132263,0.9134014844894409,0.7571412324905396,0.8852038383483887,0.7083443403244019,0.9118672609329224,0.7903860211372375,0.8789112567901611,0.7402173280715942,0.9043864607810974,0.7833059430122375,0.8768815398216248,0.7461071610450745,0.902283787727356,0.7701359391212463,0.8808642029762268,0.7345597147941589,0.9445158243179321,0.6543297171592712,0.9244546890258789,0.635860800743103,0.855610191822052,0.7020877599716187,0.851775586605072,0.6710278987884521,0.8861299157142639,0.9101507067680359,0.8834220170974731,0.8664977550506592,0.8987771272659302,0.9325858950614929,0.9020741581916809,0.8787907361984253,0.8524752259254456,0.9706696271896362,0.8735357522964478,0.9278053045272827,0
0.8268120288848877,0.49432939291000366,0.8233227133750916,0.47777318954467773,0.8238666653633118,0.4757354259490967,0.8262524604797363,0.4713543951511383,0.8224639892578125,0.477179616689682,0.8224828243255615,0.4748152196407318,0.8225563168525696,0.4723362922668457,0.8325581550598145,0.4520081579685211,0.8296805620193481,0.4505265951156616,0.8391739130020142,0.49353301525115967,0.8373332023620605,0.493656724691391,0.8812912702560425,0.4616044759750366,0.8647940158843994,0.45597556233406067,0.9227544665336609,0.627947211265564,0.9014728665351868,0.5838459134101868,0.9119121432304382,0.7640129923820496,0.8915805816650391,0.7017809152603149,0.9101758003234863,0.7968232035636902,0.8868175148963928,0.7285175919532776,0.9024586081504822,0.7884641885757446,0.8839032053947449,0.734428346157074,0.9005653858184814,0.7755547165870667,0.8874858617782593,0.7240811586380005,0.9430447220802307,0.6671478748321533,0.9271186590194702,0.6516661643981934,0.8596467971801758,0.6979399919509888,0.8553444743156433,0.6628459692001343,0.888100266456604,0.9121229648590088,0.8860175609588623,0.8501775860786438,0.9011746048927307,0.9336133003234863,0.9008552432060242,0.8624120950698853,0.8570804595947266,0.9686355590820312,0.8745941519737244,0.913520336151123,0
0.8398337960243225,0.507404088973999,0.8317525386810303,0.47553643584251404,0.832054078578949,0.4726482629776001,0.8324546813964844,0.46997013688087463,0.8314564228057861,0.476502388715744,0.8315591216087341,0.474386990070343,0.8317006826400757,0.47231152653694153,0.8404693603515625,0.4495803415775299,0.8364571332931519,0.4524041414260864,0.8490845561027527,0.5008318424224854,0.8460477590560913,0.5034217834472656,0.8923625946044922,0.4799288213253021,0.880166232585907,0.48095470666885376,0.9253851771354675,0.6486774682998657,0.9106454849243164,0.6242703199386597,0.9150852560997009,0.776557207107544,0.8987382650375366,0.7215295433998108,0.9116696119308472,0.804408073425293,0.8937976956367493,0.743840754032135,0.9045695066452026,0.7974932193756104,0.8904640674591064,0.7459807991981506,0.9049115777015686,0.7854947447776794,0.8938894271850586,0.7375268340110779,0.9459547400474548,0.6974485516548157,0.9303534626960754,0.6814670562744141,0.862613320350647,0.6941206455230713,0.8568537831306458,0.6628516912460327,0.8911303281784058,0.9145622253417969,0.8887049555778503,0.8392924070358276,0.903354287147522,0.9349913597106934,0.9001230001449585,0.8605701923370361,0.8625952005386353,0.9779593348503113,0.8682768940925598,0.9070425033569336,0
0.8407993912696838,0.5127694010734558,0.8341760635375977,0.48287004232406616,0.8345537185668945,0.48039254546165466,0.8369506001472473,0.47624385356903076,0.8336330652236938,0.4832299053668976,0.8336395621299744,0.48115554451942444,0.8336620330810547,0.4791110157966614,0.8434193730354309,0.45880722999572754,0.8401392698287964,0.4593973755836487,0.8506618738174438,0.5074086785316467,0.8473982810974121,0.5102800726890564,0.8927145600318909,0.49224451184272766,0.8784247040748596,0.4800352156162262,0.9327563643455505,0.6481996774673462,0.9051451086997986,0.603082001209259,0.920954704284668,0.7765302062034607,0.8893774747848511,0.6882199048995972,0.9154525995254517,0.8060860633850098,0.8836700916290283,0.707624614238739,0.9073060750961304,0.7976526618003845,0.8804947733879089,0.70985347032547,0.9050185084342957,0.783756673336029,0.8838521838188171,0.7035964131355286,0.9486178159713745,0.6980396509170532,0.9303845763206482,0.6769946813583374,0.8685728311538696,0.7267143726348877,0.8573684096336365,0.671207070350647,0.8886655569076538,0.9174410700798035,0.8872346878051758,0.8636667728424072,0.8993226289749146,0.9369932413101196,0.8981350660324097,0.8867553472518921,0.8611617088317871,0.9733338356018066,0.8643559813499451,0.9219882488250732,0
0.8419297933578491,0.5094274282455444,0.8373472690582275,0.4874655604362488,0.8381877541542053,0.4851360619068146,0.8398337960243225,0.4811525344848633,0.8360281586647034,0.48839306831359863,0.8360339403152466,0.4866468012332916,0.8360049724578857,0.4847027361392975,0.8472676873207092,0.4599868655204773,0.8413476347923279,0.46486514806747437,0.8510568737983704,0.5058819055557251,0.8490752577781677,0.5070649981498718,0.8932111263275146,0.4841229021549225,0.8725598454475403,0.47958484292030334,0.9342146515846252,0.6295592784881592,0.8988717794418335,0.6069279909133911,0.9158591628074646,0.7851757407188416,0.8883324861526489,0.7236258387565613,0.9124650955200195,0.8124160766601562,0.8833318948745728,0.7533352375030518,0.9074704647064209,0.8132948875427246,0.881683349609375,0.7558344006538391,0.9078505635261536,0.7949246764183044,0.8852865695953369,0.7464209794998169,0.951529324054718,0.6866308450698853,0.9313609004020691,0.6715949773788452,0.8694544434547424,0.6951907277107239,0.8572699427604675,0.667740523815155,0.8907126188278198,0.9258494973182678,0.8856364488601685,0.8609412312507629,0.9026332497596741,0.9507405757904053,0.897788405418396,0.887947142124176,0.858212947845459,0.9694957733154297,0.8569301962852478,0.9264580011367798,0
0.84288489818573,0.5104057192802429,0.8399569392204285,0.4924372136592865,0.8406549096107483,0.4883439540863037,0.8418810367584229,0.48575785756111145,0.8378015160560608,0.4940570294857025,0.8374601006507874,0.49118471145629883,0.8375969529151917,0.48945388197898865,0.8511748909950256,0.46672582626342773,0.8445112109184265,0.4715978801250458,0.8525310158729553,0.5107007622718811,0.8492931127548218,0.5131570100784302,0.89958655834198,0.4835299551486969,0.8787357211112976,0.48277968168258667,0.9414901733398438,0.6274245381355286,0.9026042222976685,0.6121385097503662,0.9234670400619507,0.7823558449745178,0.8943465352058411,0.7285321950912476,0.9209511876106262,0.8186788558959961,0.8897850513458252,0.7610647678375244,0.9135215282440186,0.8124539852142334,0.8889841437339783,0.7617490887641907,0.9141111969947815,0.7934691309928894,0.8924049735069275,0.7520213723182678,0.954490602016449,0.688083827495575,0.932513415813446,0.6873056888580322,0.8741346597671509,0.7114658355712891,0.8556722402572632,0.6749551296234131,0.8964970707893372,0.9348499774932861,0.889045774936676,0.8732798099517822,0.9082009792327881,0.9555133581161499,0.9024181365966797,0.9004101753234863,0.8680406808853149,0.9801588654518127,0.8721636533737183,0.9447184205055237,0
0.848594605922699,0.5099045634269714,0.8461338877677917,0.4913121163845062,0.8472467064857483,0.4887835681438446,0.8488291501998901,0.48528870940208435,0.8444060683250427,0.492739737033844,0.8443585634231567,0.491252601146698,0.8436866402626038,0.49068281054496765,0.857595682144165,0.4658252000808716,0.8506429195404053,0.47204139828681946,0.8587297201156616,0.5132184028625488,0.8558202981948853,0.5145542621612549,0.902962327003479,0.48668959736824036,0.8792094588279724,0.4874698519706726,0.9428882002830505,0.6304008960723877,0.8999269008636475,0.6162436008453369,0.928087055683136,0.7751595973968506,0.8970588445663452,0.7328876256942749,0.9247127771377563,0.8114116787910461,0.8943641185760498,0.7676604390144348,0.916475236415863,0.8055543899536133,0.8946018815040588,0.7664812207221985,0.9161505699157715,0.8009681105613708,0.8974592685699463,0.7564738988876343,0.9547484517097473,0.6890401840209961,0.9297558069229126,0.6789048314094543,0.8937622904777527,0.7607376575469971,0.857876718044281,0.6800203323364258,0.8946131467819214,0.9338020086288452,0.8879385590553284,0.8765960931777954,0.9043607711791992,0.9496480226516724,0.9008597731590271,0.9038393497467041,0.8629403710365295,0.9780799150466919,0.8692550659179688,0.9456275701522827,0
0.8550501465797424,0.5089573860168457,0.8509681820869446,0.4864846467971802,0.8518732786178589,0.4841887354850769,0.8533212542533875,0.4810827672481537,0.8496316075325012,0.4873613119125366,0.8495951890945435,0.4857224225997925,0.849587082862854,0.4838014841079712,0.861721396446228,0.46349355578422546,0.8554896116256714,0.46701881289482117,0.863875687122345,0.5087541341781616,0.8617938756942749,0.510607123374939,0.9083582162857056,0.4925755262374878,0.8874209523200989,0.49106618762016296,0.9461565017700195,0.6404950618743896,0.9016098380088806,0.6243862509727478,0.9289483428001404,0.7830306887626648,0.8889826536178589,0.7373704314231873,0.9233280420303345,0.8119874000549316,0.8836549520492554,0.7683179378509521,0.9143301844596863,0.8046334981918335,0.8830665946006775,0.7671877145767212,0.9142804145812988,0.8002481460571289,0.8868451118469238,0.7584993243217468,0.9516481161117554,0.7052359580993652,0.9342875480651855,0.6938299536705017,0.8986808657646179,0.7499204874038696,0.8616135120391846,0.6781785488128662,0.8989404439926147,0.9147000908851624,0.8940678834915161,0.8579057455062866,0.9070637226104736,0.931887686252594,0.9052565693855286,0.8814821243286133,0.8740503191947937,0.9686728715896606,0.8667163848876953,0.9091066718101501,0
0.8569880723953247,0.5078220367431641,0.8538321852684021,0.48971930146217346,0.8547141551971436,0.4877842664718628,0.8556424975395203,0.4859263300895691,0.8526568412780762,0.48987534642219543,0.8526945114135742,0.48808249831199646,0.8528088331222534,0.486244797706604,0.865281343460083,0.46749815344810486,0.8594682812690735,0.46965405344963074,0.8667941689491272,0.5081859827041626,0.8642467856407166,0.508439838886261,0.9102208018302917,0.4975513517856598,0.8900302648544312,0.48534563183784485,0.9450284242630005,0.6402100324630737,0.9108505249023438,0.6133789420127869,0.9262059330940247,0.7778974175453186,0.9041264057159424,0.7243447303771973,0.9218833446502686,0.81142258644104,0.9004059433937073,0.7519665956497192,0.9141415953636169,0.8030902147293091,0.8992651700973511,0.7519606947898865,0.9153618812561035,0.7869683504104614,0.9021720886230469,0.7440206408500671,0.9603365063667297,0.7075059413909912,0.9418959617614746,0.6850568652153015,0.8893986940383911,0.7336978316307068,0.8654699325561523,0.6662955284118652,0.8987072110176086,0.9319287538528442,0.8942058086395264,0.868299126625061,0.9060371518135071,0.9494196772575378,0.9058568477630615,0.8948416113853455,0.866039514541626,0.9751893877983093,0.8646158576011658,0.926878035068512,0
0.8608995079994202,0.5020127296447754,0.8582673668861389,0.4808490574359894,0.8593652844429016,0.4779721796512604,0.8609883785247803,0.4745049774646759,0.8563269376754761,0.4837011992931366,0.8562835454940796,0.4827437400817871,0.8562661409378052,0.4817540645599365,0.8720002770423889,0.4569254219532013,0.8629515171051025,0.4691181778907776,0.8713122010231018,0.5055536031723022,0.8678207397460938,0.5088510513305664,0.919563353061676,0.4960149824619293,0.8956295847892761,0.49872809648513794,0.9518402218818665,0.6548634767532349,0.9124596118927002,0.6338914632797241,0.9256736040115356,0.7886837124824524,0.8947199583053589,0.7407408356666565,0.919747531414032,0.8135320544242859,0.8872445821762085,0.7715485692024231,0.911594033241272,0.8041102290153503,0.8862481713294983,0.7702065706253052,0.9153908491134644,0.797034740447998,0.8911141157150269,0.7611737251281738,0.965736985206604,0.7187021374702454,0.9441585540771484,0.6961190104484558,0.8872810006141663,0.705133855342865,0.8705000281333923,0.664879322052002,0.8984125256538391,0.9226873517036438,0.8947551846504211,0.8656580448150635,0.9021419882774353,0.9476035833358765,0.9069879055023193,0.8983113169670105,0.860134482383728,0.9619506597518921,0.8733140230178833,0.9307488203048706,0
0.8617087006568909,0.491293728351593,0.8592147827148438,0.4724351465702057,0.8602977395057678,0.470435231924057,0.861644983291626,0.46613064408302307,0.8579670786857605,0.4726794362068176,0.8581355810165405,0.4711112082004547,0.8581442832946777,0.4683314561843872,0.8732080459594727,0.4519929587841034,0.8673607707023621,0.45574936270713806,0.8712978959083557,0.49457287788391113,0.8694877624511719,0.4957955479621887,0.9225690364837646,0.5019890069961548,0.8962622284889221,0.4920663833618164,0.9521884918212891,0.6491477489471436,0.9082736372947693,0.6375169157981873,0.9305911660194397,0.7821904420852661,0.8884464502334595,0.7456181049346924,0.9239884614944458,0.8096115589141846,0.8807856440544128,0.7728928327560425,0.9155846238136292,0.8006533980369568,0.8793115615844727,0.7731056213378906,0.9157009124755859,0.7960584759712219,0.8841487765312195,0.765496015548706,0.9656387567520142,0.7239553928375244,0.9425535798072815,0.7035810351371765,0.8968424201011658,0.7303308844566345,0.869726836681366,0.6737967133522034,0.9011182188987732,0.9141274094581604,0.8966589570045471,0.8724105954170227,0.9050242304801941,0.9244765043258667,0.9076447486877441,0.8987433910369873,0.8720352649688721,0.9682963490486145,0.8800405859947205,0.9406018257141113,0
0.8667996525764465,0.4867151975631714,0.8650665283203125,0.46547839045524597,0.8663753867149353,0.46270015835762024,0.8678320646286011,0.4596022367477417,0.8635105490684509,0.46793824434280396,0.8636751770973206,0.4671255052089691,0.8639472723007202,0.4660670757293701,0.8805105090141296,0.4450990855693817,0.8731116056442261,0.4549398720264435,0.8776792287826538,0.4921928942203522,0.8751843571662903,0.4958436191082001,0.9269257187843323,0.49904415011405945,0.8985837697982788,0.5085972547531128,0.954944908618927,0.656143069267273,0.9156997203826904,0.6464951038360596,0.9255664348602295,0.7853997945785522,0.8940894603729248,0.7584320306777954,0.9203983545303345,0.816489040851593,0.8856794834136963,0.7896553874015808,0.9130749106407166,0.8066394329071045,0.884705662727356,0.789574384689331,0.9153432250022888,0.7922107577323914,0.889870285987854,0.7808176875114441,0.9674058556556702,0.7358448505401611,0.9449699521064758,0.7170290350914001,0.8854020237922668,0.7165554165840149,0.8725094199180603,0.6691297292709351,0.8986369371414185,0.9222188591957092,0.8942641019821167,0.8713695406913757,0.9054377675056458,0.9426183700561523,0.9001322388648987,0.9106576442718506,0.8688349723815918,0.9675168991088867,0.8638153076171875,0.9334986209869385,0
0.8744016885757446,0.48184698820114136,0.8738607168197632,0.4600818455219269,0.875473141670227,0.4581500291824341,0.8772082924842834,0.4562850594520569,0.8718181848526001,0.4613034427165985,0.8720399141311646,0.4603869915008545,0.8714235424995422,0.46020179986953735,0.890082836151123,0.4435352385044098,0.880797266960144,0.45247042179107666,0.8861355185508728,0.49052584171295166,0.8823952078819275,0.49207645654678345,0.9370166063308716,0.502277135848999,0.9024078249931335,0.5053214430809021,0.9539323449134827,0.6631007194519043,0.9195883274078369,0.6526072025299072,0.9108355045318604,0.7679292559623718,0.8961619138717651,0.7508091926574707,0.9059919118881226,0.8021000027656555,0.8873710632324219,0.7801132798194885,0.898349940776825,0.7850509881973267,0.8863646984100342,0.7769062519073486,0.9017972946166992,0.7761364579200745,0.8917515873908997,0.7689164280891418,0.9659339785575867,0.7386427521705627,0.9458044767379761,0.720313310623169,0.8880565762519836,0.700764536857605,0.8765175938606262,0.6630778908729553,0.8992679715156555,0.9150837659835815,0.8947954177856445,0.8744041323661804,0.9047796726226807,0.9444689154624939,0.9013742208480835,0.9160339832305908,0.860801100730896,0.9599964618682861,0.8633996844291687,0.9341925382614136,0
0.8786125779151917,0.4746542274951935,0.8771314024925232,0.4537014365196228,0.8785659074783325,0.4509856402873993,0.880728542804718,0.44760793447494507,0.8754682540893555,0.4558557868003845,0.8757391571998596,0.45486894249916077,0.8761263489723206,0.45357009768486023,0.8940051794052124,0.4344940781593323,0.8844063878059387,0.4438832402229309,0.8898543119430542,0.4831111431121826,0.8867101073265076,0.4862194061279297,0.9417150616645813,0.5021129846572876,0.9044994711875916,0.5060755610466003,0.9502596855163574,0.6792140603065491,0.9154990315437317,0.6545768976211548,0.912192702293396,0.7791380882263184,0.890938937664032,0.7569202184677124,0.9051904678344727,0.8111811876296997,0.8814607858657837,0.7895107269287109,0.8974552154541016,0.7952152490615845,0.8817949295043945,0.7855640649795532,0.9002634882926941,0.7858631014823914,0.8875160813331604,0.7769983410835266,0.9635847210884094,0.7436057925224304,0.9405436515808105,0.7230021953582764,0.9018540382385254,0.7418702244758606,0.874333381652832,0.6645029783248901,0.9003322124481201,0.9210929870605469,0.9039227962493896,0.8742498755455017,0.9103163480758667,0.9440017938613892,0.9168556332588196,0.9029228687286377,0.8641596436500549,0.9716207981109619,0.8831465840339661,0.9420274496078491,0
0.8856012225151062,0.47732290625572205,0.8834103345870972,0.45288577675819397,0.8846050500869751,0.44680899381637573,0.8860411643981934,0.44382956624031067,0.8822798728942871,0.45540791749954224,0.8824483156204224,0.45441290736198425,0.8826718330383301,0.4532144367694855,0.8984531760215759,0.42985573410987854,0.8896088004112244,0.4411066770553589,0.8968262672424316,0.48609864711761475,0.8932376503944397,0.48812493681907654,0.9441699981689453,0.4949129819869995,0.9150747656822205,0.5039404630661011,0.9616845846176147,0.6613212823867798,0.9241947531700134,0.655102014541626,0.9235447645187378,0.7807429432868958,0.8954501748085022,0.7526367902755737,0.9158361554145813,0.808494508266449,0.8849601745605469,0.7811349034309387,0.909402072429657,0.7938550710678101,0.8837795853614807,0.7790072560310364,0.9095094203948975,0.7812020778656006,0.8895078897476196,0.7714560031890869,0.9597145318984985,0.7598133087158203,0.9381561875343323,0.7355014085769653,0.8946228623390198,0.7424941062927246,0.8739495873451233,0.6629680395126343,0.8937731385231018,0.9192535877227783,0.9017943143844604,0.8785711526870728,0.8995678424835205,0.938407838344574,0.9084814786911011,0.9142805337905884,0.8710600733757019,0.988405704498291,0.8830447196960449,0.9509284496307373,0
0.8914970755577087,0.4888305366039276,0.8896266222000122,0.46391037106513977,0.8912354111671448,0.4609217643737793,0.8926382064819336,0.45705369114875793,0.8883628249168396,0.46844482421875,0.8880029916763306,0.46493756771087646,0.8868495225906372,0.46267059445381165,0.9054499864578247,0.43856409192085266,0.8934455513954163,0.4515613615512848,0.9011467099189758,0.49525779485702515,0.8975823521614075,0.49651777744293213,0.9535431265830994,0.4971053898334503,0.9120912551879883,0.5080380439758301,0.970980167388916,0.6582655906677246,0.9193597435951233,0.6478577852249146,0.9359078407287598,0.7711465358734131,0.8933769464492798,0.7330310344696045,0.9270430207252502,0.8004137277603149,0.8830903768539429,0.7612447738647461,0.9188259243965149,0.7885625958442688,0.8830956816673279,0.7580776810646057,0.9214725494384766,0.776630699634552,0.8888511657714844,0.7508876919746399,0.954695463180542,0.7485815286636353,0.93096923828125,0.7298839092254639,0.897741973400116,0.7358385920524597,0.8724426031112671,0.6706886291503906,0.8901048898696899,0.9242618680000305,0.8881031274795532,0.8813163638114929,0.8995651602745056,0.946584939956665,0.8998029828071594,0.9109129309654236,0.8575411438941956,0.9716213941574097,0.8664931058883667,0.9572733044624329,0
0.8898913860321045,0.46514129638671875,0.8887706398963928,0.4447029232978821,0.8901132345199585,0.4422038793563843,0.8915963768959045,0.43946272134780884,0.887324869632721,0.44752630591392517,0.887421190738678,0.44731006026268005,0.8876166939735413,0.44693523645401,0.9039881229400635,0.42756959795951843,0.8962669968605042,0.439982533454895,0.8996243476867676,0.4746273159980774,0.8971495628356934,0.4782816469669342,0.9510083198547363,0.4923872947692871,0.9198125004768372,0.49952974915504456,0.9706777334213257,0.6528850197792053,0.9292682409286499,0.641274631023407,0.935968816280365,0.7775707244873047,0.8936359286308289,0.7244553565979004,0.9276853203773499,0.8055618405342102,0.8816177248954773,0.7469562292098999,0.9219001531600952,0.7918568253517151,0.879189133644104,0.7460377216339111,0.9227829575538635,0.7864511609077454,0.8852335214614868,0.740546464920044,0.9597851634025574,0.759559154510498,0.9413491487503052,0.7332065105438232,0.8886535167694092,0.6910811066627502,0.8773638010025024,0.6619338989257812,0.8963783383369446,0.9140238165855408,0.8863716721534729,0.8733276724815369,0.9019802808761597,0.9339578747749329,0.9041022658348083,0.8994746804237366,0.8633776307106018,0.9545906782150269,0.8611115217208862,0.9302417635917664,0
0.8909353613853455,0.45490819215774536,0.8920396566390991,0.4327017366886139,0.8940855860710144,0.43038320541381836,0.8963751792907715,0.42665421962738037,0.8889273405075073,0.43538349866867065,0.8885753154754639,0.43550732731819153,0.8884487748146057,0.435539573431015,0.9089129567146301,0.41787615418434143,0.8967633247375488,0.4332056939601898,0.9000623822212219,0.4689139723777771,0.8959637880325317,0.47040897607803345,0.9544113278388977,0.4935995936393738,0.9174240827560425,0.5068486928939819,0.974652886390686,0.6567468047142029,0.9198445677757263,0.6388947367668152,0.9356885552406311,0.771195650100708,0.8902016282081604,0.7246379256248474,0.9266522526741028,0.804843544960022,0.8791152834892273,0.7539320588111877,0.9212198257446289,0.7913814783096313,0.8790470361709595,0.7509918808937073,0.9215654730796814,0.7795447111129761,0.8852269649505615,0.7438968420028687,0.9566841125488281,0.7551277875900269,0.9363263845443726,0.724941611289978,0.8907359838485718,0.7143608331680298,0.8753001689910889,0.6592060327529907,0.8920266628265381,0.913654088973999,0.8831092715263367,0.8770768642425537,0.900142252445221,0.9376006126403809,0.9014317393302917,0.9096657037734985,0.8562670350074768,0.9518880844116211,0.8579660058021545,0.9336029887199402,0
0.895803689956665,0.45733004808425903,0.8967296481132507,0.43279972672462463,0.8985774517059326,0.43103140592575073,0.9006668925285339,0.42822346091270447,0.8941529989242554,0.4352242350578308,0.893863320350647,0.4353916347026825,0.8937961459159851,0.4355296194553375,0.9127333760261536,0.425455242395401,0.9017775058746338,0.43682125210762024,0.9039281010627747,0.4706408977508545,0.9008010625839233,0.47620701789855957,0.9552890062332153,0.4959740936756134,0.9198659062385559,0.51386958360672,0.96778404712677,0.6528857350349426,0.9240666031837463,0.6441043615341187,0.93062824010849,0.7748817801475525,0.8949682116508484,0.7247612476348877,0.9214202761650085,0.8009598851203918,0.8841360807418823,0.7527962923049927,0.9166133403778076,0.7950485348701477,0.8836448192596436,0.7483381032943726,0.9191052317619324,0.783821702003479,0.8896055221557617,0.7419472932815552,0.9585970640182495,0.7623963356018066,0.940795361995697,0.7391502857208252,0.899057149887085,0.7485623955726624,0.8773056864738464,0.6562931537628174,0.8832688927650452,0.9130834341049194,0.8819512724876404,0.8658931851387024,0.8908804655075073,0.9367185235023499,0.8918976187705994,0.901685357093811,0.8525030016899109,0.953768789768219,0.8501583933830261,0.9150286912918091,0
0.8963481783866882,0.45711401104927063,0.8973954319953918,0.43093904852867126,0.8993003964424133,0.4284649193286896,0.9013195037841797,0.425561785697937,0.894912838935852,0.43407344818115234,0.8946918249130249,0.43417227268218994,0.8942945003509521,0.43438562750816345,0.9147562980651855,0.4211367964744568,0.9019593596458435,0.43660104274749756,0.9038736820220947,0.47134315967559814,0.9005054235458374,0.4740086495876312,0.9544954299926758,0.49102509021759033,0.9157410860061646,0.5287188291549683,0.9691101312637329,0.6539514064788818,0.9068142771720886,0.6464734077453613,0.9368354082107544,0.775358259677887,0.8884536623954773,0.7312806844711304,0.9309619665145874,0.8147447109222412,0.8788772225379944,0.7585795521736145,0.9222686290740967,0.7906411290168762,0.8774639368057251,0.7566722631454468,0.9216592311859131,0.7813435196876526,0.8830128908157349,0.7501417398452759,0.9803643226623535,0.748954713344574,0.9565603733062744,0.7514459490776062,0.8988795876502991,0.7063498497009277,0.8813846707344055,0.6713336706161499,0.8783373236656189,0.9237989187240601,0.886115312576294,0.8926834464073181,0.884469211101532,0.9566804766654968,0.8949519395828247,0.930639386177063,0.8474433422088623,0.9741278886795044,0.8614363670349121,0.9431922435760498,0
0.897782027721405,0.4501514434814453,0.9004213213920593,0.4263516962528229,0.9024474620819092,0.424824982881546,0.9046841859817505,0.42316314578056335,0.897028386592865,0.42896130681037903,0.8966544270515442,0.4292055368423462,0.8964160084724426,0.4294780194759369,0.916867196559906,0.4244580864906311,0.9051367044448853,0.4334445893764496,0.905469536781311,0.4676058292388916,0.901433527469635,0.46959614753723145,0.958957314491272,0.4961223304271698,0.9233716726303101,0.53299880027771,0.9738333821296692,0.6596759557723999,0.9241747260093689,0.6582323312759399,0.9315018653869629,0.7690890431404114,0.889657735824585,0.7375456094741821,0.922761082649231,0.7990776896476746,0.8783475756645203,0.7640002369880676,0.9158960580825806,0.785012423992157,0.8764244914054871,0.759486973285675,0.9162505865097046,0.7801819443702698,0.8827651739120483,0.7540233731269836,0.9672483801841736,0.785944938659668,0.9470131993293762,0.7631245851516724,0.9101808667182922,0.7661120891571045,0.8758400082588196,0.6631133556365967,0.8808943629264832,0.9280575513839722,0.8807991743087769,0.8795049786567688,0.8857890963554382,0.9538214802742004,0.8915455341339111,0.9164661765098572,0.8481320142745972,0.9512563347816467,0.8478905558586121,0.9264504313468933,0
0.8976080417633057,0.44648799300193787,0.9004155397415161,0.4234269857406616,0.9022952914237976,0.42252063751220703,0.9045063853263855,0.42165255546569824,0.8976479172706604,0.4260113835334778,0.8975087404251099,0.42645934224128723,0.8975021243095398,0.4269998073577881,0.9187927842140198,0.42686042189598083,0.9073158502578735,0.4340187609195709,0.9049863219261169,0.46572479605674744,0.9017170667648315,0.468394935131073,0.9583145976066589,0.498148113489151,0.9233753681182861,0.5313578248023987,0.9729337096214294,0.6594747304916382,0.922883927822113,0.6574808359146118,0.9347426891326904,0.7680584788322449,0.8880959749221802,0.7322666645050049,0.9219516515731812,0.8023613095283508,0.872166633605957,0.7491101026535034,0.9154568314552307,0.7949859499931335,0.8660855293273926,0.7332164645195007,0.918556272983551,0.78224116563797,0.8724079132080078,0.7323021292686462,0.9677325487136841,0.7822740077972412,0.9462125897407532,0.761508584022522,0.9212456345558167,0.7649750709533691,0.8783087134361267,0.6725594997406006,0.8869527578353882,0.9280626177787781,0.8864785432815552,0.8845747113227844,0.8901313543319702,0.9539003968238831,0.8977423906326294,0.9197590947151184,0.8513792753219604,0.9540268778800964,0.8511970043182373,0.9325348734855652,0
0.9001684784889221,0.4515758752822876,0.9025154709815979,0.42856624722480774,0.9044508337974548,0.4269384443759918,0.9066354632377625,0.42510464787483215,0.8996220231056213,0.43158942461013794,0.8991417288780212,0.4321775436401367,0.8988552093505859,0.43301281332969666,0.920204222202301,0.4262728691101074,0.9075153470039368,0.43707597255706787,0.9073452949523926,0.4699607193470001,0.9037348031997681,0.4755324423313141,0.959617018699646,0.49317672848701477,0.9197297096252441,0.5326124429702759,0.9752453565597534,0.6543331146240234,0.9207265377044678,0.6563761830329895,0.9336027503013611,0.7645902633666992,0.8864781856536865,0.7220073938369751,0.9224634766578674,0.789656937122345,0.867723822593689,0.7344127297401428,0.9166612029075623,0.7797950506210327,0.8662014603614807,0.7208600640296936,0.9169081449508667,0.7689614295959473,0.8795053362846375,0.7347630262374878,0.9706981778144836,0.7794113755226135,0.9481796622276306,0.7606624364852905,0.9213252663612366,0.7714660167694092,0.8789893984794617,0.6707462072372437,0.8885079622268677,0.9206860661506653,0.887026309967041,0.881606936454773,0.891801655292511,0.9428213238716125,0.8977871537208557,0.9165070056915283,0.8534095883369446,0.9500906467437744,0.8534674644470215,0.9303901195526123,0
0.9028905034065247,0.4504745602607727,0.9057940244674683,0.42902353405952454,0.9077612161636353,0.42733967304229736,0.9100744724273682,0.4247957766056061,0.9020708799362183,0.4323672652244568,0.9013829231262207,0.4329860210418701,0.9007776379585266,0.43350496888160706,0.9221691489219666,0.42735555768013,0.9085935354232788,0.437997430562973,0.9094334840774536,0.46674665808677673,0.9050912261009216,0.47189265489578247,0.9597226977348328,0.4974965751171112,0.919299840927124,0.5329165458679199,0.9744693040847778,0.6442082524299622,0.9103802442550659,0.6475843191146851,0.9315606355667114,0.7574195861816406,0.883607029914856,0.713216245174408,0.9177874326705933,0.7822246551513672,0.8720452785491943,0.7361843585968018,0.9122403264045715,0.7718677520751953,0.8706401586532593,0.7300885319709778,0.9156384468078613,0.7582209706306458,0.8770480751991272,0.7266016602516174,0.9611931443214417,0.7688316702842712,0.9404226541519165,0.747170627117157,0.9088698625564575,0.7501692175865173,0.8772324323654175,0.6629261374473572,0.8897157311439514,0.9291927814483643,0.8845056295394897,0.8759373426437378,0.8970150947570801,0.9541086554527283,0.8985673189163208,0.9151163697242737,0.8530989289283752,0.966399073600769,0.8541349768638611,0.9351409673690796,0
0.9018135070800781,0.4530988037586212,0.9039499163627625,0.42949482798576355,0.9057899117469788,0.4274943172931671,0.9078699946403503,0.4253386855125427,0.9012888669967651,0.43354877829551697,0.9009987115859985,0.4342319369316101,0.9006109237670898,0.43489575386047363,0.9215322136878967,0.42481714487075806,0.9083393216133118,0.43780362606048584,0.9089577794075012,0.4698016941547394,0.9054068326950073,0.4763690233230591,0.959052562713623,0.4913794994354248,0.91995769739151,0.5386648178100586,0.9759813547134399,0.6344488263130188,0.9222679138183594,0.651176929473877,0.9353817105293274,0.7480896711349487,0.8903621435165405,0.7190735340118408,0.9248842000961304,0.7713587880134583,0.8793900012969971,0.7427281141281128,0.9200229644775391,0.7602750062942505,0.8779186010360718,0.737707793712616,0.9227190613746643,0.7489868998527527,0.8841152787208557,0.7329102158546448,0.9716988801956177,0.7623240351676941,0.9521263241767883,0.7478416562080383,0.8948714137077332,0.7159138917922974,0.8800862431526184,0.6629408597946167,0.887593686580658,0.9215375185012817,0.8855823874473572,0.8787056803703308,0.8973690867424011,0.945227861404419,0.8947051763534546,0.9137997031211853,0.8496968746185303,0.9529314041137695,0.8530557751655579,0.9303992390632629,0
0.9020534157752991,0.4521917402744293,0.9045650362968445,0.4310632050037384,0.906521737575531,0.4285624027252197,0.9086349606513977,0.4259253740310669,0.9011321663856506,0.43537554144859314,0.9005080461502075,0.43612682819366455,0.9000107645988464,0.4367220997810364,0.9208092093467712,0.42479920387268066,0.9081681966781616,0.43911394476890564,0.9091217517852783,0.468284547328949,0.9049710631370544,0.47465798258781433,0.9607574939727783,0.49156689643859863,0.9170050621032715,0.5396275520324707,0.9766393899917603,0.6271519660949707,0.9150674343109131,0.6486009359359741,0.9408802390098572,0.7307689189910889,0.8898440003395081,0.7115690112113953,0.9311313033103943,0.7631593942642212,0.8804041147232056,0.7416907548904419,0.9244551062583923,0.7513169050216675,0.8815659284591675,0.7343408465385437,0.9272837042808533,0.7420862317085266,0.8876025676727295,0.7289917469024658,0.9693947434425354,0.7511584162712097,0.9444267749786377,0.7425498962402344,0.915173351764679,0.712029218673706,0.8795703053474426,0.6613155603408813,0.8924551606178284,0.9126676917076111,0.8856453895568848,0.8600709438323975,0.8975220918655396,0.9418202638626099,0.8947692513465881,0.8937382102012634,0.8501258492469788,0.9548530578613281,0.850503146648407,0.9278226494789124,0
0.9025172591209412,0.4499165713787079,0.905170738697052,0.4279606342315674,0.9072089791297913,0.4255976974964142,0.9096111059188843,0.42289724946022034,0.9016557931900024,0.4325457811355591,0.9010454416275024,0.43365246057510376,0.90040123462677,0.43451765179634094,0.9218303561210632,0.42332375049591064,0.9075414538383484,0.43775707483291626,0.9093958735466003,0.4652458727359772,0.9048631191253662,0.4715348780155182,0.958942711353302,0.49244388937950134,0.9139975905418396,0.540361762046814,0.9769648909568787,0.6151362061500549,0.9151043891906738,0.6507904529571533,0.9423689842224121,0.7184913158416748,0.8903148174285889,0.712526261806488,0.9302379488945007,0.7486415505409241,0.8807703852653503,0.7418841123580933,0.9238843321800232,0.7385188937187195,0.8818981647491455,0.7348356246948242,0.9271458983421326,0.7271624207496643,0.8879978656768799,0.7295287847518921,0.9700372219085693,0.7364547252655029,0.9416881203651428,0.7243704199790955,0.8950017094612122,0.6942114233970642,0.8791516423225403,0.6581172943115234,0.886183500289917,0.9032533168792725,0.8804330229759216,0.8678249716758728,0.8952640295028687,0.9366072416305542,0.8898335695266724,0.8967314958572388,0.8442465662956238,0.9520747065544128,0.8442398309707642,0.9236405491828918,0
0.9033864736557007,0.45456546545028687,0.9055130481719971,0.4335801899433136,0.9074337482452393,0.4306117594242096,0.9095847606658936,0.4274153709411621,0.9017341136932373,0.43896427750587463,0.9008783102035522,0.44011667370796204,0.9001107215881348,0.44114458560943604,0.9209161400794983,0.4259513020515442,0.9059405326843262,0.44430163502693176,0.9101423025131226,0.46707776188850403,0.9054111838340759,0.47606611251831055,0.9561840891838074,0.48616263270378113,0.9127916693687439,0.5407317876815796,0.979595422744751,0.6034897565841675,0.9013050198554993,0.6384800672531128,0.9469448328018188,0.7070250511169434,0.8806849122047424,0.6783880591392517,0.9375198483467102,0.7332309484481812,0.8703127503395081,0.6982988119125366,0.9322270750999451,0.718887984752655,0.8709094524383545,0.6888754367828369,0.9330332279205322,0.7126122117042542,0.8769879341125488,0.6873486042022705,0.9584145545959473,0.7276647686958313,0.9338768124580383,0.71783447265625,0.8916214108467102,0.7002699375152588,0.8771008849143982,0.6611052751541138,0.8865531086921692,0.9121619462966919,0.8807262182235718,0.8660811185836792,0.8929637670516968,0.9386711120605469,0.8902261257171631,0.9020456075668335,0.8468694686889648,0.955276370048523,0.8473164439201355,0.9274630546569824,0
0.9028322696685791,0.4613274037837982,0.9047383666038513,0.43998080492019653,0.9068142175674438,0.43751612305641174,0.9090162515640259,0.43449336290359497,0.9005436897277832,0.4446549415588379,0.899554967880249,0.4459076523780823,0.8986072540283203,0.447183758020401,0.9197537302970886,0.43120133876800537,0.9037852883338928,0.45183035731315613,0.9090560078620911,0.47378960251808167,0.904406726360321,0.4812704920768738,0.9553866982460022,0.4877796173095703,0.9117198586463928,0.5454524755477905,0.9815800786018372,0.595389723777771,0.9010725021362305,0.644308865070343,0.9493491053581238,0.6881823539733887,0.8785348534584045,0.6685796976089478,0.938364565372467,0.7139825820922852,0.8688388466835022,0.6881855130195618,0.9333897829055786,0.7057446837425232,0.8695715665817261,0.6780726909637451,0.9352116584777832,0.6989058256149292,0.875326931476593,0.6762549877166748,0.9551002979278564,0.7241268754005432,0.9305475354194641,0.7210650444030762,0.885341227054596,0.6731164455413818,0.8764705061912537,0.6649982333183289,0.8804814219474792,0.8935868740081787,0.8753669857978821,0.862621545791626,0.8893248438835144,0.9255620837211609,0.8861701488494873,0.9011847376823425,0.8434216976165771,0.9487102031707764,0.8437801003456116,0.9402987957000732,0
0.9002536535263062,0.45782431960105896,0.903120756149292,0.4363164007663727,0.9059841632843018,0.43403130769729614,0.908989667892456,0.43126189708709717,0.8983407616615295,0.44144725799560547,0.8974592089653015,0.44307348132133484,0.8967546820640564,0.44465669989585876,0.9185208082199097,0.43289124965667725,0.9008072018623352,0.4524771571159363,0.9089389443397522,0.47125738859176636,0.9021763205528259,0.4799737334251404,0.95506751537323,0.49065452814102173,0.9067635536193848,0.5594214797019958,0.9817022085189819,0.5906063318252563,0.894155740737915,0.6627474427223206,0.9501038789749146,0.6888555288314819,0.8737720847129822,0.6961043477058411,0.9420579075813293,0.7100656628608704,0.8677616715431213,0.7357040643692017,0.9359577298164368,0.6983756422996521,0.8692536950111389,0.7271786332130432,0.9366937875747681,0.6921079158782959,0.8756094574928284,0.7226155996322632,0.9699497222900391,0.7365052103996277,0.9384596943855286,0.7432424426078796,0.8928713798522949,0.6720265746116638,0.8774435520172119,0.662065327167511,0.8856508731842041,0.8991250395774841,0.876548707485199,0.8713029623031616,0.8935644626617432,0.9317924976348877,0.8897256851196289,0.8972768187522888,0.8434584736824036,0.9578168988227844,0.8412508964538574,0.9365756511688232,0
0.8996662497520447,0.46405380964279175,0.902490496635437,0.44394686818122864,0.9057059288024902,0.4411039352416992,0.9090169072151184,0.43808773159980774,0.8973824381828308,0.4493679702281952,0.8964285850524902,0.45076534152030945,0.8954329490661621,0.4520145356655121,0.9180669784545898,0.438198983669281,0.8987363576889038,0.45855942368507385,0.9080410003662109,0.4775230288505554,0.9015399217605591,0.48622119426727295,0.9504959583282471,0.4918961822986603,0.9093140363693237,0.5505548715591431,0.9820283055305481,0.5872604250907898,0.9124783873558044,0.6452701091766357,0.9493383169174194,0.6752923727035522,0.8883169293403625,0.6753106117248535,0.9407486319541931,0.6964942216873169,0.8795993328094482,0.6950266361236572,0.934829831123352,0.6852517127990723,0.8798036575317383,0.685836911201477,0.9348827004432678,0.6797886490821838,0.8852559328079224,0.683996856212616,0.9546129703521729,0.7296152114868164,0.9337849617004395,0.7339763641357422,0.8818456530570984,0.6622585654258728,0.8805044889450073,0.6630768775939941,0.867453396320343,0.8950278759002686,0.8784161806106567,0.8655910491943359,0.8766272068023682,0.9363095164299011,0.8862482309341431,0.9027114510536194,0.8287708759307861,0.9499863386154175,0.8448662757873535,0.9276012778282166,0
0.898370087146759,0.4653134346008301,0.9009056687355042,0.44510260224342346,0.9034000635147095,0.44222491979599,0.906593382358551,0.43909430503845215,0.8964762687683105,0.4502999186515808,0.895341694355011,0.45169302821159363,0.8943343758583069,0.4530286192893982,0.916489839553833,0.43850380182266235,0.8974911570549011,0.4586053192615509,0.9051249623298645,0.47759032249450684,0.8994855880737305,0.4834376275539398,0.9506591558456421,0.4926031827926636,0.9065296053886414,0.5490933656692505,0.9820987582206726,0.5905415415763855,0.9109706282615662,0.6444900035858154,0.9507999420166016,0.66550213098526,0.88442063331604,0.6922546029090881,0.9430163502693176,0.6871103644371033,0.8743686676025391,0.7168139219284058,0.9348804950714111,0.6761249899864197,0.8748316764831543,0.7104128003120422,0.9364740252494812,0.6706407070159912,0.880825400352478,0.7065089344978333,0.9562512636184692,0.72379469871521,0.9291584491729736,0.7195688486099243,0.8804858922958374,0.6606914401054382,0.876791775226593,0.6601273417472839,0.8741644024848938,0.874495267868042,0.8743566870689392,0.8561684489250183,0.8839179873466492,0.9118984937667847,0.8828803896903992,0.8927867412567139,0.8338525295257568,0.9395419359207153,0.8380824327468872,0.9157384037971497,0
0.8952261805534363,0.4630178213119507,0.8980147838592529,0.4426359236240387,0.9003638029098511,0.44098547101020813,0.9035573601722717,0.43875735998153687,0.8939780592918396,0.4461750090122223,0.8931214809417725,0.44721901416778564,0.8920609354972839,0.44913193583488464,0.9138222336769104,0.440025269985199,0.896979570388794,0.4572336971759796,0.9023200869560242,0.4762612283229828,0.8965272903442383,0.48175400495529175,0.9491594433784485,0.4952825605869293,0.9021161198616028,0.5473198294639587,0.9809033870697021,0.587374746799469,0.8939453363418579,0.6381426453590393,0.9493886232376099,0.6575326919555664,0.8797619938850403,0.6701431274414062,0.9411976933479309,0.6741420030593872,0.8715084791183472,0.6925075650215149,0.9349751472473145,0.663241446018219,0.8726054430007935,0.6851397156715393,0.9352318048477173,0.6595560908317566,0.8777511715888977,0.6821112632751465,0.953249990940094,0.7327830791473389,0.9302548766136169,0.7342594861984253,0.8867349624633789,0.6502076983451843,0.878197193145752,0.6658053994178772,0.8707235455513,0.8705770373344421,0.8738728761672974,0.8492334485054016,0.8788027167320251,0.9083312749862671,0.881466269493103,0.8844945430755615,0.8304340243339539,0.9308801293373108,0.838080883026123,0.9064337015151978,0
0.8966844081878662,0.4702703654766083,0.8986836075782776,0.4488985538482666,0.9016567468643188,0.4466429352760315,0.9047507643699646,0.4442269802093506,0.8938025236129761,0.4538222551345825,0.8929427266120911,0.4555959403514862,0.892066240310669,0.457377165555954,0.9127634763717651,0.4445549547672272,0.8947444558143616,0.46506547927856445,0.9043537378311157,0.48044124245643616,0.8980671763420105,0.48744335770606995,0.9467601180076599,0.49316543340682983,0.9005277752876282,0.5554738640785217,0.9783031940460205,0.5822003483772278,0.894091784954071,0.6448318362236023,0.9510096311569214,0.6493210196495056,0.8848487734794617,0.6826412081718445,0.9433930516242981,0.6669309139251709,0.8786031603813171,0.7073179483413696,0.9368790984153748,0.6542680263519287,0.8802211880683899,0.6953871250152588,0.9373865723609924,0.6489012241363525,0.8850187063217163,0.6915538311004639,0.9566707015037537,0.7124789953231812,0.9286556243896484,0.7282407283782959,0.8805425763130188,0.6528444290161133,0.8781819939613342,0.6652341485023499,0.8627457022666931,0.8696203231811523,0.8859802484512329,0.8609103560447693,0.8704385161399841,0.9071219563484192,0.8953007459640503,0.8950451612472534,0.8240621089935303,0.9264340996742249,0.8604162931442261,0.9281834363937378,0
0.8943387269973755,0.4698364734649658,0.8960024118423462,0.4489857852458954,0.8982311487197876,0.4462551772594452,0.9007850885391235,0.44327032566070557,0.8922332525253296,0.4550834596157074,0.8916369080543518,0.4564804136753082,0.8908566236495972,0.45806655287742615,0.9093838930130005,0.44226282835006714,0.8966839909553528,0.4631715714931488,0.9018861055374146,0.4808809757232666,0.8970467448234558,0.48922809958457947,0.9430056810379028,0.48832717537879944,0.9025460481643677,0.561253547668457,0.9781295657157898,0.5755572319030762,0.8980078101158142,0.6412073373794556,0.9480084776878357,0.6269019246101379,0.8805379271507263,0.6753728985786438,0.9403179883956909,0.63994961977005,0.8715030550956726,0.6982372403144836,0.9349828958511353,0.6297358870506287,0.8716878890991211,0.6908487677574158,0.9353681802749634,0.6271443367004395,0.8773515224456787,0.6876007318496704,0.9629030823707581,0.7162651419639587,0.9385089874267578,0.733884871006012,0.886351466178894,0.6438207626342773,0.8806732892990112,0.6615540385246277,0.8670700192451477,0.8742331266403198,0.8835934996604919,0.8547717332839966,0.8795172572135925,0.924599826335907,0.893517255783081,0.8919215798377991,0.8306046724319458,0.9355790019035339,0.8549864292144775,0.9210103154182434,0
0.894447386264801,0.4755130708217621,0.896211564540863,0.4555119574069977,0.8983310461044312,0.4532467722892761,0.9009459018707275,0.4507824778556824,0.8922728896141052,0.46027809381484985,0.89136803150177,0.4615713357925415,0.8902811408042908,0.46310949325561523,0.9101237654685974,0.4494490623474121,0.8951736688613892,0.4699227213859558,0.9011355042457581,0.48810121417045593,0.8966187834739685,0.49535229802131653,0.9414870142936707,0.49362912774086,0.9050626754760742,0.5505472421646118,0.976267397403717,0.5829031467437744,0.9112767577171326,0.6295088529586792,0.9466821551322937,0.6199266910552979,0.8880825638771057,0.6654191017150879,0.9390938878059387,0.6285345554351807,0.8793748021125793,0.6870694160461426,0.9321374893188477,0.6178779602050781,0.8803608417510986,0.680057168006897,0.9349493980407715,0.6162036657333374,0.8853996992111206,0.6773045063018799,0.9516391158103943,0.7183107733726501,0.9309712052345276,0.730206310749054,0.9070640206336975,0.6277395486831665,0.8779951333999634,0.6607893109321594,0.8764936923980713,0.8414011597633362,0.8686144351959229,0.8397940397262573,0.8845669627189636,0.8817764520645142,0.8752356767654419,0.8740658760070801,0.8359102606773376,0.8929972648620605,0.8355019688606262,0.8910131454467773,0
0.89214688539505,0.47808587551116943,0.8938590884208679,0.4583440124988556,0.895744800567627,0.4560713768005371,0.8977753520011902,0.45372819900512695,0.8905478119850159,0.46264275908470154,0.889887273311615,0.46370282769203186,0.8891773223876953,0.4649353623390198,0.90675950050354,0.45199981331825256,0.8949323892593384,0.4698241949081421,0.8983008861541748,0.4907057285308838,0.8945242762565613,0.4965986907482147,0.9392108917236328,0.49522995948791504,0.9069063067436218,0.549694836139679,0.9737239480018616,0.5811785459518433,0.9162854552268982,0.644120454788208,0.9366412162780762,0.6143025159835815,0.8974233865737915,0.6832818984985352,0.9295617938041687,0.623827338218689,0.8906711339950562,0.7062798142433167,0.925200343132019,0.6126081347465515,0.8912990689277649,0.6974447965621948,0.9250680208206177,0.6102089285850525,0.8958868980407715,0.6935042142868042,0.9527508616447449,0.7187818288803101,0.9338240027427673,0.7337968349456787,0.899106502532959,0.615896463394165,0.8918030858039856,0.6685651540756226,0.876208484172821,0.86090087890625,0.8804117441177368,0.8486800789833069,0.8849337697029114,0.9051517248153687,0.8890292048454285,0.8853699564933777,0.8376002907752991,0.9220120906829834,0.8502525091171265,0.9090029001235962,0
0.8914883136749268,0.4783915579319,0.8934257626533508,0.46020662784576416,0.89533531665802,0.4581858217716217,0.8974124789237976,0.455813467502594,0.890109658241272,0.46392539143562317,0.8894563913345337,0.46486756205558777,0.8886637091636658,0.46606341004371643,0.9071404933929443,0.4555480182170868,0.8948014974594116,0.47205543518066406,0.897348940372467,0.49045330286026,0.8935559988021851,0.4966096878051758,0.9388158917427063,0.5058705806732178,0.9017676115036011,0.5537400245666504,0.9760470390319824,0.5895559191703796,0.9149354696273804,0.6554992198944092,0.9465768933296204,0.601655125617981,0.8901952505111694,0.7005143165588379,0.9364671111106873,0.6057993769645691,0.8813681602478027,0.7230954766273499,0.9317271113395691,0.5930944681167603,0.8816760182380676,0.7173472046852112,0.9343039989471436,0.5915908217430115,0.8870124220848083,0.7133678793907166,0.9480476379394531,0.734138548374176,0.9275757074356079,0.7461158633232117,0.9138317704200745,0.6324612498283386,0.8742357492446899,0.674785852432251,0.8924172520637512,0.8413152694702148,0.8837162256240845,0.8613380193710327,0.9011073708534241,0.8777633905410767,0.8932733535766602,0.8930625319480896,0.8537157773971558,0.9120540022850037,0.8496087789535522,0.9234844446182251,0
0.8925106525421143,0.47864142060279846,0.8945146799087524,0.4582067131996155,0.8970279097557068,0.4549790024757385,0.8995753526687622,0.4519171118736267,0.8908668160438538,0.4638117551803589,0.890059232711792,0.46542954444885254,0.8894274830818176,0.4673575460910797,0.9087396264076233,0.4527486562728882,0.8935796618461609,0.4736770689487457,0.900050938129425,0.4870363771915436,0.8944153785705566,0.49496084451675415,0.9425787329673767,0.5119247436523438,0.8959131240844727,0.5733555555343628,0.976904571056366,0.6069849729537964,0.8965542316436768,0.669417679309845,0.9451287984848022,0.5960063934326172,0.8761545419692993,0.6914203763008118,0.9363685846328735,0.5891788005828857,0.8689417243003845,0.7050594687461853,0.9324551224708557,0.5773283243179321,0.868983268737793,0.693890392780304,0.9354178309440613,0.5801275372505188,0.8738570809364319,0.692277193069458,0.9575814008712769,0.7325093746185303,0.9281816482543945,0.7429692149162292,0.9273494482040405,0.6874924302101135,0.875152587890625,0.6752354502677917,0.8966645002365112,0.8584408760070801,0.8916223645210266,0.870482861995697,0.8983132243156433,0.880017101764679,0.8987940549850464,0.9108559489250183,0.8738229870796204,0.9174193143844604,0.8602094054222107,0.9301660060882568,0
0.8943271636962891,0.4851841330528259,0.8964380621910095,0.465589314699173,0.8992708921432495,0.4628576338291168,0.9021287560462952,0.4600905776023865,0.8915907144546509,0.470538467168808,0.8905752897262573,0.4717367887496948,0.8895428776741028,0.47296851873397827,0.9099072813987732,0.4594910740852356,0.8910730481147766,0.47834697365760803,0.901350736618042,0.49355682730674744,0.8947547078132629,0.5012350082397461,0.9415582418441772,0.5196728706359863,0.8909837007522583,0.579180896282196,0.9775432348251343,0.6054481863975525,0.8962079882621765,0.6848491430282593,0.9429664015769958,0.5918495655059814,0.8834054470062256,0.7053921818733215,0.9329590201377869,0.5873206853866577,0.8779381513595581,0.7222908735275269,0.9291039705276489,0.5724515318870544,0.8788526654243469,0.7074537873268127,0.9312083721160889,0.5739116668701172,0.8835485577583313,0.7050578594207764,0.9558704495429993,0.7481603026390076,0.9225600957870483,0.7542657852172852,0.9173803925514221,0.7120561599731445,0.8632201552391052,0.6893560886383057,0.8842833042144775,0.8858682513237,0.8726346492767334,0.8871258497238159,0.8945475816726685,0.9117234945297241,0.8836782574653625,0.9199687242507935,0.8525000810623169,0.9276683926582336,0.8405693769454956,0.9257832765579224,0
0.8928211331367493,0.48883718252182007,0.8958516120910645,0.46899673342704773,0.8984060287475586,0.46765854954719543,0.9009718894958496,0.4661381244659424,0.891002893447876,0.47120246291160583,0.890117883682251,0.47151267528533936,0.8892270922660828,0.4719284474849701,0.9089584946632385,0.4666142463684082,0.8925426006317139,0.47803065180778503,0.8995020389556885,0.5017300248146057,0.8936569094657898,0.5056553483009338,0.9349772334098816,0.5236157178878784,0.8982322216033936,0.572916567325592,0.9781900644302368,0.6097846031188965,0.9088357090950012,0.661758303642273,0.9400300979614258,0.5873895883560181,0.8919554948806763,0.656826376914978,0.9309048056602478,0.5800358057022095,0.8874397873878479,0.670529842376709,0.9272153973579407,0.5689855813980103,0.8870840072631836,0.6556071043014526,0.9289527535438538,0.569815993309021,0.8916995525360107,0.6551938056945801,0.9632619619369507,0.7428345680236816,0.9400349259376526,0.7507994771003723,0.8832169771194458,0.6813264489173889,0.8671373128890991,0.6839476823806763,0.8786885142326355,0.9020180106163025,0.8694192171096802,0.8841273784637451,0.8881508708000183,0.9344671964645386,0.8799404501914978,0.9210357069969177,0.8397791981697083,0.9528878331184387,0.8348050713539124,0.9388352632522583,0
0.8937240242958069,0.4858722984790802,0.8961142897605896,0.46826690435409546,0.8988133072853088,0.46647027134895325,0.901500403881073,0.46446743607521057,0.8915769457817078,0.4715123474597931,0.8906823992729187,0.47232091426849365,0.8898063898086548,0.47315990924835205,0.9089784622192383,0.466592013835907,0.8924350142478943,0.47977715730667114,0.9006751179695129,0.49682551622390747,0.8938515186309814,0.5036031007766724,0.9358382821083069,0.5254818201065063,0.8922924995422363,0.5797072649002075,0.9758123159408569,0.5934420824050903,0.8870840668678284,0.6720605492591858,0.9390249252319336,0.5776565074920654,0.8793585896492004,0.6919385194778442,0.9305700063705444,0.5761096477508545,0.8734684586524963,0.7131290435791016,0.9271886348724365,0.5660827159881592,0.8748601675033569,0.7021841406822205,0.929100751876831,0.5657768845558167,0.8797608017921448,0.6992042660713196,0.9601455926895142,0.737687349319458,0.933290958404541,0.7547737956047058,0.905154824256897,0.6771947145462036,0.8650773763656616,0.6893483400344849,0.8915800452232361,0.8951218128204346,0.8653008341789246,0.8811876177787781,0.8990021347999573,0.9274507761001587,0.8768061995506287,0.9167582392692566,0.8534442782402039,0.9500361680984497,0.8327928185462952,0.9373782873153687,0
0.8914432525634766,0.49930113554000854,0.8935101628303528,0.481259286403656,0.8955904245376587,0.4797797203063965,0.8980184197425842,0.4780115783214569,0.8895938396453857,0.48429128527641296,0.8887595534324646,0.4850301742553711,0.8878755569458008,0.48582249879837036,0.9073074460029602,0.47910767793655396,0.8913853168487549,0.49144816398620605,0.8974393010139465,0.5104420185089111,0.8923253417015076,0.5162061452865601,0.9338474273681641,0.5264742374420166,0.8952541947364807,0.5747215747833252,0.9763617515563965,0.5966828465461731,0.9006989002227783,0.6553196907043457,0.9412699341773987,0.5778329372406006,0.8762718439102173,0.6797485947608948,0.9303543567657471,0.5743279457092285,0.8781628012657166,0.7162161469459534,0.928187370300293,0.5663137435913086,0.8799928426742554,0.7080994248390198,0.9293178915977478,0.5694698095321655,0.8851088881492615,0.7041410803794861,0.9557687044143677,0.7236872911453247,0.9292540550231934,0.7245986461639404,0.883553147315979,0.683006763458252,0.8674303889274597,0.683478593826294,0.8724398612976074,0.8874190449714661,0.865746259689331,0.8741731643676758,0.8825786709785461,0.9189106225967407,0.8756645321846008,0.9119287729263306,0.8321554660797119,0.9404136538505554,0.8310282826423645,0.927615761756897,0
0.8926475048065186,0.5025204420089722,0.895078718662262,0.48520222306251526,0.8972341418266296,0.4831141531467438,0.8997147083282471,0.48090478777885437,0.8910831212997437,0.48966485261917114,0.8902406692504883,0.4907643496990204,0.8892465233802795,0.49203160405158997,0.907645046710968,0.4816654920578003,0.8915770649909973,0.4967048168182373,0.8985826969146729,0.5102834105491638,0.8933629393577576,0.517693817615509,0.9345369935035706,0.528891384601593,0.896285355091095,0.5826635360717773,0.9737395644187927,0.5972633361816406,0.8975472450256348,0.6548032760620117,0.9356922507286072,0.5693937540054321,0.8777567744255066,0.683096706867218,0.9273300766944885,0.5690007209777832,0.8763716816902161,0.7172948718070984,0.9240472316741943,0.5633944272994995,0.8787316679954529,0.7096567153930664,0.9260033965110779,0.5630027651786804,0.8836860656738281,0.7051261067390442,0.9543123245239258,0.7186744809150696,0.9288985729217529,0.7285987734794617,0.8841370344161987,0.6717202067375183,0.8657199144363403,0.6786966323852539,0.8707515001296997,0.8684881925582886,0.8629089593887329,0.8619556427001953,0.8808379173278809,0.8908266425132751,0.874595046043396,0.894539475440979,0.8394073843955994,0.9337992072105408,0.832571268081665,0.9311204552650452,0
0.8931044340133667,0.510475754737854,0.8953648805618286,0.493265837430954,0.8975178599357605,0.4918330907821655,0.9000197649002075,0.49019432067871094,0.8916837573051453,0.4962942898273468,0.8909931778907776,0.49721357226371765,0.8900986313819885,0.4985259771347046,0.907929003238678,0.4908808767795563,0.892558217048645,0.505026638507843,0.8987045884132385,0.5210554599761963,0.8940477967262268,0.5269023776054382,0.9346516728401184,0.5385915040969849,0.8987032175064087,0.5844395160675049,0.9713142514228821,0.5947377681732178,0.9058879017829895,0.6563593149185181,0.9380702972412109,0.5811073780059814,0.8881456851959229,0.7002549171447754,0.9292263388633728,0.5791329145431519,0.8817336559295654,0.7274719476699829,0.9251191020011902,0.5724927186965942,0.8833553791046143,0.7212416529655457,0.928150475025177,0.5765726566314697,0.8885990977287292,0.7153427600860596,0.9592669010162354,0.71968674659729,0.935933530330658,0.7324438095092773,0.8926634788513184,0.6606120467185974,0.8689886927604675,0.6803641319274902,0.8752152323722839,0.8762314319610596,0.8630154132843018,0.8582513332366943,0.8836256265640259,0.9095137119293213,0.8743472695350647,0.9045445919036865,0.8406936526298523,0.9339457750320435,0.8336396217346191,0.9172508716583252,0
0.8948240280151367,0.5177996158599854,0.8972222208976746,0.5012056827545166,0.8992530703544617,0.49897831678390503,0.9014195799827576,0.49669384956359863,0.8927975296974182,0.5064171552658081,0.8917127251625061,0.5077979564666748,0.8906247019767761,0.5091869235038757,0.9089877605438232,0.495481014251709,0.8932753801345825,0.5128254890441895,0.9011818766593933,0.5265434384346008,0.895758330821991,0.5327103734016418,0.9343509078025818,0.5463433265686035,0.9004575610160828,0.5908389091491699,0.9666797518730164,0.5914646983146667,0.9069241285324097,0.6580615043640137,0.9372810125350952,0.5871163606643677,0.9059313535690308,0.6591573357582092,0.9291366338729858,0.5875163674354553,0.9051623344421387,0.6752855777740479,0.9235332012176514,0.5786274075508118,0.9069823622703552,0.662864625453949,0.9254410862922668,0.587210476398468,0.9095727801322937,0.6606559753417969,0.9520092010498047,0.7048744559288025,0.9296716451644897,0.7170732021331787,0.8790512084960938,0.6571984887123108,0.869149386882782,0.665506899356842,0.863624095916748,0.8490161299705505,0.8547853827476501,0.8352453708648682,0.869909405708313,0.8806214928627014,0.8601939678192139,0.8865118026733398,0.8341419696807861,0.9128939509391785,0.8301677703857422,0.9172248244285583,0
0.8978075981140137,0.5206819176673889,0.8998996019363403,0.5024871230125427,0.9020533561706543,0.4998042583465576,0.9043458104133606,0.49703001976013184,0.8942251801490784,0.5090892314910889,0.8925599455833435,0.510936975479126,0.8909311890602112,0.5127116441726685,0.9112525582313538,0.49755504727363586,0.8917734026908875,0.5199170112609863,0.9051977396011353,0.5294215679168701,0.8980257511138916,0.5369580984115601,0.9399400353431702,0.5511131286621094,0.8965253829956055,0.6009600758552551,0.9636318683624268,0.6162902116775513,0.8940657377243042,0.6821803450584412,0.928674578666687,0.6103785037994385,0.9001668095588684,0.6625392436981201,0.914465069770813,0.601161539554596,0.901526153087616,0.6707905530929565,0.9121197462081909,0.5827099680900574,0.9036527276039124,0.6499500870704651,0.9131922125816345,0.5901613235473633,0.9055536985397339,0.650361180305481,0.9540168642997742,0.7149475812911987,0.925288736820221,0.7262692451477051,0.9081311821937561,0.644837498664856,0.864551305770874,0.668194055557251,0.8975363969802856,0.8320941925048828,0.8703593015670776,0.8498656749725342,0.9016467928886414,0.8568379878997803,0.8800731897354126,0.8771001696586609,0.8772095441818237,0.9006246328353882,0.8514980673789978,0.9158492088317871,0
0.8971309661865234,0.5286180973052979,0.8998234272003174,0.5108556747436523,0.9022335410118103,0.5088929533958435,0.904547393321991,0.5068643093109131,0.8942742347717285,0.5148885250091553,0.8929588794708252,0.5158020257949829,0.8916997909545898,0.5167967081069946,0.910921037197113,0.5079910755157471,0.8934556841850281,0.5241338014602661,0.9034274220466614,0.538360595703125,0.8968356251716614,0.5445946455001831,0.9385374188423157,0.5617184638977051,0.9008193016052246,0.6037210822105408,0.9644433856010437,0.6206881999969482,0.887906014919281,0.6904847621917725,0.9303995966911316,0.6198006868362427,0.8844396471977234,0.685809850692749,0.9216050505638123,0.6230947971343994,0.8828459978103638,0.6957247257232666,0.9168659448623657,0.6082465648651123,0.8854258060455322,0.6765646934509277,0.9204223155975342,0.6114246845245361,0.8884910345077515,0.6771655678749084,0.958442747592926,0.7324860692024231,0.9341776967048645,0.7492095232009888,0.8963310718536377,0.6748754978179932,0.8586438298225403,0.6769663691520691,0.8938245177268982,0.844818651676178,0.887516438961029,0.8410760760307312,0.8999848961830139,0.8651950359344482,0.8998836874961853,0.8617572784423828,0.8745367527008057,0.9101082682609558,0.8718719482421875,0.907759964466095,0
0.8982105255126953,0.5322092175483704,0.9006037712097168,0.516393780708313,0.9028605818748474,0.5145591497421265,0.9048198461532593,0.5128729343414307,0.8954471945762634,0.5192567110061646,0.894184410572052,0.5197164416313171,0.8929456472396851,0.5201908349990845,0.9098693132400513,0.5126936435699463,0.893685519695282,0.5274536609649658,0.9044547080993652,0.5424947142601013,0.8982970118522644,0.5479064583778381,0.9314581155776978,0.5525174736976624,0.8946969509124756,0.5937718152999878,0.9617973566055298,0.5898016691207886,0.9001995921134949,0.6654033064842224,0.9345930218696594,0.6048669815063477,0.91131192445755,0.6558144092559814,0.9299954771995544,0.6163084506988525,0.9137460589408875,0.6690167188644409,0.9248323440551758,0.612825870513916,0.9178090691566467,0.6519849300384521,0.927429735660553,0.6151999235153198,0.9192774891853333,0.6506858468055725,0.9571518898010254,0.6848435997962952,0.9309626817703247,0.717110276222229,0.929068922996521,0.5352606177330017,0.8706152439117432,0.6565736532211304,0.9415735006332397,0.7264047861099243,0.8914192914962769,0.7754512429237366,0.9490427374839783,0.7540543675422668,0.903123140335083,0.79505854845047,0.9299795627593994,0.7989810705184937,0.8757097125053406,0.8380492925643921,0
0.899168848991394,0.5346882343292236,0.9012776613235474,0.5187983512878418,0.903398871421814,0.5166501998901367,0.9059420228004456,0.5143811702728271,0.8964931964874268,0.5234888792037964,0.8953911662101746,0.5248605012893677,0.8943098783493042,0.5263796448707581,0.9122323989868164,0.5153570771217346,0.8965047001838684,0.531179666519165,0.9056432247161865,0.5426554083824158,0.8996405601501465,0.5491777658462524,0.9372836947441101,0.5577914714813232,0.9016762971878052,0.6050769686698914,0.9723033905029297,0.6058088541030884,0.8975628614425659,0.6854068040847778,0.9385813474655151,0.6058255434036255,0.9034421443939209,0.6704491376876831,0.9303902983665466,0.6094459295272827,0.9047427773475647,0.6755781173706055,0.9246224761009216,0.6016324758529663,0.9073444604873657,0.6596733331680298,0.9275990128517151,0.6035361886024475,0.9085502624511719,0.6597784161567688,0.9568622708320618,0.7148078083992004,0.934556782245636,0.7361346483230591,0.9121465682983398,0.6222084164619446,0.8735079169273376,0.6739890575408936,0.9075113534927368,0.7203338146209717,0.9016268849372864,0.7531625032424927,0.9108166694641113,0.7301163077354431,0.910591721534729,0.7610582113265991,0.8934195637702942,0.7595573663711548,0.8942663669586182,0.7880454063415527,0
0.8987000584602356,0.5378963351249695,0.9028549790382385,0.52110755443573,0.9050809741020203,0.5194270610809326,0.9077451229095459,0.5193300247192383,0.8970696330070496,0.524162232875824,0.8955029249191284,0.5244958996772766,0.8937169909477234,0.5251281261444092,0.9104068875312805,0.5211764574050903,0.8926581740379333,0.5318328738212585,0.905275821685791,0.5509516596794128,0.8963143229484558,0.5529693365097046,0.922358512878418,0.5695304870605469,0.8843567967414856,0.6099576950073242,0.9512346982955933,0.58282071352005,0.8814757466316223,0.6690226197242737,0.9348047971725464,0.5860908031463623,0.8604036569595337,0.6751126050949097,0.9326455593109131,0.5893828272819519,0.8526952266693115,0.6825414299964905,0.9278756976127625,0.588150143623352,0.8539197444915771,0.6741068363189697,0.9281527400016785,0.5911303758621216,0.8586580753326416,0.672805905342102,0.9474371671676636,0.6962244510650635,0.925383448600769,0.7321003079414368,0.9350391030311584,0.5480044484138489,0.8744473457336426,0.6475822329521179,0.9697635173797607,0.6959222555160522,0.9119189381599426,0.7364447116851807,0.9747456312179565,0.7213836312294006,0.9223124384880066,0.7473276853561401,0.978643536567688,0.7353766560554504,0.9107075929641724,0.7698334455490112,0
0.8996861577033997,0.5369711518287659,0.9047518968582153,0.5234953761100769,0.9072660803794861,0.5223739147186279,0.9092816114425659,0.5214464664459229,0.8994946479797363,0.5248194932937622,0.8981683254241943,0.5246042013168335,0.8969815373420715,0.5249295234680176,0.9128414988517761,0.5239740014076233,0.8978477120399475,0.5321260690689087,0.9062234163284302,0.5498780608177185,0.896662712097168,0.5541545152664185,0.9250674843788147,0.5641434788703918,0.8914740085601807,0.6085261106491089,0.9432908296585083,0.6072793006896973,0.884139358997345,0.6800117492675781,0.9197307825088501,0.6280264258384705,0.8702001571655273,0.680851936340332,0.9158253073692322,0.6379551887512207,0.8654025793075562,0.6877723932266235,0.9119982123374939,0.6340171098709106,0.8666280508041382,0.6771746277809143,0.9132481217384338,0.6342645883560181,0.8702853918075562,0.676588773727417,0.9537856578826904,0.6893423795700073,0.9330057501792908,0.7228329181671143,0.9293891191482544,0.5482069849967957,0.8837738037109375,0.6233781576156616,0.9573084712028503,0.6910816431045532,0.9095340371131897,0.7337983846664429,0.9627861380577087,0.7147842049598694,0.9183247089385986,0.7505304217338562,0.9590855240821838,0.7333278059959412,0.9047621488571167,0.7669876217842102,0
0.9006174206733704,0.5425290465354919,0.905857264995575,0.5291833877563477,0.9080079793930054,0.5280745625495911,0.9100096821784973,0.5268125534057617,0.9003218412399292,0.5315666198730469,0.8979253172874451,0.5325130224227905,0.8962044715881348,0.5333830118179321,0.9138018488883972,0.5298375487327576,0.8944041728973389,0.5413659811019897,0.9067145586013794,0.5573011636734009,0.8961599469184875,0.5613377690315247,0.9216554760932922,0.5699582099914551,0.8793504238128662,0.6340481638908386,0.9496289491653442,0.5941659212112427,0.8756198287010193,0.7198014855384827,0.9298042058944702,0.6070020198822021,0.8619098663330078,0.6991411447525024,0.9276424646377563,0.6146905422210693,0.8581180572509766,0.7010746598243713,0.9226534366607666,0.6120753288269043,0.8585455417633057,0.6861436367034912,0.9230696558952332,0.6145375370979309,0.8619040846824646,0.6876757740974426,0.9528210759162903,0.6918157935142517,0.933053731918335,0.7370173931121826,0.9351000189781189,0.5430975556373596,0.8772664070129395,0.6333349943161011,0.97615647315979,0.6902436017990112,0.9193041324615479,0.708306610584259,0.9820439219474792,0.7164524793624878,0.9288628697395325,0.7186459898948669,0.9863799810409546,0.7296242117881775,0.9236027002334595,0.7315620183944702,0
0.0,0.0,0.0,0.0,0.0,0.0,0.0,0.0,0.0,0.0,0.0,0.0,0.0,0.0,0.0,0.0,0.0,0.0,0.0,0.0,0.0,0.0,0.0,0.0,0.0,0.0,0.0,0.0,0.0,0.0,0.0,0.0,0.0,0.0,0.0,0.0,0.0,0.0,0.0,0.0,0.0,0.0,0.0,0.0,0.0,0.0,0.0,0.0,0.0,0.0,0.0,0.0,0.0,0.0,0.0,0.0,0.0,0.0,0.0,0.0,0.0,0.0,0.0,0.0,0.0,0.0,0
0.9011704325675964,0.5633504986763,0.9046007394790649,0.5534595251083374,0.907999575138092,0.5456560254096985,0.9091837406158447,0.5443211197853088,0.9009401202201843,0.559154212474823,0.8997816443443298,0.5608915090560913,0.8965625166893005,0.5698860287666321,0.9101275205612183,0.5476711988449097,0.8987115025520325,0.5758346915245056,0.9059996008872986,0.5724397897720337,0.8982952237129211,0.582477331161499,0.9295233488082886,0.5725516080856323,0.8978358507156372,0.6530335545539856,0.9427106976509094,0.565720796585083,0.8858115673065186,0.7236995697021484,0.935759425163269,0.5823317766189575,0.8796650171279907,0.679237961769104,0.9330308437347412,0.5856693387031555,0.8778767585754395,0.6738358736038208,0.929275631904602,0.5901644229888916,0.8795280456542969,0.6606810688972473,0.9301894903182983,0.5929718017578125,0.8813250660896301,0.6638690233230591,0.9596996903419495,0.7005958557128906,0.942412257194519,0.7520099878311157,0.9170571565628052,0.6152705550193787,0.8869156837463379,0.6811049580574036,0.9022458791732788,0.7001469731330872,0.8938084840774536,0.7116543650627136,0.9008482098579407,0.716417670249939,0.8978157043457031,0.7158710360527039,0.8943257331848145,0.7168657183647156,0.8893288373947144,0.7210238575935364,0
0.9021571278572083,0.5590741038322449,0.9063203930854797,0.5452446341514587,0.9074345231056213,0.543881893157959,0.9084233641624451,0.5426034331321716,0.9024099707603455,0.553627610206604,0.9016532897949219,0.5547953248023987,0.90079265832901,0.5559952259063721,0.9108668565750122,0.5402889847755432,0.8984729647636414,0.5693845748901367,0.9077187776565552,0.5633636713027954,0.901993989944458,0.5717169046401978,0.9338772892951965,0.5657174587249756,0.9043465852737427,0.638836145401001,0.953496515750885,0.5544841289520264,0.8927335143089294,0.7031493186950684,0.9283766746520996,0.561223566532135,0.8826257586479187,0.6735692620277405,0.9235955476760864,0.5625360608100891,0.8796628713607788,0.6702980399131775,0.9196849465370178,0.5635780692100525,0.881328821182251,0.6612706184387207,0.921391487121582,0.5662204027175903,0.8833785653114319,0.6630314588546753,0.9703560471534729,0.6966156363487244,0.953890860080719,0.7463359236717224,0.9241504669189453,0.6268208026885986,0.898609459400177,0.697692334651947,0.8971275687217712,0.703984797000885,0.8913036584854126,0.7207552194595337,0.8928067088127136,0.7204216122627258,0.8924100399017334,0.7254322171211243,0.8870372772216797,0.7102240920066833,0.8846010565757751,0.7214147448539734,0
0.9034810066223145,0.5636444687843323,0.9080535173416138,0.5426640510559082,0.9099075794219971,0.5408856868743896,0.912364661693573,0.5427147150039673,0.9022579193115234,0.5499838590621948,0.9008561372756958,0.5513476133346558,0.8984084725379944,0.5555191040039062,0.9139564037322998,0.5471631288528442,0.8981287479400635,0.5667216777801514,0.9088718295097351,0.5764820575714111,0.9009783267974854,0.5826727151870728,0.9320827722549438,0.5912772417068481,0.8879565000534058,0.6647520065307617,0.9515393972396851,0.6089239120483398,0.8845270276069641,0.7658865451812744,0.9222093224525452,0.592900812625885,0.879395604133606,0.701850414276123,0.9159841537475586,0.5896548628807068,0.878871738910675,0.691494882106781,0.9123039245605469,0.587123692035675,0.8793145418167114,0.6737708449363708,0.9142045974731445,0.5914081931114197,0.8805301785469055,0.6785231828689575,0.9637850522994995,0.7568832039833069,0.9434229731559753,0.7945106029510498,0.938819169998169,0.6907527446746826,0.8943099975585938,0.727241575717926,0.9069657325744629,0.7463682293891907,0.9016435742378235,0.7594555020332336,0.9036204218864441,0.7568005919456482,0.9074335694313049,0.7649307250976562,0.8920989036560059,0.7540127038955688,0.8920919895172119,0.7672370672225952,0
0.9053468704223633,0.5599944591522217,0.9096751809120178,0.5411509275436401,0.9111628532409668,0.5391160249710083,0.9123848676681519,0.537335991859436,0.9040840268135071,0.5501056909561157,0.9028031826019287,0.5515252947807312,0.9014873504638672,0.5526652932167053,0.915850043296814,0.5404026508331299,0.9012501835823059,0.5608665943145752,0.9125581979751587,0.5643747448921204,0.9037291407585144,0.5681034326553345,0.9347344636917114,0.5698134899139404,0.9040780663490295,0.6210159659385681,0.9461473226547241,0.5893789529800415,0.8890213966369629,0.6867738962173462,0.916023313999176,0.5935029983520508,0.8780888319015503,0.6648223996162415,0.9102745652198792,0.5981382131576538,0.8747426271438599,0.666534423828125,0.9056858420372009,0.594532310962677,0.8767820000648499,0.6533486247062683,0.907846987247467,0.595109760761261,0.8792271018028259,0.6540552377700806,0.9625414609909058,0.6983677744865417,0.9434221386909485,0.7295058965682983,0.9297966957092285,0.6305480003356934,0.8914462924003601,0.6632575988769531,0.9107993245124817,0.7208214402198792,0.9045823812484741,0.7264477014541626,0.9089933037757874,0.7353701591491699,0.910086989402771,0.7356279492378235,0.9009455442428589,0.7423388957977295,0.8990490436553955,0.7436264157295227,0
0.9058749079704285,0.5593101978302002,0.9104072451591492,0.5413635969161987,0.9120191335678101,0.5397063493728638,0.9133801460266113,0.5382884740829468,0.9053893089294434,0.547730565071106,0.9042120575904846,0.5489220023155212,0.9029930233955383,0.5500189661979675,0.9155755639076233,0.5443006753921509,0.9009596109390259,0.5580412745475769,0.9106889963150024,0.5704917311668396,0.9034786820411682,0.5693286657333374,0.9282522797584534,0.5793792009353638,0.8998837471008301,0.6348280906677246,0.9485664367675781,0.5893654227256775,0.8840961456298828,0.7115049362182617,0.9247182607650757,0.5961624979972839,0.87099289894104,0.6947017312049866,0.9205025434494019,0.5989112854003906,0.8668944239616394,0.6962511539459229,0.9162802696228027,0.5977835655212402,0.8687030673027039,0.683478057384491,0.9176712036132812,0.599818229675293,0.8713762164115906,0.6839837431907654,0.9624142050743103,0.7056480050086975,0.9432185292243958,0.7440351843833923,0.9353625178337097,0.6501035690307617,0.8939214944839478,0.6951684355735779,0.9231197834014893,0.7439838647842407,0.9145695567131042,0.7362576127052307,0.9202157855033875,0.7567757964134216,0.9197424054145813,0.73848557472229,0.9214187264442444,0.7708588242530823,0.9154270887374878,0.7562205195426941,0
0.9027248620986938,0.5612648129463196,0.9083401560783386,0.5416672825813293,0.9099339246749878,0.5396802425384521,0.911336362361908,0.5381226539611816,0.9037203788757324,0.5503183007240295,0.9029093980789185,0.5515011548995972,0.9020847082138062,0.5527053475379944,0.9137136340141296,0.5410876274108887,0.9014209508895874,0.5629703998565674,0.9076091051101685,0.5722830891609192,0.9009873270988464,0.5785691738128662,0.9292263984680176,0.5784658789634705,0.9088624715805054,0.6348340511322021,0.9529551267623901,0.5983125567436218,0.8984876275062561,0.7037764191627502,0.9355000257492065,0.6344377994537354,0.8813678026199341,0.7027154564857483,0.9333120584487915,0.6433204412460327,0.8753359913825989,0.7075542211532593,0.9289129972457886,0.6445291042327881,0.8767432570457458,0.6981333494186401,0.9298149943351746,0.6436381340026855,0.8799678087234497,0.6972561478614807,0.9688206911087036,0.6931419968605042,0.9557483196258545,0.7362274527549744,0.9176534414291382,0.6304953694343567,0.8997697234153748,0.6878139972686768,0.9112433791160583,0.7096366286277771,0.9051663279533386,0.7146018743515015,0.9121717214584351,0.7218882441520691,0.9089558720588684,0.7166194915771484,0.9037240743637085,0.7334437370300293,0.8991222381591797,0.7300626039505005,0
0.9046379923820496,0.5600188970565796,0.9093427658081055,0.54288250207901,0.9110846519470215,0.5409510135650635,0.9126498103141785,0.5392193794250488,0.9043286442756653,0.5506054162979126,0.9031932950019836,0.5520485639572144,0.9020231366157532,0.5534555315971375,0.9145520329475403,0.5424759984016418,0.9012038707733154,0.5636427998542786,0.9102203249931335,0.5707097053527832,0.9029510021209717,0.5777915716171265,0.9300474524497986,0.579696774482727,0.9041247963905334,0.6502482295036316,0.9557221531867981,0.5954806804656982,0.8957797884941101,0.7357773184776306,0.9390865564346313,0.6213178038597107,0.8777549266815186,0.7120126485824585,0.9370737671852112,0.6249839067459106,0.8723122477531433,0.7103613018989563,0.933464765548706,0.6297807097434998,0.8731814026832581,0.7001607418060303,0.9338977932929993,0.6330366134643555,0.876598060131073,0.7017393708229065,0.9777843952178955,0.7179348468780518,0.9596728682518005,0.7660892605781555,0.9350192546844482,0.6395744681358337,0.9049526453018188,0.7059411406517029,0.9267187714576721,0.7567499279975891,0.9183435440063477,0.7635005712509155,0.9254601001739502,0.7720500826835632,0.9241344928741455,0.7699800133705139,0.9192257523536682,0.7904868721961975,0.9095852971076965,0.7865129113197327,0
0.9071109890937805,0.55908203125,0.9110747575759888,0.5423949956893921,0.912531316280365,0.5405254364013672,0.9138728976249695,0.538989782333374,0.907196581363678,0.5496537685394287,0.9065892696380615,0.5510115623474121,0.9060305953025818,0.5523728728294373,0.9175868034362793,0.5405163764953613,0.9083051681518555,0.5573148727416992,0.9137028455734253,0.5645814538002014,0.9080358147621155,0.5716668367385864,0.9374707341194153,0.5761104226112366,0.9231850504875183,0.6260277032852173,0.9538565874099731,0.6011157631874084,0.9134922027587891,0.6692764163017273,0.9386389851570129,0.6275542378425598,0.8871138691902161,0.6885972023010254,0.9376106858253479,0.6343865394592285,0.8779557943344116,0.6980499029159546,0.934167742729187,0.6351636648178101,0.879753589630127,0.6956567168235779,0.9343888759613037,0.6344690918922424,0.8837019205093384,0.6925078630447388,0.9895467162132263,0.7100948095321655,0.978120744228363,0.7524645328521729,0.9299448728561401,0.6580018401145935,0.9245683550834656,0.6989454627037048,0.8840171098709106,0.6663516163825989,0.8809741139411926,0.6659879684448242,0.8778449296951294,0.6810765266418457,0.8766805529594421,0.6720885634422302,0.8647264838218689,0.6281626224517822,0.8633573055267334,0.6261336803436279,0
0.9069997668266296,0.5593613982200623,0.9108457565307617,0.5422455072402954,0.9128187298774719,0.5394975543022156,0.9146391153335571,0.5368927121162415,0.905860424041748,0.5503267645835876,0.9047693610191345,0.5522382259368896,0.9032610654830933,0.5554553270339966,0.9179248213768005,0.5409865379333496,0.9044890403747559,0.5648678541183472,0.9138588905334473,0.5643084645271301,0.9065988063812256,0.5726550817489624,0.9374678730964661,0.5765162110328674,0.9069445133209229,0.6345863938331604,0.9694777131080627,0.5884833931922913,0.8992688059806824,0.7180068492889404,0.963382363319397,0.6402330994606018,0.8868821859359741,0.7063845992088318,0.9650418758392334,0.6539592742919922,0.8835504055023193,0.7115598320960999,0.960003137588501,0.6591096520423889,0.8847931623458862,0.6978616714477539,0.9592580795288086,0.6581363081932068,0.8877541422843933,0.6977034211158752,0.9799374938011169,0.6928246021270752,0.9543260335922241,0.7371414303779602,0.9683908820152283,0.6450195908546448,0.9104209542274475,0.720310389995575,0.9464965462684631,0.7736027240753174,0.930155873298645,0.7814050316810608,0.9419985413551331,0.7846860885620117,0.9363859295845032,0.7847011685371399,0.9397740364074707,0.8243990540504456,0.9256395101547241,0.8156053423881531,0
0.906496524810791,0.5557984113693237,0.9097470045089722,0.5429473519325256,0.9126126766204834,0.5408903956413269,0.914607584476471,0.5390163660049438,0.9045125246047974,0.5482915043830872,0.9033600091934204,0.5495986342430115,0.9022160172462463,0.5509274005889893,0.9175976514816284,0.5418050289154053,0.901677131652832,0.5590407848358154,0.9114840626716614,0.5641989707946777,0.9046022891998291,0.5699945688247681,0.9333122968673706,0.5812744498252869,0.8898035883903503,0.6234487891197205,0.9598289132118225,0.6166471242904663,0.877379834651947,0.7062309980392456,0.9313009977340698,0.6105049252510071,0.8819478750228882,0.6778817176818848,0.9268808364868164,0.6158755421638489,0.883888304233551,0.6808438897132874,0.9209179878234863,0.6115037202835083,0.8863507509231567,0.6666819453239441,0.9219263792037964,0.6148783564567566,0.8876173496246338,0.6693081855773926,0.9536603689193726,0.7055569887161255,0.9283617734909058,0.7429894208908081,0.9626855850219727,0.6033568382263184,0.9000580310821533,0.6659837961196899,0.9858025908470154,0.762595534324646,0.9547096490859985,0.7942980527877808,0.9857252836227417,0.7908639311790466,0.9642337560653687,0.8137783408164978,0.9985219240188599,0.7990014553070068,0.9660148620605469,0.8273013830184937,0
0.9054424166679382,0.556572437286377,0.9086869955062866,0.5427154898643494,0.9107162356376648,0.5401507616043091,0.9125455617904663,0.5375750064849854,0.9038660526275635,0.548638105392456,0.9025556445121765,0.5506643056869507,0.9015260338783264,0.5522195100784302,0.9175752401351929,0.5385486483573914,0.902926504611969,0.5616718530654907,0.9110295176506042,0.5633341073989868,0.9047629833221436,0.5707446932792664,0.934320330619812,0.5723608136177063,0.9008005857467651,0.6155829429626465,0.9518491625785828,0.5923261642456055,0.8826438188552856,0.6810407042503357,0.925086498260498,0.6168804168701172,0.884745180606842,0.67558354139328,0.9201172590255737,0.628486156463623,0.8849576711654663,0.6848982572555542,0.9158165454864502,0.6275917887687683,0.8894808888435364,0.6698544025421143,0.9178860187530518,0.6271891593933105,0.8913367986679077,0.6692991256713867,0.9629383683204651,0.7007870674133301,0.939016580581665,0.7298553586006165,0.9549885392189026,0.6047955751419067,0.8931098580360413,0.6705047488212585,0.9529458284378052,0.7567006349563599,0.9295989871025085,0.7796111702919006,0.9528619647026062,0.7771052718162537,0.9401644468307495,0.7901510000228882,0.9502439498901367,0.8056317567825317,0.9253025650978088,0.82912278175354,0
0.9048726558685303,0.5608186721801758,0.907964825630188,0.5458582639694214,0.9100874066352844,0.5437648296356201,0.912052571773529,0.5417139530181885,0.903448760509491,0.5506877899169922,0.9023656845092773,0.5522826910018921,0.901528000831604,0.5534520745277405,0.9176002144813538,0.5432254076004028,0.9031769037246704,0.5598828792572021,0.9097532033920288,0.5694440603256226,0.9045535922050476,0.5750400424003601,0.9321431517601013,0.5833677053451538,0.8978698253631592,0.6332271099090576,0.9461528658866882,0.6228261590003967,0.8870211243629456,0.6893523931503296,0.9171508550643921,0.6302005052566528,0.8870196342468262,0.676371693611145,0.9128051996231079,0.6398515105247498,0.8874428868293762,0.6831616163253784,0.9081053137779236,0.6356369853019714,0.8903976082801819,0.6690247058868408,0.9094939231872559,0.636569619178772,0.8920040130615234,0.6694260835647583,0.9549169540405273,0.7099834680557251,0.9333933591842651,0.7438665628433228,0.9477283358573914,0.6243569850921631,0.8998737335205078,0.6825889945030212,0.9767040014266968,0.7589497566223145,0.9590024948120117,0.765619158744812,0.9788176417350769,0.7814335227012634,0.9694063663482666,0.774931013584137,0.9861247539520264,0.795264720916748,0.969375491142273,0.7969263195991516,0
0.9045477509498596,0.5628207325935364,0.9077115058898926,0.5487149953842163,0.9098560214042664,0.5458396673202515,0.9117358922958374,0.5430044531822205,0.9026322364807129,0.5554666519165039,0.901491105556488,0.557181715965271,0.9002798795700073,0.5591541528701782,0.9166303873062134,0.5437036752700806,0.9024248123168945,0.5689427256584167,0.9110805988311768,0.5676431059837341,0.904522716999054,0.5760487914085388,0.9343420267105103,0.5753209590911865,0.9029552936553955,0.6241753697395325,0.9663369059562683,0.5867539644241333,0.8934711217880249,0.6926476955413818,0.9574650526046753,0.6239368319511414,0.8870804905891418,0.6801931858062744,0.9589575529098511,0.6386626958847046,0.8858137130737305,0.6873762607574463,0.9538272619247437,0.6399974822998047,0.8876655101776123,0.6730989217758179,0.9533224701881409,0.6394600868225098,0.8899592757225037,0.6733116507530212,0.9685402512550354,0.6911678910255432,0.9451249241828918,0.7344576120376587,0.9611721038818359,0.6272424459457397,0.9116750955581665,0.7086672186851501,0.9876590371131897,0.7902998328208923,0.9763041734695435,0.8008231520652771,0.9897840619087219,0.8130159378051758,0.9874643087387085,0.8065075874328613,0.9985002279281616,0.8374383449554443,0.9887990951538086,0.8466508388519287,0
0.903229832649231,0.5651689767837524,0.9060702323913574,0.5498695373535156,0.9081788063049316,0.5469548106193542,0.9101049304008484,0.5439815521240234,0.9015242457389832,0.5566176176071167,0.9003407955169678,0.5588781237602234,0.8994578123092651,0.5604630708694458,0.9155977368354797,0.5426730513572693,0.9014706611633301,0.5669160485267639,0.9093735814094543,0.5691683292388916,0.9034388661384583,0.5774420499801636,0.9348219037055969,0.572055459022522,0.9032268524169922,0.6259434819221497,0.9591842889785767,0.5966204404830933,0.8960656523704529,0.6942720413208008,0.9318970441818237,0.6233412623405457,0.8891596794128418,0.681603193283081,0.927977442741394,0.6367638111114502,0.8873856067657471,0.6875584125518799,0.922355055809021,0.6338450312614441,0.8863540887832642,0.6621989607810974,0.9240291714668274,0.6335505247116089,0.8877755403518677,0.6620310544967651,0.9699649214744568,0.702409029006958,0.9464149475097656,0.7434018850326538,0.9592241048812866,0.6334934830665588,0.9074059128761292,0.7090731859207153,0.9851488471031189,0.7911058068275452,0.9615750908851624,0.8011990189552307,0.9875683784484863,0.8135267496109009,0.9722109436988831,0.8095976710319519,0.992830216884613,0.8366031050682068,0.9682120680809021,0.8409388661384583,0
0.8996628522872925,0.5720837116241455,0.901959240436554,0.5577268004417419,0.9032647609710693,0.5559780597686768,0.9054412841796875,0.5527199506759644,0.8989468216896057,0.5635403394699097,0.8984541296958923,0.5650773048400879,0.8979145884513855,0.5667707920074463,0.9126815795898438,0.5512871742248535,0.9012196063995361,0.5719724893569946,0.9048091769218445,0.5795347690582275,0.899733304977417,0.58640456199646,0.9298417568206787,0.5764225125312805,0.8957644701004028,0.6390544176101685,0.9452958703041077,0.6123793721199036,0.8832504749298096,0.6960945725440979,0.9164086580276489,0.6124935150146484,0.8800901770591736,0.6742548942565918,0.9122551679611206,0.621643602848053,0.8806349039077759,0.6793056726455688,0.9069818258285522,0.6157893538475037,0.882757306098938,0.656760036945343,0.9083284139633179,0.6174691319465637,0.8844068050384521,0.6605451107025146,0.9565942883491516,0.7052329778671265,0.9349897503852844,0.7462327480316162,0.9583628177642822,0.6164547801017761,0.9065538048744202,0.6938373446464539,0.9825469851493835,0.7603625059127808,0.976650595664978,0.7631086707115173,0.9838383793830872,0.7836835384368896,0.987191915512085,0.7696973085403442,0.9918620586395264,0.7939683198928833,0.9926952123641968,0.7865210771560669,0
0.9003497958183289,0.572410523891449,0.9030469059944153,0.5584408044815063,0.9048922061920166,0.5567058324813843,0.9068984389305115,0.5546346306800842,0.9002063274383545,0.5607371926307678,0.8998951315879822,0.5608595013618469,0.8993573188781738,0.5614033341407776,0.9133500456809998,0.5532747507095337,0.902499794960022,0.5639626979827881,0.904695451259613,0.5816223621368408,0.9013880491256714,0.5833250880241394,0.9266929626464844,0.5936474800109863,0.8992301225662231,0.6201974153518677,0.931747555732727,0.6356271505355835,0.889132022857666,0.673814594745636,0.899617075920105,0.6331481337547302,0.8806630373001099,0.6645317673683167,0.8944652676582336,0.6432989835739136,0.8786261677742004,0.673236072063446,0.8882142901420593,0.6459299325942993,0.8818047046661377,0.6582216024398804,0.8922337293624878,0.6451653242111206,0.8843973875045776,0.6580921411514282,0.9504629969596863,0.6966325640678406,0.9330525398254395,0.7321003079414368,0.9373737573623657,0.6317192316055298,0.9078289270401001,0.6901520490646362,0.9889225959777832,0.7551923990249634,0.9697126746177673,0.762330949306488,0.9974174499511719,0.7706971168518066,0.9817070960998535,0.767085611820221,1.0014420747756958,0.8173840641975403,0.9833053946495056,0.8094361424446106,0
0.8989733457565308,0.5700432658195496,0.9012414813041687,0.5557654500007629,0.9027693867683411,0.5533372759819031,0.9043200612068176,0.5508572459220886,0.8979959487915039,0.5604771375656128,0.8970316052436829,0.5617381930351257,0.8964056372642517,0.5623507499694824,0.910122811794281,0.5489368438720703,0.8983835577964783,0.5644305944442749,0.9045149683952332,0.5767010450363159,0.8998363614082336,0.5806220769882202,0.9286162257194519,0.5838696956634521,0.8951676487922668,0.6314102411270142,0.9364908933639526,0.6342551112174988,0.8813593983650208,0.6957366466522217,0.8995028138160706,0.6309157609939575,0.8778420090675354,0.6746729016304016,0.8960318565368652,0.6393339037895203,0.8749766945838928,0.6694619655609131,0.8885954022407532,0.6371732950210571,0.8799687623977661,0.6576508283615112,0.892871618270874,0.6370320916175842,0.8805397152900696,0.6585003733634949,0.9488887190818787,0.7114092111587524,0.9280628561973572,0.7452214360237122,0.9447199702262878,0.6515099406242371,0.9108795523643494,0.6901344060897827,0.9895233511924744,0.7648918628692627,0.978268027305603,0.7619974613189697,0.9952614903450012,0.7792079448699951,0.988211989402771,0.768226146697998,0.9997791051864624,0.8038301467895508,0.9956144690513611,0.7859271764755249,0
0.0,0.0,0.0,0.0,0.0,0.0,0.0,0.0,0.0,0.0,0.0,0.0,0.0,0.0,0.0,0.0,0.0,0.0,0.0,0.0,0.0,0.0,0.0,0.0,0.0,0.0,0.0,0.0,0.0,0.0,0.0,0.0,0.0,0.0,0.0,0.0,0.0,0.0,0.0,0.0,0.0,0.0,0.0,0.0,0.0,0.0,0.0,0.0,0.0,0.0,0.0,0.0,0.0,0.0,0.0,0.0,0.0,0.0,0.0,0.0,0.0,0.0,0.0,0.0,0.0,0.0,0
0.0,0.0,0.0,0.0,0.0,0.0,0.0,0.0,0.0,0.0,0.0,0.0,0.0,0.0,0.0,0.0,0.0,0.0,0.0,0.0,0.0,0.0,0.0,0.0,0.0,0.0,0.0,0.0,0.0,0.0,0.0,0.0,0.0,0.0,0.0,0.0,0.0,0.0,0.0,0.0,0.0,0.0,0.0,0.0,0.0,0.0,0.0,0.0,0.0,0.0,0.0,0.0,0.0,0.0,0.0,0.0,0.0,0.0,0.0,0.0,0.0,0.0,0.0,0.0,0.0,0.0,0
0.8959214091300964,0.5805937051773071,0.8977347612380981,0.5679801106452942,0.8990076184272766,0.5658377408981323,0.9002911448478699,0.5633136630058289,0.8958405256271362,0.5716208815574646,0.8956560492515564,0.5721709728240967,0.8953688144683838,0.5727778077125549,0.9088571667671204,0.5618429183959961,0.9008618593215942,0.5717514753341675,0.9004912972450256,0.587959885597229,0.8981314301490784,0.5911568403244019,0.9268315434455872,0.5889659523963928,0.9035248160362244,0.6163544654846191,0.9340085387229919,0.6284551620483398,0.890901505947113,0.6647316813468933,0.8938438892364502,0.6511515974998474,0.8807193636894226,0.6673749685287476,0.8854838013648987,0.659290075302124,0.8770071864128113,0.6763401627540588,0.8815997838973999,0.655404269695282,0.8791840672492981,0.6667532324790955,0.8849700689315796,0.6527923941612244,0.8815054297447205,0.6659435629844666,0.9421787858009338,0.7143826484680176,0.9237248301506042,0.736681342124939,0.9422979950904846,0.6832882165908813,0.9042263031005859,0.7034494280815125,0.9799747467041016,0.7691107988357544,0.9538490176200867,0.7687563896179199,0.9863962531089783,0.7790874242782593,0.9626209139823914,0.7726519703865051,0.9847007393836975,0.7992773652076721,0.9633217453956604,0.7960612177848816,0
0.8957448601722717,0.5851050615310669,0.8973811864852905,0.5708270072937012,0.8989980816841125,0.5670273900032043,0.9006780982017517,0.5645326375961304,0.8956940770149231,0.5738059282302856,0.8951733708381653,0.5742675065994263,0.8951278924942017,0.5744794607162476,0.9090409278869629,0.559691846370697,0.9015909433364868,0.5749608278274536,0.9018291234970093,0.5928422212600708,0.8989656567573547,0.5971754789352417,0.9356418251991272,0.583925724029541,0.907755970954895,0.6278907060623169,0.9439414739608765,0.6467956900596619,0.8984397053718567,0.693429708480835,0.8940126299858093,0.6504335999488831,0.8854392766952515,0.7020197510719299,0.8856258392333984,0.6687507033348083,0.880949854850769,0.7146620750427246,0.879711925983429,0.6567931175231934,0.8777010440826416,0.6923373937606812,0.8805421590805054,0.6555217504501343,0.8850780725479126,0.7004490494728088,0.9521191120147705,0.7388968467712402,0.9296910762786865,0.7560669779777527,0.9485008716583252,0.7414709329605103,0.8767251372337341,0.7676979303359985,0.9334919452667236,0.8174918293952942,0.9274761080741882,0.8334062099456787,0.9318323731422424,0.8210389614105225,0.937559187412262,0.8319018483161926,0.9283826351165771,0.8531686663627625,0.9338523745536804,0.8728091716766357,0
0.8949153423309326,0.584181547164917,0.8962750434875488,0.5693691372871399,0.8975532650947571,0.5670926570892334,0.8992024660110474,0.5642889738082886,0.8940823078155518,0.5726423263549805,0.8939640522003174,0.5737339854240417,0.8937570452690125,0.5739480257034302,0.9069313406944275,0.5580229759216309,0.8999426960945129,0.5714909434318542,0.9001390337944031,0.5899086594581604,0.8974814414978027,0.5949657559394836,0.9309101104736328,0.579914927482605,0.9083789587020874,0.6195826530456543,0.9412329792976379,0.6415802836418152,0.8978844285011292,0.6826295256614685,0.8948743343353271,0.6538969278335571,0.8863085508346558,0.6987463235855103,0.8890734314918518,0.6731303334236145,0.8820003271102905,0.7123367786407471,0.8810075521469116,0.661163866519928,0.8781996369361877,0.6859086751937866,0.8842067718505859,0.6579819917678833,0.881986677646637,0.6835699677467346,0.953175961971283,0.7251604199409485,0.9324647188186646,0.7463343739509583,0.9487377405166626,0.6965870261192322,0.8858557343482971,0.7459527850151062,0.9525968432426453,0.7875755429267883,0.9355312585830688,0.800496518611908,0.9533730149269104,0.7950499057769775,0.9445398449897766,0.7975205779075623,0.9522685408592224,0.822731077671051,0.9447734355926514,0.8295130133628845,0
0.0,0.0,0.0,0.0,0.0,0.0,0.0,0.0,0.0,0.0,0.0,0.0,0.0,0.0,0.0,0.0,0.0,0.0,0.0,0.0,0.0,0.0,0.0,0.0,0.0,0.0,0.0,0.0,0.0,0.0,0.0,0.0,0.0,0.0,0.0,0.0,0.0,0.0,0.0,0.0,0.0,0.0,0.0,0.0,0.0,0.0,0.0,0.0,0.0,0.0,0.0,0.0,0.0,0.0,0.0,0.0,0.0,0.0,0.0,0.0,0.0,0.0,0.0,0.0,0.0,0.0,0
0.0,0.0,0.0,0.0,0.0,0.0,0.0,0.0,0.0,0.0,0.0,0.0,0.0,0.0,0.0,0.0,0.0,0.0,0.0,0.0,0.0,0.0,0.0,0.0,0.0,0.0,0.0,0.0,0.0,0.0,0.0,0.0,0.0,0.0,0.0,0.0,0.0,0.0,0.0,0.0,0.0,0.0,0.0,0.0,0.0,0.0,0.0,0.0,0.0,0.0,0.0,0.0,0.0,0.0,0.0,0.0,0.0,0.0,0.0,0.0,0.0,0.0,0.0,0.0,0.0,0.0,0
0.0,0.0,0.0,0.0,0.0,0.0,0.0,0.0,0.0,0.0,0.0,0.0,0.0,0.0,0.0,0.0,0.0,0.0,0.0,0.0,0.0,0.0,0.0,0.0,0.0,0.0,0.0,0.0,0.0,0.0,0.0,0.0,0.0,0.0,0.0,0.0,0.0,0.0,0.0,0.0,0.0,0.0,0.0,0.0,0.0,0.0,0.0,0.0,0.0,0.0,0.0,0.0,0.0,0.0,0.0,0.0,0.0,0.0,0.0,0.0,0.0,0.0,0.0,0.0,0.0,0.0,0
0.8919763565063477,0.6022090911865234,0.8923190236091614,0.5893800258636475,0.8932116031646729,0.586785614490509,0.8945284485816956,0.5829268097877502,0.8912224769592285,0.5955862402915955,0.8911978006362915,0.5959905982017517,0.8911483287811279,0.5963420867919922,0.901165246963501,0.5718742609024048,0.8954731822013855,0.5941793918609619,0.8976978063583374,0.607063889503479,0.8955081701278687,0.611345648765564,0.9232814908027649,0.5745546817779541,0.9035032391548157,0.6312800049781799,0.9222582578659058,0.6260489821434021,0.8913367390632629,0.6807265877723694,0.8825058937072754,0.6556061506271362,0.8761535286903381,0.6993672847747803,0.8764341473579407,0.6697813272476196,0.8709516525268555,0.7121744155883789,0.8718958497047424,0.6714234352111816,0.8713314533233643,0.6939772963523865,0.8748779296875,0.6682260036468506,0.8763188123703003,0.7004069089889526,0.9491587281227112,0.7103046178817749,0.9321231245994568,0.7382573485374451,0.9303681254386902,0.6482856273651123,0.8912825584411621,0.7180482149124146,0.9429706335067749,0.7670473456382751,0.9311368465423584,0.7875109314918518,0.9482458233833313,0.7807766795158386,0.9405744075775146,0.790431022644043,0.9357733726501465,0.8103168606758118,0.9318476915359497,0.8237197399139404,0
0.0,0.0,0.0,0.0,0.0,0.0,0.0,0.0,0.0,0.0,0.0,0.0,0.0,0.0,0.0,0.0,0.0,0.0,0.0,0.0,0.0,0.0,0.0,0.0,0.0,0.0,0.0,0.0,0.0,0.0,0.0,0.0,0.0,0.0,0.0,0.0,0.0,0.0,0.0,0.0,0.0,0.0,0.0,0.0,0.0,0.0,0.0,0.0,0.0,0.0,0.0,0.0,0.0,0.0,0.0,0.0,0.0,0.0,0.0,0.0,0.0,0.0,0.0,0.0,0.0,0.0,0
0.0,0.0,0.0,0.0,0.0,0.0,0.0,0.0,0.0,0.0,0.0,0.0,0.0,0.0,0.0,0.0,0.0,0.0,0.0,0.0,0.0,0.0,0.0,0.0,0.0,0.0,0.0,0.0,0.0,0.0,0.0,0.0,0.0,0.0,0.0,0.0,0.0,0.0,0.0,0.0,0.0,0.0,0.0,0.0,0.0,0.0,0.0,0.0,0.0,0.0,0.0,0.0,0.0,0.0,0.0,0.0,0.0,0.0,0.0,0.0,0.0,0.0,0.0,0.0,0.0,0.0,0
0.0,0.0,0.0,0.0,0.0,0.0,0.0,0.0,0.0,0.0,0.0,0.0,0.0,0.0,0.0,0.0,0.0,0.0,0.0,0.0,0.0,0.0,0.0,0.0,0.0,0.0,0.0,0.0,0.0,0.0,0.0,0.0,0.0,0.0,0.0,0.0,0.0,0.0,0.0,0.0,0.0,0.0,0.0,0.0,0.0,0.0,0.0,0.0,0.0,0.0,0.0,0.0,0.0,0.0,0.0,0.0,0.0,0.0,0.0,0.0,0.0,0.0,0.0,0.0,0.0,0.0,0
0.0,0.0,0.0,0.0,0.0,0.0,0.0,0.0,0.0,0.0,0.0,0.0,0.0,0.0,0.0,0.0,0.0,0.0,0.0,0.0,0.0,0.0,0.0,0.0,0.0,0.0,0.0,0.0,0.0,0.0,0.0,0.0,0.0,0.0,0.0,0.0,0.0,0.0,0.0,0.0,0.0,0.0,0.0,0.0,0.0,0.0,0.0,0.0,0.0,0.0,0.0,0.0,0.0,0.0,0.0,0.0,0.0,0.0,0.0,0.0,0.0,0.0,0.0,0.0,0.0,0.0,0
0.0,0.0,0.0,0.0,0.0,0.0,0.0,0.0,0.0,0.0,0.0,0.0,0.0,0.0,0.0,0.0,0.0,0.0,0.0,0.0,0.0,0.0,0.0,0.0,0.0,0.0,0.0,0.0,0.0,0.0,0.0,0.0,0.0,0.0,0.0,0.0,0.0,0.0,0.0,0.0,0.0,0.0,0.0,0.0,0.0,0.0,0.0,0.0,0.0,0.0,0.0,0.0,0.0,0.0,0.0,0.0,0.0,0.0,0.0,0.0,0.0,0.0,0.0,0.0,0.0,0.0,0
0.8928367495536804,0.6271975636482239,0.8890413045883179,0.6038748621940613,0.8891952633857727,0.6035823225975037,0.8893632888793945,0.6039104461669922,0.887808620929718,0.6129086017608643,0.8878321051597595,0.6136859059333801,0.8878293037414551,0.6153244376182556,0.89335036277771,0.6009505391120911,0.8911939859390259,0.64231276512146,0.8978384733200073,0.6263601183891296,0.8960997462272644,0.6364668011665344,0.9168184399604797,0.6115428805351257,0.9037234783172607,0.681134045124054,0.9144729971885681,0.6352032423019409,0.9036563038825989,0.709568440914154,0.8904711604118347,0.6562919616699219,0.885069727897644,0.6958785653114319,0.8854986429214478,0.6593407988548279,0.8800328969955444,0.6958537697792053,0.884829580783844,0.6589378714561462,0.8802548050880432,0.6927632689476013,0.8868746161460876,0.6603429913520813,0.8831586241722107,0.6914947628974915,0.9601123332977295,0.6727160215377808,0.9509639143943787,0.7186541557312012,0.9204762578010559,0.6300573348999023,0.9019072651863098,0.7085208296775818,0.9265755414962769,0.6791357398033142,0.9056021571159363,0.7400594353675842,0.9286649823188782,0.6863840818405151,0.9092320203781128,0.7439426779747009,0.9235872030258179,0.6928339004516602,0.8996193408966064,0.7466760873794556,0
0.8879098296165466,0.6122225522994995,0.8874524831771851,0.6068671345710754,0.8877750039100647,0.6060148477554321,0.8891786336898804,0.5999046564102173,0.8857007026672363,0.6163020730018616,0.8856727480888367,0.6174342632293701,0.8841845393180847,0.6288986206054688,0.8925952315330505,0.6024038791656494,0.8848684430122375,0.6352578997612,0.890630841255188,0.6139822006225586,0.8892699480056763,0.6264106631278992,0.9140008091926575,0.5876938104629517,0.8952810168266296,0.6861244440078735,0.9246776700019836,0.5697343945503235,0.8873139023780823,0.7404447793960571,0.8992687463760376,0.5942602157592773,0.8742988705635071,0.7144381403923035,0.8924201726913452,0.6052201986312866,0.872515082359314,0.7146934866905212,0.8925626277923584,0.6090093851089478,0.8729746341705322,0.7037227749824524,0.8927456140518188,0.6101049184799194,0.8757458329200745,0.7038936614990234,0.9578485488891602,0.6708813905715942,0.9457769393920898,0.7263823747634888,0.9243807792663574,0.6134583353996277,0.9101660251617432,0.7002084255218506,0.9626457095146179,0.7231082916259766,0.9568087458610535,0.7555769085884094,0.9706515073776245,0.7387412190437317,0.967244565486908,0.7583102583885193,0.9710672497749329,0.7618638873100281,0.9668974876403809,0.7857028841972351,0
0.887225866317749,0.6165533065795898,0.8882889747619629,0.6116834878921509,0.889633297920227,0.6050523519515991,0.8900441527366638,0.6034049391746521,0.8857029676437378,0.6160252094268799,0.8842231035232544,0.6240176558494568,0.8836519122123718,0.6265354752540588,0.8920413851737976,0.6044533848762512,0.8852742314338684,0.6356385350227356,0.8918842077255249,0.6130115389823914,0.8885590434074402,0.6290509104728699,0.9139999747276306,0.5890936851501465,0.8944969177246094,0.6907575726509094,0.9266567826271057,0.5598600506782532,0.8916004300117493,0.7512295842170715,0.9005981087684631,0.5833830833435059,0.8747845888137817,0.7083406448364258,0.8951271772384644,0.5870155096054077,0.8711785674095154,0.698820948600769,0.8921416997909546,0.5916256308555603,0.8721378445625305,0.696349561214447,0.8945711851119995,0.5946843028068542,0.8740988373756409,0.6944006085395813,0.9534255266189575,0.6549792289733887,0.9425225853919983,0.7149128913879395,0.9135799407958984,0.5930789113044739,0.9054259657859802,0.7167646884918213,0.9482952356338501,0.6668546795845032,0.9393715858459473,0.7629511952400208,0.9532374739646912,0.6813281774520874,0.9465632438659668,0.7669342160224915,0.9592690467834473,0.6799392104148865,0.9463014602661133,0.7725419402122498,0
0.8882477283477783,0.6183776259422302,0.8881587386131287,0.6149272322654724,0.8897072076797485,0.6071280837059021,0.8897985219955444,0.606041431427002,0.8838887810707092,0.6211850643157959,0.8831735849380493,0.6257190704345703,0.8824315071105957,0.6305878162384033,0.8908154964447021,0.6090360283851624,0.8837432861328125,0.6416671872138977,0.8908144235610962,0.6216701865196228,0.8908050656318665,0.6333014965057373,0.9098334312438965,0.5920785665512085,0.8949457406997681,0.7011927366256714,0.9284077882766724,0.5882335305213928,0.9009931087493896,0.7635115385055542,0.8986531496047974,0.6065971255302429,0.8807512521743774,0.7183002233505249,0.8946017026901245,0.6114248037338257,0.8789927363395691,0.7091642618179321,0.8918352723121643,0.6125460267066956,0.8770372271537781,0.7025889158248901,0.8949936628341675,0.616787314414978,0.8802490830421448,0.7044034004211426,0.9541835188865662,0.6579676270484924,0.9460784196853638,0.7224321365356445,0.9078633785247803,0.6084833145141602,0.9041452407836914,0.7071459293365479,0.9624513983726501,0.7165312170982361,0.9663888216018677,0.758804440498352,0.9717503786087036,0.7318190336227417,0.9779056906700134,0.7611635327339172,0.980301022529602,0.7564489245414734,0.9855172038078308,0.7850567102432251,0
0.8828833699226379,0.6560550928115845,0.8803781270980835,0.6495808362960815,0.8807414770126343,0.6454128623008728,0.8810897469520569,0.6411418914794922,0.8796375393867493,0.6610903739929199,0.8777706623077393,0.6838687062263489,0.8775989413261414,0.6836904287338257,0.8855531215667725,0.6362692713737488,0.8789349794387817,0.6944051384925842,0.8881525993347168,0.6500207185745239,0.885140597820282,0.6819482445716858,0.9076220393180847,0.6148619055747986,0.8991329073905945,0.7177567481994629,0.9273616671562195,0.5846759080886841,0.9105984568595886,0.7569853663444519,0.9047295451164246,0.6108567118644714,0.8892916440963745,0.7139317989349365,0.9004986882209778,0.6131165027618408,0.8863576650619507,0.7032600045204163,0.8980662822723389,0.6154898405075073,0.8843491673469543,0.7016913890838623,0.9010995626449585,0.618868350982666,0.8875163197517395,0.7034317851066589,0.951972484588623,0.6642034649848938,0.9468362927436829,0.7250570058822632,0.9031171798706055,0.6311590671539307,0.9098617434501648,0.7157350778579712,0.954659104347229,0.702078640460968,0.9603497385978699,0.7603188753128052,0.963530421257019,0.7138612866401672,0.9702008366584778,0.7628328204154968,0.9679766893386841,0.7297026515007019,0.9744822382926941,0.7797138094902039,0
0.8839775323867798,0.6665679216384888,0.8823378086090088,0.6636922359466553,0.8825399279594421,0.6616307497024536,0.8827309608459473,0.6594469547271729,0.8820736408233643,0.6701720952987671,0.8821328282356262,0.6723390221595764,0.8821607828140259,0.6747761964797974,0.88661789894104,0.6573540568351746,0.8854544162750244,0.6795569062232971,0.8884174227714539,0.6630621552467346,0.8881140947341919,0.6714509129524231,0.9076371192932129,0.6421948075294495,0.8994097709655762,0.7043808698654175,0.9134305715560913,0.6289349794387817,0.8992766737937927,0.7248755097389221,0.8958272933959961,0.6232171058654785,0.8874126076698303,0.6968851685523987,0.8906106352806091,0.6253165006637573,0.8857158422470093,0.6898468732833862,0.888920247554779,0.624812662601471,0.8843712210655212,0.6850789785385132,0.8904330134391785,0.62680983543396,0.885269284248352,0.6870495676994324,0.9484315514564514,0.6842087507247925,0.943128228187561,0.7242109775543213,0.9195547103881836,0.6377599239349365,0.913330078125,0.7324140667915344,0.9370685815811157,0.6747208833694458,0.9378036856651306,0.7451151013374329,0.9408788084983826,0.6825106739997864,0.9431368112564087,0.7442519068717957,0.9385861754417419,0.6797183752059937,0.940514326095581,0.7517324090003967,0
0.8805993795394897,0.6830432415008545,0.8779844641685486,0.6772738695144653,0.8781064748764038,0.6741189956665039,0.8782049417495728,0.6708570122718811,0.8772133588790894,0.7001957893371582,0.8772698044776917,0.7075716853141785,0.8774194121360779,0.7079330086708069,0.8819020390510559,0.6649285554885864,0.8797698020935059,0.7073314785957336,0.8854962587356567,0.6767615675926208,0.8838937282562256,0.6961345672607422,0.904381275177002,0.6372933387756348,0.9018524289131165,0.7209631204605103,0.9197505116462708,0.6058928966522217,0.9111769199371338,0.734873354434967,0.8943971991539001,0.6389772295951843,0.8952255249023438,0.7040725350379944,0.8885920643806458,0.646344006061554,0.892147958278656,0.6964278817176819,0.8857871294021606,0.6492573618888855,0.8903000354766846,0.6942805647850037,0.8883314728736877,0.648922324180603,0.8919434547424316,0.6953975558280945,0.9506723880767822,0.6646722555160522,0.9527859687805176,0.7200235724449158,0.90248703956604,0.640190064907074,0.9324377775192261,0.775652289390564,0.9284560084342957,0.6911582350730896,0.9614248275756836,0.7891933917999268,0.9332667589187622,0.6967247724533081,0.9660055041313171,0.7874402403831482,0.9313782453536987,0.7140448689460754,0.9668229818344116,0.7932154536247253,0
0.0,0.0,0.0,0.0,0.0,0.0,0.0,0.0,0.0,0.0,0.0,0.0,0.0,0.0,0.0,0.0,0.0,0.0,0.0,0.0,0.0,0.0,0.0,0.0,0.0,0.0,0.0,0.0,0.0,0.0,0.0,0.0,0.0,0.0,0.0,0.0,0.0,0.0,0.0,0.0,0.0,0.0,0.0,0.0,0.0,0.0,0.0,0.0,0.0,0.0,0.0,0.0,0.0,0.0,0.0,0.0,0.0,0.0,0.0,0.0,0.0,0.0,0.0,0.0,0.0,0.0,0
0.0,0.0,0.0,0.0,0.0,0.0,0.0,0.0,0.0,0.0,0.0,0.0,0.0,0.0,0.0,0.0,0.0,0.0,0.0,0.0,0.0,0.0,0.0,0.0,0.0,0.0,0.0,0.0,0.0,0.0,0.0,0.0,0.0,0.0,0.0,0.0,0.0,0.0,0.0,0.0,0.0,0.0,0.0,0.0,0.0,0.0,0.0,0.0,0.0,0.0,0.0,0.0,0.0,0.0,0.0,0.0,0.0,0.0,0.0,0.0,0.0,0.0,0.0,0.0,0.0,0.0,0
0.0,0.0,0.0,0.0,0.0,0.0,0.0,0.0,0.0,0.0,0.0,0.0,0.0,0.0,0.0,0.0,0.0,0.0,0.0,0.0,0.0,0.0,0.0,0.0,0.0,0.0,0.0,0.0,0.0,0.0,0.0,0.0,0.0,0.0,0.0,0.0,0.0,0.0,0.0,0.0,0.0,0.0,0.0,0.0,0.0,0.0,0.0,0.0,0.0,0.0,0.0,0.0,0.0,0.0,0.0,0.0,0.0,0.0,0.0,0.0,0.0,0.0,0.0,0.0,0.0,0.0,0
0.885461688041687,0.6986043453216553,0.8788325190544128,0.7000740170478821,0.8788653016090393,0.6976969242095947,0.8818709850311279,0.6778208017349243,0.8787262439727783,0.7130658626556396,0.8787780404090881,0.7145471572875977,0.882061243057251,0.7064918279647827,0.884770929813385,0.665086030960083,0.8810313940048218,0.7155669331550598,0.8876953721046448,0.6921169757843018,0.8873933553695679,0.7067498564720154,0.9078967571258545,0.6247281432151794,0.8989165425300598,0.7201769948005676,0.9094735383987427,0.6281371116638184,0.8932231068611145,0.7517307996749878,0.8838954567909241,0.6447299122810364,0.8798408508300781,0.7119752168655396,0.8791247606277466,0.6517931222915649,0.8789650201797485,0.7094136476516724,0.8785750269889832,0.6551207900047302,0.8784276843070984,0.6991937756538391,0.8819392919540405,0.6578086614608765,0.8804515600204468,0.700045108795166,0.9520311951637268,0.7154037952423096,0.9415373802185059,0.7696178555488586,0.9236645698547363,0.6463890075683594,0.8950355648994446,0.7466527819633484,0.9590728282928467,0.7595259547233582,0.9421514868736267,0.7829382419586182,0.968583345413208,0.7679533362388611,0.9527341723442078,0.7812975645065308,0.9585539102554321,0.8219154477119446,0.9492943286895752,0.8153949975967407,0
0.8803492784500122,0.680412232875824,0.8785784244537354,0.6761071681976318,0.8790610432624817,0.672597348690033,0.8795361518859863,0.6689924597740173,0.8759530186653137,0.7021109461784363,0.876028835773468,0.7035693526268005,0.8770900964736938,0.7065560221672058,0.8847288489341736,0.6630859971046448,0.8793100118637085,0.7072774767875671,0.886027455329895,0.6728425621986389,0.8850721120834351,0.6853790879249573,0.9040858149528503,0.641717791557312,0.8973940014839172,0.7194606065750122,0.9148873686790466,0.6371620297431946,0.900322675704956,0.7669287919998169,0.8884246945381165,0.6493871212005615,0.882725715637207,0.7268160581588745,0.8828791379928589,0.6519339084625244,0.8750219941139221,0.7229052782058716,0.881095826625824,0.6527151465415955,0.877498209476471,0.7128739356994629,0.8836315274238586,0.6551782488822937,0.879725456237793,0.7149867415428162,0.9524725079536438,0.69352787733078,0.9445189833641052,0.7419373989105225,0.9264737963676453,0.6415941119194031,0.9179990291595459,0.7237411737442017,0.9645050168037415,0.7182061672210693,0.962327778339386,0.7750446200370789,0.97029048204422,0.7318342924118042,0.9702131152153015,0.7795043587684631,0.9736152291297913,0.7411491870880127,0.9723191261291504,0.7928346991539001,0
0.8827725052833557,0.6841880679130554,0.8787553906440735,0.6919962167739868,0.8787211775779724,0.691162645816803,0.8816646337509155,0.6714444160461426,0.8805136680603027,0.687186062335968,0.8804925680160522,0.6900023221969604,0.8804495930671692,0.6930949091911316,0.8864045739173889,0.6649950742721558,0.884331464767456,0.6956226229667664,0.8858258128166199,0.6924916505813599,0.8860609531402588,0.701501190662384,0.908235490322113,0.6401187181472778,0.9019721746444702,0.7225764393806458,0.9156092405319214,0.628627359867096,0.9042226076126099,0.7531440258026123,0.8894680738449097,0.6587989926338196,0.8858679533004761,0.7190103530883789,0.8848140239715576,0.6673871874809265,0.883506715297699,0.7094938158988953,0.882114052772522,0.6699486374855042,0.8805044889450073,0.7049520611763,0.883941113948822,0.6686573028564453,0.8815103769302368,0.7070654630661011,0.952512800693512,0.6811251640319824,0.9534016251564026,0.738619863986969,0.9180727005004883,0.6317859292030334,0.9546544551849365,0.7862895727157593,0.9191214442253113,0.6805815696716309,0.9774537086486816,0.7685025334358215,0.9218463897705078,0.6892574429512024,0.9816042184829712,0.7621369361877441,0.9156721234321594,0.6944457292556763,0.9830192923545837,0.7671564221382141,0
0.0,0.0,0.0,0.0,0.0,0.0,0.0,0.0,0.0,0.0,0.0,0.0,0.0,0.0,0.0,0.0,0.0,0.0,0.0,0.0,0.0,0.0,0.0,0.0,0.0,0.0,0.0,0.0,0.0,0.0,0.0,0.0,0.0,0.0,0.0,0.0,0.0,0.0,0.0,0.0,0.0,0.0,0.0,0.0,0.0,0.0,0.0,0.0,0.0,0.0,0.0,0.0,0.0,0.0,0.0,0.0,0.0,0.0,0.0,0.0,0.0,0.0,0.0,0.0,0.0,0.0,0
0.0,0.0,0.0,0.0,0.0,0.0,0.0,0.0,0.0,0.0,0.0,0.0,0.0,0.0,0.0,0.0,0.0,0.0,0.0,0.0,0.0,0.0,0.0,0.0,0.0,0.0,0.0,0.0,0.0,0.0,0.0,0.0,0.0,0.0,0.0,0.0,0.0,0.0,0.0,0.0,0.0,0.0,0.0,0.0,0.0,0.0,0.0,0.0,0.0,0.0,0.0,0.0,0.0,0.0,0.0,0.0,0.0,0.0,0.0,0.0,0.0,0.0,0.0,0.0,0.0,0.0,0
0.0,0.0,0.0,0.0,0.0,0.0,0.0,0.0,0.0,0.0,0.0,0.0,0.0,0.0,0.0,0.0,0.0,0.0,0.0,0.0,0.0,0.0,0.0,0.0,0.0,0.0,0.0,0.0,0.0,0.0,0.0,0.0,0.0,0.0,0.0,0.0,0.0,0.0,0.0,0.0,0.0,0.0,0.0,0.0,0.0,0.0,0.0,0.0,0.0,0.0,0.0,0.0,0.0,0.0,0.0,0.0,0.0,0.0,0.0,0.0,0.0,0.0,0.0,0.0,0.0,0.0,0
0.0,0.0,0.0,0.0,0.0,0.0,0.0,0.0,0.0,0.0,0.0,0.0,0.0,0.0,0.0,0.0,0.0,0.0,0.0,0.0,0.0,0.0,0.0,0.0,0.0,0.0,0.0,0.0,0.0,0.0,0.0,0.0,0.0,0.0,0.0,0.0,0.0,0.0,0.0,0.0,0.0,0.0,0.0,0.0,0.0,0.0,0.0,0.0,0.0,0.0,0.0,0.0,0.0,0.0,0.0,0.0,0.0,0.0,0.0,0.0,0.0,0.0,0.0,0.0,0.0,0.0,0
0.0,0.0,0.0,0.0,0.0,0.0,0.0,0.0,0.0,0.0,0.0,0.0,0.0,0.0,0.0,0.0,0.0,0.0,0.0,0.0,0.0,0.0,0.0,0.0,0.0,0.0,0.0,0.0,0.0,0.0,0.0,0.0,0.0,0.0,0.0,0.0,0.0,0.0,0.0,0.0,0.0,0.0,0.0,0.0,0.0,0.0,0.0,0.0,0.0,0.0,0.0,0.0,0.0,0.0,0.0,0.0,0.0,0.0,0.0,0.0,0.0,0.0,0.0,0.0,0.0,0.0,0
0.0,0.0,0.0,0.0,0.0,0.0,0.0,0.0,0.0,0.0,0.0,0.0,0.0,0.0,0.0,0.0,0.0,0.0,0.0,0.0,0.0,0.0,0.0,0.0,0.0,0.0,0.0,0.0,0.0,0.0,0.0,0.0,0.0,0.0,0.0,0.0,0.0,0.0,0.0,0.0,0.0,0.0,0.0,0.0,0.0,0.0,0.0,0.0,0.0,0.0,0.0,0.0,0.0,0.0,0.0,0.0,0.0,0.0,0.0,0.0,0.0,0.0,0.0,0.0,0.0,0.0,0
0.0,0.0,0.0,0.0,0.0,0.0,0.0,0.0,0.0,0.0,0.0,0.0,0.0,0.0,0.0,0.0,0.0,0.0,0.0,0.0,0.0,0.0,0.0,0.0,0.0,0.0,0.0,0.0,0.0,0.0,0.0,0.0,0.0,0.0,0.0,0.0,0.0,0.0,0.0,0.0,0.0,0.0,0.0,0.0,0.0,0.0,0.0,0.0,0.0,0.0,0.0,0.0,0.0,0.0,0.0,0.0,0.0,0.0,0.0,0.0,0.0,0.0,0.0,0.0,0.0,0.0,0
0.0,0.0,0.0,0.0,0.0,0.0,0.0,0.0,0.0,0.0,0.0,0.0,0.0,0.0,0.0,0.0,0.0,0.0,0.0,0.0,0.0,0.0,0.0,0.0,0.0,0.0,0.0,0.0,0.0,0.0,0.0,0.0,0.0,0.0,0.0,0.0,0.0,0.0,0.0,0.0,0.0,0.0,0.0,0.0,0.0,0.0,0.0,0.0,0.0,0.0,0.0,0.0,0.0,0.0,0.0,0.0,0.0,0.0,0.0,0.0,0.0,0.0,0.0,0.0,0.0,0.0,0
0.0,0.0,0.0,0.0,0.0,0.0,0.0,0.0,0.0,0.0,0.0,0.0,0.0,0.0,0.0,0.0,0.0,0.0,0.0,0.0,0.0,0.0,0.0,0.0,0.0,0.0,0.0,0.0,0.0,0.0,0.0,0.0,0.0,0.0,0.0,0.0,0.0,0.0,0.0,0.0,0.0,0.0,0.0,0.0,0.0,0.0,0.0,0.0,0.0,0.0,0.0,0.0,0.0,0.0,0.0,0.0,0.0,0.0,0.0,0.0,0.0,0.0,0.0,0.0,0.0,0.0,0
0.8895754218101501,0.6482628583908081,0.8876445293426514,0.6395379900932312,0.8880208730697632,0.6366979479789734,0.8884106278419495,0.6337334513664246,0.8867807388305664,0.6468746662139893,0.8865437507629395,0.6491544246673584,0.8862411379814148,0.6516319513320923,0.8913584351539612,0.6274694204330444,0.8878864645957947,0.6523764729499817,0.8935962915420532,0.6451204419136047,0.8924378752708435,0.6540732383728027,0.9097836017608643,0.6169098615646362,0.8951038718223572,0.6766908168792725,0.9075895547866821,0.6135618090629578,0.8831173181533813,0.7149831056594849,0.8871095776557922,0.6470205783843994,0.8751960396766663,0.7109200954437256,0.8832105398178101,0.6579216122627258,0.8702695965766907,0.7163430452346802,0.8813096284866333,0.6594027876853943,0.8709890842437744,0.7145267128944397,0.8833795785903931,0.6567955017089844,0.8756617903709412,0.7061858773231506,0.9411913156509399,0.7109920382499695,0.9280261993408203,0.7425969839096069,0.926616907119751,0.6675534248352051,0.8905131816864014,0.7335842847824097,0.9268144965171814,0.73747718334198,0.9027815461158752,0.7672505974769592,0.928229033946991,0.7452960014343262,0.9070004224777222,0.7698628306388855,0.9197827577590942,0.7602307796478271,0.8990299701690674,0.7785022854804993,0
0.8951603770256042,0.6360054016113281,0.8932040929794312,0.6259629726409912,0.8936865329742432,0.6225296854972839,0.894189715385437,0.6189662218093872,0.8919876217842102,0.6346940398216248,0.8915874361991882,0.6374096274375916,0.8911099433898926,0.6403555870056152,0.8971478343009949,0.6118995547294617,0.8924391269683838,0.6413257122039795,0.8994193077087402,0.6323233246803284,0.8977624773979187,0.6430398225784302,0.9156259894371033,0.5984922647476196,0.9001135230064392,0.6697731614112854,0.9111596941947937,0.6197385787963867,0.8900774121284485,0.7148129940032959,0.8795728087425232,0.6684541702270508,0.8754501342773438,0.7231947183609009,0.8729268908500671,0.6846293210983276,0.871486485004425,0.7318283915519714,0.8701590299606323,0.6978421211242676,0.8716872334480286,0.7233694195747375,0.8732938766479492,0.6816207766532898,0.874264657497406,0.7199827432632446,0.9477453827857971,0.6990297436714172,0.93461012840271,0.7375043034553528,0.9428629875183105,0.6834964156150818,0.9119929075241089,0.7437974810600281,0.9565653800964355,0.7659516334533691,0.9374434351921082,0.7887243628501892,0.9586816430091858,0.7756699919700623,0.9433354139328003,0.7908322215080261,0.9603526592254639,0.7991724610328674,0.939765453338623,0.8160763382911682,0
0.0,0.0,0.0,0.0,0.0,0.0,0.0,0.0,0.0,0.0,0.0,0.0,0.0,0.0,0.0,0.0,0.0,0.0,0.0,0.0,0.0,0.0,0.0,0.0,0.0,0.0,0.0,0.0,0.0,0.0,0.0,0.0,0.0,0.0,0.0,0.0,0.0,0.0,0.0,0.0,0.0,0.0,0.0,0.0,0.0,0.0,0.0,0.0,0.0,0.0,0.0,0.0,0.0,0.0,0.0,0.0,0.0,0.0,0.0,0.0,0.0,0.0,0.0,0.0,0.0,0.0,0
0.0,0.0,0.0,0.0,0.0,0.0,0.0,0.0,0.0,0.0,0.0,0.0,0.0,0.0,0.0,0.0,0.0,0.0,0.0,0.0,0.0,0.0,0.0,0.0,0.0,0.0,0.0,0.0,0.0,0.0,0.0,0.0,0.0,0.0,0.0,0.0,0.0,0.0,0.0,0.0,0.0,0.0,0.0,0.0,0.0,0.0,0.0,0.0,0.0,0.0,0.0,0.0,0.0,0.0,0.0,0.0,0.0,0.0,0.0,0.0,0.0,0.0,0.0,0.0,0.0,0.0,0
0.0,0.0,0.0,0.0,0.0,0.0,0.0,0.0,0.0,0.0,0.0,0.0,0.0,0.0,0.0,0.0,0.0,0.0,0.0,0.0,0.0,0.0,0.0,0.0,0.0,0.0,0.0,0.0,0.0,0.0,0.0,0.0,0.0,0.0,0.0,0.0,0.0,0.0,0.0,0.0,0.0,0.0,0.0,0.0,0.0,0.0,0.0,0.0,0.0,0.0,0.0,0.0,0.0,0.0,0.0,0.0,0.0,0.0,0.0,0.0,0.0,0.0,0.0,0.0,0.0,0.0,0
0.8865792751312256,0.6498525142669678,0.8854130506515503,0.6433610916137695,0.8860439658164978,0.640881359577179,0.8866657614707947,0.6383018493652344,0.883945643901825,0.6502937078475952,0.8835453391075134,0.6525963544845581,0.8831082582473755,0.6551697254180908,0.890700101852417,0.6367207765579224,0.8854127526283264,0.6608275175094604,0.8914527893066406,0.6489419341087341,0.8895517587661743,0.6583796739578247,0.9084986448287964,0.6336933970451355,0.8959346413612366,0.6990098357200623,0.9007560610771179,0.6513497829437256,0.893535852432251,0.7359676361083984,0.8722619414329529,0.6836634874343872,0.8816865086555481,0.7109093070030212,0.868437647819519,0.6904453635215759,0.8809700608253479,0.7068475484848022,0.8665882349014282,0.6910312175750732,0.879584550857544,0.6983705163002014,0.8685050010681152,0.6896356344223022,0.8805714845657349,0.6989858746528625,0.9458078742027283,0.6859158873558044,0.9372047781944275,0.7278528213500977,0.9329544305801392,0.6399461030960083,0.9211215972900391,0.7237637042999268,0.9602473974227905,0.7019158005714417,0.9584333896636963,0.7657768726348877,0.9636439681053162,0.7131966948509216,0.9648968577384949,0.7703923583030701,0.9695167541503906,0.7192471623420715,0.9684301614761353,0.7759000062942505,0
0.8858282566070557,0.6852680444717407,0.884105384349823,0.6790159344673157,0.8846923112869263,0.6751503944396973,0.8852705359458923,0.6712244749069214,0.8828257322311401,0.6901055574417114,0.8826196789741516,0.6935127973556519,0.8823827505111694,0.697187066078186,0.8856805562973022,0.6666454672813416,0.8862097263336182,0.7022311091423035,0.8918030858039856,0.6789681911468506,0.8904160261154175,0.6924450993537903,0.9163150787353516,0.6408589482307434,0.9022295475006104,0.7356575131416321,0.9157613515853882,0.6281183958053589,0.8959331512451172,0.7769285440444946,0.8801387548446655,0.6728116273880005,0.877265453338623,0.7290270328521729,0.8728886842727661,0.6893553137779236,0.8700088262557983,0.7208281755447388,0.8735368847846985,0.690528929233551,0.8714962005615234,0.715660572052002,0.8760809302330017,0.6912575364112854,0.8742093443870544,0.7175477743148804,0.974313497543335,0.7066066265106201,0.9642195701599121,0.7617772817611694,0.9465444087982178,0.6698591709136963,0.9255366325378418,0.7342345714569092,0.9237688779830933,0.6747754216194153,0.910493016242981,0.7213571071624756,0.9226140975952148,0.6761642098426819,0.9136626720428467,0.7184802293777466,0.9110852479934692,0.6799719333648682,0.8937365412712097,0.7214217782020569,0
0.8904088735580444,0.658241331577301,0.8881020545959473,0.6489675641059875,0.8886369466781616,0.6448668241500854,0.8891645669937134,0.6406694650650024,0.8867731094360352,0.6606190204620361,0.8864245414733887,0.6643652319908142,0.8860393762588501,0.6684051156044006,0.8912776112556458,0.6440200209617615,0.8890849351882935,0.6755068898200989,0.8963099122047424,0.6548337936401367,0.8946005702018738,0.66975998878479,0.9178887009620667,0.623710572719574,0.9032968878746033,0.7230290770530701,0.9158828258514404,0.6234557628631592,0.903815507888794,0.7577993869781494,0.8785175681114197,0.6818490028381348,0.8805190324783325,0.7266088724136353,0.8750930428504944,0.6851320862770081,0.8743961453437805,0.7266175746917725,0.8719392418861389,0.6965463757514954,0.872786283493042,0.7192845940589905,0.8754055500030518,0.692840039730072,0.8756003379821777,0.7214415669441223,0.9769418239593506,0.6963025331497192,0.9709150195121765,0.7542110681533813,0.9696988463401794,0.6653071641921997,0.9661148190498352,0.7403209209442139,0.9793924689292908,0.7101413607597351,0.9885642528533936,0.7629621624946594,0.980764627456665,0.718332827091217,0.9929447770118713,0.7657872438430786,0.9828856587409973,0.7199692726135254,0.9928547739982605,0.7671921253204346,0
0.8888632655143738,0.6414451003074646,0.8877223134040833,0.6318638920783997,0.8885835409164429,0.6303300857543945,0.8886768817901611,0.6296090483665466,0.8856410980224609,0.6442621350288391,0.8851087093353271,0.6485042572021484,0.8845415711402893,0.6530554294586182,0.895140528678894,0.6232807636260986,0.8882299661636353,0.6652185320854187,0.8954566717147827,0.6410991549491882,0.8892384767532349,0.6673359870910645,0.9185922741889954,0.619983434677124,0.9049082398414612,0.7266738414764404,0.9162219762802124,0.6346585750579834,0.9089664220809937,0.7621758580207825,0.8788735866546631,0.6796624660491943,0.8808650374412537,0.7203404903411865,0.8734225034713745,0.6885502338409424,0.8732762336730957,0.7230618000030518,0.870415449142456,0.695019543170929,0.8714380264282227,0.7179991006851196,0.8731884956359863,0.6946450471878052,0.8743720054626465,0.7180779576301575,0.9724768996238708,0.686980128288269,0.9654921293258667,0.7499781250953674,0.9420924782752991,0.6277899742126465,0.933714747428894,0.7176958918571472,0.9612279534339905,0.6738656759262085,0.956486701965332,0.7416036128997803,0.9660184383392334,0.6869576573371887,0.9638485908508301,0.7473965883255005,0.9640792608261108,0.6748279929161072,0.9560084342956543,0.7375526428222656,0
0.8872288465499878,0.6445332765579224,0.8861677050590515,0.6377580165863037,0.8867150545120239,0.6345779895782471,0.8872514963150024,0.6313062906265259,0.8852235674858093,0.646968424320221,0.885142982006073,0.6497768759727478,0.8850193023681641,0.652860701084137,0.8925773501396179,0.6271172761917114,0.8891000747680664,0.6580543518066406,0.8929324746131897,0.640750527381897,0.8917004466056824,0.6521730422973633,0.9129647612571716,0.6131078600883484,0.9033588767051697,0.6916229128837585,0.904386043548584,0.635165274143219,0.8967591524124146,0.7334002256393433,0.873653769493103,0.6854212880134583,0.8788203597068787,0.7179536819458008,0.8685579299926758,0.696998655796051,0.8714276552200317,0.722716748714447,0.8693195581436157,0.6960868835449219,0.8740057349205017,0.7118951678276062,0.8719230890274048,0.6955556273460388,0.876521646976471,0.7110981941223145,0.9609969258308411,0.6766116619110107,0.9517289996147156,0.7260863780975342,0.9288902878761292,0.628075361251831,0.9043259024620056,0.7138725519180298,0.9493678212165833,0.6961011290550232,0.8952344655990601,0.7350639700889587,0.9534934759140015,0.7093651294708252,0.898925244808197,0.7389662861824036,0.9509695172309875,0.7099684476852417,0.8805367946624756,0.732904851436615,0
0.8909447193145752,0.6368464827537537,0.8887973427772522,0.6213704943656921,0.889865517616272,0.6209502816200256,0.8900686502456665,0.6205130219459534,0.8882143497467041,0.6303969621658325,0.8881992697715759,0.6314756870269775,0.887703537940979,0.6425802111625671,0.8933692574501038,0.6208961606025696,0.8892101049423218,0.6545348167419434,0.8965398669242859,0.6358715295791626,0.894477903842926,0.6490657925605774,0.9121451377868652,0.6181430220603943,0.9051339030265808,0.7054238319396973,0.9076835513114929,0.630742609500885,0.9119027256965637,0.7472020387649536,0.8758051991462708,0.6819945573806763,0.8876930475234985,0.7237630486488342,0.8722071051597595,0.6765270233154297,0.883320152759552,0.7172579169273376,0.8702896237373352,0.694978654384613,0.8806300759315491,0.7146428227424622,0.8712142705917358,0.6927494406700134,0.8831120729446411,0.7158064842224121,0.957335889339447,0.6493712663650513,0.9569773077964783,0.7050474286079407,0.9105620384216309,0.6184446215629578,0.9364987015724182,0.7245243191719055,0.9445300698280334,0.6746124625205994,0.9791387319564819,0.7739627361297607,0.9498119354248047,0.6863232851028442,0.9860126972198486,0.7837458848953247,0.9548404216766357,0.6848106980323792,0.9910868406295776,0.7700135111808777,0
0.887803852558136,0.6525458097457886,0.8862526416778564,0.6454467177391052,0.8867980241775513,0.6423346400260925,0.8873313665390015,0.6391000151634216,0.8850853443145752,0.6542720198631287,0.8848320245742798,0.6572694778442383,0.8845552802085876,0.6606035232543945,0.891951858997345,0.6372379660606384,0.8879508376121521,0.66790372133255,0.8931353092193604,0.6506651639938354,0.8916605114936829,0.6628308296203613,0.9116113185882568,0.6297297477722168,0.9034462571144104,0.7114518284797668,0.9086248278617859,0.641355037689209,0.9074462056159973,0.7428162097930908,0.8751966953277588,0.6868815422058105,0.8830245137214661,0.7258365750312805,0.8706356883049011,0.698833703994751,0.8738165497779846,0.7287454605102539,0.8707839250564575,0.702911913394928,0.8746194839477539,0.7263278961181641,0.8717703819274902,0.6974291205406189,0.8791736960411072,0.7204915285110474,0.9566428661346436,0.677351713180542,0.9516029953956604,0.724246084690094,0.9149690270423889,0.6433966159820557,0.9145691394805908,0.6947524547576904,0.960844874382019,0.7100338935852051,0.9621138572692871,0.7496174573898315,0.9674240946769714,0.7243260145187378,0.9702706933021545,0.7603132128715515,0.9721726179122925,0.7251023054122925,0.9735573530197144,0.7507840991020203,0
0.8923301696777344,0.635037362575531,0.8890994191169739,0.6313211917877197,0.8903961181640625,0.6243884563446045,0.8905962109565735,0.6234931349754333,0.8888037800788879,0.6364575624465942,0.8883407115936279,0.6393803358078003,0.8878393769264221,0.6425679326057434,0.8936164975166321,0.625544548034668,0.8898177146911621,0.6492787003517151,0.8974907994270325,0.6337748765945435,0.8955567479133606,0.6450774669647217,0.9155179262161255,0.6144406795501709,0.9030625820159912,0.6904026865959167,0.9026222229003906,0.6388627886772156,0.8960132002830505,0.7293586730957031,0.8735953569412231,0.6877844929695129,0.8803960084915161,0.7248527407646179,0.8691920042037964,0.6958075165748596,0.8738765120506287,0.7261930108070374,0.8687640428543091,0.7006086111068726,0.8773870468139648,0.7213788628578186,0.8699887990951538,0.6951204538345337,0.879586935043335,0.7190753817558289,0.9705065488815308,0.6866331696510315,0.9606226086616516,0.7299522757530212,0.9412747621536255,0.657516360282898,0.9223892688751221,0.715521514415741,0.9269276857376099,0.6930673122406006,0.9167900085449219,0.7331860065460205,0.9258548617362976,0.6970598697662354,0.919969379901886,0.7360884547233582,0.916705846786499,0.7031631469726562,0.9034875631332397,0.7353407740592957,0
0.888494074344635,0.6405415534973145,0.8871758580207825,0.6323717832565308,0.8878348469734192,0.6290409564971924,0.8884823322296143,0.6256296634674072,0.8856990933418274,0.6420273184776306,0.8853754997253418,0.6450675129890442,0.8850084543228149,0.648384690284729,0.8925107717514038,0.6239734292030334,0.8883945345878601,0.6546207666397095,0.894413411617279,0.6383731365203857,0.8925740718841553,0.6504516005516052,0.9158089756965637,0.6138190031051636,0.9029760956764221,0.695689857006073,0.9046631455421448,0.6376064419746399,0.8973147869110107,0.7348264455795288,0.8751832246780396,0.6837425827980042,0.879400372505188,0.7140704393386841,0.8705124258995056,0.688107430934906,0.8729037642478943,0.7192965149879456,0.8703881502151489,0.6951519250869751,0.8753914833068848,0.7054107785224915,0.8712918162345886,0.6925066113471985,0.8777492642402649,0.7052528858184814,0.9690877199172974,0.6828080415725708,0.9590559005737305,0.7320883870124817,0.9391762614250183,0.6362035274505615,0.9201475977897644,0.7261725664138794,0.9379839897155762,0.6880351901054382,0.9174878597259521,0.7475247979164124,0.9395138621330261,0.6970211267471313,0.9223722815513611,0.7512876987457275,0.9301019906997681,0.6990258693695068,0.9025161266326904,0.7486138343811035,0
0.8852367401123047,0.6344990134239197,0.8856921792030334,0.6221177577972412,0.8869006633758545,0.623763382434845,0.8870241641998291,0.6239089369773865,0.8846286535263062,0.6283122897148132,0.8845189809799194,0.6423872709274292,0.8819631338119507,0.6408324241638184,0.8919079303741455,0.6200348734855652,0.8856236934661865,0.6460555791854858,0.8899109363555908,0.6313552856445312,0.8893906474113464,0.6431166529655457,0.9127193689346313,0.6093817949295044,0.8992734551429749,0.685250461101532,0.9013402462005615,0.6472849249839783,0.8963959813117981,0.7338566780090332,0.8738200664520264,0.6892445087432861,0.8794836401939392,0.7161958813667297,0.8683729767799377,0.7026641964912415,0.8710893988609314,0.7209657430648804,0.8687254190444946,0.704238772392273,0.8722782135009766,0.7165491580963135,0.8702710866928101,0.6985424160957336,0.8779822587966919,0.7062505483627319,0.9624694585800171,0.6794129610061646,0.9524698853492737,0.7248784303665161,0.9253690242767334,0.6256777048110962,0.9165019392967224,0.7178601026535034,0.9552068710327148,0.7150629758834839,0.9532395601272583,0.77259361743927,0.960416853427887,0.7288618683815002,0.9614570736885071,0.7774774432182312,0.9590576887130737,0.7405233979225159,0.9557540416717529,0.7906401753425598,0
0.8888713121414185,0.6352884769439697,0.8871989250183105,0.6251875162124634,0.8878671526908875,0.6217267513275146,0.8885294198989868,0.618192195892334,0.8857135772705078,0.6342029571533203,0.8853409886360168,0.6369213461875916,0.8849167823791504,0.63993239402771,0.8927416801452637,0.6220275163650513,0.8877966403961182,0.642983078956604,0.8945815563201904,0.6326681971549988,0.8925921320915222,0.6443009376525879,0.9152236580848694,0.6060051321983337,0.9008845686912537,0.6820859909057617,0.9053633213043213,0.643354594707489,0.8958694934844971,0.7265868782997131,0.8735127449035645,0.6860398054122925,0.880058765411377,0.7222346663475037,0.8691692352294922,0.7010690569877625,0.8733243346214294,0.729392409324646,0.8681121468544006,0.6969107389450073,0.8727551698684692,0.7171193957328796,0.8711135387420654,0.6962014436721802,0.8792344331741333,0.7160306572914124,0.9656128883361816,0.6833288669586182,0.9539585709571838,0.72682124376297,0.9427894949913025,0.653507649898529,0.9223538637161255,0.7164952158927917,0.9634037613868713,0.7332242727279663,0.9519165754318237,0.769227921962738,0.9666314125061035,0.7436764240264893,0.959304928779602,0.7754363417625427,0.9660078287124634,0.7613319754600525,0.95084547996521,0.7863356471061707,0
0.8903539180755615,0.6380578875541687,0.8879353404045105,0.6281045079231262,0.8883852362632751,0.624590277671814,0.888839602470398,0.6209826469421387,0.8869798183441162,0.6376736760139465,0.8867505192756653,0.6407080888748169,0.886466383934021,0.6440114378929138,0.8926050662994385,0.6159507036209106,0.8890185356140137,0.6477659940719604,0.8954806923866272,0.6351389288902283,0.8940995931625366,0.6471284627914429,0.9135133028030396,0.6069033741950989,0.9032197594642639,0.6852692365646362,0.9030380249023438,0.6376388669013977,0.8977073431015015,0.7265477180480957,0.8757964968681335,0.6851099729537964,0.8797803521156311,0.7223087549209595,0.8686667084693909,0.6966943740844727,0.8708152770996094,0.7271637320518494,0.8693332076072693,0.6959308385848999,0.8724943995475769,0.7198353409767151,0.8723528981208801,0.6961714625358582,0.8775101900100708,0.7164594531059265,0.9645638465881348,0.6937018036842346,0.9542121291160583,0.7374540567398071,0.9296018481254578,0.6254481077194214,0.9065864086151123,0.7249050140380859,0.9493579268455505,0.7313002347946167,0.9262627363204956,0.7639684677124023,0.9536185264587402,0.740236222743988,0.9316922426223755,0.7686542868614197,0.9447104334831238,0.7724829912185669,0.9204270243644714,0.7669398784637451,0
0.8873175382614136,0.6399888396263123,0.8858209252357483,0.6307861804962158,0.8864210247993469,0.6275890469551086,0.8870119452476501,0.6242906451225281,0.8846186399459839,0.6392849683761597,0.884357750415802,0.6419793963432312,0.8840473890304565,0.6449555158615112,0.8918231129646301,0.6201598644256592,0.887346625328064,0.6491678357124329,0.8928986191749573,0.637961745262146,0.8911951184272766,0.6492913365364075,0.9128071665763855,0.61482834815979,0.8997774124145508,0.6875938177108765,0.9056304693222046,0.6474055051803589,0.8951334953308105,0.7331249713897705,0.8756672739982605,0.685957670211792,0.8784140944480896,0.7180272936820984,0.8697252869606018,0.7042210102081299,0.8728686571121216,0.7248732447624207,0.8704973459243774,0.7031046152114868,0.8723211884498596,0.7148339748382568,0.8720192313194275,0.696996808052063,0.8733358979225159,0.7122461795806885,0.9583247900009155,0.6839463114738464,0.9485487937927246,0.728462278842926,0.9266868233680725,0.6266380548477173,0.911061704158783,0.7127478718757629,0.9537581205368042,0.7077212333679199,0.9443584680557251,0.766431987285614,0.9589223861694336,0.7194153666496277,0.95213383436203,0.7708766460418701,0.9568327069282532,0.7348476052284241,0.9468557834625244,0.7859984636306763,0
0.886809766292572,0.6922763586044312,0.8835935592651367,0.6840669512748718,0.8838260769844055,0.6806609034538269,0.8840655088424683,0.6771603226661682,0.8833845853805542,0.691635012626648,0.8834607601165771,0.6936537623405457,0.8834903240203857,0.6959468126296997,0.8879780769348145,0.6659345030784607,0.8869115114212036,0.6911190748214722,0.8919408917427063,0.6845271587371826,0.891718327999115,0.6939302086830139,0.912691056728363,0.6439091563224792,0.9037348031997681,0.7023481726646423,0.9141672253608704,0.6495507955551147,0.9002478122711182,0.7575230002403259,0.880369246006012,0.6798684597015381,0.8885810375213623,0.7369562387466431,0.8806072473526001,0.6763521432876587,0.8809221982955933,0.7329267859458923,0.879588782787323,0.6755447387695312,0.8855754137039185,0.7247856259346008,0.8823603987693787,0.6749757528305054,0.8872172236442566,0.7251957058906555,0.971464991569519,0.7353619933128357,0.9612381458282471,0.760480523109436,0.9332070350646973,0.7010576725006104,0.9146212935447693,0.7286691069602966,0.9191745519638062,0.7415909767150879,0.9140717387199402,0.7400868535041809,0.919547975063324,0.7426798939704895,0.9172592759132385,0.7419254183769226,0.9040966033935547,0.7625766396522522,0.9015747904777527,0.7446677088737488,0
0.8865281939506531,0.6656695604324341,0.8838910460472107,0.6583331823348999,0.8842785954475403,0.6551525592803955,0.8846731185913086,0.6518823504447937,0.8831919431686401,0.6666691899299622,0.8831073641777039,0.669242262840271,0.8829641342163086,0.6720877885818481,0.8889256715774536,0.6455881595611572,0.8861976861953735,0.6732473373413086,0.8919636607170105,0.6608669757843018,0.8910778760910034,0.671236515045166,0.9128729104995728,0.6289790868759155,0.9015272855758667,0.7003413438796997,0.906486988067627,0.6397807598114014,0.8940348625183105,0.7613844871520996,0.8847470879554749,0.6586918234825134,0.8833056688308716,0.7302918434143066,0.880003035068512,0.6635897159576416,0.8744822144508362,0.7273098826408386,0.8756195306777954,0.6814732551574707,0.8740013241767883,0.7159137725830078,0.8828536868095398,0.664171576499939,0.8770371675491333,0.7191587090492249,0.9667693376541138,0.7222135066986084,0.9562024474143982,0.7570886015892029,0.9182637929916382,0.659093976020813,0.9016177654266357,0.6993464231491089,0.9055148959159851,0.721337080001831,0.8983008861541748,0.7222822904586792,0.905841588973999,0.7274806499481201,0.902057409286499,0.7254554629325867,0.8925846815109253,0.7428964376449585,0.884986400604248,0.728714108467102,0
0.885435163974762,0.6773975491523743,0.8821336030960083,0.6683661341667175,0.8824580311775208,0.6644207835197449,0.882785975933075,0.6603876352310181,0.881404459476471,0.6783442497253418,0.8812167644500732,0.6814364790916443,0.8809785842895508,0.684778094291687,0.8865283131599426,0.6518809795379639,0.8836522102355957,0.6852446794509888,0.8910720348358154,0.6703289747238159,0.8900392055511475,0.6832808256149292,0.9122375845909119,0.6289379596710205,0.899268388748169,0.7094170451164246,0.9182459712028503,0.6185920834541321,0.8967286944389343,0.7593521475791931,0.8896913528442383,0.6505227088928223,0.8834453821182251,0.7417240738868713,0.8836514949798584,0.6602363586425781,0.87638258934021,0.7361484169960022,0.8810093402862549,0.6625361442565918,0.8744449019432068,0.728390634059906,0.8839557766914368,0.6605979204177856,0.8789467215538025,0.7285134196281433,0.9629606604576111,0.7254025936126709,0.9512061476707458,0.7632803916931152,0.9237273931503296,0.6739097237586975,0.9047222137451172,0.7258911728858948,0.9144139289855957,0.735439658164978,0.9105414152145386,0.75160813331604,0.9155272841453552,0.7378102540969849,0.9158068299293518,0.754030168056488,0.8997400999069214,0.7681291699409485,0.8986393809318542,0.7623869776725769,0
0.0,0.0,0.0,0.0,0.0,0.0,0.0,0.0,0.0,0.0,0.0,0.0,0.0,0.0,0.0,0.0,0.0,0.0,0.0,0.0,0.0,0.0,0.0,0.0,0.0,0.0,0.0,0.0,0.0,0.0,0.0,0.0,0.0,0.0,0.0,0.0,0.0,0.0,0.0,0.0,0.0,0.0,0.0,0.0,0.0,0.0,0.0,0.0,0.0,0.0,0.0,0.0,0.0,0.0,0.0,0.0,0.0,0.0,0.0,0.0,0.0,0.0,0.0,0.0,0.0,0.0,0
0.0,0.0,0.0,0.0,0.0,0.0,0.0,0.0,0.0,0.0,0.0,0.0,0.0,0.0,0.0,0.0,0.0,0.0,0.0,0.0,0.0,0.0,0.0,0.0,0.0,0.0,0.0,0.0,0.0,0.0,0.0,0.0,0.0,0.0,0.0,0.0,0.0,0.0,0.0,0.0,0.0,0.0,0.0,0.0,0.0,0.0,0.0,0.0,0.0,0.0,0.0,0.0,0.0,0.0,0.0,0.0,0.0,0.0,0.0,0.0,0.0,0.0,0.0,0.0,0.0,0.0,0
0.0,0.0,0.0,0.0,0.0,0.0,0.0,0.0,0.0,0.0,0.0,0.0,0.0,0.0,0.0,0.0,0.0,0.0,0.0,0.0,0.0,0.0,0.0,0.0,0.0,0.0,0.0,0.0,0.0,0.0,0.0,0.0,0.0,0.0,0.0,0.0,0.0,0.0,0.0,0.0,0.0,0.0,0.0,0.0,0.0,0.0,0.0,0.0,0.0,0.0,0.0,0.0,0.0,0.0,0.0,0.0,0.0,0.0,0.0,0.0,0.0,0.0,0.0,0.0,0.0,0.0,0
0.0,0.0,0.0,0.0,0.0,0.0,0.0,0.0,0.0,0.0,0.0,0.0,0.0,0.0,0.0,0.0,0.0,0.0,0.0,0.0,0.0,0.0,0.0,0.0,0.0,0.0,0.0,0.0,0.0,0.0,0.0,0.0,0.0,0.0,0.0,0.0,0.0,0.0,0.0,0.0,0.0,0.0,0.0,0.0,0.0,0.0,0.0,0.0,0.0,0.0,0.0,0.0,0.0,0.0,0.0,0.0,0.0,0.0,0.0,0.0,0.0,0.0,0.0,0.0,0.0,0.0,0
0.0,0.0,0.0,0.0,0.0,0.0,0.0,0.0,0.0,0.0,0.0,0.0,0.0,0.0,0.0,0.0,0.0,0.0,0.0,0.0,0.0,0.0,0.0,0.0,0.0,0.0,0.0,0.0,0.0,0.0,0.0,0.0,0.0,0.0,0.0,0.0,0.0,0.0,0.0,0.0,0.0,0.0,0.0,0.0,0.0,0.0,0.0,0.0,0.0,0.0,0.0,0.0,0.0,0.0,0.0,0.0,0.0,0.0,0.0,0.0,0.0,0.0,0.0,0.0,0.0,0.0,0
0.0,0.0,0.0,0.0,0.0,0.0,0.0,0.0,0.0,0.0,0.0,0.0,0.0,0.0,0.0,0.0,0.0,0.0,0.0,0.0,0.0,0.0,0.0,0.0,0.0,0.0,0.0,0.0,0.0,0.0,0.0,0.0,0.0,0.0,0.0,0.0,0.0,0.0,0.0,0.0,0.0,0.0,0.0,0.0,0.0,0.0,0.0,0.0,0.0,0.0,0.0,0.0,0.0,0.0,0.0,0.0,0.0,0.0,0.0,0.0,0.0,0.0,0.0,0.0,0.0,0.0,0
0.0,0.0,0.0,0.0,0.0,0.0,0.0,0.0,0.0,0.0,0.0,0.0,0.0,0.0,0.0,0.0,0.0,0.0,0.0,0.0,0.0,0.0,0.0,0.0,0.0,0.0,0.0,0.0,0.0,0.0,0.0,0.0,0.0,0.0,0.0,0.0,0.0,0.0,0.0,0.0,0.0,0.0,0.0,0.0,0.0,0.0,0.0,0.0,0.0,0.0,0.0,0.0,0.0,0.0,0.0,0.0,0.0,0.0,0.0,0.0,0.0,0.0,0.0,0.0,0.0,0.0,0
0.0,0.0,0.0,0.0,0.0,0.0,0.0,0.0,0.0,0.0,0.0,0.0,0.0,0.0,0.0,0.0,0.0,0.0,0.0,0.0,0.0,0.0,0.0,0.0,0.0,0.0,0.0,0.0,0.0,0.0,0.0,0.0,0.0,0.0,0.0,0.0,0.0,0.0,0.0,0.0,0.0,0.0,0.0,0.0,0.0,0.0,0.0,0.0,0.0,0.0,0.0,0.0,0.0,0.0,0.0,0.0,0.0,0.0,0.0,0.0,0.0,0.0,0.0,0.0,0.0,0.0,0
0.0,0.0,0.0,0.0,0.0,0.0,0.0,0.0,0.0,0.0,0.0,0.0,0.0,0.0,0.0,0.0,0.0,0.0,0.0,0.0,0.0,0.0,0.0,0.0,0.0,0.0,0.0,0.0,0.0,0.0,0.0,0.0,0.0,0.0,0.0,0.0,0.0,0.0,0.0,0.0,0.0,0.0,0.0,0.0,0.0,0.0,0.0,0.0,0.0,0.0,0.0,0.0,0.0,0.0,0.0,0.0,0.0,0.0,0.0,0.0,0.0,0.0,0.0,0.0,0.0,0.0,0
0.0,0.0,0.0,0.0,0.0,0.0,0.0,0.0,0.0,0.0,0.0,0.0,0.0,0.0,0.0,0.0,0.0,0.0,0.0,0.0,0.0,0.0,0.0,0.0,0.0,0.0,0.0,0.0,0.0,0.0,0.0,0.0,0.0,0.0,0.0,0.0,0.0,0.0,0.0,0.0,0.0,0.0,0.0,0.0,0.0,0.0,0.0,0.0,0.0,0.0,0.0,0.0,0.0,0.0,0.0,0.0,0.0,0.0,0.0,0.0,0.0,0.0,0.0,0.0,0.0,0.0,0
0.0,0.0,0.0,0.0,0.0,0.0,0.0,0.0,0.0,0.0,0.0,0.0,0.0,0.0,0.0,0.0,0.0,0.0,0.0,0.0,0.0,0.0,0.0,0.0,0.0,0.0,0.0,0.0,0.0,0.0,0.0,0.0,0.0,0.0,0.0,0.0,0.0,0.0,0.0,0.0,0.0,0.0,0.0,0.0,0.0,0.0,0.0,0.0,0.0,0.0,0.0,0.0,0.0,0.0,0.0,0.0,0.0,0.0,0.0,0.0,0.0,0.0,0.0,0.0,0.0,0.0,0
0.0,0.0,0.0,0.0,0.0,0.0,0.0,0.0,0.0,0.0,0.0,0.0,0.0,0.0,0.0,0.0,0.0,0.0,0.0,0.0,0.0,0.0,0.0,0.0,0.0,0.0,0.0,0.0,0.0,0.0,0.0,0.0,0.0,0.0,0.0,0.0,0.0,0.0,0.0,0.0,0.0,0.0,0.0,0.0,0.0,0.0,0.0,0.0,0.0,0.0,0.0,0.0,0.0,0.0,0.0,0.0,0.0,0.0,0.0,0.0,0.0,0.0,0.0,0.0,0.0,0.0,0
0.8872348070144653,0.6350197196006775,0.8861724138259888,0.6263286471366882,0.8864368200302124,0.6260233521461487,0.8874332308769226,0.6263158917427063,0.8854907751083374,0.6323729157447815,0.8855856657028198,0.6333343982696533,0.8851936459541321,0.6401376128196716,0.8905037641525269,0.626344621181488,0.8877792954444885,0.6449032425880432,0.8918722867965698,0.6354202628135681,0.88986736536026,0.6444657444953918,0.9068943858146667,0.6205392479896545,0.8955479264259338,0.6897245049476624,0.9012126922607422,0.6506446599960327,0.8921517729759216,0.7382916212081909,0.8701586723327637,0.6882908344268799,0.8711031079292297,0.7245426774024963,0.8665903210639954,0.692956805229187,0.867203950881958,0.7217971682548523,0.8640170693397522,0.6904283761978149,0.8657178282737732,0.7179587483406067,0.8661789298057556,0.6886255145072937,0.8663918375968933,0.7155790328979492,0.9448752403259277,0.6620790362358093,0.9399816393852234,0.7077106237411499,0.938866138458252,0.6517242193222046,0.9457689523696899,0.7324338555335999,0.9699584245681763,0.7120147347450256,0.9797587990760803,0.7735942602157593,0.9736098647117615,0.7220636606216431,0.9840936660766602,0.7774755954742432,0.9807029962539673,0.7324727177619934,0.9921180605888367,0.7817068696022034,0
0.8893865346908569,0.6338109374046326,0.8869423866271973,0.6334760785102844,0.8881620764732361,0.6288345456123352,0.888434886932373,0.6280989050865173,0.8867042660713196,0.6345881223678589,0.8858883380889893,0.6393548846244812,0.8859682083129883,0.6376007795333862,0.8926286697387695,0.6249104738235474,0.8880966901779175,0.6404194235801697,0.8940736055374146,0.6316601634025574,0.8924635052680969,0.6407458782196045,0.9108649492263794,0.6092262864112854,0.8964899778366089,0.6716321110725403,0.9032369256019592,0.6306707262992859,0.8880148530006409,0.7118150591850281,0.8747040629386902,0.6831744313240051,0.873818576335907,0.7117466330528259,0.8751536011695862,0.6822494268417358,0.8715013265609741,0.7155253887176514,0.8695270419120789,0.6976891160011292,0.8705424070358276,0.7076869606971741,0.872528076171875,0.6926557421684265,0.8725537657737732,0.7059206366539001,0.9467145800590515,0.6737070679664612,0.935982882976532,0.71268230676651,0.9372406005859375,0.6448185443878174,0.9223161935806274,0.7134041786193848,0.9749656319618225,0.7374138236045837,0.9691881537437439,0.7641062140464783,0.9801326394081116,0.7533635497093201,0.9769838452339172,0.7679687142372131,0.9851788282394409,0.7620546221733093,0.9811172485351562,0.7811353802680969,0
0.0,0.0,0.0,0.0,0.0,0.0,0.0,0.0,0.0,0.0,0.0,0.0,0.0,0.0,0.0,0.0,0.0,0.0,0.0,0.0,0.0,0.0,0.0,0.0,0.0,0.0,0.0,0.0,0.0,0.0,0.0,0.0,0.0,0.0,0.0,0.0,0.0,0.0,0.0,0.0,0.0,0.0,0.0,0.0,0.0,0.0,0.0,0.0,0.0,0.0,0.0,0.0,0.0,0.0,0.0,0.0,0.0,0.0,0.0,0.0,0.0,0.0,0.0,0.0,0.0,0.0,0
0.8898831009864807,0.6312909722328186,0.8884316086769104,0.62479567527771,0.887607216835022,0.6290698647499084,0.8893057107925415,0.6202321648597717,0.8874731659889221,0.630827784538269,0.8872166275978088,0.6328385472297668,0.8869106769561768,0.6351115703582764,0.8928226232528687,0.6182975769042969,0.8892173171043396,0.6391091346740723,0.8942562341690063,0.6304336190223694,0.8928479552268982,0.6387872695922852,0.9098160266876221,0.6167747974395752,0.8985289335250854,0.6719764471054077,0.8974771499633789,0.6480497717857361,0.8893347382545471,0.7142326831817627,0.872775137424469,0.6907840371131897,0.8758448362350464,0.7148473858833313,0.8698998093605042,0.6992706060409546,0.8696988224983215,0.7227859497070312,0.8683057427406311,0.7056856155395508,0.8734674453735352,0.710567831993103,0.8692901730537415,0.7006508111953735,0.8752964735031128,0.7088430523872375,0.9500017762184143,0.679695188999176,0.9402488470077515,0.7134771347045898,0.9365166425704956,0.6538009643554688,0.916506826877594,0.7089285254478455,0.961017370223999,0.7310617566108704,0.9572651982307434,0.7632282972335815,0.9645889401435852,0.7418277263641357,0.9649595618247986,0.7683473825454712,0.9675391912460327,0.7553766965866089,0.9647179245948792,0.7807728052139282,0
0.8902397751808167,0.6300532817840576,0.8887585401535034,0.6227464079856873,0.8879901766777039,0.6237559914588928,0.888178825378418,0.6230429410934448,0.8877221941947937,0.6288323998451233,0.8874339461326599,0.6308305859565735,0.8870925307273865,0.633087694644928,0.8931710720062256,0.6157324314117432,0.8892326354980469,0.6368324756622314,0.8946062922477722,0.6295080184936523,0.8931023478507996,0.6377397775650024,0.9096057415008545,0.6140530109405518,0.897616446018219,0.6707093119621277,0.8988163471221924,0.648413360118866,0.8893074989318848,0.7164101600646973,0.872979998588562,0.6888101100921631,0.8771665692329407,0.7165119051933289,0.8699334859848022,0.6977580189704895,0.8751354813575745,0.7213147282600403,0.8678032159805298,0.7032067179679871,0.8748948574066162,0.7115076780319214,0.8708633184432983,0.7002202272415161,0.876719057559967,0.7095724940299988,0.948631227016449,0.6797095537185669,0.9388179779052734,0.7148358821868896,0.9295673966407776,0.6413267254829407,0.9112902879714966,0.7132276296615601,0.9520414471626282,0.7159554958343506,0.9421302676200867,0.7600984573364258,0.9558839201927185,0.726219117641449,0.949160635471344,0.7637789249420166,0.9560330510139465,0.7403228878974915,0.9449602365493774,0.7759366631507874,0
0.0,0.0,0.0,0.0,0.0,0.0,0.0,0.0,0.0,0.0,0.0,0.0,0.0,0.0,0.0,0.0,0.0,0.0,0.0,0.0,0.0,0.0,0.0,0.0,0.0,0.0,0.0,0.0,0.0,0.0,0.0,0.0,0.0,0.0,0.0,0.0,0.0,0.0,0.0,0.0,0.0,0.0,0.0,0.0,0.0,0.0,0.0,0.0,0.0,0.0,0.0,0.0,0.0,0.0,0.0,0.0,0.0,0.0,0.0,0.0,0.0,0.0,0.0,0.0,0.0,0.0,0
0.0,0.0,0.0,0.0,0.0,0.0,0.0,0.0,0.0,0.0,0.0,0.0,0.0,0.0,0.0,0.0,0.0,0.0,0.0,0.0,0.0,0.0,0.0,0.0,0.0,0.0,0.0,0.0,0.0,0.0,0.0,0.0,0.0,0.0,0.0,0.0,0.0,0.0,0.0,0.0,0.0,0.0,0.0,0.0,0.0,0.0,0.0,0.0,0.0,0.0,0.0,0.0,0.0,0.0,0.0,0.0,0.0,0.0,0.0,0.0,0.0,0.0,0.0,0.0,0.0,0.0,0
0.8843457698822021,0.6445955634117126,0.8840054273605347,0.6395790576934814,0.8850448727607727,0.6344922780990601,0.8852862119674683,0.6336825489997864,0.8847106099128723,0.6429615616798401,0.8842260241508484,0.6485182642936707,0.8843430280685425,0.649368405342102,0.8900696635246277,0.6297774910926819,0.8862084150314331,0.6492863893508911,0.8902884721755981,0.6407814621925354,0.8891535401344299,0.6507939100265503,0.9070125818252563,0.6158975958824158,0.8974891304969788,0.6814849376678467,0.8941066861152649,0.6497942209243774,0.8912053108215332,0.7292136549949646,0.8711836338043213,0.6898993849754333,0.8768172860145569,0.7222684025764465,0.8681642413139343,0.7029922008514404,0.8714003562927246,0.7274542450904846,0.8669367432594299,0.7011385560035706,0.8710407018661499,0.717726469039917,0.8691463470458984,0.7008735537528992,0.8751671314239502,0.7134108543395996,0.9473322629928589,0.6928072571754456,0.9378983974456787,0.7288629412651062,0.9299609661102295,0.6493983268737793,0.9043681621551514,0.7220855951309204,0.9542463421821594,0.736382007598877,0.9303800463676453,0.7595222592353821,0.9587356448173523,0.7468077540397644,0.9366965293884277,0.763371467590332,0.9558963775634766,0.7657768130302429,0.9297061562538147,0.77064049243927,0
0.0,0.0,0.0,0.0,0.0,0.0,0.0,0.0,0.0,0.0,0.0,0.0,0.0,0.0,0.0,0.0,0.0,0.0,0.0,0.0,0.0,0.0,0.0,0.0,0.0,0.0,0.0,0.0,0.0,0.0,0.0,0.0,0.0,0.0,0.0,0.0,0.0,0.0,0.0,0.0,0.0,0.0,0.0,0.0,0.0,0.0,0.0,0.0,0.0,0.0,0.0,0.0,0.0,0.0,0.0,0.0,0.0,0.0,0.0,0.0,0.0,0.0,0.0,0.0,0.0,0.0,0
