kp0_x,kp0_y,kp1_x,kp1_y,kp2_x,kp2_y,kp3_x,kp3_y,kp4_x,kp4_y,kp5_x,kp5_y,kp6_x,kp6_y,kp7_x,kp7_y,kp8_x,kp8_y,kp9_x,kp9_y,kp10_x,kp10_y,kp11_x,kp11_y,kp12_x,kp12_y,kp13_x,kp13_y,kp14_x,kp14_y,kp15_x,kp15_y,kp16_x,kp16_y,kp17_x,kp17_y,kp18_x,kp18_y,kp19_x,kp19_y,kp20_x,kp20_y,kp21_x,kp21_y,kp22_x,kp22_y,kp23_x,kp23_y,kp24_x,kp24_y,kp25_x,kp25_y,kp26_x,kp26_y,kp27_x,kp27_y,kp28_x,kp28_y,kp29_x,kp29_y,kp30_x,kp30_y,kp31_x,kp31_y,kp32_x,kp32_y,label
0.0,0.0,0.0,0.0,0.0,0.0,0.0,0.0,0.0,0.0,0.0,0.0,0.0,0.0,0.0,0.0,0.0,0.0,0.0,0.0,0.0,0.0,0.0,0.0,0.0,0.0,0.0,0.0,0.0,0.0,0.0,0.0,0.0,0.0,0.0,0.0,0.0,0.0,0.0,0.0,0.0,0.0,0.0,0.0,0.0,0.0,0.0,0.0,0.0,0.0,0.0,0.0,0.0,0.0,0.0,0.0,0.0,0.0,0.0,0.0,0.0,0.0,0.0,0.0,0.0,0.0,0
0.0,0.0,0.0,0.0,0.0,0.0,0.0,0.0,0.0,0.0,0.0,0.0,0.0,0.0,0.0,0.0,0.0,0.0,0.0,0.0,0.0,0.0,0.0,0.0,0.0,0.0,0.0,0.0,0.0,0.0,0.0,0.0,0.0,0.0,0.0,0.0,0.0,0.0,0.0,0.0,0.0,0.0,0.0,0.0,0.0,0.0,0.0,0.0,0.0,0.0,0.0,0.0,0.0,0.0,0.0,0.0,0.0,0.0,0.0,0.0,0.0,0.0,0.0,0.0,0.0,0.0,0
0.0,0.0,0.0,0.0,0.0,0.0,0.0,0.0,0.0,0.0,0.0,0.0,0.0,0.0,0.0,0.0,0.0,0.0,0.0,0.0,0.0,0.0,0.0,0.0,0.0,0.0,0.0,0.0,0.0,0.0,0.0,0.0,0.0,0.0,0.0,0.0,0.0,0.0,0.0,0.0,0.0,0.0,0.0,0.0,0.0,0.0,0.0,0.0,0.0,0.0,0.0,0.0,0.0,0.0,0.0,0.0,0.0,0.0,0.0,0.0,0.0,0.0,0.0,0.0,0.0,0.0,0
0.0,0.0,0.0,0.0,0.0,0.0,0.0,0.0,0.0,0.0,0.0,0.0,0.0,0.0,0.0,0.0,0.0,0.0,0.0,0.0,0.0,0.0,0.0,0.0,0.0,0.0,0.0,0.0,0.0,0.0,0.0,0.0,0.0,0.0,0.0,0.0,0.0,0.0,0.0,0.0,0.0,0.0,0.0,0.0,0.0,0.0,0.0,0.0,0.0,0.0,0.0,0.0,0.0,0.0,0.0,0.0,0.0,0.0,0.0,0.0,0.0,0.0,0.0,0.0,0.0,0.0,0
0.0,0.0,0.0,0.0,0.0,0.0,0.0,0.0,0.0,0.0,0.0,0.0,0.0,0.0,0.0,0.0,0.0,0.0,0.0,0.0,0.0,0.0,0.0,0.0,0.0,0.0,0.0,0.0,0.0,0.0,0.0,0.0,0.0,0.0,0.0,0.0,0.0,0.0,0.0,0.0,0.0,0.0,0.0,0.0,0.0,0.0,0.0,0.0,0.0,0.0,0.0,0.0,0.0,0.0,0.0,0.0,0.0,0.0,0.0,0.0,0.0,0.0,0.0,0.0,0.0,0.0,0
0.0,0.0,0.0,0.0,0.0,0.0,0.0,0.0,0.0,0.0,0.0,0.0,0.0,0.0,0.0,0.0,0.0,0.0,0.0,0.0,0.0,0.0,0.0,0.0,0.0,0.0,0.0,0.0,0.0,0.0,0.0,0.0,0.0,0.0,0.0,0.0,0.0,0.0,0.0,0.0,0.0,0.0,0.0,0.0,0.0,0.0,0.0,0.0,0.0,0.0,0.0,0.0,0.0,0.0,0.0,0.0,0.0,0.0,0.0,0.0,0.0,0.0,0.0,0.0,0.0,0.0,0
0.0,0.0,0.0,0.0,0.0,0.0,0.0,0.0,0.0,0.0,0.0,0.0,0.0,0.0,0.0,0.0,0.0,0.0,0.0,0.0,0.0,0.0,0.0,0.0,0.0,0.0,0.0,0.0,0.0,0.0,0.0,0.0,0.0,0.0,0.0,0.0,0.0,0.0,0.0,0.0,0.0,0.0,0.0,0.0,0.0,0.0,0.0,0.0,0.0,0.0,0.0,0.0,0.0,0.0,0.0,0.0,0.0,0.0,0.0,0.0,0.0,0.0,0.0,0.0,0.0,0.0,0
0.0,0.0,0.0,0.0,0.0,0.0,0.0,0.0,0.0,0.0,0.0,0.0,0.0,0.0,0.0,0.0,0.0,0.0,0.0,0.0,0.0,0.0,0.0,0.0,0.0,0.0,0.0,0.0,0.0,0.0,0.0,0.0,0.0,0.0,0.0,0.0,0.0,0.0,0.0,0.0,0.0,0.0,0.0,0.0,0.0,0.0,0.0,0.0,0.0,0.0,0.0,0.0,0.0,0.0,0.0,0.0,0.0,0.0,0.0,0.0,0.0,0.0,0.0,0.0,0.0,0.0,0
0.0,0.0,0.0,0.0,0.0,0.0,0.0,0.0,0.0,0.0,0.0,0.0,0.0,0.0,0.0,0.0,0.0,0.0,0.0,0.0,0.0,0.0,0.0,0.0,0.0,0.0,0.0,0.0,0.0,0.0,0.0,0.0,0.0,0.0,0.0,0.0,0.0,0.0,0.0,0.0,0.0,0.0,0.0,0.0,0.0,0.0,0.0,0.0,0.0,0.0,0.0,0.0,0.0,0.0,0.0,0.0,0.0,0.0,0.0,0.0,0.0,0.0,0.0,0.0,0.0,0.0,0
0.0,0.0,0.0,0.0,0.0,0.0,0.0,0.0,0.0,0.0,0.0,0.0,0.0,0.0,0.0,0.0,0.0,0.0,0.0,0.0,0.0,0.0,0.0,0.0,0.0,0.0,0.0,0.0,0.0,0.0,0.0,0.0,0.0,0.0,0.0,0.0,0.0,0.0,0.0,0.0,0.0,0.0,0.0,0.0,0.0,0.0,0.0,0.0,0.0,0.0,0.0,0.0,0.0,0.0,0.0,0.0,0.0,0.0,0.0,0.0,0.0,0.0,0.0,0.0,0.0,0.0,0
0.0,0.0,0.0,0.0,0.0,0.0,0.0,0.0,0.0,0.0,0.0,0.0,0.0,0.0,0.0,0.0,0.0,0.0,0.0,0.0,0.0,0.0,0.0,0.0,0.0,0.0,0.0,0.0,0.0,0.0,0.0,0.0,0.0,0.0,0.0,0.0,0.0,0.0,0.0,0.0,0.0,0.0,0.0,0.0,0.0,0.0,0.0,0.0,0.0,0.0,0.0,0.0,0.0,0.0,0.0,0.0,0.0,0.0,0.0,0.0,0.0,0.0,0.0,0.0,0.0,0.0,0
0.0,0.0,0.0,0.0,0.0,0.0,0.0,0.0,0.0,0.0,0.0,0.0,0.0,0.0,0.0,0.0,0.0,0.0,0.0,0.0,0.0,0.0,0.0,0.0,0.0,0.0,0.0,0.0,0.0,0.0,0.0,0.0,0.0,0.0,0.0,0.0,0.0,0.0,0.0,0.0,0.0,0.0,0.0,0.0,0.0,0.0,0.0,0.0,0.0,0.0,0.0,0.0,0.0,0.0,0.0,0.0,0.0,0.0,0.0,0.0,0.0,0.0,0.0,0.0,0.0,0.0,0
0.0,0.0,0.0,0.0,0.0,0.0,0.0,0.0,0.0,0.0,0.0,0.0,0.0,0.0,0.0,0.0,0.0,0.0,0.0,0.0,0.0,0.0,0.0,0.0,0.0,0.0,0.0,0.0,0.0,0.0,0.0,0.0,0.0,0.0,0.0,0.0,0.0,0.0,0.0,0.0,0.0,0.0,0.0,0.0,0.0,0.0,0.0,0.0,0.0,0.0,0.0,0.0,0.0,0.0,0.0,0.0,0.0,0.0,0.0,0.0,0.0,0.0,0.0,0.0,0.0,0.0,0
0.0,0.0,0.0,0.0,0.0,0.0,0.0,0.0,0.0,0.0,0.0,0.0,0.0,0.0,0.0,0.0,0.0,0.0,0.0,0.0,0.0,0.0,0.0,0.0,0.0,0.0,0.0,0.0,0.0,0.0,0.0,0.0,0.0,0.0,0.0,0.0,0.0,0.0,0.0,0.0,0.0,0.0,0.0,0.0,0.0,0.0,0.0,0.0,0.0,0.0,0.0,0.0,0.0,0.0,0.0,0.0,0.0,0.0,0.0,0.0,0.0,0.0,0.0,0.0,0.0,0.0,0
0.0,0.0,0.0,0.0,0.0,0.0,0.0,0.0,0.0,0.0,0.0,0.0,0.0,0.0,0.0,0.0,0.0,0.0,0.0,0.0,0.0,0.0,0.0,0.0,0.0,0.0,0.0,0.0,0.0,0.0,0.0,0.0,0.0,0.0,0.0,0.0,0.0,0.0,0.0,0.0,0.0,0.0,0.0,0.0,0.0,0.0,0.0,0.0,0.0,0.0,0.0,0.0,0.0,0.0,0.0,0.0,0.0,0.0,0.0,0.0,0.0,0.0,0.0,0.0,0.0,0.0,0
0.0,0.0,0.0,0.0,0.0,0.0,0.0,0.0,0.0,0.0,0.0,0.0,0.0,0.0,0.0,0.0,0.0,0.0,0.0,0.0,0.0,0.0,0.0,0.0,0.0,0.0,0.0,0.0,0.0,0.0,0.0,0.0,0.0,0.0,0.0,0.0,0.0,0.0,0.0,0.0,0.0,0.0,0.0,0.0,0.0,0.0,0.0,0.0,0.0,0.0,0.0,0.0,0.0,0.0,0.0,0.0,0.0,0.0,0.0,0.0,0.0,0.0,0.0,0.0,0.0,0.0,0
0.0,0.0,0.0,0.0,0.0,0.0,0.0,0.0,0.0,0.0,0.0,0.0,0.0,0.0,0.0,0.0,0.0,0.0,0.0,0.0,0.0,0.0,0.0,0.0,0.0,0.0,0.0,0.0,0.0,0.0,0.0,0.0,0.0,0.0,0.0,0.0,0.0,0.0,0.0,0.0,0.0,0.0,0.0,0.0,0.0,0.0,0.0,0.0,0.0,0.0,0.0,0.0,0.0,0.0,0.0,0.0,0.0,0.0,0.0,0.0,0.0,0.0,0.0,0.0,0.0,0.0,0
0.0,0.0,0.0,0.0,0.0,0.0,0.0,0.0,0.0,0.0,0.0,0.0,0.0,0.0,0.0,0.0,0.0,0.0,0.0,0.0,0.0,0.0,0.0,0.0,0.0,0.0,0.0,0.0,0.0,0.0,0.0,0.0,0.0,0.0,0.0,0.0,0.0,0.0,0.0,0.0,0.0,0.0,0.0,0.0,0.0,0.0,0.0,0.0,0.0,0.0,0.0,0.0,0.0,0.0,0.0,0.0,0.0,0.0,0.0,0.0,0.0,0.0,0.0,0.0,0.0,0.0,0
0.0,0.0,0.0,0.0,0.0,0.0,0.0,0.0,0.0,0.0,0.0,0.0,0.0,0.0,0.0,0.0,0.0,0.0,0.0,0.0,0.0,0.0,0.0,0.0,0.0,0.0,0.0,0.0,0.0,0.0,0.0,0.0,0.0,0.0,0.0,0.0,0.0,0.0,0.0,0.0,0.0,0.0,0.0,0.0,0.0,0.0,0.0,0.0,0.0,0.0,0.0,0.0,0.0,0.0,0.0,0.0,0.0,0.0,0.0,0.0,0.0,0.0,0.0,0.0,0.0,0.0,0
0.0,0.0,0.0,0.0,0.0,0.0,0.0,0.0,0.0,0.0,0.0,0.0,0.0,0.0,0.0,0.0,0.0,0.0,0.0,0.0,0.0,0.0,0.0,0.0,0.0,0.0,0.0,0.0,0.0,0.0,0.0,0.0,0.0,0.0,0.0,0.0,0.0,0.0,0.0,0.0,0.0,0.0,0.0,0.0,0.0,0.0,0.0,0.0,0.0,0.0,0.0,0.0,0.0,0.0,0.0,0.0,0.0,0.0,0.0,0.0,0.0,0.0,0.0,0.0,0.0,0.0,0
0.0,0.0,0.0,0.0,0.0,0.0,0.0,0.0,0.0,0.0,0.0,0.0,0.0,0.0,0.0,0.0,0.0,0.0,0.0,0.0,0.0,0.0,0.0,0.0,0.0,0.0,0.0,0.0,0.0,0.0,0.0,0.0,0.0,0.0,0.0,0.0,0.0,0.0,0.0,0.0,0.0,0.0,0.0,0.0,0.0,0.0,0.0,0.0,0.0,0.0,0.0,0.0,0.0,0.0,0.0,0.0,0.0,0.0,0.0,0.0,0.0,0.0,0.0,0.0,0.0,0.0,0
0.0,0.0,0.0,0.0,0.0,0.0,0.0,0.0,0.0,0.0,0.0,0.0,0.0,0.0,0.0,0.0,0.0,0.0,0.0,0.0,0.0,0.0,0.0,0.0,0.0,0.0,0.0,0.0,0.0,0.0,0.0,0.0,0.0,0.0,0.0,0.0,0.0,0.0,0.0,0.0,0.0,0.0,0.0,0.0,0.0,0.0,0.0,0.0,0.0,0.0,0.0,0.0,0.0,0.0,0.0,0.0,0.0,0.0,0.0,0.0,0.0,0.0,0.0,0.0,0.0,0.0,0
0.0,0.0,0.0,0.0,0.0,0.0,0.0,0.0,0.0,0.0,0.0,0.0,0.0,0.0,0.0,0.0,0.0,0.0,0.0,0.0,0.0,0.0,0.0,0.0,0.0,0.0,0.0,0.0,0.0,0.0,0.0,0.0,0.0,0.0,0.0,0.0,0.0,0.0,0.0,0.0,0.0,0.0,0.0,0.0,0.0,0.0,0.0,0.0,0.0,0.0,0.0,0.0,0.0,0.0,0.0,0.0,0.0,0.0,0.0,0.0,0.0,0.0,0.0,0.0,0.0,0.0,0
0.0,0.0,0.0,0.0,0.0,0.0,0.0,0.0,0.0,0.0,0.0,0.0,0.0,0.0,0.0,0.0,0.0,0.0,0.0,0.0,0.0,0.0,0.0,0.0,0.0,0.0,0.0,0.0,0.0,0.0,0.0,0.0,0.0,0.0,0.0,0.0,0.0,0.0,0.0,0.0,0.0,0.0,0.0,0.0,0.0,0.0,0.0,0.0,0.0,0.0,0.0,0.0,0.0,0.0,0.0,0.0,0.0,0.0,0.0,0.0,0.0,0.0,0.0,0.0,0.0,0.0,0
0.0,0.0,0.0,0.0,0.0,0.0,0.0,0.0,0.0,0.0,0.0,0.0,0.0,0.0,0.0,0.0,0.0,0.0,0.0,0.0,0.0,0.0,0.0,0.0,0.0,0.0,0.0,0.0,0.0,0.0,0.0,0.0,0.0,0.0,0.0,0.0,0.0,0.0,0.0,0.0,0.0,0.0,0.0,0.0,0.0,0.0,0.0,0.0,0.0,0.0,0.0,0.0,0.0,0.0,0.0,0.0,0.0,0.0,0.0,0.0,0.0,0.0,0.0,0.0,0.0,0.0,0
0.0,0.0,0.0,0.0,0.0,0.0,0.0,0.0,0.0,0.0,0.0,0.0,0.0,0.0,0.0,0.0,0.0,0.0,0.0,0.0,0.0,0.0,0.0,0.0,0.0,0.0,0.0,0.0,0.0,0.0,0.0,0.0,0.0,0.0,0.0,0.0,0.0,0.0,0.0,0.0,0.0,0.0,0.0,0.0,0.0,0.0,0.0,0.0,0.0,0.0,0.0,0.0,0.0,0.0,0.0,0.0,0.0,0.0,0.0,0.0,0.0,0.0,0.0,0.0,0.0,0.0,0
0.0,0.0,0.0,0.0,0.0,0.0,0.0,0.0,0.0,0.0,0.0,0.0,0.0,0.0,0.0,0.0,0.0,0.0,0.0,0.0,0.0,0.0,0.0,0.0,0.0,0.0,0.0,0.0,0.0,0.0,0.0,0.0,0.0,0.0,0.0,0.0,0.0,0.0,0.0,0.0,0.0,0.0,0.0,0.0,0.0,0.0,0.0,0.0,0.0,0.0,0.0,0.0,0.0,0.0,0.0,0.0,0.0,0.0,0.0,0.0,0.0,0.0,0.0,0.0,0.0,0.0,0
0.0,0.0,0.0,0.0,0.0,0.0,0.0,0.0,0.0,0.0,0.0,0.0,0.0,0.0,0.0,0.0,0.0,0.0,0.0,0.0,0.0,0.0,0.0,0.0,0.0,0.0,0.0,0.0,0.0,0.0,0.0,0.0,0.0,0.0,0.0,0.0,0.0,0.0,0.0,0.0,0.0,0.0,0.0,0.0,0.0,0.0,0.0,0.0,0.0,0.0,0.0,0.0,0.0,0.0,0.0,0.0,0.0,0.0,0.0,0.0,0.0,0.0,0.0,0.0,0.0,0.0,0
0.0,0.0,0.0,0.0,0.0,0.0,0.0,0.0,0.0,0.0,0.0,0.0,0.0,0.0,0.0,0.0,0.0,0.0,0.0,0.0,0.0,0.0,0.0,0.0,0.0,0.0,0.0,0.0,0.0,0.0,0.0,0.0,0.0,0.0,0.0,0.0,0.0,0.0,0.0,0.0,0.0,0.0,0.0,0.0,0.0,0.0,0.0,0.0,0.0,0.0,0.0,0.0,0.0,0.0,0.0,0.0,0.0,0.0,0.0,0.0,0.0,0.0,0.0,0.0,0.0,0.0,0
0.0,0.0,0.0,0.0,0.0,0.0,0.0,0.0,0.0,0.0,0.0,0.0,0.0,0.0,0.0,0.0,0.0,0.0,0.0,0.0,0.0,0.0,0.0,0.0,0.0,0.0,0.0,0.0,0.0,0.0,0.0,0.0,0.0,0.0,0.0,0.0,0.0,0.0,0.0,0.0,0.0,0.0,0.0,0.0,0.0,0.0,0.0,0.0,0.0,0.0,0.0,0.0,0.0,0.0,0.0,0.0,0.0,0.0,0.0,0.0,0.0,0.0,0.0,0.0,0.0,0.0,0
0.0,0.0,0.0,0.0,0.0,0.0,0.0,0.0,0.0,0.0,0.0,0.0,0.0,0.0,0.0,0.0,0.0,0.0,0.0,0.0,0.0,0.0,0.0,0.0,0.0,0.0,0.0,0.0,0.0,0.0,0.0,0.0,0.0,0.0,0.0,0.0,0.0,0.0,0.0,0.0,0.0,0.0,0.0,0.0,0.0,0.0,0.0,0.0,0.0,0.0,0.0,0.0,0.0,0.0,0.0,0.0,0.0,0.0,0.0,0.0,0.0,0.0,0.0,0.0,0.0,0.0,0
0.0,0.0,0.0,0.0,0.0,0.0,0.0,0.0,0.0,0.0,0.0,0.0,0.0,0.0,0.0,0.0,0.0,0.0,0.0,0.0,0.0,0.0,0.0,0.0,0.0,0.0,0.0,0.0,0.0,0.0,0.0,0.0,0.0,0.0,0.0,0.0,0.0,0.0,0.0,0.0,0.0,0.0,0.0,0.0,0.0,0.0,0.0,0.0,0.0,0.0,0.0,0.0,0.0,0.0,0.0,0.0,0.0,0.0,0.0,0.0,0.0,0.0,0.0,0.0,0.0,0.0,0
0.0,0.0,0.0,0.0,0.0,0.0,0.0,0.0,0.0,0.0,0.0,0.0,0.0,0.0,0.0,0.0,0.0,0.0,0.0,0.0,0.0,0.0,0.0,0.0,0.0,0.0,0.0,0.0,0.0,0.0,0.0,0.0,0.0,0.0,0.0,0.0,0.0,0.0,0.0,0.0,0.0,0.0,0.0,0.0,0.0,0.0,0.0,0.0,0.0,0.0,0.0,0.0,0.0,0.0,0.0,0.0,0.0,0.0,0.0,0.0,0.0,0.0,0.0,0.0,0.0,0.0,0
0.0,0.0,0.0,0.0,0.0,0.0,0.0,0.0,0.0,0.0,0.0,0.0,0.0,0.0,0.0,0.0,0.0,0.0,0.0,0.0,0.0,0.0,0.0,0.0,0.0,0.0,0.0,0.0,0.0,0.0,0.0,0.0,0.0,0.0,0.0,0.0,0.0,0.0,0.0,0.0,0.0,0.0,0.0,0.0,0.0,0.0,0.0,0.0,0.0,0.0,0.0,0.0,0.0,0.0,0.0,0.0,0.0,0.0,0.0,0.0,0.0,0.0,0.0,0.0,0.0,0.0,0
0.0,0.0,0.0,0.0,0.0,0.0,0.0,0.0,0.0,0.0,0.0,0.0,0.0,0.0,0.0,0.0,0.0,0.0,0.0,0.0,0.0,0.0,0.0,0.0,0.0,0.0,0.0,0.0,0.0,0.0,0.0,0.0,0.0,0.0,0.0,0.0,0.0,0.0,0.0,0.0,0.0,0.0,0.0,0.0,0.0,0.0,0.0,0.0,0.0,0.0,0.0,0.0,0.0,0.0,0.0,0.0,0.0,0.0,0.0,0.0,0.0,0.0,0.0,0.0,0.0,0.0,0
0.0,0.0,0.0,0.0,0.0,0.0,0.0,0.0,0.0,0.0,0.0,0.0,0.0,0.0,0.0,0.0,0.0,0.0,0.0,0.0,0.0,0.0,0.0,0.0,0.0,0.0,0.0,0.0,0.0,0.0,0.0,0.0,0.0,0.0,0.0,0.0,0.0,0.0,0.0,0.0,0.0,0.0,0.0,0.0,0.0,0.0,0.0,0.0,0.0,0.0,0.0,0.0,0.0,0.0,0.0,0.0,0.0,0.0,0.0,0.0,0.0,0.0,0.0,0.0,0.0,0.0,0
0.0,0.0,0.0,0.0,0.0,0.0,0.0,0.0,0.0,0.0,0.0,0.0,0.0,0.0,0.0,0.0,0.0,0.0,0.0,0.0,0.0,0.0,0.0,0.0,0.0,0.0,0.0,0.0,0.0,0.0,0.0,0.0,0.0,0.0,0.0,0.0,0.0,0.0,0.0,0.0,0.0,0.0,0.0,0.0,0.0,0.0,0.0,0.0,0.0,0.0,0.0,0.0,0.0,0.0,0.0,0.0,0.0,0.0,0.0,0.0,0.0,0.0,0.0,0.0,0.0,0.0,0
0.0,0.0,0.0,0.0,0.0,0.0,0.0,0.0,0.0,0.0,0.0,0.0,0.0,0.0,0.0,0.0,0.0,0.0,0.0,0.0,0.0,0.0,0.0,0.0,0.0,0.0,0.0,0.0,0.0,0.0,0.0,0.0,0.0,0.0,0.0,0.0,0.0,0.0,0.0,0.0,0.0,0.0,0.0,0.0,0.0,0.0,0.0,0.0,0.0,0.0,0.0,0.0,0.0,0.0,0.0,0.0,0.0,0.0,0.0,0.0,0.0,0.0,0.0,0.0,0.0,0.0,0
0.0,0.0,0.0,0.0,0.0,0.0,0.0,0.0,0.0,0.0,0.0,0.0,0.0,0.0,0.0,0.0,0.0,0.0,0.0,0.0,0.0,0.0,0.0,0.0,0.0,0.0,0.0,0.0,0.0,0.0,0.0,0.0,0.0,0.0,0.0,0.0,0.0,0.0,0.0,0.0,0.0,0.0,0.0,0.0,0.0,0.0,0.0,0.0,0.0,0.0,0.0,0.0,0.0,0.0,0.0,0.0,0.0,0.0,0.0,0.0,0.0,0.0,0.0,0.0,0.0,0.0,0
0.0,0.0,0.0,0.0,0.0,0.0,0.0,0.0,0.0,0.0,0.0,0.0,0.0,0.0,0.0,0.0,0.0,0.0,0.0,0.0,0.0,0.0,0.0,0.0,0.0,0.0,0.0,0.0,0.0,0.0,0.0,0.0,0.0,0.0,0.0,0.0,0.0,0.0,0.0,0.0,0.0,0.0,0.0,0.0,0.0,0.0,0.0,0.0,0.0,0.0,0.0,0.0,0.0,0.0,0.0,0.0,0.0,0.0,0.0,0.0,0.0,0.0,0.0,0.0,0.0,0.0,0
0.0,0.0,0.0,0.0,0.0,0.0,0.0,0.0,0.0,0.0,0.0,0.0,0.0,0.0,0.0,0.0,0.0,0.0,0.0,0.0,0.0,0.0,0.0,0.0,0.0,0.0,0.0,0.0,0.0,0.0,0.0,0.0,0.0,0.0,0.0,0.0,0.0,0.0,0.0,0.0,0.0,0.0,0.0,0.0,0.0,0.0,0.0,0.0,0.0,0.0,0.0,0.0,0.0,0.0,0.0,0.0,0.0,0.0,0.0,0.0,0.0,0.0,0.0,0.0,0.0,0.0,0
0.0,0.0,0.0,0.0,0.0,0.0,0.0,0.0,0.0,0.0,0.0,0.0,0.0,0.0,0.0,0.0,0.0,0.0,0.0,0.0,0.0,0.0,0.0,0.0,0.0,0.0,0.0,0.0,0.0,0.0,0.0,0.0,0.0,0.0,0.0,0.0,0.0,0.0,0.0,0.0,0.0,0.0,0.0,0.0,0.0,0.0,0.0,0.0,0.0,0.0,0.0,0.0,0.0,0.0,0.0,0.0,0.0,0.0,0.0,0.0,0.0,0.0,0.0,0.0,0.0,0.0,0
0.0,0.0,0.0,0.0,0.0,0.0,0.0,0.0,0.0,0.0,0.0,0.0,0.0,0.0,0.0,0.0,0.0,0.0,0.0,0.0,0.0,0.0,0.0,0.0,0.0,0.0,0.0,0.0,0.0,0.0,0.0,0.0,0.0,0.0,0.0,0.0,0.0,0.0,0.0,0.0,0.0,0.0,0.0,0.0,0.0,0.0,0.0,0.0,0.0,0.0,0.0,0.0,0.0,0.0,0.0,0.0,0.0,0.0,0.0,0.0,0.0,0.0,0.0,0.0,0.0,0.0,0
0.0,0.0,0.0,0.0,0.0,0.0,0.0,0.0,0.0,0.0,0.0,0.0,0.0,0.0,0.0,0.0,0.0,0.0,0.0,0.0,0.0,0.0,0.0,0.0,0.0,0.0,0.0,0.0,0.0,0.0,0.0,0.0,0.0,0.0,0.0,0.0,0.0,0.0,0.0,0.0,0.0,0.0,0.0,0.0,0.0,0.0,0.0,0.0,0.0,0.0,0.0,0.0,0.0,0.0,0.0,0.0,0.0,0.0,0.0,0.0,0.0,0.0,0.0,0.0,0.0,0.0,0
0.8022457361221313,0.25355345010757446,0.8060338497161865,0.24584102630615234,0.8066140413284302,0.24544936418533325,0.8091148734092712,0.24317365884780884,0.8051684498786926,0.24704211950302124,0.8051477670669556,0.24748274683952332,0.8049899339675903,0.24792513251304626,0.8112952709197998,0.25045517086982727,0.8092461824417114,0.25249436497688293,0.8047187328338623,0.2690261900424957,0.8035936951637268,0.27019602060317993,0.8119850158691406,0.3368770182132721,0.8109075427055359,0.3385588228702545,0.7981579899787903,0.4800869822502136,0.8003218770027161,0.4534311890602112,0.7986032962799072,0.5325310826301575,0.7989877462387085,0.48026448488235474,0.7993049621582031,0.5449109673500061,0.7988355159759521,0.48752662539482117,0.8012098670005798,0.5434355735778809,0.7996376156806946,0.4830968976020813,0.8005697131156921,0.5398261547088623,0.7999261021614075,0.4807339608669281,0.8362299203872681,0.5922102928161621,0.8347408771514893,0.5947688817977905,0.8352463841438293,0.6631185412406921,0.8396702408790588,0.6544487476348877,0.8513965010643005,0.7447256445884705,0.8479667901992798,0.7202512621879578,0.855518639087677,0.7571368217468262,0.8506731390953064,0.7334325313568115,0.8517701625823975,0.7736053466796875,0.849651575088501,0.734774649143219,0
0.0,0.0,0.0,0.0,0.0,0.0,0.0,0.0,0.0,0.0,0.0,0.0,0.0,0.0,0.0,0.0,0.0,0.0,0.0,0.0,0.0,0.0,0.0,0.0,0.0,0.0,0.0,0.0,0.0,0.0,0.0,0.0,0.0,0.0,0.0,0.0,0.0,0.0,0.0,0.0,0.0,0.0,0.0,0.0,0.0,0.0,0.0,0.0,0.0,0.0,0.0,0.0,0.0,0.0,0.0,0.0,0.0,0.0,0.0,0.0,0.0,0.0,0.0,0.0,0.0,0.0,0
0.0,0.0,0.0,0.0,0.0,0.0,0.0,0.0,0.0,0.0,0.0,0.0,0.0,0.0,0.0,0.0,0.0,0.0,0.0,0.0,0.0,0.0,0.0,0.0,0.0,0.0,0.0,0.0,0.0,0.0,0.0,0.0,0.0,0.0,0.0,0.0,0.0,0.0,0.0,0.0,0.0,0.0,0.0,0.0,0.0,0.0,0.0,0.0,0.0,0.0,0.0,0.0,0.0,0.0,0.0,0.0,0.0,0.0,0.0,0.0,0.0,0.0,0.0,0.0,0.0,0.0,0
0.0,0.0,0.0,0.0,0.0,0.0,0.0,0.0,0.0,0.0,0.0,0.0,0.0,0.0,0.0,0.0,0.0,0.0,0.0,0.0,0.0,0.0,0.0,0.0,0.0,0.0,0.0,0.0,0.0,0.0,0.0,0.0,0.0,0.0,0.0,0.0,0.0,0.0,0.0,0.0,0.0,0.0,0.0,0.0,0.0,0.0,0.0,0.0,0.0,0.0,0.0,0.0,0.0,0.0,0.0,0.0,0.0,0.0,0.0,0.0,0.0,0.0,0.0,0.0,0.0,0.0,0
0.0,0.0,0.0,0.0,0.0,0.0,0.0,0.0,0.0,0.0,0.0,0.0,0.0,0.0,0.0,0.0,0.0,0.0,0.0,0.0,0.0,0.0,0.0,0.0,0.0,0.0,0.0,0.0,0.0,0.0,0.0,0.0,0.0,0.0,0.0,0.0,0.0,0.0,0.0,0.0,0.0,0.0,0.0,0.0,0.0,0.0,0.0,0.0,0.0,0.0,0.0,0.0,0.0,0.0,0.0,0.0,0.0,0.0,0.0,0.0,0.0,0.0,0.0,0.0,0.0,0.0,0
0.7985154390335083,0.25260254740715027,0.8015066385269165,0.2405446171760559,0.8025235533714294,0.24014440178871155,0.8043656945228577,0.23915687203407288,0.799759030342102,0.2414800524711609,0.7995551228523254,0.2416664958000183,0.7993327975273132,0.24172136187553406,0.8087071180343628,0.24898859858512878,0.8024101257324219,0.24804049730300903,0.8018399477005005,0.26933830976486206,0.797793447971344,0.26779794692993164,0.8101800084114075,0.33842629194259644,0.7906759977340698,0.3562910556793213,0.7925373315811157,0.5044423341751099,0.7766114473342896,0.48736560344696045,0.7943829894065857,0.6767717599868774,0.7650634050369263,0.5705540180206299,0.7946391105651855,0.7214902639389038,0.7610053420066833,0.5950641632080078,0.79023677110672,0.721088707447052,0.7633917927742004,0.5935055017471313,0.7898258566856384,0.7051601409912109,0.7661982178688049,0.5861471891403198,0.8308677077293396,0.5853136777877808,0.8203832507133484,0.5916175842285156,0.821823000907898,0.635728120803833,0.8143876791000366,0.6479788422584534,0.8246542811393738,0.7217753529548645,0.8213496208190918,0.6880230903625488,0.8282337784767151,0.7354569435119629,0.8251699805259705,0.6966939568519592,0.8183548450469971,0.750596284866333,0.8155988454818726,0.7043011784553528,0
0.7973781228065491,0.2464194893836975,0.8002321124076843,0.23380392789840698,0.8015730381011963,0.23308172821998596,0.8028679490089417,0.23249435424804688,0.7968536615371704,0.23532414436340332,0.7960314154624939,0.23531779646873474,0.7951770424842834,0.23519718647003174,0.8054580092430115,0.23919972777366638,0.7958848476409912,0.24057799577713013,0.8015350103378296,0.2581348121166229,0.7967755794525146,0.2585768699645996,0.8208684921264648,0.31342586874961853,0.7870404124259949,0.35511863231658936,0.8134386539459229,0.4489348828792572,0.775095522403717,0.46604591608047485,0.8020321130752563,0.5568060874938965,0.7680065035820007,0.5444072484970093,0.8020420074462891,0.5875164270401001,0.7617049217224121,0.5749644637107849,0.798975944519043,0.5876419544219971,0.7631532549858093,0.5748361349105835,0.7981925010681152,0.5786795020103455,0.7661908864974976,0.5656338334083557,0.8248204588890076,0.5090441703796387,0.8064157962799072,0.535836398601532,0.8121458292007446,0.5619832277297974,0.7886332273483276,0.5788500308990479,0.8238688111305237,0.7377920150756836,0.7923763990402222,0.7064358592033386,0.8274503350257874,0.763468861579895,0.7954637408256531,0.729366660118103,0.8076941967010498,0.7767678499221802,0.7854487299919128,0.7536728382110596,0
0.7967858910560608,0.24921348690986633,0.7987369894981384,0.2361699938774109,0.7999757528305054,0.23456323146820068,0.8009825944900513,0.23316219449043274,0.7963632941246033,0.23834115266799927,0.7956380844116211,0.23857903480529785,0.7948653101921082,0.2386617362499237,0.8020294904708862,0.23801204562187195,0.7937924265861511,0.24463829398155212,0.7998602390289307,0.2615141272544861,0.7960169911384583,0.26374852657318115,0.8166844844818115,0.3015263080596924,0.7844233512878418,0.33265429735183716,0.8161331415176392,0.41759318113327026,0.775483250617981,0.4456530213356018,0.8063932657241821,0.5172747373580933,0.7754772901535034,0.5081084966659546,0.8061732053756714,0.5459803938865662,0.7676277756690979,0.526244044303894,0.8040366172790527,0.5461103320121765,0.7758259773254395,0.5220966339111328,0.8035863637924194,0.5376787781715393,0.7775606513023376,0.5139277577400208,0.8235012888908386,0.4699409008026123,0.8106704354286194,0.5034147500991821,0.7969859838485718,0.569973349571228,0.8205578327178955,0.624992311000824,0.7990760803222656,0.7590264678001404,0.8412171006202698,0.7518253326416016,0.8050772547721863,0.7860999703407288,0.8481737971305847,0.7702538967132568,0.7836195826530457,0.8256286978721619,0.8349793553352356,0.8037136793136597,0
0.7953962087631226,0.24364441633224487,0.7974987030029297,0.2306426763534546,0.7990043759346008,0.2295238971710205,0.8005942702293396,0.2284207046031952,0.793311357498169,0.233262300491333,0.7918392419815063,0.2339823842048645,0.7901828289031982,0.2347918152809143,0.8032540678977966,0.2329307496547699,0.7883614301681519,0.24176040291786194,0.7992569208145142,0.2559940814971924,0.7931507229804993,0.25828811526298523,0.8208085298538208,0.30594128370285034,0.7764503955841064,0.3265005648136139,0.8276976346969604,0.40494003891944885,0.769499659538269,0.43227848410606384,0.81783527135849,0.5028342604637146,0.7607757449150085,0.5237851142883301,0.814362645149231,0.5261639952659607,0.7563424110412598,0.5471544861793518,0.8120434284210205,0.5237203240394592,0.7604978084564209,0.5437572002410889,0.8096834421157837,0.5142472982406616,0.76317298412323,0.5315708518028259,0.8208631277084351,0.46767038106918335,0.7939213514328003,0.4744681119918823,0.8043063879013062,0.6018014550209045,0.78404301404953,0.612977921962738,0.8105760812759399,0.7656316757202148,0.777843177318573,0.755515456199646,0.8121936321258545,0.7882494330406189,0.778849184513092,0.7815247774124146,0.7942367196083069,0.8070599436759949,0.7652037143707275,0.7966392040252686,0
0.790944516658783,0.2475203275680542,0.7932145595550537,0.23363035917282104,0.7949186563491821,0.23304790258407593,0.79662024974823,0.23265740275382996,0.7894576787948608,0.23455479741096497,0.7882657647132874,0.23481130599975586,0.7872438430786133,0.23486676812171936,0.8005464673042297,0.23766639828681946,0.7877076864242554,0.23973214626312256,0.794568657875061,0.2611510455608368,0.7896901965141296,0.26143038272857666,0.8141235113143921,0.31166672706604004,0.7782794833183289,0.3202019929885864,0.812711775302887,0.4438239634037018,0.7680560946464539,0.4317966401576996,0.796186625957489,0.5366605520248413,0.7594306468963623,0.5193118453025818,0.7943424582481384,0.5658189058303833,0.7539767026901245,0.5436981916427612,0.791318953037262,0.5605705380439758,0.7586379647254944,0.5398678779602051,0.7917160391807556,0.5510168671607971,0.7601209878921509,0.5353957414627075,0.8120671510696411,0.5036458373069763,0.7968839406967163,0.5104460716247559,0.7855580449104309,0.6116579174995422,0.8002017140388489,0.6415427923202515,0.7785424590110779,0.792603075504303,0.8246486186981201,0.7332272529602051,0.7769345045089722,0.8011006116867065,0.8309551477432251,0.7455921173095703,0.7579628229141235,0.842536211013794,0.8159606456756592,0.7802770137786865,0
0.789638340473175,0.24112984538078308,0.7924644947052002,0.22764000296592712,0.7936541438102722,0.22753295302391052,0.7950109839439392,0.22741028666496277,0.7893661260604858,0.22787955403327942,0.788565456867218,0.22768613696098328,0.7876973748207092,0.2274400293827057,0.7976006269454956,0.23403409123420715,0.787873387336731,0.23344117403030396,0.7924951910972595,0.2555381655693054,0.7886013984680176,0.25458472967147827,0.8076834678649902,0.3116282522678375,0.778728187084198,0.3221035599708557,0.8037909865379333,0.44884148240089417,0.7672893404960632,0.44207698106765747,0.7885710597038269,0.578514039516449,0.7601214647293091,0.5224745869636536,0.7874631881713867,0.6158297061920166,0.7555302381515503,0.5502620935440063,0.7838139533996582,0.6114808320999146,0.7598026990890503,0.5449658632278442,0.7842023968696594,0.5993747711181641,0.7609699964523315,0.5413954257965088,0.81292325258255,0.5178388953208923,0.7969680428504944,0.5298862457275391,0.8006018400192261,0.6283853054046631,0.8017691969871521,0.634087860584259,0.8052434921264648,0.769575834274292,0.8173027038574219,0.7267443537712097,0.8103891611099243,0.7899225354194641,0.823084831237793,0.7411878705024719,0.7920975089073181,0.8247643709182739,0.8094258904457092,0.7705777287483215,0
0.7857349514961243,0.23144078254699707,0.7884408235549927,0.21832433342933655,0.7900550961494446,0.21760138869285583,0.791517436504364,0.21699801087379456,0.7851613163948059,0.2204509675502777,0.7842811942100525,0.22118136286735535,0.782919704914093,0.22218316793441772,0.795050323009491,0.22475770115852356,0.7849032878875732,0.22904124855995178,0.7895405292510986,0.24449092149734497,0.7844557762145996,0.24790644645690918,0.8125693202018738,0.298942506313324,0.774034857749939,0.3232276737689972,0.8106971383094788,0.40417295694351196,0.7641745209693909,0.44623658061027527,0.7959967255592346,0.5135465264320374,0.7579988241195679,0.5461495518684387,0.7955395579338074,0.5560994744300842,0.7526065111160278,0.5739597082138062,0.7910094261169434,0.55299311876297,0.7570247054100037,0.5677525401115417,0.7910734415054321,0.5428312420845032,0.7580854296684265,0.5679696202278137,0.8091644644737244,0.5184434056282043,0.7904943823814392,0.5326588153839111,0.8001287579536438,0.6353753805160522,0.7959833145141602,0.6461665034294128,0.8018006086349487,0.7862082719802856,0.8105984330177307,0.7294309139251709,0.8068418502807617,0.8086329698562622,0.8163486123085022,0.7433608770370483,0.7862730622291565,0.840831458568573,0.8005357980728149,0.770115852355957,0
0.7861132025718689,0.2319658100605011,0.7890299558639526,0.219262957572937,0.7907074689865112,0.21890443563461304,0.7923693656921387,0.2187211811542511,0.7849210500717163,0.22036343812942505,0.7838259339332581,0.22056427597999573,0.782359778881073,0.22102952003479004,0.7954771518707275,0.22495144605636597,0.7824981808662415,0.22702813148498535,0.7898845076560974,0.24627670645713806,0.7842423319816589,0.2467658519744873,0.8116799592971802,0.3012440502643585,0.7699891924858093,0.31525638699531555,0.8074756264686584,0.4275040626525879,0.7602870464324951,0.4410228729248047,0.7915822863578796,0.5455678105354309,0.7551078200340271,0.5425599813461304,0.789925217628479,0.579651951789856,0.750486433506012,0.5693041682243347,0.7857301235198975,0.5747599601745605,0.7544188499450684,0.565249502658844,0.7858142256736755,0.563614547252655,0.7558191418647766,0.5698795318603516,0.8103377223014832,0.5099797248840332,0.7882903218269348,0.5233697295188904,0.7981856465339661,0.6360161900520325,0.7920413613319397,0.6501132249832153,0.7974137663841248,0.79325270652771,0.8054106831550598,0.7391219139099121,0.8016742467880249,0.8144872188568115,0.8107098937034607,0.7513923645019531,0.7816524505615234,0.8538001179695129,0.7952945232391357,0.7873140573501587,0
0.7825323343276978,0.22941431403160095,0.7846586108207703,0.2171127200126648,0.7852514982223511,0.21748045086860657,0.7857555150985718,0.2178460657596588,0.783722996711731,0.21519213914871216,0.7830304503440857,0.2146407663822174,0.7827335596084595,0.21373015642166138,0.7882753610610962,0.22412121295928955,0.7861968278884888,0.21791207790374756,0.7842700481414795,0.24379011988639832,0.7830593585968018,0.2413354516029358,0.789962112903595,0.29846686124801636,0.7794041633605957,0.298299640417099,0.778645932674408,0.4180851876735687,0.7643224000930786,0.4167107939720154,0.7829841375350952,0.5140143036842346,0.7578353881835938,0.5032710433006287,0.7830847501754761,0.5401245951652527,0.7546610236167908,0.52806556224823,0.7810903787612915,0.5370817184448242,0.7566996812820435,0.5238756537437439,0.7811169624328613,0.5291500687599182,0.7595270276069641,0.504325807094574,0.8013114929199219,0.4863925576210022,0.7909091711044312,0.48987776041030884,0.7759969830513,0.5974994897842407,0.7836446166038513,0.6122058629989624,0.7781792283058167,0.764313817024231,0.7986214756965637,0.7138124108314514,0.7832136750221252,0.7897129058837891,0.8041858673095703,0.7316679358482361,0.7596732378005981,0.8155033588409424,0.78632652759552,0.7581109404563904,0
0.7801280617713928,0.22227317094802856,0.7823527455329895,0.21047160029411316,0.7836657762527466,0.20984020829200745,0.7847931981086731,0.2093277871608734,0.7799208760261536,0.21140950918197632,0.7793040871620178,0.21157580614089966,0.7785373330116272,0.21179625391960144,0.7879900336265564,0.2156713604927063,0.7801752686500549,0.21840733289718628,0.7829862833023071,0.23441076278686523,0.7789955139160156,0.2362588346004486,0.8047482967376709,0.28682437539100647,0.7662497758865356,0.3034020960330963,0.8086320161819458,0.38044828176498413,0.7590799331665039,0.41677701473236084,0.8036385774612427,0.4606056809425354,0.7528360486030579,0.5059531331062317,0.8056597709655762,0.4821203351020813,0.7451387643814087,0.5421855449676514,0.797731339931488,0.4859080910682678,0.7488269209861755,0.5410534739494324,0.7963374257087708,0.47287076711654663,0.7524600625038147,0.5316095948219299,0.7979232668876648,0.49423694610595703,0.7815096974372864,0.5037592053413391,0.7835509777069092,0.6153446435928345,0.7730181813240051,0.6203452944755554,0.7857793569564819,0.7529406547546387,0.7843616604804993,0.7546160221099854,0.7927760481834412,0.7865352630615234,0.7910764217376709,0.773484468460083,0.770468533039093,0.8031548261642456,0.7678166031837463,0.7959071397781372,0
0.7800110578536987,0.21598151326179504,0.7832882404327393,0.20446649193763733,0.7850579619407654,0.20454320311546326,0.7867746353149414,0.20457592606544495,0.7788432836532593,0.2041986882686615,0.7776559591293335,0.20395326614379883,0.7763929963111877,0.20359820127487183,0.7901215553283691,0.2117753028869629,0.7765408158302307,0.20997121930122375,0.7835927605628967,0.23011517524719238,0.7781602740287781,0.22946909070014954,0.8040366172790527,0.2822496294975281,0.7632731199264526,0.2852749228477478,0.8089243769645691,0.37663733959198,0.7575798034667969,0.4043312072753906,0.7988440990447998,0.4821630120277405,0.7515683770179749,0.4908173680305481,0.799977719783783,0.5098339915275574,0.7496103048324585,0.5175899863243103,0.7899470925331116,0.5076816082000732,0.7536434531211853,0.512710690498352,0.7887798547744751,0.5027092695236206,0.7547808885574341,0.5078716278076172,0.8013765811920166,0.47322356700897217,0.778003454208374,0.47763949632644653,0.783352792263031,0.597761869430542,0.7662926316261292,0.6004451513290405,0.7862721085548401,0.7347612977027893,0.7684916257858276,0.7595304250717163,0.7894625663757324,0.7642813920974731,0.772914469242096,0.7816987037658691,0.7772998809814453,0.7919275164604187,0.7607103586196899,0.7982321977615356,0
0.7805694341659546,0.20355775952339172,0.7823573350906372,0.19449013471603394,0.7835988402366638,0.1945037841796875,0.7848402857780457,0.19435444474220276,0.7788256406784058,0.19515925645828247,0.777963399887085,0.19540315866470337,0.7769437432289124,0.19563880562782288,0.7867400050163269,0.20265871286392212,0.777218222618103,0.20345860719680786,0.7839565873146057,0.21693158149719238,0.7794625759124756,0.21747013926506042,0.8015336394309998,0.26565155386924744,0.7632343769073486,0.2863186001777649,0.8000987768173218,0.38796085119247437,0.7535248398780823,0.3983945846557617,0.7868821620941162,0.5114744901657104,0.745330810546875,0.4885706305503845,0.7871450781822205,0.545963704586029,0.7433525919914246,0.5242004990577698,0.783076822757721,0.5504385828971863,0.7476491332054138,0.5195192098617554,0.7813241481781006,0.5393730401992798,0.7480815052986145,0.5060241222381592,0.7990066409111023,0.47842487692832947,0.779091477394104,0.4817425310611725,0.7948139309883118,0.6167765259742737,0.7690460085868835,0.6283918023109436,0.7857086062431335,0.7615917325019836,0.7684295177459717,0.7759757041931152,0.7839069962501526,0.7814832925796509,0.7708792686462402,0.7970908284187317,0.7793265581130981,0.7885233163833618,0.765771210193634,0.8034511804580688,0
0.7796951532363892,0.20880883932113647,0.7822863459587097,0.19598203897476196,0.7839998602867126,0.1955350637435913,0.7856804728507996,0.19509375095367432,0.777061402797699,0.19726836681365967,0.7752342820167542,0.19760122895240784,0.7731389999389648,0.19769707322120667,0.7878397703170776,0.2021770179271698,0.771377444267273,0.20543697476387024,0.7838690876960754,0.2205888032913208,0.7773627638816833,0.222771555185318,0.8012997508049011,0.2735231816768646,0.7578439712524414,0.2865751087665558,0.8002529144287109,0.37970954179763794,0.7520390152931213,0.40564075112342834,0.7879670858383179,0.4820774793624878,0.7451456189155579,0.48212122917175293,0.7828359007835388,0.5054355263710022,0.7425360679626465,0.5084359645843506,0.7795923948287964,0.5135244131088257,0.7468152046203613,0.5029841065406799,0.7783272862434387,0.5047080516815186,0.7477511167526245,0.4998243451118469,0.8014414310455322,0.48172223567962646,0.7747124433517456,0.4904825687408447,0.8028432130813599,0.6263081431388855,0.762529730796814,0.629671037197113,0.7976834177970886,0.7593547105789185,0.7609465718269348,0.7826032042503357,0.7891201376914978,0.7661758065223694,0.7633607387542725,0.801259458065033,0.7997934222221375,0.813689649105072,0.7554937601089478,0.8331465125083923,0
0.7762128710746765,0.19423899054527283,0.7794443964958191,0.1838493049144745,0.781330406665802,0.18408474326133728,0.7831631898880005,0.18412929773330688,0.774017333984375,0.18390968441963196,0.7721931338310242,0.1838635504245758,0.7702571749687195,0.18420031666755676,0.7856606841087341,0.19241654872894287,0.7687104344367981,0.1934596598148346,0.7803431749343872,0.20958340167999268,0.7734232544898987,0.2100067436695099,0.7989926338195801,0.2668471932411194,0.7556548714637756,0.27952879667282104,0.8012788891792297,0.3661235570907593,0.7488988041877747,0.3892972469329834,0.7978201508522034,0.4581151604652405,0.7424377799034119,0.4803414046764374,0.7947500944137573,0.48959070444107056,0.7402764558792114,0.50722336769104,0.7923941612243652,0.49232620000839233,0.7429944276809692,0.5154309868812561,0.789932370185852,0.4757269024848938,0.7454152703285217,0.49960848689079285,0.798806369304657,0.48277491331100464,0.7708637714385986,0.48895201086997986,0.7995344400405884,0.618075966835022,0.7594385147094727,0.6157244443893433,0.7898241281509399,0.7469254732131958,0.7664412260055542,0.7589326500892639,0.7914173007011414,0.7702865600585938,0.7680404186248779,0.7834904789924622,0.7904325723648071,0.8025596141815186,0.7506099343299866,0.8136659860610962,0
0.7724340558052063,0.1949031949043274,0.7755191922187805,0.18368962407112122,0.7775139808654785,0.18383175134658813,0.7795801162719727,0.18406125903129578,0.7700762152671814,0.18447232246398926,0.7683254480361938,0.18523138761520386,0.766371488571167,0.1860046088695526,0.7834381461143494,0.19269487261772156,0.7641482353210449,0.1937703788280487,0.7766546607017517,0.21066004037857056,0.7694838643074036,0.21202155947685242,0.798018753528595,0.2727285623550415,0.7526593804359436,0.27808961272239685,0.8051539063453674,0.37504687905311584,0.7481875419616699,0.39448705315589905,0.7978609204292297,0.4590325355529785,0.7385339140892029,0.4791789948940277,0.794614315032959,0.4835861921310425,0.7360865473747253,0.5046457052230835,0.7888592481613159,0.48210686445236206,0.7375253438949585,0.5040629506111145,0.7905021905899048,0.4732179641723633,0.7397259473800659,0.4963909089565277,0.8000097870826721,0.4569348096847534,0.7706032991409302,0.457557737827301,0.7923852205276489,0.5930150747299194,0.7566657066345215,0.5857272148132324,0.7867348790168762,0.7571985721588135,0.7569079399108887,0.7576678991317749,0.7876039743423462,0.7834423184394836,0.7611311674118042,0.7810236215591431,0.7867645621299744,0.8136292099952698,0.7383295893669128,0.7965390682220459,0
0.7697122693061829,0.1958313286304474,0.7729087471961975,0.18471813201904297,0.7750389575958252,0.1843641698360443,0.7769855260848999,0.1843341886997223,0.7677710652351379,0.1858556866645813,0.766111433506012,0.18603330850601196,0.764203667640686,0.18652352690696716,0.7801144123077393,0.1925632357597351,0.7637190222740173,0.19304567575454712,0.7742424011230469,0.20946258306503296,0.7681710124015808,0.21044579148292542,0.7926364541053772,0.26571574807167053,0.755569338798523,0.2761480212211609,0.8002105951309204,0.37061554193496704,0.7451521754264832,0.37477970123291016,0.7946335673332214,0.45955896377563477,0.7368468642234802,0.47208771109580994,0.7913616299629211,0.48012447357177734,0.7341412305831909,0.4996265470981598,0.7878304123878479,0.47680580615997314,0.7357805371284485,0.4999887943267822,0.7866575121879578,0.47390663623809814,0.7391064763069153,0.49212175607681274,0.7919814586639404,0.4605565369129181,0.7677746415138245,0.46560272574424744,0.7953909039497375,0.6234729886054993,0.7535368800163269,0.6048297882080078,0.7888169288635254,0.7706101536750793,0.7504342794418335,0.7752634286880493,0.7868008613586426,0.7924556136131287,0.7546374797821045,0.8042793869972229,0.7907736897468567,0.8077595233917236,0.7335475087165833,0.8155690431594849,0
0.770189106464386,0.1959671974182129,0.7733266353607178,0.18451404571533203,0.7752669453620911,0.18473780155181885,0.7771430015563965,0.18513864278793335,0.7676645517349243,0.18464335799217224,0.7658425569534302,0.18492808938026428,0.7640141248703003,0.18525630235671997,0.7795544862747192,0.19351091980934143,0.7620518207550049,0.19289350509643555,0.7749481797218323,0.20986342430114746,0.7678225040435791,0.21050947904586792,0.7939463257789612,0.26890507340431213,0.7504770755767822,0.27575647830963135,0.8033819198608398,0.36198097467422485,0.7414616346359253,0.3796899914741516,0.7968370318412781,0.44798633456230164,0.7331081628799438,0.46758365631103516,0.7966579794883728,0.4779016971588135,0.7295141816139221,0.5011071562767029,0.7921038866043091,0.4772653877735138,0.7328359484672546,0.5009174942970276,0.79129958152771,0.46708014607429504,0.7350967526435852,0.49074870347976685,0.7880001664161682,0.46334922313690186,0.7605313658714294,0.46105819940567017,0.7845808267593384,0.613923192024231,0.7475422024726868,0.6087981462478638,0.7819302082061768,0.7689993977546692,0.7367501258850098,0.7584320902824402,0.778416097164154,0.7870837450027466,0.7408131957054138,0.7826308012008667,0.7769291996955872,0.8129690885543823,0.7267774343490601,0.8049197793006897,0
0.766649603843689,0.18811863660812378,0.7697983384132385,0.17817619442939758,0.7718120217323303,0.17801597714424133,0.7737040519714355,0.1781567931175232,0.7643899321556091,0.17960479855537415,0.7627272605895996,0.1802332103252411,0.7609328627586365,0.18088051676750183,0.7765684127807617,0.18691730499267578,0.7594150900840759,0.18794026970863342,0.7719762325286865,0.20081549882888794,0.7654545903205872,0.20266225934028625,0.792439877986908,0.2540588676929474,0.7488123774528503,0.27515679597854614,0.7958777546882629,0.32520946860313416,0.7359822988510132,0.3671794533729553,0.7948636412620544,0.3770565390586853,0.7320297360420227,0.4637056589126587,0.7970896363258362,0.3948865234851837,0.7296350002288818,0.49086904525756836,0.7939918041229248,0.3951011300086975,0.7315221428871155,0.4919939637184143,0.7921003699302673,0.3900054693222046,0.7342822551727295,0.4699363708496094,0.7893219590187073,0.4596438407897949,0.7637724876403809,0.4744088053703308,0.7827309370040894,0.5915029644966125,0.7474648952484131,0.6081154346466064,0.7847000360488892,0.7684763669967651,0.7274656295776367,0.7820128798484802,0.7815501093864441,0.7933542728424072,0.7283574938774109,0.8084689974784851,0.7807763814926147,0.8134021759033203,0.717362642288208,0.8080936074256897,0
0.7701717615127563,0.19108259677886963,0.7734093070030212,0.17931312322616577,0.7753239870071411,0.18005287647247314,0.7771230340003967,0.18099582195281982,0.7675958275794983,0.1784067451953888,0.7657048106193542,0.17845863103866577,0.7637089490890503,0.17863956093788147,0.7785268425941467,0.18987470865249634,0.7609564065933228,0.1874154508113861,0.7737060189247131,0.20591863989830017,0.7669168710708618,0.20642584562301636,0.7917195558547974,0.2658476233482361,0.7447037100791931,0.27531352639198303,0.804531455039978,0.35506147146224976,0.7333032488822937,0.3796961307525635,0.7989034056663513,0.4441347122192383,0.7261948585510254,0.4876667559146881,0.7990347743034363,0.47552257776260376,0.7233670353889465,0.5106587409973145,0.7946447134017944,0.4735446870326996,0.7272610664367676,0.5088909268379211,0.7940109968185425,0.46288561820983887,0.728306233882904,0.5011028051376343,0.7824040055274963,0.47472554445266724,0.7547053098678589,0.47211381793022156,0.785436749458313,0.6241599321365356,0.7420215010643005,0.6203694939613342,0.7823222279548645,0.7640740275382996,0.7273268103599548,0.7718422412872314,0.7784038782119751,0.7852442264556885,0.7265076637268066,0.792785108089447,0.7865728139877319,0.8066193461418152,0.7249773740768433,0.8141593337059021,0
0.770115852355957,0.18860957026481628,0.7730029821395874,0.1770710051059723,0.7748104929924011,0.17795130610466003,0.7765920758247375,0.1790614128112793,0.7672572731971741,0.1756736934185028,0.7651888132095337,0.17567896842956543,0.7631640434265137,0.17587056756019592,0.7776638865470886,0.1888045370578766,0.7598456740379333,0.1849341094493866,0.7737451791763306,0.2046874761581421,0.7665190100669861,0.20425111055374146,0.7886825203895569,0.27291324734687805,0.7423789501190186,0.2724565863609314,0.7950899600982666,0.36705559492111206,0.7290101051330566,0.3696575164794922,0.7968524694442749,0.45207297801971436,0.7232992649078369,0.4808982312679291,0.7999869585037231,0.4730951189994812,0.7200966477394104,0.5046926140785217,0.7955257296562195,0.4714607894420624,0.7240946292877197,0.5022132992744446,0.7942833304405212,0.46023809909820557,0.7251142859458923,0.4972103536128998,0.7806732058525085,0.4713971018791199,0.7519301772117615,0.4709751009941101,0.782646656036377,0.622592031955719,0.7396723031997681,0.6244403719902039,0.7821842432022095,0.7690274119377136,0.7262250185012817,0.7788807153701782,0.7774573564529419,0.7882941365242004,0.7240795493125916,0.8014990091323853,0.7854877710342407,0.8051050305366516,0.720436155796051,0.823790431022644,0
0.7658926844596863,0.19126537442207336,0.7698696255683899,0.17964377999305725,0.7719042897224426,0.18093916773796082,0.7739274501800537,0.18224382400512695,0.7637773752212524,0.17625290155410767,0.761888325214386,0.1753525733947754,0.7599493265151978,0.17444530129432678,0.775364875793457,0.1896331012248993,0.7569241523742676,0.18200594186782837,0.7687992453575134,0.20863446593284607,0.7616751790046692,0.20745527744293213,0.7865739464759827,0.27073541283607483,0.7381083369255066,0.26790526509284973,0.7808600664138794,0.36070990562438965,0.7274359464645386,0.3598673641681671,0.7743633389472961,0.44030076265335083,0.7180045247077942,0.4416964054107666,0.7751278281211853,0.4626612067222595,0.7194879055023193,0.47804832458496094,0.7735316753387451,0.46116816997528076,0.723182201385498,0.4785913825035095,0.7714478373527527,0.4535777270793915,0.7247231006622314,0.4555149972438812,0.7765780687332153,0.48052939772605896,0.7471653819084167,0.4745022654533386,0.7799472212791443,0.6109814047813416,0.7376649975776672,0.6183425188064575,0.7813339829444885,0.7551044225692749,0.7272830009460449,0.7825986742973328,0.7794815301895142,0.77720046043396,0.7285923361778259,0.8070040941238403,0.7828619480133057,0.8072535991668701,0.7163676023483276,0.8283681273460388,0
0.7646472454071045,0.19271382689476013,0.7682034969329834,0.17949867248535156,0.7704747319221497,0.18025052547454834,0.7726477384567261,0.18110811710357666,0.761628270149231,0.1771836280822754,0.7596465945243835,0.17644888162612915,0.7575821876525879,0.17580851912498474,0.774165153503418,0.1889057457447052,0.7538021802902222,0.18310925364494324,0.7677398324012756,0.20918992161750793,0.7606581449508667,0.2085532248020172,0.7847638130187988,0.2729613184928894,0.7352482080459595,0.26999858021736145,0.7843559384346008,0.37534040212631226,0.7222001552581787,0.37130701541900635,0.7892004251480103,0.45949041843414307,0.7169721722602844,0.4671366810798645,0.7920671701431274,0.4886217713356018,0.7147007584571838,0.5037946105003357,0.7918326258659363,0.48650139570236206,0.7177625894546509,0.5037662982940674,0.7880359888076782,0.47468650341033936,0.7190353274345398,0.4932047724723816,0.7748226523399353,0.483482301235199,0.7440809607505798,0.48011547327041626,0.7776162028312683,0.6318399310112,0.7355980277061462,0.6316242218017578,0.778660774230957,0.7770227193832397,0.7237370014190674,0.7881948947906494,0.7738415002822876,0.7974400520324707,0.7268445491790771,0.8060275316238403,0.7826716899871826,0.8207316994667053,0.7154324650764465,0.8288449048995972,0
0.764232873916626,0.19194960594177246,0.7681781649589539,0.17911159992218018,0.7703671455383301,0.18018686771392822,0.7723809480667114,0.18129855394363403,0.761618971824646,0.17562276124954224,0.7595177888870239,0.1744970977306366,0.7572963833808899,0.17370173335075378,0.7731136679649353,0.1876380741596222,0.7527177333831787,0.17971214652061462,0.7663024663925171,0.21048343181610107,0.7596064805984497,0.20870119333267212,0.7820708751678467,0.2740916311740875,0.731721043586731,0.26882922649383545,0.7865826487541199,0.3819164037704468,0.7181079387664795,0.37665635347366333,0.7926267385482788,0.46391725540161133,0.711158812046051,0.481995165348053,0.7950157523155212,0.4873389005661011,0.7085262537002563,0.5065189003944397,0.7935754060745239,0.48450714349746704,0.7110721468925476,0.5068342089653015,0.7918173670768738,0.4750809073448181,0.7127200961112976,0.49751099944114685,0.7730204463005066,0.4737464487552643,0.7422237396240234,0.4748147130012512,0.7756309509277344,0.6296892166137695,0.7339253425598145,0.6264702081680298,0.7760284543037415,0.7660225629806519,0.7233051657676697,0.7841266989707947,0.7713112831115723,0.7893377542495728,0.7261234521865845,0.8062092065811157,0.7801469564437866,0.8164836168289185,0.7131747007369995,0.8267086744308472,0
0.763931393623352,0.18019536137580872,0.7678898572921753,0.16921624541282654,0.7700470685958862,0.17048048973083496,0.7720733284950256,0.17205771803855896,0.7613412141799927,0.1660076081752777,0.7591538429260254,0.16510790586471558,0.7569729685783386,0.1643773913383484,0.7729299664497375,0.18091782927513123,0.752921462059021,0.17060258984565735,0.7664899230003357,0.19826391339302063,0.7588560581207275,0.19599682092666626,0.7820446491241455,0.27257177233695984,0.7302560210227966,0.26318860054016113,0.7873209118843079,0.38315409421920776,0.7146677374839783,0.3738996088504791,0.7948364615440369,0.47074490785598755,0.7070716023445129,0.48790401220321655,0.7965784072875977,0.4928900897502899,0.7033011317253113,0.5075414776802063,0.794275164604187,0.4860670268535614,0.7070149779319763,0.507422924041748,0.7920845150947571,0.481062650680542,0.7088920474052429,0.5007148385047913,0.771828293800354,0.4796897768974304,0.7401685118675232,0.48021233081817627,0.772142231464386,0.6289275884628296,0.7322991490364075,0.6276373267173767,0.7720581293106079,0.7606558799743652,0.7235373854637146,0.7797515988349915,0.7671436071395874,0.7767449021339417,0.7259761095046997,0.7996771931648254,0.7757139205932617,0.813162088394165,0.7149040102958679,0.8356757164001465,0
0.7620299458503723,0.18166136741638184,0.7662981152534485,0.17135265469551086,0.768310010433197,0.1729712188243866,0.7700680494308472,0.1749449074268341,0.7600356340408325,0.16740968823432922,0.758110523223877,0.16642537713050842,0.75606769323349,0.1656712293624878,0.770635724067688,0.18389594554901123,0.7521485090255737,0.17178282141685486,0.7642720341682434,0.20134568214416504,0.7567958235740662,0.1964837908744812,0.7792700529098511,0.2771732807159424,0.7257222533226013,0.2678455412387848,0.7850974202156067,0.3830248713493347,0.7132796049118042,0.376183420419693,0.7943939566612244,0.4720842242240906,0.7068431377410889,0.47578078508377075,0.7971436381340027,0.49597588181495667,0.7036162614822388,0.504770815372467,0.7942246794700623,0.49427059292793274,0.7067470550537109,0.5047261118888855,0.7918398380279541,0.48697155714035034,0.7085297107696533,0.4940696060657501,0.7697029709815979,0.48333483934402466,0.7374153137207031,0.4809146523475647,0.7725690603256226,0.6316624879837036,0.7289556264877319,0.6312782764434814,0.7677648663520813,0.7625808119773865,0.7248921394348145,0.7778529524803162,0.7622963190078735,0.7808802127838135,0.727464497089386,0.7987688779830933,0.7742587327957153,0.8137385249137878,0.7156411409378052,0.8252240419387817,0
0.7614179849624634,0.16817885637283325,0.7655762434005737,0.15754449367523193,0.7676891088485718,0.15902480483055115,0.769690215587616,0.16094526648521423,0.7592021822929382,0.1546822190284729,0.7569831013679504,0.15410995483398438,0.7546891570091248,0.15359219908714294,0.7708562016487122,0.1710931360721588,0.7501393556594849,0.16063350439071655,0.7644598484039307,0.18682250380516052,0.756373941898346,0.18378013372421265,0.7795095443725586,0.2612852454185486,0.7249815464019775,0.2542261481285095,0.7812206745147705,0.37641143798828125,0.7081369757652283,0.36387568712234497,0.7864843606948853,0.4765089452266693,0.7014175057411194,0.4951387643814087,0.7910229563713074,0.4966515302658081,0.6966123580932617,0.5309329628944397,0.7878124117851257,0.4952091574668884,0.7012133598327637,0.5334358811378479,0.785742461681366,0.48372361063957214,0.702791690826416,0.518459141254425,0.7706090211868286,0.48721814155578613,0.7365193963050842,0.485801637172699,0.771157443523407,0.6497808694839478,0.7214270830154419,0.6330710053443909,0.764407753944397,0.7544293403625488,0.7225537896156311,0.7773195505142212,0.7619200348854065,0.775801420211792,0.7243219614028931,0.8054236173629761,0.7704660296440125,0.815046489238739,0.7092194557189941,0.839397668838501,0
0.7654353380203247,0.1738731563091278,0.7693830132484436,0.16459336876869202,0.7712703347206116,0.1665375828742981,0.7730334401130676,0.16859444975852966,0.7629918456077576,0.15941309928894043,0.7608213424682617,0.15814858675003052,0.7585772275924683,0.15700960159301758,0.772874116897583,0.17804500460624695,0.7537199258804321,0.16436341404914856,0.7669141292572021,0.19175788760185242,0.7595316171646118,0.1881294846534729,0.7776981592178345,0.2708985507488251,0.7243456840515137,0.2548993229866028,0.7818739414215088,0.3887397348880768,0.7099881172180176,0.3659444749355316,0.78745436668396,0.4844016432762146,0.7008169889450073,0.48913124203681946,0.7894964814186096,0.5037908554077148,0.6957994699478149,0.5134384632110596,0.7880464196205139,0.5022482872009277,0.7002525925636292,0.5168965458869934,0.7857471108436584,0.49625372886657715,0.7029662728309631,0.5062705874443054,0.7663867473602295,0.48486030101776123,0.7350163459777832,0.4822532534599304,0.767028272151947,0.6344908475875854,0.7250484228134155,0.6363058090209961,0.7562575936317444,0.7682686448097229,0.7207688093185425,0.7844358682632446,0.7469745874404907,0.786808431148529,0.7201653718948364,0.808427631855011,0.7680937647819519,0.8178558945655823,0.7128739356994629,0.8356117010116577,0
0.7665278315544128,0.16873592138290405,0.7706107497215271,0.1598694622516632,0.7724988460540771,0.16228586435317993,0.7742884755134583,0.16460448503494263,0.7644072771072388,0.15293902158737183,0.7622290253639221,0.150971919298172,0.7601242661476135,0.14905521273612976,0.773766815662384,0.17333537340164185,0.7552306652069092,0.15531161427497864,0.7676136493682861,0.18718668818473816,0.7602391242980957,0.18169313669204712,0.7771516442298889,0.26767343282699585,0.7240233421325684,0.23776128888130188,0.7802023887634277,0.3847193717956543,0.7094945311546326,0.3522239923477173,0.7839580178260803,0.4847651720046997,0.7016934156417847,0.47142744064331055,0.7842443585395813,0.5019833445549011,0.6966577172279358,0.4999247193336487,0.7821041941642761,0.501022458076477,0.6994150280952454,0.5019774436950684,0.7811824679374695,0.4967867136001587,0.7024245262145996,0.4925452470779419,0.7644689679145813,0.47140979766845703,0.7331821918487549,0.4615122973918915,0.7686623334884644,0.6266579627990723,0.7254319190979004,0.6226612329483032,0.7498565912246704,0.7679972648620605,0.7186747193336487,0.7837598323822021,0.7422124147415161,0.7882136106491089,0.7186968326568604,0.8043443560600281,0.7636115550994873,0.817501425743103,0.7111058235168457,0.834814190864563,0
0.7691168785095215,0.1671718955039978,0.772287130355835,0.1596718430519104,0.7738652229309082,0.16224956512451172,0.7753309607505798,0.16485348343849182,0.7665672302246094,0.153042733669281,0.7644198536872864,0.15156212449073792,0.7623571157455444,0.15020596981048584,0.7739439010620117,0.17565923929214478,0.7567393183708191,0.15803971886634827,0.7696428298950195,0.1868109405040741,0.7629502415657043,0.18126389384269714,0.7757778167724609,0.2707240581512451,0.7252054214477539,0.24368420243263245,0.7790560126304626,0.3859544098377228,0.7093356847763062,0.35833650827407837,0.7825531363487244,0.4819462299346924,0.7013546824455261,0.4679780602455139,0.782846987247467,0.5094866156578064,0.6979017853736877,0.49138984084129333,0.7805303931236267,0.508070707321167,0.7014058828353882,0.49490195512771606,0.7789672613143921,0.4985135793685913,0.7036483883857727,0.485275000333786,0.764762282371521,0.47118693590164185,0.7343296408653259,0.46682101488113403,0.7700155973434448,0.628197431564331,0.7302185297012329,0.6297749280929565,0.7502991557121277,0.777984619140625,0.7218257784843445,0.7818513512611389,0.7412830591201782,0.7997549772262573,0.7196624279022217,0.8027811050415039,0.7641493082046509,0.8259161710739136,0.7155482769012451,0.8294935822486877,0
0.7698005437850952,0.17437729239463806,0.7738037109375,0.16644254326820374,0.7754002213478088,0.16880598664283752,0.7768689393997192,0.1710967719554901,0.7679173350334167,0.159504234790802,0.765749990940094,0.15763235092163086,0.7636590003967285,0.15597286820411682,0.7759120464324951,0.18008461594581604,0.7589073181152344,0.16274341940879822,0.7702682614326477,0.19303807616233826,0.763264000415802,0.1875450611114502,0.7752817869186401,0.27406856417655945,0.7255164980888367,0.2457781434059143,0.7784215211868286,0.3828076720237732,0.7094998359680176,0.36070770025253296,0.7822199463844299,0.4779772460460663,0.7020018696784973,0.47124210000038147,0.7832397818565369,0.5042492747306824,0.6980298757553101,0.4955675005912781,0.7808295488357544,0.5031176209449768,0.702695369720459,0.4964076280593872,0.7792314291000366,0.4951937198638916,0.7044016718864441,0.4879608452320099,0.764785885810852,0.4809848368167877,0.7342175841331482,0.47617384791374207,0.7659417986869812,0.6338152885437012,0.7293622493743896,0.638457179069519,0.7479408383369446,0.7830102443695068,0.725834846496582,0.7898864150047302,0.742973268032074,0.8018902540206909,0.7254762053489685,0.8087134957313538,0.7655127644538879,0.8294885158538818,0.7185013294219971,0.8334770202636719,0
0.7710249423980713,0.16581133008003235,0.7753188014030457,0.15930387377738953,0.776992678642273,0.16282111406326294,0.7785923480987549,0.16621023416519165,0.7697471380233765,0.15036916732788086,0.7677999138832092,0.14807656407356262,0.765824556350708,0.14626359939575195,0.7777472734451294,0.17778638005256653,0.7610744833946228,0.15415674448013306,0.7712420225143433,0.18588656187057495,0.7643201947212219,0.17968836426734924,0.7759720683097839,0.27335500717163086,0.7284924387931824,0.23914670944213867,0.7765520215034485,0.3830626904964447,0.7116406559944153,0.3525710701942444,0.7800624370574951,0.47474193572998047,0.7058273553848267,0.46622028946876526,0.7808749675750732,0.5018708109855652,0.7009330987930298,0.49398910999298096,0.7786398530006409,0.5004138350486755,0.7040125131607056,0.4944477081298828,0.776741623878479,0.4906790852546692,0.7068342566490173,0.4846917986869812,0.7643353939056396,0.4740865230560303,0.7343007326126099,0.46836623549461365,0.7707381248474121,0.6300684809684753,0.7271026968955994,0.6368240118026733,0.7514387965202332,0.783562421798706,0.7225263714790344,0.7909092903137207,0.7424434423446655,0.8065752387046814,0.7221125364303589,0.8112635016441345,0.7659304738044739,0.8292278051376343,0.7158728241920471,0.8343451023101807,0
0.7702444195747375,0.15961068868637085,0.7751362323760986,0.1552923321723938,0.7768678665161133,0.1582147479057312,0.7786046266555786,0.1613166630268097,0.7701649069786072,0.15022873878479004,0.7684357762336731,0.14969348907470703,0.7666330933570862,0.14904749393463135,0.7775723338127136,0.17436859011650085,0.7620190382003784,0.15713539719581604,0.7703797817230225,0.17993095517158508,0.763972282409668,0.17416954040527344,0.773313581943512,0.25348493456840515,0.7256829142570496,0.2385021448135376,0.7787855267524719,0.3613458275794983,0.707068681716919,0.326093465089798,0.7766180038452148,0.4249166250228882,0.7065293192863464,0.44989004731178284,0.7779890894889832,0.4470856189727783,0.7033180594444275,0.4819818139076233,0.7749425172805786,0.4445956349372864,0.7049354314804077,0.4930938482284546,0.7727771401405334,0.4361221194267273,0.7079750299453735,0.47563856840133667,0.7648625373840332,0.4924200177192688,0.7350236773490906,0.48250114917755127,0.760528028011322,0.6499415040016174,0.7199651002883911,0.6432785391807556,0.751703143119812,0.7928648591041565,0.7228281497955322,0.7975255250930786,0.7493865489959717,0.8098324537277222,0.7219865322113037,0.8184550404548645,0.763999879360199,0.8408469557762146,0.7115287184715271,0.8509533405303955,0
0.7730525135993958,0.15767470002174377,0.7784579396247864,0.15667474269866943,0.7799369096755981,0.15980195999145508,0.7815134525299072,0.16308870911598206,0.7740444540977478,0.15108433365821838,0.7722840905189514,0.15064933896064758,0.7706068754196167,0.15007179975509644,0.779708743095398,0.17490240931510925,0.7652789950370789,0.15482258796691895,0.7719897031784058,0.1773659586906433,0.76581209897995,0.16941112279891968,0.7739553451538086,0.26098331809043884,0.7266623377799988,0.23464322090148926,0.7702553868293762,0.3745979368686676,0.7092298269271851,0.3283798098564148,0.7643928527832031,0.46025314927101135,0.7061498761177063,0.458858847618103,0.7654667496681213,0.48731911182403564,0.7014201879501343,0.4906975030899048,0.7627355456352234,0.4881282448768616,0.7065544128417969,0.49017369747161865,0.7605803608894348,0.47841960191726685,0.709916889667511,0.48256897926330566,0.7647152543067932,0.4860917031764984,0.7350716590881348,0.4763389825820923,0.7625565528869629,0.6500129103660583,0.7237663865089417,0.6474732756614685,0.7598714828491211,0.7983999252319336,0.7257624268531799,0.8015960454940796,0.7595791816711426,0.8181971311569214,0.7286816835403442,0.8243522644042969,0.7712655067443848,0.8487815260887146,0.7145273685455322,0.8578456044197083,0
0.7776583433151245,0.16504833102226257,0.7813752293586731,0.16037476062774658,0.7826712727546692,0.16298362612724304,0.7838571667671204,0.16697967052459717,0.7774946093559265,0.15605658292770386,0.775925874710083,0.15546914935112,0.7738463878631592,0.15468236804008484,0.781548023223877,0.1787245273590088,0.7672784924507141,0.16225352883338928,0.7768267393112183,0.1848539412021637,0.7715900540351868,0.1782546043395996,0.7754110097885132,0.25736501812934875,0.7321465015411377,0.2390422523021698,0.7816528677940369,0.3432437777519226,0.7126012444496155,0.3335164785385132,0.7775251865386963,0.403595507144928,0.7117906808853149,0.47349685430526733,0.7778396606445312,0.4256662130355835,0.7074801325798035,0.4982835650444031,0.7748024463653564,0.42211923003196716,0.7118780612945557,0.4971144199371338,0.7736074924468994,0.41337376832962036,0.7131590247154236,0.4930638074874878,0.7638773322105408,0.48856452107429504,0.7349684834480286,0.4893222451210022,0.7637027502059937,0.6471784710884094,0.7251735329627991,0.6328056454658508,0.7662051320075989,0.7901558876037598,0.722341775894165,0.7973901033401489,0.7623040080070496,0.8162330389022827,0.7245885133743286,0.8188841342926025,0.7843928337097168,0.8405795693397522,0.7105501890182495,0.8535046577453613,0
0.0,0.0,0.0,0.0,0.0,0.0,0.0,0.0,0.0,0.0,0.0,0.0,0.0,0.0,0.0,0.0,0.0,0.0,0.0,0.0,0.0,0.0,0.0,0.0,0.0,0.0,0.0,0.0,0.0,0.0,0.0,0.0,0.0,0.0,0.0,0.0,0.0,0.0,0.0,0.0,0.0,0.0,0.0,0.0,0.0,0.0,0.0,0.0,0.0,0.0,0.0,0.0,0.0,0.0,0.0,0.0,0.0,0.0,0.0,0.0,0.0,0.0,0.0,0.0,0.0,0.0,0
0.7278751730918884,0.6052564382553101,0.7250847220420837,0.5986124277114868,0.7255107164382935,0.597181499004364,0.7259618043899536,0.595610499382019,0.7237564921379089,0.6042537689208984,0.7233590483665466,0.6062498688697815,0.722897469997406,0.6086665987968445,0.7278965711593628,0.6024636030197144,0.7242218255996704,0.6203551292419434,0.7330306172370911,0.612503170967102,0.7313871383666992,0.6181842684745789,0.754362165927887,0.6266533732414246,0.7416191101074219,0.6786075234413147,0.7572376728057861,0.6033062934875488,0.7508431673049927,0.6458650231361389,0.747529923915863,0.5537816286087036,0.7376320362091064,0.5731021165847778,0.7425346374511719,0.5370650887489319,0.7338273525238037,0.5585012435913086,0.7463409304618835,0.537750244140625,0.7318214178085327,0.5567713975906372,0.7480238080024719,0.5453737378120422,0.7337018847465515,0.561606228351593,0.8207427263259888,0.7103069424629211,0.8155949711799622,0.7504384517669678,0.8059191703796387,0.5463448762893677,0.7887535095214844,0.5889303684234619,0.8047832250595093,0.37488946318626404,0.8050898909568787,0.44952014088630676,0.8106921315193176,0.356460839509964,0.8127085566520691,0.43136322498321533,0.7864184379577637,0.31267794966697693,0.7900616526603699,0.40907323360443115,0
0.738947331905365,0.6753977537155151,0.7352198958396912,0.6743326783180237,0.7352709770202637,0.6770289540290833,0.7353020310401917,0.6796587109565735,0.7351746559143066,0.6698947548866272,0.7352041006088257,0.6691740155220032,0.7352022528648376,0.6688854694366455,0.7358537316322327,0.6925579309463501,0.7361960411071777,0.6794267892837524,0.7424708008766174,0.6889493465423584,0.7423007488250732,0.6824383735656738,0.7500354051589966,0.740766167640686,0.7494548559188843,0.690475344657898,0.7660166621208191,0.5797250270843506,0.7587385177612305,0.5209602117538452,0.7618478536605835,0.4550338089466095,0.7363182306289673,0.3783165514469147,0.7562458515167236,0.43398788571357727,0.7252591848373413,0.33318695425987244,0.7550739645957947,0.4308255612850189,0.7214665412902832,0.3486378490924835,0.7578098773956299,0.4354533851146698,0.7264528870582581,0.3590101897716522,0.8238039016723633,0.7860459685325623,0.8272515535354614,0.7690272927284241,0.7762551307678223,0.5407156944274902,0.7779108285903931,0.5300458669662476,0.7588394284248352,0.31848981976509094,0.7731719613075256,0.3082197606563568,0.7639411091804504,0.3034791946411133,0.7814916968345642,0.28614774346351624,0.7258468866348267,0.23850879073143005,0.7356893420219421,0.2320612072944641,0
0.7807725667953491,0.25244805216789246,0.7819689512252808,0.2382468581199646,0.7821512222290039,0.23848068714141846,0.7823500037193298,0.23856118321418762,0.7798446416854858,0.23543459177017212,0.7788364887237549,0.23337706923484802,0.7776622772216797,0.2314603626728058,0.7771191000938416,0.23072612285614014,0.7694492340087891,0.22265809774398804,0.7766407132148743,0.2617299258708954,0.7750083804130554,0.2565111517906189,0.7562282681465149,0.24713921546936035,0.7411395907402039,0.26368290185928345,0.7728267312049866,0.23735731840133667,0.7626771926879883,0.258070707321167,0.7808007001876831,0.22547224164009094,0.7913762331008911,0.2177182137966156,0.7831490635871887,0.22272011637687683,0.7997127175331116,0.21097254753112793,0.7825496196746826,0.22363042831420898,0.7993709444999695,0.20479542016983032,0.7814217805862427,0.22469741106033325,0.7953974604606628,0.206282377243042,0.7710456848144531,0.44610944390296936,0.7554737329483032,0.4513034224510193,0.7736883759498596,0.6130105257034302,0.7474538087844849,0.6224416494369507,0.7850052118301392,0.7842691540718079,0.7330736517906189,0.7834359407424927,0.7852098941802979,0.8092301487922668,0.7402743697166443,0.8119673728942871,0.8083174824714661,0.8201549053192139,0.7252585887908936,0.8317533135414124,0
0.771863579750061,0.23644089698791504,0.7799216508865356,0.23201343417167664,0.7795072197914124,0.23454052209854126,0.7779051065444946,0.24996748566627502,0.7805033326148987,0.21663880348205566,0.7808213829994202,0.21783286333084106,0.7810243964195251,0.2189963161945343,0.7737556099891663,0.2628743648529053,0.7761532664299011,0.23594892024993896,0.7709145545959473,0.26711905002593994,0.7714540362358093,0.2560111880302429,0.7469385862350464,0.3174915611743927,0.7637665271759033,0.2917531728744507,0.7600082159042358,0.3591943085193634,0.7798030972480774,0.30552858114242554,0.7760249376296997,0.3681100010871887,0.7887033224105835,0.26413506269454956,0.7804548144340515,0.3705501854419708,0.7939304709434509,0.25247520208358765,0.7811580896377563,0.3658912181854248,0.7899345755577087,0.24651691317558289,0.7798469066619873,0.3662368059158325,0.7865539193153381,0.25222569704055786,0.7681264877319336,0.5021953582763672,0.7757042646408081,0.4941350221633911,0.7645558714866638,0.6259154677391052,0.7875276207923889,0.5911800861358643,0.7788684964179993,0.8089604377746582,0.8013105988502502,0.7221431136131287,0.78651362657547,0.831609308719635,0.8066725730895996,0.7427650094032288,0.7662556171417236,0.8694611191749573,0.7922745943069458,0.766263484954834,0
0.801681637763977,0.23221290111541748,0.8018137812614441,0.20377269387245178,0.8013594150543213,0.20475760102272034,0.8007136583328247,0.2062322199344635,0.8051491975784302,0.2014596164226532,0.8052440285682678,0.2017301619052887,0.8052431344985962,0.2023734152317047,0.7946016192436218,0.20701107382774353,0.7973326444625854,0.20477458834648132,0.7929322719573975,0.24416345357894897,0.7942696809768677,0.2373817265033722,0.7605050802230835,0.2514832019805908,0.7586964964866638,0.2662893533706665,0.7477567195892334,0.36148494482040405,0.76600581407547,0.38965046405792236,0.7551025748252869,0.4693731665611267,0.7626407146453857,0.4637095332145691,0.7648153305053711,0.48751211166381836,0.773829460144043,0.4832705855369568,0.7656302452087402,0.49122732877731323,0.7739532589912415,0.48051899671554565,0.7639566659927368,0.48362115025520325,0.7732367515563965,0.47082817554473877,0.769160807132721,0.48664867877960205,0.7647840976715088,0.4953618049621582,0.7774532437324524,0.6392930746078491,0.7582768201828003,0.6213358044624329,0.7841952443122864,0.7949941754341125,0.7439290881156921,0.753329873085022,0.7820425629615784,0.8214181065559387,0.7452372908592224,0.778658390045166,0.7954191565513611,0.8441449403762817,0.7323629260063171,0.7839045524597168,0
0.7955289483070374,0.1969287097454071,0.7969204187393188,0.2119414508342743,0.7960906624794006,0.2154202163219452,0.7951606512069702,0.21846112608909607,0.7982842922210693,0.20845326781272888,0.7984033226966858,0.20959001779556274,0.7983105182647705,0.21091413497924805,0.7937009334564209,0.24227607250213623,0.795653760433197,0.2164149284362793,0.7869492173194885,0.2489948868751526,0.7886639833450317,0.21491101384162903,0.764542818069458,0.2866268455982208,0.7705614566802979,0.2785864770412445,0.7785334587097168,0.3692304491996765,0.7963698506355286,0.2717864513397217,0.7981125712394714,0.48064422607421875,0.8050429224967957,0.25443992018699646,0.8059840798377991,0.5091760754585266,0.8095074892044067,0.2515913248062134,0.8018598556518555,0.5142259001731873,0.8062924146652222,0.24833527207374573,0.7991046905517578,0.5051940679550171,0.8033832311630249,0.24961620569229126,0.7686285376548767,0.5393505692481995,0.7719562649726868,0.5423357486724854,0.7801229953765869,0.7020404934883118,0.7624900341033936,0.6561909914016724,0.8041130304336548,0.807876467704773,0.7564742565155029,0.7535086870193481,0.8106241226196289,0.8208012580871582,0.7589621543884277,0.7721210718154907,0.799738883972168,0.8456366062164307,0.7384806275367737,0.7894331812858582,0
0.8066376447677612,0.21399080753326416,0.807528018951416,0.22495505213737488,0.8066534996032715,0.2275879979133606,0.805702805519104,0.22973668575286865,0.808772087097168,0.2225150763988495,0.8087497353553772,0.22370600700378418,0.8117841482162476,0.22255787253379822,0.7979366183280945,0.23924273252487183,0.8059242963790894,0.2347436547279358,0.7979650497436523,0.2347489893436432,0.7994666695594788,0.23150846362113953,0.7705439329147339,0.2750580608844757,0.7796395421028137,0.2843581736087799,0.7897270917892456,0.2997451424598694,0.8110058903694153,0.30070093274116516,0.8022794127464294,0.3459053039550781,0.8175176978111267,0.26216059923171997,0.8054134249687195,0.35785529017448425,0.8216174244880676,0.25535088777542114,0.8034533858299255,0.36071914434432983,0.8158236742019653,0.2484171986579895,0.8027618527412415,0.35881760716438293,0.813194751739502,0.25063759088516235,0.7695935964584351,0.5255641341209412,0.777917742729187,0.5438660979270935,0.7664492130279541,0.6494829654693604,0.7931877970695496,0.6686170101165771,0.7560688257217407,0.7824519872665405,0.7981928586959839,0.790398359298706,0.7673013210296631,0.8307886719703674,0.7998231649398804,0.8129280209541321,0.7430157661437988,0.8185082674026489,0.7981762290000916,0.8218454718589783,0
0.8195680379867554,0.2799600660800934,0.8229212760925293,0.2626611590385437,0.8227146863937378,0.26216554641723633,0.8224223256111145,0.26148417592048645,0.822367787361145,0.258920818567276,0.8217855095863342,0.25587359070777893,0.8205128908157349,0.24809759855270386,0.8150196075439453,0.24920594692230225,0.8137600421905518,0.23598191142082214,0.8133663535118103,0.28311270475387573,0.8114310503005981,0.27850085496902466,0.7869011759757996,0.28184789419174194,0.7755615711212158,0.26660221815109253,0.782572865486145,0.39866265654563904,0.7729824185371399,0.39266616106033325,0.7908167243003845,0.477408766746521,0.7874748706817627,0.5165188312530518,0.793319046497345,0.4984380006790161,0.7888075113296509,0.5426698327064514,0.7942245006561279,0.49918994307518005,0.78926020860672,0.5444578528404236,0.7925899028778076,0.491374671459198,0.788979172706604,0.5311588048934937,0.7697266340255737,0.5061547756195068,0.7545862197875977,0.4902307689189911,0.7804450988769531,0.6487004160881042,0.7508453726768494,0.638871431350708,0.7817357182502747,0.7828679084777832,0.7349552512168884,0.7796683311462402,0.7710989713668823,0.809723436832428,0.7278203368186951,0.7995661497116089,0.8095675706863403,0.8247041702270508,0.7457050681114197,0.829390287399292,0
0.8173474073410034,0.2692806124687195,0.823194146156311,0.2683470547199249,0.8222358226776123,0.2668333947658539,0.8213145136833191,0.2652212977409363,0.8237190246582031,0.26803678274154663,0.8231946229934692,0.26581940054893494,0.8200079202651978,0.25487178564071655,0.8081085681915283,0.25320950150489807,0.8149155378341675,0.25174829363822937,0.8124215006828308,0.2901574373245239,0.8135935664176941,0.2874068319797516,0.7805689573287964,0.278077095746994,0.7764362096786499,0.3001137673854828,0.7907214760780334,0.38511231541633606,0.7952924370765686,0.4163784384727478,0.8101672530174255,0.44760751724243164,0.8141040205955505,0.4721522331237793,0.8157863020896912,0.46016693115234375,0.8182989358901978,0.4900532364845276,0.8171294331550598,0.4628908336162567,0.8170586824417114,0.48303696513175964,0.8145260810852051,0.45900338888168335,0.8154032230377197,0.47423478960990906,0.7732295989990234,0.5233849287033081,0.7673494219779968,0.5373894572257996,0.7744314670562744,0.677738606929779,0.7709392309188843,0.6697049140930176,0.7752934098243713,0.7933467626571655,0.7740152478218079,0.7941889762878418,0.7727361917495728,0.8129475712776184,0.7722005248069763,0.8164602518081665,0.7791890501976013,0.8231924176216125,0.7802367210388184,0.8203742504119873,0
0.8240156769752502,0.3143700957298279,0.8277305960655212,0.2978755533695221,0.8274967074394226,0.29676422476768494,0.827231228351593,0.2952026426792145,0.8277140259742737,0.2972279489040375,0.827494740486145,0.295749694108963,0.82728511095047,0.29389873147010803,0.822052538394928,0.27950242161750793,0.8205779790878296,0.2790161967277527,0.8173390626907349,0.3142777979373932,0.8170431852340698,0.31381601095199585,0.7943115234375,0.28786787390708923,0.7795253992080688,0.29269763827323914,0.7882004380226135,0.41984039545059204,0.7796220183372498,0.4283183217048645,0.7985748052597046,0.4856872260570526,0.7976559400558472,0.5089858174324036,0.8014025092124939,0.5001010298728943,0.7987485527992249,0.5269766449928284,0.8028435707092285,0.49724724888801575,0.8029137253761292,0.5270342826843262,0.8009485006332397,0.4913797378540039,0.798597514629364,0.513646125793457,0.7731099128723145,0.4933696985244751,0.760097086429596,0.4945639371871948,0.7870184779167175,0.6241981983184814,0.7645289301872253,0.6096915006637573,0.7833563685417175,0.7832177877426147,0.743255615234375,0.7752740979194641,0.7735862731933594,0.8119356036186218,0.734706461429596,0.7971634268760681,0.7985410690307617,0.8382272124290466,0.7496935129165649,0.8414715528488159,0
0.8311126232147217,0.2901356518268585,0.8349347114562988,0.28005751967430115,0.8347777128219604,0.2803940176963806,0.8345991373062134,0.2803932726383209,0.8347491025924683,0.2772027552127838,0.834435224533081,0.27572008967399597,0.8341040015220642,0.2740964889526367,0.8297029733657837,0.26884326338768005,0.8271074295043945,0.2700985074043274,0.8258213400840759,0.2988967001438141,0.8252221941947937,0.2956719696521759,0.7999681830406189,0.283366858959198,0.7851819396018982,0.2911134362220764,0.7922521233558655,0.4068703055381775,0.7839438915252686,0.43668025732040405,0.8001372218132019,0.5387675166130066,0.7915721535682678,0.5788717269897461,0.8038390278816223,0.5718908309936523,0.7902573943138123,0.6161878705024719,0.8025239706039429,0.5781170129776001,0.793664276599884,0.6177397966384888,0.7998431324958801,0.5664721131324768,0.794483482837677,0.6031453609466553,0.7715373039245605,0.4780653715133667,0.7598279118537903,0.47390052676200867,0.7904369831085205,0.6041242480278015,0.7688093781471252,0.6198691129684448,0.7835437059402466,0.7752256393432617,0.7509401440620422,0.8044590950012207,0.7736304402351379,0.8004331588745117,0.7430378794670105,0.8289009928703308,0.809420645236969,0.8276151418685913,0.7667587995529175,0.8580632209777832,0
0.8336122035980225,0.2836073338985443,0.8371731638908386,0.2758042812347412,0.8369780778884888,0.27641186118125916,0.8366622924804688,0.2765444815158844,0.8368660807609558,0.27219054102897644,0.8364948034286499,0.2704184055328369,0.8360752463340759,0.2684057950973511,0.8310602307319641,0.273179829120636,0.8290956020355225,0.25834035873413086,0.8266479969024658,0.2914143204689026,0.826251208782196,0.2866363823413849,0.8015005588531494,0.2932421565055847,0.7936795353889465,0.29059481620788574,0.7926303744316101,0.4365382790565491,0.794590175151825,0.44083940982818604,0.8059934973716736,0.5302153825759888,0.8071010708808899,0.5530849695205688,0.8129576444625854,0.581336498260498,0.8081114888191223,0.607047975063324,0.8131565451622009,0.5851161479949951,0.8109887838363647,0.6069250702857971,0.8098567724227905,0.5746260285377502,0.810899555683136,0.5935932993888855,0.7748217582702637,0.5009959936141968,0.7653495073318481,0.5009667873382568,0.7847917675971985,0.6393661499023438,0.7761207818984985,0.6241073608398438,0.7840485572814941,0.811795711517334,0.7677561640739441,0.7920071482658386,0.7773658037185669,0.8329686522483826,0.7635096907615662,0.8154147863388062,0.7983424663543701,0.8507221937179565,0.7731545567512512,0.8393667340278625,0
0.8353416323661804,0.30031752586364746,0.8385977745056152,0.29112356901168823,0.8383366465568542,0.2912088930606842,0.8379292488098145,0.2909772992134094,0.8381790518760681,0.2896060049533844,0.8376638889312744,0.28868338465690613,0.8359707593917847,0.28691938519477844,0.8313193321228027,0.2883266508579254,0.830111026763916,0.2776878774166107,0.8280956149101257,0.30905959010124207,0.8259029388427734,0.30592602491378784,0.7992423176765442,0.30793482065200806,0.7896509766578674,0.3115476071834564,0.7917872071266174,0.4264768362045288,0.7817699909210205,0.45526760816574097,0.8016164302825928,0.540996253490448,0.7950451374053955,0.58781898021698,0.8047865629196167,0.5868868827819824,0.7956311702728271,0.6214447021484375,0.8052054047584534,0.5885264277458191,0.7993422746658325,0.6200008988380432,0.8019339442253113,0.5787578821182251,0.7994679808616638,0.6069430112838745,0.7791199684143066,0.518207311630249,0.7666918635368347,0.5196540355682373,0.8015066981315613,0.6424837112426758,0.7795140743255615,0.6286008954048157,0.7820577025413513,0.788031280040741,0.7694316506385803,0.7901477813720703,0.7720304727554321,0.8124372959136963,0.7631449699401855,0.8084770441055298,0.8072529435157776,0.8503039479255676,0.7807321548461914,0.84391850233078,0
0.8366967439651489,0.31853950023651123,0.8403891324996948,0.3050243854522705,0.8400266766548157,0.30526694655418396,0.8396211266517639,0.3053287863731384,0.8406435251235962,0.3024711012840271,0.840444803237915,0.30106744170188904,0.8402145504951477,0.2995954155921936,0.8328467607498169,0.2961963713169098,0.8340660929679871,0.2922700047492981,0.8300176858901978,0.3255920708179474,0.830260157585144,0.32156312465667725,0.7928472757339478,0.3238581120967865,0.7940165996551514,0.32995662093162537,0.7939531803131104,0.4757005572319031,0.7951775193214417,0.47687476873397827,0.805212140083313,0.6062838435173035,0.7990180253982544,0.5903902649879456,0.8102263808250427,0.6377163529396057,0.7979543209075928,0.6195283532142639,0.8096029758453369,0.6418085098266602,0.798580527305603,0.6204389929771423,0.8069052696228027,0.6299435496330261,0.7993314862251282,0.608004093170166,0.7858881950378418,0.5866711735725403,0.7827192544937134,0.6020934581756592,0.7954712510108948,0.6826167702674866,0.7997120022773743,0.6898194551467896,0.7964084148406982,0.7960372567176819,0.7938717007637024,0.7783379554748535,0.7946503758430481,0.8084927201271057,0.7893597483634949,0.7848432660102844,0.7934809923171997,0.8345742225646973,0.7996556758880615,0.823826789855957,0
0.8408332467079163,0.3089196979999542,0.8452394604682922,0.30286720395088196,0.8450444936752319,0.3037266433238983,0.8445340991020203,0.30831581354141235,0.8448329567909241,0.2985118329524994,0.8443893790245056,0.2965540289878845,0.8438537120819092,0.2943718433380127,0.8385946154594421,0.3008023500442505,0.838689923286438,0.28787460923194885,0.8316801190376282,0.31552326679229736,0.8328338861465454,0.30591118335723877,0.8000854253768921,0.32952138781547546,0.8002886772155762,0.3296550512313843,0.797559916973114,0.487648606300354,0.8029045462608337,0.49621737003326416,0.8039380311965942,0.6247780919075012,0.8098464012145996,0.6194775700569153,0.8092924356460571,0.6568630933761597,0.8105942606925964,0.6497326493263245,0.806989312171936,0.6594722867012024,0.8109131455421448,0.6474208831787109,0.804166853427887,0.6480516195297241,0.8109436631202698,0.6349536776542664,0.7805386781692505,0.5686384439468384,0.7802956700325012,0.5719277262687683,0.7659900188446045,0.7660216093063354,0.7807019352912903,0.7431425452232361,0.802146852016449,0.7798060178756714,0.7997235059738159,0.7639279365539551,0.8045757412910461,0.7731521129608154,0.7988889813423157,0.7594296932220459,0.8156076669692993,0.7965445518493652,0.8135533332824707,0.7773714661598206,0
0.833884060382843,0.27614814043045044,0.8417214155197144,0.29444754123687744,0.8384581804275513,0.29699647426605225,0.8374818563461304,0.29882022738456726,0.8419015407562256,0.29269152879714966,0.8415011167526245,0.2931266725063324,0.8410569429397583,0.29370149970054626,0.8322384357452393,0.30931127071380615,0.8340475559234619,0.3039039671421051,0.8209404349327087,0.28197965025901794,0.8220033645629883,0.2803051471710205,0.7891316413879395,0.3442559242248535,0.7978251576423645,0.36929190158843994,0.8013224601745605,0.47411659359931946,0.8130133152008057,0.46909815073013306,0.813785195350647,0.6068696975708008,0.8180249929428101,0.5326533913612366,0.8237013220787048,0.6416897177696228,0.8218175768852234,0.5548732280731201,0.8231874108314514,0.6535345315933228,0.819701075553894,0.560105562210083,0.818282961845398,0.6393266916275024,0.8188266158103943,0.5476431250572205,0.8074517250061035,0.6169924736022949,0.8081215620040894,0.618976354598999,0.8061595559120178,0.7881979942321777,0.8307676911354065,0.7454543709754944,0.8349186182022095,0.5726062655448914,0.8364361524581909,0.5018349885940552,0.8287806510925293,0.5468306541442871,0.8271253108978271,0.4617282748222351,0.8567060828208923,0.5196528434753418,0.8597570657730103,0.45514851808547974,0
0.7945713996887207,0.3714732229709625,0.7981343269348145,0.3602949380874634,0.7978172302246094,0.3614056706428528,0.7975518703460693,0.36237192153930664,0.7996864914894104,0.35661572217941284,0.8003000020980835,0.3553447127342224,0.800704300403595,0.3543124496936798,0.7949493527412415,0.3664287030696869,0.7995277047157288,0.35510382056236267,0.7888616323471069,0.3849831223487854,0.7910686731338501,0.37839192152023315,0.7754114866256714,0.39836856722831726,0.7834821343421936,0.42984333634376526,0.8129182457923889,0.40423840284347534,0.8119072914123535,0.4888140559196472,0.8185011744499207,0.48315680027008057,0.8200363516807556,0.5319696664810181,0.822127640247345,0.49916931986808777,0.822723925113678,0.5432602167129517,0.817281186580658,0.5065016150474548,0.8189368844032288,0.5445984601974487,0.8165134191513062,0.5034598708152771,0.8176810145378113,0.5396419763565063,0.8056044578552246,0.6854071617126465,0.8087102174758911,0.6938461661338806,0.8008148074150085,0.8384361267089844,0.8193291425704956,0.7972761988639832,0.8341919183731079,0.7667608261108398,0.8294445276260376,0.7128474116325378,0.836384117603302,0.7521495819091797,0.8251011967658997,0.6920892000198364,0.8472166657447815,0.7508472204208374,0.845219075679779,0.7060499787330627,0
0.8433758020401001,0.3220975995063782,0.849072277545929,0.32728007435798645,0.8486716747283936,0.3280622661113739,0.8461977243423462,0.32847046852111816,0.8497118353843689,0.32680636644363403,0.8495571613311768,0.32195955514907837,0.8495922684669495,0.3219911754131317,0.8424685597419739,0.3364192247390747,0.8452642560005188,0.3310735523700714,0.8327599167823792,0.3284674286842346,0.8365946412086487,0.3268088698387146,0.7999467253684998,0.3588566184043884,0.8071087002754211,0.36395692825317383,0.7735775113105774,0.48082435131073,0.7915890216827393,0.49122077226638794,0.7821028828620911,0.5998353958129883,0.7890061736106873,0.5542780756950378,0.7871330976486206,0.6266473531723022,0.7893241047859192,0.5677313208580017,0.7877294421195984,0.635378897190094,0.7881102561950684,0.5670986175537109,0.7857031226158142,0.6245917677879333,0.7878646850585938,0.5596656203269958,0.7910960912704468,0.6221603155136108,0.7968260049819946,0.6265040636062622,0.7951287031173706,0.7381635904312134,0.8002434372901917,0.7021368741989136,0.8101668357849121,0.7401974201202393,0.8109101057052612,0.7100017666816711,0.8089108467102051,0.730006217956543,0.8109107613563538,0.6987350583076477,0.814795196056366,0.7595993876457214,0.8139663338661194,0.7386147975921631,0
0.7815693616867065,0.3993653357028961,0.7819365859031677,0.3875961899757385,0.7816304564476013,0.38786035776138306,0.7813608050346375,0.3880291283130646,0.7835054993629456,0.38579702377319336,0.7842141389846802,0.3851211965084076,0.7847285866737366,0.3846966624259949,0.7807962894439697,0.3919527530670166,0.7857785224914551,0.3864900767803192,0.7799315452575684,0.4106576442718506,0.7818208336830139,0.40731242299079895,0.7726120948791504,0.4255041480064392,0.7860740423202515,0.44842764735221863,0.800180196762085,0.44091498851776123,0.8059868812561035,0.49535906314849854,0.8212957978248596,0.526383101940155,0.8212734460830688,0.5326659679412842,0.829513669013977,0.546082615852356,0.8266259431838989,0.5455832481384277,0.826065182685852,0.5560752153396606,0.8238415718078613,0.5456216931343079,0.8244528770446777,0.550925076007843,0.821670413017273,0.5409082770347595,0.8132711052894592,0.6746023297309875,0.8180214762687683,0.6786397695541382,0.7795156836509705,0.8534698486328125,0.8084952235221863,0.8262714743614197,0.852820098400116,0.8045453429222107,0.8480028510093689,0.7694567441940308,0.8611136078834534,0.7800569534301758,0.8511859774589539,0.7461802363395691,0.8711432814598083,0.8183279037475586,0.8663347959518433,0.7834059596061707,0
0.8469595909118652,0.3994717597961426,0.8522539734840393,0.3745359480381012,0.8520528674125671,0.3738933503627777,0.8503913283348083,0.37218499183654785,0.8509956002235413,0.37307941913604736,0.8507283926010132,0.37207940220832825,0.8503226637840271,0.3709118366241455,0.8449932932853699,0.3567649722099304,0.8457427620887756,0.3617183268070221,0.8396464586257935,0.38016146421432495,0.8395175933837891,0.3799440264701843,0.8110747933387756,0.35755449533462524,0.8019646406173706,0.3720444142818451,0.790862500667572,0.4768375754356384,0.802489161491394,0.5145947337150574,0.793480396270752,0.5757071375846863,0.8083824515342712,0.6301341652870178,0.7953522801399231,0.6003621816635132,0.8068242073059082,0.6617355942726135,0.7960460782051086,0.6026070713996887,0.8100419640541077,0.659504234790802,0.7945570349693298,0.5948619246482849,0.8113104104995728,0.6470710635185242,0.7878084182739258,0.5508146286010742,0.7791752815246582,0.5590658187866211,0.7845129370689392,0.6462043523788452,0.789240300655365,0.6472135782241821,0.7859501838684082,0.8200142979621887,0.7758073210716248,0.8146271109580994,0.7758054733276367,0.8365383744239807,0.7715919017791748,0.83796626329422,0.7922301888465881,0.8760696649551392,0.7909369468688965,0.8751976490020752,0
0.8381959795951843,0.4165116548538208,0.8468311429023743,0.3875575363636017,0.846786618232727,0.38785117864608765,0.8434915542602539,0.4046142101287842,0.8468812704086304,0.3862445652484894,0.8422397971153259,0.38607168197631836,0.8422302603721619,0.3860333561897278,0.839978814125061,0.38773196935653687,0.8387344479560852,0.3712047338485718,0.8324483036994934,0.4144696295261383,0.8314427137374878,0.411236047744751,0.8170591592788696,0.38312798738479614,0.8018349409103394,0.392762690782547,0.802432656288147,0.4646756947040558,0.7825968861579895,0.4815123677253723,0.7948797941207886,0.5176237225532532,0.7900019884109497,0.5414735078811646,0.7932854294776917,0.533290684223175,0.7914062738418579,0.5635197162628174,0.7951269745826721,0.533228874206543,0.7942424416542053,0.5574681162834167,0.7950289845466614,0.5276378393173218,0.7936428189277649,0.5479400753974915,0.7997251749038696,0.529708743095398,0.7894518971443176,0.5378488898277283,0.7914115786552429,0.6535578370094299,0.7928931713104248,0.6490707397460938,0.7927795052528381,0.8089908957481384,0.7880867123603821,0.8120235800743103,0.7915710210800171,0.8218727707862854,0.7854568362236023,0.8319029808044434,0.7921584844589233,0.8604267239570618,0.7925279140472412,0.8562900424003601,0
0.8336936831474304,0.42508357763290405,0.838315486907959,0.41101282835006714,0.8381003141403198,0.4089721441268921,0.8378854393959045,0.4068579077720642,0.8378883004188538,0.40960124135017395,0.8374680280685425,0.4059910476207733,0.8369412422180176,0.4023222327232361,0.8338414430618286,0.38063228130340576,0.8324769139289856,0.37372031807899475,0.827339768409729,0.4187491536140442,0.8271984457969666,0.4156873822212219,0.8067781329154968,0.38044166564941406,0.8030137419700623,0.37161263823509216,0.8007813096046448,0.4884029030799866,0.8084396123886108,0.4893782138824463,0.8062906265258789,0.5943891406059265,0.8195575475692749,0.6010565757751465,0.8075119853019714,0.622941255569458,0.8199505805969238,0.630555272102356,0.8076046109199524,0.6220104694366455,0.8231992721557617,0.6286424398422241,0.8068274259567261,0.6110947132110596,0.8231365084648132,0.6180723309516907,0.7782870531082153,0.5462253093719482,0.7722406983375549,0.5475513935089111,0.7952417731285095,0.6715096235275269,0.7962749600410461,0.6732020378112793,0.801772952079773,0.8025188446044922,0.7918568849563599,0.8216196894645691,0.7974775433540344,0.8120124936103821,0.7859681844711304,0.8364986181259155,0.8109102845191956,0.8429791927337646,0.8051597476005554,0.8601411581039429,0
0.8063444495201111,0.4633658230304718,0.8056125640869141,0.4638531804084778,0.8048720359802246,0.46390122175216675,0.804133415222168,0.46394550800323486,0.8030223846435547,0.4731951653957367,0.8074014782905579,0.4703506827354431,0.8074412941932678,0.4702257513999939,0.7992002964019775,0.4587429165840149,0.8014880418777466,0.4547770023345947,0.8022521734237671,0.464202880859375,0.8033760190010071,0.46185481548309326,0.7829781770706177,0.4584272503852844,0.7945870757102966,0.4621044397354126,0.7896934747695923,0.5278957486152649,0.8157961964607239,0.4995860755443573,0.8036482334136963,0.6261370778083801,0.8213381171226501,0.5243711471557617,0.8064394593238831,0.655271053314209,0.822887659072876,0.5326759815216064,0.807362973690033,0.6562727689743042,0.820867657661438,0.5289661288261414,0.8063771724700928,0.6452263593673706,0.8193575143814087,0.5250222682952881,0.782626748085022,0.4975816607475281,0.7864894866943359,0.49892914295196533,0.7841997146606445,0.6416341066360474,0.7912852764129639,0.6245174407958984,0.7921708226203918,0.789264976978302,0.7924336791038513,0.7749649286270142,0.7934401035308838,0.8000374436378479,0.7913765907287598,0.7920536398887634,0.7919702529907227,0.8414185047149658,0.7962742447853088,0.8163791298866272,0
0.7921183705329895,0.43996745347976685,0.7879542708396912,0.4443650543689728,0.7855904698371887,0.4474439322948456,0.7833021283149719,0.45043766498565674,0.7948030829429626,0.4353606402873993,0.7973093390464783,0.432283878326416,0.7996379733085632,0.42952021956443787,0.7803915739059448,0.45226290822029114,0.8034170866012573,0.4229581356048584,0.7889068126678467,0.44032540917396545,0.7965885996818542,0.43072134256362915,0.7513608932495117,0.48516225814819336,0.8229919075965881,0.39258769154548645,0.7562704086303711,0.6318053007125854,0.8517712354660034,0.47911372780799866,0.7607870697975159,0.7857152223587036,0.8557432293891907,0.6028767824172974,0.7589185833930969,0.818577766418457,0.857682466506958,0.6172970533370972,0.7645902037620544,0.8092033267021179,0.850566029548645,0.6353211998939514,0.768461287021637,0.7942451238632202,0.8490445613861084,0.6346029043197632,0.7696161270141602,0.491073340177536,0.8184305429458618,0.43814677000045776,0.7717012166976929,0.6451327204704285,0.8346162438392639,0.5744627714157104,0.7838491201400757,0.7766512036323547,0.8347979784011841,0.6965375542640686,0.7893630266189575,0.7942467927932739,0.8322120308876038,0.7176021337509155,0.7829004526138306,0.8065605759620667,0.8445902466773987,0.7216784358024597,0
0.7931066751480103,0.3973296284675598,0.7908308506011963,0.3979535698890686,0.7889971137046814,0.39928603172302246,0.7871562838554382,0.400424599647522,0.795543372631073,0.3951929807662964,0.7970207333564758,0.39454030990600586,0.798406183719635,0.39395323395729065,0.7823417782783508,0.4063570499420166,0.7983300089836121,0.3973829746246338,0.7885767817497253,0.40133580565452576,0.793765664100647,0.3976365625858307,0.7582465410232544,0.4243089556694031,0.8090624809265137,0.4049735963344574,0.7589545845985413,0.5042387843132019,0.8321569561958313,0.4544725716114044,0.7780103087425232,0.5595631003379822,0.8339527249336243,0.5031123757362366,0.7790055871009827,0.5730355978012085,0.8369937539100647,0.5119701623916626,0.7862100005149841,0.5740852355957031,0.8317075371742249,0.5170205235481262,0.7870526909828186,0.5687206983566284,0.8294424414634705,0.5139585733413696,0.7683060765266418,0.49528437852859497,0.8089669346809387,0.4822145104408264,0.7835928797721863,0.6389058232307434,0.80812668800354,0.6202858090400696,0.7802189588546753,0.8092320561408997,0.8044976592063904,0.7841620445251465,0.7828899621963501,0.8337295055389404,0.8017809987068176,0.8072735071182251,0.7816330790519714,0.8535329103469849,0.810765266418457,0.8219830989837646,0
0.7919008731842041,0.4315609633922577,0.7881643772125244,0.43452608585357666,0.7861923575401306,0.436701238155365,0.7842190861701965,0.43876445293426514,0.793791651725769,0.42804551124572754,0.7959392666816711,0.4257274866104126,0.7979375720024109,0.4236370623111725,0.7820837497711182,0.4390868544578552,0.8015027046203613,0.4174937903881073,0.7897443771362305,0.4307275712490082,0.7963869571685791,0.42349177598953247,0.7645546793937683,0.4545639753341675,0.8206481337547302,0.39108723402023315,0.7625212669372559,0.5858704447746277,0.8448066711425781,0.4607822895050049,0.769984245300293,0.7173710465431213,0.8501731753349304,0.5613080859184265,0.7694671750068665,0.7520431876182556,0.8527248501777649,0.5766012072563171,0.7727405428886414,0.7467866539955139,0.8478159308433533,0.5869941711425781,0.7751379013061523,0.734046459197998,0.8461525440216064,0.5850583910942078,0.7865933775901794,0.49305081367492676,0.8168970346450806,0.4309123456478119,0.7728217840194702,0.6477944850921631,0.8365412354469299,0.5550576448440552,0.7764896750450134,0.815837025642395,0.8464221358299255,0.7035991549491882,0.7806057929992676,0.8385723829269409,0.8412343859672546,0.7351827621459961,0.7738170027732849,0.8533303737640381,0.8547854423522949,0.731160044670105,0
0.7860653400421143,0.4790307879447937,0.781774640083313,0.47992706298828125,0.7801017761230469,0.4803295135498047,0.7783918976783752,0.4806244969367981,0.7856155633926392,0.47687047719955444,0.78681480884552,0.47525060176849365,0.7878820300102234,0.47385281324386597,0.7738845944404602,0.47504812479019165,0.7871742248535156,0.4656035900115967,0.7836248278617859,0.4741142988204956,0.7882611751556396,0.4702494740486145,0.7656111717224121,0.46561646461486816,0.7984055876731873,0.45182541012763977,0.7730425596237183,0.5824891328811646,0.8208590745925903,0.5399646759033203,0.78077632188797,0.7460647821426392,0.8272182941436768,0.647484540939331,0.7849623560905457,0.7921528816223145,0.8298537731170654,0.6811625957489014,0.7806168794631958,0.7974308729171753,0.8287919163703918,0.6797524690628052,0.7799044847488403,0.7789081931114197,0.8272799253463745,0.6681621074676514,0.7873392105102539,0.5274431705474854,0.807020366191864,0.5089205503463745,0.7840965986251831,0.6361480951309204,0.8248010873794556,0.5592330694198608,0.7756492495536804,0.8104670643806458,0.8205752968788147,0.7183771133422852,0.778007447719574,0.8269613981246948,0.8178200721740723,0.7399802207946777,0.7656272649765015,0.8694199323654175,0.8257275223731995,0.7560888528823853,0
0.7972624897956848,0.4677082896232605,0.793887197971344,0.4696776270866394,0.7921650409698486,0.47024428844451904,0.7904166579246521,0.4706939458847046,0.7979683876037598,0.46691617369651794,0.7993394136428833,0.46550875902175903,0.800566554069519,0.4643322229385376,0.7855470776557922,0.46532702445983887,0.7994604706764221,0.45688551664352417,0.7935687899589539,0.4627743363380432,0.7985457181930542,0.4585689604282379,0.7735024094581604,0.45108771324157715,0.8054606318473816,0.44057729840278625,0.7967682480812073,0.5621647238731384,0.8356631398200989,0.5133196115493774,0.8172533512115479,0.7298787236213684,0.8462367057800293,0.6250188946723938,0.8244130611419678,0.7776221036911011,0.8500654101371765,0.6616644859313965,0.8205724954605103,0.7840179204940796,0.848331093788147,0.6613889336585999,0.8189319968223572,0.764739990234375,0.8462492227554321,0.6477838754653931,0.7850151062011719,0.4927445948123932,0.8041432499885559,0.4763062596321106,0.7790209650993347,0.6432214975357056,0.8157350420951843,0.6036964058876038,0.7711186408996582,0.8118228912353516,0.8181054592132568,0.7676427960395813,0.7731690406799316,0.8301361799240112,0.8181094527244568,0.7880358695983887,0.7609525322914124,0.8638056516647339,0.8184004426002502,0.8124850392341614,0
0.7787737250328064,0.5069366097450256,0.7723731994628906,0.5133228302001953,0.7708404064178467,0.5138606429100037,0.7693367004394531,0.5143992900848389,0.7763620615005493,0.5067558288574219,0.7778659462928772,0.5029130578041077,0.7792681455612183,0.49919819831848145,0.767449140548706,0.5021653175354004,0.7812568545341492,0.4812389314174652,0.7794896960258484,0.49889057874679565,0.7840436697006226,0.49264729022979736,0.7694790959358215,0.49284061789512634,0.8109725713729858,0.43291038274765015,0.7811867594718933,0.6034725904464722,0.8402881622314453,0.4916430413722992,0.7873858213424683,0.740428626537323,0.8478463888168335,0.5985681414604187,0.7901899814605713,0.7865025401115417,0.8511396646499634,0.6290667653083801,0.788841187953949,0.782615065574646,0.8490407466888428,0.633919358253479,0.7890274524688721,0.7636387348175049,0.8458417654037476,0.6251821517944336,0.7971456050872803,0.5611392259597778,0.8205764293670654,0.527213990688324,0.7766329050064087,0.6940934062004089,0.8295868635177612,0.6110955476760864,0.7654848098754883,0.806193470954895,0.8225063681602478,0.7364180088043213,0.7660861015319824,0.8327831625938416,0.8224629163742065,0.7586421966552734,0.7525519132614136,0.8248931765556335,0.8238754868507385,0.7516007423400879,0
0.7567749619483948,0.5524828433990479,0.7528807520866394,0.5439420342445374,0.7530598044395447,0.5419691205024719,0.7532708644866943,0.5398753881454468,0.752672553062439,0.5442315340042114,0.7527137994766235,0.5428908467292786,0.752652645111084,0.5418270230293274,0.7552240490913391,0.5245828032493591,0.7539700865745544,0.5280073285102844,0.7609779238700867,0.5490201711654663,0.7609127759933472,0.54987633228302,0.7764227390289307,0.5197936296463013,0.7716639041900635,0.5322908163070679,0.8032820224761963,0.6016821265220642,0.7855973839759827,0.625201940536499,0.7957823872566223,0.7174915075302124,0.7698476910591125,0.7382687926292419,0.795619547367096,0.7464577555656433,0.7638194561004639,0.7618710994720459,0.7889474034309387,0.7462999820709229,0.7613952159881592,0.7670038938522339,0.7893536686897278,0.7362933158874512,0.7641652226448059,0.7597936987876892,0.8184157013893127,0.6319062113761902,0.81105637550354,0.6382260918617249,0.8003067374229431,0.6329824924468994,0.7920821905136108,0.6580495238304138,0.8010029792785645,0.7981228828430176,0.7841693758964539,0.8012562394142151,0.8048275709152222,0.8199271559715271,0.7867810130119324,0.8240540623664856,0.7899168133735657,0.8420481085777283,0.7703479528427124,0.8385815024375916,0
0.7548623085021973,0.55296790599823,0.7523783445358276,0.5489163994789124,0.7521199584007263,0.5496786832809448,0.7518664002418518,0.5504215359687805,0.7533444762229919,0.5456489324569702,0.7538288831710815,0.5441942811012268,0.7542849183082581,0.5428534150123596,0.753547191619873,0.5527869462966919,0.7571110129356384,0.5416128039360046,0.7574366927146912,0.5590063333511353,0.7583776712417603,0.5558604001998901,0.7653877139091492,0.5870735049247742,0.7767730951309204,0.5578483939170837,0.7849327325820923,0.6052101254463196,0.8030121922492981,0.550690770149231,0.7936908006668091,0.6211479306221008,0.8013007640838623,0.5669940114021301,0.7954865097999573,0.626301109790802,0.8018271923065186,0.5694683194160461,0.7962374091148376,0.6266477108001709,0.798906147480011,0.5768581032752991,0.7957133650779724,0.624378502368927,0.798557460308075,0.5761218667030334,0.8079261183738708,0.6681759357452393,0.8113880753517151,0.6548064947128296,0.7881227135658264,0.7635678648948669,0.7930449843406677,0.743733286857605,0.7826986312866211,0.8233743906021118,0.7804201245307922,0.8196164965629578,0.7831975221633911,0.8296542167663574,0.7802836894989014,0.8303550481796265,0.7738308310508728,0.846841037273407,0.7703251838684082,0.8373324871063232,0
0.0,0.0,0.0,0.0,0.0,0.0,0.0,0.0,0.0,0.0,0.0,0.0,0.0,0.0,0.0,0.0,0.0,0.0,0.0,0.0,0.0,0.0,0.0,0.0,0.0,0.0,0.0,0.0,0.0,0.0,0.0,0.0,0.0,0.0,0.0,0.0,0.0,0.0,0.0,0.0,0.0,0.0,0.0,0.0,0.0,0.0,0.0,0.0,0.0,0.0,0.0,0.0,0.0,0.0,0.0,0.0,0.0,0.0,0.0,0.0,0.0,0.0,0.0,0.0,0.0,0.0,0
0.7483734488487244,0.5731685161590576,0.7468321919441223,0.5623539090156555,0.7473368048667908,0.5609018206596375,0.7478667497634888,0.5593528747558594,0.7458422183990479,0.5628225803375244,0.745643675327301,0.5620379447937012,0.7453840970993042,0.5614761710166931,0.7510725259780884,0.5514460802078247,0.7476566433906555,0.5540916919708252,0.7525315284729004,0.5751419067382812,0.7513250708580017,0.5762497782707214,0.7729988694190979,0.5643194317817688,0.7614994049072266,0.5917627215385437,0.7966194748878479,0.6001014709472656,0.775461733341217,0.6609973907470703,0.7998144030570984,0.6757607460021973,0.7732194662094116,0.7416994571685791,0.8026430606842041,0.694496214389801,0.7715571522712708,0.7634046077728271,0.7999036908149719,0.7002142071723938,0.7714985013008118,0.7667444944381714,0.7987881302833557,0.6931226253509521,0.7727231383323669,0.7579897046089172,0.819679856300354,0.6790801882743835,0.8112947344779968,0.6966802477836609,0.7908056974411011,0.7885799407958984,0.8007482290267944,0.7980129718780518,0.7895780801773071,0.8172551393508911,0.8137738704681396,0.7847974300384521,0.7899658679962158,0.8179662227630615,0.8152669668197632,0.7789304256439209,0.7861334085464478,0.8371900320053101,0.8154948353767395,0.7968965768814087,0
0.7512956261634827,0.5562467575073242,0.7499205470085144,0.5446681976318359,0.7508664131164551,0.5438387393951416,0.7518507838249207,0.5428904891014099,0.7478508949279785,0.5423377156257629,0.7473117709159851,0.5403379201889038,0.7466708421707153,0.5385801792144775,0.755765438079834,0.5315907597541809,0.7484791278839111,0.52653968334198,0.7562267780303955,0.5589879751205444,0.7539577484130859,0.5575153827667236,0.7821893692016602,0.549288809299469,0.7594934105873108,0.5430877208709717,0.801898181438446,0.6382522583007812,0.7635753750801086,0.6354578733444214,0.8000423312187195,0.7633954286575317,0.753090500831604,0.7457301616668701,0.8030573725700378,0.7986661195755005,0.7485743165016174,0.7694911956787109,0.7958815693855286,0.797762393951416,0.7486202120780945,0.7745615839958191,0.7949536442756653,0.7852528095245361,0.7513614892959595,0.7681776881217957,0.8188626170158386,0.6661238074302673,0.8042502999305725,0.6658891439437866,0.8012852072715759,0.7096378803253174,0.7878091931343079,0.7211182713508606,0.7901674509048462,0.8002253770828247,0.7780447602272034,0.7938823699951172,0.7913641333580017,0.8103622794151306,0.7799057364463806,0.8034487366676331,0.7786538600921631,0.8353127241134644,0.7661023736000061,0.8237784504890442,0
0.7528831958770752,0.5654174089431763,0.7512102723121643,0.5538262128829956,0.7518654465675354,0.5527623891830444,0.752541184425354,0.5515896081924438,0.7501136064529419,0.5528170466423035,0.7499369978904724,0.5514869689941406,0.7496764063835144,0.55037522315979,0.7566899061203003,0.543333113193512,0.7527960538864136,0.5417009592056274,0.7577064037322998,0.5682709217071533,0.7562713623046875,0.5683375597000122,0.7804213166236877,0.5692780613899231,0.7680114507675171,0.5677410364151001,0.8019886612892151,0.6556016206741333,0.7728928923606873,0.6677056550979614,0.7954179048538208,0.7737874984741211,0.7615365982055664,0.7758668661117554,0.7961270809173584,0.8058974742889404,0.7574093341827393,0.7986730337142944,0.7905488610267639,0.8053745627403259,0.7570186853408813,0.8052310347557068,0.7906816005706787,0.7939637303352356,0.7595406174659729,0.7979698181152344,0.8202555775642395,0.6979684829711914,0.8116410374641418,0.6943267583847046,0.7872673273086548,0.7689588069915771,0.7914981842041016,0.7527145743370056,0.7907807230949402,0.8155550956726074,0.7948302030563354,0.796491801738739,0.7939290404319763,0.8199777007102966,0.7974390387535095,0.8014184832572937,0.7836974263191223,0.836649477481842,0.7893403768539429,0.8148422241210938,0
0.7527536153793335,0.5858073830604553,0.7535961866378784,0.5755931735038757,0.7548858523368835,0.5758993029594421,0.7561975717544556,0.5760633945465088,0.7511572241783142,0.5713261365890503,0.7487219572067261,0.5638995170593262,0.7483949661254883,0.5633702874183655,0.7619019746780396,0.5709196925163269,0.7535361647605896,0.559908390045166,0.7577487826347351,0.5930537581443787,0.7543751001358032,0.585814356803894,0.7840002179145813,0.6092416644096375,0.7640572786331177,0.5723694562911987,0.7876279950141907,0.6984665393829346,0.7624165415763855,0.6649672985076904,0.7722467184066772,0.7842286825180054,0.7533106803894043,0.7977977991104126,0.7702203989028931,0.804719865322113,0.7436699271202087,0.8111491203308105,0.7647736668586731,0.7965512275695801,0.7447760105133057,0.8121970891952515,0.7658239006996155,0.7900353670120239,0.7495154142379761,0.8083721399307251,0.8182708024978638,0.6987349390983582,0.8084802031517029,0.6816008687019348,0.7912999987602234,0.7700623869895935,0.8095877170562744,0.7466844916343689,0.7842198610305786,0.8228905200958252,0.8242270946502686,0.7681484222412109,0.7868912220001221,0.8275840878486633,0.8287341594696045,0.7686826586723328,0.7697264552116394,0.8508754968643188,0.8193270564079285,0.7912044525146484,0
0.7703472375869751,0.556492269039154,0.7671191692352295,0.5437688231468201,0.7676275968551636,0.5420108437538147,0.7681636810302734,0.5401619076728821,0.7661429047584534,0.5425280928611755,0.7660008072853088,0.5403751730918884,0.7657544612884521,0.5384241342544556,0.7710538506507874,0.5210261344909668,0.7673798203468323,0.5194260478019714,0.774929404258728,0.5534271001815796,0.774182915687561,0.552579402923584,0.7917342185974121,0.5202874541282654,0.7833704352378845,0.5171725749969482,0.8114109039306641,0.5941859483718872,0.7994145750999451,0.5878195762634277,0.8013709783554077,0.7099812030792236,0.7907195091247559,0.6775880455970764,0.800844669342041,0.7437489032745361,0.7869932055473328,0.6970885992050171,0.7948128581047058,0.7421287894248962,0.785028338432312,0.7019555568695068,0.795444667339325,0.7286388874053955,0.7869547605514526,0.6954271793365479,0.8264042139053345,0.6513027548789978,0.8185743689537048,0.6461907029151917,0.7831251621246338,0.7413603067398071,0.7888433337211609,0.7284092903137207,0.7716606855392456,0.8345308303833008,0.7798806428909302,0.8197410106658936,0.7747431993484497,0.8483251333236694,0.7822835445404053,0.8347116708755493,0.7546525001525879,0.8590174913406372,0.7674352526664734,0.8396629095077515,0
0.7627236247062683,0.5787248611450195,0.7594491839408875,0.5652579069137573,0.7604598999023438,0.5624959468841553,0.7614976763725281,0.5596563816070557,0.7567785382270813,0.5662930011749268,0.7559482455253601,0.5647999048233032,0.7550182938575745,0.5634787678718567,0.7650325298309326,0.5373858213424683,0.755937397480011,0.5435062050819397,0.7689364552497864,0.5724373459815979,0.7661533951759338,0.5752596855163574,0.795738697052002,0.5288056135177612,0.7705056667327881,0.54242342710495,0.8123942017555237,0.625223696231842,0.7775031328201294,0.6515439748764038,0.7814978361129761,0.744186520576477,0.7578813433647156,0.7510037422180176,0.7761049270629883,0.7804286479949951,0.7504162192344666,0.7704994678497314,0.7681092619895935,0.7720208764076233,0.7489685416221619,0.7741270661354065,0.7701792120933533,0.7581282258033752,0.7529469728469849,0.7679089903831482,0.8323987126350403,0.6689021587371826,0.8140082359313965,0.6704460382461548,0.8106107711791992,0.7624081373214722,0.7915721535682678,0.7640067338943481,0.7956364750862122,0.7970392107963562,0.7894192934036255,0.7964680790901184,0.7971307635307312,0.792626678943634,0.7922860980033875,0.7966282963752747,0.7821784615516663,0.8343878984451294,0.7813378572463989,0.8224323987960815,0
0.0,0.0,0.0,0.0,0.0,0.0,0.0,0.0,0.0,0.0,0.0,0.0,0.0,0.0,0.0,0.0,0.0,0.0,0.0,0.0,0.0,0.0,0.0,0.0,0.0,0.0,0.0,0.0,0.0,0.0,0.0,0.0,0.0,0.0,0.0,0.0,0.0,0.0,0.0,0.0,0.0,0.0,0.0,0.0,0.0,0.0,0.0,0.0,0.0,0.0,0.0,0.0,0.0,0.0,0.0,0.0,0.0,0.0,0.0,0.0,0.0,0.0,0.0,0.0,0.0,0.0,0
0.0,0.0,0.0,0.0,0.0,0.0,0.0,0.0,0.0,0.0,0.0,0.0,0.0,0.0,0.0,0.0,0.0,0.0,0.0,0.0,0.0,0.0,0.0,0.0,0.0,0.0,0.0,0.0,0.0,0.0,0.0,0.0,0.0,0.0,0.0,0.0,0.0,0.0,0.0,0.0,0.0,0.0,0.0,0.0,0.0,0.0,0.0,0.0,0.0,0.0,0.0,0.0,0.0,0.0,0.0,0.0,0.0,0.0,0.0,0.0,0.0,0.0,0.0,0.0,0.0,0.0,0
0.7684706449508667,0.5619259476661682,0.7648715972900391,0.5524296164512634,0.7647793292999268,0.5514777302742004,0.764702320098877,0.5504616498947144,0.7655956149101257,0.5500935912132263,0.7660433053970337,0.5479013919830322,0.7664111852645874,0.5458645224571228,0.7665998935699463,0.5387473106384277,0.769048810005188,0.5325347185134888,0.7717647552490234,0.5615715384483337,0.7725551128387451,0.5596910119056702,0.7819968461990356,0.5540298223495483,0.7922697067260742,0.5421218872070312,0.8131803870201111,0.6247537136077881,0.8285574913024902,0.6123657822608948,0.8210982084274292,0.7452700734138489,0.8330483436584473,0.7205988764762878,0.8245639204978943,0.7769773006439209,0.8334949016571045,0.7465700507164001,0.819952130317688,0.7825275659561157,0.8319772481918335,0.7548820376396179,0.8189754486083984,0.7702897787094116,0.8320748805999756,0.7444916367530823,0.820641279220581,0.689204752445221,0.8233363628387451,0.6776038408279419,0.7943740487098694,0.7633782625198364,0.802440345287323,0.7425412535667419,0.7800435423851013,0.8029986619949341,0.7844480276107788,0.8063367009162903,0.7810743451118469,0.8058148622512817,0.7840732336044312,0.8170387148857117,0.7660500407218933,0.8226450085639954,0.7729707360267639,0.8196086883544922,0
0.7605389356613159,0.5744395852088928,0.7577916979789734,0.5625281929969788,0.7585008144378662,0.5608717203140259,0.7592318058013916,0.5591380000114441,0.7563581466674805,0.5607044100761414,0.7560129761695862,0.5583187341690063,0.755577564239502,0.55611652135849,0.7627719044685364,0.5428560376167297,0.7578538060188293,0.5388336181640625,0.7657967805862427,0.572642982006073,0.7641241550445557,0.5718401074409485,0.787872850894928,0.5514412522315979,0.7754789590835571,0.5462576150894165,0.8058737516403198,0.6325874924659729,0.7869755029678345,0.6349602937698364,0.7836824059486389,0.7547485828399658,0.7709282040596008,0.7192440032958984,0.7800968885421753,0.7920334935188293,0.765678882598877,0.7359967827796936,0.7738400101661682,0.7875456213951111,0.7632586359977722,0.7413025498390198,0.7753465175628662,0.7727584838867188,0.7658725380897522,0.7362498641014099,0.8311330676078796,0.7105868458747864,0.8194913268089294,0.7063645720481873,0.8136754035949707,0.7809747457504272,0.8012830018997192,0.7795131206512451,0.8013620376586914,0.7932528257369995,0.7952622175216675,0.7987080812454224,0.8025944828987122,0.790307343006134,0.7971456050872803,0.8006665706634521,0.7905160784721375,0.8157361149787903,0.7854887843132019,0.8132773041725159,0
0.0,0.0,0.0,0.0,0.0,0.0,0.0,0.0,0.0,0.0,0.0,0.0,0.0,0.0,0.0,0.0,0.0,0.0,0.0,0.0,0.0,0.0,0.0,0.0,0.0,0.0,0.0,0.0,0.0,0.0,0.0,0.0,0.0,0.0,0.0,0.0,0.0,0.0,0.0,0.0,0.0,0.0,0.0,0.0,0.0,0.0,0.0,0.0,0.0,0.0,0.0,0.0,0.0,0.0,0.0,0.0,0.0,0.0,0.0,0.0,0.0,0.0,0.0,0.0,0.0,0.0,0
0.7863549590110779,0.5268784761428833,0.7853360772132874,0.5261913537979126,0.7848858833312988,0.5273656845092773,0.7844246625900269,0.5285487771034241,0.786490261554718,0.5189666152000427,0.7870640158653259,0.5152133107185364,0.7875539064407349,0.5115776658058167,0.78471839427948,0.5212834477424622,0.789089024066925,0.4986715316772461,0.7867262363433838,0.528984546661377,0.7885565757751465,0.5210561156272888,0.7847961187362671,0.5493345856666565,0.8008376955986023,0.49148571491241455,0.7709735631942749,0.6811915040016174,0.7980312705039978,0.5864096283912659,0.7570464015007019,0.7783790826797485,0.7792105078697205,0.6782277822494507,0.7555626630783081,0.8043847680091858,0.7739689350128174,0.689534068107605,0.752367377281189,0.7993999719619751,0.772810161113739,0.6995671987533569,0.753149688243866,0.7882857322692871,0.7746971845626831,0.6977949738502502,0.8131593465805054,0.6566140651702881,0.8182426691055298,0.6280882954597473,0.7902268171310425,0.7544420957565308,0.8098120093345642,0.7213428616523743,0.7865946292877197,0.7732785940170288,0.7936152219772339,0.7609988451004028,0.7902852892875671,0.7703074216842651,0.7922082543373108,0.7649146318435669,0.7722473740577698,0.7875419855117798,0.7846992611885071,0.7681564092636108,0
0.755082905292511,0.5766282677650452,0.7549487352371216,0.5637032389640808,0.7557445764541626,0.5616483688354492,0.7565596699714661,0.5595496296882629,0.753749668598175,0.5673481225967407,0.7537074089050293,0.56810462474823,0.753614068031311,0.5690035820007324,0.761850893497467,0.5542504787445068,0.7578308582305908,0.5670006275177002,0.7598814964294434,0.5791268944740295,0.7582691311836243,0.5841141939163208,0.7827987670898438,0.5770668387413025,0.7701303958892822,0.6123543977737427,0.794943630695343,0.6016846299171448,0.7727699875831604,0.6812902092933655,0.7869116067886353,0.6614526510238647,0.763290286064148,0.7628489136695862,0.7856499552726746,0.6715864539146423,0.7597792148590088,0.7787951827049255,0.7835146188735962,0.674507737159729,0.759537935256958,0.78380286693573,0.7843338847160339,0.6722668409347534,0.7617451548576355,0.778010368347168,0.8201783895492554,0.6994661688804626,0.8090457320213318,0.710638165473938,0.8037872314453125,0.8065222501754761,0.7887440919876099,0.8129388689994812,0.8175258040428162,0.7827847599983215,0.7966675162315369,0.791257917881012,0.8195160031318665,0.7752403020858765,0.7979544997215271,0.7841338515281677,0.8187512755393982,0.7907227277755737,0.7963680624961853,0.79961097240448,0
0.8233729004859924,0.5109990835189819,0.822036623954773,0.5078592896461487,0.8205079436302185,0.507336437702179,0.8189734816551208,0.506838321685791,0.825351893901825,0.5072389245033264,0.8264209628105164,0.5058991312980652,0.8273834586143494,0.5046948194503784,0.8140054941177368,0.49516603350639343,0.8246586918830872,0.4932064712047577,0.8185693025588989,0.5075336694717407,0.8229222893714905,0.5045672655105591,0.7943758368492126,0.48983150720596313,0.8216226696968079,0.49413055181503296,0.7953720092773438,0.6320244073867798,0.8341416716575623,0.5860024690628052,0.7991772294044495,0.7381106019020081,0.8354821801185608,0.6725501418113708,0.8007708787918091,0.7699655890464783,0.8365098237991333,0.699286699295044,0.8006988167762756,0.769614040851593,0.8352801203727722,0.6985150575637817,0.80060875415802,0.7554882764816284,0.8341017961502075,0.6859984397888184,0.8007639646530151,0.5355042219161987,0.8139718174934387,0.5309954285621643,0.7845897078514099,0.6889073848724365,0.81857830286026,0.6614289879798889,0.7644592523574829,0.8036248683929443,0.815049409866333,0.7578718066215515,0.7630122900009155,0.8157117962837219,0.8128113746643066,0.7671298980712891,0.7521607875823975,0.8367257714271545,0.818692684173584,0.7856873273849487,0
0.7472618222236633,0.5858492255210876,0.7512048482894897,0.5707104802131653,0.752387285232544,0.5705140233039856,0.7535494565963745,0.570198118686676,0.7486124038696289,0.5681483149528503,0.7479282021522522,0.5667706727981567,0.7471951246261597,0.5655969977378845,0.7577480673789978,0.564821720123291,0.7491371035575867,0.5592882037162781,0.7542257308959961,0.582923412322998,0.7490434646606445,0.5849499702453613,0.7762051820755005,0.5918028950691223,0.7600000500679016,0.5630739331245422,0.7770045399665833,0.6772340536117554,0.7575551271438599,0.6508916020393372,0.7589371204376221,0.8028750419616699,0.7525550127029419,0.7732201218605042,0.754888117313385,0.8311059474945068,0.7462412714958191,0.8041272163391113,0.7488390207290649,0.8241660594940186,0.7491037249565125,0.7971216440200806,0.7511163949966431,0.8149349689483643,0.7523185610771179,0.7950544357299805,0.8158701062202454,0.6524648666381836,0.8060573935508728,0.6359426379203796,0.8025270700454712,0.7706111073493958,0.8037872910499573,0.7366489171981812,0.8195739984512329,0.8439707159996033,0.8195440173149109,0.7906521558761597,0.825165331363678,0.8447062969207764,0.8254662752151489,0.7916530966758728,0.8126064538955688,0.8942663669586182,0.8133804798126221,0.8319525122642517,0
0.0,0.0,0.0,0.0,0.0,0.0,0.0,0.0,0.0,0.0,0.0,0.0,0.0,0.0,0.0,0.0,0.0,0.0,0.0,0.0,0.0,0.0,0.0,0.0,0.0,0.0,0.0,0.0,0.0,0.0,0.0,0.0,0.0,0.0,0.0,0.0,0.0,0.0,0.0,0.0,0.0,0.0,0.0,0.0,0.0,0.0,0.0,0.0,0.0,0.0,0.0,0.0,0.0,0.0,0.0,0.0,0.0,0.0,0.0,0.0,0.0,0.0,0.0,0.0,0.0,0.0,0
0.8345125317573547,0.48684820532798767,0.8358212113380432,0.48551881313323975,0.8345984220504761,0.4853847622871399,0.8333521485328674,0.4852844476699829,0.837859570980072,0.4848267436027527,0.8384743928909302,0.48351767659187317,0.8389889001846313,0.48233798146247864,0.8278155326843262,0.4760727882385254,0.8343704342842102,0.47282934188842773,0.8284430503845215,0.4864901304244995,0.8313773274421692,0.48310622572898865,0.8015291094779968,0.48337647318840027,0.8225410580635071,0.4869835078716278,0.8086954355239868,0.6288632750511169,0.836775541305542,0.5904495716094971,0.8205170035362244,0.7430219650268555,0.8413159251213074,0.6981751918792725,0.8236674666404724,0.7738704085350037,0.8417999744415283,0.7278259992599487,0.8245463967323303,0.7746830582618713,0.8447287678718567,0.7407529354095459,0.823531985282898,0.7618399858474731,0.8416865468025208,0.7146521210670471,0.7996709942817688,0.5225454568862915,0.8092600107192993,0.5170540809631348,0.7900545597076416,0.6936426162719727,0.8132315278053284,0.6726055145263672,0.7901982069015503,0.7916560173034668,0.8207700252532959,0.7731794714927673,0.7897623181343079,0.7953752279281616,0.8192510604858398,0.7844002842903137,0.7894470691680908,0.831916093826294,0.8298705220222473,0.7976905107498169,0
0.8131949305534363,0.4243021607398987,0.8111505508422852,0.428461492061615,0.8094100952148438,0.43061593174934387,0.8077172040939331,0.4327620267868042,0.8153533935546875,0.42164650559425354,0.8167519569396973,0.4190475344657898,0.8179730176925659,0.4166780114173889,0.8026166558265686,0.4333978295326233,0.8160775303840637,0.4120725691318512,0.808077335357666,0.4268609285354614,0.8129644989967346,0.4183867573738098,0.7822133302688599,0.44719794392585754,0.8167234063148499,0.4121929407119751,0.7850973010063171,0.5891859531402588,0.842595100402832,0.48146629333496094,0.7891019582748413,0.71323561668396,0.8461526036262512,0.5361047983169556,0.7897769212722778,0.7521625757217407,0.8489124178886414,0.5506876111030579,0.7904707789421082,0.7446032762527466,0.8434818983078003,0.552237331867218,0.7911434173583984,0.7265351414680481,0.8407155275344849,0.5463936924934387,0.7913006544113159,0.4845436215400696,0.8111268877983093,0.4542471468448639,0.7841482758522034,0.6532970070838928,0.8206616044044495,0.5992892384529114,0.7931908369064331,0.7901777625083923,0.8301167488098145,0.7410346269607544,0.796487033367157,0.8033624291419983,0.8297022581100464,0.7620840072631836,0.7898021936416626,0.8318734765052795,0.837017834186554,0.7713156342506409,0
0.8552866578102112,0.47321170568466187,0.8599125146865845,0.46190914511680603,0.8600900769233704,0.45795974135398865,0.8598167896270752,0.4565681517124176,0.8601315021514893,0.46175235509872437,0.8604413866996765,0.45769166946411133,0.8603609800338745,0.4562259912490845,0.8573057055473328,0.43715959787368774,0.8554085493087769,0.43847525119781494,0.8473860621452332,0.4632408916950226,0.847337543964386,0.46265584230422974,0.8233016729354858,0.40197616815567017,0.817051112651825,0.42175477743148804,0.819086492061615,0.5344776511192322,0.8229414820671082,0.5660344362258911,0.8341235518455505,0.6664707064628601,0.8368785977363586,0.697292685508728,0.8381288647651672,0.6936444044113159,0.8413094878196716,0.7444599866867065,0.8379542231559753,0.6949731111526489,0.8455365896224976,0.738803505897522,0.8357324600219727,0.6853688359260559,0.8441373109817505,0.7292171716690063,0.7845954895019531,0.5838977098464966,0.7767857909202576,0.5971580147743225,0.8115750551223755,0.6812106966972351,0.8098296523094177,0.706369161605835,0.7994415760040283,0.7862820029258728,0.7894189357757568,0.8002769351005554,0.7931132316589355,0.792003870010376,0.7804954051971436,0.798725962638855,0.8052682876586914,0.828872561454773,0.8000760078430176,0.8556543588638306,0
0.8296676874160767,0.4345731735229492,0.8313554525375366,0.4221079647541046,0.8307719826698303,0.41981351375579834,0.8302004933357239,0.41745680570602417,0.8319231867790222,0.42422711849212646,0.8318811058998108,0.42313963174819946,0.8317407965660095,0.4219876527786255,0.8259075284004211,0.3992363214492798,0.8277287483215332,0.4050861597061157,0.8245976567268372,0.4308924376964569,0.8256560564041138,0.4320957064628601,0.8040844202041626,0.3984309136867523,0.810763955116272,0.4224766492843628,0.8070726990699768,0.5077211856842041,0.8232805728912354,0.5419179201126099,0.8207436203956604,0.616222620010376,0.8341917991638184,0.6722158789634705,0.8236480951309204,0.6372306942939758,0.8364036679267883,0.6911474466323853,0.8244795799255371,0.6406610012054443,0.8390546441078186,0.6927041411399841,0.8232309222221375,0.634655237197876,0.8377708196640015,0.6895576119422913,0.7829947471618652,0.5480555295944214,0.7838513851165771,0.566395103931427,0.8018074035644531,0.6762987971305847,0.8074554800987244,0.6982775330543518,0.7929520606994629,0.7705245018005371,0.7877748012542725,0.7919312119483948,0.7885785698890686,0.7800535559654236,0.7798737287521362,0.7979981899261475,0.7982729077339172,0.7995514869689941,0.7969151735305786,0.8269792795181274,0
0.0,0.0,0.0,0.0,0.0,0.0,0.0,0.0,0.0,0.0,0.0,0.0,0.0,0.0,0.0,0.0,0.0,0.0,0.0,0.0,0.0,0.0,0.0,0.0,0.0,0.0,0.0,0.0,0.0,0.0,0.0,0.0,0.0,0.0,0.0,0.0,0.0,0.0,0.0,0.0,0.0,0.0,0.0,0.0,0.0,0.0,0.0,0.0,0.0,0.0,0.0,0.0,0.0,0.0,0.0,0.0,0.0,0.0,0.0,0.0,0.0,0.0,0.0,0.0,0.0,0.0,0
0.7971873879432678,0.45193666219711304,0.7960242629051208,0.4430677890777588,0.7944716811180115,0.444460391998291,0.7929068207740784,0.4458329975605011,0.7998627424240112,0.436215877532959,0.8010084629058838,0.43262070417404175,0.8020099401473999,0.42929571866989136,0.7877836227416992,0.44407206773757935,0.8007074594497681,0.42075827717781067,0.792205274105072,0.46150410175323486,0.7965657114982605,0.45174330472946167,0.7662807703018188,0.4952300190925598,0.8057855367660522,0.4620555639266968,0.7782909870147705,0.6512761116027832,0.8113642334938049,0.5837720632553101,0.7643147706985474,0.8141635656356812,0.7691063284873962,0.7529983520507812,0.7558094263076782,0.8433669805526733,0.7616307139396667,0.7797189950942993,0.7553882002830505,0.8425890207290649,0.7574736475944519,0.7901899814605713,0.7578590512275696,0.8315486311912537,0.7623329162597656,0.7827097773551941,0.8152814507484436,0.692552387714386,0.8350351452827454,0.6754143238067627,0.8336838483810425,0.7992879748344421,0.8547376394271851,0.738041341304779,0.8432334661483765,0.8158853650093079,0.8415024280548096,0.7657055854797363,0.8468211889266968,0.8139034509658813,0.8385478854179382,0.759890079498291,0.8321751952171326,0.8346840143203735,0.8323763012886047,0.7964165210723877,0
0.8574572205543518,0.4211537837982178,0.8644990921020508,0.4101128578186035,0.8645602464675903,0.40942925214767456,0.8645132184028625,0.408599853515625,0.8640955686569214,0.4065614938735962,0.8638503551483154,0.40333080291748047,0.8635103702545166,0.39984196424484253,0.8606960773468018,0.3886709213256836,0.8585889339447021,0.37770408391952515,0.8517481088638306,0.4185526371002197,0.8512004613876343,0.4135562777519226,0.8331953883171082,0.38313180208206177,0.8203089833259583,0.35945653915405273,0.8097513914108276,0.49105051159858704,0.7963107824325562,0.4757523238658905,0.8208949565887451,0.6024194359779358,0.8048343658447266,0.5539454817771912,0.825229823589325,0.6299563050270081,0.8110334873199463,0.6109175682067871,0.8267455101013184,0.6323645114898682,0.8097020983695984,0.5757511258125305,0.823932945728302,0.6206548810005188,0.8099176287651062,0.5759027004241943,0.782006025314331,0.5414316654205322,0.767117440700531,0.5352529883384705,0.8147927522659302,0.631847620010376,0.802885890007019,0.6571640372276306,0.8050999641418457,0.756790280342102,0.7905362248420715,0.8095729351043701,0.7967099547386169,0.7704886794090271,0.7728217244148254,0.8119637966156006,0.8220959305763245,0.8093898296356201,0.8072057962417603,0.8756121397018433,0
0.8560469150543213,0.40773266553878784,0.8622170686721802,0.39624693989753723,0.8622363805770874,0.3956747055053711,0.8621910810470581,0.3949131369590759,0.8617215752601624,0.3920706510543823,0.8613514304161072,0.3884463906288147,0.8606386184692383,0.38404417037963867,0.857905387878418,0.37427419424057007,0.8553540706634521,0.3604086637496948,0.850070595741272,0.40614068508148193,0.8494216203689575,0.4002794623374939,0.8293594121932983,0.38320279121398926,0.818459153175354,0.3503817319869995,0.8131194710731506,0.5115218758583069,0.8060997724533081,0.4845921993255615,0.822945237159729,0.6043446660041809,0.8106655478477478,0.5898796319961548,0.826767086982727,0.626098096370697,0.8058139085769653,0.5835354328155518,0.8278973698616028,0.6249392628669739,0.8123953342437744,0.5905158519744873,0.8254153728485107,0.6148414015769958,0.8138216733932495,0.5771740674972534,0.7821551561355591,0.5309522747993469,0.7682877779006958,0.5282765030860901,0.8184018731117249,0.6311528086662292,0.804567277431488,0.6612460017204285,0.8097133636474609,0.7536522746086121,0.7925008535385132,0.8113179206848145,0.8022295832633972,0.7671870589256287,0.7761930227279663,0.8195300102233887,0.8250349164009094,0.79966801404953,0.8065717220306396,0.8728086948394775,0
0.8558892011642456,0.3868376612663269,0.8621736168861389,0.3720911741256714,0.8621651530265808,0.37154337763786316,0.861956775188446,0.3705943524837494,0.86113440990448,0.3683721125125885,0.8604124784469604,0.3651695251464844,0.859546422958374,0.36146989464759827,0.8563399910926819,0.3509505093097687,0.8526376485824585,0.341388463973999,0.8489737510681152,0.3910025358200073,0.8483890295028687,0.3832986354827881,0.8261153697967529,0.3642997443675995,0.8098825812339783,0.3534458875656128,0.8105202317237854,0.4874833822250366,0.7931451201438904,0.49925220012664795,0.8282914757728577,0.6011365652084351,0.8147545456886292,0.6224403381347656,0.8346481323242188,0.6257845163345337,0.8184015154838562,0.6564491987228394,0.8352340459823608,0.6274908781051636,0.8241878747940063,0.6525006890296936,0.8311313390731812,0.6174031496047974,0.8228527307510376,0.6385254859924316,0.789863109588623,0.5608922243118286,0.7775234580039978,0.5656804442405701,0.8275220394134521,0.6458998918533325,0.8127472400665283,0.6982613205909729,0.7896562814712524,0.7536704540252686,0.7739136815071106,0.7873555421829224,0.7877141237258911,0.7573633193969727,0.766960859298706,0.7915549278259277,0.807090163230896,0.81468665599823,0.7828704118728638,0.8541030883789062,0
0.855238139629364,0.3748924732208252,0.8597973585128784,0.35930198431015015,0.8596400618553162,0.3587060868740082,0.8592789769172668,0.35771310329437256,0.8589990139007568,0.35509049892425537,0.8582192659378052,0.35146304965019226,0.8571732044219971,0.34729740023612976,0.8517727851867676,0.3378468155860901,0.8477140069007874,0.3262450695037842,0.8483805060386658,0.37806662917137146,0.8471527695655823,0.37273964285850525,0.8255341649055481,0.3596460521221161,0.8073374629020691,0.3372749388217926,0.8135579824447632,0.49662619829177856,0.7844277620315552,0.4805462062358856,0.8335673809051514,0.6199476718902588,0.8090426921844482,0.6308656334877014,0.8412529826164246,0.6421756148338318,0.8122166395187378,0.6692115664482117,0.8419895172119141,0.6498122811317444,0.8197737336158752,0.6678059101104736,0.8373086452484131,0.6392723917961121,0.8187174797058105,0.6538636684417725,0.7920107841491699,0.5588328838348389,0.7792635560035706,0.5559343099594116,0.8279234766960144,0.6361725926399231,0.8018693923950195,0.6791740655899048,0.8028498291969299,0.7732336521148682,0.7731227278709412,0.8042062520980835,0.7920730113983154,0.7874704003334045,0.7653248310089111,0.8233544230461121,0.8092703819274902,0.830575168132782,0.786274254322052,0.8759360313415527,0
0.8545043468475342,0.35029566287994385,0.8590638041496277,0.33623117208480835,0.8590390682220459,0.3362421691417694,0.8590785264968872,0.33420494198799133,0.8583653569221497,0.33109623193740845,0.8576411604881287,0.32868897914886475,0.8567318916320801,0.3258606493473053,0.8518015146255493,0.3164050579071045,0.8477771282196045,0.30777010321617126,0.847923994064331,0.3546076714992523,0.8470743894577026,0.3492884337902069,0.8202210068702698,0.3422543704509735,0.8059393763542175,0.32723215222358704,0.805884599685669,0.4885958433151245,0.7984073162078857,0.47041189670562744,0.8230674266815186,0.6013633012771606,0.8171449303627014,0.6167978048324585,0.8290285468101501,0.6251022815704346,0.8185096383094788,0.6520982384681702,0.830294668674469,0.6257684826850891,0.8226870894432068,0.6519182920455933,0.826580286026001,0.6153011918067932,0.8226141929626465,0.6378633379936218,0.7898001074790955,0.5453055500984192,0.7777965664863586,0.54435133934021,0.8243587613105774,0.6717678308486938,0.8067113757133484,0.7204349637031555,0.8077498078346252,0.7735759615898132,0.7932804226875305,0.8062071204185486,0.7996978163719177,0.7831958532333374,0.7868984937667847,0.8054494857788086,0.818301796913147,0.8138000965118408,0.8031956553459167,0.8611577749252319,0
0.8530454635620117,0.34410181641578674,0.8588185906410217,0.33190080523490906,0.8586829900741577,0.3313235938549042,0.85844886302948,0.3304089903831482,0.8585435152053833,0.3271094560623169,0.858147919178009,0.32313865423202515,0.8577869534492493,0.3178020417690277,0.8530866503715515,0.30796316266059875,0.8511230945587158,0.2959635257720947,0.8462162017822266,0.343781054019928,0.8454270362854004,0.33866775035858154,0.8205405473709106,0.32574617862701416,0.8159315586090088,0.3033451437950134,0.8050665259361267,0.45264941453933716,0.7992271780967712,0.4172409176826477,0.8187829256057739,0.5232841372489929,0.8114689588546753,0.4954345226287842,0.8228264451026917,0.5379502773284912,0.8079796433448792,0.513831615447998,0.8221275210380554,0.5269172191619873,0.8092296719551086,0.5086669921875,0.8235160112380981,0.5282763838768005,0.809653639793396,0.5044245719909668,0.7736396193504333,0.5074449181556702,0.7642132639884949,0.5016593933105469,0.7929894924163818,0.6496661901473999,0.795086145401001,0.6581774353981018,0.7899733185768127,0.7874446511268616,0.7914113402366638,0.8096836805343628,0.7817438840866089,0.7997274398803711,0.7830092906951904,0.821150541305542,0.8069736361503601,0.8415774703025818,0.8096193671226501,0.869475245475769,0
0.852982223033905,0.3302784860134125,0.8573949933052063,0.3149183392524719,0.8570736646652222,0.3133997619152069,0.8566657900810242,0.3114939332008362,0.8572434782981873,0.3129483163356781,0.8567690849304199,0.3100493848323822,0.8562072515487671,0.30675336718559265,0.8499128222465515,0.28758278489112854,0.849270761013031,0.2858269214630127,0.8457019925117493,0.3296201825141907,0.8452877998352051,0.3267899751663208,0.8151130676269531,0.3009367287158966,0.8192897439002991,0.2993347942829132,0.7989122867584229,0.4305122494697571,0.8125261068344116,0.42784035205841064,0.8064025640487671,0.4939992129802704,0.8207126259803772,0.4905283749103546,0.8082769513130188,0.5050724148750305,0.8190581798553467,0.5010298490524292,0.8107025027275085,0.5037554502487183,0.8183064460754395,0.4941936731338501,0.8102043867111206,0.4986691176891327,0.8178082704544067,0.4893796741962433,0.7675140500068665,0.48838627338409424,0.7637115716934204,0.4969455301761627,0.7901203632354736,0.6290414929389954,0.7912150621414185,0.6490200757980347,0.7917815446853638,0.7618273496627808,0.784517765045166,0.792243480682373,0.784591555595398,0.7776495218276978,0.7769327759742737,0.80410236120224,0.809648334980011,0.8072792291641235,0.8021686673164368,0.8463703989982605,0
0.8511991500854492,0.3084592819213867,0.8559504747390747,0.2928488850593567,0.8558962941169739,0.29284238815307617,0.8557600378990173,0.29256224632263184,0.8553486466407776,0.2866547107696533,0.8547886610031128,0.2821488678455353,0.8539560437202454,0.2771991193294525,0.8499844074249268,0.2764791250228882,0.847097635269165,0.25952643156051636,0.8450157642364502,0.3123529851436615,0.8438547253608704,0.30597367882728577,0.8148806691169739,0.2965143918991089,0.8064013719558716,0.2865689992904663,0.7945588231086731,0.4242982864379883,0.7970801591873169,0.41826558113098145,0.8131348490715027,0.4731317460536957,0.8238401412963867,0.47682517766952515,0.8164770603179932,0.5053501129150391,0.8319701552391052,0.49742335081100464,0.8201065063476562,0.5011187791824341,0.8338571190834045,0.48574185371398926,0.8178452253341675,0.4952033460140228,0.832402229309082,0.48174598813056946,0.7778167724609375,0.5071439743041992,0.7689223885536194,0.5045687556266785,0.7900922894477844,0.6463258266448975,0.7955859303474426,0.6578722596168518,0.7848349809646606,0.8052781820297241,0.7893716096878052,0.8243329524993896,0.7759397625923157,0.8199031949043274,0.7800204753875732,0.8362447023391724,0.7998071908950806,0.8689757585525513,0.807286262512207,0.8973864912986755,0
0.8479435443878174,0.2893553674221039,0.852560818195343,0.2688254415988922,0.8526685833930969,0.2701905369758606,0.8528499603271484,0.26899418234825134,0.8516339659690857,0.26014918088912964,0.8508776426315308,0.25689229369163513,0.849899172782898,0.2535201609134674,0.8451130986213684,0.26520588994026184,0.8398571014404297,0.24502763152122498,0.8422797322273254,0.30285924673080444,0.8416054248809814,0.2888505756855011,0.8093632459640503,0.30159369111061096,0.7969484329223633,0.2766982913017273,0.7912237644195557,0.4382782578468323,0.7872369885444641,0.4123747944831848,0.8201779127120972,0.4934002459049225,0.8234823942184448,0.4690666198730469,0.8270021677017212,0.5048825740814209,0.8306931853294373,0.48721230030059814,0.8328253626823425,0.5222812294960022,0.8390449285507202,0.4690956473350525,0.8287521004676819,0.518231213092804,0.8331524729728699,0.46618685126304626,0.7969461679458618,0.5546892881393433,0.7863351702690125,0.5626398324966431,0.8013585805892944,0.6991330981254578,0.7968086004257202,0.7251074910163879,0.7834072113037109,0.8071198463439941,0.7792423963546753,0.833617627620697,0.7679414749145508,0.8206980228424072,0.7681865096092224,0.8366690278053284,0.7952021360397339,0.8561642169952393,0.7912870049476624,0.8930699825286865,0
0.8247643113136292,0.3005819320678711,0.8293843865394592,0.2798658609390259,0.8289415836334229,0.2806369960308075,0.8285130858421326,0.28128981590270996,0.8296898603439331,0.273363322019577,0.8293681144714355,0.2691808044910431,0.8288406133651733,0.2652474045753479,0.820739209651947,0.27006709575653076,0.821068525314331,0.2478078305721283,0.8154330849647522,0.31314507126808167,0.8160549402236938,0.30224087834358215,0.7819093465805054,0.3015349805355072,0.7868526577949524,0.3179459571838379,0.8048588633537292,0.3839642107486725,0.8030539751052856,0.4066839814186096,0.8301352262496948,0.44309431314468384,0.8265068531036377,0.4602891504764557,0.8390344381332397,0.45863449573516846,0.8379828929901123,0.47012317180633545,0.8386261463165283,0.45545729994773865,0.8392350673675537,0.46538907289505005,0.8360370993614197,0.4541614353656769,0.8370389342308044,0.46328309178352356,0.8095321655273438,0.5887934565544128,0.808453381061554,0.6008101105690002,0.796890139579773,0.7783116102218628,0.8067563772201538,0.766302227973938,0.8434398770332336,0.8278477787971497,0.8351224064826965,0.7719846963882446,0.8520593047142029,0.8196039795875549,0.8378094434738159,0.7583261728286743,0.8437431454658508,0.8794765472412109,0.8420541882514954,0.8141345977783203,0
0.8433954119682312,0.2763691246509552,0.8420700430870056,0.2474425733089447,0.8418477773666382,0.24700379371643066,0.8411787748336792,0.23894056677818298,0.8420344591140747,0.24454224109649658,0.8413583040237427,0.23533228039741516,0.8408241868019104,0.23326027393341064,0.8338474035263062,0.22454893589019775,0.8313184380531311,0.2221887707710266,0.8300250768661499,0.27190130949020386,0.8294236660003662,0.2681969404220581,0.7959995269775391,0.2635994553565979,0.7892208099365234,0.2675290107727051,0.8023242950439453,0.4008241295814514,0.7819058299064636,0.38816705346107483,0.82164466381073,0.43153417110443115,0.8194376826286316,0.4408632516860962,0.8347214460372925,0.44566887617111206,0.8279558420181274,0.45584213733673096,0.8343762755393982,0.43065446615219116,0.8300396800041199,0.4489492177963257,0.8317530751228333,0.4268896281719208,0.828519344329834,0.4388301968574524,0.7989293336868286,0.5424338579177856,0.7920885682106018,0.5522542595863342,0.7976707220077515,0.7230416536331177,0.790045976638794,0.7188369035720825,0.7933606505393982,0.8204361200332642,0.7917932271957397,0.8147804737091064,0.7898848652839661,0.8366124629974365,0.7896893620491028,0.8274340629577637,0.7967107892036438,0.8493240475654602,0.7972303628921509,0.8483879566192627,0
0.8468804359436035,0.2574479281902313,0.8496412038803101,0.23389336466789246,0.8487405776977539,0.23157787322998047,0.8475870490074158,0.2286437749862671,0.8502364158630371,0.23213422298431396,0.8496599793434143,0.22872209548950195,0.8487462997436523,0.22464731335639954,0.8373294472694397,0.21029415726661682,0.8368308544158936,0.2067863941192627,0.8394750952720642,0.25969699025154114,0.839896023273468,0.2584693431854248,0.7994509339332581,0.2447320520877838,0.8007302284240723,0.2345326542854309,0.7830165028572083,0.36992400884628296,0.7852392792701721,0.35878342390060425,0.8154051303863525,0.425876259803772,0.8243659734725952,0.4210565686225891,0.8285496234893799,0.44555413722991943,0.8321775197982788,0.43368440866470337,0.830236554145813,0.43241167068481445,0.8357864022254944,0.42208755016326904,0.8292231559753418,0.4393533766269684,0.8342945575714111,0.4170438051223755,0.7783633470535278,0.4773203134536743,0.7724400758743286,0.4841339588165283,0.7882668375968933,0.6483831405639648,0.7866544723510742,0.668631374835968,0.77945876121521,0.8126580119132996,0.7779759168624878,0.8466712236404419,0.7715140581130981,0.8390154242515564,0.770301103591919,0.8612357378005981,0.8023732900619507,0.857803463935852,0.80217045545578,0.9406896829605103,0
0.8430331349372864,0.22877439856529236,0.8459415435791016,0.20873281359672546,0.8454074859619141,0.20863458514213562,0.8447900414466858,0.2082153558731079,0.8453288674354553,0.20272791385650635,0.8443220257759094,0.19852301478385925,0.8430185914039612,0.19297155737876892,0.8358325958251953,0.19753339886665344,0.8316203951835632,0.18059325218200684,0.8371256589889526,0.2360759675502777,0.8359928131103516,0.2279200553894043,0.8043819665908813,0.24261623620986938,0.794789731502533,0.2214576005935669,0.7878938913345337,0.3785519003868103,0.7755553126335144,0.3548467457294464,0.8122289776802063,0.4349247217178345,0.8208871483802795,0.4077869653701782,0.8221126198768616,0.4768606722354889,0.8299969434738159,0.41596901416778564,0.8200178146362305,0.4558955430984497,0.8346798419952393,0.4041011333465576,0.8141380548477173,0.434173047542572,0.8316811919212341,0.39845171570777893,0.7861602902412415,0.4896804988384247,0.7748194336891174,0.4809964597225189,0.787226676940918,0.6489385962486267,0.7847641110420227,0.6598669290542603,0.7780070304870605,0.8243313431739807,0.7774864435195923,0.8500305414199829,0.7714288234710693,0.8508155345916748,0.7704217433929443,0.8733471632003784,0.8072196245193481,0.8741105198860168,0.8056552410125732,0.9375358819961548,0
0.8260421752929688,0.2632368206977844,0.8265020847320557,0.24047181010246277,0.8250100016593933,0.2403445541858673,0.823570728302002,0.24005824327468872,0.8277505040168762,0.23670059442520142,0.8272029757499695,0.23316523432731628,0.8264517784118652,0.22993949055671692,0.8110557198524475,0.22677209973335266,0.8141621351242065,0.2132229208946228,0.815444827079773,0.2755785286426544,0.8173806071281433,0.26779353618621826,0.7809684872627258,0.27448704838752747,0.776856541633606,0.2840004563331604,0.797545850276947,0.35356056690216064,0.789118766784668,0.3848092555999756,0.8233231902122498,0.3905186951160431,0.8182879090309143,0.40603309869766235,0.8316922187805176,0.39752495288848877,0.8325570821762085,0.41815048456192017,0.8290204405784607,0.3902038633823395,0.8309972882270813,0.3971084654331207,0.8267166614532471,0.387539267539978,0.8287869095802307,0.3935615122318268,0.8234415650367737,0.5760864615440369,0.8185828924179077,0.5966589450836182,0.8049684166908264,0.7491062879562378,0.7936761975288391,0.7561780214309692,0.833715558052063,0.756747305393219,0.8267414569854736,0.713577389717102,0.835414469242096,0.74660724401474,0.8289838433265686,0.6951885223388672,0.8422991037368774,0.7868539094924927,0.8376654982566833,0.7386171221733093,0
0.8240326642990112,0.24924486875534058,0.8228240609169006,0.22888261079788208,0.8212056159973145,0.22903725504875183,0.8196600675582886,0.22898608446121216,0.8237378597259521,0.2255690097808838,0.8228404521942139,0.2226637601852417,0.8217377662658691,0.22005391120910645,0.8060281872749329,0.220869779586792,0.80814528465271,0.20911192893981934,0.8140963315963745,0.2634081244468689,0.81566321849823,0.2565705180168152,0.781305730342865,0.2858322262763977,0.7778535485267639,0.2939639985561371,0.7937204241752625,0.3912508487701416,0.7980801463127136,0.3902382254600525,0.8185271620750427,0.40353772044181824,0.8181297183036804,0.4051018953323364,0.8256349563598633,0.40628352761268616,0.8280068039894104,0.41409575939178467,0.8276661038398743,0.40022560954093933,0.8295080065727234,0.3965591788291931,0.8247048258781433,0.3983425498008728,0.8280835151672363,0.39349958300590515,0.8268268704414368,0.5804144144058228,0.8212366700172424,0.5936518907546997,0.8114181756973267,0.7475208044052124,0.8072624206542969,0.7429060935974121,0.8402749300003052,0.7478086948394775,0.8314882516860962,0.7021130919456482,0.8428798317909241,0.735242486000061,0.8331935405731201,0.6836049556732178,0.8449986577033997,0.7823541760444641,0.8380066752433777,0.7317122220993042,0
0.8347988724708557,0.20018845796585083,0.8328015804290771,0.17489078640937805,0.8325151205062866,0.17544767260551453,0.8320220708847046,0.17648112773895264,0.8315647840499878,0.17009705305099487,0.8304307460784912,0.1681479811668396,0.8272653818130493,0.15938538312911987,0.8208600282669067,0.17424297332763672,0.8121448159217834,0.16923820972442627,0.8295864462852478,0.23314037919044495,0.8269750475883484,0.22740593552589417,0.8047404289245605,0.2710874676704407,0.7757542133331299,0.24054184556007385,0.7913612127304077,0.40065231919288635,0.7704508900642395,0.36612170934677124,0.8054744005203247,0.44024625420570374,0.8144143223762512,0.397032767534256,0.8103691935539246,0.45429176092147827,0.8207489252090454,0.4172126352787018,0.8131937980651855,0.44991207122802734,0.8270342946052551,0.39278602600097656,0.8104897737503052,0.44498342275619507,0.8256392478942871,0.38977953791618347,0.8431512117385864,0.5434140563011169,0.8173846006393433,0.5280459523200989,0.808037281036377,0.6295265555381775,0.7874494194984436,0.6217433214187622,0.8190735578536987,0.7625271081924438,0.8074434995651245,0.7174478769302368,0.8194037079811096,0.7784935235977173,0.8106939792633057,0.736522912979126,0.8192983269691467,0.8173325061798096,0.809950053691864,0.7549219131469727,0
0.8373770117759705,0.2323470413684845,0.8327671885490417,0.1654052734375,0.8323228359222412,0.16558939218521118,0.8317278027534485,0.1667417287826538,0.8322156667709351,0.16103702783584595,0.8314476609230042,0.15906012058258057,0.8305943012237549,0.1585797667503357,0.8192649483680725,0.16441863775253296,0.8121526837348938,0.155065655708313,0.8289422988891602,0.24743741750717163,0.8283237814903259,0.2432785928249359,0.7919448614120483,0.2699773609638214,0.7751050591468811,0.25845664739608765,0.8122187852859497,0.39354947209358215,0.7866654992103577,0.398479163646698,0.8289398550987244,0.40493515133857727,0.8189930319786072,0.39163464307785034,0.8343368172645569,0.40945005416870117,0.8289922475814819,0.39452341198921204,0.835204541683197,0.4015747904777527,0.829399585723877,0.37985360622406006,0.8327071070671082,0.39882516860961914,0.8282541036605835,0.37867099046707153,0.8490164279937744,0.5737069845199585,0.8338629007339478,0.5736823678016663,0.8007309436798096,0.6716279983520508,0.7950586676597595,0.6595945954322815,0.8099167943000793,0.7279389500617981,0.8034568428993225,0.7072936296463013,0.8106711506843567,0.7236482501029968,0.8038020730018616,0.7084158062934875,0.8102773427963257,0.7834808230400085,0.8051046133041382,0.7536861896514893,0
0.8107168078422546,0.2780381441116333,0.8062117099761963,0.26108214259147644,0.8046461939811707,0.26173532009124756,0.8031737804412842,0.26219508051872253,0.8068909645080566,0.25829729437828064,0.80584317445755,0.25659796595573425,0.8045704364776611,0.25520676374435425,0.7900761961936951,0.26347342133522034,0.7915970087051392,0.2546977996826172,0.8038575053215027,0.2960716187953949,0.804965615272522,0.29099735617637634,0.7790703177452087,0.33660009503364563,0.7710776329040527,0.34490835666656494,0.802425742149353,0.38880762457847595,0.7906659245491028,0.4270274043083191,0.8249690532684326,0.38919493556022644,0.819831907749176,0.39240550994873047,0.830062210559845,0.387189120054245,0.828791081905365,0.3869198262691498,0.8304219841957092,0.3882530927658081,0.8325873613357544,0.3744540810585022,0.8289696574211121,0.3886982500553131,0.8269055485725403,0.3730223774909973,0.8370965123176575,0.6294493675231934,0.8269239068031311,0.6366672515869141,0.7977312803268433,0.7323373556137085,0.7882394194602966,0.7346699833869934,0.8245526552200317,0.7554726004600525,0.8225933313369751,0.7337350845336914,0.8266026973724365,0.7458916306495667,0.827120304107666,0.7274266481399536,0.8345761299133301,0.7924379110336304,0.8302398920059204,0.7567715644836426,0
0.0,0.0,0.0,0.0,0.0,0.0,0.0,0.0,0.0,0.0,0.0,0.0,0.0,0.0,0.0,0.0,0.0,0.0,0.0,0.0,0.0,0.0,0.0,0.0,0.0,0.0,0.0,0.0,0.0,0.0,0.0,0.0,0.0,0.0,0.0,0.0,0.0,0.0,0.0,0.0,0.0,0.0,0.0,0.0,0.0,0.0,0.0,0.0,0.0,0.0,0.0,0.0,0.0,0.0,0.0,0.0,0.0,0.0,0.0,0.0,0.0,0.0,0.0,0.0,0.0,0.0,0
0.0,0.0,0.0,0.0,0.0,0.0,0.0,0.0,0.0,0.0,0.0,0.0,0.0,0.0,0.0,0.0,0.0,0.0,0.0,0.0,0.0,0.0,0.0,0.0,0.0,0.0,0.0,0.0,0.0,0.0,0.0,0.0,0.0,0.0,0.0,0.0,0.0,0.0,0.0,0.0,0.0,0.0,0.0,0.0,0.0,0.0,0.0,0.0,0.0,0.0,0.0,0.0,0.0,0.0,0.0,0.0,0.0,0.0,0.0,0.0,0.0,0.0,0.0,0.0,0.0,0.0,0
0.0,0.0,0.0,0.0,0.0,0.0,0.0,0.0,0.0,0.0,0.0,0.0,0.0,0.0,0.0,0.0,0.0,0.0,0.0,0.0,0.0,0.0,0.0,0.0,0.0,0.0,0.0,0.0,0.0,0.0,0.0,0.0,0.0,0.0,0.0,0.0,0.0,0.0,0.0,0.0,0.0,0.0,0.0,0.0,0.0,0.0,0.0,0.0,0.0,0.0,0.0,0.0,0.0,0.0,0.0,0.0,0.0,0.0,0.0,0.0,0.0,0.0,0.0,0.0,0.0,0.0,0
0.0,0.0,0.0,0.0,0.0,0.0,0.0,0.0,0.0,0.0,0.0,0.0,0.0,0.0,0.0,0.0,0.0,0.0,0.0,0.0,0.0,0.0,0.0,0.0,0.0,0.0,0.0,0.0,0.0,0.0,0.0,0.0,0.0,0.0,0.0,0.0,0.0,0.0,0.0,0.0,0.0,0.0,0.0,0.0,0.0,0.0,0.0,0.0,0.0,0.0,0.0,0.0,0.0,0.0,0.0,0.0,0.0,0.0,0.0,0.0,0.0,0.0,0.0,0.0,0.0,0.0,0
0.8092393279075623,0.16976219415664673,0.8087729215621948,0.158250629901886,0.8084700703620911,0.1572270393371582,0.8081091642379761,0.15723782777786255,0.8081660866737366,0.15970361232757568,0.8074507117271423,0.15992802381515503,0.8043760657310486,0.14738279581069946,0.7979997396469116,0.1544969081878662,0.7968146204948425,0.15910577774047852,0.802284300327301,0.17990624904632568,0.8009737133979797,0.18139928579330444,0.7714530229568481,0.22979754209518433,0.7665532231330872,0.24387139081954956,0.8053644299507141,0.313170850276947,0.7926816344261169,0.3563583195209503,0.8319425582885742,0.3282317519187927,0.8189007043838501,0.3688676953315735,0.8393428325653076,0.3262682855129242,0.8327081203460693,0.3753596246242523,0.8395044803619385,0.3266213834285736,0.8329527974128723,0.3611711263656616,0.83684903383255,0.3285618722438812,0.8295271992683411,0.3577148914337158,0.8171622157096863,0.5059303045272827,0.8116315007209778,0.5212438702583313,0.7971025109291077,0.6970037221908569,0.7980914115905762,0.6832098364830017,0.8292773365974426,0.7974956631660461,0.8233209848403931,0.7667632102966309,0.8343326449394226,0.7997539639472961,0.8269746899604797,0.7722546458244324,0.8345817923545837,0.8659237027168274,0.8304596543312073,0.819698691368103,0
0.8126360177993774,0.15676724910736084,0.8103100061416626,0.1304735541343689,0.8100661635398865,0.12934964895248413,0.8098671436309814,0.1289064884185791,0.8091209530830383,0.13068252801895142,0.8080389499664307,0.12987005710601807,0.8070284724235535,0.12964361906051636,0.8009689450263977,0.12622582912445068,0.7981635332107544,0.1269180178642273,0.8071756958961487,0.16901567578315735,0.8051577806472778,0.16770529747009277,0.7708314657211304,0.21892809867858887,0.7696796655654907,0.21553334593772888,0.781956672668457,0.3361579477787018,0.7840898633003235,0.3533342182636261,0.7980778813362122,0.40620309114456177,0.8117573261260986,0.37238484621047974,0.8010642528533936,0.4205755591392517,0.8222270607948303,0.40426158905029297,0.8019927144050598,0.4208865165710449,0.8230100274085999,0.38992640376091003,0.8012847900390625,0.4162404537200928,0.8204520344734192,0.38492658734321594,0.8069140315055847,0.47274523973464966,0.8031861186027527,0.49005746841430664,0.807040810585022,0.6439203023910522,0.7989263534545898,0.6550295948982239,0.8278491497039795,0.7747355103492737,0.8149213194847107,0.7656817436218262,0.8283340930938721,0.7940962314605713,0.8149524927139282,0.782771110534668,0.8386430144309998,0.8162851333618164,0.8253197073936462,0.7995486855506897,0
0.8164250254631042,0.14845424890518188,0.8132452368736267,0.12431472539901733,0.811741054058075,0.11890482902526855,0.8111763000488281,0.11853957176208496,0.8127903342247009,0.1235814094543457,0.8118606805801392,0.12254077196121216,0.8110171556472778,0.1219748854637146,0.8009896874427795,0.12174171209335327,0.8024805188179016,0.12217080593109131,0.8108215928077698,0.16103464365005493,0.8101001381874084,0.1590520739555359,0.7727015614509583,0.21381977200508118,0.7773860096931458,0.20773261785507202,0.7681423425674438,0.3335636854171753,0.7878000736236572,0.35053807497024536,0.7985175251960754,0.42230290174484253,0.8111253380775452,0.3857264816761017,0.8031414747238159,0.43724149465560913,0.8145895004272461,0.40231361985206604,0.8058120012283325,0.43737512826919556,0.8184695243835449,0.4040530323982239,0.8047633171081543,0.4325128197669983,0.8157691955566406,0.3986031413078308,0.7968460917472839,0.46522969007492065,0.7993701696395874,0.481969952583313,0.8139335513114929,0.6433169841766357,0.7964470386505127,0.6457858085632324,0.8171913027763367,0.7832886576652527,0.7982935309410095,0.7863925695419312,0.811944305896759,0.8095721006393433,0.7941319942474365,0.8068775534629822,0.8337060213088989,0.8113077878952026,0.811409056186676,0.8237208127975464,0
0.8106873631477356,0.136527419090271,0.8091540336608887,0.12089723348617554,0.807717502117157,0.12161439657211304,0.8064210414886475,0.11570030450820923,0.80760258436203,0.12094956636428833,0.8038999438285828,0.11663162708282471,0.8027326464653015,0.11613458395004272,0.7997840642929077,0.12170827388763428,0.7963677048683167,0.12242615222930908,0.8072099089622498,0.15601521730422974,0.8048651218414307,0.15549612045288086,0.776626467704773,0.20003414154052734,0.7691172957420349,0.20493364334106445,0.7881161570549011,0.3098571002483368,0.7751370668411255,0.32396113872528076,0.8027348518371582,0.38965097069740295,0.8151078224182129,0.3747051954269409,0.8067755103111267,0.4101465046405792,0.8250545263290405,0.3986595869064331,0.8067218065261841,0.41218650341033936,0.8276353478431702,0.3862825334072113,0.8049882650375366,0.4055559039115906,0.824938178062439,0.379838228225708,0.8053447604179382,0.4585932493209839,0.7961813807487488,0.4678400158882141,0.8127086162567139,0.6111196279525757,0.7859183549880981,0.614754855632782,0.818750262260437,0.8025736212730408,0.7887446880340576,0.8097972869873047,0.8133910894393921,0.8356153964996338,0.7861443758010864,0.8397972583770752,0.838125467300415,0.8477728366851807,0.7994785904884338,0.8619368672370911,0
0.8060417175292969,0.1278594732284546,0.8055546879768372,0.11582839488983154,0.8054442405700684,0.11523431539535522,0.8028021454811096,0.11073648929595947,0.804803729057312,0.11671590805053711,0.8029688000679016,0.11055141687393188,0.8010003566741943,0.11262929439544678,0.7979915142059326,0.1199268102645874,0.796792209148407,0.12301993370056152,0.8034656047821045,0.14986473321914673,0.802312433719635,0.15159845352172852,0.7755855917930603,0.1863510012626648,0.771043598651886,0.21130642294883728,0.7929002046585083,0.28530609607696533,0.7856397032737732,0.3187756836414337,0.8037972450256348,0.3553004860877991,0.8123009204864502,0.3643207252025604,0.8107199668884277,0.3783351480960846,0.8223882913589478,0.3801271319389343,0.8097424507141113,0.37925535440444946,0.8234162926673889,0.36827588081359863,0.8081299662590027,0.3729206621646881,0.8206942081451416,0.36210039258003235,0.8075306415557861,0.43138185143470764,0.7990429997444153,0.44196683168411255,0.8122597932815552,0.5956959128379822,0.7886810898780823,0.5883358120918274,0.8177530765533447,0.7916283011436462,0.7891702055931091,0.7708908915519714,0.8149714469909668,0.823477029800415,0.7787163257598877,0.8129041194915771,0.8293774127960205,0.841228723526001,0.7930306792259216,0.814700186252594,0
0.8124764561653137,0.1426706314086914,0.8025379180908203,0.11494821310043335,0.8023074865341187,0.11485600471496582,0.8021954894065857,0.11510193347930908,0.8092820644378662,0.12553685903549194,0.8012193441390991,0.11481773853302002,0.8007515668869019,0.11507338285446167,0.796581506729126,0.12087804079055786,0.7957596182823181,0.12224721908569336,0.800517737865448,0.1557292938232422,0.7994087934494019,0.15688830614089966,0.774224042892456,0.2075321078300476,0.7744274735450745,0.21899819374084473,0.7851272225379944,0.31198596954345703,0.789324939250946,0.33742475509643555,0.794426441192627,0.3883613646030426,0.8097493648529053,0.363795667886734,0.7965463995933533,0.40708237886428833,0.8187738656997681,0.3811022937297821,0.79664146900177,0.40707993507385254,0.8180455565452576,0.3701459765434265,0.7959709763526917,0.40069469809532166,0.8154610395431519,0.36584195494651794,0.8069673776626587,0.449360728263855,0.8042916059494019,0.46015071868896484,0.8144407272338867,0.6111369729042053,0.7918959856033325,0.6097092628479004,0.8157981634140015,0.7878186702728271,0.7885144352912903,0.7809252738952637,0.8112961053848267,0.8147405385971069,0.7745964527130127,0.8236377835273743,0.8280068039894104,0.8386502265930176,0.7870344519615173,0.8278627395629883,0
0.8107501268386841,0.14539304375648499,0.8080493211746216,0.12466949224472046,0.8077389001846313,0.12393003702163696,0.8075162172317505,0.12329161167144775,0.8068097233772278,0.12451887130737305,0.8056451678276062,0.12368196249008179,0.8045949339866638,0.12292039394378662,0.7993759512901306,0.1256331205368042,0.796481192111969,0.126289963722229,0.8072687387466431,0.1576721966266632,0.8057562112808228,0.15718579292297363,0.7769172787666321,0.20727860927581787,0.7760233879089355,0.20550969243049622,0.7692223191261292,0.308132141828537,0.7716351747512817,0.3111952245235443,0.7818593978881836,0.3966907858848572,0.8018608689308167,0.3700140118598938,0.7843659520149231,0.4196743369102478,0.8097034096717834,0.38245823979377747,0.7855282425880432,0.41978809237480164,0.8097768425941467,0.3714780807495117,0.7850649952888489,0.4114134907722473,0.8089096546173096,0.36863091588020325,0.8001861572265625,0.4428769648075104,0.7965275645256042,0.4471880793571472,0.7887874841690063,0.6086804866790771,0.779458224773407,0.6149846911430359,0.7792797684669495,0.7865883111953735,0.770901620388031,0.8066011071205139,0.7758638262748718,0.8162131905555725,0.7646743059158325,0.8279661536216736,0.8183115720748901,0.8382190465927124,0.7862470149993896,0.8601570725440979,0
0.8121229410171509,0.146007239818573,0.8086405396461487,0.1246444582939148,0.8072876334190369,0.12048161029815674,0.8066000938415527,0.11987519264221191,0.8084704875946045,0.1240728497505188,0.807589590549469,0.12305980920791626,0.8068159818649292,0.12224161624908447,0.7978860139846802,0.12220931053161621,0.7985620498657227,0.1267169713973999,0.8075625896453857,0.15804678201675415,0.8072935938835144,0.1582704782485962,0.7760827541351318,0.19569408893585205,0.7807808518409729,0.20267924666404724,0.7620624303817749,0.31573209166526794,0.7801879048347473,0.31733644008636475,0.7758758068084717,0.4062245190143585,0.8027387857437134,0.3713369369506836,0.7778330445289612,0.42654502391815186,0.8069459795951843,0.3880543112754822,0.7804407477378845,0.42623937129974365,0.8102813363075256,0.37356188893318176,0.7805627584457397,0.41925105452537537,0.8094084858894348,0.3707626760005951,0.7943559288978577,0.43331390619277954,0.7975550293922424,0.44314053654670715,0.7871919870376587,0.6047923564910889,0.7766084671020508,0.6179295182228088,0.7767976522445679,0.7858174443244934,0.7668009400367737,0.8020411133766174,0.7662994861602783,0.8164796829223633,0.7611266374588013,0.8301152586936951,0.7961357235908508,0.8321619033813477,0.7835541367530823,0.8559081554412842,0
0.8095375299453735,0.12947678565979004,0.8064098954200745,0.11351644992828369,0.8056908845901489,0.11336380243301392,0.80482417345047,0.11341696977615356,0.8064294457435608,0.11344611644744873,0.8057113289833069,0.11326473951339722,0.8050469756126404,0.1131354570388794,0.7970489859580994,0.11577653884887695,0.7979750037193298,0.12154364585876465,0.8064993619918823,0.14780360460281372,0.8061420917510986,0.14638078212738037,0.7745493054389954,0.19433674216270447,0.7813706398010254,0.1942654848098755,0.7628232836723328,0.30986925959587097,0.7880706191062927,0.32206228375434875,0.7888551950454712,0.39023900032043457,0.8080950379371643,0.36240795254707336,0.7921324968338013,0.4057244658470154,0.8130909204483032,0.37495118379592896,0.7957341074943542,0.4056413769721985,0.8128805160522461,0.36296945810317993,0.795238733291626,0.4007251262664795,0.8117693066596985,0.36036476492881775,0.7895553708076477,0.449629008769989,0.7944411039352417,0.4542791247367859,0.777849018573761,0.6074982285499573,0.7766216993331909,0.6145783066749573,0.7725284099578857,0.7889853119850159,0.7693803310394287,0.8083862066268921,0.7642040252685547,0.8217965364456177,0.7628812789916992,0.8361794352531433,0.7923179864883423,0.8236289024353027,0.7885141968727112,0.84855055809021,0
0.8080741763114929,0.13064634799957275,0.8050097227096558,0.11541378498077393,0.8041835427284241,0.11563384532928467,0.8029428124427795,0.11136984825134277,0.8048371076583862,0.11514502763748169,0.8041720390319824,0.11498719453811646,0.8032989501953125,0.11526292562484741,0.79751056432724,0.12142068147659302,0.7973254323005676,0.12143856287002563,0.8046125173568726,0.14575877785682678,0.8043041229248047,0.14590713381767273,0.7745819091796875,0.19410717487335205,0.7781887650489807,0.2035364806652069,0.77472323179245,0.3063986301422119,0.7830957770347595,0.32186394929885864,0.7886691689491272,0.3889997601509094,0.8014790415763855,0.36876180768013,0.7910780906677246,0.40769529342651367,0.8086508512496948,0.37936609983444214,0.7933091521263123,0.40901657938957214,0.809092104434967,0.37917977571487427,0.7929742932319641,0.4038527011871338,0.8071824312210083,0.36873722076416016,0.7920916676521301,0.4475170373916626,0.7947465181350708,0.4586443305015564,0.7836284637451172,0.5992228984832764,0.7788455486297607,0.6118366122245789,0.7845115661621094,0.7846150398254395,0.7707534432411194,0.8038123846054077,0.7698192596435547,0.8093935251235962,0.7659891843795776,0.831264853477478,0.7957606911659241,0.8302546739578247,0.7884261608123779,0.8606444597244263,0
0.8115725517272949,0.14316770434379578,0.8080987930297852,0.12587273120880127,0.80721515417099,0.12513473629951477,0.8063692450523376,0.12437531352043152,0.8086252212524414,0.12587672472000122,0.8078484535217285,0.12528428435325623,0.8072605133056641,0.12454578280448914,0.7976032495498657,0.12538573145866394,0.8001346588134766,0.12511888146400452,0.8076611757278442,0.15555453300476074,0.8080340623855591,0.1558036506175995,0.7672353386878967,0.1963314414024353,0.784338116645813,0.195932537317276,0.7531605362892151,0.3214069604873657,0.7880361080169678,0.3104238212108612,0.7701780200004578,0.4112313985824585,0.8055380582809448,0.36641019582748413,0.7732601165771484,0.4328891634941101,0.8099049925804138,0.3753843903541565,0.7767890691757202,0.4361504316329956,0.8103453516960144,0.3724011778831482,0.7765584588050842,0.4292249381542206,0.8092798590660095,0.37171056866645813,0.7748430371284485,0.4356064796447754,0.793854832649231,0.4452844560146332,0.7745692729949951,0.6061526536941528,0.7763227224349976,0.6128839254379272,0.768971860408783,0.7937467098236084,0.7691794037818909,0.8176237344741821,0.7604233622550964,0.8321406245231628,0.7604216933250427,0.8491584658622742,0.7886350750923157,0.8141115307807922,0.7885406017303467,0.855937123298645,0
0.8054919242858887,0.14640569686889648,0.8025469183921814,0.12630847096443176,0.8015630841255188,0.12268298864364624,0.8011812567710876,0.12253871560096741,0.8022362589836121,0.12542018294334412,0.8015373349189758,0.12449556589126587,0.8005169034004211,0.12140771746635437,0.7946227192878723,0.1303183138370514,0.7953439354896545,0.12710368633270264,0.8026812076568604,0.15852001309394836,0.8022964000701904,0.15737611055374146,0.7616309523582458,0.19385087490081787,0.7775799036026001,0.19455716013908386,0.7617479562759399,0.3152797222137451,0.7774869203567505,0.30303800106048584,0.7786703109741211,0.3887996971607208,0.8036727905273438,0.3553999662399292,0.7819679379463196,0.4086452126502991,0.8087137341499329,0.3675702214241028,0.7849912047386169,0.40906715393066406,0.8119521141052246,0.3598301410675049,0.7843557596206665,0.40205103158950806,0.8077115416526794,0.3554885983467102,0.7850580811500549,0.4393194317817688,0.7905147075653076,0.43652746081352234,0.7804010510444641,0.59322589635849,0.7805109620094299,0.6099613904953003,0.7726960182189941,0.7774595022201538,0.7704381346702576,0.7996851205825806,0.7668892741203308,0.8030596971511841,0.7623549699783325,0.8299663662910461,0.7919747829437256,0.8086472749710083,0.7893396615982056,0.8382961750030518,0
0.8000566363334656,0.12873634696006775,0.797269880771637,0.11348116397857666,0.7972529530525208,0.11370888352394104,0.7972901463508606,0.11404258012771606,0.7968361377716064,0.1139659583568573,0.7965424656867981,0.11447745561599731,0.796301007270813,0.11494725942611694,0.7904285788536072,0.1202465295791626,0.791008710861206,0.12518009543418884,0.7985004186630249,0.1423836648464203,0.7979963421821594,0.1430809199810028,0.7647603154182434,0.18844273686408997,0.7699192762374878,0.18950334191322327,0.7674471735954285,0.329725444316864,0.7796017527580261,0.3118136525154114,0.7794435024261475,0.40154582262039185,0.7963647842407227,0.36076152324676514,0.7819603085517883,0.42316439747810364,0.8047981858253479,0.3710422217845917,0.784257173538208,0.4206843674182892,0.8038826584815979,0.35985201597213745,0.7833318710327148,0.41305220127105713,0.8028714656829834,0.35880380868911743,0.785825252532959,0.429734468460083,0.7797268033027649,0.4229448437690735,0.7772285342216492,0.6041134595870972,0.7782317996025085,0.6148754954338074,0.7706718444824219,0.7930310964584351,0.7718024849891663,0.8031226396560669,0.7640576362609863,0.8217268586158752,0.7631207704544067,0.83452308177948,0.7902097105979919,0.8295556306838989,0.7901105284690857,0.8435431122779846,0
0.8021835088729858,0.13942855596542358,0.8004689812660217,0.1273249089717865,0.8002249002456665,0.12767469882965088,0.8000600934028625,0.12802541255950928,0.8002346754074097,0.12683701515197754,0.7998863458633423,0.1268908679485321,0.7996516227722168,0.12696033716201782,0.7918577194213867,0.13094687461853027,0.795712411403656,0.13522490859031677,0.8004072904586792,0.1524049937725067,0.7999037504196167,0.15195301175117493,0.7700294256210327,0.21011540293693542,0.7832126021385193,0.20518118143081665,0.7668435573577881,0.3238806128501892,0.7852329015731812,0.3114147484302521,0.7844792604446411,0.3943350315093994,0.7989823818206787,0.35539335012435913,0.7882412075996399,0.41363489627838135,0.8030655980110168,0.3702109456062317,0.7908264994621277,0.4146662652492523,0.8072169423103333,0.36216187477111816,0.789729118347168,0.4083142876625061,0.8057698011398315,0.3529230058193207,0.7783650159835815,0.4460849463939667,0.7771600484848022,0.44113966822624207,0.7780190110206604,0.6044495701789856,0.777754008769989,0.6148642301559448,0.7717688679695129,0.775221586227417,0.7693145275115967,0.8057507276535034,0.7659962773323059,0.8086757659912109,0.7632303237915039,0.8310245275497437,0.7913715839385986,0.8105533719062805,0.7892122864723206,0.8565968871116638,0
0.8009989261627197,0.13760322332382202,0.8001185655593872,0.1325235366821289,0.8000743389129639,0.13294795155525208,0.7993400692939758,0.1273525357246399,0.7992669939994812,0.13203272223472595,0.7987065315246582,0.13217145204544067,0.7976818084716797,0.12728512287139893,0.7946769595146179,0.13520196080207825,0.7940243482589722,0.13489091396331787,0.8002713322639465,0.15495672821998596,0.7989463806152344,0.1543237268924713,0.7772971391677856,0.18798404932022095,0.7725172638893127,0.1906108260154724,0.7794665694236755,0.31266671419143677,0.7733220458030701,0.3056654930114746,0.7869008183479309,0.39136314392089844,0.7924689650535583,0.3566325008869171,0.7887206673622131,0.4126023054122925,0.8005678057670593,0.37099289894104004,0.7902063131332397,0.41418159008026123,0.8007112145423889,0.3633054196834564,0.7894030809402466,0.40787386894226074,0.798741340637207,0.3590652048587799,0.7881186008453369,0.4435470700263977,0.7784082293510437,0.44211649894714355,0.7771161198616028,0.5984539985656738,0.7751530408859253,0.606626570224762,0.77157062292099,0.7849045991897583,0.7701613903045654,0.8048104643821716,0.7631608247756958,0.8213801980018616,0.7618157267570496,0.8366711139678955,0.789020836353302,0.8289840817451477,0.7893232107162476,0.8537594079971313,0
0.7960419654846191,0.15268689393997192,0.7958025932312012,0.14405006170272827,0.7961422801017761,0.14305490255355835,0.7966533303260803,0.14220499992370605,0.792894721031189,0.14139753580093384,0.7921488285064697,0.14180582761764526,0.7915123701095581,0.1420532464981079,0.7916015982627869,0.1432822346687317,0.7874215841293335,0.15046727657318115,0.7959701418876648,0.16997390985488892,0.7935711741447449,0.17228013277053833,0.7846842408180237,0.18867003917694092,0.7618510127067566,0.21094173192977905,0.7922879457473755,0.2562120258808136,0.7652788758277893,0.28495725989341736,0.7947753071784973,0.28758683800697327,0.7933663129806519,0.2763264775276184,0.7960748076438904,0.2974866032600403,0.8007166981697083,0.27708128094673157,0.7955029010772705,0.29461947083473206,0.8011506199836731,0.2666406035423279,0.7946346402168274,0.291259765625,0.7984801530838013,0.267684668302536,0.80400151014328,0.4430483281612396,0.7805179357528687,0.4421706199645996,0.786294162273407,0.5974773168563843,0.7753802537918091,0.6057637333869934,0.7806062698364258,0.7909108400344849,0.7726923227310181,0.7932097911834717,0.7661433219909668,0.8128293752670288,0.7676866054534912,0.8213373422622681,0.7904366850852966,0.8388345241546631,0.7900083661079407,0.8561511635780334,0
0.795892596244812,0.161081463098526,0.7951438426971436,0.14735615253448486,0.794883668422699,0.14734593033790588,0.7952514886856079,0.14674964547157288,0.7931375503540039,0.14951401948928833,0.7925547957420349,0.14981666207313538,0.7921059131622314,0.15002691745758057,0.7896546125411987,0.14848044514656067,0.7874836325645447,0.15175014734268188,0.7944204807281494,0.16883599758148193,0.7924580574035645,0.17044052481651306,0.7822157144546509,0.20147621631622314,0.7635790109634399,0.21972167491912842,0.79109126329422,0.29373934864997864,0.7686481475830078,0.3105147182941437,0.7953446507453918,0.3480492830276489,0.8022329211235046,0.3334079086780548,0.7971938848495483,0.36372995376586914,0.8107104301452637,0.3439770042896271,0.7967389822006226,0.3641637861728668,0.8126689791679382,0.3335804343223572,0.7954601049423218,0.3594086170196533,0.809497058391571,0.33102262020111084,0.7995759844779968,0.4493775963783264,0.7803630232810974,0.44286108016967773,0.7828506827354431,0.5957333445549011,0.7753022313117981,0.6000370383262634,0.7784677743911743,0.7912683486938477,0.7735093832015991,0.7907975912094116,0.7661119103431702,0.8178333044052124,0.7653703093528748,0.8224219083786011,0.7895745635032654,0.8428951501846313,0.7890864014625549,0.8491415977478027,0
0.7948872447013855,0.17191746830940247,0.792655348777771,0.15883606672286987,0.7919197678565979,0.15811887383460999,0.7910621762275696,0.15749669075012207,0.794429361820221,0.15886864066123962,0.7949370741844177,0.1583026945590973,0.7956501245498657,0.15771028399467468,0.7858301997184753,0.15869534015655518,0.7942607402801514,0.16037291288375854,0.7923102974891663,0.1792030930519104,0.7945219874382019,0.18000099062919617,0.75613933801651,0.2367798388004303,0.7960073947906494,0.2164732813835144,0.7552655339241028,0.3593413829803467,0.8037241101264954,0.32695284485816956,0.7708818912506104,0.4081678092479706,0.8055166006088257,0.3563601076602936,0.7742636203765869,0.42146527767181396,0.8030039668083191,0.3703942596912384,0.7768868803977966,0.4203299880027771,0.7996622920036316,0.3561440408229828,0.7764742374420166,0.4154718518257141,0.8007839918136597,0.35844284296035767,0.7730991840362549,0.45428818464279175,0.7870233654975891,0.4562600553035736,0.776741623878479,0.6107510924339294,0.7859099507331848,0.626230776309967,0.7697268128395081,0.7689656019210815,0.772088885307312,0.8005139827728271,0.7635459899902344,0.8079371452331543,0.7635014057159424,0.8297351002693176,0.7826608419418335,0.798568606376648,0.788719892501831,0.8331701159477234,0
0.793154776096344,0.16877242922782898,0.7921614050865173,0.15572485327720642,0.7923761606216431,0.15548670291900635,0.7926584482192993,0.15518534183502197,0.7909516096115112,0.15662029385566711,0.7903941869735718,0.15706554055213928,0.7899547815322876,0.15747463703155518,0.7880028486251831,0.16304582357406616,0.7854154706001282,0.15921911597251892,0.7925406098365784,0.17508387565612793,0.7909215092658997,0.17609462141990662,0.7805895209312439,0.223862886428833,0.7623615860939026,0.23883894085884094,0.7950613498687744,0.2751639783382416,0.7736720442771912,0.30678626894950867,0.801950991153717,0.2820614278316498,0.8045629858970642,0.2689075767993927,0.8034766912460327,0.28414857387542725,0.813453197479248,0.26079100370407104,0.8024659156799316,0.2811811864376068,0.8118343353271484,0.25012195110321045,0.8014815449714661,0.28036612272262573,0.8083286881446838,0.254586786031723,0.7954497337341309,0.477190762758255,0.7776477336883545,0.474190890789032,0.7834284901618958,0.6187407970428467,0.7825663685798645,0.6205117106437683,0.7727295160293579,0.779619038105011,0.7728829979896545,0.7823150157928467,0.7702125906944275,0.8221924901008606,0.7681998014450073,0.8098853826522827,0.7867968082427979,0.8370077013969421,0.7824061512947083,0.8453283905982971,0
0.793308436870575,0.1726025938987732,0.7916796207427979,0.15994828939437866,0.7916579246520996,0.1592356562614441,0.7908188700675964,0.15891194343566895,0.7915534377098083,0.16214627027511597,0.7914941310882568,0.1629379391670227,0.7915642261505127,0.16343730688095093,0.7851237058639526,0.16771814227104187,0.788672149181366,0.17063605785369873,0.7926197052001953,0.18016135692596436,0.7923623919487,0.18236422538757324,0.7698403596878052,0.23867151141166687,0.7717311978340149,0.25342029333114624,0.7850022315979004,0.317485511302948,0.7892313599586487,0.3240712881088257,0.7927975058555603,0.3372576832771301,0.8060112595558167,0.29721391201019287,0.7935628294944763,0.34140345454216003,0.8118430376052856,0.2900257706642151,0.7956900000572205,0.33903753757476807,0.8082242012023926,0.28453660011291504,0.7956538796424866,0.33845311403274536,0.8055695295333862,0.28818875551223755,0.7946184277534485,0.4951583743095398,0.7960220575332642,0.5045990943908691,0.7907842397689819,0.6178743243217468,0.7873624563217163,0.6542825698852539,0.7765533924102783,0.7720105051994324,0.773803174495697,0.7926210165023804,0.7789905071258545,0.8106249570846558,0.7685195803642273,0.8158835768699646,0.7891865968704224,0.8294545412063599,0.786027729511261,0.8553062677383423,0
