kp0_x,kp0_y,kp1_x,kp1_y,kp2_x,kp2_y,kp3_x,kp3_y,kp4_x,kp4_y,kp5_x,kp5_y,kp6_x,kp6_y,kp7_x,kp7_y,kp8_x,kp8_y,kp9_x,kp9_y,kp10_x,kp10_y,kp11_x,kp11_y,kp12_x,kp12_y,kp13_x,kp13_y,kp14_x,kp14_y,kp15_x,kp15_y,kp16_x,kp16_y,kp17_x,kp17_y,kp18_x,kp18_y,kp19_x,kp19_y,kp20_x,kp20_y,kp21_x,kp21_y,kp22_x,kp22_y,kp23_x,kp23_y,kp24_x,kp24_y,kp25_x,kp25_y,kp26_x,kp26_y,kp27_x,kp27_y,kp28_x,kp28_y,kp29_x,kp29_y,kp30_x,kp30_y,kp31_x,kp31_y,kp32_x,kp32_y,label
0.0,0.0,0.0,0.0,0.0,0.0,0.0,0.0,0.0,0.0,0.0,0.0,0.0,0.0,0.0,0.0,0.0,0.0,0.0,0.0,0.0,0.0,0.0,0.0,0.0,0.0,0.0,0.0,0.0,0.0,0.0,0.0,0.0,0.0,0.0,0.0,0.0,0.0,0.0,0.0,0.0,0.0,0.0,0.0,0.0,0.0,0.0,0.0,0.0,0.0,0.0,0.0,0.0,0.0,0.0,0.0,0.0,0.0,0.0,0.0,0.0,0.0,0.0,0.0,0.0,0.0,0
0.0,0.0,0.0,0.0,0.0,0.0,0.0,0.0,0.0,0.0,0.0,0.0,0.0,0.0,0.0,0.0,0.0,0.0,0.0,0.0,0.0,0.0,0.0,0.0,0.0,0.0,0.0,0.0,0.0,0.0,0.0,0.0,0.0,0.0,0.0,0.0,0.0,0.0,0.0,0.0,0.0,0.0,0.0,0.0,0.0,0.0,0.0,0.0,0.0,0.0,0.0,0.0,0.0,0.0,0.0,0.0,0.0,0.0,0.0,0.0,0.0,0.0,0.0,0.0,0.0,0.0,0
0.0,0.0,0.0,0.0,0.0,0.0,0.0,0.0,0.0,0.0,0.0,0.0,0.0,0.0,0.0,0.0,0.0,0.0,0.0,0.0,0.0,0.0,0.0,0.0,0.0,0.0,0.0,0.0,0.0,0.0,0.0,0.0,0.0,0.0,0.0,0.0,0.0,0.0,0.0,0.0,0.0,0.0,0.0,0.0,0.0,0.0,0.0,0.0,0.0,0.0,0.0,0.0,0.0,0.0,0.0,0.0,0.0,0.0,0.0,0.0,0.0,0.0,0.0,0.0,0.0,0.0,0
0.0,0.0,0.0,0.0,0.0,0.0,0.0,0.0,0.0,0.0,0.0,0.0,0.0,0.0,0.0,0.0,0.0,0.0,0.0,0.0,0.0,0.0,0.0,0.0,0.0,0.0,0.0,0.0,0.0,0.0,0.0,0.0,0.0,0.0,0.0,0.0,0.0,0.0,0.0,0.0,0.0,0.0,0.0,0.0,0.0,0.0,0.0,0.0,0.0,0.0,0.0,0.0,0.0,0.0,0.0,0.0,0.0,0.0,0.0,0.0,0.0,0.0,0.0,0.0,0.0,0.0,0
0.0,0.0,0.0,0.0,0.0,0.0,0.0,0.0,0.0,0.0,0.0,0.0,0.0,0.0,0.0,0.0,0.0,0.0,0.0,0.0,0.0,0.0,0.0,0.0,0.0,0.0,0.0,0.0,0.0,0.0,0.0,0.0,0.0,0.0,0.0,0.0,0.0,0.0,0.0,0.0,0.0,0.0,0.0,0.0,0.0,0.0,0.0,0.0,0.0,0.0,0.0,0.0,0.0,0.0,0.0,0.0,0.0,0.0,0.0,0.0,0.0,0.0,0.0,0.0,0.0,0.0,0
0.0,0.0,0.0,0.0,0.0,0.0,0.0,0.0,0.0,0.0,0.0,0.0,0.0,0.0,0.0,0.0,0.0,0.0,0.0,0.0,0.0,0.0,0.0,0.0,0.0,0.0,0.0,0.0,0.0,0.0,0.0,0.0,0.0,0.0,0.0,0.0,0.0,0.0,0.0,0.0,0.0,0.0,0.0,0.0,0.0,0.0,0.0,0.0,0.0,0.0,0.0,0.0,0.0,0.0,0.0,0.0,0.0,0.0,0.0,0.0,0.0,0.0,0.0,0.0,0.0,0.0,0
0.0,0.0,0.0,0.0,0.0,0.0,0.0,0.0,0.0,0.0,0.0,0.0,0.0,0.0,0.0,0.0,0.0,0.0,0.0,0.0,0.0,0.0,0.0,0.0,0.0,0.0,0.0,0.0,0.0,0.0,0.0,0.0,0.0,0.0,0.0,0.0,0.0,0.0,0.0,0.0,0.0,0.0,0.0,0.0,0.0,0.0,0.0,0.0,0.0,0.0,0.0,0.0,0.0,0.0,0.0,0.0,0.0,0.0,0.0,0.0,0.0,0.0,0.0,0.0,0.0,0.0,0
0.0,0.0,0.0,0.0,0.0,0.0,0.0,0.0,0.0,0.0,0.0,0.0,0.0,0.0,0.0,0.0,0.0,0.0,0.0,0.0,0.0,0.0,0.0,0.0,0.0,0.0,0.0,0.0,0.0,0.0,0.0,0.0,0.0,0.0,0.0,0.0,0.0,0.0,0.0,0.0,0.0,0.0,0.0,0.0,0.0,0.0,0.0,0.0,0.0,0.0,0.0,0.0,0.0,0.0,0.0,0.0,0.0,0.0,0.0,0.0,0.0,0.0,0.0,0.0,0.0,0.0,0
0.0,0.0,0.0,0.0,0.0,0.0,0.0,0.0,0.0,0.0,0.0,0.0,0.0,0.0,0.0,0.0,0.0,0.0,0.0,0.0,0.0,0.0,0.0,0.0,0.0,0.0,0.0,0.0,0.0,0.0,0.0,0.0,0.0,0.0,0.0,0.0,0.0,0.0,0.0,0.0,0.0,0.0,0.0,0.0,0.0,0.0,0.0,0.0,0.0,0.0,0.0,0.0,0.0,0.0,0.0,0.0,0.0,0.0,0.0,0.0,0.0,0.0,0.0,0.0,0.0,0.0,0
0.0,0.0,0.0,0.0,0.0,0.0,0.0,0.0,0.0,0.0,0.0,0.0,0.0,0.0,0.0,0.0,0.0,0.0,0.0,0.0,0.0,0.0,0.0,0.0,0.0,0.0,0.0,0.0,0.0,0.0,0.0,0.0,0.0,0.0,0.0,0.0,0.0,0.0,0.0,0.0,0.0,0.0,0.0,0.0,0.0,0.0,0.0,0.0,0.0,0.0,0.0,0.0,0.0,0.0,0.0,0.0,0.0,0.0,0.0,0.0,0.0,0.0,0.0,0.0,0.0,0.0,0
0.0,0.0,0.0,0.0,0.0,0.0,0.0,0.0,0.0,0.0,0.0,0.0,0.0,0.0,0.0,0.0,0.0,0.0,0.0,0.0,0.0,0.0,0.0,0.0,0.0,0.0,0.0,0.0,0.0,0.0,0.0,0.0,0.0,0.0,0.0,0.0,0.0,0.0,0.0,0.0,0.0,0.0,0.0,0.0,0.0,0.0,0.0,0.0,0.0,0.0,0.0,0.0,0.0,0.0,0.0,0.0,0.0,0.0,0.0,0.0,0.0,0.0,0.0,0.0,0.0,0.0,0
0.0,0.0,0.0,0.0,0.0,0.0,0.0,0.0,0.0,0.0,0.0,0.0,0.0,0.0,0.0,0.0,0.0,0.0,0.0,0.0,0.0,0.0,0.0,0.0,0.0,0.0,0.0,0.0,0.0,0.0,0.0,0.0,0.0,0.0,0.0,0.0,0.0,0.0,0.0,0.0,0.0,0.0,0.0,0.0,0.0,0.0,0.0,0.0,0.0,0.0,0.0,0.0,0.0,0.0,0.0,0.0,0.0,0.0,0.0,0.0,0.0,0.0,0.0,0.0,0.0,0.0,0
0.0,0.0,0.0,0.0,0.0,0.0,0.0,0.0,0.0,0.0,0.0,0.0,0.0,0.0,0.0,0.0,0.0,0.0,0.0,0.0,0.0,0.0,0.0,0.0,0.0,0.0,0.0,0.0,0.0,0.0,0.0,0.0,0.0,0.0,0.0,0.0,0.0,0.0,0.0,0.0,0.0,0.0,0.0,0.0,0.0,0.0,0.0,0.0,0.0,0.0,0.0,0.0,0.0,0.0,0.0,0.0,0.0,0.0,0.0,0.0,0.0,0.0,0.0,0.0,0.0,0.0,0
0.0,0.0,0.0,0.0,0.0,0.0,0.0,0.0,0.0,0.0,0.0,0.0,0.0,0.0,0.0,0.0,0.0,0.0,0.0,0.0,0.0,0.0,0.0,0.0,0.0,0.0,0.0,0.0,0.0,0.0,0.0,0.0,0.0,0.0,0.0,0.0,0.0,0.0,0.0,0.0,0.0,0.0,0.0,0.0,0.0,0.0,0.0,0.0,0.0,0.0,0.0,0.0,0.0,0.0,0.0,0.0,0.0,0.0,0.0,0.0,0.0,0.0,0.0,0.0,0.0,0.0,0
0.0,0.0,0.0,0.0,0.0,0.0,0.0,0.0,0.0,0.0,0.0,0.0,0.0,0.0,0.0,0.0,0.0,0.0,0.0,0.0,0.0,0.0,0.0,0.0,0.0,0.0,0.0,0.0,0.0,0.0,0.0,0.0,0.0,0.0,0.0,0.0,0.0,0.0,0.0,0.0,0.0,0.0,0.0,0.0,0.0,0.0,0.0,0.0,0.0,0.0,0.0,0.0,0.0,0.0,0.0,0.0,0.0,0.0,0.0,0.0,0.0,0.0,0.0,0.0,0.0,0.0,0
0.0,0.0,0.0,0.0,0.0,0.0,0.0,0.0,0.0,0.0,0.0,0.0,0.0,0.0,0.0,0.0,0.0,0.0,0.0,0.0,0.0,0.0,0.0,0.0,0.0,0.0,0.0,0.0,0.0,0.0,0.0,0.0,0.0,0.0,0.0,0.0,0.0,0.0,0.0,0.0,0.0,0.0,0.0,0.0,0.0,0.0,0.0,0.0,0.0,0.0,0.0,0.0,0.0,0.0,0.0,0.0,0.0,0.0,0.0,0.0,0.0,0.0,0.0,0.0,0.0,0.0,0
0.0,0.0,0.0,0.0,0.0,0.0,0.0,0.0,0.0,0.0,0.0,0.0,0.0,0.0,0.0,0.0,0.0,0.0,0.0,0.0,0.0,0.0,0.0,0.0,0.0,0.0,0.0,0.0,0.0,0.0,0.0,0.0,0.0,0.0,0.0,0.0,0.0,0.0,0.0,0.0,0.0,0.0,0.0,0.0,0.0,0.0,0.0,0.0,0.0,0.0,0.0,0.0,0.0,0.0,0.0,0.0,0.0,0.0,0.0,0.0,0.0,0.0,0.0,0.0,0.0,0.0,0
0.0,0.0,0.0,0.0,0.0,0.0,0.0,0.0,0.0,0.0,0.0,0.0,0.0,0.0,0.0,0.0,0.0,0.0,0.0,0.0,0.0,0.0,0.0,0.0,0.0,0.0,0.0,0.0,0.0,0.0,0.0,0.0,0.0,0.0,0.0,0.0,0.0,0.0,0.0,0.0,0.0,0.0,0.0,0.0,0.0,0.0,0.0,0.0,0.0,0.0,0.0,0.0,0.0,0.0,0.0,0.0,0.0,0.0,0.0,0.0,0.0,0.0,0.0,0.0,0.0,0.0,0
0.0,0.0,0.0,0.0,0.0,0.0,0.0,0.0,0.0,0.0,0.0,0.0,0.0,0.0,0.0,0.0,0.0,0.0,0.0,0.0,0.0,0.0,0.0,0.0,0.0,0.0,0.0,0.0,0.0,0.0,0.0,0.0,0.0,0.0,0.0,0.0,0.0,0.0,0.0,0.0,0.0,0.0,0.0,0.0,0.0,0.0,0.0,0.0,0.0,0.0,0.0,0.0,0.0,0.0,0.0,0.0,0.0,0.0,0.0,0.0,0.0,0.0,0.0,0.0,0.0,0.0,0
0.0,0.0,0.0,0.0,0.0,0.0,0.0,0.0,0.0,0.0,0.0,0.0,0.0,0.0,0.0,0.0,0.0,0.0,0.0,0.0,0.0,0.0,0.0,0.0,0.0,0.0,0.0,0.0,0.0,0.0,0.0,0.0,0.0,0.0,0.0,0.0,0.0,0.0,0.0,0.0,0.0,0.0,0.0,0.0,0.0,0.0,0.0,0.0,0.0,0.0,0.0,0.0,0.0,0.0,0.0,0.0,0.0,0.0,0.0,0.0,0.0,0.0,0.0,0.0,0.0,0.0,0
0.0,0.0,0.0,0.0,0.0,0.0,0.0,0.0,0.0,0.0,0.0,0.0,0.0,0.0,0.0,0.0,0.0,0.0,0.0,0.0,0.0,0.0,0.0,0.0,0.0,0.0,0.0,0.0,0.0,0.0,0.0,0.0,0.0,0.0,0.0,0.0,0.0,0.0,0.0,0.0,0.0,0.0,0.0,0.0,0.0,0.0,0.0,0.0,0.0,0.0,0.0,0.0,0.0,0.0,0.0,0.0,0.0,0.0,0.0,0.0,0.0,0.0,0.0,0.0,0.0,0.0,0
0.0,0.0,0.0,0.0,0.0,0.0,0.0,0.0,0.0,0.0,0.0,0.0,0.0,0.0,0.0,0.0,0.0,0.0,0.0,0.0,0.0,0.0,0.0,0.0,0.0,0.0,0.0,0.0,0.0,0.0,0.0,0.0,0.0,0.0,0.0,0.0,0.0,0.0,0.0,0.0,0.0,0.0,0.0,0.0,0.0,0.0,0.0,0.0,0.0,0.0,0.0,0.0,0.0,0.0,0.0,0.0,0.0,0.0,0.0,0.0,0.0,0.0,0.0,0.0,0.0,0.0,0
0.0,0.0,0.0,0.0,0.0,0.0,0.0,0.0,0.0,0.0,0.0,0.0,0.0,0.0,0.0,0.0,0.0,0.0,0.0,0.0,0.0,0.0,0.0,0.0,0.0,0.0,0.0,0.0,0.0,0.0,0.0,0.0,0.0,0.0,0.0,0.0,0.0,0.0,0.0,0.0,0.0,0.0,0.0,0.0,0.0,0.0,0.0,0.0,0.0,0.0,0.0,0.0,0.0,0.0,0.0,0.0,0.0,0.0,0.0,0.0,0.0,0.0,0.0,0.0,0.0,0.0,0
0.0,0.0,0.0,0.0,0.0,0.0,0.0,0.0,0.0,0.0,0.0,0.0,0.0,0.0,0.0,0.0,0.0,0.0,0.0,0.0,0.0,0.0,0.0,0.0,0.0,0.0,0.0,0.0,0.0,0.0,0.0,0.0,0.0,0.0,0.0,0.0,0.0,0.0,0.0,0.0,0.0,0.0,0.0,0.0,0.0,0.0,0.0,0.0,0.0,0.0,0.0,0.0,0.0,0.0,0.0,0.0,0.0,0.0,0.0,0.0,0.0,0.0,0.0,0.0,0.0,0.0,0
0.0,0.0,0.0,0.0,0.0,0.0,0.0,0.0,0.0,0.0,0.0,0.0,0.0,0.0,0.0,0.0,0.0,0.0,0.0,0.0,0.0,0.0,0.0,0.0,0.0,0.0,0.0,0.0,0.0,0.0,0.0,0.0,0.0,0.0,0.0,0.0,0.0,0.0,0.0,0.0,0.0,0.0,0.0,0.0,0.0,0.0,0.0,0.0,0.0,0.0,0.0,0.0,0.0,0.0,0.0,0.0,0.0,0.0,0.0,0.0,0.0,0.0,0.0,0.0,0.0,0.0,0
0.0,0.0,0.0,0.0,0.0,0.0,0.0,0.0,0.0,0.0,0.0,0.0,0.0,0.0,0.0,0.0,0.0,0.0,0.0,0.0,0.0,0.0,0.0,0.0,0.0,0.0,0.0,0.0,0.0,0.0,0.0,0.0,0.0,0.0,0.0,0.0,0.0,0.0,0.0,0.0,0.0,0.0,0.0,0.0,0.0,0.0,0.0,0.0,0.0,0.0,0.0,0.0,0.0,0.0,0.0,0.0,0.0,0.0,0.0,0.0,0.0,0.0,0.0,0.0,0.0,0.0,0
0.0,0.0,0.0,0.0,0.0,0.0,0.0,0.0,0.0,0.0,0.0,0.0,0.0,0.0,0.0,0.0,0.0,0.0,0.0,0.0,0.0,0.0,0.0,0.0,0.0,0.0,0.0,0.0,0.0,0.0,0.0,0.0,0.0,0.0,0.0,0.0,0.0,0.0,0.0,0.0,0.0,0.0,0.0,0.0,0.0,0.0,0.0,0.0,0.0,0.0,0.0,0.0,0.0,0.0,0.0,0.0,0.0,0.0,0.0,0.0,0.0,0.0,0.0,0.0,0.0,0.0,0
0.0,0.0,0.0,0.0,0.0,0.0,0.0,0.0,0.0,0.0,0.0,0.0,0.0,0.0,0.0,0.0,0.0,0.0,0.0,0.0,0.0,0.0,0.0,0.0,0.0,0.0,0.0,0.0,0.0,0.0,0.0,0.0,0.0,0.0,0.0,0.0,0.0,0.0,0.0,0.0,0.0,0.0,0.0,0.0,0.0,0.0,0.0,0.0,0.0,0.0,0.0,0.0,0.0,0.0,0.0,0.0,0.0,0.0,0.0,0.0,0.0,0.0,0.0,0.0,0.0,0.0,0
0.0,0.0,0.0,0.0,0.0,0.0,0.0,0.0,0.0,0.0,0.0,0.0,0.0,0.0,0.0,0.0,0.0,0.0,0.0,0.0,0.0,0.0,0.0,0.0,0.0,0.0,0.0,0.0,0.0,0.0,0.0,0.0,0.0,0.0,0.0,0.0,0.0,0.0,0.0,0.0,0.0,0.0,0.0,0.0,0.0,0.0,0.0,0.0,0.0,0.0,0.0,0.0,0.0,0.0,0.0,0.0,0.0,0.0,0.0,0.0,0.0,0.0,0.0,0.0,0.0,0.0,0
0.0,0.0,0.0,0.0,0.0,0.0,0.0,0.0,0.0,0.0,0.0,0.0,0.0,0.0,0.0,0.0,0.0,0.0,0.0,0.0,0.0,0.0,0.0,0.0,0.0,0.0,0.0,0.0,0.0,0.0,0.0,0.0,0.0,0.0,0.0,0.0,0.0,0.0,0.0,0.0,0.0,0.0,0.0,0.0,0.0,0.0,0.0,0.0,0.0,0.0,0.0,0.0,0.0,0.0,0.0,0.0,0.0,0.0,0.0,0.0,0.0,0.0,0.0,0.0,0.0,0.0,0
0.0,0.0,0.0,0.0,0.0,0.0,0.0,0.0,0.0,0.0,0.0,0.0,0.0,0.0,0.0,0.0,0.0,0.0,0.0,0.0,0.0,0.0,0.0,0.0,0.0,0.0,0.0,0.0,0.0,0.0,0.0,0.0,0.0,0.0,0.0,0.0,0.0,0.0,0.0,0.0,0.0,0.0,0.0,0.0,0.0,0.0,0.0,0.0,0.0,0.0,0.0,0.0,0.0,0.0,0.0,0.0,0.0,0.0,0.0,0.0,0.0,0.0,0.0,0.0,0.0,0.0,0
0.0,0.0,0.0,0.0,0.0,0.0,0.0,0.0,0.0,0.0,0.0,0.0,0.0,0.0,0.0,0.0,0.0,0.0,0.0,0.0,0.0,0.0,0.0,0.0,0.0,0.0,0.0,0.0,0.0,0.0,0.0,0.0,0.0,0.0,0.0,0.0,0.0,0.0,0.0,0.0,0.0,0.0,0.0,0.0,0.0,0.0,0.0,0.0,0.0,0.0,0.0,0.0,0.0,0.0,0.0,0.0,0.0,0.0,0.0,0.0,0.0,0.0,0.0,0.0,0.0,0.0,0
0.0,0.0,0.0,0.0,0.0,0.0,0.0,0.0,0.0,0.0,0.0,0.0,0.0,0.0,0.0,0.0,0.0,0.0,0.0,0.0,0.0,0.0,0.0,0.0,0.0,0.0,0.0,0.0,0.0,0.0,0.0,0.0,0.0,0.0,0.0,0.0,0.0,0.0,0.0,0.0,0.0,0.0,0.0,0.0,0.0,0.0,0.0,0.0,0.0,0.0,0.0,0.0,0.0,0.0,0.0,0.0,0.0,0.0,0.0,0.0,0.0,0.0,0.0,0.0,0.0,0.0,0
0.0,0.0,0.0,0.0,0.0,0.0,0.0,0.0,0.0,0.0,0.0,0.0,0.0,0.0,0.0,0.0,0.0,0.0,0.0,0.0,0.0,0.0,0.0,0.0,0.0,0.0,0.0,0.0,0.0,0.0,0.0,0.0,0.0,0.0,0.0,0.0,0.0,0.0,0.0,0.0,0.0,0.0,0.0,0.0,0.0,0.0,0.0,0.0,0.0,0.0,0.0,0.0,0.0,0.0,0.0,0.0,0.0,0.0,0.0,0.0,0.0,0.0,0.0,0.0,0.0,0.0,0
0.0,0.0,0.0,0.0,0.0,0.0,0.0,0.0,0.0,0.0,0.0,0.0,0.0,0.0,0.0,0.0,0.0,0.0,0.0,0.0,0.0,0.0,0.0,0.0,0.0,0.0,0.0,0.0,0.0,0.0,0.0,0.0,0.0,0.0,0.0,0.0,0.0,0.0,0.0,0.0,0.0,0.0,0.0,0.0,0.0,0.0,0.0,0.0,0.0,0.0,0.0,0.0,0.0,0.0,0.0,0.0,0.0,0.0,0.0,0.0,0.0,0.0,0.0,0.0,0.0,0.0,0
0.0,0.0,0.0,0.0,0.0,0.0,0.0,0.0,0.0,0.0,0.0,0.0,0.0,0.0,0.0,0.0,0.0,0.0,0.0,0.0,0.0,0.0,0.0,0.0,0.0,0.0,0.0,0.0,0.0,0.0,0.0,0.0,0.0,0.0,0.0,0.0,0.0,0.0,0.0,0.0,0.0,0.0,0.0,0.0,0.0,0.0,0.0,0.0,0.0,0.0,0.0,0.0,0.0,0.0,0.0,0.0,0.0,0.0,0.0,0.0,0.0,0.0,0.0,0.0,0.0,0.0,0
0.0,0.0,0.0,0.0,0.0,0.0,0.0,0.0,0.0,0.0,0.0,0.0,0.0,0.0,0.0,0.0,0.0,0.0,0.0,0.0,0.0,0.0,0.0,0.0,0.0,0.0,0.0,0.0,0.0,0.0,0.0,0.0,0.0,0.0,0.0,0.0,0.0,0.0,0.0,0.0,0.0,0.0,0.0,0.0,0.0,0.0,0.0,0.0,0.0,0.0,0.0,0.0,0.0,0.0,0.0,0.0,0.0,0.0,0.0,0.0,0.0,0.0,0.0,0.0,0.0,0.0,0
0.0,0.0,0.0,0.0,0.0,0.0,0.0,0.0,0.0,0.0,0.0,0.0,0.0,0.0,0.0,0.0,0.0,0.0,0.0,0.0,0.0,0.0,0.0,0.0,0.0,0.0,0.0,0.0,0.0,0.0,0.0,0.0,0.0,0.0,0.0,0.0,0.0,0.0,0.0,0.0,0.0,0.0,0.0,0.0,0.0,0.0,0.0,0.0,0.0,0.0,0.0,0.0,0.0,0.0,0.0,0.0,0.0,0.0,0.0,0.0,0.0,0.0,0.0,0.0,0.0,0.0,0
0.0,0.0,0.0,0.0,0.0,0.0,0.0,0.0,0.0,0.0,0.0,0.0,0.0,0.0,0.0,0.0,0.0,0.0,0.0,0.0,0.0,0.0,0.0,0.0,0.0,0.0,0.0,0.0,0.0,0.0,0.0,0.0,0.0,0.0,0.0,0.0,0.0,0.0,0.0,0.0,0.0,0.0,0.0,0.0,0.0,0.0,0.0,0.0,0.0,0.0,0.0,0.0,0.0,0.0,0.0,0.0,0.0,0.0,0.0,0.0,0.0,0.0,0.0,0.0,0.0,0.0,0
0.0,0.0,0.0,0.0,0.0,0.0,0.0,0.0,0.0,0.0,0.0,0.0,0.0,0.0,0.0,0.0,0.0,0.0,0.0,0.0,0.0,0.0,0.0,0.0,0.0,0.0,0.0,0.0,0.0,0.0,0.0,0.0,0.0,0.0,0.0,0.0,0.0,0.0,0.0,0.0,0.0,0.0,0.0,0.0,0.0,0.0,0.0,0.0,0.0,0.0,0.0,0.0,0.0,0.0,0.0,0.0,0.0,0.0,0.0,0.0,0.0,0.0,0.0,0.0,0.0,0.0,0
0.0,0.0,0.0,0.0,0.0,0.0,0.0,0.0,0.0,0.0,0.0,0.0,0.0,0.0,0.0,0.0,0.0,0.0,0.0,0.0,0.0,0.0,0.0,0.0,0.0,0.0,0.0,0.0,0.0,0.0,0.0,0.0,0.0,0.0,0.0,0.0,0.0,0.0,0.0,0.0,0.0,0.0,0.0,0.0,0.0,0.0,0.0,0.0,0.0,0.0,0.0,0.0,0.0,0.0,0.0,0.0,0.0,0.0,0.0,0.0,0.0,0.0,0.0,0.0,0.0,0.0,0
0.0,0.0,0.0,0.0,0.0,0.0,0.0,0.0,0.0,0.0,0.0,0.0,0.0,0.0,0.0,0.0,0.0,0.0,0.0,0.0,0.0,0.0,0.0,0.0,0.0,0.0,0.0,0.0,0.0,0.0,0.0,0.0,0.0,0.0,0.0,0.0,0.0,0.0,0.0,0.0,0.0,0.0,0.0,0.0,0.0,0.0,0.0,0.0,0.0,0.0,0.0,0.0,0.0,0.0,0.0,0.0,0.0,0.0,0.0,0.0,0.0,0.0,0.0,0.0,0.0,0.0,0
0.0,0.0,0.0,0.0,0.0,0.0,0.0,0.0,0.0,0.0,0.0,0.0,0.0,0.0,0.0,0.0,0.0,0.0,0.0,0.0,0.0,0.0,0.0,0.0,0.0,0.0,0.0,0.0,0.0,0.0,0.0,0.0,0.0,0.0,0.0,0.0,0.0,0.0,0.0,0.0,0.0,0.0,0.0,0.0,0.0,0.0,0.0,0.0,0.0,0.0,0.0,0.0,0.0,0.0,0.0,0.0,0.0,0.0,0.0,0.0,0.0,0.0,0.0,0.0,0.0,0.0,0
0.0,0.0,0.0,0.0,0.0,0.0,0.0,0.0,0.0,0.0,0.0,0.0,0.0,0.0,0.0,0.0,0.0,0.0,0.0,0.0,0.0,0.0,0.0,0.0,0.0,0.0,0.0,0.0,0.0,0.0,0.0,0.0,0.0,0.0,0.0,0.0,0.0,0.0,0.0,0.0,0.0,0.0,0.0,0.0,0.0,0.0,0.0,0.0,0.0,0.0,0.0,0.0,0.0,0.0,0.0,0.0,0.0,0.0,0.0,0.0,0.0,0.0,0.0,0.0,0.0,0.0,0
0.0,0.0,0.0,0.0,0.0,0.0,0.0,0.0,0.0,0.0,0.0,0.0,0.0,0.0,0.0,0.0,0.0,0.0,0.0,0.0,0.0,0.0,0.0,0.0,0.0,0.0,0.0,0.0,0.0,0.0,0.0,0.0,0.0,0.0,0.0,0.0,0.0,0.0,0.0,0.0,0.0,0.0,0.0,0.0,0.0,0.0,0.0,0.0,0.0,0.0,0.0,0.0,0.0,0.0,0.0,0.0,0.0,0.0,0.0,0.0,0.0,0.0,0.0,0.0,0.0,0.0,0
0.0,0.0,0.0,0.0,0.0,0.0,0.0,0.0,0.0,0.0,0.0,0.0,0.0,0.0,0.0,0.0,0.0,0.0,0.0,0.0,0.0,0.0,0.0,0.0,0.0,0.0,0.0,0.0,0.0,0.0,0.0,0.0,0.0,0.0,0.0,0.0,0.0,0.0,0.0,0.0,0.0,0.0,0.0,0.0,0.0,0.0,0.0,0.0,0.0,0.0,0.0,0.0,0.0,0.0,0.0,0.0,0.0,0.0,0.0,0.0,0.0,0.0,0.0,0.0,0.0,0.0,0
0.0,0.0,0.0,0.0,0.0,0.0,0.0,0.0,0.0,0.0,0.0,0.0,0.0,0.0,0.0,0.0,0.0,0.0,0.0,0.0,0.0,0.0,0.0,0.0,0.0,0.0,0.0,0.0,0.0,0.0,0.0,0.0,0.0,0.0,0.0,0.0,0.0,0.0,0.0,0.0,0.0,0.0,0.0,0.0,0.0,0.0,0.0,0.0,0.0,0.0,0.0,0.0,0.0,0.0,0.0,0.0,0.0,0.0,0.0,0.0,0.0,0.0,0.0,0.0,0.0,0.0,0
0.0,0.0,0.0,0.0,0.0,0.0,0.0,0.0,0.0,0.0,0.0,0.0,0.0,0.0,0.0,0.0,0.0,0.0,0.0,0.0,0.0,0.0,0.0,0.0,0.0,0.0,0.0,0.0,0.0,0.0,0.0,0.0,0.0,0.0,0.0,0.0,0.0,0.0,0.0,0.0,0.0,0.0,0.0,0.0,0.0,0.0,0.0,0.0,0.0,0.0,0.0,0.0,0.0,0.0,0.0,0.0,0.0,0.0,0.0,0.0,0.0,0.0,0.0,0.0,0.0,0.0,0
0.0,0.0,0.0,0.0,0.0,0.0,0.0,0.0,0.0,0.0,0.0,0.0,0.0,0.0,0.0,0.0,0.0,0.0,0.0,0.0,0.0,0.0,0.0,0.0,0.0,0.0,0.0,0.0,0.0,0.0,0.0,0.0,0.0,0.0,0.0,0.0,0.0,0.0,0.0,0.0,0.0,0.0,0.0,0.0,0.0,0.0,0.0,0.0,0.0,0.0,0.0,0.0,0.0,0.0,0.0,0.0,0.0,0.0,0.0,0.0,0.0,0.0,0.0,0.0,0.0,0.0,0
0.0,0.0,0.0,0.0,0.0,0.0,0.0,0.0,0.0,0.0,0.0,0.0,0.0,0.0,0.0,0.0,0.0,0.0,0.0,0.0,0.0,0.0,0.0,0.0,0.0,0.0,0.0,0.0,0.0,0.0,0.0,0.0,0.0,0.0,0.0,0.0,0.0,0.0,0.0,0.0,0.0,0.0,0.0,0.0,0.0,0.0,0.0,0.0,0.0,0.0,0.0,0.0,0.0,0.0,0.0,0.0,0.0,0.0,0.0,0.0,0.0,0.0,0.0,0.0,0.0,0.0,0
0.0,0.0,0.0,0.0,0.0,0.0,0.0,0.0,0.0,0.0,0.0,0.0,0.0,0.0,0.0,0.0,0.0,0.0,0.0,0.0,0.0,0.0,0.0,0.0,0.0,0.0,0.0,0.0,0.0,0.0,0.0,0.0,0.0,0.0,0.0,0.0,0.0,0.0,0.0,0.0,0.0,0.0,0.0,0.0,0.0,0.0,0.0,0.0,0.0,0.0,0.0,0.0,0.0,0.0,0.0,0.0,0.0,0.0,0.0,0.0,0.0,0.0,0.0,0.0,0.0,0.0,0
0.0,0.0,0.0,0.0,0.0,0.0,0.0,0.0,0.0,0.0,0.0,0.0,0.0,0.0,0.0,0.0,0.0,0.0,0.0,0.0,0.0,0.0,0.0,0.0,0.0,0.0,0.0,0.0,0.0,0.0,0.0,0.0,0.0,0.0,0.0,0.0,0.0,0.0,0.0,0.0,0.0,0.0,0.0,0.0,0.0,0.0,0.0,0.0,0.0,0.0,0.0,0.0,0.0,0.0,0.0,0.0,0.0,0.0,0.0,0.0,0.0,0.0,0.0,0.0,0.0,0.0,0
0.0,0.0,0.0,0.0,0.0,0.0,0.0,0.0,0.0,0.0,0.0,0.0,0.0,0.0,0.0,0.0,0.0,0.0,0.0,0.0,0.0,0.0,0.0,0.0,0.0,0.0,0.0,0.0,0.0,0.0,0.0,0.0,0.0,0.0,0.0,0.0,0.0,0.0,0.0,0.0,0.0,0.0,0.0,0.0,0.0,0.0,0.0,0.0,0.0,0.0,0.0,0.0,0.0,0.0,0.0,0.0,0.0,0.0,0.0,0.0,0.0,0.0,0.0,0.0,0.0,0.0,0
0.0,0.0,0.0,0.0,0.0,0.0,0.0,0.0,0.0,0.0,0.0,0.0,0.0,0.0,0.0,0.0,0.0,0.0,0.0,0.0,0.0,0.0,0.0,0.0,0.0,0.0,0.0,0.0,0.0,0.0,0.0,0.0,0.0,0.0,0.0,0.0,0.0,0.0,0.0,0.0,0.0,0.0,0.0,0.0,0.0,0.0,0.0,0.0,0.0,0.0,0.0,0.0,0.0,0.0,0.0,0.0,0.0,0.0,0.0,0.0,0.0,0.0,0.0,0.0,0.0,0.0,0
0.0,0.0,0.0,0.0,0.0,0.0,0.0,0.0,0.0,0.0,0.0,0.0,0.0,0.0,0.0,0.0,0.0,0.0,0.0,0.0,0.0,0.0,0.0,0.0,0.0,0.0,0.0,0.0,0.0,0.0,0.0,0.0,0.0,0.0,0.0,0.0,0.0,0.0,0.0,0.0,0.0,0.0,0.0,0.0,0.0,0.0,0.0,0.0,0.0,0.0,0.0,0.0,0.0,0.0,0.0,0.0,0.0,0.0,0.0,0.0,0.0,0.0,0.0,0.0,0.0,0.0,0
0.0,0.0,0.0,0.0,0.0,0.0,0.0,0.0,0.0,0.0,0.0,0.0,0.0,0.0,0.0,0.0,0.0,0.0,0.0,0.0,0.0,0.0,0.0,0.0,0.0,0.0,0.0,0.0,0.0,0.0,0.0,0.0,0.0,0.0,0.0,0.0,0.0,0.0,0.0,0.0,0.0,0.0,0.0,0.0,0.0,0.0,0.0,0.0,0.0,0.0,0.0,0.0,0.0,0.0,0.0,0.0,0.0,0.0,0.0,0.0,0.0,0.0,0.0,0.0,0.0,0.0,0
0.0,0.0,0.0,0.0,0.0,0.0,0.0,0.0,0.0,0.0,0.0,0.0,0.0,0.0,0.0,0.0,0.0,0.0,0.0,0.0,0.0,0.0,0.0,0.0,0.0,0.0,0.0,0.0,0.0,0.0,0.0,0.0,0.0,0.0,0.0,0.0,0.0,0.0,0.0,0.0,0.0,0.0,0.0,0.0,0.0,0.0,0.0,0.0,0.0,0.0,0.0,0.0,0.0,0.0,0.0,0.0,0.0,0.0,0.0,0.0,0.0,0.0,0.0,0.0,0.0,0.0,0
0.0,0.0,0.0,0.0,0.0,0.0,0.0,0.0,0.0,0.0,0.0,0.0,0.0,0.0,0.0,0.0,0.0,0.0,0.0,0.0,0.0,0.0,0.0,0.0,0.0,0.0,0.0,0.0,0.0,0.0,0.0,0.0,0.0,0.0,0.0,0.0,0.0,0.0,0.0,0.0,0.0,0.0,0.0,0.0,0.0,0.0,0.0,0.0,0.0,0.0,0.0,0.0,0.0,0.0,0.0,0.0,0.0,0.0,0.0,0.0,0.0,0.0,0.0,0.0,0.0,0.0,0
0.0,0.0,0.0,0.0,0.0,0.0,0.0,0.0,0.0,0.0,0.0,0.0,0.0,0.0,0.0,0.0,0.0,0.0,0.0,0.0,0.0,0.0,0.0,0.0,0.0,0.0,0.0,0.0,0.0,0.0,0.0,0.0,0.0,0.0,0.0,0.0,0.0,0.0,0.0,0.0,0.0,0.0,0.0,0.0,0.0,0.0,0.0,0.0,0.0,0.0,0.0,0.0,0.0,0.0,0.0,0.0,0.0,0.0,0.0,0.0,0.0,0.0,0.0,0.0,0.0,0.0,0
0.0,0.0,0.0,0.0,0.0,0.0,0.0,0.0,0.0,0.0,0.0,0.0,0.0,0.0,0.0,0.0,0.0,0.0,0.0,0.0,0.0,0.0,0.0,0.0,0.0,0.0,0.0,0.0,0.0,0.0,0.0,0.0,0.0,0.0,0.0,0.0,0.0,0.0,0.0,0.0,0.0,0.0,0.0,0.0,0.0,0.0,0.0,0.0,0.0,0.0,0.0,0.0,0.0,0.0,0.0,0.0,0.0,0.0,0.0,0.0,0.0,0.0,0.0,0.0,0.0,0.0,0
0.0,0.0,0.0,0.0,0.0,0.0,0.0,0.0,0.0,0.0,0.0,0.0,0.0,0.0,0.0,0.0,0.0,0.0,0.0,0.0,0.0,0.0,0.0,0.0,0.0,0.0,0.0,0.0,0.0,0.0,0.0,0.0,0.0,0.0,0.0,0.0,0.0,0.0,0.0,0.0,0.0,0.0,0.0,0.0,0.0,0.0,0.0,0.0,0.0,0.0,0.0,0.0,0.0,0.0,0.0,0.0,0.0,0.0,0.0,0.0,0.0,0.0,0.0,0.0,0.0,0.0,0
0.0,0.0,0.0,0.0,0.0,0.0,0.0,0.0,0.0,0.0,0.0,0.0,0.0,0.0,0.0,0.0,0.0,0.0,0.0,0.0,0.0,0.0,0.0,0.0,0.0,0.0,0.0,0.0,0.0,0.0,0.0,0.0,0.0,0.0,0.0,0.0,0.0,0.0,0.0,0.0,0.0,0.0,0.0,0.0,0.0,0.0,0.0,0.0,0.0,0.0,0.0,0.0,0.0,0.0,0.0,0.0,0.0,0.0,0.0,0.0,0.0,0.0,0.0,0.0,0.0,0.0,0
0.0,0.0,0.0,0.0,0.0,0.0,0.0,0.0,0.0,0.0,0.0,0.0,0.0,0.0,0.0,0.0,0.0,0.0,0.0,0.0,0.0,0.0,0.0,0.0,0.0,0.0,0.0,0.0,0.0,0.0,0.0,0.0,0.0,0.0,0.0,0.0,0.0,0.0,0.0,0.0,0.0,0.0,0.0,0.0,0.0,0.0,0.0,0.0,0.0,0.0,0.0,0.0,0.0,0.0,0.0,0.0,0.0,0.0,0.0,0.0,0.0,0.0,0.0,0.0,0.0,0.0,0
0.0,0.0,0.0,0.0,0.0,0.0,0.0,0.0,0.0,0.0,0.0,0.0,0.0,0.0,0.0,0.0,0.0,0.0,0.0,0.0,0.0,0.0,0.0,0.0,0.0,0.0,0.0,0.0,0.0,0.0,0.0,0.0,0.0,0.0,0.0,0.0,0.0,0.0,0.0,0.0,0.0,0.0,0.0,0.0,0.0,0.0,0.0,0.0,0.0,0.0,0.0,0.0,0.0,0.0,0.0,0.0,0.0,0.0,0.0,0.0,0.0,0.0,0.0,0.0,0.0,0.0,0
0.0,0.0,0.0,0.0,0.0,0.0,0.0,0.0,0.0,0.0,0.0,0.0,0.0,0.0,0.0,0.0,0.0,0.0,0.0,0.0,0.0,0.0,0.0,0.0,0.0,0.0,0.0,0.0,0.0,0.0,0.0,0.0,0.0,0.0,0.0,0.0,0.0,0.0,0.0,0.0,0.0,0.0,0.0,0.0,0.0,0.0,0.0,0.0,0.0,0.0,0.0,0.0,0.0,0.0,0.0,0.0,0.0,0.0,0.0,0.0,0.0,0.0,0.0,0.0,0.0,0.0,0
0.0,0.0,0.0,0.0,0.0,0.0,0.0,0.0,0.0,0.0,0.0,0.0,0.0,0.0,0.0,0.0,0.0,0.0,0.0,0.0,0.0,0.0,0.0,0.0,0.0,0.0,0.0,0.0,0.0,0.0,0.0,0.0,0.0,0.0,0.0,0.0,0.0,0.0,0.0,0.0,0.0,0.0,0.0,0.0,0.0,0.0,0.0,0.0,0.0,0.0,0.0,0.0,0.0,0.0,0.0,0.0,0.0,0.0,0.0,0.0,0.0,0.0,0.0,0.0,0.0,0.0,0
0.0,0.0,0.0,0.0,0.0,0.0,0.0,0.0,0.0,0.0,0.0,0.0,0.0,0.0,0.0,0.0,0.0,0.0,0.0,0.0,0.0,0.0,0.0,0.0,0.0,0.0,0.0,0.0,0.0,0.0,0.0,0.0,0.0,0.0,0.0,0.0,0.0,0.0,0.0,0.0,0.0,0.0,0.0,0.0,0.0,0.0,0.0,0.0,0.0,0.0,0.0,0.0,0.0,0.0,0.0,0.0,0.0,0.0,0.0,0.0,0.0,0.0,0.0,0.0,0.0,0.0,0
0.0,0.0,0.0,0.0,0.0,0.0,0.0,0.0,0.0,0.0,0.0,0.0,0.0,0.0,0.0,0.0,0.0,0.0,0.0,0.0,0.0,0.0,0.0,0.0,0.0,0.0,0.0,0.0,0.0,0.0,0.0,0.0,0.0,0.0,0.0,0.0,0.0,0.0,0.0,0.0,0.0,0.0,0.0,0.0,0.0,0.0,0.0,0.0,0.0,0.0,0.0,0.0,0.0,0.0,0.0,0.0,0.0,0.0,0.0,0.0,0.0,0.0,0.0,0.0,0.0,0.0,0
0.0,0.0,0.0,0.0,0.0,0.0,0.0,0.0,0.0,0.0,0.0,0.0,0.0,0.0,0.0,0.0,0.0,0.0,0.0,0.0,0.0,0.0,0.0,0.0,0.0,0.0,0.0,0.0,0.0,0.0,0.0,0.0,0.0,0.0,0.0,0.0,0.0,0.0,0.0,0.0,0.0,0.0,0.0,0.0,0.0,0.0,0.0,0.0,0.0,0.0,0.0,0.0,0.0,0.0,0.0,0.0,0.0,0.0,0.0,0.0,0.0,0.0,0.0,0.0,0.0,0.0,0
0.0,0.0,0.0,0.0,0.0,0.0,0.0,0.0,0.0,0.0,0.0,0.0,0.0,0.0,0.0,0.0,0.0,0.0,0.0,0.0,0.0,0.0,0.0,0.0,0.0,0.0,0.0,0.0,0.0,0.0,0.0,0.0,0.0,0.0,0.0,0.0,0.0,0.0,0.0,0.0,0.0,0.0,0.0,0.0,0.0,0.0,0.0,0.0,0.0,0.0,0.0,0.0,0.0,0.0,0.0,0.0,0.0,0.0,0.0,0.0,0.0,0.0,0.0,0.0,0.0,0.0,0
0.0,0.0,0.0,0.0,0.0,0.0,0.0,0.0,0.0,0.0,0.0,0.0,0.0,0.0,0.0,0.0,0.0,0.0,0.0,0.0,0.0,0.0,0.0,0.0,0.0,0.0,0.0,0.0,0.0,0.0,0.0,0.0,0.0,0.0,0.0,0.0,0.0,0.0,0.0,0.0,0.0,0.0,0.0,0.0,0.0,0.0,0.0,0.0,0.0,0.0,0.0,0.0,0.0,0.0,0.0,0.0,0.0,0.0,0.0,0.0,0.0,0.0,0.0,0.0,0.0,0.0,0
0.0,0.0,0.0,0.0,0.0,0.0,0.0,0.0,0.0,0.0,0.0,0.0,0.0,0.0,0.0,0.0,0.0,0.0,0.0,0.0,0.0,0.0,0.0,0.0,0.0,0.0,0.0,0.0,0.0,0.0,0.0,0.0,0.0,0.0,0.0,0.0,0.0,0.0,0.0,0.0,0.0,0.0,0.0,0.0,0.0,0.0,0.0,0.0,0.0,0.0,0.0,0.0,0.0,0.0,0.0,0.0,0.0,0.0,0.0,0.0,0.0,0.0,0.0,0.0,0.0,0.0,0
0.0,0.0,0.0,0.0,0.0,0.0,0.0,0.0,0.0,0.0,0.0,0.0,0.0,0.0,0.0,0.0,0.0,0.0,0.0,0.0,0.0,0.0,0.0,0.0,0.0,0.0,0.0,0.0,0.0,0.0,0.0,0.0,0.0,0.0,0.0,0.0,0.0,0.0,0.0,0.0,0.0,0.0,0.0,0.0,0.0,0.0,0.0,0.0,0.0,0.0,0.0,0.0,0.0,0.0,0.0,0.0,0.0,0.0,0.0,0.0,0.0,0.0,0.0,0.0,0.0,0.0,0
0.0,0.0,0.0,0.0,0.0,0.0,0.0,0.0,0.0,0.0,0.0,0.0,0.0,0.0,0.0,0.0,0.0,0.0,0.0,0.0,0.0,0.0,0.0,0.0,0.0,0.0,0.0,0.0,0.0,0.0,0.0,0.0,0.0,0.0,0.0,0.0,0.0,0.0,0.0,0.0,0.0,0.0,0.0,0.0,0.0,0.0,0.0,0.0,0.0,0.0,0.0,0.0,0.0,0.0,0.0,0.0,0.0,0.0,0.0,0.0,0.0,0.0,0.0,0.0,0.0,0.0,0
0.0,0.0,0.0,0.0,0.0,0.0,0.0,0.0,0.0,0.0,0.0,0.0,0.0,0.0,0.0,0.0,0.0,0.0,0.0,0.0,0.0,0.0,0.0,0.0,0.0,0.0,0.0,0.0,0.0,0.0,0.0,0.0,0.0,0.0,0.0,0.0,0.0,0.0,0.0,0.0,0.0,0.0,0.0,0.0,0.0,0.0,0.0,0.0,0.0,0.0,0.0,0.0,0.0,0.0,0.0,0.0,0.0,0.0,0.0,0.0,0.0,0.0,0.0,0.0,0.0,0.0,0
0.0,0.0,0.0,0.0,0.0,0.0,0.0,0.0,0.0,0.0,0.0,0.0,0.0,0.0,0.0,0.0,0.0,0.0,0.0,0.0,0.0,0.0,0.0,0.0,0.0,0.0,0.0,0.0,0.0,0.0,0.0,0.0,0.0,0.0,0.0,0.0,0.0,0.0,0.0,0.0,0.0,0.0,0.0,0.0,0.0,0.0,0.0,0.0,0.0,0.0,0.0,0.0,0.0,0.0,0.0,0.0,0.0,0.0,0.0,0.0,0.0,0.0,0.0,0.0,0.0,0.0,0
0.0,0.0,0.0,0.0,0.0,0.0,0.0,0.0,0.0,0.0,0.0,0.0,0.0,0.0,0.0,0.0,0.0,0.0,0.0,0.0,0.0,0.0,0.0,0.0,0.0,0.0,0.0,0.0,0.0,0.0,0.0,0.0,0.0,0.0,0.0,0.0,0.0,0.0,0.0,0.0,0.0,0.0,0.0,0.0,0.0,0.0,0.0,0.0,0.0,0.0,0.0,0.0,0.0,0.0,0.0,0.0,0.0,0.0,0.0,0.0,0.0,0.0,0.0,0.0,0.0,0.0,0
0.0,0.0,0.0,0.0,0.0,0.0,0.0,0.0,0.0,0.0,0.0,0.0,0.0,0.0,0.0,0.0,0.0,0.0,0.0,0.0,0.0,0.0,0.0,0.0,0.0,0.0,0.0,0.0,0.0,0.0,0.0,0.0,0.0,0.0,0.0,0.0,0.0,0.0,0.0,0.0,0.0,0.0,0.0,0.0,0.0,0.0,0.0,0.0,0.0,0.0,0.0,0.0,0.0,0.0,0.0,0.0,0.0,0.0,0.0,0.0,0.0,0.0,0.0,0.0,0.0,0.0,0
0.0,0.0,0.0,0.0,0.0,0.0,0.0,0.0,0.0,0.0,0.0,0.0,0.0,0.0,0.0,0.0,0.0,0.0,0.0,0.0,0.0,0.0,0.0,0.0,0.0,0.0,0.0,0.0,0.0,0.0,0.0,0.0,0.0,0.0,0.0,0.0,0.0,0.0,0.0,0.0,0.0,0.0,0.0,0.0,0.0,0.0,0.0,0.0,0.0,0.0,0.0,0.0,0.0,0.0,0.0,0.0,0.0,0.0,0.0,0.0,0.0,0.0,0.0,0.0,0.0,0.0,0
0.0,0.0,0.0,0.0,0.0,0.0,0.0,0.0,0.0,0.0,0.0,0.0,0.0,0.0,0.0,0.0,0.0,0.0,0.0,0.0,0.0,0.0,0.0,0.0,0.0,0.0,0.0,0.0,0.0,0.0,0.0,0.0,0.0,0.0,0.0,0.0,0.0,0.0,0.0,0.0,0.0,0.0,0.0,0.0,0.0,0.0,0.0,0.0,0.0,0.0,0.0,0.0,0.0,0.0,0.0,0.0,0.0,0.0,0.0,0.0,0.0,0.0,0.0,0.0,0.0,0.0,0
0.0,0.0,0.0,0.0,0.0,0.0,0.0,0.0,0.0,0.0,0.0,0.0,0.0,0.0,0.0,0.0,0.0,0.0,0.0,0.0,0.0,0.0,0.0,0.0,0.0,0.0,0.0,0.0,0.0,0.0,0.0,0.0,0.0,0.0,0.0,0.0,0.0,0.0,0.0,0.0,0.0,0.0,0.0,0.0,0.0,0.0,0.0,0.0,0.0,0.0,0.0,0.0,0.0,0.0,0.0,0.0,0.0,0.0,0.0,0.0,0.0,0.0,0.0,0.0,0.0,0.0,0
0.0,0.0,0.0,0.0,0.0,0.0,0.0,0.0,0.0,0.0,0.0,0.0,0.0,0.0,0.0,0.0,0.0,0.0,0.0,0.0,0.0,0.0,0.0,0.0,0.0,0.0,0.0,0.0,0.0,0.0,0.0,0.0,0.0,0.0,0.0,0.0,0.0,0.0,0.0,0.0,0.0,0.0,0.0,0.0,0.0,0.0,0.0,0.0,0.0,0.0,0.0,0.0,0.0,0.0,0.0,0.0,0.0,0.0,0.0,0.0,0.0,0.0,0.0,0.0,0.0,0.0,0
0.0,0.0,0.0,0.0,0.0,0.0,0.0,0.0,0.0,0.0,0.0,0.0,0.0,0.0,0.0,0.0,0.0,0.0,0.0,0.0,0.0,0.0,0.0,0.0,0.0,0.0,0.0,0.0,0.0,0.0,0.0,0.0,0.0,0.0,0.0,0.0,0.0,0.0,0.0,0.0,0.0,0.0,0.0,0.0,0.0,0.0,0.0,0.0,0.0,0.0,0.0,0.0,0.0,0.0,0.0,0.0,0.0,0.0,0.0,0.0,0.0,0.0,0.0,0.0,0.0,0.0,0
0.0,0.0,0.0,0.0,0.0,0.0,0.0,0.0,0.0,0.0,0.0,0.0,0.0,0.0,0.0,0.0,0.0,0.0,0.0,0.0,0.0,0.0,0.0,0.0,0.0,0.0,0.0,0.0,0.0,0.0,0.0,0.0,0.0,0.0,0.0,0.0,0.0,0.0,0.0,0.0,0.0,0.0,0.0,0.0,0.0,0.0,0.0,0.0,0.0,0.0,0.0,0.0,0.0,0.0,0.0,0.0,0.0,0.0,0.0,0.0,0.0,0.0,0.0,0.0,0.0,0.0,0
0.6345800757408142,0.2862468957901001,0.6378579139709473,0.2779257595539093,0.6393157243728638,0.2786853313446045,0.6408283710479736,0.27869945764541626,0.6335041522979736,0.2761576771736145,0.6325711607933044,0.2761521637439728,0.6313329935073853,0.27530229091644287,0.6420825123786926,0.28447431325912476,0.6313419938087463,0.28263944387435913,0.6374516487121582,0.3001607060432434,0.632811427116394,0.2975706160068512,0.647969126701355,0.3314988613128662,0.6306440830230713,0.3468776345252991,0.6499041318893433,0.39351019263267517,0.63005530834198,0.41370415687561035,0.6393287777900696,0.4234921634197235,0.6270960569381714,0.45425304770469666,0.6377587914466858,0.43431681394577026,0.6259883642196655,0.4663606286048889,0.6363173723220825,0.42844173312187195,0.6260168552398682,0.4639633595943451,0.6370216608047485,0.42500561475753784,0.6269065737724304,0.4592674672603607,0.6673587560653687,0.434806764125824,0.6582219004631042,0.44520625472068787,0.6626062393188477,0.5355021953582764,0.6591085195541382,0.5429596900939941,0.6719976663589478,0.6259720921516418,0.6685939431190491,0.6351768970489502,0.6750364303588867,0.6367262601852417,0.6726217269897461,0.6475690603256226,0.6658935546875,0.6636467576026917,0.6611384749412537,0.6683486700057983,0
0.0,0.0,0.0,0.0,0.0,0.0,0.0,0.0,0.0,0.0,0.0,0.0,0.0,0.0,0.0,0.0,0.0,0.0,0.0,0.0,0.0,0.0,0.0,0.0,0.0,0.0,0.0,0.0,0.0,0.0,0.0,0.0,0.0,0.0,0.0,0.0,0.0,0.0,0.0,0.0,0.0,0.0,0.0,0.0,0.0,0.0,0.0,0.0,0.0,0.0,0.0,0.0,0.0,0.0,0.0,0.0,0.0,0.0,0.0,0.0,0.0,0.0,0.0,0.0,0.0,0.0,0
0.0,0.0,0.0,0.0,0.0,0.0,0.0,0.0,0.0,0.0,0.0,0.0,0.0,0.0,0.0,0.0,0.0,0.0,0.0,0.0,0.0,0.0,0.0,0.0,0.0,0.0,0.0,0.0,0.0,0.0,0.0,0.0,0.0,0.0,0.0,0.0,0.0,0.0,0.0,0.0,0.0,0.0,0.0,0.0,0.0,0.0,0.0,0.0,0.0,0.0,0.0,0.0,0.0,0.0,0.0,0.0,0.0,0.0,0.0,0.0,0.0,0.0,0.0,0.0,0.0,0.0,0
0.0,0.0,0.0,0.0,0.0,0.0,0.0,0.0,0.0,0.0,0.0,0.0,0.0,0.0,0.0,0.0,0.0,0.0,0.0,0.0,0.0,0.0,0.0,0.0,0.0,0.0,0.0,0.0,0.0,0.0,0.0,0.0,0.0,0.0,0.0,0.0,0.0,0.0,0.0,0.0,0.0,0.0,0.0,0.0,0.0,0.0,0.0,0.0,0.0,0.0,0.0,0.0,0.0,0.0,0.0,0.0,0.0,0.0,0.0,0.0,0.0,0.0,0.0,0.0,0.0,0.0,0
0.0,0.0,0.0,0.0,0.0,0.0,0.0,0.0,0.0,0.0,0.0,0.0,0.0,0.0,0.0,0.0,0.0,0.0,0.0,0.0,0.0,0.0,0.0,0.0,0.0,0.0,0.0,0.0,0.0,0.0,0.0,0.0,0.0,0.0,0.0,0.0,0.0,0.0,0.0,0.0,0.0,0.0,0.0,0.0,0.0,0.0,0.0,0.0,0.0,0.0,0.0,0.0,0.0,0.0,0.0,0.0,0.0,0.0,0.0,0.0,0.0,0.0,0.0,0.0,0.0,0.0,0
0.0,0.0,0.0,0.0,0.0,0.0,0.0,0.0,0.0,0.0,0.0,0.0,0.0,0.0,0.0,0.0,0.0,0.0,0.0,0.0,0.0,0.0,0.0,0.0,0.0,0.0,0.0,0.0,0.0,0.0,0.0,0.0,0.0,0.0,0.0,0.0,0.0,0.0,0.0,0.0,0.0,0.0,0.0,0.0,0.0,0.0,0.0,0.0,0.0,0.0,0.0,0.0,0.0,0.0,0.0,0.0,0.0,0.0,0.0,0.0,0.0,0.0,0.0,0.0,0.0,0.0,0
0.0,0.0,0.0,0.0,0.0,0.0,0.0,0.0,0.0,0.0,0.0,0.0,0.0,0.0,0.0,0.0,0.0,0.0,0.0,0.0,0.0,0.0,0.0,0.0,0.0,0.0,0.0,0.0,0.0,0.0,0.0,0.0,0.0,0.0,0.0,0.0,0.0,0.0,0.0,0.0,0.0,0.0,0.0,0.0,0.0,0.0,0.0,0.0,0.0,0.0,0.0,0.0,0.0,0.0,0.0,0.0,0.0,0.0,0.0,0.0,0.0,0.0,0.0,0.0,0.0,0.0,0
0.0,0.0,0.0,0.0,0.0,0.0,0.0,0.0,0.0,0.0,0.0,0.0,0.0,0.0,0.0,0.0,0.0,0.0,0.0,0.0,0.0,0.0,0.0,0.0,0.0,0.0,0.0,0.0,0.0,0.0,0.0,0.0,0.0,0.0,0.0,0.0,0.0,0.0,0.0,0.0,0.0,0.0,0.0,0.0,0.0,0.0,0.0,0.0,0.0,0.0,0.0,0.0,0.0,0.0,0.0,0.0,0.0,0.0,0.0,0.0,0.0,0.0,0.0,0.0,0.0,0.0,0
0.6347367763519287,0.27941855788230896,0.6368145942687988,0.26708173751831055,0.6385765075683594,0.26687031984329224,0.6400474905967712,0.2665611505508423,0.6311162710189819,0.26760637760162354,0.6293502449989319,0.2679186165332794,0.6278306245803833,0.26842325925827026,0.6411078572273254,0.2699064016342163,0.6257338523864746,0.2738180160522461,0.6379563808441162,0.29186898469924927,0.631361722946167,0.2925233244895935,0.6557509899139404,0.3459426760673523,0.6131226420402527,0.33939245343208313,0.6658663153648376,0.4260043799877167,0.6027159690856934,0.4294474124908447,0.6674553155899048,0.48212307691574097,0.6017351150512695,0.48900848627090454,0.6684372425079346,0.5008014440536499,0.5993634462356567,0.5129397511482239,0.6667483448982239,0.500150740146637,0.6017596125602722,0.5080561637878418,0.6639922261238098,0.48795294761657715,0.6047295331954956,0.5025116205215454,0.643535315990448,0.5168659687042236,0.6207373738288879,0.5125332474708557,0.6432175040245056,0.6429005861282349,0.6182048916816711,0.6452711820602417,0.6374789476394653,0.7380880117416382,0.6137488484382629,0.7546448707580566,0.6350795030593872,0.7506742477416992,0.6136864423751831,0.7682244777679443,0.6382247805595398,0.7778545618057251,0.6134179830551147,0.7987620234489441,0
0.0,0.0,0.0,0.0,0.0,0.0,0.0,0.0,0.0,0.0,0.0,0.0,0.0,0.0,0.0,0.0,0.0,0.0,0.0,0.0,0.0,0.0,0.0,0.0,0.0,0.0,0.0,0.0,0.0,0.0,0.0,0.0,0.0,0.0,0.0,0.0,0.0,0.0,0.0,0.0,0.0,0.0,0.0,0.0,0.0,0.0,0.0,0.0,0.0,0.0,0.0,0.0,0.0,0.0,0.0,0.0,0.0,0.0,0.0,0.0,0.0,0.0,0.0,0.0,0.0,0.0,0
0.0,0.0,0.0,0.0,0.0,0.0,0.0,0.0,0.0,0.0,0.0,0.0,0.0,0.0,0.0,0.0,0.0,0.0,0.0,0.0,0.0,0.0,0.0,0.0,0.0,0.0,0.0,0.0,0.0,0.0,0.0,0.0,0.0,0.0,0.0,0.0,0.0,0.0,0.0,0.0,0.0,0.0,0.0,0.0,0.0,0.0,0.0,0.0,0.0,0.0,0.0,0.0,0.0,0.0,0.0,0.0,0.0,0.0,0.0,0.0,0.0,0.0,0.0,0.0,0.0,0.0,0
0.0,0.0,0.0,0.0,0.0,0.0,0.0,0.0,0.0,0.0,0.0,0.0,0.0,0.0,0.0,0.0,0.0,0.0,0.0,0.0,0.0,0.0,0.0,0.0,0.0,0.0,0.0,0.0,0.0,0.0,0.0,0.0,0.0,0.0,0.0,0.0,0.0,0.0,0.0,0.0,0.0,0.0,0.0,0.0,0.0,0.0,0.0,0.0,0.0,0.0,0.0,0.0,0.0,0.0,0.0,0.0,0.0,0.0,0.0,0.0,0.0,0.0,0.0,0.0,0.0,0.0,0
0.0,0.0,0.0,0.0,0.0,0.0,0.0,0.0,0.0,0.0,0.0,0.0,0.0,0.0,0.0,0.0,0.0,0.0,0.0,0.0,0.0,0.0,0.0,0.0,0.0,0.0,0.0,0.0,0.0,0.0,0.0,0.0,0.0,0.0,0.0,0.0,0.0,0.0,0.0,0.0,0.0,0.0,0.0,0.0,0.0,0.0,0.0,0.0,0.0,0.0,0.0,0.0,0.0,0.0,0.0,0.0,0.0,0.0,0.0,0.0,0.0,0.0,0.0,0.0,0.0,0.0,0
0.0,0.0,0.0,0.0,0.0,0.0,0.0,0.0,0.0,0.0,0.0,0.0,0.0,0.0,0.0,0.0,0.0,0.0,0.0,0.0,0.0,0.0,0.0,0.0,0.0,0.0,0.0,0.0,0.0,0.0,0.0,0.0,0.0,0.0,0.0,0.0,0.0,0.0,0.0,0.0,0.0,0.0,0.0,0.0,0.0,0.0,0.0,0.0,0.0,0.0,0.0,0.0,0.0,0.0,0.0,0.0,0.0,0.0,0.0,0.0,0.0,0.0,0.0,0.0,0.0,0.0,0
0.0,0.0,0.0,0.0,0.0,0.0,0.0,0.0,0.0,0.0,0.0,0.0,0.0,0.0,0.0,0.0,0.0,0.0,0.0,0.0,0.0,0.0,0.0,0.0,0.0,0.0,0.0,0.0,0.0,0.0,0.0,0.0,0.0,0.0,0.0,0.0,0.0,0.0,0.0,0.0,0.0,0.0,0.0,0.0,0.0,0.0,0.0,0.0,0.0,0.0,0.0,0.0,0.0,0.0,0.0,0.0,0.0,0.0,0.0,0.0,0.0,0.0,0.0,0.0,0.0,0.0,0
0.0,0.0,0.0,0.0,0.0,0.0,0.0,0.0,0.0,0.0,0.0,0.0,0.0,0.0,0.0,0.0,0.0,0.0,0.0,0.0,0.0,0.0,0.0,0.0,0.0,0.0,0.0,0.0,0.0,0.0,0.0,0.0,0.0,0.0,0.0,0.0,0.0,0.0,0.0,0.0,0.0,0.0,0.0,0.0,0.0,0.0,0.0,0.0,0.0,0.0,0.0,0.0,0.0,0.0,0.0,0.0,0.0,0.0,0.0,0.0,0.0,0.0,0.0,0.0,0.0,0.0,0
0.11860480904579163,0.2024100422859192,0.11597555875778198,0.19009709358215332,0.11466214060783386,0.1897536814212799,0.111090749502182,0.18978139758110046,0.12061695009469986,0.18978863954544067,0.12173312902450562,0.18932271003723145,0.12287164479494095,0.18880882859230042,0.1096121072769165,0.1948058009147644,0.12500806152820587,0.19371339678764343,0.11409281194210052,0.2120022177696228,0.12011919170618057,0.21282002329826355,0.08921144902706146,0.2535986304283142,0.1485033482313156,0.2707454264163971,0.07967068254947662,0.38823044300079346,0.15760207176208496,0.4115949869155884,0.07955220341682434,0.4277891516685486,0.1502489447593689,0.48832836747169495,0.09176384657621384,0.43777668476104736,0.15097734332084656,0.5115665197372437,0.0962820053100586,0.43190404772758484,0.14771467447280884,0.5057088732719421,0.09728513658046722,0.4292210340499878,0.1463034600019455,0.49897992610931396,0.11185939610004425,0.5152319669723511,0.14716945588588715,0.5119907259941101,0.1049460619688034,0.650516152381897,0.1357509046792984,0.641247034072876,0.10548073053359985,0.7776763439178467,0.12587395310401917,0.7889204025268555,0.10571090877056122,0.8023818731307983,0.11999966949224472,0.8237059116363525,0.10324914753437042,0.792306125164032,0.1235170066356659,0.8175384998321533,0
0.0,0.0,0.0,0.0,0.0,0.0,0.0,0.0,0.0,0.0,0.0,0.0,0.0,0.0,0.0,0.0,0.0,0.0,0.0,0.0,0.0,0.0,0.0,0.0,0.0,0.0,0.0,0.0,0.0,0.0,0.0,0.0,0.0,0.0,0.0,0.0,0.0,0.0,0.0,0.0,0.0,0.0,0.0,0.0,0.0,0.0,0.0,0.0,0.0,0.0,0.0,0.0,0.0,0.0,0.0,0.0,0.0,0.0,0.0,0.0,0.0,0.0,0.0,0.0,0.0,0.0,0
0.0,0.0,0.0,0.0,0.0,0.0,0.0,0.0,0.0,0.0,0.0,0.0,0.0,0.0,0.0,0.0,0.0,0.0,0.0,0.0,0.0,0.0,0.0,0.0,0.0,0.0,0.0,0.0,0.0,0.0,0.0,0.0,0.0,0.0,0.0,0.0,0.0,0.0,0.0,0.0,0.0,0.0,0.0,0.0,0.0,0.0,0.0,0.0,0.0,0.0,0.0,0.0,0.0,0.0,0.0,0.0,0.0,0.0,0.0,0.0,0.0,0.0,0.0,0.0,0.0,0.0,0
0.0,0.0,0.0,0.0,0.0,0.0,0.0,0.0,0.0,0.0,0.0,0.0,0.0,0.0,0.0,0.0,0.0,0.0,0.0,0.0,0.0,0.0,0.0,0.0,0.0,0.0,0.0,0.0,0.0,0.0,0.0,0.0,0.0,0.0,0.0,0.0,0.0,0.0,0.0,0.0,0.0,0.0,0.0,0.0,0.0,0.0,0.0,0.0,0.0,0.0,0.0,0.0,0.0,0.0,0.0,0.0,0.0,0.0,0.0,0.0,0.0,0.0,0.0,0.0,0.0,0.0,0
0.0,0.0,0.0,0.0,0.0,0.0,0.0,0.0,0.0,0.0,0.0,0.0,0.0,0.0,0.0,0.0,0.0,0.0,0.0,0.0,0.0,0.0,0.0,0.0,0.0,0.0,0.0,0.0,0.0,0.0,0.0,0.0,0.0,0.0,0.0,0.0,0.0,0.0,0.0,0.0,0.0,0.0,0.0,0.0,0.0,0.0,0.0,0.0,0.0,0.0,0.0,0.0,0.0,0.0,0.0,0.0,0.0,0.0,0.0,0.0,0.0,0.0,0.0,0.0,0.0,0.0,0
0.0,0.0,0.0,0.0,0.0,0.0,0.0,0.0,0.0,0.0,0.0,0.0,0.0,0.0,0.0,0.0,0.0,0.0,0.0,0.0,0.0,0.0,0.0,0.0,0.0,0.0,0.0,0.0,0.0,0.0,0.0,0.0,0.0,0.0,0.0,0.0,0.0,0.0,0.0,0.0,0.0,0.0,0.0,0.0,0.0,0.0,0.0,0.0,0.0,0.0,0.0,0.0,0.0,0.0,0.0,0.0,0.0,0.0,0.0,0.0,0.0,0.0,0.0,0.0,0.0,0.0,0
0.0,0.0,0.0,0.0,0.0,0.0,0.0,0.0,0.0,0.0,0.0,0.0,0.0,0.0,0.0,0.0,0.0,0.0,0.0,0.0,0.0,0.0,0.0,0.0,0.0,0.0,0.0,0.0,0.0,0.0,0.0,0.0,0.0,0.0,0.0,0.0,0.0,0.0,0.0,0.0,0.0,0.0,0.0,0.0,0.0,0.0,0.0,0.0,0.0,0.0,0.0,0.0,0.0,0.0,0.0,0.0,0.0,0.0,0.0,0.0,0.0,0.0,0.0,0.0,0.0,0.0,0
0.0,0.0,0.0,0.0,0.0,0.0,0.0,0.0,0.0,0.0,0.0,0.0,0.0,0.0,0.0,0.0,0.0,0.0,0.0,0.0,0.0,0.0,0.0,0.0,0.0,0.0,0.0,0.0,0.0,0.0,0.0,0.0,0.0,0.0,0.0,0.0,0.0,0.0,0.0,0.0,0.0,0.0,0.0,0.0,0.0,0.0,0.0,0.0,0.0,0.0,0.0,0.0,0.0,0.0,0.0,0.0,0.0,0.0,0.0,0.0,0.0,0.0,0.0,0.0,0.0,0.0,0
0.13355955481529236,0.1860601007938385,0.13137774169445038,0.17480215430259705,0.13041773438453674,0.1742163598537445,0.12949210405349731,0.17346957325935364,0.1348494291305542,0.17476317286491394,0.1356588453054428,0.17440766096115112,0.1365748643875122,0.17381325364112854,0.124362051486969,0.1787165105342865,0.13579803705215454,0.18019643425941467,0.1284714937210083,0.19502189755439758,0.13347013294696808,0.1949550211429596,0.09837736189365387,0.23023119568824768,0.14861047267913818,0.23792076110839844,0.07238920778036118,0.3485862612724304,0.15637540817260742,0.37626779079437256,0.081425242125988,0.4468499422073364,0.14646506309509277,0.44170236587524414,0.0924001932144165,0.4671742618083954,0.14594833552837372,0.4607292413711548,0.09525129199028015,0.4662020206451416,0.14230287075042725,0.45666542649269104,0.09013369679450989,0.4514033794403076,0.14058715105056763,0.451290488243103,0.11388418823480606,0.4699808359146118,0.1502830982208252,0.4732205271720886,0.11326433718204498,0.6246508955955505,0.15504701435565948,0.6276066899299622,0.11569619178771973,0.8073500394821167,0.15045763552188873,0.8154656887054443,0.11692311614751816,0.8392765522003174,0.1469012349843979,0.8487384915351868,0.1150151789188385,0.8387240171432495,0.1577432006597519,0.8506209254264832,0
0.0,0.0,0.0,0.0,0.0,0.0,0.0,0.0,0.0,0.0,0.0,0.0,0.0,0.0,0.0,0.0,0.0,0.0,0.0,0.0,0.0,0.0,0.0,0.0,0.0,0.0,0.0,0.0,0.0,0.0,0.0,0.0,0.0,0.0,0.0,0.0,0.0,0.0,0.0,0.0,0.0,0.0,0.0,0.0,0.0,0.0,0.0,0.0,0.0,0.0,0.0,0.0,0.0,0.0,0.0,0.0,0.0,0.0,0.0,0.0,0.0,0.0,0.0,0.0,0.0,0.0,0
0.0,0.0,0.0,0.0,0.0,0.0,0.0,0.0,0.0,0.0,0.0,0.0,0.0,0.0,0.0,0.0,0.0,0.0,0.0,0.0,0.0,0.0,0.0,0.0,0.0,0.0,0.0,0.0,0.0,0.0,0.0,0.0,0.0,0.0,0.0,0.0,0.0,0.0,0.0,0.0,0.0,0.0,0.0,0.0,0.0,0.0,0.0,0.0,0.0,0.0,0.0,0.0,0.0,0.0,0.0,0.0,0.0,0.0,0.0,0.0,0.0,0.0,0.0,0.0,0.0,0.0,0
0.13916681706905365,0.17655396461486816,0.14094941318035126,0.16666561365127563,0.14156799018383026,0.1668296456336975,0.14226557314395905,0.16723763942718506,0.13963682949543,0.16552013158798218,0.138897106051445,0.16484370827674866,0.13866673409938812,0.16437485814094543,0.14182014763355255,0.17422747611999512,0.1380382925271988,0.17038753628730774,0.13900746405124664,0.19270017743110657,0.1363191157579422,0.19066497683525085,0.14401952922344208,0.2525063157081604,0.11694560199975967,0.23822227120399475,0.1326712667942047,0.33432736992836,0.08914536982774734,0.30047205090522766,0.13044454157352448,0.4088801145553589,0.09293045848608017,0.37600940465927124,0.13200965523719788,0.4307088851928711,0.09102335572242737,0.39741086959838867,0.13144807517528534,0.434989333152771,0.09700223803520203,0.398578017950058,0.12972624599933624,0.4286404252052307,0.09784102439880371,0.3925977945327759,0.1382642686367035,0.4361908733844757,0.1196080893278122,0.4398643374443054,0.13041095435619354,0.5961645245552063,0.13410106301307678,0.6108088493347168,0.12963947653770447,0.7868220210075378,0.1410074234008789,0.8114476203918457,0.12566246092319489,0.8131267428398132,0.13972042500972748,0.8432440757751465,0.13899794220924377,0.8430026769638062,0.1507938802242279,0.8456921577453613,0
0.0,0.0,0.0,0.0,0.0,0.0,0.0,0.0,0.0,0.0,0.0,0.0,0.0,0.0,0.0,0.0,0.0,0.0,0.0,0.0,0.0,0.0,0.0,0.0,0.0,0.0,0.0,0.0,0.0,0.0,0.0,0.0,0.0,0.0,0.0,0.0,0.0,0.0,0.0,0.0,0.0,0.0,0.0,0.0,0.0,0.0,0.0,0.0,0.0,0.0,0.0,0.0,0.0,0.0,0.0,0.0,0.0,0.0,0.0,0.0,0.0,0.0,0.0,0.0,0.0,0.0,0
0.1453792303800583,0.18432998657226562,0.14622139930725098,0.16949376463890076,0.14677566289901733,0.16932561993598938,0.14730454981327057,0.1693817377090454,0.1445990800857544,0.16839352250099182,0.1440650373697281,0.16753849387168884,0.14305685460567474,0.1668168604373932,0.14598289132118225,0.17491820454597473,0.14144767820835114,0.17162266373634338,0.14538158476352692,0.19832384586334229,0.14268754422664642,0.19581973552703857,0.1496979147195816,0.25810182094573975,0.12453784048557281,0.24448281526565552,0.14213986694812775,0.3845304250717163,0.11350156366825104,0.35214734077453613,0.1478341668844223,0.4467261731624603,0.1250268816947937,0.4348241984844208,0.15087753534317017,0.46298497915267944,0.12551961839199066,0.4584333300590515,0.1516476571559906,0.4638097584247589,0.1306285411119461,0.4565683603286743,0.14895299077033997,0.45887431502342224,0.13108040392398834,0.4489097595214844,0.14444193243980408,0.45678338408470154,0.1294199377298355,0.4560551643371582,0.13998563587665558,0.6327875256538391,0.13482201099395752,0.626874566078186,0.1277131736278534,0.8032078742980957,0.14216159284114838,0.8109394311904907,0.11806546151638031,0.8344930410385132,0.1416640430688858,0.8387374877929688,0.13391412794589996,0.848718523979187,0.150415301322937,0.8544341325759888,0
0.0,0.0,0.0,0.0,0.0,0.0,0.0,0.0,0.0,0.0,0.0,0.0,0.0,0.0,0.0,0.0,0.0,0.0,0.0,0.0,0.0,0.0,0.0,0.0,0.0,0.0,0.0,0.0,0.0,0.0,0.0,0.0,0.0,0.0,0.0,0.0,0.0,0.0,0.0,0.0,0.0,0.0,0.0,0.0,0.0,0.0,0.0,0.0,0.0,0.0,0.0,0.0,0.0,0.0,0.0,0.0,0.0,0.0,0.0,0.0,0.0,0.0,0.0,0.0,0.0,0.0,0
0.0,0.0,0.0,0.0,0.0,0.0,0.0,0.0,0.0,0.0,0.0,0.0,0.0,0.0,0.0,0.0,0.0,0.0,0.0,0.0,0.0,0.0,0.0,0.0,0.0,0.0,0.0,0.0,0.0,0.0,0.0,0.0,0.0,0.0,0.0,0.0,0.0,0.0,0.0,0.0,0.0,0.0,0.0,0.0,0.0,0.0,0.0,0.0,0.0,0.0,0.0,0.0,0.0,0.0,0.0,0.0,0.0,0.0,0.0,0.0,0.0,0.0,0.0,0.0,0.0,0.0,0
0.15269234776496887,0.17059022188186646,0.15520113706588745,0.15859171748161316,0.15604007244110107,0.15887877345085144,0.15693268179893494,0.15940284729003906,0.1527869701385498,0.15679341554641724,0.15218743681907654,0.15599951148033142,0.15157350897789001,0.15532684326171875,0.15633505582809448,0.16786596179008484,0.14980970323085785,0.16161900758743286,0.15313740074634552,0.18722069263458252,0.15016841888427734,0.18123376369476318,0.16286633908748627,0.2554813325405121,0.1271861493587494,0.2352820336818695,0.16084834933280945,0.3582015931606293,0.11616526544094086,0.33246511220932007,0.16459721326828003,0.44131162762641907,0.124394990503788,0.42843449115753174,0.16843174397945404,0.4657144844532013,0.12287185341119766,0.4576687216758728,0.1672143042087555,0.46969929337501526,0.12873727083206177,0.4578987956047058,0.1639482080936432,0.4624367952346802,0.13014274835586548,0.4484012722969055,0.15631002187728882,0.4336623549461365,0.1305256485939026,0.4383380115032196,0.15116611123085022,0.6010845303535461,0.13012348115444183,0.6219498515129089,0.13495589792728424,0.809070348739624,0.1299150437116623,0.8185348510742188,0.12817567586898804,0.8395695686340332,0.12827272713184357,0.8478443622589111,0.1442103087902069,0.8699727058410645,0.1394820213317871,0.8720505833625793,0
0.665620744228363,0.2330895960330963,0.6684492230415344,0.2219533622264862,0.6698668003082275,0.22264698147773743,0.6711878776550293,0.22321835160255432,0.6636607646942139,0.21829938888549805,0.6617962718009949,0.2164616584777832,0.6596012711524963,0.21439436078071594,0.6711379885673523,0.22799652814865112,0.6545796990394592,0.21534577012062073,0.66642165184021,0.24564501643180847,0.660650908946991,0.24139580130577087,0.6782836318016052,0.31328409910202026,0.6308563351631165,0.27956974506378174,0.6796145439147949,0.4079587459564209,0.6145081520080566,0.3782956600189209,0.6815445423126221,0.462019681930542,0.6183609962463379,0.4521704316139221,0.6812407374382019,0.49159321188926697,0.6160754561424255,0.48063212633132935,0.6802664995193481,0.48441070318222046,0.6216498017311096,0.4731277823448181,0.6782870888710022,0.475739061832428,0.6224449872970581,0.4665314853191376,0.66159588098526,0.4927777051925659,0.632790744304657,0.48686525225639343,0.6724759340286255,0.6317315697669983,0.6297187805175781,0.637651264667511,0.6792328953742981,0.7605639696121216,0.6155773997306824,0.7645324468612671,0.6757462024688721,0.779451847076416,0.6146466135978699,0.781501054763794,0.6913569569587708,0.803336501121521,0.6160224676132202,0.8052608966827393,0
0.16230224072933197,0.17004019021987915,0.16231852769851685,0.15556028485298157,0.1627088040113449,0.15543091297149658,0.16338039934635162,0.15563970804214478,0.1608666330575943,0.1543487310409546,0.16002218425273895,0.1533527672290802,0.1594572365283966,0.15269941091537476,0.1609567105770111,0.16216909885406494,0.1571889966726303,0.15838852524757385,0.16221226751804352,0.18633460998535156,0.1595683991909027,0.1834932565689087,0.1704716682434082,0.24986198544502258,0.1338176280260086,0.22478729486465454,0.1643809974193573,0.35260313749313354,0.11425698548555374,0.3307647407054901,0.16938519477844238,0.44344833493232727,0.126046285033226,0.4486534297466278,0.17284739017486572,0.4699420630931854,0.12558384239673615,0.4834609627723694,0.17226088047027588,0.47232648730278015,0.13229458034038544,0.4826943278312683,0.1694154143333435,0.46409177780151367,0.13293184340000153,0.47162431478500366,0.16018439829349518,0.45871996879577637,0.1398649960756302,0.45564720034599304,0.14825069904327393,0.6277773380279541,0.14428205788135529,0.6496386528015137,0.11996669322252274,0.8053357005119324,0.14902421832084656,0.8308796286582947,0.11108964681625366,0.8323814868927002,0.14590536057949066,0.8583515882492065,0.12993432581424713,0.8554922342300415,0.1637103110551834,0.8817434310913086,0
0.0,0.0,0.0,0.0,0.0,0.0,0.0,0.0,0.0,0.0,0.0,0.0,0.0,0.0,0.0,0.0,0.0,0.0,0.0,0.0,0.0,0.0,0.0,0.0,0.0,0.0,0.0,0.0,0.0,0.0,0.0,0.0,0.0,0.0,0.0,0.0,0.0,0.0,0.0,0.0,0.0,0.0,0.0,0.0,0.0,0.0,0.0,0.0,0.0,0.0,0.0,0.0,0.0,0.0,0.0,0.0,0.0,0.0,0.0,0.0,0.0,0.0,0.0,0.0,0.0,0.0,0
0.15561407804489136,0.16008231043815613,0.16030624508857727,0.1443501114845276,0.16135838627815247,0.1439044177532196,0.1624756157398224,0.14381590485572815,0.1574387550354004,0.14422062039375305,0.15692095458507538,0.14368540048599243,0.15640155971050262,0.14321330189704895,0.16356293857097626,0.15063601732254028,0.1546928584575653,0.1485198438167572,0.15654513239860535,0.1726769506931305,0.15368732810020447,0.17176172137260437,0.17678463459014893,0.24436089396476746,0.12667912244796753,0.22846543788909912,0.18005555868148804,0.3702808618545532,0.12054957449436188,0.342253714799881,0.1758767068386078,0.448326051235199,0.13096754252910614,0.4294988512992859,0.1772238314151764,0.47364261746406555,0.13115294277668,0.45747703313827515,0.17488732933998108,0.47267138957977295,0.13641764223575592,0.45539507269859314,0.17238381505012512,0.46382439136505127,0.13750281929969788,0.44583702087402344,0.16872793436050415,0.4662209749221802,0.13905660808086395,0.46313995122909546,0.1604461371898651,0.6268781423568726,0.12977539002895355,0.6219854354858398,0.1431071162223816,0.816954493522644,0.1265210509300232,0.809584379196167,0.1377885490655899,0.8426892757415771,0.12740656733512878,0.8376998901367188,0.14473125338554382,0.8835710883140564,0.1260577142238617,0.8660876750946045,0
0.0,0.0,0.0,0.0,0.0,0.0,0.0,0.0,0.0,0.0,0.0,0.0,0.0,0.0,0.0,0.0,0.0,0.0,0.0,0.0,0.0,0.0,0.0,0.0,0.0,0.0,0.0,0.0,0.0,0.0,0.0,0.0,0.0,0.0,0.0,0.0,0.0,0.0,0.0,0.0,0.0,0.0,0.0,0.0,0.0,0.0,0.0,0.0,0.0,0.0,0.0,0.0,0.0,0.0,0.0,0.0,0.0,0.0,0.0,0.0,0.0,0.0,0.0,0.0,0.0,0.0,0
0.0,0.0,0.0,0.0,0.0,0.0,0.0,0.0,0.0,0.0,0.0,0.0,0.0,0.0,0.0,0.0,0.0,0.0,0.0,0.0,0.0,0.0,0.0,0.0,0.0,0.0,0.0,0.0,0.0,0.0,0.0,0.0,0.0,0.0,0.0,0.0,0.0,0.0,0.0,0.0,0.0,0.0,0.0,0.0,0.0,0.0,0.0,0.0,0.0,0.0,0.0,0.0,0.0,0.0,0.0,0.0,0.0,0.0,0.0,0.0,0.0,0.0,0.0,0.0,0.0,0.0,0
0.1688060313463211,0.14468377828598022,0.17230789363384247,0.13331454992294312,0.17419947683811188,0.13452985882759094,0.17599114775657654,0.13609349727630615,0.16735059022903442,0.1311342716217041,0.16539697349071503,0.13053417205810547,0.16361702978610992,0.13012313842773438,0.17689499258995056,0.14819270372390747,0.1596183329820633,0.13763689994812012,0.17124514281749725,0.16436907649040222,0.16408038139343262,0.16007250547409058,0.18808603286743164,0.24296197295188904,0.13112163543701172,0.21829670667648315,0.1966727077960968,0.34616583585739136,0.11110618710517883,0.3063705563545227,0.19777488708496094,0.4598805606365204,0.10430347919464111,0.40636759996414185,0.19893884658813477,0.4854419231414795,0.10373629629611969,0.42420142889022827,0.19520506262779236,0.48270243406295776,0.10512326657772064,0.42295947670936584,0.19378530979156494,0.4759361743927002,0.10916663706302643,0.42101210355758667,0.16518476605415344,0.4392487704753876,0.13493937253952026,0.42485448718070984,0.163643017411232,0.6197024583816528,0.11928516626358032,0.5855236649513245,0.1524946540594101,0.8119152784347534,0.10688639432191849,0.7716371417045593,0.14763468503952026,0.8357107639312744,0.10848372429609299,0.7980105876922607,0.14921031892299652,0.8648830056190491,0.09927965700626373,0.8266101479530334,0
0.6767117977142334,0.21942096948623657,0.6809219121932983,0.20962512493133545,0.6828452348709106,0.2102234810590744,0.6847577095031738,0.21079498529434204,0.6742883920669556,0.20524385571479797,0.6721057891845703,0.20305463671684265,0.6703115701675415,0.20120790600776672,0.6871377825737,0.21460066735744476,0.6677306294441223,0.20217224955558777,0.6791400909423828,0.23504911363124847,0.6723634600639343,0.22983159124851227,0.695043683052063,0.2930641770362854,0.6469452977180481,0.2866079807281494,0.7026957869529724,0.3826145529747009,0.6348505616188049,0.3760083317756653,0.7088490724563599,0.45372456312179565,0.6342535614967346,0.42977988719940186,0.7130113840103149,0.4748556911945343,0.6310927867889404,0.4492380619049072,0.7083564400672913,0.4749103784561157,0.6342412233352661,0.4429093301296234,0.7059242129325867,0.4704532325267792,0.6372722387313843,0.43816888332366943,0.6809327006340027,0.42693713307380676,0.6525962948799133,0.42319631576538086,0.6937282681465149,0.5194599628448486,0.6358697414398193,0.4450022280216217,0.6973091959953308,0.6161080002784729,0.6558804512023926,0.55070960521698,0.6953897476196289,0.6318103075027466,0.6610684990882874,0.5659762620925903,0.7040296792984009,0.6541552543640137,0.653657078742981,0.5919523239135742,0
0.6797770261764526,0.21259215474128723,0.682848334312439,0.19990763068199158,0.6845241189002991,0.2007848024368286,0.6861898899078369,0.20177072286605835,0.6780917644500732,0.19691786170005798,0.6764107942581177,0.19558483362197876,0.6745463609695435,0.19420474767684937,0.6871591806411743,0.20838725566864014,0.6709930300712585,0.19722068309783936,0.6812177300453186,0.22592610120773315,0.6755527853965759,0.2227073311805725,0.6964301466941833,0.29527759552001953,0.6476012468338013,0.27038154006004333,0.7030206918716431,0.3912395238876343,0.6319599151611328,0.3745096027851105,0.7118969559669495,0.4571797847747803,0.6320638060569763,0.45396649837493896,0.7159782648086548,0.4826523959636688,0.6280633211135864,0.4825581908226013,0.7148006558418274,0.47551628947257996,0.6332841515541077,0.4828898310661316,0.7118347883224487,0.47032204270362854,0.6352795362472534,0.4724234342575073,0.682437002658844,0.4776560068130493,0.6534988880157471,0.47939854860305786,0.6921557784080505,0.6221501231193542,0.6604207754135132,0.6404491066932678,0.698016345500946,0.756030797958374,0.6574083566665649,0.7738452553749084,0.6952458620071411,0.7760999202728271,0.657554030418396,0.7909306287765503,0.7019145488739014,0.7902823090553284,0.6621379256248474,0.8234361410140991,0
0.6804054975509644,0.21071824431419373,0.6838706731796265,0.19794654846191406,0.6856705546379089,0.19873857498168945,0.6874790787696838,0.19958966970443726,0.6789161562919617,0.19494086503982544,0.6772615313529968,0.19352644681930542,0.675588071346283,0.19204851984977722,0.6884395480155945,0.20548197627067566,0.672389030456543,0.19420427083969116,0.6819263696670532,0.22357383370399475,0.676074743270874,0.22006705403327942,0.6977236866950989,0.2904336452484131,0.6491317749023438,0.2654605805873871,0.705742597579956,0.3820231258869171,0.6334741711616516,0.3716218173503876,0.7131065130233765,0.4455082416534424,0.6342544555664062,0.45738449692726135,0.7189751863479614,0.473786324262619,0.6306993961334229,0.48922204971313477,0.717170238494873,0.4729696214199066,0.6353150010108948,0.4872104227542877,0.7134492993354797,0.4610248804092407,0.6381064653396606,0.47473010420799255,0.6862956285476685,0.4753982722759247,0.6581538319587708,0.4823549687862396,0.694023609161377,0.6213603615760803,0.6678019762039185,0.6403301358222961,0.6942742466926575,0.7441579103469849,0.6648890376091003,0.7723115682601929,0.6908218860626221,0.7610503435134888,0.6643875241279602,0.7878894805908203,0.6998544931411743,0.7876082062721252,0.6720823049545288,0.824541449546814,0
0.6814526915550232,0.21155112981796265,0.6846438646316528,0.1991233229637146,0.6862840056419373,0.19978457689285278,0.688001811504364,0.2005801498889923,0.6798233985900879,0.19631430506706238,0.6780965328216553,0.19488558173179626,0.6762358546257019,0.19328701496124268,0.6893886923789978,0.2064478099346161,0.6733654737472534,0.19517850875854492,0.6830548048019409,0.22543370723724365,0.677287220954895,0.22228944301605225,0.6994336247444153,0.2935311198234558,0.6502128839492798,0.2668797969818115,0.7067244052886963,0.3797858953475952,0.6384920477867126,0.3680669069290161,0.7142191529273987,0.4522816836833954,0.6377506256103516,0.45376864075660706,0.7206372022628784,0.4862850606441498,0.6332178115844727,0.482039213180542,0.7172789573669434,0.47777271270751953,0.6379644274711609,0.47537505626678467,0.7138634324073792,0.4664296507835388,0.6414205431938171,0.468534380197525,0.6883268356323242,0.47784224152565,0.6590649485588074,0.48142075538635254,0.6949580311775208,0.6257389783859253,0.666073739528656,0.6371895670890808,0.6970468759536743,0.743848443031311,0.6708998680114746,0.7680990695953369,0.6946527361869812,0.7605095505714417,0.6714497804641724,0.7843230962753296,0.6988846063613892,0.7881823778152466,0.6767541766166687,0.81813645362854,0
0.6831729412078857,0.21095237135887146,0.686272382736206,0.19717872142791748,0.6879684329032898,0.1976492702960968,0.6896205544471741,0.1981293261051178,0.6815508604049683,0.1948750913143158,0.6798940300941467,0.19365224242210388,0.6782385110855103,0.1923980712890625,0.6905386447906494,0.20347577333450317,0.6742075681686401,0.19366472959518433,0.6844812631607056,0.22423896193504333,0.6792933940887451,0.2207220494747162,0.7013046741485596,0.28860780596733093,0.6517621278762817,0.2670746445655823,0.7103176116943359,0.377790242433548,0.6397316455841064,0.36970067024230957,0.7180904150009155,0.44422394037246704,0.637208104133606,0.45798981189727783,0.7238789796829224,0.4750325679779053,0.6344428062438965,0.48462778329849243,0.7200543284416199,0.47264066338539124,0.6389347910881042,0.4828625023365021,0.7169361114501953,0.4612869620323181,0.6406686305999756,0.4722743630409241,0.6908352971076965,0.47924670577049255,0.6629441976547241,0.4854368269443512,0.7008976340293884,0.6267670392990112,0.6708197593688965,0.6415596008300781,0.7017298936843872,0.7430071234703064,0.6724059581756592,0.7805366516113281,0.6986125111579895,0.7577521204948425,0.6735795140266418,0.7972846031188965,0.7068654298782349,0.7901071906089783,0.6707603931427002,0.8232882022857666,0
0.6822300553321838,0.21117258071899414,0.6859001517295837,0.19698438048362732,0.6876711249351501,0.19739428162574768,0.6895125508308411,0.19785889983177185,0.6810986399650574,0.19485771656036377,0.6794277429580688,0.19365298748016357,0.6776502728462219,0.1923665702342987,0.6913260221481323,0.20331615209579468,0.6743065118789673,0.19435787200927734,0.6839560866355896,0.22416990995407104,0.6783000826835632,0.22082293033599854,0.7027533650398254,0.2882453203201294,0.6529009938240051,0.26538076996803284,0.7107213139533997,0.37727591395378113,0.6410295963287354,0.37040913105010986,0.7151311635971069,0.43985697627067566,0.6417420506477356,0.4564341902732849,0.7166156768798828,0.4645487070083618,0.6383668780326843,0.4825607240200043,0.7177073359489441,0.46194714307785034,0.6430022716522217,0.47895824909210205,0.7144379615783691,0.45633161067962646,0.6444864869117737,0.46840551495552063,0.6905848979949951,0.47654861211776733,0.6626278162002563,0.4884324371814728,0.6935048699378967,0.637754499912262,0.6695817112922668,0.6539126634597778,0.6916643977165222,0.7542387247085571,0.6764248609542847,0.7828388214111328,0.6887849569320679,0.7693319320678711,0.6773490309715271,0.7977694272994995,0.6965781450271606,0.7930126190185547,0.6802509427070618,0.826831042766571,0
0.6830496788024902,0.20999136567115784,0.6866135597229004,0.19678503274917603,0.6884022951126099,0.1973065435886383,0.6901620030403137,0.19782868027687073,0.6816225051879883,0.19417747855186462,0.6799305081367493,0.192866712808609,0.6781805753707886,0.19149205088615417,0.6918475031852722,0.2033092975616455,0.6747947931289673,0.193270742893219,0.6847013235092163,0.2227500081062317,0.6790431141853333,0.22003522515296936,0.703919529914856,0.28884607553482056,0.6535438895225525,0.26499855518341064,0.7126396894454956,0.376212477684021,0.640883207321167,0.3672592043876648,0.7194530963897705,0.4494406282901764,0.6395889520645142,0.44804084300994873,0.7229454517364502,0.47331932187080383,0.6347529292106628,0.4742757976055145,0.7202919721603394,0.46663033962249756,0.6399748921394348,0.4664599895477295,0.7177010774612427,0.461721271276474,0.641190767288208,0.4613346755504608,0.6910538077354431,0.47006964683532715,0.6625971794128418,0.4801345467567444,0.696483314037323,0.6239498853683472,0.6756715774536133,0.6353263854980469,0.6964263319969177,0.737687349319458,0.6770015954971313,0.7744771838188171,0.6936071515083313,0.7526521682739258,0.677581787109375,0.7907375693321228,0.6994299292564392,0.7822693586349487,0.6828516721725464,0.8254977464675903,0
0.6838043332099915,0.2101583480834961,0.6873495578765869,0.196000337600708,0.6891335248947144,0.19629943370819092,0.6909789443016052,0.19657760858535767,0.6825019121170044,0.193406879901886,0.6809656620025635,0.19191133975982666,0.6792575120925903,0.1902277171611786,0.6926302313804626,0.2003677487373352,0.6760106086730957,0.19074246287345886,0.68552565574646,0.2228676974773407,0.6798776388168335,0.21990308165550232,0.7052181363105774,0.2839798331260681,0.6544566750526428,0.26107919216156006,0.7157003283500671,0.3771165609359741,0.6435856819152832,0.3629072308540344,0.7214213609695435,0.45616015791893005,0.6420456171035767,0.45070958137512207,0.7245805859565735,0.47446414828300476,0.6393210291862488,0.47593286633491516,0.7211821675300598,0.4731610417366028,0.6440683603286743,0.4651913642883301,0.7201042175292969,0.4639086127281189,0.6449379324913025,0.4611242413520813,0.6931377649307251,0.47220033407211304,0.665360689163208,0.4783560037612915,0.6980199217796326,0.6180792450904846,0.6750774383544922,0.6366058588027954,0.6968415975570679,0.7300553321838379,0.6840787529945374,0.7533793449401855,0.694080650806427,0.7446005344390869,0.6853958964347839,0.7658758163452148,0.6977046132087708,0.7744109630584717,0.6865796446800232,0.7976468205451965,0
0.6831950545310974,0.2057870328426361,0.6872856020927429,0.19157153367996216,0.6888781785964966,0.19196927547454834,0.6904501914978027,0.19238078594207764,0.6823552250862122,0.18882882595062256,0.6805301308631897,0.1872413456439972,0.6787009239196777,0.18565306067466736,0.692340612411499,0.1966850757598877,0.6758426427841187,0.18578389286994934,0.6852635741233826,0.2201443314552307,0.6791127920150757,0.21704846620559692,0.7053977847099304,0.2832973599433899,0.6548827886581421,0.2612189054489136,0.717609703540802,0.38112759590148926,0.6434522867202759,0.36192286014556885,0.7218379974365234,0.4531274735927582,0.6419442296028137,0.44143277406692505,0.7242436408996582,0.479739248752594,0.639473021030426,0.4684554934501648,0.721041738986969,0.47166022658348083,0.6439115405082703,0.46718665957450867,0.7204038500785828,0.46886807680130005,0.6453700661659241,0.4551035165786743,0.6917377710342407,0.4698088467121124,0.6636661887168884,0.47906550765037537,0.7016528248786926,0.6109123826026917,0.6809304356575012,0.644896388053894,0.691952645778656,0.7384285926818848,0.6838061809539795,0.7529267072677612,0.6877084970474243,0.7535905838012695,0.6845244765281677,0.7621947526931763,0.69179368019104,0.792637825012207,0.6859843134880066,0.8043122887611389,0
0.6843679547309875,0.20402199029922485,0.6880620121955872,0.19079044461250305,0.6897621750831604,0.19142410159111023,0.6914421916007996,0.19189539551734924,0.6832684874534607,0.18757259845733643,0.6814591884613037,0.18588954210281372,0.6796256899833679,0.18412891030311584,0.6933505535125732,0.19482064247131348,0.6758724451065063,0.18431997299194336,0.6864902973175049,0.2186170220375061,0.6803562641143799,0.21495607495307922,0.7062308192253113,0.2771924138069153,0.6546297073364258,0.2607714831829071,0.719291627407074,0.3804628849029541,0.6429392695426941,0.36111336946487427,0.7228187322616577,0.4345024526119232,0.6428231596946716,0.43967151641845703,0.7253503203392029,0.4576435089111328,0.6399937272071838,0.4709142744541168,0.7221437692642212,0.45498526096343994,0.6449928879737854,0.45935457944869995,0.7210787534713745,0.4378761947154999,0.6456588506698608,0.4562870264053345,0.6944130659103394,0.4734586775302887,0.6658508777618408,0.47887587547302246,0.7059987187385559,0.6138443946838379,0.6857942938804626,0.6445690393447876,0.6901189088821411,0.7403119802474976,0.6886422634124756,0.7616792917251587,0.684194028377533,0.7545081377029419,0.6862739324569702,0.7763875126838684,0.6956097483634949,0.7978107333183289,0.6892563104629517,0.8149309754371643,0
0.6837207078933716,0.2023584246635437,0.6873594522476196,0.18924465775489807,0.6891061663627625,0.1894879937171936,0.6908169388771057,0.18966281414031982,0.6823158860206604,0.18693473935127258,0.6806174516677856,0.1855887770652771,0.6788337230682373,0.18426987528800964,0.6932632923126221,0.19268524646759033,0.6758210062980652,0.18520614504814148,0.6863569021224976,0.2166992723941803,0.6801559925079346,0.21333491802215576,0.707659125328064,0.2767493724822998,0.6561463475227356,0.2605993151664734,0.7200223803520203,0.3825168013572693,0.6457098722457886,0.35536932945251465,0.7253846526145935,0.4605754017829895,0.6463767290115356,0.40103819966316223,0.7277114987373352,0.4861640930175781,0.6462163329124451,0.41712963581085205,0.7244181036949158,0.47914251685142517,0.6489169597625732,0.40566205978393555,0.7237023115158081,0.4746202230453491,0.6503507494926453,0.4013001322746277,0.6949751973152161,0.4741063117980957,0.6667371988296509,0.47788891196250916,0.7022199034690857,0.618211567401886,0.6834135055541992,0.6389327645301819,0.693071186542511,0.7355358004570007,0.6856350898742676,0.7676619291305542,0.6883575916290283,0.7495744228363037,0.6856764554977417,0.7818393707275391,0.6986309885978699,0.7897298336029053,0.6883072257041931,0.8194006681442261,0
0.6848689913749695,0.19531121850013733,0.6884075999259949,0.1819227933883667,0.690082848072052,0.1824927031993866,0.6917157769203186,0.18303397297859192,0.6836859583854675,0.17933833599090576,0.6819335222244263,0.1780749261379242,0.68013596534729,0.17682787775993347,0.6935051083564758,0.1876462996006012,0.6769423484802246,0.17856159806251526,0.6871858239173889,0.2100214958190918,0.6808103322982788,0.20725682377815247,0.7082651257514954,0.2762742042541504,0.6552538275718689,0.2594001293182373,0.7205711603164673,0.386918842792511,0.6430991888046265,0.3584617078304291,0.7224680185317993,0.4612606465816498,0.6433166265487671,0.4523715376853943,0.7234373092651367,0.4864211082458496,0.640654444694519,0.47269436717033386,0.7214954495429993,0.4768775701522827,0.6430102586746216,0.4721652865409851,0.7189014554023743,0.47297725081443787,0.6445482969284058,0.4578750729560852,0.6971540451049805,0.4722738564014435,0.667293906211853,0.47692057490348816,0.7037045955657959,0.6227295398712158,0.6859323382377625,0.640425443649292,0.6943678259849548,0.7405321598052979,0.6893398761749268,0.7742465734481812,0.69001305103302,0.7541071176528931,0.6896805763244629,0.7888851165771484,0.6986720561981201,0.7938108444213867,0.6939842700958252,0.8310606479644775,0
0.6852602362632751,0.192872554063797,0.6889283657073975,0.1794494092464447,0.6905508041381836,0.17987096309661865,0.6921830177307129,0.18030008673667908,0.6841458082199097,0.17709589004516602,0.6823978424072266,0.17584624886512756,0.6806217432022095,0.17457890510559082,0.6936399936676025,0.1853715181350708,0.6777989268302917,0.17645776271820068,0.6875202655792236,0.20756372809410095,0.6813158988952637,0.20501887798309326,0.7093590497970581,0.27719423174858093,0.6561629772186279,0.26071685552597046,0.7209301590919495,0.37919673323631287,0.6451905965805054,0.36063921451568604,0.7199198007583618,0.4291292428970337,0.6419373750686646,0.46171873807907104,0.7236818671226501,0.4684699773788452,0.6378738880157471,0.4809029996395111,0.7195801734924316,0.4523962438106537,0.642146110534668,0.4808740019798279,0.718805730342865,0.44973024725914,0.6435162425041199,0.4750140309333801,0.6993435621261597,0.46932509541511536,0.6696704626083374,0.47939279675483704,0.7077810764312744,0.6136540770530701,0.6880812048912048,0.6502928733825684,0.6933843493461609,0.7347525358200073,0.6879473328590393,0.7718328833580017,0.6881762742996216,0.748046338558197,0.6880761981010437,0.784295916557312,0.6979343295097351,0.7887977361679077,0.6891182661056519,0.8270743489265442,0
0.6850994825363159,0.19705510139465332,0.6888665556907654,0.1817997395992279,0.6905497908592224,0.181611567735672,0.6921980381011963,0.18135666847229004,0.6834856271743774,0.18085098266601562,0.6815674304962158,0.1798369586467743,0.6796777248382568,0.17876246571540833,0.693813681602478,0.18409767746925354,0.677065908908844,0.17941385507583618,0.687666654586792,0.21071013808250427,0.6810426115989685,0.20976081490516663,0.7097112536430359,0.272208034992218,0.6572132706642151,0.2599748373031616,0.7209950089454651,0.37668001651763916,0.6460290551185608,0.374872088432312,0.705741822719574,0.3412700295448303,0.6422901749610901,0.4595392346382141,0.7088851928710938,0.36905962228775024,0.6382182240486145,0.4817143678665161,0.7064290046691895,0.35491859912872314,0.6422451734542847,0.48276111483573914,0.7053722143173218,0.355944961309433,0.6436996459960938,0.46882161498069763,0.6983834505081177,0.474651575088501,0.6693241000175476,0.48442092537879944,0.7052465081214905,0.6201601028442383,0.6876351237297058,0.6545331478118896,0.6922570466995239,0.7485350966453552,0.6879469156265259,0.7796759605407715,0.6875395774841309,0.7631462812423706,0.6876475214958191,0.7919477224349976,0.6954484581947327,0.8044068813323975,0.6861393451690674,0.8281682729721069,0
0.6858478784561157,0.19511693716049194,0.6896559596061707,0.18047639727592468,0.691268801689148,0.1803712546825409,0.6928234696388245,0.18014630675315857,0.6841790080070496,0.17907044291496277,0.6822335124015808,0.17781168222427368,0.680273175239563,0.17639639973640442,0.6939941048622131,0.18278419971466064,0.677356481552124,0.17676740884780884,0.6883081793785095,0.20884209871292114,0.681473970413208,0.20710080862045288,0.7094518542289734,0.2694534659385681,0.656715452671051,0.2574634552001953,0.7206043601036072,0.37630927562713623,0.6443424224853516,0.37123292684555054,0.7077836394309998,0.32928580045700073,0.6423166394233704,0.4568457305431366,0.7076863646507263,0.3389485776424408,0.6382324695587158,0.48518210649490356,0.705808162689209,0.3243269920349121,0.64268559217453,0.4807323217391968,0.7047849893569946,0.3273886442184448,0.6440945863723755,0.4737781584262848,0.6981797218322754,0.4742039740085602,0.66922926902771,0.48222747445106506,0.7037521004676819,0.6223154664039612,0.6857885122299194,0.6526343822479248,0.6896994113922119,0.7426518201828003,0.6861733794212341,0.7686953544616699,0.6848170757293701,0.7561637163162231,0.6874366402626038,0.7897077798843384,0.6922615170478821,0.7977167367935181,0.6840111017227173,0.8284152746200562,0
0.685498833656311,0.1909683644771576,0.6891416907310486,0.17552712559700012,0.690767765045166,0.17533549666404724,0.6923717856407166,0.1749689280986786,0.6836730241775513,0.17455199360847473,0.6817129254341125,0.1735207736492157,0.67976975440979,0.17235073447227478,0.6939261555671692,0.17841708660125732,0.67707359790802,0.17362332344055176,0.6881488561630249,0.20434370636940002,0.6812711954116821,0.20328688621520996,0.7110241055488586,0.26553893089294434,0.6560047268867493,0.25845345854759216,0.7212797403335571,0.3775086998939514,0.6445009112358093,0.3763640522956848,0.7223844528198242,0.45633459091186523,0.6436383128166199,0.46235930919647217,0.7237750887870789,0.47691455483436584,0.6400975584983826,0.49267739057540894,0.7215775847434998,0.47436609864234924,0.6442025303840637,0.4925457239151001,0.7195447087287903,0.4682784676551819,0.6454752683639526,0.48022422194480896,0.6999707818031311,0.4832534193992615,0.6708827614784241,0.49082452058792114,0.7132320404052734,0.6188182234764099,0.6935122013092041,0.6594903469085693,0.6836598515510559,0.7515307068824768,0.6962774395942688,0.771406888961792,0.6758081316947937,0.7640511393547058,0.6967264413833618,0.7790192365646362,0.6870620250701904,0.8151240348815918,0.6981879472732544,0.8370516300201416,0
0.6859298944473267,0.1868199110031128,0.689631998538971,0.17238110303878784,0.6913346648216248,0.17229226231575012,0.6929681301116943,0.1720665991306305,0.6840800046920776,0.17102226614952087,0.6821514368057251,0.16991567611694336,0.6801947355270386,0.16863101720809937,0.6942989826202393,0.17486175894737244,0.6776668429374695,0.16964563727378845,0.6886853575706482,0.20014610886573792,0.6817027926445007,0.19881156086921692,0.7113434672355652,0.26140135526657104,0.656248927116394,0.25265857577323914,0.7200542688369751,0.3692777156829834,0.6464481949806213,0.3709813058376312,0.7196443676948547,0.44913825392723083,0.6452349424362183,0.4592621326446533,0.7220986485481262,0.47619396448135376,0.64077228307724,0.48922839760780334,0.7189173102378845,0.46543246507644653,0.6448052525520325,0.4916319251060486,0.7178442478179932,0.4622231423854828,0.6463289260864258,0.4797583520412445,0.6997748613357544,0.4735082685947418,0.6711044311523438,0.48017555475234985,0.7074673175811768,0.6210096478462219,0.6904633045196533,0.6488385200500488,0.6840866208076477,0.7478989958763123,0.6934936046600342,0.7732354402542114,0.6777734160423279,0.760262131690979,0.694820761680603,0.7849334478378296,0.6852642297744751,0.8091813325881958,0.686081051826477,0.8252307176589966,0
0.6848418116569519,0.1768987476825714,0.6882449388504028,0.16312411427497864,0.6899102330207825,0.16309618949890137,0.691594660282135,0.16300144791603088,0.6833776235580444,0.16219544410705566,0.6816837787628174,0.16147467494010925,0.6799972653388977,0.160617858171463,0.6935019493103027,0.1692812144756317,0.677547037601471,0.16440817713737488,0.6876454949378967,0.192152202129364,0.6811257004737854,0.19089862704277039,0.7122137546539307,0.2628227472305298,0.6564025282859802,0.25179609656333923,0.7195779085159302,0.36888566613197327,0.6440334916114807,0.3728565275669098,0.7203963398933411,0.4620741307735443,0.6446775197982788,0.4715232849121094,0.7227238416671753,0.4885571300983429,0.6413042545318604,0.5014287233352661,0.7200394868850708,0.4847809076309204,0.6453341841697693,0.5005326867103577,0.7187716364860535,0.47411030530929565,0.6477435231208801,0.4926545321941376,0.7020038962364197,0.47426149249076843,0.6718084812164307,0.48538821935653687,0.7090165019035339,0.6270198822021484,0.6916405558586121,0.6523165702819824,0.6899762153625488,0.7683439254760742,0.6917312741279602,0.774685263633728,0.6845706701278687,0.7827274799346924,0.692803680896759,0.7854951620101929,0.6857947111129761,0.8242666721343994,0.6870073080062866,0.8313041925430298,0
0.6845197081565857,0.1792425811290741,0.6883217096328735,0.16481232643127441,0.6901293992996216,0.16477003693580627,0.6918902397155762,0.16457116603851318,0.683005690574646,0.1634085774421692,0.6812083125114441,0.1623833179473877,0.6795320510864258,0.1612245738506317,0.6938392519950867,0.16912078857421875,0.677189826965332,0.16320538520812988,0.6874905228614807,0.19412782788276672,0.6805250644683838,0.19245105981826782,0.7121162414550781,0.2612290382385254,0.6553735136985779,0.25000911951065063,0.722356915473938,0.3638514280319214,0.6445415616035461,0.3755732476711273,0.7191348075866699,0.4539240598678589,0.6455367207527161,0.4688228666782379,0.7213881611824036,0.4808274209499359,0.64227294921875,0.499369740486145,0.7188863754272461,0.47697195410728455,0.6465163826942444,0.49990883469581604,0.7159990668296814,0.47115373611450195,0.6492006778717041,0.4879435896873474,0.7016041874885559,0.4749564230442047,0.6713159084320068,0.484326034784317,0.7113043665885925,0.6170232892036438,0.6906822323799133,0.6579467058181763,0.6874104738235474,0.7427497506141663,0.6944054961204529,0.7793838977813721,0.6809078454971313,0.7544962167739868,0.6958644986152649,0.7898526191711426,0.6882084608078003,0.8109065294265747,0.6898627877235413,0.832111120223999,0
0.686647355556488,0.17767882347106934,0.6901674270629883,0.16330882906913757,0.6918496489524841,0.16345056891441345,0.6934792399406433,0.1633993685245514,0.684734582901001,0.16152480244636536,0.6828044056892395,0.1603921353816986,0.6808212399482727,0.15911859273910522,0.6949902772903442,0.16804885864257812,0.6782656311988831,0.16102275252342224,0.6893601417541504,0.19211643934249878,0.6821587681770325,0.19078686833381653,0.712761402130127,0.25771158933639526,0.6560634970664978,0.2507474720478058,0.7201426029205322,0.3653896450996399,0.645235538482666,0.37270140647888184,0.7190043330192566,0.45317769050598145,0.6468132734298706,0.4662799537181854,0.7212978601455688,0.4806472659111023,0.6432021260261536,0.49546411633491516,0.7178193926811218,0.4713617265224457,0.6475181579589844,0.493997722864151,0.7162953019142151,0.46667182445526123,0.6489609479904175,0.48199474811553955,0.7023636698722839,0.47521573305130005,0.6713533401489258,0.4848802387714386,0.7161802649497986,0.612172544002533,0.6948529481887817,0.6565638184547424,0.6873904466629028,0.7246440052986145,0.6934055685997009,0.7725625038146973,0.6800050735473633,0.7332097887992859,0.692953884601593,0.7817541360855103,0.6893423795700073,0.7864247560501099,0.6899255514144897,0.8343009948730469,0
0.6860230565071106,0.1723756194114685,0.6896029114723206,0.1579425036907196,0.6913720965385437,0.15806397795677185,0.6930429935455322,0.15795400738716125,0.684127926826477,0.15644925832748413,0.6822795867919922,0.15546908974647522,0.6803983449935913,0.1543351411819458,0.6945582032203674,0.1641678512096405,0.6779711842536926,0.1576651632785797,0.6888900995254517,0.18767544627189636,0.6818179488182068,0.18622279167175293,0.7135494947433472,0.25522157549858093,0.6554505825042725,0.248711496591568,0.7220790982246399,0.36321064829826355,0.645024299621582,0.37193530797958374,0.7212843298912048,0.4485464096069336,0.6464626789093018,0.4618833065032959,0.7223142981529236,0.4776265025138855,0.6443986892700195,0.49263009428977966,0.719628095626831,0.47402822971343994,0.6489444971084595,0.4937053322792053,0.7170932292938232,0.4631360173225403,0.6502228379249573,0.481265664100647,0.7018330693244934,0.47377949953079224,0.6711616516113281,0.4790562391281128,0.7114136815071106,0.6159353256225586,0.6977944374084473,0.6509443521499634,0.6902130246162415,0.7460466027259827,0.6961662769317627,0.7758335471153259,0.684239387512207,0.7590470314025879,0.6959145069122314,0.787045955657959,0.692190945148468,0.8056796789169312,0.6911135911941528,0.8299403190612793,0
0.6849252581596375,0.17396637797355652,0.688808262348175,0.15907078981399536,0.6906519532203674,0.15915441513061523,0.6923906207084656,0.15901678800582886,0.6832242012023926,0.15742966532707214,0.6813886761665344,0.1563664674758911,0.6795510053634644,0.1551598608493805,0.694337010383606,0.16412678360939026,0.6774612665176392,0.15745311975479126,0.6879977583885193,0.1887446641921997,0.6808062195777893,0.1870725452899933,0.7133992314338684,0.25280600786209106,0.6562737822532654,0.24687017500400543,0.7234809994697571,0.36300912499427795,0.6454306840896606,0.3698936700820923,0.7214012145996094,0.4533275067806244,0.6465764045715332,0.46763092279434204,0.7236502170562744,0.4802216589450836,0.6446547508239746,0.4960601031780243,0.7194408178329468,0.47621387243270874,0.6491233110427856,0.49621331691741943,0.7180156707763672,0.46704739332199097,0.6504675149917603,0.4862537086009979,0.70325767993927,0.47433793544769287,0.6715853214263916,0.48295533657073975,0.7100657820701599,0.6311965584754944,0.6942118406295776,0.6650546789169312,0.6959249377250671,0.7546104788780212,0.6940757036209106,0.7965534925460815,0.6910784244537354,0.7682590484619141,0.694450318813324,0.8096820116043091,0.6987367868423462,0.8104232549667358,0.6888193488121033,0.8422876596450806,0
0.6844837069511414,0.169577956199646,0.6883718371391296,0.15404441952705383,0.6904232501983643,0.15364190936088562,0.6924304366111755,0.15345779061317444,0.6826518774032593,0.15292778611183167,0.6808357238769531,0.15205466747283936,0.6790223717689514,0.15105029940605164,0.6954182982444763,0.15971320867538452,0.6773601770401001,0.15483549237251282,0.6884398460388184,0.1844521462917328,0.6810854077339172,0.1823352873325348,0.7157868146896362,0.2489567995071411,0.6566720604896545,0.2417844831943512,0.724008321762085,0.3646566867828369,0.6426984667778015,0.3603430986404419,0.7240141034126282,0.45008209347724915,0.645735502243042,0.4544096291065216,0.7256180644035339,0.4737533628940582,0.6432817578315735,0.48449355363845825,0.7220860123634338,0.46959301829338074,0.648678183555603,0.4862995445728302,0.7209293842315674,0.4636196792125702,0.6501663327217102,0.4741496443748474,0.7038496136665344,0.47421547770500183,0.6723324060440063,0.47904661297798157,0.7112312912940979,0.6249761581420898,0.6916698217391968,0.6580749750137329,0.7004274129867554,0.7477438449859619,0.6935831308364868,0.7843640446662903,0.6960022449493408,0.7614965438842773,0.6922545433044434,0.8010483980178833,0.7043780088424683,0.8040616512298584,0.6908319592475891,0.8403536081314087,0
0.6881236433982849,0.17820173501968384,0.6912508606910706,0.1611097753047943,0.693034827709198,0.16073861718177795,0.6948447227478027,0.16020748019218445,0.6857556700706482,0.15938282012939453,0.6836844086647034,0.15780356526374817,0.6814578771591187,0.15607404708862305,0.6964221000671387,0.16096457839012146,0.677775502204895,0.15580323338508606,0.6907994151115417,0.1916438341140747,0.6839932203292847,0.19018691778182983,0.7147223949432373,0.23980244994163513,0.6558497548103333,0.24256351590156555,0.7268080711364746,0.35366204380989075,0.6437023878097534,0.35689765214920044,0.7240139842033386,0.43893155455589294,0.6460344195365906,0.4539945721626282,0.7253081798553467,0.46936264634132385,0.6444888710975647,0.4848439693450928,0.7202823162078857,0.4656871259212494,0.6495416164398193,0.4827183485031128,0.7190007567405701,0.4559001326560974,0.6510372161865234,0.4704977869987488,0.7046133875846863,0.474513441324234,0.6745025515556335,0.4769825041294098,0.7056713104248047,0.6253128051757812,0.6891841888427734,0.6432088017463684,0.6938315629959106,0.7574936747550964,0.6927490234375,0.7968459129333496,0.689105212688446,0.7745789289474487,0.6940787434577942,0.8146447539329529,0.6975916028022766,0.8103886246681213,0.6907116770744324,0.8464823365211487,0
0.6867662668228149,0.17841008305549622,0.6901221871376038,0.16024866700172424,0.6919851303100586,0.15982836484909058,0.6939002871513367,0.15924224257469177,0.6845754384994507,0.1591263711452484,0.6825313568115234,0.15753251314163208,0.6803578734397888,0.15570613741874695,0.6962581872940063,0.16007855534553528,0.6771920919418335,0.15519779920578003,0.6897037029266357,0.1912006437778473,0.6829721927642822,0.1899334192276001,0.7154247164726257,0.23729684948921204,0.6560975909233093,0.24337869882583618,0.7280686497688293,0.35273393988609314,0.6452990770339966,0.3591715693473816,0.724682629108429,0.43890878558158875,0.647918701171875,0.4553024470806122,0.7252416014671326,0.4700284004211426,0.6455866694450378,0.4839920103549957,0.7201611995697021,0.4666675925254822,0.6505963206291199,0.4849453270435333,0.7190708518028259,0.4572260081768036,0.6530724167823792,0.4726497232913971,0.7051840424537659,0.4671889543533325,0.6750518679618835,0.4743938148021698,0.710051417350769,0.6218446493148804,0.6905294060707092,0.6371876001358032,0.7013087868690491,0.7532956600189209,0.6930661201477051,0.7892951369285583,0.6971741914749146,0.769752025604248,0.6947367787361145,0.8062188029289246,0.7048671841621399,0.807890772819519,0.6886383295059204,0.841951847076416,0
0.6856290102005005,0.17344078421592712,0.6892110705375671,0.15675568580627441,0.6912893652915955,0.15656936168670654,0.693257212638855,0.15621286630630493,0.6833162307739258,0.15524592995643616,0.681347131729126,0.15407371520996094,0.6794529557228088,0.15282246470451355,0.6960403323173523,0.15858131647109985,0.6770534515380859,0.15365374088287354,0.6894398331642151,0.18871289491653442,0.6818932890892029,0.1864337921142578,0.7165066003799438,0.2398691475391388,0.6570762991905212,0.24535781145095825,0.7284415364265442,0.36027035117149353,0.6457229256629944,0.3603566586971283,0.7266175746917725,0.43817138671875,0.6468442678451538,0.45790210366249084,0.7267000079154968,0.46949437260627747,0.6440792679786682,0.48665982484817505,0.7237222194671631,0.46178409457206726,0.6495905518531799,0.48805472254753113,0.7214580774307251,0.4551715552806854,0.6510248780250549,0.4762172996997833,0.7053102850914001,0.47429871559143066,0.6748314499855042,0.48112761974334717,0.7181758284568787,0.6359522938728333,0.6960821747779846,0.659282386302948,0.7103654742240906,0.7805024981498718,0.693888247013092,0.7934387922286987,0.7059110999107361,0.7976484298706055,0.6950692534446716,0.8039347529411316,0.7153465151786804,0.8409467935562134,0.6900383234024048,0.8476604223251343,0
0.6850865483283997,0.17403262853622437,0.6889410018920898,0.15692779421806335,0.691032886505127,0.15655291080474854,0.693084180355072,0.15592613816261292,0.6826677918434143,0.15545889735221863,0.680669903755188,0.15422487258911133,0.6788394451141357,0.15295636653900146,0.696214497089386,0.15789109468460083,0.6767624020576477,0.1542353332042694,0.6891903877258301,0.18895286321640015,0.6815131902694702,0.18714424967765808,0.7171587944030762,0.23772220313549042,0.6583596467971802,0.24547246098518372,0.7291973233222961,0.3535889685153961,0.6459624171257019,0.3624193072319031,0.7265452146530151,0.43684151768684387,0.6464455127716064,0.457712322473526,0.7268705368041992,0.4674586355686188,0.6444225907325745,0.48790034651756287,0.7217888832092285,0.4641687572002411,0.649374783039093,0.49030259251594543,0.721214234828949,0.45346006751060486,0.6507444977760315,0.4779622554779053,0.7046148180961609,0.47318074107170105,0.6756224632263184,0.48024168610572815,0.7089229226112366,0.625126838684082,0.7012847661972046,0.6549535989761353,0.6862134337425232,0.7615639567375183,0.7055023312568665,0.7979555130004883,0.6800110936164856,0.7772585153579712,0.706479012966156,0.8128416538238525,0.6873683333396912,0.8197376728057861,0.7092527747154236,0.8624030351638794,0
0.6850994825363159,0.17793741822242737,0.6886752247810364,0.16003963351249695,0.690819263458252,0.15934860706329346,0.6929391026496887,0.15841808915138245,0.6825704574584961,0.15922126173973083,0.6805452108383179,0.1580849289894104,0.6785675287246704,0.1567833423614502,0.6961103081703186,0.15950411558151245,0.6764636635780334,0.15724751353263855,0.6892532110214233,0.19311419129371643,0.6816969513893127,0.19071745872497559,0.7174546718597412,0.23709730803966522,0.6584272980690002,0.2440168559551239,0.7305371165275574,0.35216662287712097,0.6465317010879517,0.3575476109981537,0.7283869981765747,0.4293399751186371,0.6470327973365784,0.45716002583503723,0.7282829284667969,0.4597092866897583,0.6453586220741272,0.49008357524871826,0.7236545085906982,0.45682668685913086,0.651064932346344,0.48927950859069824,0.7232709527015686,0.4449057877063751,0.6527814269065857,0.4807795286178589,0.7061958312988281,0.46951842308044434,0.6759199500083923,0.4747644364833832,0.7240839600563049,0.6306586265563965,0.695798397064209,0.6400833129882812,0.7207381129264832,0.7779591083526611,0.692575991153717,0.7833912372589111,0.7159500122070312,0.7963806390762329,0.6898168921470642,0.8007292747497559,0.7291675209999084,0.8373342156410217,0.6865176558494568,0.8386621475219727,0
0.6843869090080261,0.17615821957588196,0.6879706978797913,0.1585412323474884,0.6901229619979858,0.1576833724975586,0.6921999454498291,0.15653353929519653,0.682012140750885,0.1584397852420807,0.680080235004425,0.15758243203163147,0.6785057783126831,0.15672102570533752,0.6956926584243774,0.15808355808258057,0.677307665348053,0.15771904587745667,0.6891376376152039,0.18993079662322998,0.6816443204879761,0.1879863440990448,0.7193530201911926,0.23863141238689423,0.6588624715805054,0.2448364645242691,0.7309733033180237,0.35379213094711304,0.6471459865570068,0.35933196544647217,0.7288492321968079,0.4317978024482727,0.6469859480857849,0.454909086227417,0.7284694314002991,0.46220314502716064,0.6449651718139648,0.4887179136276245,0.7255706191062927,0.45359817147254944,0.650324821472168,0.4911739230155945,0.7232185006141663,0.44764193892478943,0.6518648862838745,0.4793991148471832,0.7063471674919128,0.4669867157936096,0.6759043335914612,0.4760226905345917,0.7224484086036682,0.6300719976425171,0.6967052221298218,0.647783100605011,0.7166042327880859,0.772510826587677,0.6952322125434875,0.7916266918182373,0.7115139961242676,0.7900098562240601,0.6963580846786499,0.8114433288574219,0.7270474433898926,0.8277556896209717,0.6891786456108093,0.8470257520675659,0
0.685544490814209,0.17931324243545532,0.688965380191803,0.16123926639556885,0.691118597984314,0.16057389974594116,0.6932530403137207,0.15969380736351013,0.683273196220398,0.16094663739204407,0.6814643144607544,0.16018640995025635,0.67966628074646,0.15923163294792175,0.6964273452758789,0.16274189949035645,0.6777544021606445,0.16133496165275574,0.6896853446960449,0.1931886374950409,0.6826334595680237,0.19147828221321106,0.719341516494751,0.2417192906141281,0.6597033143043518,0.2469065934419632,0.7327393293380737,0.3535163402557373,0.6502763628959656,0.36438849568367004,0.7285652160644531,0.4462985694408417,0.6483449935913086,0.46410536766052246,0.7299792170524597,0.4741057753562927,0.6459554433822632,0.49892306327819824,0.7244828939437866,0.4709341526031494,0.6507817506790161,0.497918963432312,0.723470151424408,0.46063464879989624,0.6526574492454529,0.4893268048763275,0.7084683775901794,0.46672430634498596,0.6785948276519775,0.47830235958099365,0.7216044068336487,0.6402654051780701,0.6912428140640259,0.6406985521316528,0.7246265411376953,0.7720156908035278,0.6955004930496216,0.7901807427406311,0.7215760946273804,0.789107620716095,0.6981897950172424,0.8089104890823364,0.7335835099220276,0.8308911323547363,0.6963546872138977,0.8491054773330688,0
0.6851910948753357,0.18932238221168518,0.688676655292511,0.1720515489578247,0.6908057928085327,0.1713346540927887,0.6928322315216064,0.1702527403831482,0.6828125715255737,0.17150798439979553,0.6808714270591736,0.17043176293373108,0.6787768006324768,0.16894111037254333,0.6961749196052551,0.1701098084449768,0.6767281293869019,0.16802427172660828,0.6892328858375549,0.20120590925216675,0.681942880153656,0.1991913616657257,0.7204676866531372,0.24095021188259125,0.6592296957969666,0.245136097073555,0.7297855615615845,0.35199636220932007,0.6500215530395508,0.36467453837394714,0.7277079224586487,0.44240981340408325,0.6498361229896545,0.46894481778144836,0.7289232611656189,0.4709787368774414,0.648383378982544,0.5046490430831909,0.7240040302276611,0.4672126770019531,0.6523215770721436,0.5060652494430542,0.7214437127113342,0.4571699798107147,0.6549551486968994,0.49468010663986206,0.7096132636070251,0.4694100618362427,0.6797761917114258,0.47659310698509216,0.7151280641555786,0.6334525942802429,0.7037841081619263,0.6473989486694336,0.7021968364715576,0.7613968253135681,0.7100401520729065,0.7846893668174744,0.6973918080329895,0.7767696380615234,0.7117640972137451,0.7988933324813843,0.7045671939849854,0.8185058832168579,0.7135055661201477,0.8488453030586243,0
0.6858498454093933,0.1909235119819641,0.6891665458679199,0.17317131161689758,0.6911922693252563,0.17215177416801453,0.6931999921798706,0.17075353860855103,0.6834973096847534,0.17404022812843323,0.6816200017929077,0.17341011762619019,0.6796604990959167,0.17244306206703186,0.6966266632080078,0.1695360243320465,0.6778261065483093,0.17168420553207397,0.6900037527084351,0.20205503702163696,0.682837963104248,0.20107758045196533,0.7224589586257935,0.2417212724685669,0.660412073135376,0.25077831745147705,0.7353270053863525,0.35328349471092224,0.6503092050552368,0.37339672446250916,0.7301379442214966,0.44537296891212463,0.6503839492797852,0.4736045002937317,0.7295610904693604,0.4730384349822998,0.6494919657707214,0.5101698637008667,0.7240986824035645,0.4698313772678375,0.6538662910461426,0.5111085176467896,0.7234395146369934,0.45961377024650574,0.6557395458221436,0.49948322772979736,0.7111453413963318,0.47294217348098755,0.6811566948890686,0.4828331470489502,0.7243232131004333,0.6392439007759094,0.69814133644104,0.644054651260376,0.722368597984314,0.7758774757385254,0.6972432136535645,0.7737555503845215,0.7187864184379578,0.7935346961021423,0.6982606649398804,0.7867677211761475,0.7276294231414795,0.8274016380310059,0.6988913416862488,0.8374361991882324,0
0.6858300566673279,0.19426977634429932,0.689260721206665,0.17658337950706482,0.6913738250732422,0.17560258507728577,0.6934177279472351,0.17427104711532593,0.6837218403816223,0.17780867218971252,0.6819226145744324,0.17732450366020203,0.6804233193397522,0.17650949954986572,0.6969876885414124,0.17342227697372437,0.6793285608291626,0.17626482248306274,0.6904255151748657,0.2050890028476715,0.6833872199058533,0.20429125428199768,0.7232338190078735,0.24376094341278076,0.6620093584060669,0.2562456727027893,0.7369247674942017,0.35726189613342285,0.6515668630599976,0.3759397864341736,0.730577826499939,0.4455575942993164,0.650638997554779,0.4754694402217865,0.7293025255203247,0.4743276834487915,0.649194598197937,0.5130521059036255,0.7236526012420654,0.4709321856498718,0.6535854339599609,0.5144000053405762,0.7230862975120544,0.4601510167121887,0.6554981470108032,0.5030157566070557,0.7123851180076599,0.47452986240386963,0.6823959946632385,0.48418474197387695,0.7244285941123962,0.63655686378479,0.7019574046134949,0.6420044898986816,0.7171897888183594,0.7733229398727417,0.6981239914894104,0.7761098146438599,0.7125359773635864,0.7903236746788025,0.6982840299606323,0.7900506258010864,0.7252227663993835,0.827450156211853,0.7003005146980286,0.8389898538589478,0
0.685056209564209,0.20421403646469116,0.688159704208374,0.18608030676841736,0.6904428601264954,0.18451589345932007,0.6926513314247131,0.18199652433395386,0.6828041672706604,0.18676024675369263,0.6813051104545593,0.18587350845336914,0.6796813011169434,0.184658020734787,0.6969729065895081,0.17846956849098206,0.6789389848709106,0.18197670578956604,0.6899927854537964,0.21421244740486145,0.6830878257751465,0.2131991982460022,0.7245436906814575,0.23926246166229248,0.6627687215805054,0.25371623039245605,0.7403968572616577,0.3572178781032562,0.6508519053459167,0.37225279211997986,0.731986939907074,0.4417873024940491,0.6502872705459595,0.47493505477905273,0.7298327684402466,0.4765087366104126,0.6475642323493958,0.5101950168609619,0.7246249318122864,0.4719419479370117,0.6539903879165649,0.5118226408958435,0.7241225838661194,0.4599161744117737,0.6559757590293884,0.501632034778595,0.7131934762001038,0.4676452875137329,0.6836557388305664,0.4798881411552429,0.7122151851654053,0.6259114146232605,0.7057013511657715,0.6423730254173279,0.700288712978363,0.7664197683334351,0.7176712155342102,0.7868072986602783,0.6962326169013977,0.7861809730529785,0.7204664945602417,0.8048356771469116,0.7012125849723816,0.8182404041290283,0.721415638923645,0.8434364795684814,0
0.6850476861000061,0.20647460222244263,0.688041627407074,0.18887153267860413,0.6903514862060547,0.18729037046432495,0.6926007866859436,0.1852906346321106,0.6827082633972168,0.19002795219421387,0.6812112331390381,0.1893833577632904,0.6798721551895142,0.18845674395561218,0.6971083879470825,0.1818985939025879,0.6796889901161194,0.18551349639892578,0.6903553009033203,0.21666860580444336,0.6836496591567993,0.21634501218795776,0.7257242798805237,0.2488972246646881,0.6647488474845886,0.2589091658592224,0.7395862936973572,0.3615504503250122,0.6536840796470642,0.3725396990776062,0.7307431697845459,0.45561861991882324,0.6507283449172974,0.4750380218029022,0.7299761176109314,0.4795282185077667,0.6490318775177002,0.5119668245315552,0.7239439487457275,0.4774215817451477,0.652428150177002,0.5138515830039978,0.7233828902244568,0.469708651304245,0.6550011038780212,0.49964261054992676,0.7148886919021606,0.47446826100349426,0.6845599412918091,0.48266729712486267,0.7218692302703857,0.6428431272506714,0.6954988241195679,0.641836404800415,0.7203258275985718,0.7684835195541382,0.699641227722168,0.7790269255638123,0.7175451517105103,0.7849246263504028,0.7022213935852051,0.7956746816635132,0.7225756049156189,0.8183270692825317,0.6921048164367676,0.8286910653114319,0
0.6848575472831726,0.2203514277935028,0.6881023049354553,0.19975939393043518,0.6904188990592957,0.19747844338417053,0.6926612854003906,0.19454264640808105,0.6823495626449585,0.20043885707855225,0.6806523203849792,0.19895446300506592,0.6792495250701904,0.1970788538455963,0.6967145800590515,0.18692275881767273,0.6788448691368103,0.19187358021736145,0.689940333366394,0.22894449532032013,0.6830466389656067,0.2288075089454651,0.725624680519104,0.2434072196483612,0.665078341960907,0.2597958445549011,0.7425379753112793,0.3595428168773651,0.653871476650238,0.3776112198829651,0.7327361106872559,0.44470489025115967,0.6518356800079346,0.47846606373786926,0.730660080909729,0.47907793521881104,0.6501433253288269,0.5135778784751892,0.7253670692443848,0.469842791557312,0.6552647352218628,0.5160582661628723,0.724696934223175,0.4615117311477661,0.6567957401275635,0.5060828328132629,0.7136297821998596,0.46899399161338806,0.6846576929092407,0.4756607115268707,0.7183548212051392,0.6219308376312256,0.6977246403694153,0.6332030296325684,0.715639054775238,0.7582262754440308,0.7050419449806213,0.765222430229187,0.7132805585861206,0.7780303359031677,0.7079070806503296,0.7814586758613586,0.7169578671455383,0.809715986251831,0.705790102481842,0.8222832679748535,0
0.6867252588272095,0.2328120619058609,0.6902140378952026,0.21154627203941345,0.6925842761993408,0.20977354049682617,0.6948572397232056,0.20762339234352112,0.6837598085403442,0.21246808767318726,0.681852400302887,0.2113800346851349,0.6802577972412109,0.20995521545410156,0.699131965637207,0.2015087902545929,0.6790691614151001,0.205439031124115,0.6919344663619995,0.24121741950511932,0.6845440864562988,0.24171243607997894,0.7277200222015381,0.2509135901927948,0.6663804650306702,0.2704993188381195,0.7435556650161743,0.3640448749065399,0.6581412553787231,0.3864542841911316,0.73658686876297,0.44793903827667236,0.6548266410827637,0.4894521236419678,0.7359010577201843,0.48137012124061584,0.6499618887901306,0.5210370421409607,0.7300717830657959,0.4743625223636627,0.6565008759498596,0.5239956378936768,0.7291430234909058,0.46640971302986145,0.6584087014198303,0.5138486623764038,0.7175293564796448,0.4667024314403534,0.6874677538871765,0.4747049808502197,0.7184357643127441,0.6253588795661926,0.7028501033782959,0.6276605725288391,0.7125566601753235,0.778917670249939,0.7118285298347473,0.7735639810562134,0.7093786001205444,0.8015027642250061,0.7143446207046509,0.7916696071624756,0.7150125503540039,0.8312039971351624,0.7154660820960999,0.8301006555557251,0
0.687760591506958,0.24360355734825134,0.69053053855896,0.22300133109092712,0.6931444406509399,0.22092947363853455,0.6955026388168335,0.21845626831054688,0.6842758059501648,0.22451180219650269,0.6825510859489441,0.22337621450424194,0.6810039281845093,0.2218697965145111,0.6996524930000305,0.21067163348197937,0.6796427369117737,0.21613845229148865,0.6928634643554688,0.2517088055610657,0.6854812502861023,0.25240278244018555,0.7278874516487122,0.2565377950668335,0.6666218042373657,0.27833452820777893,0.744467556476593,0.36409714818000793,0.6566206216812134,0.3921465277671814,0.7350509762763977,0.45194563269615173,0.6538083553314209,0.4988502264022827,0.735135555267334,0.4827333986759186,0.6528927683830261,0.5342220664024353,0.7302520275115967,0.47860968112945557,0.6564196944236755,0.5355542302131653,0.7290700674057007,0.4676300287246704,0.659227728843689,0.5240862965583801,0.7182033061981201,0.4642384648323059,0.6888551712036133,0.47342371940612793,0.718656063079834,0.6208646297454834,0.707188606262207,0.6267400979995728,0.7100318670272827,0.7692813873291016,0.7200026512145996,0.7746826410293579,0.7063610553741455,0.79071044921875,0.7227084040641785,0.7924760580062866,0.712653398513794,0.8214885592460632,0.726166844367981,0.8321690559387207,0
0.6880894899368286,0.25288406014442444,0.690883219242096,0.23256166279315948,0.6935921907424927,0.2302357405424118,0.6960074305534363,0.2275674194097519,0.6848482489585876,0.23483635485172272,0.6832802295684814,0.23379597067832947,0.6818131804466248,0.23243030905723572,0.7000852823257446,0.21855559945106506,0.6808162927627563,0.22602826356887817,0.6938694715499878,0.26161646842956543,0.6859725117683411,0.2615061402320862,0.7294104695320129,0.26117268204689026,0.6679762005805969,0.287955105304718,0.7467710375785828,0.3713793456554413,0.658312976360321,0.4016525149345398,0.7381711602210999,0.4481648802757263,0.656225323677063,0.5079587697982788,0.7364080548286438,0.48196765780448914,0.654849648475647,0.5400360226631165,0.7313541769981384,0.47448113560676575,0.6592764258384705,0.5402126908302307,0.7303406000137329,0.4621497392654419,0.6612113118171692,0.5274679064750671,0.721207320690155,0.46885454654693604,0.6899605393409729,0.4778020977973938,0.7244510650634766,0.6348662376403809,0.6981294751167297,0.6304101347923279,0.7235704660415649,0.7865616083145142,0.7021586894989014,0.7799219489097595,0.7213493585586548,0.8091622591018677,0.7039846181869507,0.798761785030365,0.7253584861755371,0.8375989198684692,0.7040744423866272,0.8391520977020264,0
0.6901913285255432,0.27109068632125854,0.6931083798408508,0.25232601165771484,0.6956881284713745,0.24999122321605682,0.6979730129241943,0.24714969098567963,0.6863972544670105,0.2533143162727356,0.684583842754364,0.2518972158432007,0.6828867793083191,0.2499808669090271,0.7013710141181946,0.23570585250854492,0.6810622215270996,0.24217906594276428,0.6954881548881531,0.27823638916015625,0.6878551244735718,0.2782209515571594,0.7291032671928406,0.26600730419158936,0.6684204339981079,0.29985857009887695,0.746817946434021,0.3721226751804352,0.6599795818328857,0.4168042540550232,0.7375742197036743,0.4617922604084015,0.6584137678146362,0.5255851149559021,0.737575888633728,0.4928584694862366,0.6571133732795715,0.5595449805259705,0.7328319549560547,0.4828750193119049,0.6606253385543823,0.5570546388626099,0.7321442365646362,0.4766930937767029,0.6630918979644775,0.5484652519226074,0.7223603129386902,0.4552837014198303,0.6920658349990845,0.4676564633846283,0.7277737259864807,0.6248319745063782,0.696609377861023,0.620314359664917,0.7279133200645447,0.7701553106307983,0.7021286487579346,0.7642847895622253,0.7256957292556763,0.7913005948066711,0.7039862871170044,0.7816439867019653,0.7305485010147095,0.8256325125694275,0.7033723592758179,0.8231462240219116,0
0.6919667720794678,0.2799431085586548,0.6946145296096802,0.26085343956947327,0.6970928311347961,0.25815731287002563,0.6992000937461853,0.25498586893081665,0.6874231696128845,0.2629471719264984,0.6854744553565979,0.26156824827194214,0.6836345791816711,0.2596341371536255,0.7017912268638611,0.24297653138637543,0.6813811659812927,0.25192132592201233,0.6974424719810486,0.28601956367492676,0.6892977356910706,0.28809598088264465,0.7288777232170105,0.2739724814891815,0.6691150069236755,0.3095557391643524,0.7478523850440979,0.37805885076522827,0.6625267863273621,0.4282139241695404,0.7402780652046204,0.46015843749046326,0.6598635315895081,0.5378931164741516,0.7406939268112183,0.4877427816390991,0.6562918424606323,0.5713455677032471,0.7374398708343506,0.4838520586490631,0.6607167720794678,0.5741770267486572,0.7328144907951355,0.47259148955345154,0.6628413796424866,0.5624249577522278,0.7250713109970093,0.4777931571006775,0.6952964067459106,0.48836177587509155,0.7234556674957275,0.6349890232086182,0.7044146060943604,0.6450672149658203,0.7227557897567749,0.7791736125946045,0.7136015295982361,0.7833948731422424,0.7214586734771729,0.7999855875968933,0.7164894342422485,0.8007018566131592,0.7229313254356384,0.8356001377105713,0.7133712768554688,0.8424770832061768,0
0.692725658416748,0.30037665367126465,0.6953491568565369,0.28234782814979553,0.6978031396865845,0.2797827124595642,0.6997858285903931,0.27666428685188293,0.6884251236915588,0.2839430868625641,0.6862457990646362,0.2826777696609497,0.684443473815918,0.28080064058303833,0.7027868628501892,0.2633463740348816,0.6821120977401733,0.27267080545425415,0.6982722282409668,0.30575358867645264,0.6899846792221069,0.307668536901474,0.730176568031311,0.2873023748397827,0.6687535643577576,0.32374829053878784,0.7497057914733887,0.40054258704185486,0.6598917245864868,0.4433809220790863,0.7452358603477478,0.5125595331192017,0.6622314453125,0.5592986941337585,0.7468392848968506,0.5472916960716248,0.659156858921051,0.5890347957611084,0.7415807247161865,0.5449005961418152,0.6638160347938538,0.5906171202659607,0.7351590394973755,0.5259187817573547,0.6654836535453796,0.5789114832878113,0.725852906703949,0.4715458154678345,0.695639431476593,0.4928635060787201,0.7245304584503174,0.6413099765777588,0.7004120349884033,0.6522132754325867,0.7268039584159851,0.7732670903205872,0.7102288603782654,0.7818186283111572,0.7257701754570007,0.790392279624939,0.7130336761474609,0.7962245941162109,0.7283555865287781,0.8304160833358765,0.7101797461509705,0.8454824686050415,0
0.6928437352180481,0.3135164976119995,0.6958717703819275,0.2939544916152954,0.6982918977737427,0.29088902473449707,0.7001901268959045,0.2874442934989929,0.6890712976455688,0.29660657048225403,0.6865572333335876,0.2956886291503906,0.684809148311615,0.2940347492694855,0.703903317451477,0.27325624227523804,0.6824919581413269,0.2865978479385376,0.6983364820480347,0.31780290603637695,0.6906574964523315,0.32011836767196655,0.7300657629966736,0.29297393560409546,0.6705567240715027,0.33628973364830017,0.7492902874946594,0.3954907953739166,0.6638011932373047,0.45668667554855347,0.7394511699676514,0.48260068893432617,0.6633917093276978,0.5721826553344727,0.7398738265037537,0.5111660957336426,0.6616989970207214,0.6043238043785095,0.7363443970680237,0.5078847408294678,0.666189968585968,0.6004384756088257,0.7348654270172119,0.4979608952999115,0.6680454611778259,0.5921581387519836,0.7249331474304199,0.47452032566070557,0.6964451670646667,0.48941123485565186,0.7233380079269409,0.6339561939239502,0.6967973709106445,0.6303563714027405,0.7319278717041016,0.7725478410720825,0.7053760886192322,0.7793624401092529,0.7318367958068848,0.7902255654335022,0.7080710530281067,0.797831654548645,0.7349798679351807,0.8319097757339478,0.7059590220451355,0.8407570123672485,0
0.6911625266075134,0.31841492652893066,0.693784773349762,0.30393970012664795,0.6949754357337952,0.30208393931388855,0.6974962949752808,0.3022199869155884,0.6885685324668884,0.3040159344673157,0.686622142791748,0.30348631739616394,0.6846367716789246,0.30294710397720337,0.7003577351570129,0.2952169179916382,0.6816200613975525,0.3004027009010315,0.6940541863441467,0.32660627365112305,0.6875749230384827,0.3267035484313965,0.7071251273155212,0.32938921451568604,0.671626627445221,0.33204036951065063,0.7232000827789307,0.36224842071533203,0.6598796248435974,0.3835175633430481,0.726864218711853,0.38905462622642517,0.6640164852142334,0.4265337288379669,0.7296704053878784,0.3971281945705414,0.6639003753662109,0.4416418671607971,0.7274972796440125,0.39525145292282104,0.6668574810028076,0.43692395091056824,0.7254327535629272,0.3937775492668152,0.6676056981086731,0.4320341646671295,0.6971027851104736,0.4286121129989624,0.6780151724815369,0.4296990633010864,0.7035639882087708,0.5036378502845764,0.6748060584068298,0.5034024119377136,0.7042350172996521,0.5613784790039062,0.6750905513763428,0.5684565901756287,0.7029283046722412,0.5698899030685425,0.6767412424087524,0.5774854421615601,0.7045918107032776,0.5894134044647217,0.6729814410209656,0.600654661655426,0
0.0,0.0,0.0,0.0,0.0,0.0,0.0,0.0,0.0,0.0,0.0,0.0,0.0,0.0,0.0,0.0,0.0,0.0,0.0,0.0,0.0,0.0,0.0,0.0,0.0,0.0,0.0,0.0,0.0,0.0,0.0,0.0,0.0,0.0,0.0,0.0,0.0,0.0,0.0,0.0,0.0,0.0,0.0,0.0,0.0,0.0,0.0,0.0,0.0,0.0,0.0,0.0,0.0,0.0,0.0,0.0,0.0,0.0,0.0,0.0,0.0,0.0,0.0,0.0,0.0,0.0,0
0.0,0.0,0.0,0.0,0.0,0.0,0.0,0.0,0.0,0.0,0.0,0.0,0.0,0.0,0.0,0.0,0.0,0.0,0.0,0.0,0.0,0.0,0.0,0.0,0.0,0.0,0.0,0.0,0.0,0.0,0.0,0.0,0.0,0.0,0.0,0.0,0.0,0.0,0.0,0.0,0.0,0.0,0.0,0.0,0.0,0.0,0.0,0.0,0.0,0.0,0.0,0.0,0.0,0.0,0.0,0.0,0.0,0.0,0.0,0.0,0.0,0.0,0.0,0.0,0.0,0.0,0
0.0,0.0,0.0,0.0,0.0,0.0,0.0,0.0,0.0,0.0,0.0,0.0,0.0,0.0,0.0,0.0,0.0,0.0,0.0,0.0,0.0,0.0,0.0,0.0,0.0,0.0,0.0,0.0,0.0,0.0,0.0,0.0,0.0,0.0,0.0,0.0,0.0,0.0,0.0,0.0,0.0,0.0,0.0,0.0,0.0,0.0,0.0,0.0,0.0,0.0,0.0,0.0,0.0,0.0,0.0,0.0,0.0,0.0,0.0,0.0,0.0,0.0,0.0,0.0,0.0,0.0,0
0.0,0.0,0.0,0.0,0.0,0.0,0.0,0.0,0.0,0.0,0.0,0.0,0.0,0.0,0.0,0.0,0.0,0.0,0.0,0.0,0.0,0.0,0.0,0.0,0.0,0.0,0.0,0.0,0.0,0.0,0.0,0.0,0.0,0.0,0.0,0.0,0.0,0.0,0.0,0.0,0.0,0.0,0.0,0.0,0.0,0.0,0.0,0.0,0.0,0.0,0.0,0.0,0.0,0.0,0.0,0.0,0.0,0.0,0.0,0.0,0.0,0.0,0.0,0.0,0.0,0.0,0
0.0,0.0,0.0,0.0,0.0,0.0,0.0,0.0,0.0,0.0,0.0,0.0,0.0,0.0,0.0,0.0,0.0,0.0,0.0,0.0,0.0,0.0,0.0,0.0,0.0,0.0,0.0,0.0,0.0,0.0,0.0,0.0,0.0,0.0,0.0,0.0,0.0,0.0,0.0,0.0,0.0,0.0,0.0,0.0,0.0,0.0,0.0,0.0,0.0,0.0,0.0,0.0,0.0,0.0,0.0,0.0,0.0,0.0,0.0,0.0,0.0,0.0,0.0,0.0,0.0,0.0,0
0.0,0.0,0.0,0.0,0.0,0.0,0.0,0.0,0.0,0.0,0.0,0.0,0.0,0.0,0.0,0.0,0.0,0.0,0.0,0.0,0.0,0.0,0.0,0.0,0.0,0.0,0.0,0.0,0.0,0.0,0.0,0.0,0.0,0.0,0.0,0.0,0.0,0.0,0.0,0.0,0.0,0.0,0.0,0.0,0.0,0.0,0.0,0.0,0.0,0.0,0.0,0.0,0.0,0.0,0.0,0.0,0.0,0.0,0.0,0.0,0.0,0.0,0.0,0.0,0.0,0.0,0
0.0,0.0,0.0,0.0,0.0,0.0,0.0,0.0,0.0,0.0,0.0,0.0,0.0,0.0,0.0,0.0,0.0,0.0,0.0,0.0,0.0,0.0,0.0,0.0,0.0,0.0,0.0,0.0,0.0,0.0,0.0,0.0,0.0,0.0,0.0,0.0,0.0,0.0,0.0,0.0,0.0,0.0,0.0,0.0,0.0,0.0,0.0,0.0,0.0,0.0,0.0,0.0,0.0,0.0,0.0,0.0,0.0,0.0,0.0,0.0,0.0,0.0,0.0,0.0,0.0,0.0,0
0.7292948961257935,0.42904502153396606,0.7321110963821411,0.43845897912979126,0.7315973043441772,0.44217702746391296,0.7310806512832642,0.44595015048980713,0.7337535619735718,0.4281289577484131,0.7344588041305542,0.4242691695690155,0.7351983189582825,0.4202955365180969,0.7303016185760498,0.44672298431396484,0.736123263835907,0.41112780570983887,0.7257766723632812,0.43052154779434204,0.7281519770622253,0.41761237382888794,0.7213612198829651,0.44601935148239136,0.7303928136825562,0.37456175684928894,0.7094243764877319,0.45254993438720703,0.7232750058174133,0.3531547784805298,0.7048510909080505,0.42835649847984314,0.7136746644973755,0.352382093667984,0.7031901478767395,0.4252818524837494,0.7113207578659058,0.34772664308547974,0.7031614184379578,0.4235701858997345,0.7121221423149109,0.3514065444469452,0.7039963006973267,0.42226022481918335,0.7127435803413391,0.3551813066005707,0.6992350816726685,0.38144925236701965,0.7033795118331909,0.3426189422607422,0.6985666751861572,0.4204593896865845,0.6979081630706787,0.3907235860824585,0.6932337284088135,0.418834924697876,0.6942040920257568,0.3948826193809509,0.6930232644081116,0.41881778836250305,0.6940246820449829,0.3961826264858246,0.6878805160522461,0.4133380949497223,0.6882346272468567,0.3968219459056854,0
0.7273324131965637,0.43563535809516907,0.7287428379058838,0.4384309649467468,0.7287796139717102,0.43991345167160034,0.7288050651550293,0.44145238399505615,0.7285826206207275,0.4337345063686371,0.7285544872283936,0.43182024359703064,0.7285633087158203,0.42979690432548523,0.7285290956497192,0.4386691451072693,0.7280940413475037,0.42296692728996277,0.7258915305137634,0.43535199761390686,0.7262003421783447,0.42950278520584106,0.7237190008163452,0.4346093535423279,0.7237496376037598,0.39273613691329956,0.7187101244926453,0.4450015425682068,0.7201153039932251,0.37189897894859314,0.7201701402664185,0.45607972145080566,0.7150766849517822,0.3734067678451538,0.7213433980941772,0.45919671654701233,0.7128686308860779,0.37034568190574646,0.7189735174179077,0.4619181752204895,0.7137882113456726,0.3717518746852875,0.7185304164886475,0.4596165120601654,0.7147144079208374,0.37434881925582886,0.7037039399147034,0.378295361995697,0.7047452330589294,0.3520020842552185,0.6981234550476074,0.4054194390773773,0.6959521770477295,0.3861534297466278,0.6909853219985962,0.41294369101524353,0.689973771572113,0.3943263590335846,0.6894782781600952,0.4134988784790039,0.6892368197441101,0.3932041823863983,0.688137948513031,0.4199711084365845,0.6857222318649292,0.4069371521472931,0
0.7283980250358582,0.44214698672294617,0.7307729721069336,0.4470762610435486,0.7306857109069824,0.4489530920982361,0.7305850386619568,0.4508725106716156,0.7310299277305603,0.441480815410614,0.7311479449272156,0.4393468499183655,0.7313063740730286,0.4370981454849243,0.7304789423942566,0.4491526484489441,0.7313305139541626,0.4305601418018341,0.726220965385437,0.4418686330318451,0.7270098924636841,0.43500372767448425,0.7218611836433411,0.4450008273124695,0.7256176471710205,0.39427846670150757,0.7110248804092407,0.42595890164375305,0.7135084271430969,0.37273699045181274,0.7052813172340393,0.39424338936805725,0.6996541023254395,0.36545872688293457,0.7037935853004456,0.3847621977329254,0.6949677467346191,0.35955870151519775,0.7028570175170898,0.38468071818351746,0.6952795386314392,0.3617435395717621,0.7035321593284607,0.38700902462005615,0.6971703171730042,0.3656248450279236,0.7031434178352356,0.39204439520835876,0.7058752179145813,0.3600003123283386,0.6973080039024353,0.41757628321647644,0.6973554491996765,0.39376553893089294,0.6909133195877075,0.41811275482177734,0.6922734379768372,0.4043421447277069,0.6896515488624573,0.4178403913974762,0.6916910409927368,0.40458884835243225,0.689020574092865,0.42060646414756775,0.6886335611343384,0.41638657450675964,0
0.0,0.0,0.0,0.0,0.0,0.0,0.0,0.0,0.0,0.0,0.0,0.0,0.0,0.0,0.0,0.0,0.0,0.0,0.0,0.0,0.0,0.0,0.0,0.0,0.0,0.0,0.0,0.0,0.0,0.0,0.0,0.0,0.0,0.0,0.0,0.0,0.0,0.0,0.0,0.0,0.0,0.0,0.0,0.0,0.0,0.0,0.0,0.0,0.0,0.0,0.0,0.0,0.0,0.0,0.0,0.0,0.0,0.0,0.0,0.0,0.0,0.0,0.0,0.0,0.0,0.0,0
0.0,0.0,0.0,0.0,0.0,0.0,0.0,0.0,0.0,0.0,0.0,0.0,0.0,0.0,0.0,0.0,0.0,0.0,0.0,0.0,0.0,0.0,0.0,0.0,0.0,0.0,0.0,0.0,0.0,0.0,0.0,0.0,0.0,0.0,0.0,0.0,0.0,0.0,0.0,0.0,0.0,0.0,0.0,0.0,0.0,0.0,0.0,0.0,0.0,0.0,0.0,0.0,0.0,0.0,0.0,0.0,0.0,0.0,0.0,0.0,0.0,0.0,0.0,0.0,0.0,0.0,0
0.0,0.0,0.0,0.0,0.0,0.0,0.0,0.0,0.0,0.0,0.0,0.0,0.0,0.0,0.0,0.0,0.0,0.0,0.0,0.0,0.0,0.0,0.0,0.0,0.0,0.0,0.0,0.0,0.0,0.0,0.0,0.0,0.0,0.0,0.0,0.0,0.0,0.0,0.0,0.0,0.0,0.0,0.0,0.0,0.0,0.0,0.0,0.0,0.0,0.0,0.0,0.0,0.0,0.0,0.0,0.0,0.0,0.0,0.0,0.0,0.0,0.0,0.0,0.0,0.0,0.0,0
0.0,0.0,0.0,0.0,0.0,0.0,0.0,0.0,0.0,0.0,0.0,0.0,0.0,0.0,0.0,0.0,0.0,0.0,0.0,0.0,0.0,0.0,0.0,0.0,0.0,0.0,0.0,0.0,0.0,0.0,0.0,0.0,0.0,0.0,0.0,0.0,0.0,0.0,0.0,0.0,0.0,0.0,0.0,0.0,0.0,0.0,0.0,0.0,0.0,0.0,0.0,0.0,0.0,0.0,0.0,0.0,0.0,0.0,0.0,0.0,0.0,0.0,0.0,0.0,0.0,0.0,0
0.0,0.0,0.0,0.0,0.0,0.0,0.0,0.0,0.0,0.0,0.0,0.0,0.0,0.0,0.0,0.0,0.0,0.0,0.0,0.0,0.0,0.0,0.0,0.0,0.0,0.0,0.0,0.0,0.0,0.0,0.0,0.0,0.0,0.0,0.0,0.0,0.0,0.0,0.0,0.0,0.0,0.0,0.0,0.0,0.0,0.0,0.0,0.0,0.0,0.0,0.0,0.0,0.0,0.0,0.0,0.0,0.0,0.0,0.0,0.0,0.0,0.0,0.0,0.0,0.0,0.0,0
0.0,0.0,0.0,0.0,0.0,0.0,0.0,0.0,0.0,0.0,0.0,0.0,0.0,0.0,0.0,0.0,0.0,0.0,0.0,0.0,0.0,0.0,0.0,0.0,0.0,0.0,0.0,0.0,0.0,0.0,0.0,0.0,0.0,0.0,0.0,0.0,0.0,0.0,0.0,0.0,0.0,0.0,0.0,0.0,0.0,0.0,0.0,0.0,0.0,0.0,0.0,0.0,0.0,0.0,0.0,0.0,0.0,0.0,0.0,0.0,0.0,0.0,0.0,0.0,0.0,0.0,0
0.0,0.0,0.0,0.0,0.0,0.0,0.0,0.0,0.0,0.0,0.0,0.0,0.0,0.0,0.0,0.0,0.0,0.0,0.0,0.0,0.0,0.0,0.0,0.0,0.0,0.0,0.0,0.0,0.0,0.0,0.0,0.0,0.0,0.0,0.0,0.0,0.0,0.0,0.0,0.0,0.0,0.0,0.0,0.0,0.0,0.0,0.0,0.0,0.0,0.0,0.0,0.0,0.0,0.0,0.0,0.0,0.0,0.0,0.0,0.0,0.0,0.0,0.0,0.0,0.0,0.0,0
0.7050555348396301,0.3755689561367035,0.7070317268371582,0.3707808256149292,0.7079213261604309,0.37158024311065674,0.7088251709938049,0.37236231565475464,0.7045369148254395,0.368419349193573,0.7036784887313843,0.36754924058914185,0.7027936577796936,0.3666526675224304,0.7096805572509766,0.37589123845100403,0.7012622356414795,0.3678334653377533,0.7058080434799194,0.38316598534584045,0.7026404142379761,0.38016441464424133,0.7109001874923706,0.4141501486301422,0.6907016038894653,0.3918532133102417,0.7113317251205444,0.4465460181236267,0.6790484189987183,0.4188394546508789,0.7054126262664795,0.4690101742744446,0.677288293838501,0.4433577060699463,0.7045240998268127,0.4770982265472412,0.6756535768508911,0.45200589299201965,0.7035663723945618,0.4721696674823761,0.6781701445579529,0.450421541929245,0.703163743019104,0.4689829647541046,0.6791431307792664,0.44837549328804016,0.6927931308746338,0.4834544062614441,0.680923342704773,0.4702134132385254,0.6874814033508301,0.5320756435394287,0.6684807538986206,0.5091559290885925,0.678178608417511,0.5613607168197632,0.6690310835838318,0.5529308915138245,0.6760415434837341,0.5647859573364258,0.669798731803894,0.5568379163742065,0.6769126057624817,0.5781835913658142,0.6671632528305054,0.5747047662734985,0
0.0,0.0,0.0,0.0,0.0,0.0,0.0,0.0,0.0,0.0,0.0,0.0,0.0,0.0,0.0,0.0,0.0,0.0,0.0,0.0,0.0,0.0,0.0,0.0,0.0,0.0,0.0,0.0,0.0,0.0,0.0,0.0,0.0,0.0,0.0,0.0,0.0,0.0,0.0,0.0,0.0,0.0,0.0,0.0,0.0,0.0,0.0,0.0,0.0,0.0,0.0,0.0,0.0,0.0,0.0,0.0,0.0,0.0,0.0,0.0,0.0,0.0,0.0,0.0,0.0,0.0,0
0.7092921733856201,0.4015274941921234,0.7105295658111572,0.39279744029045105,0.7116212844848633,0.393105685710907,0.712739109992981,0.39339759945869446,0.7071365714073181,0.39142072200775146,0.7057616710662842,0.39078670740127563,0.7043363451957703,0.39012381434440613,0.7121900320053101,0.396026611328125,0.7004173994064331,0.39175599813461304,0.7099112868309021,0.4110725224018097,0.7056139707565308,0.4094136357307434,0.7133130431175232,0.4327002167701721,0.6884713768959045,0.4286845028400421,0.7238668203353882,0.47261083126068115,0.6825514435768127,0.47527414560317993,0.7253626585006714,0.4841962456703186,0.6909107565879822,0.4880388379096985,0.7264374494552612,0.4902802109718323,0.6922075152397156,0.494062602519989,0.724782407283783,0.48454082012176514,0.6946418881416321,0.48573723435401917,0.7235020399093628,0.4833138585090637,0.694383442401886,0.48429250717163086,0.7027463912963867,0.5265289545059204,0.6867989301681519,0.5316269397735596,0.7239466309547424,0.5525294542312622,0.6831973791122437,0.5872063636779785,0.7319345474243164,0.6201542019844055,0.6847269535064697,0.673486590385437,0.7296764254570007,0.6319370865821838,0.6852781772613525,0.6865954995155334,0.7424092292785645,0.6435032486915588,0.687687873840332,0.7012629508972168,0
0.0,0.0,0.0,0.0,0.0,0.0,0.0,0.0,0.0,0.0,0.0,0.0,0.0,0.0,0.0,0.0,0.0,0.0,0.0,0.0,0.0,0.0,0.0,0.0,0.0,0.0,0.0,0.0,0.0,0.0,0.0,0.0,0.0,0.0,0.0,0.0,0.0,0.0,0.0,0.0,0.0,0.0,0.0,0.0,0.0,0.0,0.0,0.0,0.0,0.0,0.0,0.0,0.0,0.0,0.0,0.0,0.0,0.0,0.0,0.0,0.0,0.0,0.0,0.0,0.0,0.0,0
0.7090697288513184,0.406157523393631,0.710245668888092,0.3981426954269409,0.7111191749572754,0.3986023962497711,0.7120243906974792,0.39903178811073303,0.7073605060577393,0.396300733089447,0.7061601281166077,0.395449697971344,0.7049059271812439,0.39456939697265625,0.7110421061515808,0.4010792374610901,0.7011681795120239,0.3951982259750366,0.7092134356498718,0.41503816843032837,0.7055608034133911,0.41279327869415283,0.7115160226821899,0.4396780729293823,0.6885878443717957,0.4312182068824768,0.7201154232025146,0.4862152636051178,0.6841202974319458,0.4825217127799988,0.72166907787323,0.4903324246406555,0.6885249614715576,0.49953147768974304,0.7224701642990112,0.49382272362709045,0.6884998083114624,0.505412220954895,0.7214442491531372,0.4879020154476166,0.6905831694602966,0.4990408718585968,0.7204635739326477,0.48747748136520386,0.6908237338066101,0.49765998125076294,0.6999152898788452,0.5363345146179199,0.6843166947364807,0.5394377708435059,0.7212352752685547,0.5631223917007446,0.6802642941474915,0.6031510233879089,0.7300422191619873,0.6288811564445496,0.6801677346229553,0.6850427389144897,0.7281509041786194,0.6411410570144653,0.6803197264671326,0.6977959871292114,0.739997923374176,0.6495097875595093,0.6827606558799744,0.7097617387771606,0
0.7011560201644897,0.4025297164916992,0.7036135792732239,0.3959614038467407,0.7046875357627869,0.3967895209789276,0.7057792544364929,0.39760637283325195,0.7006223797798157,0.3933833837509155,0.69955974817276,0.39238831400871277,0.698461651802063,0.3913611173629761,0.7066699266433716,0.4010468125343323,0.6965820789337158,0.3925107419490814,0.7019663453102112,0.41146910190582275,0.6981784105300903,0.40818601846694946,0.7078189253807068,0.443786084651947,0.6842033267021179,0.4234952926635742,0.7071189880371094,0.48732906579971313,0.6718226671218872,0.46871650218963623,0.7038925290107727,0.49006086587905884,0.6736878752708435,0.49321332573890686,0.703340470790863,0.49334484338760376,0.6727967262268066,0.5024557709693909,0.7033410668373108,0.4889635145664215,0.6759735941886902,0.49826353788375854,0.7028211951255798,0.48756667971611023,0.6767132878303528,0.49581238627433777,0.6893824338912964,0.5336874723434448,0.6762319803237915,0.5228231549263,0.6852001547813416,0.5997747778892517,0.6688198447227478,0.5951117277145386,0.6792222261428833,0.6563901901245117,0.6685286164283752,0.6636525988578796,0.6777560114860535,0.6634888648986816,0.6688684225082397,0.672488808631897,0.6771116852760315,0.6805815100669861,0.6675524711608887,0.6895307302474976,0
0.7069613933563232,0.4065485894680023,0.7082323431968689,0.39933353662490845,0.7090129852294922,0.39996910095214844,0.7098223567008972,0.40056583285331726,0.7056465744972229,0.39715683460235596,0.704607367515564,0.39625298976898193,0.7035090327262878,0.3953298032283783,0.708899736404419,0.40304070711135864,0.700154721736908,0.39607393741607666,0.706919252872467,0.41515105962753296,0.703628659248352,0.4125254154205322,0.7103803157806396,0.44439178705215454,0.6861821413040161,0.43325409293174744,0.7190383076667786,0.4975312352180481,0.6780263185501099,0.4870830476284027,0.7172937393188477,0.5000725984573364,0.6817289590835571,0.5092198848724365,0.7172781229019165,0.5032164454460144,0.6818888783454895,0.5171189308166504,0.7161190509796143,0.4963606595993042,0.6839979290962219,0.5109430551528931,0.7153613567352295,0.4958174228668213,0.6841157078742981,0.5088642239570618,0.6992450952529907,0.5452085137367249,0.6840892434120178,0.5450189113616943,0.7116963863372803,0.5938554406166077,0.6801181435585022,0.61269211769104,0.71303391456604,0.6566897630691528,0.6825971007347107,0.6952356100082397,0.7110002636909485,0.6661095023155212,0.6829299926757812,0.7060555815696716,0.7193371057510376,0.6820414066314697,0.6850880980491638,0.7235814332962036,0
0.7068102359771729,0.40291038155555725,0.7084138989448547,0.39370739459991455,0.7096638083457947,0.3940640091896057,0.7109349370002747,0.3943879306316376,0.7047063708305359,0.39237475395202637,0.7032124400138855,0.3918004631996155,0.7016715407371521,0.39120933413505554,0.7107114791870117,0.3982345759868622,0.6977568864822388,0.3940802216529846,0.7077033519744873,0.4133087396621704,0.7028595209121704,0.4116716980934143,0.713532030582428,0.4394885301589966,0.6841372847557068,0.4367285966873169,0.7248125076293945,0.49095040559768677,0.674483597278595,0.4930613040924072,0.72628253698349,0.5025418996810913,0.6772474050521851,0.5078087449073792,0.7276309728622437,0.5095205307006836,0.6772168278694153,0.5153689980506897,0.7257442474365234,0.5016152858734131,0.679543137550354,0.5061951279640198,0.7241755127906799,0.5001227259635925,0.6800662279129028,0.5045048594474792,0.7040920257568359,0.5387198328971863,0.6866063475608826,0.5446478724479675,0.7218865752220154,0.5725464820861816,0.6834611296653748,0.6089417934417725,0.7311078310012817,0.6294137239456177,0.6850577592849731,0.6858859658241272,0.7298166751861572,0.6399860382080078,0.6857839822769165,0.6972634792327881,0.7393862009048462,0.6520956754684448,0.6869333386421204,0.7145488262176514,0
0.704745352268219,0.42832934856414795,0.7053412199020386,0.41923725605010986,0.7061718702316284,0.4191453456878662,0.7070335745811462,0.41904687881469727,0.7029187679290771,0.4188803434371948,0.7019089460372925,0.41858044266700745,0.7008413672447205,0.41823136806488037,0.7068673968315125,0.42059287428855896,0.6984277367591858,0.419644296169281,0.7056469321250916,0.43651705980300903,0.702487587928772,0.4360010623931885,0.7084111571311951,0.45519062876701355,0.6945094466209412,0.4569746255874634,0.7314348220825195,0.4800252318382263,0.699759840965271,0.4884805381298065,0.7297695875167847,0.47624850273132324,0.7067952156066895,0.4924420714378357,0.7287327647209167,0.47444868087768555,0.7078683972358704,0.49466195702552795,0.7268795371055603,0.47011643648147583,0.7082545161247253,0.48826324939727783,0.7268958687782288,0.472891628742218,0.7077683806419373,0.4882955253124237,0.6941896080970764,0.5764611959457397,0.6859766840934753,0.5762626528739929,0.6915839314460754,0.6542970538139343,0.6864937543869019,0.6673808097839355,0.6879952549934387,0.7087349891662598,0.6795065999031067,0.7350212931632996,0.6858133673667908,0.7160340547561646,0.6778998374938965,0.7443197965621948,0.6908761858940125,0.7320030927658081,0.6801095008850098,0.759803831577301,0
0.7059601545333862,0.5149004459381104,0.7056229710578918,0.4948388338088989,0.7067677974700928,0.4897274374961853,0.7078966498374939,0.4846174120903015,0.7009824514389038,0.5068843364715576,0.6964031457901001,0.5170862078666687,0.6958551406860352,0.5167641043663025,0.7066817879676819,0.45931297540664673,0.6904770731925964,0.5000792741775513,0.7073584198951721,0.5055205225944519,0.7027551531791687,0.5174583792686462,0.7166908383369446,0.4257955551147461,0.6768098473548889,0.5260586738586426,0.7465906739234924,0.4539973735809326,0.6840343475341797,0.6167640686035156,0.7467862367630005,0.5439566969871521,0.689376711845398,0.7078734636306763,0.7479033470153809,0.5614681839942932,0.6852346062660217,0.7345085144042969,0.7411375641822815,0.565362274646759,0.6899790167808533,0.7270647287368774,0.740441620349884,0.5596287250518799,0.6930297017097473,0.7143037915229797,0.7213051915168762,0.4967913031578064,0.701288104057312,0.5440777540206909,0.7527663707733154,0.5588966012001038,0.7193976044654846,0.6269058585166931,0.7553531527519226,0.567147433757782,0.7290990948677063,0.6049001812934875,0.75407874584198,0.5673298835754395,0.7297406792640686,0.5970072746276855,0.7621998190879822,0.5892473459243774,0.7354511618614197,0.625457763671875,0
0.697932779788971,0.5147907137870789,0.6993281841278076,0.49707603454589844,0.7022895812988281,0.4937017261981964,0.7029825448989868,0.4833328425884247,0.6946136355400085,0.49981340765953064,0.6941394209861755,0.4946942627429962,0.6918647885322571,0.4959537386894226,0.7086392641067505,0.4591277241706848,0.6869977712631226,0.4837053418159485,0.7014181613922119,0.5041800737380981,0.6977142095565796,0.5109293460845947,0.725899875164032,0.44787096977233887,0.6717290282249451,0.5165682435035706,0.7610195279121399,0.48405709862709045,0.6657834053039551,0.623865008354187,0.7441599369049072,0.5330404043197632,0.6648706197738647,0.7494461536407471,0.7367085814476013,0.5336492657661438,0.6598083972930908,0.7807098627090454,0.7318097949028015,0.5280164480209351,0.6654214262962341,0.7764838337898254,0.7315042614936829,0.5286577343940735,0.669262170791626,0.7643541693687439,0.721873939037323,0.5656108856201172,0.6940168738365173,0.5908693671226501,0.7363667488098145,0.6856762766838074,0.6940903663635254,0.7250365018844604,0.734847903251648,0.7204756140708923,0.702010452747345,0.7579236030578613,0.7328122854232788,0.7197850942611694,0.7028964757919312,0.755756139755249,0.7413959503173828,0.7660539746284485,0.706018328666687,0.8039061427116394,0
0.7008739709854126,0.4361634850502014,0.7019250392913818,0.4266594648361206,0.7027284502983093,0.42677342891693115,0.7035617828369141,0.42685872316360474,0.6992740035057068,0.4256635904312134,0.6982771754264832,0.4251266419887543,0.6972063183784485,0.42458587884902954,0.7036702632904053,0.42810869216918945,0.6947022080421448,0.4251210689544678,0.7018118500709534,0.44484010338783264,0.6986125111579895,0.4438207149505615,0.7101189494132996,0.4727739989757538,0.6840662956237793,0.4645690321922302,0.7317780256271362,0.5140793919563293,0.6849387884140015,0.5068368911743164,0.7301801443099976,0.49303704500198364,0.6946161389350891,0.513236403465271,0.7294430732727051,0.4888537526130676,0.6965872645378113,0.5165197253227234,0.7272878885269165,0.48087453842163086,0.6976845860481262,0.5090258717536926,0.7270418405532837,0.4835207760334015,0.6971897482872009,0.5087844133377075,0.7002620697021484,0.5885621309280396,0.6840142607688904,0.5939238667488098,0.7146021723747253,0.6149640679359436,0.677906334400177,0.6860448718070984,0.7185229659080505,0.6785651445388794,0.6795381903648376,0.7620747685432434,0.7163666486740112,0.6907922029495239,0.6804633736610413,0.7718109488487244,0.7268346548080444,0.6986297965049744,0.6806217432022095,0.7906820178031921,0
0.7020184993743896,0.4251977205276489,0.7039570808410645,0.4118262529373169,0.7055071592330933,0.41137319803237915,0.707064688205719,0.4109012484550476,0.6996364593505859,0.4116852879524231,0.6978763937950134,0.4112328290939331,0.6960670948028564,0.41077834367752075,0.7076296806335449,0.41023117303848267,0.6924716830253601,0.4101778566837311,0.7037274241447449,0.43340304493904114,0.6979190111160278,0.4332990050315857,0.7128977179527283,0.44513076543807983,0.6795600056648254,0.45346444845199585,0.7265613079071045,0.5022637844085693,0.6706582903862,0.5292767286300659,0.7259858250617981,0.5150005221366882,0.6717444658279419,0.5749110579490662,0.7270846366882324,0.5198792815208435,0.6705885529518127,0.590420126914978,0.7257934212684631,0.5104328393936157,0.6732356548309326,0.5839414000511169,0.7232415676116943,0.5130996704101562,0.6746017932891846,0.578887403011322,0.7050819396972656,0.552927553653717,0.688372790813446,0.5548685193061829,0.7006199359893799,0.6375659704208374,0.6803763508796692,0.6444448828697205,0.6917402744293213,0.7008336782455444,0.6799333095550537,0.714621365070343,0.6902011036872864,0.70545494556427,0.6804643273353577,0.7217482328414917,0.6897172927856445,0.7435817122459412,0.6778448224067688,0.7545570731163025,0
0.7061310410499573,0.4223335087299347,0.7082955241203308,0.41689929366111755,0.7094544768333435,0.4177135229110718,0.7106226086616516,0.4185369610786438,0.7052975296974182,0.41423532366752625,0.7041684985160828,0.41306072473526,0.7030174732208252,0.4118499457836151,0.711931586265564,0.42111915349960327,0.7015234231948853,0.4118916392326355,0.7074688673019409,0.4297262132167816,0.7035970091819763,0.4263799488544464,0.7122412323951721,0.4481770694255829,0.6973283290863037,0.42727404832839966,0.7113037705421448,0.47513261437416077,0.6863220930099487,0.4294382333755493,0.7131561040878296,0.49002110958099365,0.6969385743141174,0.4195895493030548,0.7150042653083801,0.4945307970046997,0.6992009282112122,0.4159698486328125,0.7139609456062317,0.4934874176979065,0.7011554837226868,0.415630578994751,0.7124334573745728,0.4919251501560211,0.7006486058235168,0.41921737790107727,0.6983678340911865,0.502551794052124,0.6905656456947327,0.487284779548645,0.697352409362793,0.49731773138046265,0.6842933893203735,0.4698210060596466,0.6847984790802002,0.5217176675796509,0.6741449236869812,0.517357587814331,0.6834005117416382,0.5257028937339783,0.6738367676734924,0.5269208550453186,0.6786626577377319,0.531764566898346,0.667384684085846,0.5290087461471558,0
0.7088304758071899,0.42180436849594116,0.7112553715705872,0.41634106636047363,0.7121796607971191,0.41754812002182007,0.7131154537200928,0.4187513589859009,0.7087156772613525,0.4120047092437744,0.7077425718307495,0.41004517674446106,0.7067475914955139,0.40805691480636597,0.7135581970214844,0.41874828934669495,0.7045770287513733,0.40397167205810547,0.7088416218757629,0.4282689392566681,0.7057013511657715,0.42300546169281006,0.7119444608688354,0.44383540749549866,0.6949171423912048,0.41267433762550354,0.710856020450592,0.46965593099594116,0.68632572889328,0.4178090989589691,0.71043860912323,0.4870060384273529,0.7021653056144714,0.4169721305370331,0.7111668586730957,0.4934329092502594,0.7056300044059753,0.4158652424812317,0.7102570533752441,0.49122604727745056,0.7078050374984741,0.4147581458091736,0.7092307209968567,0.48824357986450195,0.7068077921867371,0.41684678196907043,0.6940916180610657,0.4984612762928009,0.6834715604782104,0.48218417167663574,0.6977482438087463,0.5315878391265869,0.6768786311149597,0.5040603876113892,0.6867256164550781,0.550774097442627,0.6719067096710205,0.5274457335472107,0.6843216419219971,0.551453173160553,0.6717450618743896,0.5296364426612854,0.6839948892593384,0.5672024488449097,0.6679380536079407,0.5439140796661377,0
0.7035293579101562,0.5174850225448608,0.7019270658493042,0.505381166934967,0.7023323178291321,0.5044133067131042,0.7047643065452576,0.4988546371459961,0.6956998109817505,0.5146478414535522,0.6950356364250183,0.5143964886665344,0.6947727203369141,0.5106818675994873,0.707019567489624,0.47128093242645264,0.6886826157569885,0.5020089149475098,0.7059073448181152,0.5138137936592102,0.7002756595611572,0.5229984521865845,0.7198984026908875,0.4588441848754883,0.6743518710136414,0.5386868715286255,0.7535876035690308,0.5167697072029114,0.675990104675293,0.6410411596298218,0.751187801361084,0.5873213410377502,0.6733596920967102,0.7367467880249023,0.7526826858520508,0.6029629111289978,0.6676105260848999,0.7628129720687866,0.745136022567749,0.6004366278648376,0.6713255047798157,0.7560341358184814,0.744292676448822,0.596299409866333,0.6751623153686523,0.7453858852386475,0.7221413850784302,0.5387013554573059,0.6964721083641052,0.5832865238189697,0.7561028599739075,0.6003022789955139,0.6954728364944458,0.7319717407226562,0.7521469593048096,0.6369416117668152,0.7122318148612976,0.7569889426231384,0.7489250302314758,0.6398209929466248,0.7151250243186951,0.7510572671890259,0.7637280225753784,0.6663178205490112,0.7164570093154907,0.805600106716156,0
0.0,0.0,0.0,0.0,0.0,0.0,0.0,0.0,0.0,0.0,0.0,0.0,0.0,0.0,0.0,0.0,0.0,0.0,0.0,0.0,0.0,0.0,0.0,0.0,0.0,0.0,0.0,0.0,0.0,0.0,0.0,0.0,0.0,0.0,0.0,0.0,0.0,0.0,0.0,0.0,0.0,0.0,0.0,0.0,0.0,0.0,0.0,0.0,0.0,0.0,0.0,0.0,0.0,0.0,0.0,0.0,0.0,0.0,0.0,0.0,0.0,0.0,0.0,0.0,0.0,0.0,0
0.0,0.0,0.0,0.0,0.0,0.0,0.0,0.0,0.0,0.0,0.0,0.0,0.0,0.0,0.0,0.0,0.0,0.0,0.0,0.0,0.0,0.0,0.0,0.0,0.0,0.0,0.0,0.0,0.0,0.0,0.0,0.0,0.0,0.0,0.0,0.0,0.0,0.0,0.0,0.0,0.0,0.0,0.0,0.0,0.0,0.0,0.0,0.0,0.0,0.0,0.0,0.0,0.0,0.0,0.0,0.0,0.0,0.0,0.0,0.0,0.0,0.0,0.0,0.0,0.0,0.0,0
0.0,0.0,0.0,0.0,0.0,0.0,0.0,0.0,0.0,0.0,0.0,0.0,0.0,0.0,0.0,0.0,0.0,0.0,0.0,0.0,0.0,0.0,0.0,0.0,0.0,0.0,0.0,0.0,0.0,0.0,0.0,0.0,0.0,0.0,0.0,0.0,0.0,0.0,0.0,0.0,0.0,0.0,0.0,0.0,0.0,0.0,0.0,0.0,0.0,0.0,0.0,0.0,0.0,0.0,0.0,0.0,0.0,0.0,0.0,0.0,0.0,0.0,0.0,0.0,0.0,0.0,0
0.0,0.0,0.0,0.0,0.0,0.0,0.0,0.0,0.0,0.0,0.0,0.0,0.0,0.0,0.0,0.0,0.0,0.0,0.0,0.0,0.0,0.0,0.0,0.0,0.0,0.0,0.0,0.0,0.0,0.0,0.0,0.0,0.0,0.0,0.0,0.0,0.0,0.0,0.0,0.0,0.0,0.0,0.0,0.0,0.0,0.0,0.0,0.0,0.0,0.0,0.0,0.0,0.0,0.0,0.0,0.0,0.0,0.0,0.0,0.0,0.0,0.0,0.0,0.0,0.0,0.0,0
0.7582552433013916,0.5898227095603943,0.7606865167617798,0.6008690595626831,0.7601792812347412,0.6032691597938538,0.7596733570098877,0.6058105826377869,0.761880099773407,0.5951839089393616,0.7622506618499756,0.5932871103286743,0.7626556158065796,0.591131865978241,0.7576001286506653,0.608786940574646,0.7616347074508667,0.5888676047325134,0.7544784545898438,0.5879521369934082,0.7561452388763428,0.5805654525756836,0.7408738732337952,0.5994123220443726,0.7493071556091309,0.5469282865524292,0.7267028093338013,0.5778585076332092,0.7351217865943909,0.47954604029655457,0.7193609476089478,0.5398194789886475,0.7231360673904419,0.4791528582572937,0.717184841632843,0.5335992574691772,0.7196601629257202,0.4762355387210846,0.7176267504692078,0.5314105749130249,0.7197638750076294,0.4858572483062744,0.7177914381027222,0.5319452285766602,0.7203328013420105,0.4873046278953552,0.6911366581916809,0.5184175372123718,0.6976877450942993,0.49465715885162354,0.7240172624588013,0.46107733249664307,0.7297527194023132,0.42063573002815247,0.7113084197044373,0.45649734139442444,0.7064427137374878,0.4396328330039978,0.7085070610046387,0.46337011456489563,0.7013503313064575,0.4492335915565491,0.7102161645889282,0.43405237793922424,0.7060452103614807,0.4165273904800415,0
0.7661675214767456,0.5714540481567383,0.7693894505500793,0.582228422164917,0.7690264582633972,0.5857586860656738,0.7686653733253479,0.58943772315979,0.7704394459724426,0.5748249888420105,0.7708005905151367,0.5729175806045532,0.7711989283561707,0.5707255005836487,0.7667263746261597,0.5999895334243774,0.7702420353889465,0.5744490027427673,0.7619204521179199,0.5761528611183167,0.7632650136947632,0.566651463508606,0.7465007901191711,0.610874354839325,0.7541152238845825,0.5528330206871033,0.7282606363296509,0.5948158502578735,0.7342430949211121,0.5005490779876709,0.7192837595939636,0.547569990158081,0.7195414304733276,0.4920217990875244,0.7162545919418335,0.5387207865715027,0.7152493000030518,0.48566725850105286,0.7171934247016907,0.5355247855186462,0.7154350876808167,0.49358198046684265,0.7177244424819946,0.537413477897644,0.7163407802581787,0.4964810609817505,0.6876431107521057,0.5300689339637756,0.6943684816360474,0.5004391074180603,0.7266632318496704,0.4633876383304596,0.7332690954208374,0.4120189845561981,0.7097135782241821,0.4599577784538269,0.7048816084861755,0.4433463215827942,0.706303060054779,0.4684373736381531,0.6988716721534729,0.45721521973609924,0.7064475417137146,0.4358712136745453,0.7023060321807861,0.4167971611022949,0
0.7343152165412903,0.4874960780143738,0.7380552887916565,0.4934828579425812,0.7380215525627136,0.49718672037124634,0.7379857301712036,0.5009555816650391,0.7384675145149231,0.48405763506889343,0.7387338876724243,0.480909138917923,0.7390050888061523,0.47764337062835693,0.7385071516036987,0.5088779330253601,0.74002605676651,0.47542455792427063,0.7321446537971497,0.4941854774951935,0.7325559258460999,0.48281168937683105,0.7296759486198425,0.5322463512420654,0.7338007092475891,0.45612308382987976,0.7209899425506592,0.5569533705711365,0.7183843851089478,0.41783416271209717,0.7288289666175842,0.5616055727005005,0.699533224105835,0.4115152657032013,0.7305858731269836,0.5657034516334534,0.69431072473526,0.40531057119369507,0.7331316471099854,0.5623709559440613,0.6947153806686401,0.41647687554359436,0.7318850755691528,0.5579702258110046,0.6960315704345703,0.4208851754665375,0.7012870907783508,0.49512431025505066,0.7049938440322876,0.45400315523147583,0.6881593465805054,0.5303148627281189,0.6931758522987366,0.4496118724346161,0.6746339201927185,0.5201916694641113,0.6834166049957275,0.47907817363739014,0.6729468107223511,0.5162113904953003,0.6827201843261719,0.48682400584220886,0.6665540933609009,0.5224912762641907,0.6750403642654419,0.474513977766037,0
0.0,0.0,0.0,0.0,0.0,0.0,0.0,0.0,0.0,0.0,0.0,0.0,0.0,0.0,0.0,0.0,0.0,0.0,0.0,0.0,0.0,0.0,0.0,0.0,0.0,0.0,0.0,0.0,0.0,0.0,0.0,0.0,0.0,0.0,0.0,0.0,0.0,0.0,0.0,0.0,0.0,0.0,0.0,0.0,0.0,0.0,0.0,0.0,0.0,0.0,0.0,0.0,0.0,0.0,0.0,0.0,0.0,0.0,0.0,0.0,0.0,0.0,0.0,0.0,0.0,0.0,0
0.0,0.0,0.0,0.0,0.0,0.0,0.0,0.0,0.0,0.0,0.0,0.0,0.0,0.0,0.0,0.0,0.0,0.0,0.0,0.0,0.0,0.0,0.0,0.0,0.0,0.0,0.0,0.0,0.0,0.0,0.0,0.0,0.0,0.0,0.0,0.0,0.0,0.0,0.0,0.0,0.0,0.0,0.0,0.0,0.0,0.0,0.0,0.0,0.0,0.0,0.0,0.0,0.0,0.0,0.0,0.0,0.0,0.0,0.0,0.0,0.0,0.0,0.0,0.0,0.0,0.0,0
0.0,0.0,0.0,0.0,0.0,0.0,0.0,0.0,0.0,0.0,0.0,0.0,0.0,0.0,0.0,0.0,0.0,0.0,0.0,0.0,0.0,0.0,0.0,0.0,0.0,0.0,0.0,0.0,0.0,0.0,0.0,0.0,0.0,0.0,0.0,0.0,0.0,0.0,0.0,0.0,0.0,0.0,0.0,0.0,0.0,0.0,0.0,0.0,0.0,0.0,0.0,0.0,0.0,0.0,0.0,0.0,0.0,0.0,0.0,0.0,0.0,0.0,0.0,0.0,0.0,0.0,0
0.7282035946846008,0.5185733437538147,0.7301714420318604,0.5229462385177612,0.7299705743789673,0.5247271060943604,0.7297739386558533,0.5265673398971558,0.7291824221611023,0.5141889452934265,0.7297435402870178,0.509773313999176,0.729925811290741,0.5092061758041382,0.729920506477356,0.5281526446342468,0.731648862361908,0.5065560340881348,0.7263844609260559,0.5192931890487671,0.7272792458534241,0.5133548378944397,0.7228274941444397,0.5386809706687927,0.7272318601608276,0.4845762252807617,0.7220478057861328,0.5658312439918518,0.7206496000289917,0.46423986554145813,0.7330442667007446,0.5747000575065613,0.7197734713554382,0.45361649990081787,0.7354387044906616,0.5781381130218506,0.719560980796814,0.4480910301208496,0.7366452813148499,0.5761711001396179,0.7202193140983582,0.4518807828426361,0.7352951169013977,0.573493242263794,0.719733715057373,0.4548178017139435,0.6942803263664246,0.5062381625175476,0.6974493861198425,0.4722558557987213,0.6803737878799438,0.5447883605957031,0.6857079863548279,0.4810769557952881,0.6697674989700317,0.5248268246650696,0.680225133895874,0.47220566868782043,0.6679707765579224,0.5201419591903687,0.6798927187919617,0.474007248878479,0.6613641381263733,0.5275646448135376,0.6764616370201111,0.46470826864242554,0
0.0,0.0,0.0,0.0,0.0,0.0,0.0,0.0,0.0,0.0,0.0,0.0,0.0,0.0,0.0,0.0,0.0,0.0,0.0,0.0,0.0,0.0,0.0,0.0,0.0,0.0,0.0,0.0,0.0,0.0,0.0,0.0,0.0,0.0,0.0,0.0,0.0,0.0,0.0,0.0,0.0,0.0,0.0,0.0,0.0,0.0,0.0,0.0,0.0,0.0,0.0,0.0,0.0,0.0,0.0,0.0,0.0,0.0,0.0,0.0,0.0,0.0,0.0,0.0,0.0,0.0,0
0.0,0.0,0.0,0.0,0.0,0.0,0.0,0.0,0.0,0.0,0.0,0.0,0.0,0.0,0.0,0.0,0.0,0.0,0.0,0.0,0.0,0.0,0.0,0.0,0.0,0.0,0.0,0.0,0.0,0.0,0.0,0.0,0.0,0.0,0.0,0.0,0.0,0.0,0.0,0.0,0.0,0.0,0.0,0.0,0.0,0.0,0.0,0.0,0.0,0.0,0.0,0.0,0.0,0.0,0.0,0.0,0.0,0.0,0.0,0.0,0.0,0.0,0.0,0.0,0.0,0.0,0
0.0,0.0,0.0,0.0,0.0,0.0,0.0,0.0,0.0,0.0,0.0,0.0,0.0,0.0,0.0,0.0,0.0,0.0,0.0,0.0,0.0,0.0,0.0,0.0,0.0,0.0,0.0,0.0,0.0,0.0,0.0,0.0,0.0,0.0,0.0,0.0,0.0,0.0,0.0,0.0,0.0,0.0,0.0,0.0,0.0,0.0,0.0,0.0,0.0,0.0,0.0,0.0,0.0,0.0,0.0,0.0,0.0,0.0,0.0,0.0,0.0,0.0,0.0,0.0,0.0,0.0,0
0.0,0.0,0.0,0.0,0.0,0.0,0.0,0.0,0.0,0.0,0.0,0.0,0.0,0.0,0.0,0.0,0.0,0.0,0.0,0.0,0.0,0.0,0.0,0.0,0.0,0.0,0.0,0.0,0.0,0.0,0.0,0.0,0.0,0.0,0.0,0.0,0.0,0.0,0.0,0.0,0.0,0.0,0.0,0.0,0.0,0.0,0.0,0.0,0.0,0.0,0.0,0.0,0.0,0.0,0.0,0.0,0.0,0.0,0.0,0.0,0.0,0.0,0.0,0.0,0.0,0.0,0
0.6996446251869202,0.5120998620986938,0.6988404989242554,0.4999060034751892,0.6994547247886658,0.4994032382965088,0.7048681378364563,0.4903460443019867,0.6919531226158142,0.5062825679779053,0.691316545009613,0.506030261516571,0.691898763179779,0.5020464062690735,0.7068648934364319,0.476421058177948,0.6878756284713745,0.49360042810440063,0.70287024974823,0.5109738111495972,0.6965038776397705,0.516505241394043,0.7220449447631836,0.46697166562080383,0.6737942695617676,0.525404155254364,0.7510274648666382,0.46577733755111694,0.6668058037757874,0.6272420883178711,0.7281008958816528,0.46751224994659424,0.6702515482902527,0.695401668548584,0.7216805815696716,0.46789056062698364,0.6695792078971863,0.7191358804702759,0.7163745164871216,0.4581131339073181,0.6723630428314209,0.7099660038948059,0.7186036109924316,0.4607011079788208,0.6742650270462036,0.7011010050773621,0.7210195064544678,0.5749853849411011,0.693970263004303,0.5925063490867615,0.7274699211120605,0.6749840974807739,0.6774123907089233,0.6970003843307495,0.7248318195343018,0.7173031568527222,0.686690092086792,0.76860111951828,0.7234084010124207,0.7165195345878601,0.6900932788848877,0.7754653096199036,0.7300269603729248,0.7676393985748291,0.6837896704673767,0.8173580765724182,0
0.7011027336120605,0.511670708656311,0.7026602029800415,0.4923054277896881,0.7042034864425659,0.4889789819717407,0.7057629823684692,0.48560431599617004,0.6978170871734619,0.4983578026294708,0.6960504055023193,0.4991641342639923,0.694195568561554,0.50008225440979,0.7071489095687866,0.4669250249862671,0.6899704337120056,0.4879620373249054,0.7035479545593262,0.5089324116706848,0.6981267333030701,0.5155028104782104,0.7200822234153748,0.4550224840641022,0.6744888424873352,0.5212083458900452,0.7472589015960693,0.440894216299057,0.6631768345832825,0.6325982213020325,0.7247759699821472,0.4433601498603821,0.6645944714546204,0.7420099973678589,0.7185747027397156,0.44082701206207275,0.6610273122787476,0.7751461267471313,0.7141725420951843,0.4351671040058136,0.6649411916732788,0.7732797265052795,0.7165823578834534,0.4390147924423218,0.668205976486206,0.7605118155479431,0.7239633798599243,0.586752712726593,0.6981745958328247,0.6096734404563904,0.7296489477157593,0.6933977603912354,0.6952892541885376,0.7302193641662598,0.7276149988174438,0.7408325672149658,0.6938766241073608,0.7772431373596191,0.7270548343658447,0.7383012175559998,0.6937670111656189,0.7773466110229492,0.7287620306015015,0.7958877086639404,0.6927160024642944,0.8277511596679688,0
0.6969940662384033,0.5156444907188416,0.696038007736206,0.5082494616508484,0.7003910541534424,0.4921174645423889,0.7021483778953552,0.4883856177330017,0.693455159664154,0.5028328895568848,0.6916555762290955,0.5039873123168945,0.6897768974304199,0.5052392482757568,0.7048651576042175,0.46891888976097107,0.6865776181221008,0.49307316541671753,0.7006229758262634,0.5114773511886597,0.6946820616722107,0.5194419622421265,0.7217485904693604,0.4540342092514038,0.6741911768913269,0.5228626132011414,0.7496785521507263,0.4580250084400177,0.6712964177131653,0.6263279318809509,0.7304021120071411,0.4548987150192261,0.6709666848182678,0.7234822511672974,0.7243483662605286,0.45286861062049866,0.6682569980621338,0.7535203695297241,0.7201398015022278,0.44238734245300293,0.6712788939476013,0.7488631010055542,0.7223807573318481,0.4452921152114868,0.6742009520530701,0.736579418182373,0.7244741320610046,0.5651692152023315,0.6980467438697815,0.5881733298301697,0.7368927597999573,0.6840735077857971,0.6902504563331604,0.7061952948570251,0.7452536225318909,0.7504797577857971,0.6998074650764465,0.7751010060310364,0.7457772493362427,0.7556267976760864,0.7026674747467041,0.7809529304504395,0.7491480708122253,0.8006126880645752,0.6986043453216553,0.8233718872070312,0
0.0,0.0,0.0,0.0,0.0,0.0,0.0,0.0,0.0,0.0,0.0,0.0,0.0,0.0,0.0,0.0,0.0,0.0,0.0,0.0,0.0,0.0,0.0,0.0,0.0,0.0,0.0,0.0,0.0,0.0,0.0,0.0,0.0,0.0,0.0,0.0,0.0,0.0,0.0,0.0,0.0,0.0,0.0,0.0,0.0,0.0,0.0,0.0,0.0,0.0,0.0,0.0,0.0,0.0,0.0,0.0,0.0,0.0,0.0,0.0,0.0,0.0,0.0,0.0,0.0,0.0,0
0.6959899663925171,0.4627702832221985,0.6969032883644104,0.44517770409584045,0.6988813877105713,0.4428926110267639,0.7008635401725769,0.44059520959854126,0.6912049055099487,0.44984275102615356,0.6890385150909424,0.45113593339920044,0.6868185997009277,0.4524907171726227,0.7028086185455322,0.4359992742538452,0.682649552822113,0.45356887578964233,0.6998997330665588,0.46894627809524536,0.6928428411483765,0.4749010503292084,0.7154312133789062,0.45799359679222107,0.6715183258056641,0.499386727809906,0.7420837879180908,0.5081564784049988,0.6632112264633179,0.5842604637145996,0.7326859831809998,0.5343452095985413,0.6659083962440491,0.6384142637252808,0.7321746349334717,0.5445951223373413,0.664941132068634,0.6560702323913574,0.7248664498329163,0.5347055792808533,0.6674944162368774,0.6450850963592529,0.7245842218399048,0.5331886410713196,0.669176459312439,0.639093279838562,0.7169104814529419,0.5558393597602844,0.6930521130561829,0.5802675485610962,0.73956298828125,0.5894591212272644,0.6763348579406738,0.6862585544586182,0.7408401370048523,0.6338680386543274,0.6866850256919861,0.7576711177825928,0.7383430004119873,0.6396809816360474,0.6910218000411987,0.7632951736450195,0.7533338665962219,0.6686512231826782,0.6852607131004333,0.8072000741958618,0
0.0,0.0,0.0,0.0,0.0,0.0,0.0,0.0,0.0,0.0,0.0,0.0,0.0,0.0,0.0,0.0,0.0,0.0,0.0,0.0,0.0,0.0,0.0,0.0,0.0,0.0,0.0,0.0,0.0,0.0,0.0,0.0,0.0,0.0,0.0,0.0,0.0,0.0,0.0,0.0,0.0,0.0,0.0,0.0,0.0,0.0,0.0,0.0,0.0,0.0,0.0,0.0,0.0,0.0,0.0,0.0,0.0,0.0,0.0,0.0,0.0,0.0,0.0,0.0,0.0,0.0,0
0.0,0.0,0.0,0.0,0.0,0.0,0.0,0.0,0.0,0.0,0.0,0.0,0.0,0.0,0.0,0.0,0.0,0.0,0.0,0.0,0.0,0.0,0.0,0.0,0.0,0.0,0.0,0.0,0.0,0.0,0.0,0.0,0.0,0.0,0.0,0.0,0.0,0.0,0.0,0.0,0.0,0.0,0.0,0.0,0.0,0.0,0.0,0.0,0.0,0.0,0.0,0.0,0.0,0.0,0.0,0.0,0.0,0.0,0.0,0.0,0.0,0.0,0.0,0.0,0.0,0.0,0
0.0,0.0,0.0,0.0,0.0,0.0,0.0,0.0,0.0,0.0,0.0,0.0,0.0,0.0,0.0,0.0,0.0,0.0,0.0,0.0,0.0,0.0,0.0,0.0,0.0,0.0,0.0,0.0,0.0,0.0,0.0,0.0,0.0,0.0,0.0,0.0,0.0,0.0,0.0,0.0,0.0,0.0,0.0,0.0,0.0,0.0,0.0,0.0,0.0,0.0,0.0,0.0,0.0,0.0,0.0,0.0,0.0,0.0,0.0,0.0,0.0,0.0,0.0,0.0,0.0,0.0,0
0.7006560564041138,0.48443418741226196,0.7011281251907349,0.4704211354255676,0.702443540096283,0.46742501854896545,0.7037526369094849,0.46441081166267395,0.6963970065116882,0.47792375087738037,0.694621205329895,0.4796987771987915,0.6928166747093201,0.48155149817466736,0.7033782601356506,0.4514763057231903,0.6869840025901794,0.477419376373291,0.7021116614341736,0.48186275362968445,0.6971117258071899,0.48942887783050537,0.7113980650901794,0.43724921345710754,0.6703543066978455,0.502428412437439,0.7418489456176758,0.45260855555534363,0.6686735153198242,0.5788220167160034,0.7385766506195068,0.47136741876602173,0.6732426285743713,0.6351370215415955,0.7381712794303894,0.47201859951019287,0.6698058247566223,0.649857759475708,0.7323753833770752,0.47031664848327637,0.6737607717514038,0.6424754858016968,0.732217013835907,0.4724296033382416,0.6764524579048157,0.6364691853523254,0.715542733669281,0.5060912370681763,0.6980767846107483,0.5412848591804504,0.7434864044189453,0.5607737302780151,0.7156360745429993,0.6222169995307922,0.73915034532547,0.5908733010292053,0.7289455533027649,0.615153431892395,0.7364122271537781,0.5980510711669922,0.7293466329574585,0.6115697026252747,0.7474532723426819,0.6020544767379761,0.7359113097190857,0.6337627172470093,0
0.6969528198242188,0.4845944344997406,0.6974233984947205,0.46829044818878174,0.6989683508872986,0.46439439058303833,0.7005079388618469,0.4604927897453308,0.6922464966773987,0.4779931902885437,0.6903725862503052,0.48048341274261475,0.6884742975234985,0.48305514454841614,0.7012207508087158,0.4460025131702423,0.6832844018936157,0.4793080687522888,0.6993750333786011,0.4804861843585968,0.6937423944473267,0.4907975494861603,0.7123916149139404,0.4295455813407898,0.6721542477607727,0.5137072801589966,0.7478811144828796,0.44594335556030273,0.6753734946250916,0.6074609756469727,0.7399757504463196,0.4950700104236603,0.680966317653656,0.7057231664657593,0.739055335521698,0.502511739730835,0.6771872639656067,0.7337465286254883,0.7327907681465149,0.5004463791847229,0.6819188594818115,0.727820873260498,0.7325711846351624,0.5005408525466919,0.6851306557655334,0.7155715227127075,0.7194444537162781,0.5194774270057678,0.700823187828064,0.559862494468689,0.7517578601837158,0.5790286660194397,0.7233761548995972,0.6575944423675537,0.74294114112854,0.5968441367149353,0.7331695556640625,0.6327291131019592,0.7395508885383606,0.6028645634651184,0.7332683801651001,0.6273994445800781,0.751915454864502,0.6057261824607849,0.7391164898872375,0.6515254974365234,0
0.0,0.0,0.0,0.0,0.0,0.0,0.0,0.0,0.0,0.0,0.0,0.0,0.0,0.0,0.0,0.0,0.0,0.0,0.0,0.0,0.0,0.0,0.0,0.0,0.0,0.0,0.0,0.0,0.0,0.0,0.0,0.0,0.0,0.0,0.0,0.0,0.0,0.0,0.0,0.0,0.0,0.0,0.0,0.0,0.0,0.0,0.0,0.0,0.0,0.0,0.0,0.0,0.0,0.0,0.0,0.0,0.0,0.0,0.0,0.0,0.0,0.0,0.0,0.0,0.0,0.0,0
0.6978691220283508,0.41437026858329773,0.7000157237052917,0.40133559703826904,0.7017515301704407,0.4013800024986267,0.7035011053085327,0.4013805389404297,0.6951566338539124,0.4002731144428253,0.6933528184890747,0.3997129499912262,0.6914688944816589,0.3991817831993103,0.7045937776565552,0.40328100323677063,0.6880013942718506,0.4005942940711975,0.7001945972442627,0.42481231689453125,0.6938510537147522,0.4238077998161316,0.7140467762947083,0.4446268081665039,0.6748656034469604,0.45266541838645935,0.7339562177658081,0.4955071806907654,0.6692252159118652,0.5339864492416382,0.7308754324913025,0.5203424692153931,0.685612678527832,0.5326442122459412,0.7314868569374084,0.5297362804412842,0.6895911693572998,0.5367430448532104,0.727429211139679,0.5251160264015198,0.6922749280929565,0.5246029496192932,0.726008415222168,0.5232027769088745,0.6917750239372253,0.5237288475036621,0.7078067660331726,0.5663617253303528,0.6873442530632019,0.5693672895431519,0.709661602973938,0.6485856771469116,0.6760500073432922,0.65540611743927,0.696992039680481,0.724819004535675,0.6779639720916748,0.7471135258674622,0.6937667727470398,0.7307502031326294,0.6793051362037659,0.7576056718826294,0.6978266835212708,0.7728700041770935,0.6756525635719299,0.7909672856330872,0
0.7034496665000916,0.4269104599952698,0.7058624625205994,0.41232138872146606,0.7075289487838745,0.411854088306427,0.7092180848121643,0.4113665223121643,0.7016466856002808,0.4125252962112427,0.7002018690109253,0.41228246688842773,0.6986695528030396,0.41200292110443115,0.7123836874961853,0.4112281799316406,0.6976666450500488,0.4117569029331207,0.7068038582801819,0.4361213445663452,0.7013856768608093,0.4364761710166931,0.7255411148071289,0.4550655782222748,0.6895453929901123,0.4547542929649353,0.7458138465881348,0.4965824484825134,0.6783479452133179,0.5075802206993103,0.734868049621582,0.5108852982521057,0.6906273365020752,0.5061432123184204,0.7327868342399597,0.5174950361251831,0.6934447288513184,0.5095890164375305,0.7290716171264648,0.5116218328475952,0.6964194774627686,0.5006813406944275,0.7291408181190491,0.5106416344642639,0.6960840225219727,0.5001444220542908,0.710924506187439,0.588553249835968,0.6929293274879456,0.5803383588790894,0.6990464925765991,0.6789918541908264,0.6775954961776733,0.6544110178947449,0.6844862699508667,0.741592526435852,0.6758248209953308,0.7457641363143921,0.6825447082519531,0.7474528551101685,0.6769664883613586,0.7582188248634338,0.6788219213485718,0.7796034812927246,0.6713433861732483,0.7822834253311157,0
0.6972301602363586,0.4599565267562866,0.6995362043380737,0.43903619050979614,0.7014734745025635,0.4370986819267273,0.7034286856651306,0.4351019859313965,0.6944167017936707,0.44196754693984985,0.6926842331886292,0.4421382546424866,0.6908442378044128,0.44236260652542114,0.7075592279434204,0.4252379834651947,0.6896426677703857,0.4353881776332855,0.7017521262168884,0.463970810174942,0.6952997446060181,0.4676671028137207,0.7279263138771057,0.4514457583427429,0.6777421832084656,0.47863924503326416,0.75522381067276,0.49569690227508545,0.6630744338035583,0.5846350193023682,0.7364867925643921,0.47616177797317505,0.6655392050743103,0.68878573179245,0.7317219972610474,0.4747884273529053,0.664362907409668,0.7222812175750732,0.728444516658783,0.4628904163837433,0.66860431432724,0.717790961265564,0.729710578918457,0.4659842848777771,0.6705595850944519,0.706458568572998,0.7227352857589722,0.6100526452064514,0.6970391869544983,0.6135838031768799,0.7294028401374817,0.7274414300918579,0.688973605632782,0.7229580283164978,0.7237967848777771,0.7825491428375244,0.6941621899604797,0.7826892137527466,0.7225821018218994,0.7842767238616943,0.6957834362983704,0.7869239449501038,0.724370002746582,0.8343344926834106,0.6924734115600586,0.8328915238380432,0
0.6938514709472656,0.4720064401626587,0.692796528339386,0.458573579788208,0.6950364708900452,0.45525193214416504,0.6972823143005371,0.45168933272361755,0.6870886087417603,0.4641404449939728,0.684218168258667,0.4661200940608978,0.6840418577194214,0.46320319175720215,0.6998301148414612,0.44006600975990295,0.6786571145057678,0.46100902557373047,0.6959874033927917,0.4768238365650177,0.6902055740356445,0.4814765453338623,0.7137046456336975,0.4493645429611206,0.6664250493049622,0.5007184743881226,0.7419471144676208,0.5093429684638977,0.6644931435585022,0.5891148447990417,0.7454661726951599,0.558939516544342,0.6672534942626953,0.6438321471214294,0.7485285401344299,0.5694301128387451,0.6646401286125183,0.659405529499054,0.7415140867233276,0.5651949644088745,0.6678382158279419,0.6492800116539001,0.7395836710929871,0.5640584826469421,0.6705671548843384,0.6435227990150452,0.7135134339332581,0.5238756537437439,0.6878098845481873,0.5499874353408813,0.7349186539649963,0.5739063024520874,0.673052191734314,0.6414198279380798,0.7291556596755981,0.614845871925354,0.6849882006645203,0.6879261136054993,0.7263962626457214,0.6190916299819946,0.6894299983978271,0.6882002353668213,0.7359650731086731,0.6442658305168152,0.6826906800270081,0.732898473739624,0
0.6906073093414307,0.4789935350418091,0.6896486282348633,0.461220383644104,0.6929498314857483,0.4586721658706665,0.6961120367050171,0.4556522071361542,0.6851722598075867,0.4669942855834961,0.682502806186676,0.4669661521911621,0.6817876100540161,0.4662163555622101,0.7016909718513489,0.4364085793495178,0.6811019778251648,0.45821601152420044,0.6941366195678711,0.47933322191238403,0.6871041059494019,0.4831816256046295,0.7240462899208069,0.4413805603981018,0.6741635203361511,0.4906552731990814,0.7532975077629089,0.5132604241371155,0.6675293445587158,0.5912122130393982,0.7449477314949036,0.5716814994812012,0.6658698320388794,0.6620118618011475,0.7451794743537903,0.5864159464836121,0.6625153422355652,0.6838349103927612,0.7385531663894653,0.5812386870384216,0.6667684316635132,0.6761360168457031,0.7376571297645569,0.5783143043518066,0.6696129441261292,0.6680357456207275,0.7190227508544922,0.5507357120513916,0.6926688551902771,0.5616618990898132,0.7187937498092651,0.6503881812095642,0.6710038185119629,0.6565582156181335,0.716427743434906,0.7011173963546753,0.6831792593002319,0.740811288356781,0.7157524228096008,0.7002703547477722,0.6877800226211548,0.7471861243247986,0.7184044718742371,0.7539408206939697,0.6782009601593018,0.7961357235908508,0
0.711502730846405,0.4690753221511841,0.7146503329277039,0.4559587240219116,0.7165426015853882,0.45622310042381287,0.7184348106384277,0.45651623606681824,0.7098903656005859,0.45428726077079773,0.708041787147522,0.4533485770225525,0.7061168551445007,0.4523557126522064,0.7205300331115723,0.45967811346054077,0.7033419013023376,0.4538354277610779,0.713871955871582,0.48108193278312683,0.7074840068817139,0.4788365662097931,0.7267425656318665,0.5038980841636658,0.6906270980834961,0.49532026052474976,0.7447091937065125,0.5543341636657715,0.6761531233787537,0.5453583598136902,0.7425195574760437,0.5894213318824768,0.6713678240776062,0.5676743388175964,0.7436274886131287,0.5998023152351379,0.6686690449714661,0.5757872462272644,0.7401544451713562,0.5972418785095215,0.6710754036903381,0.5710068941116333,0.7380577325820923,0.5951220989227295,0.6732484102249146,0.5698830485343933,0.7078558206558228,0.6149902939796448,0.6897712349891663,0.6024892926216125,0.6915189027786255,0.6903632283210754,0.6730219721794128,0.6645229458808899,0.678916871547699,0.7435147762298584,0.6724158525466919,0.7274969816207886,0.677493155002594,0.7472111582756042,0.6746188998222351,0.73550945520401,0.6704660058021545,0.7806354761123657,0.6653808355331421,0.7641478776931763,0
0.0,0.0,0.0,0.0,0.0,0.0,0.0,0.0,0.0,0.0,0.0,0.0,0.0,0.0,0.0,0.0,0.0,0.0,0.0,0.0,0.0,0.0,0.0,0.0,0.0,0.0,0.0,0.0,0.0,0.0,0.0,0.0,0.0,0.0,0.0,0.0,0.0,0.0,0.0,0.0,0.0,0.0,0.0,0.0,0.0,0.0,0.0,0.0,0.0,0.0,0.0,0.0,0.0,0.0,0.0,0.0,0.0,0.0,0.0,0.0,0.0,0.0,0.0,0.0,0.0,0.0,0
0.0,0.0,0.0,0.0,0.0,0.0,0.0,0.0,0.0,0.0,0.0,0.0,0.0,0.0,0.0,0.0,0.0,0.0,0.0,0.0,0.0,0.0,0.0,0.0,0.0,0.0,0.0,0.0,0.0,0.0,0.0,0.0,0.0,0.0,0.0,0.0,0.0,0.0,0.0,0.0,0.0,0.0,0.0,0.0,0.0,0.0,0.0,0.0,0.0,0.0,0.0,0.0,0.0,0.0,0.0,0.0,0.0,0.0,0.0,0.0,0.0,0.0,0.0,0.0,0.0,0.0,0
0.6890945434570312,0.4719223976135254,0.6933095455169678,0.449108362197876,0.69587641954422,0.44619661569595337,0.6984448432922363,0.4432589113712311,0.6863808035850525,0.4533578157424927,0.6805399656295776,0.43793386220932007,0.6799415349960327,0.4403967261314392,0.7063630223274231,0.42839348316192627,0.6781933903694153,0.42638617753982544,0.6918585300445557,0.45923423767089844,0.6868507266044617,0.46347612142562866,0.7286219000816345,0.45221251249313354,0.6739688515663147,0.4663068950176239,0.7472337484359741,0.5465263724327087,0.6566270589828491,0.5680298805236816,0.7474135160446167,0.6272209286689758,0.6609421968460083,0.6857370138168335,0.7507601380348206,0.6336160898208618,0.6564267873764038,0.7151731252670288,0.7468111515045166,0.6398493647575378,0.6631089448928833,0.7187490463256836,0.744022786617279,0.6372313499450684,0.6650047302246094,0.709283173084259,0.7107987403869629,0.5711663961410522,0.6834400296211243,0.5699113607406616,0.7212680578231812,0.7125279903411865,0.6820071935653687,0.6964319348335266,0.7202175259590149,0.761404275894165,0.6919077634811401,0.7600730657577515,0.7183161377906799,0.7623522281646729,0.6941490769386292,0.7635852098464966,0.7204588055610657,0.8055623769760132,0.6907256245613098,0.8066294193267822,0
0.6858871579170227,0.40970176458358765,0.6867250204086304,0.40173646807670593,0.687489926815033,0.40195879340171814,0.6882718205451965,0.40217500925064087,0.684226393699646,0.4007704257965088,0.6831030249595642,0.40022438764572144,0.6819496750831604,0.3996501564979553,0.6868679523468018,0.4042625427246094,0.6785709857940674,0.4014679789543152,0.6860162615776062,0.41796842217445374,0.6826808452606201,0.41645291447639465,0.6815012097358704,0.43595224618911743,0.6733609437942505,0.4395694434642792,0.6871147155761719,0.46199262142181396,0.6770196557044983,0.4747088551521301,0.6987048983573914,0.4564511775970459,0.698371946811676,0.46002185344696045,0.7017050385475159,0.45256662368774414,0.7035229206085205,0.45757150650024414,0.7028210163116455,0.45239073038101196,0.7047485709190369,0.4484887719154358,0.701421856880188,0.4556276798248291,0.7024964094161987,0.4504600167274475,0.6661137342453003,0.5339069962501526,0.6605473756790161,0.5350911617279053,0.6671165227890015,0.5940942168235779,0.6645767688751221,0.5959120988845825,0.6654016375541687,0.6459051370620728,0.6624190807342529,0.6503670811653137,0.6633310914039612,0.6558607816696167,0.6602745652198792,0.659184455871582,0.6695566177368164,0.6563037037849426,0.6676867008209229,0.6643552184104919,0
0.7351299524307251,0.44478991627693176,0.7370791435241699,0.4500344395637512,0.7366941571235657,0.45177578926086426,0.7363132238388062,0.45360884070396423,0.7383267879486084,0.4443380534648895,0.7388269901275635,0.4421473443508148,0.7393397688865662,0.43984925746917725,0.7354696393013,0.4513227045536041,0.7396294474601746,0.4320547580718994,0.7321882247924805,0.4427765905857086,0.7338042259216309,0.4355716109275818,0.7206817269325256,0.44660812616348267,0.7305083274841309,0.38831350207328796,0.6995349526405334,0.452861487865448,0.7157655358314514,0.3469422161579132,0.7133209705352783,0.45532652735710144,0.7202044129371643,0.34779736399650574,0.7164550423622131,0.4555119276046753,0.7215436697006226,0.346259206533432,0.719423770904541,0.45705732703208923,0.7236021161079407,0.35074079036712646,0.7182342410087585,0.4544215798377991,0.722475528717041,0.3525001108646393,0.6903969645500183,0.39117416739463806,0.6934715509414673,0.35551324486732483,0.6900458335876465,0.4509665369987488,0.688621997833252,0.4047267735004425,0.6719587445259094,0.4255921244621277,0.6716578602790833,0.41045811772346497,0.6694831848144531,0.41782045364379883,0.6699886322021484,0.40901240706443787,0.6645894646644592,0.4283273220062256,0.6634020805358887,0.4163312017917633,0
0.0,0.0,0.0,0.0,0.0,0.0,0.0,0.0,0.0,0.0,0.0,0.0,0.0,0.0,0.0,0.0,0.0,0.0,0.0,0.0,0.0,0.0,0.0,0.0,0.0,0.0,0.0,0.0,0.0,0.0,0.0,0.0,0.0,0.0,0.0,0.0,0.0,0.0,0.0,0.0,0.0,0.0,0.0,0.0,0.0,0.0,0.0,0.0,0.0,0.0,0.0,0.0,0.0,0.0,0.0,0.0,0.0,0.0,0.0,0.0,0.0,0.0,0.0,0.0,0.0,0.0,0
0.0,0.0,0.0,0.0,0.0,0.0,0.0,0.0,0.0,0.0,0.0,0.0,0.0,0.0,0.0,0.0,0.0,0.0,0.0,0.0,0.0,0.0,0.0,0.0,0.0,0.0,0.0,0.0,0.0,0.0,0.0,0.0,0.0,0.0,0.0,0.0,0.0,0.0,0.0,0.0,0.0,0.0,0.0,0.0,0.0,0.0,0.0,0.0,0.0,0.0,0.0,0.0,0.0,0.0,0.0,0.0,0.0,0.0,0.0,0.0,0.0,0.0,0.0,0.0,0.0,0.0,0
0.0,0.0,0.0,0.0,0.0,0.0,0.0,0.0,0.0,0.0,0.0,0.0,0.0,0.0,0.0,0.0,0.0,0.0,0.0,0.0,0.0,0.0,0.0,0.0,0.0,0.0,0.0,0.0,0.0,0.0,0.0,0.0,0.0,0.0,0.0,0.0,0.0,0.0,0.0,0.0,0.0,0.0,0.0,0.0,0.0,0.0,0.0,0.0,0.0,0.0,0.0,0.0,0.0,0.0,0.0,0.0,0.0,0.0,0.0,0.0,0.0,0.0,0.0,0.0,0.0,0.0,0
0.0,0.0,0.0,0.0,0.0,0.0,0.0,0.0,0.0,0.0,0.0,0.0,0.0,0.0,0.0,0.0,0.0,0.0,0.0,0.0,0.0,0.0,0.0,0.0,0.0,0.0,0.0,0.0,0.0,0.0,0.0,0.0,0.0,0.0,0.0,0.0,0.0,0.0,0.0,0.0,0.0,0.0,0.0,0.0,0.0,0.0,0.0,0.0,0.0,0.0,0.0,0.0,0.0,0.0,0.0,0.0,0.0,0.0,0.0,0.0,0.0,0.0,0.0,0.0,0.0,0.0,0
0.0,0.0,0.0,0.0,0.0,0.0,0.0,0.0,0.0,0.0,0.0,0.0,0.0,0.0,0.0,0.0,0.0,0.0,0.0,0.0,0.0,0.0,0.0,0.0,0.0,0.0,0.0,0.0,0.0,0.0,0.0,0.0,0.0,0.0,0.0,0.0,0.0,0.0,0.0,0.0,0.0,0.0,0.0,0.0,0.0,0.0,0.0,0.0,0.0,0.0,0.0,0.0,0.0,0.0,0.0,0.0,0.0,0.0,0.0,0.0,0.0,0.0,0.0,0.0,0.0,0.0,0
0.0,0.0,0.0,0.0,0.0,0.0,0.0,0.0,0.0,0.0,0.0,0.0,0.0,0.0,0.0,0.0,0.0,0.0,0.0,0.0,0.0,0.0,0.0,0.0,0.0,0.0,0.0,0.0,0.0,0.0,0.0,0.0,0.0,0.0,0.0,0.0,0.0,0.0,0.0,0.0,0.0,0.0,0.0,0.0,0.0,0.0,0.0,0.0,0.0,0.0,0.0,0.0,0.0,0.0,0.0,0.0,0.0,0.0,0.0,0.0,0.0,0.0,0.0,0.0,0.0,0.0,0
0.6928531527519226,0.3498452305793762,0.6947287917137146,0.33140742778778076,0.6962356567382812,0.32985296845436096,0.6980921030044556,0.32794225215911865,0.6864967942237854,0.3352813720703125,0.6846423149108887,0.3354342579841614,0.682711660861969,0.335396409034729,0.7005162835121155,0.3190411329269409,0.6790435314178467,0.33154919743537903,0.6968765258789062,0.3542832136154175,0.6888828873634338,0.3574633300304413,0.7145113945007324,0.33161166310310364,0.6686022281646729,0.36963972449302673,0.7347798943519592,0.38320639729499817,0.6604852676391602,0.44462132453918457,0.7333971858024597,0.42400485277175903,0.6663197875022888,0.49454617500305176,0.7346039414405823,0.4345651865005493,0.6646904945373535,0.5098093748092651,0.7297647595405579,0.43025046586990356,0.6692955493927002,0.5007495284080505,0.7285500168800354,0.4283122420310974,0.6712589859962463,0.49511128664016724,0.7100417613983154,0.417486310005188,0.6857949495315552,0.4350246787071228,0.7258839011192322,0.4848244786262512,0.685279369354248,0.5040897130966187,0.7272112369537354,0.5393231511116028,0.6931195259094238,0.5656678676605225,0.725268542766571,0.546176552772522,0.6953997611999512,0.5712133646011353,0.7329854369163513,0.5725998878479004,0.6944645047187805,0.6039371490478516,0
0.6911134123802185,0.3326652944087982,0.6939141154289246,0.31563276052474976,0.6957943439483643,0.31217315793037415,0.6979451179504395,0.30893439054489136,0.6862902045249939,0.31671589612960815,0.683706521987915,0.31402695178985596,0.6811917424201965,0.31165748834609985,0.7011478543281555,0.2947167456150055,0.6782557368278503,0.30239027738571167,0.6960565447807312,0.3374452590942383,0.687804639339447,0.33927375078201294,0.7261127233505249,0.3174836039543152,0.6662799119949341,0.35689061880111694,0.7432644367218018,0.4517776668071747,0.6524142026901245,0.485016405582428,0.7469339370727539,0.5604724287986755,0.6641603112220764,0.5878039598464966,0.7513327598571777,0.5878046154975891,0.6620770692825317,0.6173593997955322,0.7451881766319275,0.5866451263427734,0.6681962013244629,0.6165941953659058,0.7415778040885925,0.5780525207519531,0.670055627822876,0.6032371520996094,0.7221747636795044,0.44022229313850403,0.6912820935249329,0.4633999168872833,0.7382312417030334,0.5388151407241821,0.6975544691085815,0.5913228988647461,0.7359814643859863,0.6377303600311279,0.703755259513855,0.7075027227401733,0.7329920530319214,0.6500601768493652,0.7054022550582886,0.7192316651344299,0.7430617809295654,0.6839531064033508,0.7053214311599731,0.7630278468132019,0
0.6887154579162598,0.31719398498535156,0.6920462846755981,0.2974900007247925,0.6944933533668518,0.2955852448940277,0.6970230937004089,0.29313042759895325,0.6855179071426392,0.2981937527656555,0.6840455532073975,0.29679471254348755,0.682110607624054,0.29492542147636414,0.7006590366363525,0.28177496790885925,0.6809415221214294,0.2879846394062042,0.6941230297088623,0.325997531414032,0.6861318945884705,0.32432782649993896,0.7269458174705505,0.31334853172302246,0.6675251722335815,0.34077197313308716,0.743527889251709,0.42876943945884705,0.6564114689826965,0.45239534974098206,0.7359340190887451,0.5073133707046509,0.6635453104972839,0.5670959949493408,0.736202597618103,0.5339798331260681,0.6639443635940552,0.5996187925338745,0.731792151927948,0.5277865529060364,0.6684733033180237,0.6004012823104858,0.7293784022331238,0.529834508895874,0.6697096824645996,0.5859524011611938,0.7219176292419434,0.4897947609424591,0.6917165517807007,0.5001950263977051,0.7158066630363464,0.645766019821167,0.6911459565162659,0.6422238349914551,0.7330653667449951,0.7669683694839478,0.704521119594574,0.7757602334022522,0.7354273796081543,0.7815504670143127,0.7087127566337585,0.7905653715133667,0.7345514893531799,0.822573184967041,0.7031845450401306,0.83621746301651,0
0.6879624128341675,0.29861247539520264,0.6904599666595459,0.2802361845970154,0.6928447484970093,0.2779441475868225,0.6949761509895325,0.27327442169189453,0.6843926906585693,0.28127503395080566,0.682940661907196,0.27997568249702454,0.6813279390335083,0.27828770875930786,0.6989904642105103,0.26313504576683044,0.6804876923561096,0.2717263698577881,0.6937260627746582,0.3055230975151062,0.6862989068031311,0.30470460653305054,0.7250849008560181,0.2984345257282257,0.6689584851264954,0.32965701818466187,0.7405954599380493,0.3955685794353485,0.659069299697876,0.4342201352119446,0.7271444797515869,0.4209044873714447,0.6576593518257141,0.5396841168403625,0.7252436876296997,0.43312937021255493,0.6567571759223938,0.5725067853927612,0.7230324745178223,0.42263463139533997,0.6661194562911987,0.5738109946250916,0.7224119901657104,0.4191696047782898,0.6664181351661682,0.557354211807251,0.721936821937561,0.47652432322502136,0.6916776895523071,0.49027010798454285,0.7257958650588989,0.6241707801818848,0.7037853598594666,0.6291599273681641,0.7229729294776917,0.7574748396873474,0.7095396518707275,0.7689155340194702,0.7205923795700073,0.7777002453804016,0.7103590965270996,0.7871379852294922,0.7270145416259766,0.8069101572036743,0.7152647376060486,0.8241259455680847,0
0.6881322264671326,0.28440728783607483,0.691608190536499,0.26898154616355896,0.6936809420585632,0.2674337923526764,0.6959735751152039,0.26538729667663574,0.6862001419067383,0.26885032653808594,0.6846579313278198,0.26740649342536926,0.6827390193939209,0.26538190245628357,0.7001321911811829,0.2542189061641693,0.682115912437439,0.2578715682029724,0.6929081082344055,0.291793555021286,0.6863458156585693,0.29070860147476196,0.728396475315094,0.2983885705471039,0.6690746545791626,0.3177167773246765,0.7437559962272644,0.41239553689956665,0.6578490138053894,0.4279853105545044,0.7281889319419861,0.4772947132587433,0.664669394493103,0.5385470986366272,0.7262715101242065,0.49876198172569275,0.6652736067771912,0.5788437724113464,0.7215671539306641,0.49051451683044434,0.6702786087989807,0.57379150390625,0.7206531167030334,0.4840717911720276,0.6718000173568726,0.5636242032051086,0.7238937616348267,0.4926854372024536,0.6923651099205017,0.49900373816490173,0.7210602760314941,0.6426711082458496,0.6991084218025208,0.6497820019721985,0.7183383703231812,0.7800173759460449,0.7071020603179932,0.781518816947937,0.7172813415527344,0.8004909157752991,0.7108303904533386,0.7985302805900574,0.7194452881813049,0.8236731290817261,0.7051476240158081,0.8376330137252808,0
0.6863022446632385,0.2655499279499054,0.6890301704406738,0.24865686893463135,0.6910443902015686,0.24700775742530823,0.6934252381324768,0.24474161863327026,0.6848564743995667,0.24819877743721008,0.6835820078849792,0.2463521957397461,0.6827344298362732,0.24413779377937317,0.6990352272987366,0.23401367664337158,0.683111310005188,0.2375636100769043,0.6914359927177429,0.2737777531147003,0.6852373480796814,0.2724316120147705,0.7283440828323364,0.2888282537460327,0.6707990765571594,0.3084554672241211,0.7429932951927185,0.41773751378059387,0.6600350737571716,0.41942569613456726,0.7258021235466003,0.46370023488998413,0.6662015914916992,0.5260897278785706,0.7230809330940247,0.4824117422103882,0.6633050441741943,0.5717434883117676,0.7198076844215393,0.4705732762813568,0.669224739074707,0.573310375213623,0.7194212675094604,0.4640584886074066,0.6714616417884827,0.5579290390014648,0.7226094603538513,0.4840225279331207,0.692391574382782,0.48739078640937805,0.7235561013221741,0.6415607929229736,0.6944882869720459,0.6421689987182617,0.726417064666748,0.7726882696151733,0.6977551579475403,0.7619023323059082,0.726373016834259,0.7929035425186157,0.701356828212738,0.7782482504844666,0.7272714972496033,0.8250592350959778,0.6868758201599121,0.823846697807312,0
0.6860988140106201,0.25417181849479675,0.6885610818862915,0.23626050353050232,0.6908735036849976,0.23485127091407776,0.6928616762161255,0.23265168070793152,0.6843186616897583,0.23578479886054993,0.683478593826294,0.23425668478012085,0.6826550960540771,0.23231831192970276,0.699140727519989,0.2229442596435547,0.6837003827095032,0.22620093822479248,0.6912046074867249,0.26426032185554504,0.68504399061203,0.26253876090049744,0.7305987477302551,0.2847670018672943,0.6715720891952515,0.3009210526943207,0.7438716292381287,0.40808534622192383,0.6581354737281799,0.40822717547416687,0.7300373911857605,0.493249773979187,0.6658622026443481,0.5199410319328308,0.7289915084838867,0.5207353234291077,0.6663772463798523,0.5658593773841858,0.7262555956840515,0.5203191637992859,0.6713714003562927,0.5624799728393555,0.7259713411331177,0.5067451596260071,0.6731294989585876,0.5471224188804626,0.72347092628479,0.4906695783138275,0.6915451288223267,0.4962475001811981,0.721159040927887,0.6427184343338013,0.7027663588523865,0.6446778178215027,0.7174935936927795,0.7696887254714966,0.710638701915741,0.7696619629859924,0.7161900997161865,0.7890533208847046,0.7140024900436401,0.7879064083099365,0.7190313935279846,0.8235693573951721,0.7078436613082886,0.8228243589401245,0
0.6871962547302246,0.23344150185585022,0.6898145079612732,0.21432024240493774,0.6913998126983643,0.21091914176940918,0.6934671401977539,0.20865458250045776,0.6861703395843506,0.2161918580532074,0.6853519082069397,0.2152719497680664,0.6841529607772827,0.21384570002555847,0.6996345520019531,0.20536017417907715,0.6859421730041504,0.21017703413963318,0.6926957964897156,0.24294757843017578,0.6870242953300476,0.24378815293312073,0.7299583554267883,0.2705574929714203,0.6747713685035706,0.2868420481681824,0.7408210635185242,0.39126741886138916,0.6567258834838867,0.39604175090789795,0.7295961380004883,0.4737325608730316,0.6661688089370728,0.5050879120826721,0.72975754737854,0.49876272678375244,0.665112316608429,0.5455159544944763,0.7257652282714844,0.48514705896377563,0.6719730496406555,0.5403685569763184,0.7262245416641235,0.48352569341659546,0.6740500330924988,0.5247227549552917,0.7233690023422241,0.4978059232234955,0.6938436627388,0.49908578395843506,0.7232327461242676,0.6590532660484314,0.697819173336029,0.6534884572029114,0.7228131294250488,0.7809213995933533,0.700914204120636,0.7825043201446533,0.7220732569694519,0.7972234487533569,0.7042563557624817,0.8008496761322021,0.7227598428726196,0.8277360796928406,0.6888409852981567,0.8299504518508911,0
0.6913778781890869,0.22630667686462402,0.6937442421913147,0.20650148391723633,0.6961947679519653,0.20450598001480103,0.6983257532119751,0.20100876688957214,0.6887927055358887,0.20789524912834167,0.6876574754714966,0.20699378848075867,0.686504602432251,0.20571082830429077,0.7033610343933105,0.19718363881111145,0.6867824792861938,0.20160740613937378,0.6961442232131958,0.23595133423805237,0.6898365020751953,0.236448734998703,0.7323781251907349,0.2638864517211914,0.6747596263885498,0.27780890464782715,0.7396206855773926,0.3881322145462036,0.6581248044967651,0.3885912597179413,0.7323840260505676,0.4863395690917969,0.6660810708999634,0.5048161745071411,0.733700156211853,0.5153704881668091,0.6644486784934998,0.5367514491081238,0.7277876734733582,0.5090271234512329,0.6712021827697754,0.5381340384483337,0.7284808158874512,0.5051008462905884,0.6725635528564453,0.5252436399459839,0.7254528999328613,0.48957377672195435,0.6933941841125488,0.487552285194397,0.720367968082428,0.6462199687957764,0.7017666697502136,0.6393665671348572,0.7139027118682861,0.7757119536399841,0.7101949453353882,0.7621486186981201,0.7125107645988464,0.791970431804657,0.7141786813735962,0.7775929570198059,0.709567666053772,0.8340893387794495,0.706832766532898,0.8190392255783081,0
0.6927385330200195,0.21060702204704285,0.6954302787780762,0.1914147436618805,0.6978384852409363,0.18990546464920044,0.7000992894172668,0.1882581114768982,0.6904528141021729,0.19243124127388,0.6892880201339722,0.1916455328464508,0.6882182955741882,0.1907137930393219,0.7051910758018494,0.1863841712474823,0.6883318424224854,0.18908515572547913,0.6976869106292725,0.22262132167816162,0.6910061240196228,0.22337105870246887,0.7329452037811279,0.25921812653541565,0.6749488711357117,0.2759615480899811,0.7465484142303467,0.3876863718032837,0.6597318053245544,0.3858604431152344,0.7357385754585266,0.49073249101638794,0.6679612398147583,0.49348512291908264,0.7329207062721252,0.5205057263374329,0.6684615612030029,0.5337758660316467,0.7299721240997314,0.5152814984321594,0.6736705899238586,0.5327466726303101,0.7290457487106323,0.5033398270606995,0.67453533411026,0.5175206661224365,0.7236536741256714,0.49194958806037903,0.6934014558792114,0.49179890751838684,0.7190005779266357,0.6469504237174988,0.7023568749427795,0.653211236000061,0.7119735479354858,0.7791327238082886,0.7098644971847534,0.7855459451675415,0.7105644941329956,0.7978265881538391,0.7140694856643677,0.804711103439331,0.7074949741363525,0.8320972919464111,0.6999191641807556,0.8307933807373047,0
0.6926952600479126,0.19116654992103577,0.6955699920654297,0.17198464274406433,0.6980874538421631,0.17087513208389282,0.7009503245353699,0.1697036325931549,0.6903097629547119,0.17314502596855164,0.6890236139297485,0.1728525161743164,0.6877028942108154,0.17247077822685242,0.7069525718688965,0.17097732424736023,0.6879732012748718,0.17410674691200256,0.6980620622634888,0.20420581102371216,0.6906754970550537,0.20590859651565552,0.7327043414115906,0.249313622713089,0.676313579082489,0.2655315697193146,0.7428895235061646,0.3745209574699402,0.6583351492881775,0.3751586675643921,0.735876739025116,0.47444045543670654,0.6672046780586243,0.4848712980747223,0.7340710759162903,0.5097615718841553,0.6666628122329712,0.5181582570075989,0.7293722629547119,0.4970783293247223,0.6737943887710571,0.5144369602203369,0.7295331358909607,0.49053919315338135,0.6753689050674438,0.5056246519088745,0.7218801379203796,0.4869183301925659,0.6933566927909851,0.4876898527145386,0.7127051949501038,0.6362999081611633,0.7089558243751526,0.6459507346153259,0.6974111199378967,0.762466549873352,0.7265631556510925,0.7910012602806091,0.6945334076881409,0.7802903652191162,0.7317057847976685,0.8113792538642883,0.6886492371559143,0.823868453502655,0.7251347303390503,0.8467591404914856,0
0.6955115795135498,0.17933496832847595,0.6994509100914001,0.1601201891899109,0.7019804120063782,0.15924283862113953,0.7043284177780151,0.1584656536579132,0.6927507519721985,0.16117101907730103,0.6909937858581543,0.1610453724861145,0.6893423199653625,0.16085264086723328,0.7087366580963135,0.16113495826721191,0.6888566017150879,0.16366428136825562,0.7011513710021973,0.1960490643978119,0.6930651068687439,0.19709208607673645,0.7358354926109314,0.2485695481300354,0.6751366853713989,0.26142311096191406,0.7495447397232056,0.38401973247528076,0.6604004502296448,0.37568050622940063,0.7378610372543335,0.48125675320625305,0.6689366698265076,0.48230189085006714,0.7338157296180725,0.5124942660331726,0.6705405712127686,0.5220158100128174,0.729388952255249,0.5078266859054565,0.6756021976470947,0.5189104080200195,0.729817807674408,0.4961438477039337,0.6759600043296814,0.5036832094192505,0.7246201634407043,0.49558889865875244,0.6931095123291016,0.5008903741836548,0.7279663681983948,0.6721857786178589,0.694050133228302,0.6635719537734985,0.7293559312820435,0.7811533212661743,0.6965002417564392,0.7793395519256592,0.7282366752624512,0.7951754331588745,0.6997736692428589,0.7929529547691345,0.7275148630142212,0.8366043567657471,0.6878342628479004,0.8393557071685791,0
0.6966421604156494,0.17931237816810608,0.7007275819778442,0.1612604260444641,0.7034193873405457,0.16054099798202515,0.7058437466621399,0.1596144437789917,0.6939085125923157,0.16094344854354858,0.6921179294586182,0.16013380885124207,0.6904577016830444,0.15932607650756836,0.709911584854126,0.16012471914291382,0.690005898475647,0.16141793131828308,0.7020497918128967,0.19496238231658936,0.6941418647766113,0.1940586268901825,0.7351104617118835,0.2460915446281433,0.6755030751228333,0.250581830739975,0.7506739497184753,0.3760572075843811,0.6586913466453552,0.36609476804733276,0.7366938591003418,0.4827050566673279,0.6662063598632812,0.4713747203350067,0.7323936820030212,0.5077201724052429,0.6663945913314819,0.5091599225997925,0.7274320125579834,0.5026987195014954,0.6732640266418457,0.5057907700538635,0.7281889319419861,0.49589264392852783,0.6742945313453674,0.4906550645828247,0.724903404712677,0.48134541511535645,0.6936746835708618,0.48420077562332153,0.7144886255264282,0.643304705619812,0.71235591173172,0.6484795808792114,0.6952468752861023,0.7581912875175476,0.7283240556716919,0.7926691770553589,0.6918182969093323,0.7732230424880981,0.7327576875686646,0.8115787506103516,0.6860078573226929,0.8176197409629822,0.7272829413414001,0.8530791997909546,0
0.6981175541877747,0.16736707091331482,0.7019715905189514,0.147781640291214,0.704474687576294,0.1473197042942047,0.7068019509315491,0.14675873517990112,0.6950072050094604,0.14814424514770508,0.6929781436920166,0.14787739515304565,0.6911917328834534,0.14758095145225525,0.7111170887947083,0.15036946535110474,0.6902360916137695,0.1522148847579956,0.7032143473625183,0.18273481726646423,0.6952082514762878,0.18292173743247986,0.7369499802589417,0.24115993082523346,0.6751618385314941,0.2469397932291031,0.7512354850769043,0.3741791844367981,0.6612467765808105,0.3668007254600525,0.7391912341117859,0.469882071018219,0.6689649224281311,0.4710998237133026,0.73546302318573,0.5045651793479919,0.6698940992355347,0.5088896751403809,0.7304139733314514,0.49923375248908997,0.6746005415916443,0.5076705813407898,0.7306510210037231,0.4879216253757477,0.6761103272438049,0.49478060007095337,0.7243483066558838,0.4787740707397461,0.6942746639251709,0.483083039522171,0.7178117632865906,0.633600115776062,0.7027362585067749,0.6415159702301025,0.7141836881637573,0.763031005859375,0.7129003405570984,0.7740989327430725,0.7123222947120667,0.7793011665344238,0.7172097563743591,0.7922462224960327,0.7109029293060303,0.8178167343139648,0.7093518972396851,0.8300525546073914,0
0.6988922357559204,0.15529942512512207,0.7032137513160706,0.13631707429885864,0.7059081792831421,0.1360291838645935,0.7084707021713257,0.13582900166511536,0.6962006092071533,0.13671240210533142,0.6941040754318237,0.13662976026535034,0.6921534538269043,0.13652878999710083,0.7139125466346741,0.1424347162246704,0.6915472745895386,0.14221349358558655,0.7044024467468262,0.17118096351623535,0.6961765289306641,0.17197495698928833,0.7379738092422485,0.23473066091537476,0.6768393516540527,0.23655188083648682,0.752402126789093,0.3707239031791687,0.6634637117385864,0.3508312702178955,0.740683913230896,0.46700000762939453,0.6691722869873047,0.4620814621448517,0.7366637587547302,0.5031948685646057,0.6705156564712524,0.4969310462474823,0.7317754626274109,0.4980565905570984,0.675220787525177,0.4933360517024994,0.7322902083396912,0.4867425262928009,0.6756805181503296,0.4792618453502655,0.7241017818450928,0.4788571298122406,0.6937913298606873,0.47831472754478455,0.72532057762146,0.6429756879806519,0.6967852711677551,0.6406822204589844,0.7243770956993103,0.7749935984611511,0.7032469511032104,0.777958869934082,0.7230215072631836,0.7930334806442261,0.707439124584198,0.7965970039367676,0.7194734811782837,0.8282908201217651,0.6943463087081909,0.8278664350509644,0
0.6998117566108704,0.14776313304901123,0.7039401531219482,0.12993359565734863,0.7065036296844482,0.1295665204524994,0.709157407283783,0.1290217936038971,0.697405993938446,0.1297227442264557,0.6953179240226746,0.12936988472938538,0.6933833956718445,0.12902352213859558,0.7145827412605286,0.13269838690757751,0.6923232674598694,0.1332741677761078,0.7049579620361328,0.1623654067516327,0.696925163269043,0.16225513815879822,0.7379369139671326,0.2259376049041748,0.6779435873031616,0.22827215492725372,0.7527921199798584,0.35831934213638306,0.6631457805633545,0.3457217514514923,0.7428348064422607,0.4648497700691223,0.6688718795776367,0.4561188220977783,0.7402129173278809,0.49618712067604065,0.6683763265609741,0.4915997087955475,0.7348765730857849,0.49223437905311584,0.6738286018371582,0.49043941497802734,0.73493492603302,0.48283013701438904,0.6751629114151001,0.48111164569854736,0.7244727611541748,0.46664565801620483,0.6941316723823547,0.4686912000179291,0.7195676565170288,0.6360397934913635,0.6959243416786194,0.6299818754196167,0.7189256548881531,0.782111644744873,0.7011159062385559,0.7713143825531006,0.7176769971847534,0.80216383934021,0.7056175470352173,0.7905710935592651,0.715874433517456,0.8336048126220703,0.6940950155258179,0.8279241323471069,0
0.7037094235420227,0.1422579288482666,0.7072582840919495,0.12559741735458374,0.7098299264907837,0.12524470686912537,0.7124592661857605,0.12494799494743347,0.7007901668548584,0.12558290362358093,0.6987906098365784,0.12527045607566833,0.6966800093650818,0.12490296363830566,0.7172078490257263,0.12917420268058777,0.694667637348175,0.1280832588672638,0.7080899477005005,0.15882107615470886,0.7008427977561951,0.15960314869880676,0.740115225315094,0.22718855738639832,0.6785454750061035,0.2239067703485489,0.75328528881073,0.35463106632232666,0.6644551753997803,0.3413970172405243,0.7419548630714417,0.46054592728614807,0.6692428588867188,0.4463270604610443,0.7390978336334229,0.487132728099823,0.6688711047172546,0.48125240206718445,0.7340308427810669,0.4842909872531891,0.6742092967033386,0.47984808683395386,0.7339102029800415,0.47538283467292786,0.6754333972930908,0.4667001962661743,0.7260045409202576,0.4662335216999054,0.6960671544075012,0.4697985351085663,0.7172740697860718,0.6368929147720337,0.7027413845062256,0.6450114250183105,0.7062985301017761,0.7926719784736633,0.7166234254837036,0.7979546785354614,0.7037571668624878,0.8149173259735107,0.721394419670105,0.8177564144134521,0.7017304301261902,0.846589207649231,0.7135913372039795,0.8547798991203308,0
0.7031685709953308,0.12975075840950012,0.7070791125297546,0.11618161201477051,0.7094391584396362,0.1161591112613678,0.7118345499038696,0.11612105369567871,0.7011976838111877,0.11590027809143066,0.6994714736938477,0.11570486426353455,0.6977832913398743,0.1155366599559784,0.7170684933662415,0.12254372239112854,0.6970312595367432,0.12069085240364075,0.7074319124221802,0.14654475450515747,0.7005468606948853,0.14757609367370605,0.7405451536178589,0.22294943034648895,0.6790198683738708,0.2224007248878479,0.7534108757972717,0.35515329241752625,0.666217565536499,0.3378779888153076,0.7454242706298828,0.44706761837005615,0.6699241399765015,0.4467467963695526,0.741803765296936,0.48264527320861816,0.6676168441772461,0.47799432277679443,0.7371967434883118,0.4791340231895447,0.6722360849380493,0.47443869709968567,0.7373278737068176,0.46542295813560486,0.6741687655448914,0.46322372555732727,0.7259986400604248,0.46293264627456665,0.6961166262626648,0.4648151397705078,0.7219368815422058,0.6541218757629395,0.7027797102928162,0.6391094326972961,0.7175439596176147,0.8197088241577148,0.7102254629135132,0.8103896379470825,0.7160478234291077,0.8435739278793335,0.7148604393005371,0.8316500186920166,0.7123972773551941,0.8727560043334961,0.6982696056365967,0.8456107378005981,0
0.7054448127746582,0.12340092658996582,0.7090052962303162,0.10920479893684387,0.7115851640701294,0.10947379469871521,0.7141127586364746,0.10982215404510498,0.7028647065162659,0.108523428440094,0.7010173797607422,0.10842812061309814,0.6993056535720825,0.10830992460250854,0.7189549207687378,0.11963322758674622,0.6983271241188049,0.11694657802581787,0.7098709344863892,0.14240044355392456,0.7026450037956238,0.14183685183525085,0.740431547164917,0.2162124663591385,0.6808984279632568,0.21905802190303802,0.753935694694519,0.34517568349838257,0.6681287884712219,0.3328874111175537,0.7460685968399048,0.4400985836982727,0.6701265573501587,0.4403213858604431,0.7428187131881714,0.4785209000110626,0.6673809289932251,0.47329092025756836,0.7379584312438965,0.47294050455093384,0.6718708276748657,0.46895360946655273,0.7371091842651367,0.45966190099716187,0.6740291118621826,0.45507872104644775,0.7268467545509338,0.45779237151145935,0.6969974040985107,0.4623001217842102,0.7234415411949158,0.6517853736877441,0.7015484571456909,0.6386235952377319,0.7202948331832886,0.8234292268753052,0.7084638476371765,0.8147228956222534,0.7193891406059265,0.8475654125213623,0.7134255766868591,0.8370187282562256,0.7138481736183167,0.8793755173683167,0.7003182172775269,0.8713287711143494,0
0.7051138877868652,0.1152583658695221,0.7091690897941589,0.10110694169998169,0.7115626335144043,0.10145938396453857,0.7140878438949585,0.10189977288246155,0.7032351493835449,0.10049626231193542,0.7015825510025024,0.10037434101104736,0.6999650001525879,0.10045599937438965,0.7192964553833008,0.10961109399795532,0.6993783116340637,0.10638561844825745,0.7092125415802002,0.13284781575202942,0.7022791504859924,0.13343048095703125,0.7419920563697815,0.21825702488422394,0.6814380884170532,0.21209485828876495,0.7545894384384155,0.35351213812828064,0.6671504378318787,0.32514238357543945,0.748604416847229,0.4402066767215729,0.668649435043335,0.43217167258262634,0.7452049851417542,0.47125333547592163,0.6675420999526978,0.46204349398612976,0.7398791909217834,0.4657786786556244,0.6714567542076111,0.4617687165737152,0.7401186227798462,0.453592449426651,0.6724920868873596,0.4500178396701813,0.726917564868927,0.45841434597969055,0.6956780552864075,0.46054622530937195,0.7256608009338379,0.6521134972572327,0.7005800604820251,0.6357027292251587,0.7226728796958923,0.8223044872283936,0.6978520154953003,0.8020268678665161,0.7199336886405945,0.8474441766738892,0.7006978392601013,0.8245910406112671,0.7242830395698547,0.854341983795166,0.6873668432235718,0.8466744422912598,0
0.7068226933479309,0.11971703171730042,0.7111053466796875,0.1063401997089386,0.713625967502594,0.1066107451915741,0.7162711024284363,0.10689806938171387,0.7049649357795715,0.10479599237442017,0.7032323479652405,0.10410183668136597,0.7014394402503967,0.10346266627311707,0.7209044098854065,0.11513787508010864,0.7001871466636658,0.1095939576625824,0.7108270525932312,0.14041155576705933,0.7037063241004944,0.13730010390281677,0.7424411773681641,0.22124828398227692,0.6813677549362183,0.21479573845863342,0.7562536001205444,0.34904682636260986,0.6659748554229736,0.3271341323852539,0.7482011914253235,0.4415203928947449,0.6672177910804749,0.4350724518299103,0.7457104921340942,0.47032755613327026,0.6659573912620544,0.4612950384616852,0.7403555512428284,0.46627894043922424,0.669479250907898,0.4603423476219177,0.7406659126281738,0.4542567729949951,0.6715570092201233,0.44964128732681274,0.7255096435546875,0.46357297897338867,0.6960441470146179,0.46567457914352417,0.7121359705924988,0.624893844127655,0.7063685059547424,0.6395461559295654,0.6911380887031555,0.7784633040428162,0.7232840061187744,0.8091825246810913,0.6893719434738159,0.8010318279266357,0.7283638715744019,0.8313643932342529,0.6858312487602234,0.83174729347229,0.7193661332130432,0.8654760122299194,0
0.7085455656051636,0.12284266948699951,0.7128574848175049,0.10860180854797363,0.7151787877082825,0.10945430397987366,0.7174419164657593,0.11022886633872986,0.7070050239562988,0.1065112054347992,0.7052203416824341,0.10579991340637207,0.7035208940505981,0.10527238249778748,0.7220832705497742,0.11819961667060852,0.7024312615394592,0.11174836754798889,0.7126051783561707,0.13928598165512085,0.7051382660865784,0.1371268928050995,0.7430465221405029,0.21894483268260956,0.6828764081001282,0.213505819439888,0.757098376750946,0.3445020914077759,0.6676897406578064,0.3266967535018921,0.7497758865356445,0.43438616394996643,0.6676332950592041,0.43410879373550415,0.7476673722267151,0.46435055136680603,0.6653377413749695,0.4617171883583069,0.7427499890327454,0.45965826511383057,0.6698048710823059,0.4600535035133362,0.7424402236938477,0.4503139853477478,0.6719577312469482,0.44934335350990295,0.7271209359169006,0.4612666964530945,0.6967490315437317,0.46251457929611206,0.7098471522331238,0.6226317882537842,0.7113072276115417,0.6532499194145203,0.6880800127983093,0.7741703391075134,0.7284634709358215,0.8151769638061523,0.6843997240066528,0.7967976331710815,0.7342339754104614,0.8387633562088013,0.6767480373382568,0.8299604654312134,0.7233189940452576,0.8703203201293945,0
0.7099660634994507,0.11792051792144775,0.7143159508705139,0.10378521680831909,0.7167448401451111,0.10478994250297546,0.7190964818000793,0.105690598487854,0.7083956599235535,0.10218015313148499,0.7065172791481018,0.10192811489105225,0.7046809196472168,0.1019023060798645,0.7234448790550232,0.11545786261558533,0.7026750445365906,0.1101621687412262,0.7137755155563354,0.13481009006500244,0.7062374949455261,0.13269802927970886,0.7429700493812561,0.21610674262046814,0.6826950907707214,0.2097385674715042,0.7571041584014893,0.3380856215953827,0.6662289500236511,0.3263341784477234,0.7501932978630066,0.4328840374946594,0.6677520871162415,0.43132284283638,0.7483567595481873,0.465895414352417,0.6661446690559387,0.46221596002578735,0.7431685328483582,0.4611127972602844,0.6702244281768799,0.4612720012664795,0.7427425384521484,0.4500778913497925,0.6717632412910461,0.4508439600467682,0.726439356803894,0.45678433775901794,0.6957236528396606,0.4575657844543457,0.7103566527366638,0.5982789993286133,0.7092222571372986,0.6381053924560547,0.683924674987793,0.7427101731300354,0.7192919850349426,0.7875056266784668,0.6788204312324524,0.7618374228477478,0.7226431369781494,0.8080295324325562,0.6785970330238342,0.7964611649513245,0.7187361717224121,0.8371543288230896,0
0.7115738391876221,0.11676609516143799,0.7156108617782593,0.10520750284194946,0.717879056930542,0.10575634241104126,0.7200909852981567,0.10630646347999573,0.7096061706542969,0.10396116971969604,0.7077388763427734,0.1036730706691742,0.7060340642929077,0.10351911187171936,0.7246648073196411,0.11558440327644348,0.7041938900947571,0.10998395085334778,0.7156738042831421,0.1353975534439087,0.7081372141838074,0.13380011916160583,0.7445459961891174,0.21814532577991486,0.6843868494033813,0.21349665522575378,0.759223222732544,0.34061795473098755,0.6699350476264954,0.32463762164115906,0.7509981989860535,0.43284904956817627,0.6680615544319153,0.4192562997341156,0.7492067813873291,0.463360071182251,0.6645058393478394,0.44985640048980713,0.74444979429245,0.45868760347366333,0.6684266924858093,0.4510250985622406,0.7439595460891724,0.4482875466346741,0.6700193285942078,0.43911194801330566,0.7283594012260437,0.4494062662124634,0.695010781288147,0.4455939829349518,0.7138696312904358,0.6315261125564575,0.7040749788284302,0.6359108686447144,0.6983418464660645,0.7695470452308655,0.7160624265670776,0.7859369516372681,0.6954981684684753,0.7885786294937134,0.7203192114830017,0.8072168231010437,0.6912869811058044,0.8197972178459167,0.7122018337249756,0.8385010957717896,0
0.7116906642913818,0.11858969926834106,0.7161303758621216,0.10524970293045044,0.7185051441192627,0.10624441504478455,0.7209963202476501,0.1073789894580841,0.7104215621948242,0.10341736674308777,0.7087082266807556,0.10303041338920593,0.70701664686203,0.10281944274902344,0.7255934476852417,0.11682233214378357,0.7055382132530212,0.11046597361564636,0.7153918743133545,0.1356726884841919,0.7082292437553406,0.13275966048240662,0.7453126311302185,0.2180664837360382,0.6853407621383667,0.2127947360277176,0.7596821784973145,0.3343091309070587,0.671947181224823,0.32372695207595825,0.7536167502403259,0.4322044849395752,0.66853266954422,0.4257650375366211,0.7520374059677124,0.4603859484195709,0.6655144691467285,0.4567476511001587,0.746153712272644,0.4586641490459442,0.6690446138381958,0.45702821016311646,0.7457156181335449,0.44978415966033936,0.6713553667068481,0.4463294446468353,0.729087233543396,0.45720556378364563,0.698002815246582,0.45470526814460754,0.7178579568862915,0.6389651894569397,0.7034031748771667,0.6338069438934326,0.7025397419929504,0.7999098300933838,0.7115811705589294,0.7960985898971558,0.6985258460044861,0.8226567506790161,0.7145898938179016,0.8185129761695862,0.6997609734535217,0.8505808115005493,0.7092383503913879,0.8472057580947876,0
0.7160717844963074,0.11697337031364441,0.7195028066635132,0.10547351837158203,0.7219443321228027,0.10652977228164673,0.7242783904075623,0.10771843791007996,0.7131254076957703,0.10370981693267822,0.7112024426460266,0.10351365804672241,0.7093698382377625,0.10351452231407166,0.7278446555137634,0.11913833022117615,0.7070257067680359,0.11105534434318542,0.7204746603965759,0.13706710934638977,0.7124199271202087,0.1340852677822113,0.746764063835144,0.22028833627700806,0.6864514350891113,0.21427354216575623,0.7607810497283936,0.3377954363822937,0.6729247570037842,0.32177308201789856,0.7544870376586914,0.42992204427719116,0.669844925403595,0.4211468994617462,0.7537621259689331,0.45890724658966064,0.6669919490814209,0.45112869143486023,0.7479824423789978,0.45481953024864197,0.670967698097229,0.4488438069820404,0.7460920214653015,0.44501057267189026,0.6730576753616333,0.44050461053848267,0.7302266359329224,0.4304996728897095,0.697540819644928,0.4273422956466675,0.7185726761817932,0.6085600256919861,0.7009590864181519,0.6146084070205688,0.7057281136512756,0.7386795282363892,0.7050263285636902,0.7452278137207031,0.7032047510147095,0.754833459854126,0.7066931128501892,0.7618361711502075,0.700668215751648,0.7927665710449219,0.7042047381401062,0.7968941330909729,0
0.716773509979248,0.11961182951927185,0.7204722166061401,0.10576760768890381,0.7227725386619568,0.10682368278503418,0.7252027988433838,0.10793620347976685,0.7145704030990601,0.10413748025894165,0.7126132249832153,0.1039908230304718,0.710702657699585,0.1040690541267395,0.7289057374000549,0.11785897612571716,0.7079646587371826,0.11230385303497314,0.7203640937805176,0.13672798871994019,0.7128831148147583,0.13469180464744568,0.7478623390197754,0.22021032869815826,0.6876618266105652,0.21584951877593994,0.7624853253364563,0.3368988335132599,0.6740201711654663,0.3268882930278778,0.758374035358429,0.4301173686981201,0.6715172529220581,0.42970409989356995,0.757168710231781,0.4597442150115967,0.6675752401351929,0.46219852566719055,0.7511689066886902,0.45891886949539185,0.6714286804199219,0.46080416440963745,0.7501550316810608,0.4501614272594452,0.6740337610244751,0.44988182187080383,0.7322867512702942,0.4592650234699249,0.7010308504104614,0.45565271377563477,0.7158769965171814,0.6257556676864624,0.7072967886924744,0.637480616569519,0.6964908838272095,0.7820566892623901,0.7172986268997192,0.7953287363052368,0.6926700472831726,0.8043454885482788,0.7215328216552734,0.8175052404403687,0.685327410697937,0.8291310667991638,0.7132349610328674,0.8503550887107849,0
0.7178772687911987,0.11914101243019104,0.7216115593910217,0.11005643010139465,0.7239838242530823,0.11059674620628357,0.7263285517692566,0.1113029420375824,0.7149735689163208,0.10866448283195496,0.7128379940986633,0.10838112235069275,0.7109564542770386,0.1083737313747406,0.7311806678771973,0.11955058574676514,0.7084019184112549,0.11475339531898499,0.7220995426177979,0.13698267936706543,0.7144378423690796,0.1364264190196991,0.7497613430023193,0.21444596350193024,0.6901017427444458,0.2168935090303421,0.7631890177726746,0.3334065079689026,0.6726522445678711,0.3215063810348511,0.7561967372894287,0.42715248465538025,0.6713604927062988,0.4128820598125458,0.7570137977600098,0.4530678391456604,0.668842613697052,0.44259005784988403,0.7508106231689453,0.44750314950942993,0.6725317239761353,0.4398764669895172,0.7497637867927551,0.4409836530685425,0.6788212656974792,0.42826345562934875,0.7363100051879883,0.37400850653648376,0.7028730511665344,0.36946871876716614,0.7466644644737244,0.4631050229072571,0.6977942585945129,0.4594948887825012,0.7421535849571228,0.5557103157043457,0.6951353549957275,0.5530256032943726,0.7368881702423096,0.5859260559082031,0.6976112723350525,0.5822581648826599,0.7511976957321167,0.579994797706604,0.6907302141189575,0.5767386555671692,0
0.7194023132324219,0.12265491485595703,0.7230896353721619,0.10703051090240479,0.7252008318901062,0.10740163922309875,0.7274633646011353,0.10774499177932739,0.7169592380523682,0.10631361603736877,0.7148185968399048,0.10620635747909546,0.7126682996749878,0.10615512728691101,0.7308505773544312,0.11689493060112,0.7102304697036743,0.11387887597084045,0.7232505679130554,0.1391129195690155,0.715736985206604,0.137714684009552,0.750160276889801,0.22465969622135162,0.69051194190979,0.21880504488945007,0.7664939761161804,0.3445015549659729,0.6770661473274231,0.3365631401538849,0.7601926922798157,0.4296303689479828,0.6731932163238525,0.4326862394809723,0.7607322931289673,0.461173951625824,0.6701226234436035,0.4645925760269165,0.754732608795166,0.4556823670864105,0.674363911151886,0.46114039421081543,0.7535924315452576,0.44405603408813477,0.6760457754135132,0.44915884733200073,0.7340875864028931,0.4673094153404236,0.7017261981964111,0.4676130712032318,0.7267473936080933,0.6335934996604919,0.6983384490013123,0.6364569664001465,0.7198349237442017,0.7874248027801514,0.6968318223953247,0.7753790616989136,0.7171598076820374,0.8073537349700928,0.6997161507606506,0.7940813899040222,0.7191398739814758,0.8372147083282471,0.6875686645507812,0.8271156549453735,0
0.7208830118179321,0.12441042065620422,0.7247622013092041,0.11275333166122437,0.7268204092979431,0.11349818110466003,0.7285923957824707,0.11421632766723633,0.7184893488883972,0.11118820309638977,0.7165666818618774,0.11103776097297668,0.7147654891014099,0.11118033528327942,0.731347382068634,0.12307065725326538,0.7130270600318909,0.1181294322013855,0.7250317931175232,0.14086395502090454,0.7172333002090454,0.139346182346344,0.7522835731506348,0.23255589604377747,0.6933547854423523,0.21996569633483887,0.7656291127204895,0.34154513478279114,0.677693784236908,0.32638537883758545,0.7612549662590027,0.43110132217407227,0.6734749674797058,0.42022958397865295,0.761171817779541,0.46471694111824036,0.6686444878578186,0.45544400811195374,0.7572780251502991,0.45957857370376587,0.6735913157463074,0.45353758335113525,0.7564846873283386,0.4503592550754547,0.6750105023384094,0.4465010464191437,0.7334851622581482,0.4617835581302643,0.701935350894928,0.45586466789245605,0.7264202237129211,0.6418172717094421,0.7028771042823792,0.6304222345352173,0.7230627536773682,0.7998368144035339,0.7008115649223328,0.7884707450866699,0.7204411029815674,0.8214825391769409,0.7038752436637878,0.8116207122802734,0.7239863872528076,0.8429739475250244,0.6908841133117676,0.8325155973434448,0
0.7219623923301697,0.12845885753631592,0.726238489151001,0.11933624744415283,0.7284746766090393,0.12014815211296082,0.730702817440033,0.1216057538986206,0.7199165225028992,0.1180921196937561,0.7177982330322266,0.11851620674133301,0.7155012488365173,0.11933928728103638,0.7329679131507874,0.13350442051887512,0.7125411629676819,0.12857934832572937,0.7258847951889038,0.1456315517425537,0.7180454134941101,0.1454993188381195,0.7500817775726318,0.2191745787858963,0.6939367651939392,0.21724694967269897,0.7674239873886108,0.3269790709018707,0.6804720163345337,0.3133508563041687,0.7601595520973206,0.4300626516342163,0.6767935752868652,0.41870126128196716,0.7628142833709717,0.4543669819831848,0.6730418801307678,0.44577986001968384,0.7566770315170288,0.45351845026016235,0.678321123123169,0.4475744664669037,0.7546083331108093,0.44477948546409607,0.6814706921577454,0.436497300863266,0.7373135685920715,0.35389572381973267,0.7065336108207703,0.35744959115982056,0.7460805773735046,0.3827348053455353,0.6946126818656921,0.39399072527885437,0.7345343828201294,0.36615896224975586,0.6978960037231445,0.40004536509513855,0.732082188129425,0.3751644194126129,0.7019709944725037,0.4108358919620514,0.7346100807189941,0.3622567057609558,0.6893728375434875,0.40066027641296387,0
