kp0_x,kp0_y,kp1_x,kp1_y,kp2_x,kp2_y,kp3_x,kp3_y,kp4_x,kp4_y,kp5_x,kp5_y,kp6_x,kp6_y,kp7_x,kp7_y,kp8_x,kp8_y,kp9_x,kp9_y,kp10_x,kp10_y,kp11_x,kp11_y,kp12_x,kp12_y,kp13_x,kp13_y,kp14_x,kp14_y,kp15_x,kp15_y,kp16_x,kp16_y,kp17_x,kp17_y,kp18_x,kp18_y,kp19_x,kp19_y,kp20_x,kp20_y,kp21_x,kp21_y,kp22_x,kp22_y,kp23_x,kp23_y,kp24_x,kp24_y,kp25_x,kp25_y,kp26_x,kp26_y,kp27_x,kp27_y,kp28_x,kp28_y,kp29_x,kp29_y,kp30_x,kp30_y,kp31_x,kp31_y,kp32_x,kp32_y,label
0.0,0.0,0.0,0.0,0.0,0.0,0.0,0.0,0.0,0.0,0.0,0.0,0.0,0.0,0.0,0.0,0.0,0.0,0.0,0.0,0.0,0.0,0.0,0.0,0.0,0.0,0.0,0.0,0.0,0.0,0.0,0.0,0.0,0.0,0.0,0.0,0.0,0.0,0.0,0.0,0.0,0.0,0.0,0.0,0.0,0.0,0.0,0.0,0.0,0.0,0.0,0.0,0.0,0.0,0.0,0.0,0.0,0.0,0.0,0.0,0.0,0.0,0.0,0.0,0.0,0.0,0
0.0,0.0,0.0,0.0,0.0,0.0,0.0,0.0,0.0,0.0,0.0,0.0,0.0,0.0,0.0,0.0,0.0,0.0,0.0,0.0,0.0,0.0,0.0,0.0,0.0,0.0,0.0,0.0,0.0,0.0,0.0,0.0,0.0,0.0,0.0,0.0,0.0,0.0,0.0,0.0,0.0,0.0,0.0,0.0,0.0,0.0,0.0,0.0,0.0,0.0,0.0,0.0,0.0,0.0,0.0,0.0,0.0,0.0,0.0,0.0,0.0,0.0,0.0,0.0,0.0,0.0,0
0.0,0.0,0.0,0.0,0.0,0.0,0.0,0.0,0.0,0.0,0.0,0.0,0.0,0.0,0.0,0.0,0.0,0.0,0.0,0.0,0.0,0.0,0.0,0.0,0.0,0.0,0.0,0.0,0.0,0.0,0.0,0.0,0.0,0.0,0.0,0.0,0.0,0.0,0.0,0.0,0.0,0.0,0.0,0.0,0.0,0.0,0.0,0.0,0.0,0.0,0.0,0.0,0.0,0.0,0.0,0.0,0.0,0.0,0.0,0.0,0.0,0.0,0.0,0.0,0.0,0.0,0
0.0,0.0,0.0,0.0,0.0,0.0,0.0,0.0,0.0,0.0,0.0,0.0,0.0,0.0,0.0,0.0,0.0,0.0,0.0,0.0,0.0,0.0,0.0,0.0,0.0,0.0,0.0,0.0,0.0,0.0,0.0,0.0,0.0,0.0,0.0,0.0,0.0,0.0,0.0,0.0,0.0,0.0,0.0,0.0,0.0,0.0,0.0,0.0,0.0,0.0,0.0,0.0,0.0,0.0,0.0,0.0,0.0,0.0,0.0,0.0,0.0,0.0,0.0,0.0,0.0,0.0,0
0.0,0.0,0.0,0.0,0.0,0.0,0.0,0.0,0.0,0.0,0.0,0.0,0.0,0.0,0.0,0.0,0.0,0.0,0.0,0.0,0.0,0.0,0.0,0.0,0.0,0.0,0.0,0.0,0.0,0.0,0.0,0.0,0.0,0.0,0.0,0.0,0.0,0.0,0.0,0.0,0.0,0.0,0.0,0.0,0.0,0.0,0.0,0.0,0.0,0.0,0.0,0.0,0.0,0.0,0.0,0.0,0.0,0.0,0.0,0.0,0.0,0.0,0.0,0.0,0.0,0.0,0
0.0,0.0,0.0,0.0,0.0,0.0,0.0,0.0,0.0,0.0,0.0,0.0,0.0,0.0,0.0,0.0,0.0,0.0,0.0,0.0,0.0,0.0,0.0,0.0,0.0,0.0,0.0,0.0,0.0,0.0,0.0,0.0,0.0,0.0,0.0,0.0,0.0,0.0,0.0,0.0,0.0,0.0,0.0,0.0,0.0,0.0,0.0,0.0,0.0,0.0,0.0,0.0,0.0,0.0,0.0,0.0,0.0,0.0,0.0,0.0,0.0,0.0,0.0,0.0,0.0,0.0,0
0.0,0.0,0.0,0.0,0.0,0.0,0.0,0.0,0.0,0.0,0.0,0.0,0.0,0.0,0.0,0.0,0.0,0.0,0.0,0.0,0.0,0.0,0.0,0.0,0.0,0.0,0.0,0.0,0.0,0.0,0.0,0.0,0.0,0.0,0.0,0.0,0.0,0.0,0.0,0.0,0.0,0.0,0.0,0.0,0.0,0.0,0.0,0.0,0.0,0.0,0.0,0.0,0.0,0.0,0.0,0.0,0.0,0.0,0.0,0.0,0.0,0.0,0.0,0.0,0.0,0.0,0
0.0,0.0,0.0,0.0,0.0,0.0,0.0,0.0,0.0,0.0,0.0,0.0,0.0,0.0,0.0,0.0,0.0,0.0,0.0,0.0,0.0,0.0,0.0,0.0,0.0,0.0,0.0,0.0,0.0,0.0,0.0,0.0,0.0,0.0,0.0,0.0,0.0,0.0,0.0,0.0,0.0,0.0,0.0,0.0,0.0,0.0,0.0,0.0,0.0,0.0,0.0,0.0,0.0,0.0,0.0,0.0,0.0,0.0,0.0,0.0,0.0,0.0,0.0,0.0,0.0,0.0,0
0.0,0.0,0.0,0.0,0.0,0.0,0.0,0.0,0.0,0.0,0.0,0.0,0.0,0.0,0.0,0.0,0.0,0.0,0.0,0.0,0.0,0.0,0.0,0.0,0.0,0.0,0.0,0.0,0.0,0.0,0.0,0.0,0.0,0.0,0.0,0.0,0.0,0.0,0.0,0.0,0.0,0.0,0.0,0.0,0.0,0.0,0.0,0.0,0.0,0.0,0.0,0.0,0.0,0.0,0.0,0.0,0.0,0.0,0.0,0.0,0.0,0.0,0.0,0.0,0.0,0.0,0
0.0,0.0,0.0,0.0,0.0,0.0,0.0,0.0,0.0,0.0,0.0,0.0,0.0,0.0,0.0,0.0,0.0,0.0,0.0,0.0,0.0,0.0,0.0,0.0,0.0,0.0,0.0,0.0,0.0,0.0,0.0,0.0,0.0,0.0,0.0,0.0,0.0,0.0,0.0,0.0,0.0,0.0,0.0,0.0,0.0,0.0,0.0,0.0,0.0,0.0,0.0,0.0,0.0,0.0,0.0,0.0,0.0,0.0,0.0,0.0,0.0,0.0,0.0,0.0,0.0,0.0,0
0.0,0.0,0.0,0.0,0.0,0.0,0.0,0.0,0.0,0.0,0.0,0.0,0.0,0.0,0.0,0.0,0.0,0.0,0.0,0.0,0.0,0.0,0.0,0.0,0.0,0.0,0.0,0.0,0.0,0.0,0.0,0.0,0.0,0.0,0.0,0.0,0.0,0.0,0.0,0.0,0.0,0.0,0.0,0.0,0.0,0.0,0.0,0.0,0.0,0.0,0.0,0.0,0.0,0.0,0.0,0.0,0.0,0.0,0.0,0.0,0.0,0.0,0.0,0.0,0.0,0.0,0
0.0,0.0,0.0,0.0,0.0,0.0,0.0,0.0,0.0,0.0,0.0,0.0,0.0,0.0,0.0,0.0,0.0,0.0,0.0,0.0,0.0,0.0,0.0,0.0,0.0,0.0,0.0,0.0,0.0,0.0,0.0,0.0,0.0,0.0,0.0,0.0,0.0,0.0,0.0,0.0,0.0,0.0,0.0,0.0,0.0,0.0,0.0,0.0,0.0,0.0,0.0,0.0,0.0,0.0,0.0,0.0,0.0,0.0,0.0,0.0,0.0,0.0,0.0,0.0,0.0,0.0,0
0.0,0.0,0.0,0.0,0.0,0.0,0.0,0.0,0.0,0.0,0.0,0.0,0.0,0.0,0.0,0.0,0.0,0.0,0.0,0.0,0.0,0.0,0.0,0.0,0.0,0.0,0.0,0.0,0.0,0.0,0.0,0.0,0.0,0.0,0.0,0.0,0.0,0.0,0.0,0.0,0.0,0.0,0.0,0.0,0.0,0.0,0.0,0.0,0.0,0.0,0.0,0.0,0.0,0.0,0.0,0.0,0.0,0.0,0.0,0.0,0.0,0.0,0.0,0.0,0.0,0.0,0
0.0,0.0,0.0,0.0,0.0,0.0,0.0,0.0,0.0,0.0,0.0,0.0,0.0,0.0,0.0,0.0,0.0,0.0,0.0,0.0,0.0,0.0,0.0,0.0,0.0,0.0,0.0,0.0,0.0,0.0,0.0,0.0,0.0,0.0,0.0,0.0,0.0,0.0,0.0,0.0,0.0,0.0,0.0,0.0,0.0,0.0,0.0,0.0,0.0,0.0,0.0,0.0,0.0,0.0,0.0,0.0,0.0,0.0,0.0,0.0,0.0,0.0,0.0,0.0,0.0,0.0,0
0.0,0.0,0.0,0.0,0.0,0.0,0.0,0.0,0.0,0.0,0.0,0.0,0.0,0.0,0.0,0.0,0.0,0.0,0.0,0.0,0.0,0.0,0.0,0.0,0.0,0.0,0.0,0.0,0.0,0.0,0.0,0.0,0.0,0.0,0.0,0.0,0.0,0.0,0.0,0.0,0.0,0.0,0.0,0.0,0.0,0.0,0.0,0.0,0.0,0.0,0.0,0.0,0.0,0.0,0.0,0.0,0.0,0.0,0.0,0.0,0.0,0.0,0.0,0.0,0.0,0.0,0
0.0,0.0,0.0,0.0,0.0,0.0,0.0,0.0,0.0,0.0,0.0,0.0,0.0,0.0,0.0,0.0,0.0,0.0,0.0,0.0,0.0,0.0,0.0,0.0,0.0,0.0,0.0,0.0,0.0,0.0,0.0,0.0,0.0,0.0,0.0,0.0,0.0,0.0,0.0,0.0,0.0,0.0,0.0,0.0,0.0,0.0,0.0,0.0,0.0,0.0,0.0,0.0,0.0,0.0,0.0,0.0,0.0,0.0,0.0,0.0,0.0,0.0,0.0,0.0,0.0,0.0,0
0.0,0.0,0.0,0.0,0.0,0.0,0.0,0.0,0.0,0.0,0.0,0.0,0.0,0.0,0.0,0.0,0.0,0.0,0.0,0.0,0.0,0.0,0.0,0.0,0.0,0.0,0.0,0.0,0.0,0.0,0.0,0.0,0.0,0.0,0.0,0.0,0.0,0.0,0.0,0.0,0.0,0.0,0.0,0.0,0.0,0.0,0.0,0.0,0.0,0.0,0.0,0.0,0.0,0.0,0.0,0.0,0.0,0.0,0.0,0.0,0.0,0.0,0.0,0.0,0.0,0.0,0
0.0,0.0,0.0,0.0,0.0,0.0,0.0,0.0,0.0,0.0,0.0,0.0,0.0,0.0,0.0,0.0,0.0,0.0,0.0,0.0,0.0,0.0,0.0,0.0,0.0,0.0,0.0,0.0,0.0,0.0,0.0,0.0,0.0,0.0,0.0,0.0,0.0,0.0,0.0,0.0,0.0,0.0,0.0,0.0,0.0,0.0,0.0,0.0,0.0,0.0,0.0,0.0,0.0,0.0,0.0,0.0,0.0,0.0,0.0,0.0,0.0,0.0,0.0,0.0,0.0,0.0,0
0.0,0.0,0.0,0.0,0.0,0.0,0.0,0.0,0.0,0.0,0.0,0.0,0.0,0.0,0.0,0.0,0.0,0.0,0.0,0.0,0.0,0.0,0.0,0.0,0.0,0.0,0.0,0.0,0.0,0.0,0.0,0.0,0.0,0.0,0.0,0.0,0.0,0.0,0.0,0.0,0.0,0.0,0.0,0.0,0.0,0.0,0.0,0.0,0.0,0.0,0.0,0.0,0.0,0.0,0.0,0.0,0.0,0.0,0.0,0.0,0.0,0.0,0.0,0.0,0.0,0.0,0
0.0,0.0,0.0,0.0,0.0,0.0,0.0,0.0,0.0,0.0,0.0,0.0,0.0,0.0,0.0,0.0,0.0,0.0,0.0,0.0,0.0,0.0,0.0,0.0,0.0,0.0,0.0,0.0,0.0,0.0,0.0,0.0,0.0,0.0,0.0,0.0,0.0,0.0,0.0,0.0,0.0,0.0,0.0,0.0,0.0,0.0,0.0,0.0,0.0,0.0,0.0,0.0,0.0,0.0,0.0,0.0,0.0,0.0,0.0,0.0,0.0,0.0,0.0,0.0,0.0,0.0,0
0.0,0.0,0.0,0.0,0.0,0.0,0.0,0.0,0.0,0.0,0.0,0.0,0.0,0.0,0.0,0.0,0.0,0.0,0.0,0.0,0.0,0.0,0.0,0.0,0.0,0.0,0.0,0.0,0.0,0.0,0.0,0.0,0.0,0.0,0.0,0.0,0.0,0.0,0.0,0.0,0.0,0.0,0.0,0.0,0.0,0.0,0.0,0.0,0.0,0.0,0.0,0.0,0.0,0.0,0.0,0.0,0.0,0.0,0.0,0.0,0.0,0.0,0.0,0.0,0.0,0.0,0
0.0,0.0,0.0,0.0,0.0,0.0,0.0,0.0,0.0,0.0,0.0,0.0,0.0,0.0,0.0,0.0,0.0,0.0,0.0,0.0,0.0,0.0,0.0,0.0,0.0,0.0,0.0,0.0,0.0,0.0,0.0,0.0,0.0,0.0,0.0,0.0,0.0,0.0,0.0,0.0,0.0,0.0,0.0,0.0,0.0,0.0,0.0,0.0,0.0,0.0,0.0,0.0,0.0,0.0,0.0,0.0,0.0,0.0,0.0,0.0,0.0,0.0,0.0,0.0,0.0,0.0,0
0.0,0.0,0.0,0.0,0.0,0.0,0.0,0.0,0.0,0.0,0.0,0.0,0.0,0.0,0.0,0.0,0.0,0.0,0.0,0.0,0.0,0.0,0.0,0.0,0.0,0.0,0.0,0.0,0.0,0.0,0.0,0.0,0.0,0.0,0.0,0.0,0.0,0.0,0.0,0.0,0.0,0.0,0.0,0.0,0.0,0.0,0.0,0.0,0.0,0.0,0.0,0.0,0.0,0.0,0.0,0.0,0.0,0.0,0.0,0.0,0.0,0.0,0.0,0.0,0.0,0.0,0
0.0,0.0,0.0,0.0,0.0,0.0,0.0,0.0,0.0,0.0,0.0,0.0,0.0,0.0,0.0,0.0,0.0,0.0,0.0,0.0,0.0,0.0,0.0,0.0,0.0,0.0,0.0,0.0,0.0,0.0,0.0,0.0,0.0,0.0,0.0,0.0,0.0,0.0,0.0,0.0,0.0,0.0,0.0,0.0,0.0,0.0,0.0,0.0,0.0,0.0,0.0,0.0,0.0,0.0,0.0,0.0,0.0,0.0,0.0,0.0,0.0,0.0,0.0,0.0,0.0,0.0,0
0.0,0.0,0.0,0.0,0.0,0.0,0.0,0.0,0.0,0.0,0.0,0.0,0.0,0.0,0.0,0.0,0.0,0.0,0.0,0.0,0.0,0.0,0.0,0.0,0.0,0.0,0.0,0.0,0.0,0.0,0.0,0.0,0.0,0.0,0.0,0.0,0.0,0.0,0.0,0.0,0.0,0.0,0.0,0.0,0.0,0.0,0.0,0.0,0.0,0.0,0.0,0.0,0.0,0.0,0.0,0.0,0.0,0.0,0.0,0.0,0.0,0.0,0.0,0.0,0.0,0.0,0
0.0,0.0,0.0,0.0,0.0,0.0,0.0,0.0,0.0,0.0,0.0,0.0,0.0,0.0,0.0,0.0,0.0,0.0,0.0,0.0,0.0,0.0,0.0,0.0,0.0,0.0,0.0,0.0,0.0,0.0,0.0,0.0,0.0,0.0,0.0,0.0,0.0,0.0,0.0,0.0,0.0,0.0,0.0,0.0,0.0,0.0,0.0,0.0,0.0,0.0,0.0,0.0,0.0,0.0,0.0,0.0,0.0,0.0,0.0,0.0,0.0,0.0,0.0,0.0,0.0,0.0,0
0.0,0.0,0.0,0.0,0.0,0.0,0.0,0.0,0.0,0.0,0.0,0.0,0.0,0.0,0.0,0.0,0.0,0.0,0.0,0.0,0.0,0.0,0.0,0.0,0.0,0.0,0.0,0.0,0.0,0.0,0.0,0.0,0.0,0.0,0.0,0.0,0.0,0.0,0.0,0.0,0.0,0.0,0.0,0.0,0.0,0.0,0.0,0.0,0.0,0.0,0.0,0.0,0.0,0.0,0.0,0.0,0.0,0.0,0.0,0.0,0.0,0.0,0.0,0.0,0.0,0.0,0
0.0,0.0,0.0,0.0,0.0,0.0,0.0,0.0,0.0,0.0,0.0,0.0,0.0,0.0,0.0,0.0,0.0,0.0,0.0,0.0,0.0,0.0,0.0,0.0,0.0,0.0,0.0,0.0,0.0,0.0,0.0,0.0,0.0,0.0,0.0,0.0,0.0,0.0,0.0,0.0,0.0,0.0,0.0,0.0,0.0,0.0,0.0,0.0,0.0,0.0,0.0,0.0,0.0,0.0,0.0,0.0,0.0,0.0,0.0,0.0,0.0,0.0,0.0,0.0,0.0,0.0,0
0.0,0.0,0.0,0.0,0.0,0.0,0.0,0.0,0.0,0.0,0.0,0.0,0.0,0.0,0.0,0.0,0.0,0.0,0.0,0.0,0.0,0.0,0.0,0.0,0.0,0.0,0.0,0.0,0.0,0.0,0.0,0.0,0.0,0.0,0.0,0.0,0.0,0.0,0.0,0.0,0.0,0.0,0.0,0.0,0.0,0.0,0.0,0.0,0.0,0.0,0.0,0.0,0.0,0.0,0.0,0.0,0.0,0.0,0.0,0.0,0.0,0.0,0.0,0.0,0.0,0.0,0
0.0,0.0,0.0,0.0,0.0,0.0,0.0,0.0,0.0,0.0,0.0,0.0,0.0,0.0,0.0,0.0,0.0,0.0,0.0,0.0,0.0,0.0,0.0,0.0,0.0,0.0,0.0,0.0,0.0,0.0,0.0,0.0,0.0,0.0,0.0,0.0,0.0,0.0,0.0,0.0,0.0,0.0,0.0,0.0,0.0,0.0,0.0,0.0,0.0,0.0,0.0,0.0,0.0,0.0,0.0,0.0,0.0,0.0,0.0,0.0,0.0,0.0,0.0,0.0,0.0,0.0,0
0.0,0.0,0.0,0.0,0.0,0.0,0.0,0.0,0.0,0.0,0.0,0.0,0.0,0.0,0.0,0.0,0.0,0.0,0.0,0.0,0.0,0.0,0.0,0.0,0.0,0.0,0.0,0.0,0.0,0.0,0.0,0.0,0.0,0.0,0.0,0.0,0.0,0.0,0.0,0.0,0.0,0.0,0.0,0.0,0.0,0.0,0.0,0.0,0.0,0.0,0.0,0.0,0.0,0.0,0.0,0.0,0.0,0.0,0.0,0.0,0.0,0.0,0.0,0.0,0.0,0.0,0
0.0,0.0,0.0,0.0,0.0,0.0,0.0,0.0,0.0,0.0,0.0,0.0,0.0,0.0,0.0,0.0,0.0,0.0,0.0,0.0,0.0,0.0,0.0,0.0,0.0,0.0,0.0,0.0,0.0,0.0,0.0,0.0,0.0,0.0,0.0,0.0,0.0,0.0,0.0,0.0,0.0,0.0,0.0,0.0,0.0,0.0,0.0,0.0,0.0,0.0,0.0,0.0,0.0,0.0,0.0,0.0,0.0,0.0,0.0,0.0,0.0,0.0,0.0,0.0,0.0,0.0,0
0.0,0.0,0.0,0.0,0.0,0.0,0.0,0.0,0.0,0.0,0.0,0.0,0.0,0.0,0.0,0.0,0.0,0.0,0.0,0.0,0.0,0.0,0.0,0.0,0.0,0.0,0.0,0.0,0.0,0.0,0.0,0.0,0.0,0.0,0.0,0.0,0.0,0.0,0.0,0.0,0.0,0.0,0.0,0.0,0.0,0.0,0.0,0.0,0.0,0.0,0.0,0.0,0.0,0.0,0.0,0.0,0.0,0.0,0.0,0.0,0.0,0.0,0.0,0.0,0.0,0.0,0
0.0,0.0,0.0,0.0,0.0,0.0,0.0,0.0,0.0,0.0,0.0,0.0,0.0,0.0,0.0,0.0,0.0,0.0,0.0,0.0,0.0,0.0,0.0,0.0,0.0,0.0,0.0,0.0,0.0,0.0,0.0,0.0,0.0,0.0,0.0,0.0,0.0,0.0,0.0,0.0,0.0,0.0,0.0,0.0,0.0,0.0,0.0,0.0,0.0,0.0,0.0,0.0,0.0,0.0,0.0,0.0,0.0,0.0,0.0,0.0,0.0,0.0,0.0,0.0,0.0,0.0,0
0.0,0.0,0.0,0.0,0.0,0.0,0.0,0.0,0.0,0.0,0.0,0.0,0.0,0.0,0.0,0.0,0.0,0.0,0.0,0.0,0.0,0.0,0.0,0.0,0.0,0.0,0.0,0.0,0.0,0.0,0.0,0.0,0.0,0.0,0.0,0.0,0.0,0.0,0.0,0.0,0.0,0.0,0.0,0.0,0.0,0.0,0.0,0.0,0.0,0.0,0.0,0.0,0.0,0.0,0.0,0.0,0.0,0.0,0.0,0.0,0.0,0.0,0.0,0.0,0.0,0.0,0
0.0,0.0,0.0,0.0,0.0,0.0,0.0,0.0,0.0,0.0,0.0,0.0,0.0,0.0,0.0,0.0,0.0,0.0,0.0,0.0,0.0,0.0,0.0,0.0,0.0,0.0,0.0,0.0,0.0,0.0,0.0,0.0,0.0,0.0,0.0,0.0,0.0,0.0,0.0,0.0,0.0,0.0,0.0,0.0,0.0,0.0,0.0,0.0,0.0,0.0,0.0,0.0,0.0,0.0,0.0,0.0,0.0,0.0,0.0,0.0,0.0,0.0,0.0,0.0,0.0,0.0,0
0.0,0.0,0.0,0.0,0.0,0.0,0.0,0.0,0.0,0.0,0.0,0.0,0.0,0.0,0.0,0.0,0.0,0.0,0.0,0.0,0.0,0.0,0.0,0.0,0.0,0.0,0.0,0.0,0.0,0.0,0.0,0.0,0.0,0.0,0.0,0.0,0.0,0.0,0.0,0.0,0.0,0.0,0.0,0.0,0.0,0.0,0.0,0.0,0.0,0.0,0.0,0.0,0.0,0.0,0.0,0.0,0.0,0.0,0.0,0.0,0.0,0.0,0.0,0.0,0.0,0.0,0
0.0,0.0,0.0,0.0,0.0,0.0,0.0,0.0,0.0,0.0,0.0,0.0,0.0,0.0,0.0,0.0,0.0,0.0,0.0,0.0,0.0,0.0,0.0,0.0,0.0,0.0,0.0,0.0,0.0,0.0,0.0,0.0,0.0,0.0,0.0,0.0,0.0,0.0,0.0,0.0,0.0,0.0,0.0,0.0,0.0,0.0,0.0,0.0,0.0,0.0,0.0,0.0,0.0,0.0,0.0,0.0,0.0,0.0,0.0,0.0,0.0,0.0,0.0,0.0,0.0,0.0,0
0.0,0.0,0.0,0.0,0.0,0.0,0.0,0.0,0.0,0.0,0.0,0.0,0.0,0.0,0.0,0.0,0.0,0.0,0.0,0.0,0.0,0.0,0.0,0.0,0.0,0.0,0.0,0.0,0.0,0.0,0.0,0.0,0.0,0.0,0.0,0.0,0.0,0.0,0.0,0.0,0.0,0.0,0.0,0.0,0.0,0.0,0.0,0.0,0.0,0.0,0.0,0.0,0.0,0.0,0.0,0.0,0.0,0.0,0.0,0.0,0.0,0.0,0.0,0.0,0.0,0.0,0
0.0,0.0,0.0,0.0,0.0,0.0,0.0,0.0,0.0,0.0,0.0,0.0,0.0,0.0,0.0,0.0,0.0,0.0,0.0,0.0,0.0,0.0,0.0,0.0,0.0,0.0,0.0,0.0,0.0,0.0,0.0,0.0,0.0,0.0,0.0,0.0,0.0,0.0,0.0,0.0,0.0,0.0,0.0,0.0,0.0,0.0,0.0,0.0,0.0,0.0,0.0,0.0,0.0,0.0,0.0,0.0,0.0,0.0,0.0,0.0,0.0,0.0,0.0,0.0,0.0,0.0,0
0.0,0.0,0.0,0.0,0.0,0.0,0.0,0.0,0.0,0.0,0.0,0.0,0.0,0.0,0.0,0.0,0.0,0.0,0.0,0.0,0.0,0.0,0.0,0.0,0.0,0.0,0.0,0.0,0.0,0.0,0.0,0.0,0.0,0.0,0.0,0.0,0.0,0.0,0.0,0.0,0.0,0.0,0.0,0.0,0.0,0.0,0.0,0.0,0.0,0.0,0.0,0.0,0.0,0.0,0.0,0.0,0.0,0.0,0.0,0.0,0.0,0.0,0.0,0.0,0.0,0.0,0
0.0,0.0,0.0,0.0,0.0,0.0,0.0,0.0,0.0,0.0,0.0,0.0,0.0,0.0,0.0,0.0,0.0,0.0,0.0,0.0,0.0,0.0,0.0,0.0,0.0,0.0,0.0,0.0,0.0,0.0,0.0,0.0,0.0,0.0,0.0,0.0,0.0,0.0,0.0,0.0,0.0,0.0,0.0,0.0,0.0,0.0,0.0,0.0,0.0,0.0,0.0,0.0,0.0,0.0,0.0,0.0,0.0,0.0,0.0,0.0,0.0,0.0,0.0,0.0,0.0,0.0,0
0.0,0.0,0.0,0.0,0.0,0.0,0.0,0.0,0.0,0.0,0.0,0.0,0.0,0.0,0.0,0.0,0.0,0.0,0.0,0.0,0.0,0.0,0.0,0.0,0.0,0.0,0.0,0.0,0.0,0.0,0.0,0.0,0.0,0.0,0.0,0.0,0.0,0.0,0.0,0.0,0.0,0.0,0.0,0.0,0.0,0.0,0.0,0.0,0.0,0.0,0.0,0.0,0.0,0.0,0.0,0.0,0.0,0.0,0.0,0.0,0.0,0.0,0.0,0.0,0.0,0.0,0
0.0,0.0,0.0,0.0,0.0,0.0,0.0,0.0,0.0,0.0,0.0,0.0,0.0,0.0,0.0,0.0,0.0,0.0,0.0,0.0,0.0,0.0,0.0,0.0,0.0,0.0,0.0,0.0,0.0,0.0,0.0,0.0,0.0,0.0,0.0,0.0,0.0,0.0,0.0,0.0,0.0,0.0,0.0,0.0,0.0,0.0,0.0,0.0,0.0,0.0,0.0,0.0,0.0,0.0,0.0,0.0,0.0,0.0,0.0,0.0,0.0,0.0,0.0,0.0,0.0,0.0,0
0.0,0.0,0.0,0.0,0.0,0.0,0.0,0.0,0.0,0.0,0.0,0.0,0.0,0.0,0.0,0.0,0.0,0.0,0.0,0.0,0.0,0.0,0.0,0.0,0.0,0.0,0.0,0.0,0.0,0.0,0.0,0.0,0.0,0.0,0.0,0.0,0.0,0.0,0.0,0.0,0.0,0.0,0.0,0.0,0.0,0.0,0.0,0.0,0.0,0.0,0.0,0.0,0.0,0.0,0.0,0.0,0.0,0.0,0.0,0.0,0.0,0.0,0.0,0.0,0.0,0.0,0
0.0,0.0,0.0,0.0,0.0,0.0,0.0,0.0,0.0,0.0,0.0,0.0,0.0,0.0,0.0,0.0,0.0,0.0,0.0,0.0,0.0,0.0,0.0,0.0,0.0,0.0,0.0,0.0,0.0,0.0,0.0,0.0,0.0,0.0,0.0,0.0,0.0,0.0,0.0,0.0,0.0,0.0,0.0,0.0,0.0,0.0,0.0,0.0,0.0,0.0,0.0,0.0,0.0,0.0,0.0,0.0,0.0,0.0,0.0,0.0,0.0,0.0,0.0,0.0,0.0,0.0,0
0.0,0.0,0.0,0.0,0.0,0.0,0.0,0.0,0.0,0.0,0.0,0.0,0.0,0.0,0.0,0.0,0.0,0.0,0.0,0.0,0.0,0.0,0.0,0.0,0.0,0.0,0.0,0.0,0.0,0.0,0.0,0.0,0.0,0.0,0.0,0.0,0.0,0.0,0.0,0.0,0.0,0.0,0.0,0.0,0.0,0.0,0.0,0.0,0.0,0.0,0.0,0.0,0.0,0.0,0.0,0.0,0.0,0.0,0.0,0.0,0.0,0.0,0.0,0.0,0.0,0.0,0
0.0,0.0,0.0,0.0,0.0,0.0,0.0,0.0,0.0,0.0,0.0,0.0,0.0,0.0,0.0,0.0,0.0,0.0,0.0,0.0,0.0,0.0,0.0,0.0,0.0,0.0,0.0,0.0,0.0,0.0,0.0,0.0,0.0,0.0,0.0,0.0,0.0,0.0,0.0,0.0,0.0,0.0,0.0,0.0,0.0,0.0,0.0,0.0,0.0,0.0,0.0,0.0,0.0,0.0,0.0,0.0,0.0,0.0,0.0,0.0,0.0,0.0,0.0,0.0,0.0,0.0,0
0.0,0.0,0.0,0.0,0.0,0.0,0.0,0.0,0.0,0.0,0.0,0.0,0.0,0.0,0.0,0.0,0.0,0.0,0.0,0.0,0.0,0.0,0.0,0.0,0.0,0.0,0.0,0.0,0.0,0.0,0.0,0.0,0.0,0.0,0.0,0.0,0.0,0.0,0.0,0.0,0.0,0.0,0.0,0.0,0.0,0.0,0.0,0.0,0.0,0.0,0.0,0.0,0.0,0.0,0.0,0.0,0.0,0.0,0.0,0.0,0.0,0.0,0.0,0.0,0.0,0.0,0
0.0,0.0,0.0,0.0,0.0,0.0,0.0,0.0,0.0,0.0,0.0,0.0,0.0,0.0,0.0,0.0,0.0,0.0,0.0,0.0,0.0,0.0,0.0,0.0,0.0,0.0,0.0,0.0,0.0,0.0,0.0,0.0,0.0,0.0,0.0,0.0,0.0,0.0,0.0,0.0,0.0,0.0,0.0,0.0,0.0,0.0,0.0,0.0,0.0,0.0,0.0,0.0,0.0,0.0,0.0,0.0,0.0,0.0,0.0,0.0,0.0,0.0,0.0,0.0,0.0,0.0,0
0.0,0.0,0.0,0.0,0.0,0.0,0.0,0.0,0.0,0.0,0.0,0.0,0.0,0.0,0.0,0.0,0.0,0.0,0.0,0.0,0.0,0.0,0.0,0.0,0.0,0.0,0.0,0.0,0.0,0.0,0.0,0.0,0.0,0.0,0.0,0.0,0.0,0.0,0.0,0.0,0.0,0.0,0.0,0.0,0.0,0.0,0.0,0.0,0.0,0.0,0.0,0.0,0.0,0.0,0.0,0.0,0.0,0.0,0.0,0.0,0.0,0.0,0.0,0.0,0.0,0.0,0
0.0,0.0,0.0,0.0,0.0,0.0,0.0,0.0,0.0,0.0,0.0,0.0,0.0,0.0,0.0,0.0,0.0,0.0,0.0,0.0,0.0,0.0,0.0,0.0,0.0,0.0,0.0,0.0,0.0,0.0,0.0,0.0,0.0,0.0,0.0,0.0,0.0,0.0,0.0,0.0,0.0,0.0,0.0,0.0,0.0,0.0,0.0,0.0,0.0,0.0,0.0,0.0,0.0,0.0,0.0,0.0,0.0,0.0,0.0,0.0,0.0,0.0,0.0,0.0,0.0,0.0,0
0.0,0.0,0.0,0.0,0.0,0.0,0.0,0.0,0.0,0.0,0.0,0.0,0.0,0.0,0.0,0.0,0.0,0.0,0.0,0.0,0.0,0.0,0.0,0.0,0.0,0.0,0.0,0.0,0.0,0.0,0.0,0.0,0.0,0.0,0.0,0.0,0.0,0.0,0.0,0.0,0.0,0.0,0.0,0.0,0.0,0.0,0.0,0.0,0.0,0.0,0.0,0.0,0.0,0.0,0.0,0.0,0.0,0.0,0.0,0.0,0.0,0.0,0.0,0.0,0.0,0.0,0
0.0,0.0,0.0,0.0,0.0,0.0,0.0,0.0,0.0,0.0,0.0,0.0,0.0,0.0,0.0,0.0,0.0,0.0,0.0,0.0,0.0,0.0,0.0,0.0,0.0,0.0,0.0,0.0,0.0,0.0,0.0,0.0,0.0,0.0,0.0,0.0,0.0,0.0,0.0,0.0,0.0,0.0,0.0,0.0,0.0,0.0,0.0,0.0,0.0,0.0,0.0,0.0,0.0,0.0,0.0,0.0,0.0,0.0,0.0,0.0,0.0,0.0,0.0,0.0,0.0,0.0,0
0.0,0.0,0.0,0.0,0.0,0.0,0.0,0.0,0.0,0.0,0.0,0.0,0.0,0.0,0.0,0.0,0.0,0.0,0.0,0.0,0.0,0.0,0.0,0.0,0.0,0.0,0.0,0.0,0.0,0.0,0.0,0.0,0.0,0.0,0.0,0.0,0.0,0.0,0.0,0.0,0.0,0.0,0.0,0.0,0.0,0.0,0.0,0.0,0.0,0.0,0.0,0.0,0.0,0.0,0.0,0.0,0.0,0.0,0.0,0.0,0.0,0.0,0.0,0.0,0.0,0.0,0
0.0,0.0,0.0,0.0,0.0,0.0,0.0,0.0,0.0,0.0,0.0,0.0,0.0,0.0,0.0,0.0,0.0,0.0,0.0,0.0,0.0,0.0,0.0,0.0,0.0,0.0,0.0,0.0,0.0,0.0,0.0,0.0,0.0,0.0,0.0,0.0,0.0,0.0,0.0,0.0,0.0,0.0,0.0,0.0,0.0,0.0,0.0,0.0,0.0,0.0,0.0,0.0,0.0,0.0,0.0,0.0,0.0,0.0,0.0,0.0,0.0,0.0,0.0,0.0,0.0,0.0,0
0.0,0.0,0.0,0.0,0.0,0.0,0.0,0.0,0.0,0.0,0.0,0.0,0.0,0.0,0.0,0.0,0.0,0.0,0.0,0.0,0.0,0.0,0.0,0.0,0.0,0.0,0.0,0.0,0.0,0.0,0.0,0.0,0.0,0.0,0.0,0.0,0.0,0.0,0.0,0.0,0.0,0.0,0.0,0.0,0.0,0.0,0.0,0.0,0.0,0.0,0.0,0.0,0.0,0.0,0.0,0.0,0.0,0.0,0.0,0.0,0.0,0.0,0.0,0.0,0.0,0.0,0
0.0,0.0,0.0,0.0,0.0,0.0,0.0,0.0,0.0,0.0,0.0,0.0,0.0,0.0,0.0,0.0,0.0,0.0,0.0,0.0,0.0,0.0,0.0,0.0,0.0,0.0,0.0,0.0,0.0,0.0,0.0,0.0,0.0,0.0,0.0,0.0,0.0,0.0,0.0,0.0,0.0,0.0,0.0,0.0,0.0,0.0,0.0,0.0,0.0,0.0,0.0,0.0,0.0,0.0,0.0,0.0,0.0,0.0,0.0,0.0,0.0,0.0,0.0,0.0,0.0,0.0,0
0.0,0.0,0.0,0.0,0.0,0.0,0.0,0.0,0.0,0.0,0.0,0.0,0.0,0.0,0.0,0.0,0.0,0.0,0.0,0.0,0.0,0.0,0.0,0.0,0.0,0.0,0.0,0.0,0.0,0.0,0.0,0.0,0.0,0.0,0.0,0.0,0.0,0.0,0.0,0.0,0.0,0.0,0.0,0.0,0.0,0.0,0.0,0.0,0.0,0.0,0.0,0.0,0.0,0.0,0.0,0.0,0.0,0.0,0.0,0.0,0.0,0.0,0.0,0.0,0.0,0.0,0
0.0,0.0,0.0,0.0,0.0,0.0,0.0,0.0,0.0,0.0,0.0,0.0,0.0,0.0,0.0,0.0,0.0,0.0,0.0,0.0,0.0,0.0,0.0,0.0,0.0,0.0,0.0,0.0,0.0,0.0,0.0,0.0,0.0,0.0,0.0,0.0,0.0,0.0,0.0,0.0,0.0,0.0,0.0,0.0,0.0,0.0,0.0,0.0,0.0,0.0,0.0,0.0,0.0,0.0,0.0,0.0,0.0,0.0,0.0,0.0,0.0,0.0,0.0,0.0,0.0,0.0,0
0.0,0.0,0.0,0.0,0.0,0.0,0.0,0.0,0.0,0.0,0.0,0.0,0.0,0.0,0.0,0.0,0.0,0.0,0.0,0.0,0.0,0.0,0.0,0.0,0.0,0.0,0.0,0.0,0.0,0.0,0.0,0.0,0.0,0.0,0.0,0.0,0.0,0.0,0.0,0.0,0.0,0.0,0.0,0.0,0.0,0.0,0.0,0.0,0.0,0.0,0.0,0.0,0.0,0.0,0.0,0.0,0.0,0.0,0.0,0.0,0.0,0.0,0.0,0.0,0.0,0.0,0
0.0,0.0,0.0,0.0,0.0,0.0,0.0,0.0,0.0,0.0,0.0,0.0,0.0,0.0,0.0,0.0,0.0,0.0,0.0,0.0,0.0,0.0,0.0,0.0,0.0,0.0,0.0,0.0,0.0,0.0,0.0,0.0,0.0,0.0,0.0,0.0,0.0,0.0,0.0,0.0,0.0,0.0,0.0,0.0,0.0,0.0,0.0,0.0,0.0,0.0,0.0,0.0,0.0,0.0,0.0,0.0,0.0,0.0,0.0,0.0,0.0,0.0,0.0,0.0,0.0,0.0,0
0.0,0.0,0.0,0.0,0.0,0.0,0.0,0.0,0.0,0.0,0.0,0.0,0.0,0.0,0.0,0.0,0.0,0.0,0.0,0.0,0.0,0.0,0.0,0.0,0.0,0.0,0.0,0.0,0.0,0.0,0.0,0.0,0.0,0.0,0.0,0.0,0.0,0.0,0.0,0.0,0.0,0.0,0.0,0.0,0.0,0.0,0.0,0.0,0.0,0.0,0.0,0.0,0.0,0.0,0.0,0.0,0.0,0.0,0.0,0.0,0.0,0.0,0.0,0.0,0.0,0.0,0
0.0,0.0,0.0,0.0,0.0,0.0,0.0,0.0,0.0,0.0,0.0,0.0,0.0,0.0,0.0,0.0,0.0,0.0,0.0,0.0,0.0,0.0,0.0,0.0,0.0,0.0,0.0,0.0,0.0,0.0,0.0,0.0,0.0,0.0,0.0,0.0,0.0,0.0,0.0,0.0,0.0,0.0,0.0,0.0,0.0,0.0,0.0,0.0,0.0,0.0,0.0,0.0,0.0,0.0,0.0,0.0,0.0,0.0,0.0,0.0,0.0,0.0,0.0,0.0,0.0,0.0,0
0.0,0.0,0.0,0.0,0.0,0.0,0.0,0.0,0.0,0.0,0.0,0.0,0.0,0.0,0.0,0.0,0.0,0.0,0.0,0.0,0.0,0.0,0.0,0.0,0.0,0.0,0.0,0.0,0.0,0.0,0.0,0.0,0.0,0.0,0.0,0.0,0.0,0.0,0.0,0.0,0.0,0.0,0.0,0.0,0.0,0.0,0.0,0.0,0.0,0.0,0.0,0.0,0.0,0.0,0.0,0.0,0.0,0.0,0.0,0.0,0.0,0.0,0.0,0.0,0.0,0.0,0
0.0,0.0,0.0,0.0,0.0,0.0,0.0,0.0,0.0,0.0,0.0,0.0,0.0,0.0,0.0,0.0,0.0,0.0,0.0,0.0,0.0,0.0,0.0,0.0,0.0,0.0,0.0,0.0,0.0,0.0,0.0,0.0,0.0,0.0,0.0,0.0,0.0,0.0,0.0,0.0,0.0,0.0,0.0,0.0,0.0,0.0,0.0,0.0,0.0,0.0,0.0,0.0,0.0,0.0,0.0,0.0,0.0,0.0,0.0,0.0,0.0,0.0,0.0,0.0,0.0,0.0,0
0.0,0.0,0.0,0.0,0.0,0.0,0.0,0.0,0.0,0.0,0.0,0.0,0.0,0.0,0.0,0.0,0.0,0.0,0.0,0.0,0.0,0.0,0.0,0.0,0.0,0.0,0.0,0.0,0.0,0.0,0.0,0.0,0.0,0.0,0.0,0.0,0.0,0.0,0.0,0.0,0.0,0.0,0.0,0.0,0.0,0.0,0.0,0.0,0.0,0.0,0.0,0.0,0.0,0.0,0.0,0.0,0.0,0.0,0.0,0.0,0.0,0.0,0.0,0.0,0.0,0.0,0
0.0,0.0,0.0,0.0,0.0,0.0,0.0,0.0,0.0,0.0,0.0,0.0,0.0,0.0,0.0,0.0,0.0,0.0,0.0,0.0,0.0,0.0,0.0,0.0,0.0,0.0,0.0,0.0,0.0,0.0,0.0,0.0,0.0,0.0,0.0,0.0,0.0,0.0,0.0,0.0,0.0,0.0,0.0,0.0,0.0,0.0,0.0,0.0,0.0,0.0,0.0,0.0,0.0,0.0,0.0,0.0,0.0,0.0,0.0,0.0,0.0,0.0,0.0,0.0,0.0,0.0,0
0.0,0.0,0.0,0.0,0.0,0.0,0.0,0.0,0.0,0.0,0.0,0.0,0.0,0.0,0.0,0.0,0.0,0.0,0.0,0.0,0.0,0.0,0.0,0.0,0.0,0.0,0.0,0.0,0.0,0.0,0.0,0.0,0.0,0.0,0.0,0.0,0.0,0.0,0.0,0.0,0.0,0.0,0.0,0.0,0.0,0.0,0.0,0.0,0.0,0.0,0.0,0.0,0.0,0.0,0.0,0.0,0.0,0.0,0.0,0.0,0.0,0.0,0.0,0.0,0.0,0.0,0
0.0,0.0,0.0,0.0,0.0,0.0,0.0,0.0,0.0,0.0,0.0,0.0,0.0,0.0,0.0,0.0,0.0,0.0,0.0,0.0,0.0,0.0,0.0,0.0,0.0,0.0,0.0,0.0,0.0,0.0,0.0,0.0,0.0,0.0,0.0,0.0,0.0,0.0,0.0,0.0,0.0,0.0,0.0,0.0,0.0,0.0,0.0,0.0,0.0,0.0,0.0,0.0,0.0,0.0,0.0,0.0,0.0,0.0,0.0,0.0,0.0,0.0,0.0,0.0,0.0,0.0,0
0.0,0.0,0.0,0.0,0.0,0.0,0.0,0.0,0.0,0.0,0.0,0.0,0.0,0.0,0.0,0.0,0.0,0.0,0.0,0.0,0.0,0.0,0.0,0.0,0.0,0.0,0.0,0.0,0.0,0.0,0.0,0.0,0.0,0.0,0.0,0.0,0.0,0.0,0.0,0.0,0.0,0.0,0.0,0.0,0.0,0.0,0.0,0.0,0.0,0.0,0.0,0.0,0.0,0.0,0.0,0.0,0.0,0.0,0.0,0.0,0.0,0.0,0.0,0.0,0.0,0.0,0
0.0,0.0,0.0,0.0,0.0,0.0,0.0,0.0,0.0,0.0,0.0,0.0,0.0,0.0,0.0,0.0,0.0,0.0,0.0,0.0,0.0,0.0,0.0,0.0,0.0,0.0,0.0,0.0,0.0,0.0,0.0,0.0,0.0,0.0,0.0,0.0,0.0,0.0,0.0,0.0,0.0,0.0,0.0,0.0,0.0,0.0,0.0,0.0,0.0,0.0,0.0,0.0,0.0,0.0,0.0,0.0,0.0,0.0,0.0,0.0,0.0,0.0,0.0,0.0,0.0,0.0,0
0.0,0.0,0.0,0.0,0.0,0.0,0.0,0.0,0.0,0.0,0.0,0.0,0.0,0.0,0.0,0.0,0.0,0.0,0.0,0.0,0.0,0.0,0.0,0.0,0.0,0.0,0.0,0.0,0.0,0.0,0.0,0.0,0.0,0.0,0.0,0.0,0.0,0.0,0.0,0.0,0.0,0.0,0.0,0.0,0.0,0.0,0.0,0.0,0.0,0.0,0.0,0.0,0.0,0.0,0.0,0.0,0.0,0.0,0.0,0.0,0.0,0.0,0.0,0.0,0.0,0.0,0
0.0,0.0,0.0,0.0,0.0,0.0,0.0,0.0,0.0,0.0,0.0,0.0,0.0,0.0,0.0,0.0,0.0,0.0,0.0,0.0,0.0,0.0,0.0,0.0,0.0,0.0,0.0,0.0,0.0,0.0,0.0,0.0,0.0,0.0,0.0,0.0,0.0,0.0,0.0,0.0,0.0,0.0,0.0,0.0,0.0,0.0,0.0,0.0,0.0,0.0,0.0,0.0,0.0,0.0,0.0,0.0,0.0,0.0,0.0,0.0,0.0,0.0,0.0,0.0,0.0,0.0,0
0.0,0.0,0.0,0.0,0.0,0.0,0.0,0.0,0.0,0.0,0.0,0.0,0.0,0.0,0.0,0.0,0.0,0.0,0.0,0.0,0.0,0.0,0.0,0.0,0.0,0.0,0.0,0.0,0.0,0.0,0.0,0.0,0.0,0.0,0.0,0.0,0.0,0.0,0.0,0.0,0.0,0.0,0.0,0.0,0.0,0.0,0.0,0.0,0.0,0.0,0.0,0.0,0.0,0.0,0.0,0.0,0.0,0.0,0.0,0.0,0.0,0.0,0.0,0.0,0.0,0.0,0
0.0,0.0,0.0,0.0,0.0,0.0,0.0,0.0,0.0,0.0,0.0,0.0,0.0,0.0,0.0,0.0,0.0,0.0,0.0,0.0,0.0,0.0,0.0,0.0,0.0,0.0,0.0,0.0,0.0,0.0,0.0,0.0,0.0,0.0,0.0,0.0,0.0,0.0,0.0,0.0,0.0,0.0,0.0,0.0,0.0,0.0,0.0,0.0,0.0,0.0,0.0,0.0,0.0,0.0,0.0,0.0,0.0,0.0,0.0,0.0,0.0,0.0,0.0,0.0,0.0,0.0,0
0.0,0.0,0.0,0.0,0.0,0.0,0.0,0.0,0.0,0.0,0.0,0.0,0.0,0.0,0.0,0.0,0.0,0.0,0.0,0.0,0.0,0.0,0.0,0.0,0.0,0.0,0.0,0.0,0.0,0.0,0.0,0.0,0.0,0.0,0.0,0.0,0.0,0.0,0.0,0.0,0.0,0.0,0.0,0.0,0.0,0.0,0.0,0.0,0.0,0.0,0.0,0.0,0.0,0.0,0.0,0.0,0.0,0.0,0.0,0.0,0.0,0.0,0.0,0.0,0.0,0.0,0
0.0,0.0,0.0,0.0,0.0,0.0,0.0,0.0,0.0,0.0,0.0,0.0,0.0,0.0,0.0,0.0,0.0,0.0,0.0,0.0,0.0,0.0,0.0,0.0,0.0,0.0,0.0,0.0,0.0,0.0,0.0,0.0,0.0,0.0,0.0,0.0,0.0,0.0,0.0,0.0,0.0,0.0,0.0,0.0,0.0,0.0,0.0,0.0,0.0,0.0,0.0,0.0,0.0,0.0,0.0,0.0,0.0,0.0,0.0,0.0,0.0,0.0,0.0,0.0,0.0,0.0,0
0.0,0.0,0.0,0.0,0.0,0.0,0.0,0.0,0.0,0.0,0.0,0.0,0.0,0.0,0.0,0.0,0.0,0.0,0.0,0.0,0.0,0.0,0.0,0.0,0.0,0.0,0.0,0.0,0.0,0.0,0.0,0.0,0.0,0.0,0.0,0.0,0.0,0.0,0.0,0.0,0.0,0.0,0.0,0.0,0.0,0.0,0.0,0.0,0.0,0.0,0.0,0.0,0.0,0.0,0.0,0.0,0.0,0.0,0.0,0.0,0.0,0.0,0.0,0.0,0.0,0.0,0
0.0,0.0,0.0,0.0,0.0,0.0,0.0,0.0,0.0,0.0,0.0,0.0,0.0,0.0,0.0,0.0,0.0,0.0,0.0,0.0,0.0,0.0,0.0,0.0,0.0,0.0,0.0,0.0,0.0,0.0,0.0,0.0,0.0,0.0,0.0,0.0,0.0,0.0,0.0,0.0,0.0,0.0,0.0,0.0,0.0,0.0,0.0,0.0,0.0,0.0,0.0,0.0,0.0,0.0,0.0,0.0,0.0,0.0,0.0,0.0,0.0,0.0,0.0,0.0,0.0,0.0,0
0.0,0.0,0.0,0.0,0.0,0.0,0.0,0.0,0.0,0.0,0.0,0.0,0.0,0.0,0.0,0.0,0.0,0.0,0.0,0.0,0.0,0.0,0.0,0.0,0.0,0.0,0.0,0.0,0.0,0.0,0.0,0.0,0.0,0.0,0.0,0.0,0.0,0.0,0.0,0.0,0.0,0.0,0.0,0.0,0.0,0.0,0.0,0.0,0.0,0.0,0.0,0.0,0.0,0.0,0.0,0.0,0.0,0.0,0.0,0.0,0.0,0.0,0.0,0.0,0.0,0.0,0
0.0,0.0,0.0,0.0,0.0,0.0,0.0,0.0,0.0,0.0,0.0,0.0,0.0,0.0,0.0,0.0,0.0,0.0,0.0,0.0,0.0,0.0,0.0,0.0,0.0,0.0,0.0,0.0,0.0,0.0,0.0,0.0,0.0,0.0,0.0,0.0,0.0,0.0,0.0,0.0,0.0,0.0,0.0,0.0,0.0,0.0,0.0,0.0,0.0,0.0,0.0,0.0,0.0,0.0,0.0,0.0,0.0,0.0,0.0,0.0,0.0,0.0,0.0,0.0,0.0,0.0,0
0.0,0.0,0.0,0.0,0.0,0.0,0.0,0.0,0.0,0.0,0.0,0.0,0.0,0.0,0.0,0.0,0.0,0.0,0.0,0.0,0.0,0.0,0.0,0.0,0.0,0.0,0.0,0.0,0.0,0.0,0.0,0.0,0.0,0.0,0.0,0.0,0.0,0.0,0.0,0.0,0.0,0.0,0.0,0.0,0.0,0.0,0.0,0.0,0.0,0.0,0.0,0.0,0.0,0.0,0.0,0.0,0.0,0.0,0.0,0.0,0.0,0.0,0.0,0.0,0.0,0.0,0
0.0,0.0,0.0,0.0,0.0,0.0,0.0,0.0,0.0,0.0,0.0,0.0,0.0,0.0,0.0,0.0,0.0,0.0,0.0,0.0,0.0,0.0,0.0,0.0,0.0,0.0,0.0,0.0,0.0,0.0,0.0,0.0,0.0,0.0,0.0,0.0,0.0,0.0,0.0,0.0,0.0,0.0,0.0,0.0,0.0,0.0,0.0,0.0,0.0,0.0,0.0,0.0,0.0,0.0,0.0,0.0,0.0,0.0,0.0,0.0,0.0,0.0,0.0,0.0,0.0,0.0,0
0.0,0.0,0.0,0.0,0.0,0.0,0.0,0.0,0.0,0.0,0.0,0.0,0.0,0.0,0.0,0.0,0.0,0.0,0.0,0.0,0.0,0.0,0.0,0.0,0.0,0.0,0.0,0.0,0.0,0.0,0.0,0.0,0.0,0.0,0.0,0.0,0.0,0.0,0.0,0.0,0.0,0.0,0.0,0.0,0.0,0.0,0.0,0.0,0.0,0.0,0.0,0.0,0.0,0.0,0.0,0.0,0.0,0.0,0.0,0.0,0.0,0.0,0.0,0.0,0.0,0.0,0
0.0,0.0,0.0,0.0,0.0,0.0,0.0,0.0,0.0,0.0,0.0,0.0,0.0,0.0,0.0,0.0,0.0,0.0,0.0,0.0,0.0,0.0,0.0,0.0,0.0,0.0,0.0,0.0,0.0,0.0,0.0,0.0,0.0,0.0,0.0,0.0,0.0,0.0,0.0,0.0,0.0,0.0,0.0,0.0,0.0,0.0,0.0,0.0,0.0,0.0,0.0,0.0,0.0,0.0,0.0,0.0,0.0,0.0,0.0,0.0,0.0,0.0,0.0,0.0,0.0,0.0,0
0.0,0.0,0.0,0.0,0.0,0.0,0.0,0.0,0.0,0.0,0.0,0.0,0.0,0.0,0.0,0.0,0.0,0.0,0.0,0.0,0.0,0.0,0.0,0.0,0.0,0.0,0.0,0.0,0.0,0.0,0.0,0.0,0.0,0.0,0.0,0.0,0.0,0.0,0.0,0.0,0.0,0.0,0.0,0.0,0.0,0.0,0.0,0.0,0.0,0.0,0.0,0.0,0.0,0.0,0.0,0.0,0.0,0.0,0.0,0.0,0.0,0.0,0.0,0.0,0.0,0.0,0
0.0,0.0,0.0,0.0,0.0,0.0,0.0,0.0,0.0,0.0,0.0,0.0,0.0,0.0,0.0,0.0,0.0,0.0,0.0,0.0,0.0,0.0,0.0,0.0,0.0,0.0,0.0,0.0,0.0,0.0,0.0,0.0,0.0,0.0,0.0,0.0,0.0,0.0,0.0,0.0,0.0,0.0,0.0,0.0,0.0,0.0,0.0,0.0,0.0,0.0,0.0,0.0,0.0,0.0,0.0,0.0,0.0,0.0,0.0,0.0,0.0,0.0,0.0,0.0,0.0,0.0,0
0.0,0.0,0.0,0.0,0.0,0.0,0.0,0.0,0.0,0.0,0.0,0.0,0.0,0.0,0.0,0.0,0.0,0.0,0.0,0.0,0.0,0.0,0.0,0.0,0.0,0.0,0.0,0.0,0.0,0.0,0.0,0.0,0.0,0.0,0.0,0.0,0.0,0.0,0.0,0.0,0.0,0.0,0.0,0.0,0.0,0.0,0.0,0.0,0.0,0.0,0.0,0.0,0.0,0.0,0.0,0.0,0.0,0.0,0.0,0.0,0.0,0.0,0.0,0.0,0.0,0.0,0
0.0,0.0,0.0,0.0,0.0,0.0,0.0,0.0,0.0,0.0,0.0,0.0,0.0,0.0,0.0,0.0,0.0,0.0,0.0,0.0,0.0,0.0,0.0,0.0,0.0,0.0,0.0,0.0,0.0,0.0,0.0,0.0,0.0,0.0,0.0,0.0,0.0,0.0,0.0,0.0,0.0,0.0,0.0,0.0,0.0,0.0,0.0,0.0,0.0,0.0,0.0,0.0,0.0,0.0,0.0,0.0,0.0,0.0,0.0,0.0,0.0,0.0,0.0,0.0,0.0,0.0,0
0.0,0.0,0.0,0.0,0.0,0.0,0.0,0.0,0.0,0.0,0.0,0.0,0.0,0.0,0.0,0.0,0.0,0.0,0.0,0.0,0.0,0.0,0.0,0.0,0.0,0.0,0.0,0.0,0.0,0.0,0.0,0.0,0.0,0.0,0.0,0.0,0.0,0.0,0.0,0.0,0.0,0.0,0.0,0.0,0.0,0.0,0.0,0.0,0.0,0.0,0.0,0.0,0.0,0.0,0.0,0.0,0.0,0.0,0.0,0.0,0.0,0.0,0.0,0.0,0.0,0.0,0
0.0,0.0,0.0,0.0,0.0,0.0,0.0,0.0,0.0,0.0,0.0,0.0,0.0,0.0,0.0,0.0,0.0,0.0,0.0,0.0,0.0,0.0,0.0,0.0,0.0,0.0,0.0,0.0,0.0,0.0,0.0,0.0,0.0,0.0,0.0,0.0,0.0,0.0,0.0,0.0,0.0,0.0,0.0,0.0,0.0,0.0,0.0,0.0,0.0,0.0,0.0,0.0,0.0,0.0,0.0,0.0,0.0,0.0,0.0,0.0,0.0,0.0,0.0,0.0,0.0,0.0,0
0.0,0.0,0.0,0.0,0.0,0.0,0.0,0.0,0.0,0.0,0.0,0.0,0.0,0.0,0.0,0.0,0.0,0.0,0.0,0.0,0.0,0.0,0.0,0.0,0.0,0.0,0.0,0.0,0.0,0.0,0.0,0.0,0.0,0.0,0.0,0.0,0.0,0.0,0.0,0.0,0.0,0.0,0.0,0.0,0.0,0.0,0.0,0.0,0.0,0.0,0.0,0.0,0.0,0.0,0.0,0.0,0.0,0.0,0.0,0.0,0.0,0.0,0.0,0.0,0.0,0.0,0
0.0,0.0,0.0,0.0,0.0,0.0,0.0,0.0,0.0,0.0,0.0,0.0,0.0,0.0,0.0,0.0,0.0,0.0,0.0,0.0,0.0,0.0,0.0,0.0,0.0,0.0,0.0,0.0,0.0,0.0,0.0,0.0,0.0,0.0,0.0,0.0,0.0,0.0,0.0,0.0,0.0,0.0,0.0,0.0,0.0,0.0,0.0,0.0,0.0,0.0,0.0,0.0,0.0,0.0,0.0,0.0,0.0,0.0,0.0,0.0,0.0,0.0,0.0,0.0,0.0,0.0,0
0.0,0.0,0.0,0.0,0.0,0.0,0.0,0.0,0.0,0.0,0.0,0.0,0.0,0.0,0.0,0.0,0.0,0.0,0.0,0.0,0.0,0.0,0.0,0.0,0.0,0.0,0.0,0.0,0.0,0.0,0.0,0.0,0.0,0.0,0.0,0.0,0.0,0.0,0.0,0.0,0.0,0.0,0.0,0.0,0.0,0.0,0.0,0.0,0.0,0.0,0.0,0.0,0.0,0.0,0.0,0.0,0.0,0.0,0.0,0.0,0.0,0.0,0.0,0.0,0.0,0.0,0
0.6209447383880615,0.2447202503681183,0.6223831176757812,0.23184522986412048,0.6238742470741272,0.23077410459518433,0.6253272891044617,0.22984158992767334,0.6172096133232117,0.2349528968334198,0.6150707006454468,0.23590785264968872,0.612808346748352,0.23667395114898682,0.6274113059043884,0.23412883281707764,0.6102050542831421,0.24256259202957153,0.6247552037239075,0.2564280331134796,0.618874728679657,0.26231589913368225,0.6475721597671509,0.2989218533039093,0.6007648706436157,0.31214943528175354,0.6556302309036255,0.3809683620929718,0.593795895576477,0.40845930576324463,0.6577340364456177,0.47336941957473755,0.6002803444862366,0.4869822561740875,0.6600732803344727,0.4935545325279236,0.6019644141197205,0.5123554468154907,0.6552567481994629,0.4898371398448944,0.6053053736686707,0.5056412220001221,0.6540921926498413,0.4781186878681183,0.606331467628479,0.4978612959384918,0.6434840559959412,0.49059587717056274,0.6161010265350342,0.4976659417152405,0.6451008915901184,0.6178687214851379,0.614679217338562,0.614607572555542,0.644422709941864,0.6709237098693848,0.6268608570098877,0.7295659780502319,0.6467893719673157,0.6835387349128723,0.6287877559661865,0.7478229403495789,0.6469006538391113,0.7227984070777893,0.6210025548934937,0.7832181453704834,0
0.6211647987365723,0.24891144037246704,0.6228258609771729,0.23691901564598083,0.6244171857833862,0.2363440990447998,0.6260086297988892,0.2357977032661438,0.6179385185241699,0.23837599158287048,0.615967333316803,0.23878520727157593,0.6138506531715393,0.23909956216812134,0.628005862236023,0.24033689498901367,0.6110906004905701,0.24706891179084778,0.6243929266929626,0.26194295287132263,0.6185035705566406,0.2639829218387604,0.6458886861801147,0.3081851303577423,0.5996114015579224,0.3204255700111389,0.6581315994262695,0.3895825743675232,0.5916933417320251,0.41095229983329773,0.6584653854370117,0.47449153661727905,0.600358247756958,0.4893392026424408,0.6599828600883484,0.4998343586921692,0.601420521736145,0.5112574696540833,0.6566709280014038,0.4949815273284912,0.6050779223442078,0.5049999952316284,0.655853271484375,0.4864599108695984,0.6053685545921326,0.49702680110931396,0.6388254761695862,0.49280619621276855,0.6141666173934937,0.5001654624938965,0.6396334171295166,0.6263577938079834,0.6183410882949829,0.6249985098838806,0.6405849456787109,0.6863791346549988,0.6276757717132568,0.7311978340148926,0.6378167271614075,0.698457658290863,0.6299344301223755,0.7520709037780762,0.6413853764533997,0.7335729598999023,0.622473955154419,0.7762339115142822,0
0.6200187802314758,0.24603700637817383,0.6217571496963501,0.23286285996437073,0.6234225034713745,0.23221519589424133,0.6251619458198547,0.23166614770889282,0.6169254779815674,0.2354203760623932,0.6149215698242188,0.23656386137008667,0.6128634810447693,0.23769325017929077,0.6280947923660278,0.2369614541530609,0.6097858548164368,0.24514341354370117,0.6234965324401855,0.2585068941116333,0.6172142028808594,0.2614263594150543,0.6471890807151794,0.3040708005428314,0.5983258485794067,0.31761860847473145,0.6603540778160095,0.39185649156570435,0.5908324122428894,0.41354629397392273,0.6608453989028931,0.4720390737056732,0.5999712944030762,0.4883774518966675,0.6605773568153381,0.49329352378845215,0.6018208861351013,0.5139310956001282,0.6566959619522095,0.4909980297088623,0.6055848598480225,0.505699634552002,0.6561847925186157,0.4838651716709137,0.6057695746421814,0.4974517822265625,0.6416951417922974,0.4925803542137146,0.6153865456581116,0.5029003024101257,0.6430777311325073,0.6234608292579651,0.6167544722557068,0.625803530216217,0.6437339782714844,0.6953136920928955,0.628654420375824,0.7379271984100342,0.6438849568367004,0.7123759984970093,0.6295301914215088,0.7553672194480896,0.6458501815795898,0.7438649535179138,0.6197404861450195,0.7862225770950317,0
0.0,0.0,0.0,0.0,0.0,0.0,0.0,0.0,0.0,0.0,0.0,0.0,0.0,0.0,0.0,0.0,0.0,0.0,0.0,0.0,0.0,0.0,0.0,0.0,0.0,0.0,0.0,0.0,0.0,0.0,0.0,0.0,0.0,0.0,0.0,0.0,0.0,0.0,0.0,0.0,0.0,0.0,0.0,0.0,0.0,0.0,0.0,0.0,0.0,0.0,0.0,0.0,0.0,0.0,0.0,0.0,0.0,0.0,0.0,0.0,0.0,0.0,0.0,0.0,0.0,0.0,0
0.0,0.0,0.0,0.0,0.0,0.0,0.0,0.0,0.0,0.0,0.0,0.0,0.0,0.0,0.0,0.0,0.0,0.0,0.0,0.0,0.0,0.0,0.0,0.0,0.0,0.0,0.0,0.0,0.0,0.0,0.0,0.0,0.0,0.0,0.0,0.0,0.0,0.0,0.0,0.0,0.0,0.0,0.0,0.0,0.0,0.0,0.0,0.0,0.0,0.0,0.0,0.0,0.0,0.0,0.0,0.0,0.0,0.0,0.0,0.0,0.0,0.0,0.0,0.0,0.0,0.0,0
0.0,0.0,0.0,0.0,0.0,0.0,0.0,0.0,0.0,0.0,0.0,0.0,0.0,0.0,0.0,0.0,0.0,0.0,0.0,0.0,0.0,0.0,0.0,0.0,0.0,0.0,0.0,0.0,0.0,0.0,0.0,0.0,0.0,0.0,0.0,0.0,0.0,0.0,0.0,0.0,0.0,0.0,0.0,0.0,0.0,0.0,0.0,0.0,0.0,0.0,0.0,0.0,0.0,0.0,0.0,0.0,0.0,0.0,0.0,0.0,0.0,0.0,0.0,0.0,0.0,0.0,0
0.0,0.0,0.0,0.0,0.0,0.0,0.0,0.0,0.0,0.0,0.0,0.0,0.0,0.0,0.0,0.0,0.0,0.0,0.0,0.0,0.0,0.0,0.0,0.0,0.0,0.0,0.0,0.0,0.0,0.0,0.0,0.0,0.0,0.0,0.0,0.0,0.0,0.0,0.0,0.0,0.0,0.0,0.0,0.0,0.0,0.0,0.0,0.0,0.0,0.0,0.0,0.0,0.0,0.0,0.0,0.0,0.0,0.0,0.0,0.0,0.0,0.0,0.0,0.0,0.0,0.0,0
0.0,0.0,0.0,0.0,0.0,0.0,0.0,0.0,0.0,0.0,0.0,0.0,0.0,0.0,0.0,0.0,0.0,0.0,0.0,0.0,0.0,0.0,0.0,0.0,0.0,0.0,0.0,0.0,0.0,0.0,0.0,0.0,0.0,0.0,0.0,0.0,0.0,0.0,0.0,0.0,0.0,0.0,0.0,0.0,0.0,0.0,0.0,0.0,0.0,0.0,0.0,0.0,0.0,0.0,0.0,0.0,0.0,0.0,0.0,0.0,0.0,0.0,0.0,0.0,0.0,0.0,0
0.6237290501594543,0.23843225836753845,0.6256378293037415,0.2267644703388214,0.6272620558738708,0.22692665457725525,0.6288509964942932,0.22718361020088196,0.62053382396698,0.2276882827281952,0.6183821558952332,0.2285977005958557,0.6161211133003235,0.2296486794948578,0.6312580108642578,0.23427516222000122,0.6131442785263062,0.23797258734703064,0.6267291307449341,0.25118476152420044,0.6204884052276611,0.2526830732822418,0.6482071876525879,0.3118857741355896,0.5987944602966309,0.32153379917144775,0.6584177613258362,0.4012187123298645,0.5893194079399109,0.4214770495891571,0.6597312688827515,0.4818613827228546,0.6020137071609497,0.5019251704216003,0.6596118211746216,0.5086109638214111,0.6031724810600281,0.5246065855026245,0.6565117835998535,0.5039047598838806,0.6076815128326416,0.5199790596961975,0.6562066078186035,0.49437397718429565,0.6082159876823425,0.5116910934448242,0.6395726203918457,0.4999328851699829,0.6152615547180176,0.5066110491752625,0.6388902068138123,0.6425430774688721,0.6207607984542847,0.6421087384223938,0.6420531272888184,0.7534721493721008,0.6268212199211121,0.7403088212013245,0.6403756737709045,0.7655631303787231,0.6294942498207092,0.7545203566551208,0.6449635624885559,0.8027588129043579,0.6191793084144592,0.7863292694091797,0
0.0,0.0,0.0,0.0,0.0,0.0,0.0,0.0,0.0,0.0,0.0,0.0,0.0,0.0,0.0,0.0,0.0,0.0,0.0,0.0,0.0,0.0,0.0,0.0,0.0,0.0,0.0,0.0,0.0,0.0,0.0,0.0,0.0,0.0,0.0,0.0,0.0,0.0,0.0,0.0,0.0,0.0,0.0,0.0,0.0,0.0,0.0,0.0,0.0,0.0,0.0,0.0,0.0,0.0,0.0,0.0,0.0,0.0,0.0,0.0,0.0,0.0,0.0,0.0,0.0,0.0,0
0.6271253824234009,0.24255436658859253,0.6292004585266113,0.2307262122631073,0.6306973695755005,0.23083561658859253,0.632053792476654,0.23102104663848877,0.6237838864326477,0.2306305468082428,0.6215636730194092,0.23081982135772705,0.6192892789840698,0.2312653660774231,0.6330347061157227,0.23718857765197754,0.6159988641738892,0.23765751719474792,0.6296902298927307,0.2568259835243225,0.6235401034355164,0.2583591341972351,0.64893639087677,0.31240084767341614,0.6002615094184875,0.32043319940567017,0.6607671976089478,0.4065200090408325,0.5894652009010315,0.4264812469482422,0.6620727777481079,0.4865417778491974,0.602094292640686,0.5113926529884338,0.6612402200698853,0.5109807848930359,0.6030595302581787,0.5376076102256775,0.6577538847923279,0.5060537457466125,0.6078075766563416,0.5341513752937317,0.6578003764152527,0.49945053458213806,0.6085469722747803,0.5242667198181152,0.6398966908454895,0.5019695162773132,0.6139752864837646,0.5107050538063049,0.6355142593383789,0.6484896540641785,0.619784414768219,0.6450942754745483,0.6429600715637207,0.7597604990005493,0.6262124180793762,0.7417398691177368,0.6417019963264465,0.769808828830719,0.6288619041442871,0.7544651031494141,0.6443315744400024,0.8123830556869507,0.6178066730499268,0.7859184145927429,0
0.6289642453193665,0.24583041667938232,0.631115198135376,0.2330433428287506,0.6326208710670471,0.23289883136749268,0.6340094208717346,0.23278963565826416,0.6258010864257812,0.2335500419139862,0.6235070824623108,0.23395076394081116,0.6212285161018372,0.23459568619728088,0.6348049640655518,0.23974642157554626,0.6172585487365723,0.24293014407157898,0.6320688128471375,0.26106172800064087,0.625661313533783,0.26114732027053833,0.6505208611488342,0.31250661611557007,0.602787435054779,0.32020142674446106,0.6637803316116333,0.40280479192733765,0.5903742909431458,0.4174064099788666,0.6642438173294067,0.49585580825805664,0.600047767162323,0.5145226716995239,0.6629048585891724,0.5209747552871704,0.5998880863189697,0.5454147458076477,0.6593800783157349,0.5162782073020935,0.605338454246521,0.5370612144470215,0.6587473750114441,0.5068734884262085,0.6062518954277039,0.526096761226654,0.6415293216705322,0.5101853013038635,0.6152893900871277,0.5175217390060425,0.6364437937736511,0.6507084369659424,0.6194039583206177,0.6532766222953796,0.6439979076385498,0.7761634588241577,0.6290938258171082,0.7508253455162048,0.6438798308372498,0.7899147868156433,0.6311705112457275,0.7629395127296448,0.6389174461364746,0.8208844661712646,0.6247198581695557,0.8030576109886169,0
0.6307842135429382,0.24406790733337402,0.6331759095191956,0.23184537887573242,0.634722888469696,0.23186185956001282,0.6362259387969971,0.23196527361869812,0.6279160380363464,0.2321021556854248,0.625636875629425,0.23228570818901062,0.6231886744499207,0.23253756761550903,0.636664628982544,0.23936614394187927,0.6184437274932861,0.2405514419078827,0.6338311433792114,0.26038864254951477,0.626930296421051,0.2600245773792267,0.6511297225952148,0.31045255064964294,0.6015688180923462,0.32045674324035645,0.6627453565597534,0.4000636041164398,0.5894142985343933,0.4211291968822479,0.6667237281799316,0.49332863092422485,0.6010855436325073,0.5226126313209534,0.6658520102500916,0.5207618474960327,0.6008577942848206,0.549760639667511,0.662736713886261,0.5169577598571777,0.6070640683174133,0.5437847375869751,0.6611226797103882,0.5065101385116577,0.6081499457359314,0.5340296626091003,0.6452720165252686,0.5137879848480225,0.6165368556976318,0.526940643787384,0.6423019766807556,0.6586077213287354,0.6221856474876404,0.6644584536552429,0.6422469615936279,0.800746738910675,0.6301141977310181,0.781409740447998,0.6406095623970032,0.816077709197998,0.6311545968055725,0.7979364991188049,0.6411440372467041,0.8450726866722107,0.6318755745887756,0.8595342636108398,0
0.6320725679397583,0.23824000358581543,0.6336308121681213,0.22771716117858887,0.6350335478782654,0.22777053713798523,0.6364309787750244,0.2279142141342163,0.6288226246833801,0.22806623578071594,0.6267732977867126,0.22836226224899292,0.6244862675666809,0.22866639494895935,0.6374483108520508,0.23682349920272827,0.6201195120811462,0.2388913631439209,0.6350999474525452,0.25491076707839966,0.6287266612052917,0.2556590139865875,0.6528750658035278,0.31551313400268555,0.6034314036369324,0.32185402512550354,0.6634936928749084,0.400153249502182,0.5905473828315735,0.4222545921802521,0.666147768497467,0.4975459575653076,0.6021652221679688,0.5254493355751038,0.6662881374359131,0.5220819711685181,0.6019118428230286,0.5546185374259949,0.6631256341934204,0.5173805356025696,0.6080929636955261,0.5483823418617249,0.6610856056213379,0.5093567371368408,0.6092591881752014,0.5382260084152222,0.6463981866836548,0.5152824521064758,0.6177230477333069,0.5264734625816345,0.6438379883766174,0.6521615386009216,0.6233286261558533,0.6507760882377625,0.6418242454528809,0.7908852696418762,0.6304665803909302,0.7722565531730652,0.6404159069061279,0.8108813166618347,0.6314037442207336,0.7921385765075684,0.6435790061950684,0.8416323661804199,0.6325469017028809,0.8509186506271362,0
0.6341012716293335,0.24218004941940308,0.6366400718688965,0.2308695912361145,0.6384018063545227,0.23150381445884705,0.6401615738868713,0.23224171996116638,0.6310580372810364,0.22994652390480042,0.6287921071052551,0.22994160652160645,0.6264541745185852,0.23004093766212463,0.6418526768684387,0.240004301071167,0.6220352053642273,0.23782303929328918,0.636994481086731,0.2588847577571869,0.6296532154083252,0.25805211067199707,0.6553187966346741,0.31617996096611023,0.6051539778709412,0.31801536679267883,0.6637028455734253,0.4128779172897339,0.5933982729911804,0.4209146499633789,0.6668168902397156,0.5045889616012573,0.6031078696250916,0.5265878438949585,0.6670090556144714,0.5313605070114136,0.6028668284416199,0.550565242767334,0.6632567048072815,0.5217571258544922,0.6091340780258179,0.546719491481781,0.6620562672615051,0.5143651366233826,0.6100397109985352,0.5392978191375732,0.6490621566772461,0.5226497650146484,0.6200377345085144,0.5326295495033264,0.6488488912582397,0.6649376749992371,0.6267410516738892,0.6643658876419067,0.6439250707626343,0.7774702310562134,0.6327594518661499,0.7884775400161743,0.6395109295845032,0.7979193329811096,0.6329998970031738,0.8097490072250366,0.6514269113540649,0.8378241658210754,0.6379077434539795,0.8459196090698242,0
0.6364101767539978,0.24052757024765015,0.6394574642181396,0.23059985041618347,0.6413180828094482,0.23169520497322083,0.6431446671485901,0.23288097977638245,0.6338407397270203,0.22857975959777832,0.6316068768501282,0.22813200950622559,0.629296600818634,0.22775015234947205,0.6450338959693909,0.24141308665275574,0.6250998973846436,0.23523643612861633,0.6396113038063049,0.2586487829685211,0.6316639184951782,0.2562505602836609,0.6576622724533081,0.3153672218322754,0.6071885228157043,0.31722384691238403,0.6648456454277039,0.4142948091030121,0.592471718788147,0.4261457920074463,0.6680517196655273,0.5111366510391235,0.6030265092849731,0.5253763794898987,0.6695003509521484,0.5388193726539612,0.6026266813278198,0.5520784854888916,0.665347695350647,0.5322691798210144,0.6083555817604065,0.5475339293479919,0.6641008853912354,0.5221929550170898,0.6094869375228882,0.538095235824585,0.6509106159210205,0.522063672542572,0.6191372275352478,0.527603268623352,0.649780809879303,0.6599523425102234,0.6183071136474609,0.6619804501533508,0.6444829106330872,0.7831396460533142,0.6244792342185974,0.7768255472183228,0.6413592100143433,0.8063331246376038,0.626474916934967,0.7985246777534485,0.6492900252342224,0.853367805480957,0.620930016040802,0.8583047389984131,0
0.6367140412330627,0.2365592122077942,0.6400035619735718,0.22682026028633118,0.6419069170951843,0.22771254181861877,0.6437942385673523,0.22867342829704285,0.6342979669570923,0.225518137216568,0.6321290135383606,0.22541159391403198,0.629767119884491,0.22534450888633728,0.6458035111427307,0.23737958073616028,0.6259879469871521,0.23327624797821045,0.6403291821479797,0.25506144762039185,0.6322879791259766,0.2522355318069458,0.6587348580360413,0.3141222298145294,0.6081911325454712,0.31496983766555786,0.6644291877746582,0.4104214608669281,0.5931840538978577,0.4217306971549988,0.6676318049430847,0.5096042156219482,0.6028653979301453,0.5279229879379272,0.6692241430282593,0.5387341976165771,0.6028528809547424,0.5534676313400269,0.6647061705589294,0.5320923924446106,0.6083731055259705,0.5501178503036499,0.6633642315864563,0.5217875242233276,0.609618604183197,0.5411711931228638,0.6515779495239258,0.5204041004180908,0.6197296380996704,0.525492787361145,0.651694655418396,0.6609501838684082,0.6149548292160034,0.6583506464958191,0.6430531740188599,0.7899859547615051,0.6262624859809875,0.773015022277832,0.638640284538269,0.8148399591445923,0.6254729628562927,0.7859309315681458,0.6503889560699463,0.8571853637695312,0.6216818690299988,0.850810706615448,0
0.6401194930076599,0.23811036348342896,0.6433549523353577,0.22773447632789612,0.6452800035476685,0.2290942668914795,0.6472582817077637,0.2304650843143463,0.6376811265945435,0.22457346320152283,0.6354935169219971,0.22368645668029785,0.6332427859306335,0.22288423776626587,0.6489554643630981,0.23855182528495789,0.6287099123001099,0.22912386059761047,0.6430690884590149,0.25698208808898926,0.6354155540466309,0.252547025680542,0.6601293683052063,0.317542165517807,0.6095446348190308,0.3114388883113861,0.6668025255203247,0.4145873188972473,0.5952627062797546,0.4232078194618225,0.6698470115661621,0.5147776007652283,0.605370044708252,0.527550220489502,0.6705090403556824,0.5441220998764038,0.6054484844207764,0.5512800812721252,0.6673157811164856,0.5375648736953735,0.6099526882171631,0.5487540364265442,0.6648166179656982,0.5269651412963867,0.6118023991584778,0.5399578213691711,0.6534754633903503,0.5206527709960938,0.62091463804245,0.5312207341194153,0.6533588767051697,0.6540783047676086,0.6166248917579651,0.644283652305603,0.6467832922935486,0.7771276831626892,0.6248693466186523,0.75042325258255,0.6411061882972717,0.8124008774757385,0.6255578398704529,0.7699689865112305,0.6488157510757446,0.8533447980880737,0.6221102476119995,0.8236274123191833,0
0.6425029039382935,0.23719778656959534,0.6451495885848999,0.22707217931747437,0.6468471884727478,0.22794771194458008,0.6485897302627563,0.22888687252998352,0.639704167842865,0.22465157508850098,0.6373474597930908,0.2238457202911377,0.634878396987915,0.22312450408935547,0.6490183472633362,0.23684757947921753,0.6292999386787415,0.23020219802856445,0.644534170627594,0.25577667355537415,0.6376783847808838,0.253282368183136,0.6607438921928406,0.32167553901672363,0.609914243221283,0.31743931770324707,0.6671408414840698,0.42148393392562866,0.5963008999824524,0.4231056571006775,0.6702497005462646,0.5104309320449829,0.6075730919837952,0.5282058119773865,0.6723775267601013,0.5359706282615662,0.608205258846283,0.5533557534217834,0.6684094667434692,0.5304068326950073,0.612578272819519,0.5502626895904541,0.6670657396316528,0.5213875770568848,0.6136704683303833,0.5418660640716553,0.653701663017273,0.5302556157112122,0.6220466494560242,0.5369384288787842,0.654035747051239,0.6605969667434692,0.6177522540092468,0.6684292554855347,0.6459357142448425,0.7846531271934509,0.6252409815788269,0.7479138374328613,0.6411373019218445,0.8078657984733582,0.6261066794395447,0.7649184465408325,0.6507452726364136,0.8515341281890869,0.6208592057228088,0.7992967367172241,0
0.6441990733146667,0.23904076218605042,0.6469165682792664,0.22743961215019226,0.6487723588943481,0.22824543714523315,0.6506072282791138,0.22903332114219666,0.6412191390991211,0.22508198022842407,0.6390566229820251,0.22417643666267395,0.6366242170333862,0.22324684262275696,0.6511636972427368,0.23664382100105286,0.6309332251548767,0.2287791669368744,0.6467121243476868,0.257847398519516,0.6394827365875244,0.2541647255420685,0.6626440286636353,0.3224344551563263,0.6108168959617615,0.3136121332645416,0.670337438583374,0.422013521194458,0.5986490249633789,0.42329490184783936,0.6739143133163452,0.5113385319709778,0.6090754866600037,0.5230448842048645,0.6746131181716919,0.5375129580497742,0.6086357831954956,0.5509044528007507,0.6709745526313782,0.5310265421867371,0.6133277416229248,0.5446648597717285,0.6699396967887878,0.5209223031997681,0.6144434809684753,0.536704957485199,0.6552284359931946,0.5321618318557739,0.6227428913116455,0.5398353338241577,0.6545088291168213,0.6650143265724182,0.6190241575241089,0.6676899790763855,0.6461523175239563,0.781554102897644,0.6271384954452515,0.7573879361152649,0.6417331695556641,0.8048555254936218,0.6274827718734741,0.7767984867095947,0.6512687802314758,0.850178599357605,0.6231467723846436,0.8114458322525024,0
0.6456792950630188,0.23228967189788818,0.6481301188468933,0.2207643687725067,0.6500827074050903,0.221800297498703,0.6520371437072754,0.22269830107688904,0.6420981287956238,0.21787920594215393,0.639823317527771,0.21701180934906006,0.6374865174293518,0.2162090539932251,0.6524786949157715,0.23064643144607544,0.631496012210846,0.22333276271820068,0.6484890580177307,0.2513091266155243,0.6410541534423828,0.24701228737831116,0.6631035804748535,0.3175802230834961,0.6106290221214294,0.3090629577636719,0.6732038855552673,0.41613006591796875,0.5969700217247009,0.42458558082580566,0.6794270277023315,0.5082645416259766,0.6087627410888672,0.5267349481582642,0.6803779602050781,0.5327931046485901,0.6090986728668213,0.555022656917572,0.6767378449440002,0.5274089574813843,0.6142662763595581,0.5488736033439636,0.6747699975967407,0.5183917284011841,0.6151667237281799,0.5397357940673828,0.6577423810958862,0.529532253742218,0.6245200037956238,0.537202000617981,0.6564661264419556,0.6720864772796631,0.6237154603004456,0.6762950420379639,0.6500183343887329,0.7820600867271423,0.6263742446899414,0.7742872834205627,0.6464017033576965,0.8005853891372681,0.6273888945579529,0.7943091988563538,0.6566753387451172,0.8492699861526489,0.6257106065750122,0.8344932198524475,0
0.6471120715141296,0.23234215378761292,0.649638295173645,0.220279723405838,0.6515995264053345,0.22142571210861206,0.6535455584526062,0.22251036763191223,0.643697202205658,0.2169586420059204,0.6414201259613037,0.21581986546516418,0.6389226317405701,0.21471574902534485,0.6538209319114685,0.2300601601600647,0.6327300071716309,0.2210577130317688,0.6496464014053345,0.2509872615337372,0.6423339247703552,0.2472420632839203,0.6650450825691223,0.31350600719451904,0.6106400489807129,0.30567002296447754,0.6741124987602234,0.4139676094055176,0.597520112991333,0.4227374196052551,0.6796150207519531,0.5151339769363403,0.6084681153297424,0.5255588293075562,0.6802586317062378,0.5383541584014893,0.6093659400939941,0.5540755391120911,0.676392138004303,0.533318817615509,0.6147452592849731,0.5476630926132202,0.6745318174362183,0.5266925096511841,0.6155686974525452,0.5382021069526672,0.6578953862190247,0.5288734436035156,0.6240329146385193,0.5372042655944824,0.6566936373710632,0.6748247146606445,0.6227412819862366,0.6766966581344604,0.6485514640808105,0.7713401913642883,0.6262837648391724,0.7723938226699829,0.6448433995246887,0.7872648239135742,0.6262608170509338,0.7904418706893921,0.6558045148849487,0.8460604548454285,0.6244036555290222,0.838089108467102,0
0.6481710076332092,0.23123595118522644,0.650781512260437,0.22024869918823242,0.6527605056762695,0.2215842306613922,0.6548525094985962,0.2226429283618927,0.6445774435997009,0.2155480682849884,0.6421023607254028,0.21387603878974915,0.6395177245140076,0.21239349246025085,0.6553540229797363,0.22687885165214539,0.6330130100250244,0.21858501434326172,0.6506766676902771,0.24854880571365356,0.6426271796226501,0.2460016906261444,0.6663302183151245,0.3127361536026001,0.6113544702529907,0.30043748021125793,0.6753796339035034,0.41622430086135864,0.5995805263519287,0.4184051752090454,0.6797696352005005,0.5201631188392639,0.6100444197654724,0.5248623490333557,0.6823869347572327,0.544471025466919,0.6107074618339539,0.5533804297447205,0.6785107851028442,0.5404616594314575,0.6161472201347351,0.545391321182251,0.6774172186851501,0.5314365029335022,0.6172842979431152,0.5357818603515625,0.6598250865936279,0.5281727313995361,0.6255506277084351,0.534301221370697,0.6592016816139221,0.6748459935188293,0.6256498694419861,0.658320963382721,0.6561903357505798,0.7918635606765747,0.6281918287277222,0.791264533996582,0.6499891877174377,0.7972248196601868,0.6264537572860718,0.8148576021194458,0.6585114598274231,0.8490742444992065,0.6235578060150146,0.8591251969337463,0
0.6495031714439392,0.23057341575622559,0.65152508020401,0.21844637393951416,0.6532400250434875,0.21977955102920532,0.6550154685974121,0.22100579738616943,0.6458886861801147,0.2145352065563202,0.6435388326644897,0.21315741539001465,0.640951931476593,0.2119230031967163,0.6548375487327576,0.22688168287277222,0.6342464089393616,0.2172752320766449,0.651631772518158,0.24774861335754395,0.6444397568702698,0.24479341506958008,0.665649950504303,0.31043654680252075,0.6117785573005676,0.3007502853870392,0.6768828630447388,0.4162330627441406,0.5992502570152283,0.42257943749427795,0.6833925247192383,0.5188682079315186,0.6092824339866638,0.5270245671272278,0.6856630444526672,0.5427698493003845,0.6102455258369446,0.5565360188484192,0.6808000802993774,0.5406167507171631,0.6154935956001282,0.5503831505775452,0.6781535148620605,0.5338971614837646,0.6164963245391846,0.5407715439796448,0.6576862335205078,0.5320644974708557,0.6248434782028198,0.5397771596908569,0.6571293473243713,0.6823862791061401,0.6291159987449646,0.689218282699585,0.6451165676116943,0.7969359755516052,0.6283792853355408,0.8026856184005737,0.6421043276786804,0.8182570338249207,0.6264665126800537,0.8257536888122559,0.6573727130889893,0.8602850437164307,0.6287903785705566,0.8655819892883301,0
0.6493589878082275,0.23345103859901428,0.6520768404006958,0.21915334463119507,0.6536499261856079,0.21973681449890137,0.6551957130432129,0.22026318311691284,0.6462246775627136,0.21692630648612976,0.643778920173645,0.21595782041549683,0.6411614418029785,0.21495872735977173,0.6554652452468872,0.22760915756225586,0.6351777911186218,0.2197323739528656,0.6518238186836243,0.25064945220947266,0.6442111730575562,0.24894443154335022,0.6661418080329895,0.31336307525634766,0.6135583519935608,0.3060515522956848,0.676744282245636,0.4137568473815918,0.6003429889678955,0.4244110882282257,0.6843684315681458,0.5098274946212769,0.6121441125869751,0.5326663851737976,0.6857835054397583,0.5361470580101013,0.6130688190460205,0.5576646327972412,0.6823419332504272,0.5344015955924988,0.6177287101745605,0.5525718331336975,0.6808111071586609,0.5264937877655029,0.6186719536781311,0.5438912510871887,0.656132698059082,0.5278607606887817,0.6264476776123047,0.5309325456619263,0.6559439301490784,0.6771167516708374,0.6313338279724121,0.6910319328308105,0.6503638029098511,0.788443386554718,0.631791889667511,0.8236644864082336,0.6433348655700684,0.7938048839569092,0.6306816935539246,0.8450562357902527,0.6561456322669983,0.8374045491218567,0.6365724802017212,0.8810467720031738,0
0.6491527557373047,0.23337700963020325,0.6519894599914551,0.21940326690673828,0.6538859009742737,0.2206348180770874,0.6555286049842834,0.2215680480003357,0.6461806297302246,0.21675348281860352,0.6436984539031982,0.2160831093788147,0.6410883069038391,0.21549773216247559,0.6563302278518677,0.22878211736679077,0.6352502107620239,0.2212265133857727,0.6521556377410889,0.24964582920074463,0.6438980102539062,0.2471134066581726,0.6684375405311584,0.32226094603538513,0.6136977076530457,0.30953142046928406,0.679149329662323,0.42127665877342224,0.5994765162467957,0.42518624663352966,0.6855241656303406,0.5241749882698059,0.612170398235321,0.5331149101257324,0.6875936985015869,0.5516649484634399,0.6134777665138245,0.5625790357589722,0.6841098070144653,0.5480635762214661,0.6185184717178345,0.5523583889007568,0.6823557615280151,0.5415310263633728,0.6193898320198059,0.5436402559280396,0.6572839617729187,0.5463203191757202,0.62757408618927,0.5469199419021606,0.6548495888710022,0.7006031274795532,0.6313875913619995,0.7095004320144653,0.6501860618591309,0.8321303129196167,0.6331491470336914,0.8613119125366211,0.646982729434967,0.8485337495803833,0.634281575679779,0.8827828168869019,0.653775691986084,0.8791193962097168,0.6326479315757751,0.916415274143219,0
0.6486042141914368,0.2334880530834198,0.6518878936767578,0.2190409004688263,0.6539626717567444,0.22013798356056213,0.655913233757019,0.22100436687469482,0.6457417607307434,0.2168141007423401,0.6432324051856995,0.21628063917160034,0.6405929923057556,0.21578234434127808,0.6572261452674866,0.22830510139465332,0.6354280114173889,0.22196230292320251,0.6518809795379639,0.2503327429294586,0.64332515001297,0.2479819655418396,0.6696325540542603,0.32026124000549316,0.6140949130058289,0.3102295398712158,0.6803500056266785,0.4193754196166992,0.5999487042427063,0.4301726222038269,0.6899523138999939,0.5231139063835144,0.6116898059844971,0.5439488291740417,0.6921231150627136,0.5499439835548401,0.6136594414710999,0.5704567432403564,0.6881885528564453,0.5485990643501282,0.6186319589614868,0.5616858005523682,0.6862227320671082,0.5389622449874878,0.6194165945053101,0.5538824200630188,0.6574234366416931,0.5477523803710938,0.6265826225280762,0.5463250875473022,0.6561140418052673,0.7048669457435608,0.633456826210022,0.7163046598434448,0.6509861946105957,0.8342587351799011,0.6358603239059448,0.8703645467758179,0.6461495161056519,0.8507931232452393,0.6358503103256226,0.8896737694740295,0.6573739647865295,0.8886145353317261,0.6377197504043579,0.9285657405853271,0
0.6498193740844727,0.22934219241142273,0.6531256437301636,0.21697720885276794,0.655371367931366,0.2188696265220642,0.6573979258537292,0.22054675221443176,0.6469558477401733,0.21268576383590698,0.64448082447052,0.2118355631828308,0.6419055461883545,0.21117722988128662,0.6586788296699524,0.22824698686599731,0.6359557509422302,0.21908462047576904,0.6529538631439209,0.24861058592796326,0.644335150718689,0.24454644322395325,0.6715646386146545,0.32267338037490845,0.6138655543327332,0.3073292076587677,0.6823797225952148,0.4277726113796234,0.6000111103057861,0.43298235535621643,0.6941227316856384,0.5350395441055298,0.6119899153709412,0.5512452721595764,0.6980782151222229,0.5608348846435547,0.6132881045341492,0.5748828053474426,0.6922144889831543,0.5595375299453735,0.6188413500785828,0.5677870512008667,0.689899742603302,0.5537324547767639,0.620185375213623,0.5599517226219177,0.6595708727836609,0.549142062664032,0.6275064945220947,0.5488051176071167,0.6599476933479309,0.7165219783782959,0.63385409116745,0.7321096062660217,0.6569168567657471,0.8572674989700317,0.6372941732406616,0.8907833099365234,0.6492493748664856,0.8695906400680542,0.6393499374389648,0.9125897884368896,0.6569223999977112,0.9126399755477905,0.6353428363800049,0.9497171640396118,0
0.6507278680801392,0.23175042867660522,0.6543237566947937,0.21905356645584106,0.6566374897956848,0.22064244747161865,0.6586174368858337,0.22200414538383484,0.6479336619377136,0.21532082557678223,0.6453778147697449,0.21444591879844666,0.6427176594734192,0.21383711695671082,0.659756600856781,0.22889035940170288,0.6367872357368469,0.22076815366744995,0.6538733839988708,0.25061848759651184,0.6451953053474426,0.246496319770813,0.6716495156288147,0.3264244794845581,0.6147966384887695,0.3160299062728882,0.6837221384048462,0.4281954765319824,0.6019400954246521,0.43804678320884705,0.6936776638031006,0.5377585887908936,0.6144629716873169,0.5538063645362854,0.6960247159004211,0.5651800632476807,0.6149677634239197,0.582639753818512,0.6917136907577515,0.563667893409729,0.6204039454460144,0.5729274749755859,0.6897484064102173,0.5561496019363403,0.6214050650596619,0.5642068386077881,0.6582847237586975,0.5583316087722778,0.6277496814727783,0.5543655157089233,0.6553698778152466,0.7210266590118408,0.6366719603538513,0.7320902347564697,0.6495685577392578,0.853935718536377,0.6411219835281372,0.8909325003623962,0.647354006767273,0.8704264163970947,0.6402502655982971,0.9110689163208008,0.6549367308616638,0.9179928302764893,0.6386588215827942,0.9532846212387085,0
0.6514497995376587,0.23595258593559265,0.65489661693573,0.22343534231185913,0.657009482383728,0.22478699684143066,0.659159243106842,0.22606396675109863,0.6487237811088562,0.21984270215034485,0.6461498141288757,0.218601256608963,0.6435259580612183,0.2177284061908722,0.6599349975585938,0.2316015064716339,0.6377450823783875,0.22367671132087708,0.6544395685195923,0.2552706003189087,0.6459146738052368,0.251060426235199,0.6720802783966064,0.329047292470932,0.6154868006706238,0.3220800757408142,0.6821237802505493,0.43199414014816284,0.6013979911804199,0.445947527885437,0.6939915418624878,0.536843478679657,0.6157238483428955,0.555408775806427,0.6970497965812683,0.5630767345428467,0.6167827248573303,0.5847996473312378,0.6943404674530029,0.5628751516342163,0.6222980618476868,0.5759298205375671,0.6915412545204163,0.5540435910224915,0.6232035160064697,0.5661331415176392,0.6594598293304443,0.5644802451133728,0.6297217607498169,0.5655245184898376,0.6584540009498596,0.7263592481613159,0.6398206949234009,0.7461210489273071,0.65056973695755,0.8555730581283569,0.6442358493804932,0.9117559790611267,0.648631751537323,0.8695811033248901,0.6432604789733887,0.9328328371047974,0.6558555364608765,0.9233437180519104,0.6463426947593689,0.9663712382316589,0
0.6518740057945251,0.2355005443096161,0.6554273366928101,0.2219800353050232,0.657709002494812,0.22338628768920898,0.6595728397369385,0.22460699081420898,0.6490434408187866,0.21829652786254883,0.6464634537696838,0.21726104617118835,0.6438385248184204,0.21660062670707703,0.6605545282363892,0.23077479004859924,0.6381542086601257,0.22288984060287476,0.6549791693687439,0.254635751247406,0.6465020179748535,0.25049909949302673,0.6723860502243042,0.3298800587654114,0.6152786612510681,0.32099005579948425,0.6836930513381958,0.4357130825519562,0.6021197438240051,0.4500887393951416,0.6962448954582214,0.5428993701934814,0.614223062992096,0.5662321448326111,0.6982424855232239,0.5729623436927795,0.6161851286888123,0.5935419201850891,0.6953132152557373,0.5741982460021973,0.6212819814682007,0.5848140120506287,0.6927853226661682,0.5624586343765259,0.6221528053283691,0.575551450252533,0.6600170731544495,0.5650030374526978,0.6293724179267883,0.567200243473053,0.6584320664405823,0.7374708652496338,0.6412237882614136,0.7565443515777588,0.651961088180542,0.8544247150421143,0.6454554200172424,0.9140583872795105,0.6481184363365173,0.8692349195480347,0.6442234516143799,0.9324474334716797,0.659018874168396,0.9281139969825745,0.6470770239830017,0.9666682481765747,0
0.6528695225715637,0.2325071096420288,0.6558753848075867,0.2182306945323944,0.6580713987350464,0.21963563561439514,0.6600204706192017,0.22089576721191406,0.6499075889587402,0.21529972553253174,0.6473258137702942,0.2145601212978363,0.644642174243927,0.21402037143707275,0.660507082939148,0.22829481959342957,0.6386057734489441,0.2212144136428833,0.6557274460792542,0.25081703066825867,0.647625207901001,0.2473098635673523,0.6735278367996216,0.33067551255226135,0.615324854850769,0.32171955704689026,0.6844466328620911,0.43533065915107727,0.6026275753974915,0.4492829442024231,0.6976420283317566,0.5402148962020874,0.6127342581748962,0.569525957107544,0.7016092538833618,0.5669334530830383,0.6138598322868347,0.5995559692382812,0.6981668472290039,0.5672155618667603,0.6196759343147278,0.5908067226409912,0.6938633322715759,0.5606374740600586,0.6206832528114319,0.5818413496017456,0.6617184281349182,0.572024941444397,0.6298819184303284,0.5739116668701172,0.665711522102356,0.7423741221427917,0.6405357718467712,0.7660020589828491,0.657341718673706,0.8698735237121582,0.6457286477088928,0.9354208707809448,0.6526743769645691,0.8844964504241943,0.6462514996528625,0.9549230337142944,0.6634281277656555,0.9321001768112183,0.646531343460083,0.9831319451332092,0
0.6535877585411072,0.23394489288330078,0.6568551659584045,0.2193032205104828,0.6590676307678223,0.22045105695724487,0.6608749032020569,0.2214411199092865,0.6506463885307312,0.21666955947875977,0.6480947136878967,0.21596547961235046,0.6454866528511047,0.21548694372177124,0.6612967252731323,0.2279340624809265,0.6396875977516174,0.22190424799919128,0.6565521359443665,0.2512669861316681,0.6482686996459961,0.2482641041278839,0.6740033030509949,0.330118864774704,0.6147528886795044,0.325265496969223,0.685006320476532,0.43909260630607605,0.603480875492096,0.4613695740699768,0.6987085342407227,0.536069929599762,0.6149377822875977,0.5732748508453369,0.7021437883377075,0.5663058757781982,0.6175664067268372,0.6043373942375183,0.6992661952972412,0.5660662651062012,0.6229481101036072,0.5968455076217651,0.6960267424583435,0.5547495484352112,0.62348872423172,0.5854876637458801,0.6638109087944031,0.5742952227592468,0.6316457986831665,0.587334394454956,0.6652406454086304,0.742255687713623,0.6414515376091003,0.7695719003677368,0.6583614945411682,0.8040156960487366,0.6475191116333008,0.9325664043426514,0.6539737582206726,0.8110071420669556,0.6476855278015137,0.9511924982070923,0.6608564853668213,0.8448432683944702,0.6520467400550842,0.9764143228530884,0
0.6541760563850403,0.23002785444259644,0.6571236252784729,0.21457251906394958,0.6591652631759644,0.2153422236442566,0.6607754230499268,0.21606197953224182,0.650772213935852,0.21228653192520142,0.648106038570404,0.21166086196899414,0.6453967690467834,0.21136191487312317,0.6613553762435913,0.2225181758403778,0.6394401788711548,0.21835216879844666,0.6572242379188538,0.247197687625885,0.6490720510482788,0.2452264428138733,0.6751187443733215,0.326945960521698,0.6157695055007935,0.3207176923751831,0.6865544319152832,0.44391584396362305,0.6055907011032104,0.45623594522476196,0.6992373466491699,0.5363520979881287,0.613393247127533,0.5745435953140259,0.7039161920547485,0.5595899224281311,0.615577220916748,0.6086158156394958,0.6989213824272156,0.5622245073318481,0.620952844619751,0.6044681668281555,0.6963796615600586,0.5550314784049988,0.6223645806312561,0.5953258275985718,0.6618752479553223,0.5613685846328735,0.630347728729248,0.5651313066482544,0.6605578660964966,0.7252868413925171,0.6382488012313843,0.7509747743606567,0.6500863432884216,0.8225420713424683,0.646064817905426,0.9193135499954224,0.64495450258255,0.8241552114486694,0.6450430154800415,0.9407315850257874,0.6547520160675049,0.8781752586364746,0.6501794457435608,0.9678881168365479,0
0.6579767465591431,0.22817140817642212,0.6597695350646973,0.21050503849983215,0.6612600088119507,0.21076908707618713,0.6627365350723267,0.21097016334533691,0.6539000868797302,0.20897305011749268,0.6512532830238342,0.2081063687801361,0.6482493877410889,0.20735058188438416,0.6627584099769592,0.21792301535606384,0.6407131552696228,0.21418970823287964,0.6606806516647339,0.2447095513343811,0.6532102227210999,0.24405747652053833,0.6753012537956238,0.3198603093624115,0.6176967620849609,0.3203212022781372,0.6867116689682007,0.4356200098991394,0.6070254445075989,0.45924726128578186,0.6991682648658752,0.5380696058273315,0.6142609119415283,0.5773851871490479,0.7030174732208252,0.5645747780799866,0.6151700019836426,0.611498236656189,0.6993337273597717,0.5668205618858337,0.620842695236206,0.6085295677185059,0.6962805986404419,0.557598888874054,0.6219689249992371,0.5995229482650757,0.6642553806304932,0.5670455694198608,0.6327084302902222,0.5724923014640808,0.6636620163917542,0.7331756353378296,0.6395925283432007,0.7555782794952393,0.6509717106819153,0.8129736185073853,0.6465932726860046,0.9178500771522522,0.6464368104934692,0.8141397833824158,0.6467525362968445,0.9392362236976624,0.6589482426643372,0.8734138607978821,0.6514946222305298,0.9654834270477295,0
0.6558436751365662,0.22584813833236694,0.6586933135986328,0.21020445227622986,0.6605355739593506,0.21096321940422058,0.6621430516242981,0.2116537094116211,0.6522461771965027,0.2081206738948822,0.6494954824447632,0.20749196410179138,0.6465786099433899,0.20703554153442383,0.6630628705024719,0.21842822432518005,0.640249490737915,0.21367275714874268,0.6590911149978638,0.24352037906646729,0.6508693099021912,0.24189788103103638,0.6767939329147339,0.32162609696388245,0.6175231337547302,0.31614068150520325,0.6871955990791321,0.43822985887527466,0.6069682836532593,0.46034330129623413,0.6993443369865417,0.5412793159484863,0.6143344044685364,0.58000248670578,0.7037097215652466,0.5683498382568359,0.6148279905319214,0.6160150170326233,0.6999371647834778,0.5659359693527222,0.6208482980728149,0.6131048202514648,0.6966082453727722,0.557612419128418,0.6218811869621277,0.6029586791992188,0.6666324734687805,0.5675585269927979,0.6330638527870178,0.5785590410232544,0.6678489446640015,0.7424594163894653,0.6395983695983887,0.7669089436531067,0.6576038002967834,0.7961874008178711,0.6464124321937561,0.926611065864563,0.6549175977706909,0.7991781234741211,0.647301435470581,0.9524444341659546,0.663791835308075,0.8498730659484863,0.649356484413147,0.9771568179130554,0
0.6578104496002197,0.22785168886184692,0.6602001786231995,0.2112734019756317,0.6618579030036926,0.21182984113693237,0.6634790301322937,0.2123498022556305,0.6537432670593262,0.20933502912521362,0.6508870124816895,0.20863407850265503,0.6478321552276611,0.20802921056747437,0.6639366745948792,0.21865516901016235,0.6410799622535706,0.21374186873435974,0.6607537865638733,0.246209055185318,0.6526534557342529,0.24433064460754395,0.6776086091995239,0.32242444157600403,0.6180065274238586,0.3171435594558716,0.6869893670082092,0.4466240406036377,0.6081240773200989,0.46376389265060425,0.6989191174507141,0.5412927269935608,0.6137574315071106,0.5867295265197754,0.7031152248382568,0.5665899515151978,0.6141899228096008,0.6224597096443176,0.6978991627693176,0.5662681460380554,0.6206616163253784,0.6189135909080505,0.6954534649848938,0.5579121708869934,0.6218729615211487,0.6093197464942932,0.6691246032714844,0.5739250183105469,0.6345131397247314,0.5865650177001953,0.671462893486023,0.7404994368553162,0.6406841278076172,0.7767889499664307,0.6616193056106567,0.8018928170204163,0.6475664377212524,0.9465535283088684,0.6567060351371765,0.8076587319374084,0.6477176547050476,0.9656416773796082,0.6673431396484375,0.8661419153213501,0.6521129012107849,0.9866931438446045,0
0.6596054434776306,0.22681665420532227,0.6618521213531494,0.20866718888282776,0.6635159254074097,0.20893892645835876,0.664948582649231,0.2091391384601593,0.6556901931762695,0.20781126618385315,0.6527488827705383,0.2070547640323639,0.64952552318573,0.20632508397102356,0.6651633381843567,0.21661943197250366,0.6424788236618042,0.21192249655723572,0.6626058220863342,0.24482110142707825,0.654534101486206,0.24484556913375854,0.6783447265625,0.3183515965938568,0.6194466948509216,0.3132525384426117,0.6873016357421875,0.4363967180252075,0.6101371049880981,0.45956653356552124,0.6967741847038269,0.5405496954917908,0.6162309050559998,0.5836164355278015,0.6990827322006226,0.5664194226264954,0.617079496383667,0.623869001865387,0.6951457262039185,0.5642490983009338,0.6223758459091187,0.6204559803009033,0.6929284334182739,0.5559958219528198,0.6243420839309692,0.6082280874252319,0.6700031161308289,0.569220781326294,0.6367431879043579,0.5785486102104187,0.6776177287101746,0.7208241820335388,0.6413248777389526,0.759279727935791,0.6621260046958923,0.7967585325241089,0.643836498260498,0.9260976314544678,0.6576359868049622,0.8005587458610535,0.6424071192741394,0.9436301589012146,0.6685603260993958,0.8597812652587891,0.6449283957481384,0.9757052659988403,0
0.6604069471359253,0.22791990637779236,0.662661075592041,0.2089313268661499,0.6643138527870178,0.20893949270248413,0.665716290473938,0.20881643891334534,0.6564913392066956,0.20867705345153809,0.653516948223114,0.20801401138305664,0.6502189636230469,0.2073708176612854,0.665561318397522,0.21594393253326416,0.6430487632751465,0.21310028433799744,0.6632602214813232,0.24625220894813538,0.6554152369499207,0.24627602100372314,0.6785198450088501,0.31616732478141785,0.6203789710998535,0.3161206543445587,0.6861985921859741,0.44201767444610596,0.6113225817680359,0.4645852744579315,0.6992270946502686,0.541586697101593,0.6197375059127808,0.5891205668449402,0.7028714418411255,0.5661001801490784,0.6186040043830872,0.6259772777557373,0.6997190713882446,0.5666732788085938,0.623820424079895,0.6230385303497314,0.6971255540847778,0.5591751933097839,0.6255743503570557,0.614183783531189,0.6707413792610168,0.570667028427124,0.6376723647117615,0.5831518769264221,0.6820851564407349,0.7173622250556946,0.6409508585929871,0.7566304802894592,0.6636875867843628,0.8141435980796814,0.6425056457519531,0.9095925092697144,0.6570438742637634,0.8209562301635742,0.6425528526306152,0.9231284260749817,0.6773979663848877,0.8869744539260864,0.648709774017334,0.9618778228759766,0
0.6646585464477539,0.22616150975227356,0.666126549243927,0.20773100852966309,0.6674260497093201,0.2077421247959137,0.66876620054245,0.20769131183624268,0.6605632901191711,0.2069506049156189,0.6580643653869629,0.20633861422538757,0.6550318002700806,0.2055407166481018,0.6682904958724976,0.21547910571098328,0.6469076871871948,0.2107432782649994,0.6667589545249939,0.24426212906837463,0.6597797870635986,0.24345359206199646,0.6796870231628418,0.3176634609699249,0.6229336261749268,0.3091009259223938,0.686228334903717,0.4487602710723877,0.6119222044944763,0.4619704484939575,0.6994004249572754,0.5455536842346191,0.6204468011856079,0.5932312607765198,0.7026028633117676,0.5711104869842529,0.61894291639328,0.6306822299957275,0.6997537612915039,0.5709843635559082,0.6241521835327148,0.6278881430625916,0.6973310708999634,0.5626027584075928,0.6263683438301086,0.6195291876792908,0.6717976331710815,0.5747910737991333,0.6393353343009949,0.5868204832077026,0.6829777359962463,0.7211167812347412,0.6434943079948425,0.7609522342681885,0.6669930219650269,0.8234882354736328,0.6443912982940674,0.9177414178848267,0.6589563488960266,0.8330226540565491,0.6431318521499634,0.9331320524215698,0.6827607750892639,0.8843388557434082,0.6540470123291016,0.9646062850952148,0
0.6666245460510254,0.22567039728164673,0.6679558753967285,0.20751920342445374,0.6694188714027405,0.2074996829032898,0.6709465980529785,0.20762509107589722,0.6621810793876648,0.20703792572021484,0.6594592332839966,0.20637574791908264,0.6563636064529419,0.2057279646396637,0.6701996922492981,0.21503138542175293,0.6482754945755005,0.2115972936153412,0.6689114570617676,0.24149411916732788,0.6617035865783691,0.2408210039138794,0.6819704174995422,0.31747668981552124,0.6250507831573486,0.30831021070480347,0.6878127455711365,0.44226107001304626,0.6154709458351135,0.456071138381958,0.6962985992431641,0.543717086315155,0.6246510744094849,0.5882034301757812,0.7008172273635864,0.5723771452903748,0.6225247979164124,0.628771960735321,0.6973286867141724,0.5732433795928955,0.62727952003479,0.6250497698783875,0.6952962279319763,0.5632669925689697,0.6303462982177734,0.6148197054862976,0.674241840839386,0.5668884515762329,0.6420713067054749,0.5746064782142639,0.6875017881393433,0.7317378520965576,0.643454372882843,0.752572238445282,0.6728850603103638,0.8626838326454163,0.6465843915939331,0.9193921089172363,0.6671972274780273,0.8803025484085083,0.6449314951896667,0.9351098537445068,0.6966012120246887,0.9273596405982971,0.6472346186637878,0.9772944450378418,0
0.6693758964538574,0.22310572862625122,0.6705723404884338,0.20602896809577942,0.6721155047416687,0.20640525221824646,0.6737473607063293,0.20661291480064392,0.6645364165306091,0.20437943935394287,0.6616783738136292,0.2036592662334442,0.6585330963134766,0.2032547891139984,0.6726688742637634,0.21197190880775452,0.6507137417793274,0.20976746082305908,0.6713036894798279,0.24121513962745667,0.6641682982444763,0.24239057302474976,0.6837197542190552,0.31740692257881165,0.6272123456001282,0.307807594537735,0.6900421977043152,0.4516974687576294,0.6170881986618042,0.4528982639312744,0.6974356770515442,0.5534160137176514,0.6260565519332886,0.591580331325531,0.6995902061462402,0.5913187861442566,0.6250693202018738,0.6352766752243042,0.696749210357666,0.592265784740448,0.6305285692214966,0.63233482837677,0.6940790414810181,0.5762358903884888,0.6332345008850098,0.6196854710578918,0.678144633769989,0.5799849629402161,0.6447467803955078,0.5856308937072754,0.6876382827758789,0.7357102632522583,0.6464340090751648,0.7614107728004456,0.6792507767677307,0.8909685611724854,0.6441798806190491,0.9269073009490967,0.67200767993927,0.9177085161209106,0.6431073546409607,0.9455511569976807,0.704836368560791,0.9437731504440308,0.6461299657821655,0.990368127822876,0
0.6718288660049438,0.22258034348487854,0.6731290817260742,0.20518603920936584,0.6746233105659485,0.20562124252319336,0.6762154698371887,0.20620784163475037,0.6674289703369141,0.20387360453605652,0.6645216345787048,0.20329174399375916,0.6613921523094177,0.202797532081604,0.6748268008232117,0.213302344083786,0.6532291769981384,0.20954537391662598,0.6736245155334473,0.23904377222061157,0.6664621233940125,0.23946666717529297,0.6854529976844788,0.32163113355636597,0.6286077499389648,0.3112325370311737,0.6893625855445862,0.4529300928115845,0.6179748773574829,0.4618648290634155,0.698765218257904,0.5516050457954407,0.6274386644363403,0.5988599061965942,0.7021782994270325,0.5855859518051147,0.625320315361023,0.6341193318367004,0.6993992924690247,0.5800261497497559,0.6310673952102661,0.6338324546813965,0.6978051662445068,0.5707568526268005,0.6334311962127686,0.6223391890525818,0.6782713532447815,0.5818818211555481,0.6447076201438904,0.5892883539199829,0.6905678510665894,0.7539530992507935,0.6461855173110962,0.7632092237472534,0.6897037029266357,0.9026010036468506,0.6473819017410278,0.9399336576461792,0.6825974583625793,0.9256185293197632,0.647204577922821,0.9571653604507446,0.7108409404754639,0.9474496841430664,0.6544632315635681,0.9951119422912598,0
0.675413966178894,0.22486478090286255,0.6766848564147949,0.20655420422554016,0.6780144572257996,0.20664379000663757,0.6792634725570679,0.20682132244110107,0.6709020137786865,0.20601767301559448,0.6681508421897888,0.20564064383506775,0.6649596095085144,0.20522451400756836,0.6777180433273315,0.21393615007400513,0.6564005613327026,0.21137672662734985,0.677365779876709,0.24154096841812134,0.6700447201728821,0.24242448806762695,0.6882349848747253,0.32402628660202026,0.6316000819206238,0.31616926193237305,0.6929070353507996,0.46020129323005676,0.6181691884994507,0.46697911620140076,0.7015950083732605,0.553354799747467,0.6291323304176331,0.6054590940475464,0.7043153047561646,0.5886700749397278,0.6282355785369873,0.6408683061599731,0.7004707455635071,0.5870093703269958,0.6341861486434937,0.6381393671035767,0.6993082165718079,0.5723654627799988,0.6358996629714966,0.6299920678138733,0.6816856861114502,0.5880591869354248,0.6470008492469788,0.5990785360336304,0.6925497055053711,0.7606908679008484,0.6478018164634705,0.7745234370231628,0.6999833583831787,0.9065375328063965,0.6468103528022766,0.9472262263298035,0.6931488513946533,0.9340142011642456,0.64634770154953,0.9608025550842285,0.7200450301170349,0.9535597562789917,0.6518628001213074,1.0005249977111816,0
0.6804274320602417,0.22804796695709229,0.6814335584640503,0.20917963981628418,0.6825507879257202,0.20911717414855957,0.6836497187614441,0.209117591381073,0.6764717698097229,0.20860737562179565,0.6740826964378357,0.20808735489845276,0.6710888743400574,0.20772334933280945,0.6820031404495239,0.21703433990478516,0.6610659956932068,0.21437126398086548,0.6820542812347412,0.2456262707710266,0.6755671501159668,0.24465051293373108,0.6903126835823059,0.32531413435935974,0.6346733570098877,0.3195601999759674,0.6944389939308167,0.4641283452510834,0.6233950257301331,0.47029319405555725,0.7028377056121826,0.560351550579071,0.6335862874984741,0.6109134554862976,0.7049641609191895,0.5982015132904053,0.6321766972541809,0.6456136703491211,0.701935887336731,0.5957460403442383,0.6370789408683777,0.6436486840248108,0.7008442282676697,0.5793043375015259,0.6392494440078735,0.6340020298957825,0.6827781796455383,0.5882007479667664,0.6490614414215088,0.5967400670051575,0.6934099793434143,0.766572117805481,0.647833526134491,0.7665179967880249,0.7102206945419312,0.9131878614425659,0.6466547250747681,0.9427781105041504,0.7046926021575928,0.9382545948028564,0.6451805233955383,0.9592599868774414,0.7283530831336975,0.9474173188209534,0.6526609063148499,0.9954174757003784,0
0.684088408946991,0.22967824339866638,0.6851844191551208,0.21065005660057068,0.6864538788795471,0.21069714426994324,0.6877304315567017,0.2109135389328003,0.680091381072998,0.21012777090072632,0.6774589419364929,0.20961499214172363,0.674444854259491,0.20910754799842834,0.6857017278671265,0.21884408593177795,0.6647916436195374,0.21583470702171326,0.6859561800956726,0.24611997604370117,0.6793118119239807,0.24573630094528198,0.6932319402694702,0.32628801465034485,0.6380476355552673,0.3149719834327698,0.6953895688056946,0.46120017766952515,0.6249018311500549,0.4680785536766052,0.7045935392379761,0.5572132468223572,0.6373876333236694,0.6135600209236145,0.7055062055587769,0.5973366498947144,0.6364631652832031,0.6493642330169678,0.7042195796966553,0.5947612524032593,0.6422907114028931,0.6469500064849854,0.7013371586799622,0.5791128873825073,0.6445932984352112,0.6364227533340454,0.6858750581741333,0.5939487814903259,0.6532153487205505,0.6002280712127686,0.6969740986824036,0.769303560256958,0.650419294834137,0.7660081386566162,0.7149307131767273,0.9154534935951233,0.6450859904289246,0.9409615993499756,0.70589280128479,0.9408093690872192,0.6441999673843384,0.9561069011688232,0.7365809082984924,0.9429250955581665,0.6596457958221436,1.000013828277588,0
0.6880113482475281,0.23086735606193542,0.6890484094619751,0.2117067277431488,0.6903655529022217,0.2118685245513916,0.6916964054107666,0.21222743391990662,0.6838052868843079,0.21073997020721436,0.6811015009880066,0.2100810706615448,0.6780539155006409,0.20949533581733704,0.6893225312232971,0.22021269798278809,0.6683957576751709,0.21678340435028076,0.689755380153656,0.24770402908325195,0.6829507350921631,0.2470836043357849,0.695828914642334,0.32928746938705444,0.6417140960693359,0.3176563084125519,0.6973850727081299,0.4662306308746338,0.6284455060958862,0.47281599044799805,0.7061455249786377,0.5655166506767273,0.6431435942649841,0.6172865033149719,0.7087207436561584,0.5946174263954163,0.6414973735809326,0.6535276174545288,0.7071638107299805,0.5926145315170288,0.6473990678787231,0.6512130498886108,0.7040576338768005,0.5862883925437927,0.6495320200920105,0.6416053175926208,0.6884544491767883,0.6030586957931519,0.6553736329078674,0.609125554561615,0.7015713453292847,0.7764196991920471,0.6510040163993835,0.773047685623169,0.7198500633239746,0.9335376024246216,0.6438696384429932,0.9387720823287964,0.7148501873016357,0.9574881792068481,0.6434022784233093,0.9554448127746582,0.7381889224052429,0.960564136505127,0.6460273265838623,0.9916375875473022,0
0.6929295659065247,0.2348516583442688,0.6937411427497864,0.2149108648300171,0.6948642730712891,0.21467283368110657,0.6958684325218201,0.21444785594940186,0.6885631680488586,0.2154580056667328,0.6859235763549805,0.2151913344860077,0.6825649738311768,0.21487170457839966,0.6929837465286255,0.22200286388397217,0.6722097396850586,0.22110486030578613,0.6944117546081543,0.2511402666568756,0.6879213452339172,0.25150731205940247,0.6985693573951721,0.32942870259284973,0.64533931016922,0.32406115531921387,0.7002644538879395,0.46207308769226074,0.6323870420455933,0.4747508764266968,0.7077097296714783,0.5601599812507629,0.646589994430542,0.625945508480072,0.7115429043769836,0.5923493504524231,0.6445963978767395,0.6593920588493347,0.7099844217300415,0.5893181562423706,0.6508520841598511,0.6564099192619324,0.7069982886314392,0.5784289240837097,0.652956485748291,0.6467166543006897,0.6907721757888794,0.6055188179016113,0.6584789156913757,0.6114822030067444,0.705405592918396,0.7865203022956848,0.6522815823554993,0.7815594673156738,0.721645712852478,0.9418110847473145,0.6431032419204712,0.9495759010314941,0.7158868312835693,0.9663759469985962,0.642642617225647,0.964404821395874,0.7448070645332336,0.9712141752243042,0.6581177115440369,1.0211517810821533,0
0.6957457065582275,0.23273661732673645,0.6973903775215149,0.21261027455329895,0.6988587379455566,0.21257492899894714,0.7001267671585083,0.21270984411239624,0.6915831565856934,0.2125435173511505,0.6886734366416931,0.21263590455055237,0.6849544048309326,0.21311798691749573,0.6984699964523315,0.22245964407920837,0.6753989458084106,0.22268131375312805,0.6977747678756714,0.2501756250858307,0.6903151273727417,0.2506781816482544,0.7062528729438782,0.33494412899017334,0.6508837938308716,0.3303454518318176,0.7036102414131165,0.47219687700271606,0.6392757296562195,0.4839462637901306,0.7098805904388428,0.5708634853363037,0.6514503359794617,0.632707953453064,0.7109575867652893,0.6105851531028748,0.6499024033546448,0.6645845174789429,0.7089722752571106,0.6085262298583984,0.6557058691978455,0.6612200736999512,0.7054234147071838,0.5923645496368408,0.6577631831169128,0.6504884362220764,0.697436511516571,0.6030283570289612,0.6644753813743591,0.6112390160560608,0.7068096995353699,0.7865564227104187,0.655573844909668,0.780340850353241,0.7180058360099792,0.9470828175544739,0.6453331112861633,0.9478220343589783,0.7113643288612366,0.9725720286369324,0.6443555355072021,0.9643347263336182,0.7355256080627441,0.9892565011978149,0.6606444716453552,1.0234417915344238,0
0.6998167037963867,0.23381367325782776,0.7015857100486755,0.21260294318199158,0.7032321691513062,0.21246984601020813,0.7046031951904297,0.21233099699020386,0.6952266693115234,0.212729811668396,0.6917237043380737,0.21294790506362915,0.6874768137931824,0.21354833245277405,0.7029581665992737,0.2223924696445465,0.6789314150810242,0.2224251627922058,0.7019003629684448,0.25209373235702515,0.693962037563324,0.252434104681015,0.7108370065689087,0.33451181650161743,0.6557350158691406,0.3307798504829407,0.7073830366134644,0.4750407636165619,0.6422202587127686,0.4856793284416199,0.7069159746170044,0.5717678070068359,0.6559735536575317,0.635680615901947,0.7112250924110413,0.6106402277946472,0.6549471020698547,0.6675490736961365,0.7075574398040771,0.6307636499404907,0.6605371236801147,0.6644880771636963,0.7039549946784973,0.6171802878379822,0.6626686453819275,0.6538962125778198,0.7011333703994751,0.6109723448753357,0.6672414541244507,0.6169654726982117,0.7107427716255188,0.7923793792724609,0.6579998135566711,0.7813035845756531,0.7190696001052856,0.9483599662780762,0.646092414855957,0.9401964545249939,0.7136499881744385,0.970818281173706,0.6440325379371643,0.9580674767494202,0.7383341789245605,1.0005085468292236,0.6521938443183899,0.997828483581543,0
0.7059719562530518,0.23519405722618103,0.7071320414543152,0.21386992931365967,0.7085760235786438,0.21385622024536133,0.7101040482521057,0.21413540840148926,0.7007831931114197,0.2135505974292755,0.6974111199378967,0.21331340074539185,0.6937257647514343,0.21325743198394775,0.7086210250854492,0.22284862399101257,0.6842373609542847,0.222077876329422,0.7080116271972656,0.25197499990463257,0.7005154490470886,0.25383448600769043,0.7149197459220886,0.33222299814224243,0.6605081558227539,0.3351022005081177,0.7109113931655884,0.4712211489677429,0.6473461985588074,0.49005138874053955,0.7146129012107849,0.5784398913383484,0.6605554819107056,0.6356703042984009,0.7180325388908386,0.6085638403892517,0.6598504781723022,0.6675755977630615,0.7150527238845825,0.6066265106201172,0.6658828258514404,0.6635934710502625,0.7122166752815247,0.60140061378479,0.6680102348327637,0.6537052989006042,0.7065988779067993,0.6117538213729858,0.6730480194091797,0.6200209856033325,0.717322826385498,0.7936126589775085,0.6608215570449829,0.7903454303741455,0.7221890687942505,0.9540748596191406,0.643094003200531,0.9480094313621521,0.7158219814300537,0.9727823138237,0.6436261534690857,0.9618515968322754,0.7402715682983398,1.0042662620544434,0.6584638953208923,1.0293830633163452,0
0.7119295597076416,0.23108166456222534,0.7131521105766296,0.21101272106170654,0.7145461440086365,0.21150356531143188,0.7160995006561279,0.21213430166244507,0.7071832418441772,0.20944634079933167,0.7040224075317383,0.20907726883888245,0.7004429697990417,0.2092473804950714,0.71466064453125,0.22120872139930725,0.6908905506134033,0.21944338083267212,0.7137558460235596,0.2495870292186737,0.7067249417304993,0.24931669235229492,0.7209709882736206,0.33336660265922546,0.6658537983894348,0.3332081139087677,0.7158578634262085,0.47119140625,0.6514502167701721,0.4866279363632202,0.7190536856651306,0.5814663171768188,0.665270984172821,0.6371006369590759,0.7219342589378357,0.6118761301040649,0.6644977331161499,0.6684983372688293,0.7192658185958862,0.6094779968261719,0.6705982685089111,0.664553701877594,0.7166324257850647,0.6034640073776245,0.6728697419166565,0.6544615626335144,0.7113412618637085,0.6165905594825745,0.6784919500350952,0.6220309138298035,0.7181447148323059,0.7901256084442139,0.6658850312232971,0.7931145429611206,0.7211637496948242,0.9382435083389282,0.6455742716789246,0.9414071440696716,0.7152957320213318,0.9658477306365967,0.6450182795524597,0.9541914463043213,0.7394439578056335,0.9896886348724365,0.6578937768936157,1.0044355392456055,0
0.7172613143920898,0.2348400354385376,0.7187885642051697,0.21382245421409607,0.7201894521713257,0.21396103501319885,0.7217903137207031,0.2143646478652954,0.7130225300788879,0.21253764629364014,0.7100464105606079,0.21156251430511475,0.7065140604972839,0.210603266954422,0.7204931378364563,0.2229394018650055,0.6965164542198181,0.2166159749031067,0.718269407749176,0.2558073103427887,0.7113400101661682,0.25556859374046326,0.7263460755348206,0.3379392623901367,0.6690151691436768,0.3288034200668335,0.7251996994018555,0.47597363591194153,0.6546519994735718,0.48733198642730713,0.7311235666275024,0.5844520330429077,0.667669951915741,0.6321026682853699,0.7331583499908447,0.6250966787338257,0.6665919423103333,0.666265606880188,0.7314652800559998,0.6239134073257446,0.6730919480323792,0.6631351709365845,0.7268449664115906,0.6055046319961548,0.6751628518104553,0.6519834995269775,0.7156314849853516,0.6145468950271606,0.6820552349090576,0.6221840381622314,0.7225364446640015,0.7975924015045166,0.6706987023353577,0.7956609129905701,0.7203565239906311,0.949329674243927,0.6504709124565125,0.9185790419578552,0.7148151397705078,0.9657499194145203,0.6472635865211487,0.9326757192611694,0.7388858795166016,0.9985503554344177,0.6544005870819092,0.9836726188659668,0
0.7222715020179749,0.23532089591026306,0.7238820791244507,0.21556881070137024,0.7252166271209717,0.21554607152938843,0.7266290187835693,0.21570202708244324,0.7184127569198608,0.21461212635040283,0.7153347730636597,0.21369627118110657,0.7116490602493286,0.21273848414421082,0.7245888113975525,0.22234028577804565,0.701926052570343,0.2160775065422058,0.7226142883300781,0.255780965089798,0.7157538533210754,0.2569729685783386,0.7302268743515015,0.33511537313461304,0.672508180141449,0.32639268040657043,0.7304771542549133,0.46594569087028503,0.6566407084465027,0.4831360876560211,0.7363636493682861,0.5863252282142639,0.6696100831031799,0.632030725479126,0.739536702632904,0.6226947903633118,0.6683504581451416,0.6663309335708618,0.7359269857406616,0.6199750900268555,0.6761077642440796,0.661177933216095,0.7346068024635315,0.6050190925598145,0.6778824925422668,0.6503955721855164,0.7186622619628906,0.6089349389076233,0.687053918838501,0.6144882440567017,0.724614143371582,0.7957625985145569,0.6769766807556152,0.7960770726203918,0.7196968793869019,0.948066234588623,0.655826985836029,0.9086118340492249,0.7131480574607849,0.9710230827331543,0.6527014970779419,0.9202837347984314,0.7345418334007263,1.0016257762908936,0.6603240370750427,0.9772508144378662,0
0.7254424095153809,0.23718300461769104,0.7279636263847351,0.21562230587005615,0.7294360399246216,0.21559563279151917,0.7307608127593994,0.21573689579963684,0.7220376133918762,0.21513813734054565,0.7186349034309387,0.21418488025665283,0.7146585583686829,0.21327000856399536,0.7291964292526245,0.22368016839027405,0.7057292461395264,0.2185521125793457,0.726420521736145,0.2576378285884857,0.7189039587974548,0.2572292983531952,0.7338888049125671,0.338979035615921,0.6764273047447205,0.32989928126335144,0.7371702194213867,0.48173725605010986,0.6602839231491089,0.4870855510234833,0.7466623783111572,0.5948007702827454,0.6732222437858582,0.6329306364059448,0.7482062578201294,0.6306794881820679,0.674006462097168,0.668735682964325,0.7449321746826172,0.6315574049949646,0.6809067130088806,0.6625766158103943,0.7427355647087097,0.614709198474884,0.6824268698692322,0.6528839468955994,0.7215840220451355,0.6155598759651184,0.6885148286819458,0.6230380535125732,0.726020336151123,0.7932628393173218,0.6815261244773865,0.8015556931495667,0.7219841480255127,0.9399245977401733,0.6609281301498413,0.919474720954895,0.715309202671051,0.9556456208229065,0.6555263996124268,0.931167721748352,0.7379106283187866,0.9929822683334351,0.6639341115951538,0.9870721101760864,0
0.7285522818565369,0.23556378483772278,0.7312719225883484,0.21488136053085327,0.7329274415969849,0.21514257788658142,0.7343249320983887,0.21554124355316162,0.7251136898994446,0.2131023406982422,0.7220620512962341,0.21231409907341003,0.7181920409202576,0.21183237433433533,0.7330977916717529,0.22383838891983032,0.7091767191886902,0.21792644262313843,0.7299897074699402,0.253436803817749,0.7218136787414551,0.2517748773097992,0.7397017478942871,0.3374013602733612,0.6779999732971191,0.3292524218559265,0.7439208626747131,0.47644689679145813,0.6630262732505798,0.4838204085826874,0.7537246346473694,0.5828281044960022,0.676030695438385,0.6297311782836914,0.7565118670463562,0.6147980690002441,0.67721027135849,0.6685432195663452,0.752379298210144,0.6131066679954529,0.6840745210647583,0.6620488166809082,0.7505629658699036,0.6006954312324524,0.6853671073913574,0.6496254205703735,0.7248401045799255,0.6120253205299377,0.6903634667396545,0.6156076788902283,0.7268368601799011,0.7997201681137085,0.6868017315864563,0.8075942397117615,0.7185854315757751,0.9501978158950806,0.6682001948356628,0.9444009065628052,0.7108842730522156,0.9645434617996216,0.6648541688919067,0.9583635330200195,0.7336996793746948,1.0068451166152954,0.6722561717033386,1.0105760097503662,0
0.7323349714279175,0.23214083909988403,0.7350987195968628,0.2105032503604889,0.7368003129959106,0.21068871021270752,0.738166093826294,0.21098142862319946,0.728910505771637,0.20992204546928406,0.7254947423934937,0.20908096432685852,0.7215039730072021,0.20813223719596863,0.7371036410331726,0.21930590271949768,0.7124956250190735,0.2135683000087738,0.7339357137680054,0.2520378530025482,0.7259308099746704,0.2511253356933594,0.7440465092658997,0.3360244929790497,0.6814965009689331,0.3256252110004425,0.7491918802261353,0.4696211516857147,0.6660350561141968,0.481875479221344,0.7585493326187134,0.5818297863006592,0.6779338717460632,0.6263024806976318,0.762630820274353,0.6065763235092163,0.678608775138855,0.6644759774208069,0.7575821876525879,0.6048723459243774,0.6865677833557129,0.6609748005867004,0.7550550699234009,0.5967715382575989,0.6875885725021362,0.6492564678192139,0.7281610369682312,0.6117172837257385,0.6929898858070374,0.6131337881088257,0.7274221181869507,0.8003549575805664,0.6903282999992371,0.8090738654136658,0.7200508117675781,0.9451805949211121,0.674761950969696,0.9582816362380981,0.7115528583526611,0.960294783115387,0.6727921962738037,0.9692937731742859,0.7346237897872925,1.0105189085006714,0.6842906475067139,1.0383185148239136,0
0.7345392107963562,0.23556432127952576,0.7374328970909119,0.2137400507926941,0.7389518618583679,0.21380779147148132,0.7402207851409912,0.21381643414497375,0.7312392592430115,0.21285325288772583,0.7280392050743103,0.21146273612976074,0.7240816950798035,0.2098584771156311,0.7391069531440735,0.2203882336616516,0.7145368456840515,0.21240702271461487,0.7358162999153137,0.2560722827911377,0.7279382944107056,0.25505486130714417,0.7462490797042847,0.3321203589439392,0.6818224191665649,0.33000409603118896,0.753040611743927,0.46871042251586914,0.6679036617279053,0.48911845684051514,0.7629562616348267,0.5802738666534424,0.6823141574859619,0.631230890750885,0.7670940160751343,0.6063604950904846,0.6829630136489868,0.6665228605270386,0.7620573043823242,0.60523521900177,0.6898945569992065,0.6624833345413208,0.7594407796859741,0.5966396927833557,0.6911940574645996,0.6504135727882385,0.7308406233787537,0.6133320927619934,0.695341169834137,0.6151448488235474,0.7297741770744324,0.8006707429885864,0.6954132914543152,0.8130173683166504,0.7198571562767029,0.9488397836685181,0.688959538936615,0.9534646272659302,0.7136496305465698,0.963193416595459,0.6874645352363586,0.9671378135681152,0.7388632893562317,1.0222995281219482,0.7011852264404297,1.0325819253921509,0
0.7368106842041016,0.2341773509979248,0.739757239818573,0.212563157081604,0.7412614822387695,0.21272027492523193,0.742614209651947,0.21291029453277588,0.7333281636238098,0.21144840121269226,0.7301477789878845,0.21038541197776794,0.7262982726097107,0.209329754114151,0.7419701814651489,0.2201130986213684,0.7168651819229126,0.21334365010261536,0.7385096549987793,0.25300419330596924,0.7301843166351318,0.25246021151542664,0.750158429145813,0.3312104344367981,0.684353232383728,0.3285532593727112,0.7576525211334229,0.46389245986938477,0.6692797541618347,0.48254701495170593,0.7691824436187744,0.5749649405479431,0.6830575466156006,0.6293155550956726,0.774205207824707,0.6016227602958679,0.6844900250434875,0.6682759523391724,0.7690193057060242,0.5988739728927612,0.6912813782691956,0.6621365547180176,0.7666054964065552,0.590431272983551,0.6924692392349243,0.6484016180038452,0.7336152791976929,0.6068419218063354,0.6971321702003479,0.6082773208618164,0.7314161658287048,0.786674439907074,0.7022109031677246,0.8028370141983032,0.7192072868347168,0.9361248016357422,0.6999520063400269,0.9604679942131042,0.7140454649925232,0.9581924080848694,0.6966544985771179,0.9748239517211914,0.7358970642089844,0.9944718480110168,0.70989990234375,1.0322871208190918,0
0.7383701205253601,0.23312026262283325,0.7411690354347229,0.21132495999336243,0.7428233027458191,0.21134909987449646,0.7441588640213013,0.21131816506385803,0.734920084476471,0.21094217896461487,0.7316736578941345,0.20985600352287292,0.7278180718421936,0.20859339833259583,0.7432421445846558,0.21780338883399963,0.7187154293060303,0.21162128448486328,0.7400020360946655,0.2528131306171417,0.7318041920661926,0.2526617646217346,0.7533389925956726,0.3301183879375458,0.6864774823188782,0.32858484983444214,0.7621232867240906,0.4609307050704956,0.6722564697265625,0.48719143867492676,0.7763501405715942,0.5743570327758789,0.6860334873199463,0.6289952397346497,0.7819806337356567,0.6013445854187012,0.6881574392318726,0.6684123873710632,0.7787464261054993,0.6005836725234985,0.6949524283409119,0.6617947220802307,0.7745249271392822,0.5917958617210388,0.6960482597351074,0.6477797627449036,0.7363283038139343,0.6120606660842896,0.7000969052314758,0.6127681136131287,0.7310274839401245,0.8040266036987305,0.708173930644989,0.8149453401565552,0.7182574272155762,0.9508721828460693,0.708902895450592,0.9728134274482727,0.712145209312439,0.9650261998176575,0.7068483233451843,0.9895634651184082,0.7311458587646484,0.9922640323638916,0.7216001152992249,1.0508750677108765,0
0.7397052049636841,0.23345103859901428,0.7424405813217163,0.2121088206768036,0.7441815733909607,0.21226415038108826,0.7456331253051758,0.2124026119709015,0.7361145615577698,0.2113594114780426,0.7328482866287231,0.21031087636947632,0.7291405200958252,0.20912456512451172,0.7452525496482849,0.21886104345321655,0.7206602096557617,0.21274137496948242,0.741633951663971,0.25300413370132446,0.7335029244422913,0.251976877450943,0.7560240030288696,0.33205291628837585,0.6887267231941223,0.3283884525299072,0.7659178972244263,0.45905739068984985,0.6749080419540405,0.48438704013824463,0.7814534902572632,0.5775309205055237,0.6849673986434937,0.627839982509613,0.7872449159622192,0.605854868888855,0.6863123178482056,0.6647772789001465,0.7849124073982239,0.6060652732849121,0.6937141418457031,0.6644735336303711,0.7822262048721313,0.598187267780304,0.694309413433075,0.6502277851104736,0.7375549077987671,0.6000343561172485,0.7024408578872681,0.6006458401679993,0.7309401631355286,0.8003559112548828,0.7125873565673828,0.8086977005004883,0.7191016674041748,0.9448760747909546,0.7195627093315125,0.9686440825462341,0.7133617997169495,0.9608146548271179,0.7212062478065491,0.9857107400894165,0.7256038188934326,0.9937087893486023,0.7337139844894409,1.0438616275787354,0
0.7407369613647461,0.23454955220222473,0.7435629367828369,0.21314358711242676,0.7453160285949707,0.21293950080871582,0.7467752695083618,0.21281230449676514,0.7369502186775208,0.21204930543899536,0.7336098551750183,0.21061575412750244,0.7298169732093811,0.2092503011226654,0.7464943528175354,0.21787863969802856,0.7212684750556946,0.21190032362937927,0.7426964640617371,0.2549682855606079,0.7342897653579712,0.2544403374195099,0.7585890293121338,0.3298557996749878,0.6891798973083496,0.3311057388782501,0.7699544429779053,0.45985427498817444,0.6773433089256287,0.49352583289146423,0.7867965698242188,0.5815447568893433,0.6873620748519897,0.6315496563911438,0.7927800416946411,0.6096223592758179,0.6876769661903381,0.6713452339172363,0.7901014685630798,0.6103034615516663,0.694445013999939,0.6682494878768921,0.7869611382484436,0.6002895832061768,0.6964346766471863,0.6567172408103943,0.7422232627868652,0.6108821630477905,0.7053831815719604,0.6121696829795837,0.7344470620155334,0.8140255808830261,0.7196330428123474,0.8249650597572327,0.7205069065093994,0.9530647397041321,0.726488471031189,0.9631139039993286,0.7165434956550598,0.9654466509819031,0.7276033759117126,0.9792889356613159,0.7229107618331909,1.00722074508667,0.7370703220367432,1.0487043857574463,0
0.7410526275634766,0.23525044322013855,0.7437117695808411,0.213453471660614,0.745615541934967,0.21330103278160095,0.7475445866584778,0.21304571628570557,0.7364303469657898,0.21282854676246643,0.7326291799545288,0.21175459027290344,0.7291553020477295,0.21081984043121338,0.7477225065231323,0.21765831112861633,0.722231388092041,0.21462613344192505,0.7432631254196167,0.25552189350128174,0.7344236373901367,0.256434828042984,0.7625824213027954,0.3277268707752228,0.6918795704841614,0.33386650681495667,0.7740086913108826,0.45497214794158936,0.6799220442771912,0.4970388114452362,0.7925939559936523,0.5868447422981262,0.6884005665779114,0.6360481977462769,0.7979324460029602,0.6161905527114868,0.6893130540847778,0.6741202473640442,0.7960848212242126,0.6178433895111084,0.695307731628418,0.6734609603881836,0.7932208776473999,0.6089617013931274,0.6967605948448181,0.6604868769645691,0.7434097528457642,0.6187125444412231,0.7073044180870056,0.6167774796485901,0.7325664758682251,0.815251350402832,0.7231462597846985,0.8151154518127441,0.7239150404930115,0.9392151236534119,0.7333362698554993,0.9367375373840332,0.7200998067855835,0.9548594951629639,0.7453824877738953,0.9538357257843018,0.7171935439109802,1.0254818201065063,0.7328360676765442,1.0007574558258057,0
0.7422180771827698,0.23710665106773376,0.7450024485588074,0.21450045704841614,0.7469894289970398,0.21412459015846252,0.7486034035682678,0.21368631720542908,0.7379220128059387,0.21432086825370789,0.7342870831489563,0.2136029601097107,0.7305250763893127,0.21287313103675842,0.748753011226654,0.21761563420295715,0.7229072451591492,0.21539735794067383,0.7446704506874084,0.25788387656211853,0.7360160946846008,0.2589365541934967,0.7658094167709351,0.3285577893257141,0.6935115456581116,0.33842772245407104,0.7792745232582092,0.4630869925022125,0.6804799437522888,0.5048924684524536,0.7964025735855103,0.5949645042419434,0.6876341104507446,0.6446033120155334,0.8018282055854797,0.6238439083099365,0.6874555349349976,0.6801259517669678,0.7998756766319275,0.624754011631012,0.6942847967147827,0.6803728938102722,0.797477126121521,0.6167126893997192,0.69632887840271,0.6679732203483582,0.7469180822372437,0.6212126612663269,0.7089735865592957,0.6196781992912292,0.7368037700653076,0.8259191513061523,0.7295435667037964,0.8284443020820618,0.7216665148735046,0.9800714254379272,0.7475930452346802,0.960723876953125,0.718019962310791,0.9975914359092712,0.751416027545929,0.9743772149085999,0.7188848853111267,1.0596712827682495,0.7492719888687134,1.0401802062988281,0
0.7438695430755615,0.2375020980834961,0.746188223361969,0.21640288829803467,0.7481643557548523,0.2161484658718109,0.7498635649681091,0.21599066257476807,0.7394617795944214,0.21567970514297485,0.7360084056854248,0.21501317620277405,0.7322171926498413,0.21473461389541626,0.7499768137931824,0.22092518210411072,0.7241686582565308,0.21965613961219788,0.7464605569839478,0.2582027018070221,0.7382752299308777,0.25936779379844666,0.768300473690033,0.33235618472099304,0.6954278349876404,0.3425907492637634,0.7817251086235046,0.46393564343452454,0.6813966035842896,0.5037636756896973,0.7987874150276184,0.5964784622192383,0.689318835735321,0.6400054693222046,0.8045841455459595,0.6297868490219116,0.689898669719696,0.6824667453765869,0.8021867871284485,0.6305927634239197,0.6969345808029175,0.6825149059295654,0.7994791269302368,0.6196281909942627,0.6990197896957397,0.6706048846244812,0.7491393089294434,0.6293027997016907,0.7121981978416443,0.6293290853500366,0.737625241279602,0.833191454410553,0.7339099049568176,0.845845639705658,0.7197398543357849,0.9702922701835632,0.7545632123947144,0.9884383678436279,0.7149348258972168,0.9876744151115417,0.7582029104232788,1.0064029693603516,0.7204370498657227,1.0466713905334473,0.7608082890510559,1.0651723146438599,0
0.744164228439331,0.24145856499671936,0.7464266419410706,0.220523864030838,0.7484592199325562,0.22033682465553284,0.7503113746643066,0.22014915943145752,0.7394533157348633,0.21978247165679932,0.7358070015907288,0.21903455257415771,0.7320498824119568,0.21883425116539001,0.7506051063537598,0.22498464584350586,0.7244341969490051,0.22374218702316284,0.746934711933136,0.2618032991886139,0.7385401129722595,0.26287606358528137,0.7707242965698242,0.33495110273361206,0.697045624256134,0.34805381298065186,0.7869672179222107,0.4699159860610962,0.6845012307167053,0.5073645114898682,0.8024271726608276,0.5994316935539246,0.689605176448822,0.643520176410675,0.807410478591919,0.6317949295043945,0.690367579460144,0.685754120349884,0.8052012324333191,0.6327773332595825,0.6970443725585938,0.6865716576576233,0.8028073310852051,0.6210010051727295,0.6979845762252808,0.6749682426452637,0.7534454464912415,0.6337313652038574,0.7167329788208008,0.6371808052062988,0.7413637638092041,0.8403325080871582,0.7357730865478516,0.847618818283081,0.7244994044303894,0.9456603527069092,0.7600625157356262,0.9904177784919739,0.7172122001647949,0.9596537351608276,0.7598912715911865,0.9947672486305237,0.7229835391044617,0.9981780052185059,0.7655841708183289,1.0688408613204956,0
0.7440692782402039,0.24559995532035828,0.7466157078742981,0.22441986203193665,0.7487699389457703,0.2242213487625122,0.750607430934906,0.22393974661827087,0.739010214805603,0.22467255592346191,0.7353980541229248,0.22470012307167053,0.7318434715270996,0.2247811257839203,0.7517187595367432,0.22836866974830627,0.7245632410049438,0.23029682040214539,0.7475070357322693,0.2666833698749542,0.7387153506278992,0.2681674361228943,0.7728085517883301,0.3397638201713562,0.6992894411087036,0.3530830144882202,0.7889021635055542,0.47420045733451843,0.6860889196395874,0.5139098167419434,0.8039301037788391,0.605791449546814,0.6929346919059753,0.6524816751480103,0.8098217248916626,0.6391982436180115,0.693364679813385,0.697025716304779,0.8070722222328186,0.6398590207099915,0.6992934942245483,0.6967737674713135,0.8046602010726929,0.627631664276123,0.7003942728042603,0.6853487491607666,0.7572394013404846,0.6372012495994568,0.7194907069206238,0.6446515917778015,0.7454428672790527,0.8524903655052185,0.737819492816925,0.8590596914291382,0.7237906455993652,0.9558231830596924,0.7596164345741272,1.000318169593811,0.7183126211166382,0.9649224281311035,0.7648497223854065,1.0050485134124756,0.7236708998680115,1.0368611812591553,0.7634859085083008,1.0786054134368896,0
0.7446439266204834,0.25117141008377075,0.7469453811645508,0.22894221544265747,0.7490946650505066,0.2282920479774475,0.751092791557312,0.22766590118408203,0.739184558391571,0.22909528017044067,0.7353428602218628,0.22890153527259827,0.7316531538963318,0.22915104031562805,0.7522916197776794,0.23105871677398682,0.7250182032585144,0.2342727780342102,0.748166561126709,0.2705788016319275,0.7392119765281677,0.273188978433609,0.7750193476676941,0.3400818109512329,0.7004234790802002,0.3559405505657196,0.7924479246139526,0.4749431312084198,0.6874397993087769,0.5152549147605896,0.8054643273353577,0.6082510352134705,0.6922018527984619,0.6581672430038452,0.8113792538642883,0.6396274566650391,0.6922532916069031,0.7019037008285522,0.8088278770446777,0.640757143497467,0.6987634301185608,0.7025634050369263,0.805934727191925,0.6292321085929871,0.6998270153999329,0.6901130676269531,0.7604875564575195,0.6366378664970398,0.7216638922691345,0.6404916048049927,0.754997193813324,0.8492133617401123,0.738762617111206,0.8570587038993835,0.7223159074783325,0.9584652781486511,0.7546116709709167,0.986000657081604,0.7193700075149536,0.9624656438827515,0.7573419809341431,1.0002191066741943,0.7288181185722351,1.02235746383667,0.7585144639015198,1.0663541555404663,0
0.7455466389656067,0.2555948495864868,0.7477033734321594,0.23264479637145996,0.7497826814651489,0.23211753368377686,0.7519856095314026,0.2314707636833191,0.7391191124916077,0.23326373100280762,0.735146701335907,0.2332618534564972,0.7313193678855896,0.23347008228302002,0.753271758556366,0.23443928360939026,0.7259825468063354,0.2374904751777649,0.7495204210281372,0.275240033864975,0.7394481897354126,0.27730634808540344,0.7772449851036072,0.340466171503067,0.7014201879501343,0.3611346483230591,0.7940860390663147,0.47863948345184326,0.6879743933677673,0.5178103446960449,0.8068495988845825,0.6150527596473694,0.6897906064987183,0.6626014113426208,0.8117871284484863,0.6497265696525574,0.6896088719367981,0.7046228051185608,0.809095561504364,0.6507641077041626,0.6980143785476685,0.7051775455474854,0.8066006302833557,0.6392528414726257,0.6991786360740662,0.6945195198059082,0.7645909786224365,0.6401383876800537,0.7256020307540894,0.6461989283561707,0.7606088519096375,0.8523972630500793,0.7417590618133545,0.8660115599632263,0.7318863868713379,0.9589633941650391,0.75932377576828,1.0179895162582397,0.7247263193130493,0.9655309915542603,0.7628083229064941,1.0361006259918213,0.7345796227455139,1.043684482574463,0.7646713852882385,1.0992894172668457,0
0.7451004385948181,0.25960588455200195,0.7473723888397217,0.23610591888427734,0.749580979347229,0.23529648780822754,0.7518452405929565,0.23433807492256165,0.7384572625160217,0.23765110969543457,0.734557569026947,0.23791813850402832,0.7308574914932251,0.2384268045425415,0.7536671757698059,0.236486554145813,0.7260802984237671,0.24194636940956116,0.7496832609176636,0.2787318825721741,0.7391889095306396,0.2817820608615875,0.7801172137260437,0.3426055908203125,0.7030926942825317,0.3645652234554291,0.7976853847503662,0.48209571838378906,0.6905012726783752,0.5214129686355591,0.8080093860626221,0.6179876327514648,0.6924953460693359,0.6655214428901672,0.8128648996353149,0.6556020975112915,0.6924315094947815,0.7082035541534424,0.8094162940979004,0.6580529808998108,0.6999263167381287,0.7092803716659546,0.8067154884338379,0.6449741721153259,0.701275646686554,0.6984151005744934,0.7674990892410278,0.6426880955696106,0.7278665900230408,0.6508710980415344,0.7750385403633118,0.8492914438247681,0.7429604530334473,0.8753003478050232,0.7432858347892761,0.9277902841567993,0.7607946395874023,1.0300254821777344,0.7359532713890076,0.9267334938049316,0.7637277841567993,1.0471067428588867,0.7447498440742493,1.014976978302002,0.7671677470207214,1.1152859926223755,0
0.7454907894134521,0.26793333888053894,0.7478132843971252,0.24362784624099731,0.7500372529029846,0.24227553606033325,0.7524681687355042,0.24094995856285095,0.7386730313301086,0.24620577692985535,0.7349201440811157,0.24641582369804382,0.7312679290771484,0.24671310186386108,0.7543334364891052,0.241342693567276,0.7264171838760376,0.2485656440258026,0.7503174543380737,0.28680047392845154,0.740058183670044,0.28975746035575867,0.7820612788200378,0.34207940101623535,0.7042681574821472,0.3677574694156647,0.8001450300216675,0.48231422901153564,0.6920962929725647,0.5181452035903931,0.8108306527137756,0.6225625276565552,0.6920304894447327,0.6701553463935852,0.8162092566490173,0.6598501205444336,0.6918621063232422,0.7135632038116455,0.8104370832443237,0.6621325016021729,0.6986463665962219,0.7142645120620728,0.8070298433303833,0.647826611995697,0.7006758451461792,0.6997113227844238,0.7710390686988831,0.6379764080047607,0.7315548062324524,0.6484012603759766,0.7780665159225464,0.8431770205497742,0.7431927919387817,0.8625028133392334,0.7555474638938904,0.9230127930641174,0.7622916102409363,1.013161063194275,0.7500446438789368,0.9258599281311035,0.765806257724762,1.0316219329833984,0.7603070735931396,1.0083727836608887,0.766289472579956,1.0979845523834229,0
0.744844913482666,0.26924389600753784,0.7473936080932617,0.24433466792106628,0.7497202157974243,0.24275276064872742,0.752183198928833,0.2411886751651764,0.7381047606468201,0.24796795845031738,0.7344385385513306,0.2485148012638092,0.7309670448303223,0.24915748834609985,0.754790186882019,0.2414027452468872,0.7268320918083191,0.2508862316608429,0.7505302429199219,0.2873791754245758,0.7400042414665222,0.29154282808303833,0.7848311066627502,0.3429756760597229,0.7068352103233337,0.36353814601898193,0.8034877777099609,0.4864283800125122,0.6941741704940796,0.514805018901825,0.811718761920929,0.6248820424079895,0.6953821778297424,0.66690993309021,0.8169745802879333,0.6633638143539429,0.6952976584434509,0.71286541223526,0.8114594221115112,0.6677547693252563,0.7020953893661499,0.7143263816833496,0.8085311055183411,0.6541115045547485,0.703644871711731,0.7000086903572083,0.7727551460266113,0.6351905465126038,0.7332978248596191,0.6453325152397156,0.7817004323005676,0.8467327356338501,0.744652271270752,0.8633205890655518,0.7631527185440063,0.901085615158081,0.7583209276199341,0.9993034601211548,0.7584333419799805,0.8985016345977783,0.7662001848220825,1.0319781303405762,0.7651693820953369,0.9835976958274841,0.7670037150382996,1.099488377571106,0
0.7454828023910522,0.2733439803123474,0.7478105425834656,0.24685871601104736,0.7502773404121399,0.24473312497138977,0.7529799342155457,0.24238747358322144,0.7379793524742126,0.25140678882598877,0.734123170375824,0.25233903527259827,0.7307857871055603,0.2531664967536926,0.7562971711158752,0.24101343750953674,0.7269116044044495,0.25483086705207825,0.7519689798355103,0.29097580909729004,0.7410815358161926,0.29512882232666016,0.7880907654762268,0.3413485586643219,0.7080114483833313,0.36192670464515686,0.8062580227851868,0.4916173219680786,0.6953728795051575,0.5145976543426514,0.8128387331962585,0.6340410113334656,0.6990053057670593,0.6694815158843994,0.8173884749412537,0.67265385389328,0.6975842714309692,0.7159430384635925,0.8106602430343628,0.6760086417198181,0.7050362229347229,0.7152917981147766,0.8081409335136414,0.6614449620246887,0.7075909972190857,0.6986221671104431,0.7761805057525635,0.6383707523345947,0.7365347743034363,0.6472321152687073,0.7837305665016174,0.8423145413398743,0.7442433834075928,0.8648210763931274,0.7747039794921875,0.9487054347991943,0.7529779672622681,0.9914761781692505,0.7690181136131287,0.9639507532119751,0.7551987171173096,1.0193804502487183,0.7843526005744934,1.046127200126648,0.7536711096763611,1.0894794464111328,0
0.7459877133369446,0.27159392833709717,0.7485666275024414,0.24552324414253235,0.7511887550354004,0.2433682382106781,0.7537088990211487,0.2410321831703186,0.7381525039672852,0.25070786476135254,0.7344659566879272,0.25198885798454285,0.7315068244934082,0.2532479763031006,0.7573280334472656,0.24003049731254578,0.7282597422599792,0.25503596663475037,0.7531603574752808,0.28936246037483215,0.741854190826416,0.29383909702301025,0.7905813455581665,0.3411884605884552,0.7103201746940613,0.36092761158943176,0.8093807101249695,0.4926947355270386,0.6968996524810791,0.512471616268158,0.8138492107391357,0.6354499459266663,0.7013400197029114,0.6655581593513489,0.8179419636726379,0.6747678518295288,0.7005231976509094,0.708171546459198,0.8111238479614258,0.6773874759674072,0.7082281708717346,0.7069947719573975,0.8082301616668701,0.6636878252029419,0.7097387909889221,0.6909925937652588,0.777955949306488,0.6402104496955872,0.7378702163696289,0.647966206073761,0.7833474278450012,0.8543110489845276,0.7446834444999695,0.8684594631195068,0.7707239389419556,0.9796668291091919,0.753102719783783,1.0160949230194092,0.7662280797958374,0.9878935813903809,0.7559577822685242,1.030429482460022,0.7766698598861694,1.0742299556732178,0.7542291879653931,1.104073405265808,0
0.7447068691253662,0.27863702178001404,0.7481595277786255,0.24854212999343872,0.7511361241340637,0.24566471576690674,0.753887951374054,0.24269622564315796,0.7373078465461731,0.25532540678977966,0.73394775390625,0.25613924860954285,0.7311990857124329,0.2566038966178894,0.7579277753829956,0.24034634232521057,0.7289392948150635,0.2562018930912018,0.7526413202285767,0.2926827669143677,0.7412716746330261,0.2989705204963684,0.7932704091072083,0.33986896276474,0.7129005789756775,0.3596774637699127,0.8115208745002747,0.4923011064529419,0.6977925896644592,0.5074121356010437,0.8141183257102966,0.6350306272506714,0.7010681629180908,0.6621283292770386,0.8178951144218445,0.6767823696136475,0.7004031538963318,0.7040355801582336,0.8113459348678589,0.6796327829360962,0.7071326375007629,0.7049230337142944,0.8091184496879578,0.6660248637199402,0.7091355919837952,0.6890302300453186,0.7800728678703308,0.6377790570259094,0.7401495575904846,0.6448423862457275,0.7856137156486511,0.8535678386688232,0.7450964450836182,0.8689311742782593,0.7815079689025879,1.0002753734588623,0.7524276375770569,1.014121413230896,0.778191328048706,1.0175563097000122,0.7542420625686646,1.039498209953308,0.7822840809822083,1.0800236463546753,0.7535839080810547,1.1029671430587769,0
0.7445576786994934,0.28210803866386414,0.7480498552322388,0.2510663568973541,0.7514055967330933,0.24786925315856934,0.7541125416755676,0.2448766529560089,0.737113356590271,0.25816911458969116,0.7339798808097839,0.25897154211997986,0.7316386699676514,0.2594031095504761,0.7585797905921936,0.24078884720802307,0.7299540638923645,0.25786879658699036,0.7530027031898499,0.2950519919395447,0.7414042949676514,0.30161377787590027,0.7962636947631836,0.3393038511276245,0.714792013168335,0.3579573929309845,0.814786434173584,0.49036645889282227,0.7004908919334412,0.503145694732666,0.818091630935669,0.6343251466751099,0.7038242816925049,0.6536868810653687,0.8215826749801636,0.676393449306488,0.7031265497207642,0.6980568766593933,0.814067542552948,0.6805956959724426,0.7098167538642883,0.699103593826294,0.8117143511772156,0.669999361038208,0.7119342088699341,0.683975100517273,0.7825031280517578,0.6367961168289185,0.7422329783439636,0.639822244644165,0.7866672277450562,0.8516108393669128,0.7466282248497009,0.8653966784477234,0.7886585593223572,0.9906888008117676,0.7540080547332764,1.011228322982788,0.7852202653884888,1.0052191019058228,0.758165717124939,1.0341849327087402,0.7971801161766052,1.083573341369629,0.7545917630195618,1.0922949314117432,0
0.7449706196784973,0.2857440710067749,0.7483514547348022,0.2541888952255249,0.7520068883895874,0.25039419531822205,0.7548481225967407,0.2468884289264679,0.7376242876052856,0.26154646277427673,0.7346951961517334,0.26208484172821045,0.7327421307563782,0.26223427057266235,0.7599784135818481,0.2412775456905365,0.7309969067573547,0.2592603266239166,0.7537843585014343,0.2979101836681366,0.7421576976776123,0.3049367666244507,0.7989456057548523,0.34093257784843445,0.7165257930755615,0.3557586669921875,0.8171736001968384,0.497188925743103,0.7033915519714355,0.5051916241645813,0.8195958733558655,0.6375040411949158,0.7084832191467285,0.655551016330719,0.8223859667778015,0.6792872548103333,0.7083827257156372,0.700331449508667,0.8159077763557434,0.682797372341156,0.7144002914428711,0.6993882656097412,0.8137837052345276,0.6714188456535339,0.7161285877227783,0.6828932762145996,0.7851789593696594,0.6331830024719238,0.7449874877929688,0.6396450996398926,0.7878899574279785,0.8574177026748657,0.7495771646499634,0.8643552660942078,0.797370433807373,0.9989371299743652,0.7555326819419861,1.0186811685562134,0.7957349419593811,1.0036897659301758,0.7606689929962158,1.0466198921203613,0.8020960688591003,1.0973148345947266,0.7496358156204224,1.1261589527130127,0
0.7460112571716309,0.28585976362228394,0.7491132616996765,0.2561494708061218,0.7527540922164917,0.2523745596408844,0.7557359337806702,0.24862590432167053,0.7386981248855591,0.26239529252052307,0.7358074188232422,0.2628141939640045,0.7337693572044373,0.26298657059669495,0.7611591815948486,0.2428208589553833,0.7321754097938538,0.2607063055038452,0.7547073364257812,0.2982032597064972,0.7433744668960571,0.3056502044200897,0.800002932548523,0.3413984179496765,0.7190454602241516,0.3588699996471405,0.8205093145370483,0.4974666237831116,0.7065032720565796,0.5057108402252197,0.821071207523346,0.6482372283935547,0.7107059955596924,0.6524882316589355,0.8235033750534058,0.6863366961479187,0.7100797295570374,0.6948006749153137,0.8168755769729614,0.690187394618988,0.7155115008354187,0.694872260093689,0.8151408433914185,0.6804437041282654,0.7173374891281128,0.6791278719902039,0.7882385849952698,0.6334505677223206,0.7485769987106323,0.6376075744628906,0.7903413772583008,0.8526391983032227,0.7505779266357422,0.8530049324035645,0.8051373362541199,0.9895832538604736,0.7569800019264221,0.9968621730804443,0.8018984198570251,0.9954668283462524,0.7632531523704529,1.0080989599227905,0.8081396222114563,1.0809659957885742,0.7548626661300659,1.0989913940429688,0
0.7450714111328125,0.29221707582473755,0.7479971647262573,0.2618671953678131,0.7518540024757385,0.25804635882377625,0.7551525831222534,0.2540140748023987,0.738163411617279,0.2674141526222229,0.735605001449585,0.2675970792770386,0.7337250709533691,0.2675589621067047,0.7615998983383179,0.2464616596698761,0.7327114343643188,0.2641894221305847,0.7540891170501709,0.30409950017929077,0.7430616617202759,0.3102288544178009,0.8017104268074036,0.34483376145362854,0.721640944480896,0.3575190305709839,0.8234075903892517,0.5032715797424316,0.7089481353759766,0.5090255737304688,0.8236413598060608,0.6550471782684326,0.7128788232803345,0.65296870470047,0.8251930475234985,0.6945518255233765,0.7113397121429443,0.6948559880256653,0.8182517290115356,0.6970453262329102,0.7171661853790283,0.6940745115280151,0.8168340921401978,0.6877450942993164,0.7193050980567932,0.6772964596748352,0.7908734679222107,0.6384929418563843,0.7510642409324646,0.6411445736885071,0.7913943529129028,0.860997200012207,0.7521177530288696,0.8608089685440063,0.804872989654541,1.0001788139343262,0.7563424706459045,1.0058244466781616,0.8036305904388428,1.003989338874817,0.7636903524398804,1.036813497543335,0.8071631193161011,1.0974059104919434,0.7528764605522156,1.1153345108032227,0
0.7442683577537537,0.2947442829608917,0.7471674680709839,0.26609715819358826,0.7511534690856934,0.2621924579143524,0.7547227740287781,0.2582736611366272,0.7382873296737671,0.27164843678474426,0.7363897562026978,0.2716318368911743,0.7349404096603394,0.27120181918144226,0.7619761824607849,0.25085607171058655,0.7340788841247559,0.26740676164627075,0.7540660500526428,0.30756768584251404,0.743161678314209,0.31359806656837463,0.8035323023796082,0.34729838371276855,0.7236757278442383,0.3629465103149414,0.8257322311401367,0.5081655979156494,0.7136887311935425,0.5156939625740051,0.8232663869857788,0.6618443131446838,0.7180579304695129,0.6557815074920654,0.8255768418312073,0.7005549073219299,0.7178769111633301,0.6947020292282104,0.8191691637039185,0.7009172439575195,0.721775233745575,0.6952069997787476,0.816867470741272,0.6875450611114502,0.7230224013328552,0.6804596781730652,0.7952130436897278,0.636841356754303,0.7551840543746948,0.6417320966720581,0.7911531329154968,0.8563067317008972,0.7513454556465149,0.8581773638725281,0.8110985159873962,0.9853943586349487,0.7554776072502136,0.986810564994812,0.8144528865814209,0.984965443611145,0.7602269053459167,0.9938381314277649,0.8149092197418213,1.0863656997680664,0.7528237700462341,1.100820779800415,0
0.7433829307556152,0.30640721321105957,0.7455572485923767,0.278758704662323,0.7494701743125916,0.2747800946235657,0.7534468770027161,0.27004560828208923,0.738535463809967,0.28282448649406433,0.7370579242706299,0.28244468569755554,0.735630214214325,0.2817366123199463,0.7616895437240601,0.25913873314857483,0.7354274988174438,0.2756160795688629,0.7531149387359619,0.31951776146888733,0.7433668375015259,0.32320693135261536,0.8049693703651428,0.34997400641441345,0.7271023392677307,0.3647444546222687,0.8275465965270996,0.5110874176025391,0.7173924446105957,0.513685941696167,0.8242486119270325,0.6660124063491821,0.72032231092453,0.6544008851051331,0.8272256851196289,0.7073535919189453,0.7193202972412109,0.6919971704483032,0.8203477263450623,0.7066172957420349,0.7228291630744934,0.6931701898574829,0.8180879950523376,0.6922417879104614,0.7246134281158447,0.6781179308891296,0.7983660697937012,0.6356760859489441,0.7593386769294739,0.6411219835281372,0.795024573802948,0.8572952151298523,0.7538831233978271,0.8563997745513916,0.8138294219970703,0.983850359916687,0.7557557821273804,0.9873174428939819,0.8139846920967102,0.9950059652328491,0.7630119323730469,0.9985877871513367,0.8147300481796265,1.0927386283874512,0.7520044445991516,1.1034101247787476,0
0.7433515787124634,0.31350284814834595,0.7450518608093262,0.2864195704460144,0.749017596244812,0.28171300888061523,0.7532183527946472,0.2762734889984131,0.7386996746063232,0.29140302538871765,0.7372936606407166,0.2913655936717987,0.7358502745628357,0.29103127121925354,0.7624481916427612,0.2640509009361267,0.7359949350357056,0.2844889461994171,0.7533423900604248,0.3264264762401581,0.7441444993019104,0.32999125123023987,0.806971549987793,0.35409578680992126,0.73154616355896,0.3682425022125244,0.8281100392341614,0.5191001892089844,0.7236992120742798,0.5131232738494873,0.8232835531234741,0.6720842123031616,0.7230944037437439,0.6533699035644531,0.8257995247840881,0.7147979736328125,0.721884548664093,0.6907782554626465,0.819400429725647,0.7140156626701355,0.7255375981330872,0.6923147439956665,0.8168091177940369,0.6993193030357361,0.7271905541419983,0.6772750616073608,0.8030220866203308,0.6350577473640442,0.7637424468994141,0.6365854740142822,0.7959439158439636,0.854796290397644,0.7513760924339294,0.8570303916931152,0.8123815059661865,0.9736815094947815,0.7557888031005859,0.9821591973304749,0.8133407235145569,0.9829034805297852,0.7627014517784119,1.0115594863891602,0.8155630826950073,1.0832583904266357,0.7455486059188843,1.095507264137268,0
0.7423441410064697,0.31991198658943176,0.7437278032302856,0.29462912678718567,0.7468442916870117,0.2900165617465973,0.7504476308822632,0.28394263982772827,0.7386646270751953,0.2991836965084076,0.7375732064247131,0.298746258020401,0.7363319396972656,0.29799172282218933,0.7613370418548584,0.2709379494190216,0.738345205783844,0.29025202989578247,0.7521873116493225,0.33228471875190735,0.7439682483673096,0.33356770873069763,0.806360125541687,0.356075257062912,0.7348465919494629,0.3629119396209717,0.8285892605781555,0.5296847820281982,0.7283310294151306,0.5062975287437439,0.8251841068267822,0.6796165108680725,0.7264043092727661,0.6523220539093018,0.8268916606903076,0.7210357785224915,0.722963809967041,0.6863059401512146,0.8210185170173645,0.7213668823242188,0.7275194525718689,0.6854416728019714,0.8188854455947876,0.707202136516571,0.7296879291534424,0.675655722618103,0.8098710775375366,0.6188234090805054,0.7707475423812866,0.6263863444328308,0.7971915006637573,0.8501580357551575,0.7540026307106018,0.8364081382751465,0.8135042190551758,0.9805254936218262,0.7554721832275391,0.9902449250221252,0.8174396753311157,1.002433180809021,0.7625698447227478,1.0130798816680908,0.8136113882064819,1.085483431816101,0.7454984188079834,1.1045573949813843,0
0.7416613101959229,0.33091452717781067,0.741563618183136,0.30445265769958496,0.7434216141700745,0.3004639446735382,0.7459750175476074,0.2951993942260742,0.738176167011261,0.3085169196128845,0.7374692559242249,0.30777835845947266,0.7364883422851562,0.30643022060394287,0.7591317296028137,0.2786071300506592,0.7409455180168152,0.29567113518714905,0.7512203454971313,0.34004709124565125,0.7446708083152771,0.3418439030647278,0.8087635636329651,0.3637842535972595,0.7408961057662964,0.3693331182003021,0.8303206562995911,0.539020299911499,0.7341915369033813,0.511387050151825,0.826794445514679,0.6910976767539978,0.7286076545715332,0.6477600336074829,0.8277953267097473,0.7332439422607422,0.7260324954986572,0.6785086989402771,0.8219289183616638,0.7309595942497253,0.7294669151306152,0.6782219409942627,0.8199005126953125,0.7176177501678467,0.7312359809875488,0.6676713228225708,0.8128942847251892,0.6271301507949829,0.7742807865142822,0.6309646368026733,0.7960649728775024,0.8476972579956055,0.7549030184745789,0.8290769457817078,0.814111053943634,0.9900957942008972,0.7560622692108154,0.9937480092048645,0.8200079202651978,1.014786958694458,0.7631990909576416,1.0061893463134766,0.815264880657196,1.105190396308899,0.7450544238090515,1.107293963432312,0
0.7425545454025269,0.3468949794769287,0.7426918148994446,0.32362428307533264,0.7442936897277832,0.32041651010513306,0.7465715408325195,0.31577250361442566,0.7400480508804321,0.3255106806755066,0.7396222949028015,0.32397446036338806,0.7391087412834167,0.3217707872390747,0.7591096758842468,0.2961482107639313,0.7447476387023926,0.3079894781112671,0.751951277256012,0.35687705874443054,0.7462921738624573,0.35698381066322327,0.808131754398346,0.3724682629108429,0.7465729117393494,0.37471863627433777,0.8305469751358032,0.5520338416099548,0.7392983436584473,0.513379693031311,0.823788583278656,0.7030719518661499,0.7303582429885864,0.6529213190078735,0.826392650604248,0.7459073662757874,0.7258071899414062,0.6842281818389893,0.8207830190658569,0.7425273656845093,0.7282510995864868,0.6836920976638794,0.8182239532470703,0.7282807230949402,0.731220006942749,0.6732286214828491,0.8153912425041199,0.6325664520263672,0.7774361968040466,0.6310965418815613,0.794979989528656,0.851710319519043,0.7549072504043579,0.8383708000183105,0.8119498491287231,1.0004669427871704,0.7575768232345581,0.9957754611968994,0.8171212673187256,1.0218439102172852,0.766269326210022,1.0159854888916016,0.8065616488456726,1.1179091930389404,0.7472623586654663,1.12168550491333,0
0.7422451972961426,0.34933507442474365,0.7420496344566345,0.3249601423740387,0.743523120880127,0.32215437293052673,0.7456874847412109,0.3180069029331207,0.739662230014801,0.3268786370754242,0.739488422870636,0.32553476095199585,0.7392688393592834,0.3236214518547058,0.7584902048110962,0.3017254173755646,0.7462145686149597,0.31205514073371887,0.7519713044166565,0.3575378656387329,0.7470226287841797,0.3584429621696472,0.8072755336761475,0.37325337529182434,0.7515971660614014,0.38099727034568787,0.8320552110671997,0.544568657875061,0.7445328831672668,0.5090032815933228,0.824512243270874,0.7121657133102417,0.7357778549194336,0.6496613621711731,0.8273513317108154,0.7538188695907593,0.7305992841720581,0.6817768812179565,0.8217530846595764,0.7489355206489563,0.7329467535018921,0.6809560060501099,0.8195396661758423,0.7341142296791077,0.7360557317733765,0.6710542440414429,0.8167736530303955,0.6297948360443115,0.7826759219169617,0.6307054162025452,0.7950320839881897,0.8471074104309082,0.7592771053314209,0.8279615640640259,0.8087282776832581,1.0238710641860962,0.7659872770309448,1.0345091819763184,0.8149632215499878,1.0366003513336182,0.7747974991798401,1.0568461418151855,0.797308087348938,1.1189159154891968,0.7491598725318909,1.124427080154419,0
0.7443748712539673,0.359846830368042,0.7437509894371033,0.33771398663520813,0.745394766330719,0.3342672288417816,0.7472046613693237,0.3299447000026703,0.7411497831344604,0.3404877185821533,0.7407957911491394,0.33952686190605164,0.740418553352356,0.3381032347679138,0.760297417640686,0.3088890314102173,0.7470939755439758,0.3233652412891388,0.7546393275260925,0.36858105659484863,0.7495683431625366,0.3710148334503174,0.8082808256149292,0.37597593665122986,0.7557918429374695,0.3848596215248108,0.832362949848175,0.5563429594039917,0.751606822013855,0.5179244875907898,0.8255483508110046,0.7252129316329956,0.7406630516052246,0.6543949246406555,0.827571451663971,0.7617297768592834,0.7365449070930481,0.6860131621360779,0.8225306868553162,0.7587000131607056,0.7385642528533936,0.6849362850189209,0.8205642104148865,0.7442286014556885,0.7416864633560181,0.6722533106803894,0.8190644383430481,0.6334995627403259,0.7847890257835388,0.6337733268737793,0.7940540313720703,0.8475874066352844,0.7605904340744019,0.8337661623954773,0.8112198710441589,1.0118458271026611,0.7590869665145874,1.0120577812194824,0.817855954170227,1.0393203496932983,0.7750080823898315,1.0524072647094727,0.8023775815963745,1.129249095916748,0.7517521977424622,1.1257555484771729,0
0.7429265379905701,0.3655003607273102,0.741759181022644,0.3441135585308075,0.743453860282898,0.3412856459617615,0.7450938820838928,0.3380248248577118,0.7398006319999695,0.3455062508583069,0.739732027053833,0.34421977400779724,0.739710807800293,0.3424513339996338,0.7592719793319702,0.3176671862602234,0.7477203011512756,0.32976216077804565,0.7533823847770691,0.3737577795982361,0.74918133020401,0.3756486177444458,0.8084610104560852,0.38794025778770447,0.7595312595367432,0.3925993740558624,0.8317124843597412,0.5576170086860657,0.7575785517692566,0.5215937495231628,0.8265902996063232,0.7245477437973022,0.7473552227020264,0.6481738686561584,0.8280860781669617,0.7631104588508606,0.7422826886177063,0.6772385835647583,0.8231011033058167,0.7614290714263916,0.7442840337753296,0.6753877401351929,0.8210387229919434,0.7453885674476624,0.7459168434143066,0.6681240797042847,0.8221657276153564,0.6476420164108276,0.7878347635269165,0.644250750541687,0.7973655462265015,0.8540930151939392,0.7604053616523743,0.8435254096984863,0.8141763806343079,1.014249324798584,0.7605401873588562,1.0093693733215332,0.8207250237464905,1.0454161167144775,0.7768659591674805,1.0462250709533691,0.8039374947547913,1.137055516242981,0.7536109685897827,1.1232566833496094,0
0.7434018850326538,0.37724068760871887,0.7422822713851929,0.35463401675224304,0.7437537312507629,0.35130733251571655,0.7452767491340637,0.34731143712997437,0.7404086589813232,0.3568362593650818,0.7403373718261719,0.35563039779663086,0.740033745765686,0.35423609614372253,0.7584136724472046,0.3257381319999695,0.7482360005378723,0.33920133113861084,0.7538595795631409,0.3832065165042877,0.7499808073043823,0.3854946792125702,0.8108918070793152,0.3810790181159973,0.7622314691543579,0.39916568994522095,0.8326139450073242,0.5625529885292053,0.7626922130584717,0.5232873558998108,0.8249028921127319,0.7316679358482361,0.7519293427467346,0.6588457226753235,0.8272292017936707,0.7690109014511108,0.7484341263771057,0.6895161271095276,0.8216899037361145,0.7669659852981567,0.7500807642936707,0.6882905960083008,0.8189743161201477,0.7508854866027832,0.752332329750061,0.6747869253158569,0.8240046501159668,0.6492145657539368,0.7913315296173096,0.6445372700691223,0.7959893941879272,0.8553870916366577,0.7613362073898315,0.831950843334198,0.8145332932472229,1.0283169746398926,0.7669832706451416,1.0269384384155273,0.8222020268440247,1.034754753112793,0.7756893634796143,1.044067144393921,0.8031985759735107,1.1273410320281982,0.7511153817176819,1.1171114444732666,0
0.7450670003890991,0.38345643877983093,0.7431463003158569,0.36142414808273315,0.7445812821388245,0.3580470085144043,0.7461177706718445,0.35411250591278076,0.7413699626922607,0.36378219723701477,0.7413196563720703,0.3626320958137512,0.7413415908813477,0.3610520362854004,0.7585776448249817,0.33205723762512207,0.7487553358078003,0.34579119086265564,0.7550346851348877,0.3887363076210022,0.7513338327407837,0.3914925456047058,0.8113781809806824,0.3835964798927307,0.7656086683273315,0.39938679337501526,0.8279451727867126,0.5620132684707642,0.7657333612442017,0.5242528915405273,0.8237054347991943,0.732469916343689,0.7567623257637024,0.6548266410827637,0.8254647850990295,0.7700234651565552,0.7514030933380127,0.6884604692459106,0.8198521733283997,0.766685962677002,0.7529404759407043,0.688238263130188,0.8173809051513672,0.7531786561012268,0.7551229000091553,0.6751389503479004,0.8236954808235168,0.6433819532394409,0.7946958541870117,0.6413810849189758,0.7988531589508057,0.8444023728370667,0.7642126679420471,0.8281727433204651,0.8128768801689148,1.0061638355255127,0.7686254978179932,1.0216562747955322,0.820037305355072,1.0131884813308716,0.7770763635635376,1.041157841682434,0.8002145886421204,1.100498914718628,0.7510269284248352,1.1074395179748535,0
0.7441551089286804,0.3859959840774536,0.7414422631263733,0.3642835319042206,0.7427184581756592,0.3610056936740875,0.7441667318344116,0.35701289772987366,0.7401965260505676,0.3663487732410431,0.7403842210769653,0.3649735152721405,0.7406594157218933,0.3630680739879608,0.7575808167457581,0.33510106801986694,0.7484332323074341,0.34719905257225037,0.7548712491989136,0.39057108759880066,0.7516366243362427,0.3933839499950409,0.8103510737419128,0.3882092237472534,0.7675338983535767,0.40129560232162476,0.8301700353622437,0.5706173777580261,0.771007239818573,0.5385832190513611,0.8238030672073364,0.7385115623474121,0.7561607956886292,0.6671936511993408,0.8246221542358398,0.7775975465774536,0.7513483762741089,0.6976141333580017,0.8182024359703064,0.7749252915382385,0.7528170347213745,0.696344792842865,0.8159115314483643,0.7623329758644104,0.7555135488510132,0.6824219822883606,0.8242620229721069,0.6568897366523743,0.7940776944160461,0.6536077260971069,0.7929523587226868,0.8707526922225952,0.76307213306427,0.8413701057434082,0.8115406632423401,1.0280561447143555,0.7691335678100586,1.0348360538482666,0.8195168972015381,1.059948444366455,0.7806642651557922,1.0681986808776855,0.7984794974327087,1.1535048484802246,0.7562239170074463,1.1459741592407227,0
0.7446892857551575,0.39160528779029846,0.7423310875892639,0.36722445487976074,0.7436423301696777,0.3634377717971802,0.7453635334968567,0.3585035502910614,0.7406195402145386,0.37026986479759216,0.7405376434326172,0.36926403641700745,0.7406641244888306,0.36764657497406006,0.7570773363113403,0.33634498715400696,0.7482951283454895,0.3525334894657135,0.7553783059120178,0.39319804310798645,0.7520435452461243,0.39767035841941833,0.8112246990203857,0.38777074217796326,0.7674553394317627,0.40770506858825684,0.8321620225906372,0.568280816078186,0.7733549475669861,0.5465829372406006,0.826108992099762,0.734870195388794,0.7605054974555969,0.6639419794082642,0.8269549012184143,0.7733590006828308,0.7564587593078613,0.7004679441452026,0.8215994834899902,0.7706031799316406,0.7567489147186279,0.6861470937728882,0.8195056915283203,0.7579265236854553,0.7602899670600891,0.6777629852294922,0.8235949277877808,0.6636191010475159,0.7920438051223755,0.6629964113235474,0.8012946248054504,0.8751561045646667,0.763693630695343,0.8496170043945312,0.8131436705589294,1.052225947380066,0.7687495350837708,1.0308623313903809,0.819732666015625,1.060189127922058,0.7819196581840515,1.0739543437957764,0.8025825619697571,1.149972677230835,0.7570967674255371,1.1483826637268066,0
0.7431880235671997,0.3934514820575714,0.7403824329376221,0.37039121985435486,0.7417159676551819,0.36718934774398804,0.7431382536888123,0.3633646070957184,0.7387946844100952,0.3724871575832367,0.7386520504951477,0.3715353310108185,0.7387075424194336,0.3700006902217865,0.755885124206543,0.3408051133155823,0.7466346025466919,0.3543730080127716,0.7536191940307617,0.39635559916496277,0.7502730488777161,0.39886653423309326,0.8104767203330994,0.3891144096851349,0.7669668197631836,0.4037507474422455,0.8317511677742004,0.5760473012924194,0.7768459916114807,0.5414192080497742,0.8212697505950928,0.7430330514907837,0.7705998420715332,0.6807634830474854,0.8224342465400696,0.78484708070755,0.7675992250442505,0.7216383218765259,0.815288245677948,0.7779075503349304,0.7677940130233765,0.7252883315086365,0.8129755258560181,0.7658998370170593,0.7716400623321533,0.7097923755645752,0.827788233757019,0.6523066759109497,0.7960365414619446,0.6528136134147644,0.7978671193122864,0.8661757111549377,0.7646567225456238,0.8360111713409424,0.8172087669372559,1.0274579524993896,0.7776658535003662,1.0168702602386475,0.8299581408500671,1.0495505332946777,0.7921119332313538,1.0568857192993164,0.8114388585090637,1.1555768251419067,0.766546368598938,1.144020676612854,0
0.7436482310295105,0.39468061923980713,0.7406877875328064,0.3731023669242859,0.741600751876831,0.37012916803359985,0.7427500486373901,0.36638396978378296,0.7395260334014893,0.3752021789550781,0.7397242784500122,0.37379565834999084,0.739956259727478,0.37209758162498474,0.7542677521705627,0.3444390892982483,0.7478854060173035,0.35624006390571594,0.7540857791900635,0.39743104577064514,0.751554548740387,0.39970192313194275,0.8067570328712463,0.38230225443840027,0.7692321538925171,0.4085426926612854,0.8333223462104797,0.5640053749084473,0.780487596988678,0.5544940233230591,0.8261137008666992,0.7346928715705872,0.7761725187301636,0.6825804710388184,0.8262938261032104,0.7725037336349487,0.7744808793067932,0.7212578058242798,0.8202551603317261,0.7677947878837585,0.7742899060249329,0.7203381061553955,0.8182453513145447,0.7573741674423218,0.7769731283187866,0.7057750821113586,0.8304816484451294,0.6568894386291504,0.8008087277412415,0.6611435413360596,0.7995034456253052,0.8719986081123352,0.7670020461082458,0.849127471446991,0.8222261071205139,1.0497552156448364,0.7836640477180481,1.0148016214370728,0.830984354019165,1.055641770362854,0.7988545298576355,1.0470678806304932,0.8127559423446655,1.1513913869857788,0.7746908068656921,1.13099205493927,0
0.7435076832771301,0.4005621671676636,0.739568829536438,0.37842923402786255,0.7401733994483948,0.37576374411582947,0.7408409714698792,0.3726716935634613,0.7389787435531616,0.38003554940223694,0.7392727732658386,0.3784509003162384,0.7395694255828857,0.37661170959472656,0.7506952881813049,0.3516693711280823,0.7473337650299072,0.35890278220176697,0.7535123825073242,0.40216389298439026,0.7517440319061279,0.40408995747566223,0.801630437374115,0.3965604901313782,0.7779977321624756,0.40478596091270447,0.8278653621673584,0.5697534680366516,0.7904518842697144,0.5424305200576782,0.8236241340637207,0.7380911111831665,0.7831680178642273,0.6830198764801025,0.8233186602592468,0.77298903465271,0.7801048755645752,0.7206671237945557,0.8171753883361816,0.7723934054374695,0.7796676754951477,0.7225971817970276,0.8176999092102051,0.7571335434913635,0.7824288606643677,0.7095717191696167,0.8313097357749939,0.6533524394035339,0.8061462640762329,0.648236870765686,0.7908642292022705,0.8705459833145142,0.7715456485748291,0.8374952077865601,0.8163706064224243,1.043268084526062,0.7917736768722534,1.024387001991272,0.8274073600769043,1.049009919166565,0.8026073575019836,1.0377284288406372,0.8030558228492737,1.1446261405944824,0.7771272659301758,1.1125746965408325,0
0.7422424554824829,0.4034668803215027,0.7381259799003601,0.3822330832481384,0.7389420866966248,0.3790864050388336,0.739561140537262,0.3759792149066925,0.7379114627838135,0.38317251205444336,0.7382309436798096,0.381494402885437,0.7385408282279968,0.379498690366745,0.748685359954834,0.35438695549964905,0.7464703321456909,0.35956111550331116,0.7515969276428223,0.40556198358535767,0.7502827644348145,0.406855970621109,0.7942503690719604,0.40724900364875793,0.7828994393348694,0.3977295756340027,0.8219192624092102,0.5831612944602966,0.8086262345314026,0.5282366275787354,0.8239995241165161,0.7334738969802856,0.8021810054779053,0.654560387134552,0.8244500756263733,0.7700471878051758,0.7994449734687805,0.687213659286499,0.8174536824226379,0.7738118171691895,0.7974364757537842,0.691624104976654,0.8184118866920471,0.7556620240211487,0.7998453974723816,0.6799787282943726,0.831861138343811,0.6591877937316895,0.8199924826622009,0.6421954035758972,0.7917776703834534,0.8555697202682495,0.7741078734397888,0.8038296699523926,0.8116620779037476,1.0431838035583496,0.7888684272766113,0.9845795631408691,0.8222911953926086,1.0548210144042969,0.798288106918335,1.0054292678833008,0.7942264080047607,1.1299227476119995,0.772040069103241,1.0580854415893555,0
0.7413352131843567,0.4080759882926941,0.7369020581245422,0.3868151009082794,0.7375638484954834,0.3835453689098358,0.7381662130355835,0.3800888955593109,0.7366827130317688,0.38800185918807983,0.736921489238739,0.3860413134098053,0.7372698783874512,0.3839017152786255,0.7470884323120117,0.3561025559902191,0.7450913190841675,0.3617267310619354,0.7499898076057434,0.41146400570869446,0.7491616010665894,0.4111817181110382,0.7901584506034851,0.41820967197418213,0.7785402536392212,0.39663243293762207,0.8238536715507507,0.5773652791976929,0.8108782172203064,0.5293989777565002,0.8232863545417786,0.740774929523468,0.8047642707824707,0.6697072982788086,0.8241002559661865,0.7741060853004456,0.8019290566444397,0.7047577500343323,0.8167656064033508,0.7728135585784912,0.7999479174613953,0.710906445980072,0.8169297575950623,0.7577818632125854,0.8023750185966492,0.6980565786361694,0.832849383354187,0.6547691822052002,0.8224347233772278,0.6383724808692932,0.7881403565406799,0.857502818107605,0.7792729735374451,0.8238698244094849,0.8169193863868713,1.0386505126953125,0.8069320321083069,1.0010759830474854,0.828107476234436,1.0436450242996216,0.8175536394119263,1.0164761543273926,0.80458664894104,1.1333606243133545,0.7955102920532227,1.0830409526824951,0
0.7413081526756287,0.4132136404514313,0.7365322113037109,0.39342910051345825,0.7370335459709167,0.38995474576950073,0.7375065088272095,0.3866559863090515,0.7362592220306396,0.39422520995140076,0.7367084622383118,0.39188867807388306,0.7370900511741638,0.38937145471572876,0.7458361387252808,0.3624170124530792,0.7448691725730896,0.36489203572273254,0.7500264644622803,0.41656869649887085,0.749168872833252,0.4160015881061554,0.7869129180908203,0.42778903245925903,0.779978334903717,0.3993138074874878,0.8166236877441406,0.5894117951393127,0.8111082315444946,0.5313133597373962,0.8182308673858643,0.7312626838684082,0.8098938465118408,0.673274576663971,0.8213244080543518,0.7701533436775208,0.8081479072570801,0.7077429294586182,0.8148212432861328,0.7743132710456848,0.8067948818206787,0.7136751413345337,0.8153853416442871,0.7563539743423462,0.8089312314987183,0.7011228203773499,0.8342825770378113,0.6534038186073303,0.8276766538619995,0.6265985369682312,0.7859207987785339,0.8445936441421509,0.7755813002586365,0.7807773351669312,0.8062408566474915,1.0221621990203857,0.7912822961807251,0.9658424854278564,0.8138879537582397,1.0380778312683105,0.8002347350120544,0.9868892431259155,0.787955641746521,1.109320878982544,0.7772725820541382,1.0358235836029053,0
0.7408736348152161,0.4182247817516327,0.7358748316764832,0.39796608686447144,0.7362945675849915,0.39466753602027893,0.7367569208145142,0.39135444164276123,0.735660195350647,0.3988268971443176,0.736083447933197,0.3965267539024353,0.7365009188652039,0.39391377568244934,0.7450563311576843,0.36779651045799255,0.7445409297943115,0.3696784973144531,0.7495235800743103,0.4213353097438812,0.7487306594848633,0.4208286702632904,0.7854951620101929,0.42900577187538147,0.7843002080917358,0.40026745200157166,0.816353440284729,0.584962785243988,0.8156288266181946,0.5331342220306396,0.8185245990753174,0.7306134104728699,0.8134636878967285,0.6760886907577515,0.8218640685081482,0.7702129483222961,0.8117788434028625,0.7104074954986572,0.8133059144020081,0.7704435586929321,0.8099958896636963,0.7169021368026733,0.8157171010971069,0.7573068737983704,0.8118796944618225,0.7043886184692383,0.8355094194412231,0.6573923230171204,0.8311113715171814,0.6298065185546875,0.7900076508522034,0.8421814441680908,0.7782190442085266,0.7779063582420349,0.802178144454956,1.037536859512329,0.7905587553977966,0.9751981496810913,0.8113333582878113,1.0566670894622803,0.7993990778923035,0.9998538494110107,0.7832481861114502,1.1157855987548828,0.7741743922233582,1.0423731803894043,0
0.7410338521003723,0.42348259687423706,0.7355344295501709,0.4051860570907593,0.7358261346817017,0.40244901180267334,0.7361757159233093,0.3991416096687317,0.7353721261024475,0.4059959053993225,0.73555988073349,0.40398210287094116,0.7358303070068359,0.40133988857269287,0.7433653473854065,0.3740842938423157,0.743135929107666,0.3759245276451111,0.7494531273841858,0.42476004362106323,0.7487854957580566,0.424476683139801,0.7837659120559692,0.4307021498680115,0.7827590703964233,0.39873048663139343,0.815028190612793,0.5863642692565918,0.8143298029899597,0.5392355918884277,0.8175083994865417,0.7321605682373047,0.8168861269950867,0.6859251260757446,0.8232086896896362,0.7728295922279358,0.8122367858886719,0.7263330817222595,0.8201268911361694,0.7713642716407776,0.8113969564437866,0.7260721921920776,0.8164345622062683,0.7595901489257812,0.815228283405304,0.7155981659889221,0.8404740691184998,0.6534193754196167,0.8375005125999451,0.6272151470184326,0.7909157276153564,0.8283913135528564,0.7800782918930054,0.7657526135444641,0.8063771724700928,1.02994704246521,0.7948115468025208,0.9681982398033142,0.8160242438316345,1.052322268486023,0.8061063885688782,1.005650520324707,0.7872029542922974,1.1069855690002441,0.7808228731155396,1.0510175228118896,0
0.740454912185669,0.4280824065208435,0.7352150678634644,0.4089318811893463,0.7355417609214783,0.40645521879196167,0.7359517216682434,0.40356260538101196,0.735025942325592,0.40966421365737915,0.735204815864563,0.407762736082077,0.7353910207748413,0.40514829754829407,0.7429191470146179,0.3817271292209625,0.7433140277862549,0.38048556447029114,0.7488911151885986,0.4304444193840027,0.7483270168304443,0.4302145838737488,0.7813782691955566,0.45075124502182007,0.7876914739608765,0.3904746174812317,0.8105809092521667,0.6105668544769287,0.8254675269126892,0.5304864048957825,0.814579963684082,0.724308431148529,0.8286381959915161,0.6731303334236145,0.8211895227432251,0.7659896612167358,0.8235527276992798,0.7028458118438721,0.815677285194397,0.7715414762496948,0.8196674585342407,0.7137938737869263,0.815256655216217,0.7508628964424133,0.823224663734436,0.7060249447822571,0.8396934270858765,0.6609405279159546,0.8414603471755981,0.6121231913566589,0.7867481708526611,0.8094083666801453,0.7861080169677734,0.7434035539627075,0.7996848225593567,1.0080208778381348,0.7917347550392151,0.9493681192398071,0.8092752695083618,1.0317704677581787,0.8000757694244385,0.9729923009872437,0.7770727872848511,1.0736792087554932,0.7784712910652161,1.0140190124511719,0
0.7395742535591125,0.43129727244377136,0.7343977689743042,0.4128037989139557,0.7347803115844727,0.4102329611778259,0.7352432012557983,0.40723752975463867,0.7341235280036926,0.4136008024215698,0.7343004941940308,0.41173887252807617,0.7345014214515686,0.40930330753326416,0.742252767086029,0.3851510286331177,0.7425434589385986,0.3841802477836609,0.7484040856361389,0.4333755373954773,0.7477616667747498,0.43295222520828247,0.7816409468650818,0.451227068901062,0.7834072113037109,0.39680933952331543,0.8134211897850037,0.6033394932746887,0.8240618109703064,0.5302048921585083,0.8200888633728027,0.7341253161430359,0.8279115557670593,0.669994056224823,0.823605477809906,0.7671817541122437,0.8273946642875671,0.7004992961883545,0.8213088512420654,0.7675586938858032,0.8233202695846558,0.7061330676078796,0.816975474357605,0.7544311881065369,0.8271476626396179,0.6967153549194336,0.8399788737297058,0.6485805511474609,0.8410082459449768,0.6033308506011963,0.791978120803833,0.7812102437019348,0.7906182408332825,0.7306333184242249,0.7925692796707153,1.004707932472229,0.7936300039291382,0.94984370470047,0.8007326722145081,1.037270188331604,0.8018816709518433,0.9867044687271118,0.7646302580833435,1.064395785331726,0.7759939432144165,1.0096800327301025,0
0.7402392029762268,0.4369052052497864,0.7345373630523682,0.418687105178833,0.7348445653915405,0.41616183519363403,0.735221266746521,0.4132000803947449,0.7343207597732544,0.4192473888397217,0.7344688773155212,0.41723471879959106,0.7346386313438416,0.41460955142974854,0.742376446723938,0.38932451605796814,0.7422047853469849,0.3893527388572693,0.7486473917961121,0.4383939504623413,0.7481305599212646,0.43802329897880554,0.7829742431640625,0.4479258060455322,0.7831148505210876,0.4015055000782013,0.8148645162582397,0.6051141023635864,0.8222119212150574,0.5338451266288757,0.8261724710464478,0.7285325527191162,0.8288502097129822,0.6714969277381897,0.8260605931282043,0.7674760818481445,0.829197347164154,0.7034124135971069,0.8239838480949402,0.766850471496582,0.826105535030365,0.711174726486206,0.8229468464851379,0.7482162714004517,0.8257437348365784,0.7101978659629822,0.8433257341384888,0.6445664167404175,0.8405186533927917,0.604509174823761,0.7934141159057617,0.7682787775993347,0.7869093418121338,0.7210595607757568,0.7908491492271423,0.9983826875686646,0.7901468276977539,0.9537373781204224,0.7992337346076965,1.033186674118042,0.7947906255722046,0.98069828748703,0.759200930595398,1.056943655014038,0.7648937106132507,1.0061874389648438,0
0.7412580251693726,0.4429868459701538,0.7358989715576172,0.42483603954315186,0.7362269759178162,0.42231452465057373,0.7366150617599487,0.41940099000930786,0.73560631275177,0.4255521297454834,0.7356595993041992,0.42354249954223633,0.7358425855636597,0.42123955488204956,0.7434962391853333,0.39549520611763,0.7431509494781494,0.3956720232963562,0.7493903636932373,0.4441477060317993,0.7486762404441833,0.4438554644584656,0.783717691898346,0.4496186375617981,0.7835202813148499,0.40655452013015747,0.81548011302948,0.6025485396385193,0.8185083270072937,0.5323063135147095,0.8237448930740356,0.7324662804603577,0.8268426060676575,0.6707939505577087,0.8297395706176758,0.7682896852493286,0.8277960419654846,0.7029323577880859,0.8263145685195923,0.7631127834320068,0.8233036994934082,0.7154274582862854,0.8241119384765625,0.7555859684944153,0.8256540894508362,0.7068216800689697,0.8442553877830505,0.6407634019851685,0.8400089740753174,0.6033897399902344,0.7943572402000427,0.7690693140029907,0.7875481843948364,0.7323092818260193,0.7887571454048157,0.9890435934066772,0.787604033946991,0.954215407371521,0.7935908436775208,1.0358580350875854,0.7947859764099121,0.9716212749481201,0.7550696730613708,1.061347246170044,0.7657947540283203,1.0132640600204468,0
0.7414685487747192,0.4457341432571411,0.735832691192627,0.42825809121131897,0.7361412048339844,0.42586320638656616,0.7365019917488098,0.423015296459198,0.735587477684021,0.42882412672042847,0.7356549501419067,0.42691606283187866,0.7358192801475525,0.4247124195098877,0.7433023452758789,0.39887428283691406,0.7427540421485901,0.3999869227409363,0.7498339414596558,0.4467546343803406,0.749199390411377,0.44644561409950256,0.7825828790664673,0.44788163900375366,0.7821061611175537,0.4161740839481354,0.8148818612098694,0.6005957126617432,0.8160898685455322,0.5528318285942078,0.8221055269241333,0.7284610271453857,0.8257852792739868,0.6838557720184326,0.8283148407936096,0.7636867761611938,0.8277076482772827,0.7153792381286621,0.8269667625427246,0.7627988457679749,0.8259658217430115,0.7195547223091125,0.8226243257522583,0.7526607513427734,0.8210282325744629,0.7073853015899658,0.8455897569656372,0.6449134349822998,0.840730607509613,0.6185668110847473,0.7932513952255249,0.8134070038795471,0.7895981669425964,0.7580564618110657,0.7971522808074951,1.027578353881836,0.7960584163665771,0.9843201041221619,0.805268406867981,1.0626966953277588,0.8024685382843018,1.0122507810592651,0.7678664326667786,1.0967718362808228,0.7733097672462463,1.0421100854873657,0
0.7407190799713135,0.453136682510376,0.7351863384246826,0.43576714396476746,0.7355572581291199,0.4328521192073822,0.7359554171562195,0.42964106798171997,0.7348943948745728,0.43649938702583313,0.7350338697433472,0.4343104660511017,0.7351995706558228,0.43183279037475586,0.7425658702850342,0.40507328510284424,0.7420309782028198,0.4061618447303772,0.7488537430763245,0.45361942052841187,0.7482725381851196,0.4535365700721741,0.785332202911377,0.4483661949634552,0.782747209072113,0.4196929931640625,0.8213740587234497,0.5883660912513733,0.8184697031974792,0.551030695438385,0.8252063393592834,0.7330247759819031,0.8280324339866638,0.6834058165550232,0.8307873010635376,0.7664405703544617,0.829954981803894,0.7157992720603943,0.8242822885513306,0.7716740965843201,0.8262321352958679,0.7162070870399475,0.8255054950714111,0.7569484114646912,0.8291829228401184,0.707272469997406,0.8485357165336609,0.6481431126594543,0.8428734540939331,0.6206910014152527,0.7933701276779175,0.8122710585594177,0.7867276668548584,0.7559429407119751,0.7951199412345886,1.0269131660461426,0.7902621030807495,0.9836461544036865,0.8033171892166138,1.0619815587997437,0.8020132780075073,1.0108906030654907,0.7643325328826904,1.0974655151367188,0.7707881331443787,1.061834454536438,0
0.7407166957855225,0.4581336975097656,0.7352328300476074,0.4411708116531372,0.7356005311012268,0.43842417001724243,0.7360022664070129,0.4354552626609802,0.7349487543106079,0.4417344927787781,0.7350815534591675,0.43959587812423706,0.7352475523948669,0.4372537434101105,0.7423328161239624,0.4120253324508667,0.7417608499526978,0.4132782816886902,0.7490025758743286,0.4583343267440796,0.7485131621360779,0.45828086137771606,0.7834643125534058,0.4488925337791443,0.781526505947113,0.4222784638404846,0.8212651610374451,0.58451247215271,0.8185324668884277,0.5514853000640869,0.8285002112388611,0.7258684635162354,0.8296109437942505,0.6817176938056946,0.8341224789619446,0.7583604454994202,0.8320153951644897,0.7135605216026306,0.8291217088699341,0.7608357667922974,0.8271288871765137,0.7185602784156799,0.8271570801734924,0.7453595995903015,0.8286528587341309,0.7095056772232056,0.8479818105697632,0.650955319404602,0.8432183265686035,0.6227501630783081,0.798127293586731,0.8263759613037109,0.7924232482910156,0.767897367477417,0.7985678315162659,1.0235646963119507,0.7966839671134949,0.9992963075637817,0.8064853549003601,1.054986834526062,0.8053426742553711,1.0303547382354736,0.7700085639953613,1.0907196998596191,0.7756286263465881,1.0643279552459717,0
0.7424857020378113,0.4641915559768677,0.736781895160675,0.44759076833724976,0.7370671629905701,0.44520387053489685,0.7374423146247864,0.442363440990448,0.7365151643753052,0.4475405812263489,0.7365959286689758,0.44529104232788086,0.736762285232544,0.44265466928482056,0.7437664270401001,0.41757839918136597,0.7435263991355896,0.41702911257743835,0.7507394552230835,0.4639189541339874,0.7503470182418823,0.4633348882198334,0.7844864130020142,0.4540790915489197,0.7844681143760681,0.4234761595726013,0.8202528357505798,0.600136399269104,0.8204779028892517,0.5518558025360107,0.8293474316596985,0.7234190106391907,0.8282771706581116,0.6802151799201965,0.8332525491714478,0.7608340978622437,0.8292873501777649,0.7110784649848938,0.831107497215271,0.7601322531700134,0.8225669860839844,0.7140451669692993,0.8271217346191406,0.7512755990028381,0.8288073539733887,0.7034892439842224,0.8472408056259155,0.652194619178772,0.8435437679290771,0.6206685900688171,0.7911983728408813,0.8143748044967651,0.7876253128051758,0.7491239905357361,0.7999128103256226,1.0178414583206177,0.7962375283241272,0.9760434627532959,0.8091158866882324,1.048111915588379,0.8086914420127869,1.0064244270324707,0.7728278636932373,1.0846164226531982,0.780383825302124,1.0415236949920654,0
0.7435644268989563,0.47128769755363464,0.7376294732093811,0.455197811126709,0.737892746925354,0.4527198076248169,0.7382044792175293,0.449945867061615,0.7375109195709229,0.45515111088752747,0.7376751899719238,0.4527231454849243,0.7378756999969482,0.4499817490577698,0.7440388202667236,0.4263504147529602,0.7441326379776001,0.42489972710609436,0.7515994310379028,0.4709012508392334,0.7514112591743469,0.4703695476055145,0.7847487330436707,0.45836538076400757,0.7851808071136475,0.43100494146347046,0.8241787552833557,0.5954366326332092,0.821512758731842,0.5515009164810181,0.830561101436615,0.7274489402770996,0.8294877409934998,0.6780624389648438,0.835259735584259,0.7598260045051575,0.8305928111076355,0.708787739276886,0.8307581543922424,0.7641358375549316,0.825364887714386,0.7126283645629883,0.8288496732711792,0.7516032457351685,0.8277833461761475,0.7025530338287354,0.8478094339370728,0.6601682305335999,0.8441274166107178,0.6302712559700012,0.7892329692840576,0.8253380656242371,0.7871942520141602,0.7563972473144531,0.800052285194397,1.0204637050628662,0.7979063391685486,0.9818910360336304,0.8094936609268188,1.0490574836730957,0.8071266412734985,1.0116641521453857,0.7753995060920715,1.0868196487426758,0.7807481288909912,1.0469841957092285,0
0.7448471188545227,0.4757101237773895,0.7387186288833618,0.4592137336730957,0.738978922367096,0.45658421516418457,0.7393035888671875,0.45367729663848877,0.7387095093727112,0.45934849977493286,0.7389424443244934,0.45691439509391785,0.7392142415046692,0.4541882872581482,0.7452821135520935,0.4298173785209656,0.7452024817466736,0.42997270822525024,0.7527313828468323,0.47439461946487427,0.7526416182518005,0.4740627408027649,0.7855325937271118,0.460064560174942,0.7859401702880859,0.43856433033943176,0.8231307864189148,0.5988181829452515,0.8224012851715088,0.5592723488807678,0.8318057060241699,0.7358214855194092,0.8290536403656006,0.6848861575126648,0.8361334800720215,0.7667511105537415,0.8300303220748901,0.7153940796852112,0.8305209279060364,0.7694231271743774,0.8242985606193542,0.7164072394371033,0.8288430571556091,0.7566909790039062,0.8288375735282898,0.7082955837249756,0.8489588499069214,0.6676610708236694,0.8447875380516052,0.6417631506919861,0.7912693023681641,0.8357426524162292,0.7894852757453918,0.7780768871307373,0.8013565540313721,1.01067316532135,0.7992993593215942,0.9973151087760925,0.8099466562271118,1.0357096195220947,0.8077477812767029,1.025166630744934,0.7805777192115784,1.0717759132385254,0.7843306660652161,1.0607284307479858,0
0.7448259592056274,0.4807635247707367,0.7393862009048462,0.46563076972961426,0.7396259307861328,0.4633568525314331,0.7400163412094116,0.4604073762893677,0.7391714453697205,0.46547964215278625,0.7393068075180054,0.4630991518497467,0.7394880652427673,0.46046364307403564,0.7455673813819885,0.43715476989746094,0.745384693145752,0.4366622269153595,0.7526968717575073,0.47921639680862427,0.7523550987243652,0.4784358739852905,0.7860357761383057,0.46613243222236633,0.7860463261604309,0.43591392040252686,0.8213950991630554,0.6006006598472595,0.8227475881576538,0.5590911507606506,0.8282436728477478,0.7449955940246582,0.8295798301696777,0.692733645439148,0.8333597183227539,0.7758796215057373,0.8302192091941833,0.7249838709831238,0.8307257294654846,0.7762361764907837,0.8250691890716553,0.7259500026702881,0.8271281719207764,0.7667717337608337,0.8297007083892822,0.7187469601631165,0.8466691374778748,0.6664873361587524,0.8431560397148132,0.6361714005470276,0.7883388996124268,0.8298485279083252,0.7836775183677673,0.7573977708816528,0.795906662940979,1.0194928646087646,0.7947165966033936,0.9833728075027466,0.8050642013549805,1.0471041202545166,0.8040417432785034,1.013000726699829,0.7718621492385864,1.0858076810836792,0.7776366472244263,1.0487604141235352,0
0.745455265045166,0.483928382396698,0.7405394911766052,0.4692367911338806,0.7409694790840149,0.46695947647094727,0.7414080500602722,0.4643097221851349,0.7401108145713806,0.46859630942344666,0.7402315735816956,0.4661332964897156,0.7403719425201416,0.46345800161361694,0.7469825744628906,0.4397221505641937,0.7462579011917114,0.43931782245635986,0.7526446580886841,0.48229411244392395,0.752353847026825,0.4811556339263916,0.7861739993095398,0.4678261876106262,0.7862500548362732,0.4406862258911133,0.8220952749252319,0.6049557328224182,0.8227373361587524,0.564233124256134,0.830994188785553,0.7440739870071411,0.8292495608329773,0.6948211193084717,0.8348580002784729,0.7797815203666687,0.8299611806869507,0.726493239402771,0.830863893032074,0.7780506014823914,0.8250782489776611,0.7249312400817871,0.8272314667701721,0.7685200572013855,0.8246897459030151,0.7255568504333496,0.8474738597869873,0.669153094291687,0.843407392501831,0.6413847208023071,0.786724328994751,0.8306333422660828,0.7826390862464905,0.7669058442115784,0.7963318228721619,1.0234017372131348,0.7952131628990173,0.9851871728897095,0.8053570985794067,1.050633192062378,0.8046568632125854,1.01327383518219,0.7730532288551331,1.0892877578735352,0.7786479592323303,1.0503274202346802,0
0.746116042137146,0.48837870359420776,0.7408285737037659,0.47286397218704224,0.7410899996757507,0.4708501994609833,0.7415646314620972,0.4680723249912262,0.7406442761421204,0.47262001037597656,0.7408636808395386,0.4702763557434082,0.7411059737205505,0.4677996039390564,0.7472996711730957,0.4464297294616699,0.7472527623176575,0.4449441432952881,0.7541404962539673,0.48756134510040283,0.7538432478904724,0.48654451966285706,0.787398636341095,0.4761911630630493,0.7863880395889282,0.44684216380119324,0.8209579586982727,0.6157947778701782,0.8219691514968872,0.5692704916000366,0.8307711482048035,0.7507168054580688,0.8282349705696106,0.6985723972320557,0.8366554379463196,0.7800586819648743,0.8289670348167419,0.729711651802063,0.832539439201355,0.7789268493652344,0.8276386857032776,0.7358403205871582,0.8299503326416016,0.7723292112350464,0.8283247947692871,0.723882794380188,0.8473947048187256,0.670844316482544,0.8441834449768066,0.6473755240440369,0.7877568006515503,0.8324328660964966,0.7833521962165833,0.7755158543586731,0.8029208183288574,1.0216203927993774,0.8010441660881042,0.995877742767334,0.8125043511390686,1.0445854663848877,0.8110235333442688,1.0222704410552979,0.7822787761688232,1.0930652618408203,0.7864757776260376,1.0661046504974365,0
0.7479479312896729,0.49226245284080505,0.7428404092788696,0.4775524139404297,0.7431313991546631,0.4755857288837433,0.743535041809082,0.47288474440574646,0.7427011728286743,0.47687387466430664,0.7429250478744507,0.4744253158569336,0.7431745529174805,0.47164276242256165,0.7489824891090393,0.4486205577850342,0.748941957950592,0.4480476677417755,0.7548786401748657,0.49148881435394287,0.7548494338989258,0.4903702735900879,0.7884515523910522,0.4780704379081726,0.7882834076881409,0.45295506715774536,0.8231795430183411,0.6117229461669922,0.8211144208908081,0.572415292263031,0.8323805928230286,0.7483875751495361,0.8249498605728149,0.7059524059295654,0.8361918926239014,0.779563307762146,0.8264352679252625,0.733993649482727,0.8318778872489929,0.7829356789588928,0.8241890668869019,0.7472255229949951,0.8301151990890503,0.7716534733772278,0.8235807418823242,0.7283311486244202,0.8472867012023926,0.6806268095970154,0.8436546921730042,0.6538646817207336,0.7834203243255615,0.8269453644752502,0.7795858383178711,0.7677191495895386,0.7949046492576599,1.0233228206634521,0.7956376075744629,0.9931899309158325,0.8045645356178284,1.0505567789077759,0.8041399717330933,1.0046508312225342,0.7725626230239868,1.0940165519714355,0.7791747450828552,1.0632318258285522,0
0.7486999034881592,0.4973590075969696,0.7434146404266357,0.4821053147315979,0.743718683719635,0.48021936416625977,0.7440910935401917,0.47797709703445435,0.7433064579963684,0.4813799560070038,0.7434949278831482,0.4790426790714264,0.7437819838523865,0.4764600992202759,0.7498283982276917,0.4566825032234192,0.7496850490570068,0.4548022449016571,0.7561036944389343,0.4981161952018738,0.7557166218757629,0.4965614080429077,0.7892591953277588,0.49142587184906006,0.7882659435272217,0.4570458233356476,0.8214351534843445,0.6244670152664185,0.8220604658126831,0.5719493627548218,0.8327266573905945,0.7530484199523926,0.8320256471633911,0.7002019882202148,0.8373428583145142,0.7854928374290466,0.8335791230201721,0.731272280216217,0.8333902359008789,0.7892216444015503,0.832992672920227,0.736136257648468,0.8297505378723145,0.780124306678772,0.8334755301475525,0.7246682643890381,0.8468078970909119,0.6801803112030029,0.8426135778427124,0.651157021522522,0.7813637256622314,0.8222776651382446,0.7811548113822937,0.7584747076034546,0.7956100702285767,1.007843017578125,0.7968422174453735,0.9667508602142334,0.8050999641418457,1.0316535234451294,0.8068082928657532,0.9921804070472717,0.7732956409454346,1.0777678489685059,0.7807946801185608,1.0341076850891113,0
0.7497264742851257,0.5038356184959412,0.7446490526199341,0.48909512162208557,0.7450032234191895,0.4870973825454712,0.7454050183296204,0.4847618639469147,0.7443325519561768,0.4888538718223572,0.7444218397140503,0.4867786169052124,0.7446128129959106,0.48444998264312744,0.7508262991905212,0.4634888768196106,0.7505403757095337,0.462510347366333,0.756985604763031,0.5039235353469849,0.7565549612045288,0.5028827786445618,0.7905312776565552,0.4941074848175049,0.787337601184845,0.4690779745578766,0.8234831094741821,0.6285400390625,0.8197066187858582,0.5851672887802124,0.8336629271507263,0.766012966632843,0.8267581462860107,0.7141745090484619,0.8383263945579529,0.7975282073020935,0.8275173902511597,0.7449912428855896,0.8327423334121704,0.7996755242347717,0.8266280889511108,0.7505291104316711,0.8303467035293579,0.7930020689964294,0.8274180293083191,0.7388772368431091,0.8479128479957581,0.6802905797958374,0.8437538743019104,0.6580502390861511,0.781587541103363,0.822374701499939,0.7823448181152344,0.7686992883682251,0.8027099370956421,1.0121363401412964,0.803230881690979,0.975548505783081,0.8130667805671692,1.0346653461456299,0.8139286637306213,0.9988833069801331,0.7822703719139099,1.088111162185669,0.7887107133865356,1.0476317405700684,0
0.7520001530647278,0.5088338255882263,0.7468783855438232,0.49390339851379395,0.7471961975097656,0.4920802712440491,0.7475540637969971,0.4899289906024933,0.746586799621582,0.493404746055603,0.7467027306556702,0.49138566851615906,0.7468324899673462,0.48898744583129883,0.7528197765350342,0.46959343552589417,0.7525814771652222,0.4685746431350708,0.7588822841644287,0.5093064308166504,0.7585834860801697,0.5080761313438416,0.792323887348175,0.5030128955841064,0.7881788611412048,0.4780890941619873,0.8241228461265564,0.6401238441467285,0.8209105134010315,0.5908792614936829,0.8341184854507446,0.7768111824989319,0.8291788697242737,0.7201664447784424,0.8391014337539673,0.8063536882400513,0.8286393880844116,0.7518895864486694,0.8343717455863953,0.8077629804611206,0.8281716704368591,0.7576366662979126,0.832740843296051,0.7985693216323853,0.8291457295417786,0.7459583878517151,0.846476137638092,0.6890427470207214,0.8428044319152832,0.6672107577323914,0.7817118167877197,0.8285477161407471,0.7786692976951599,0.7780998945236206,0.804358720779419,1.0072648525238037,0.8027851581573486,0.9709658622741699,0.8154865503311157,1.0133455991744995,0.8134032487869263,0.9909507036209106,0.7877700924873352,1.0842466354370117,0.790591835975647,1.043182134628296,0
0.7537209987640381,0.5150206685066223,0.7489843368530273,0.5004044771194458,0.7492778897285461,0.49855703115463257,0.7495601177215576,0.49644094705581665,0.7486363649368286,0.5004298686981201,0.7487013339996338,0.4987391531467438,0.7487989068031311,0.49681568145751953,0.7549077272415161,0.47546809911727905,0.7545188069343567,0.4759431481361389,0.7607226967811584,0.5158225893974304,0.7602970004081726,0.5152565836906433,0.79412841796875,0.5115398168563843,0.7880107164382935,0.4880199432373047,0.8243810534477234,0.645373523235321,0.8187646269798279,0.6012646555900574,0.8337644934654236,0.7761146426200867,0.8275762796401978,0.7313492298126221,0.8398216962814331,0.8110645413398743,0.8285456895828247,0.7626118063926697,0.8349851369857788,0.813430666923523,0.8285750150680542,0.7674298882484436,0.8312326073646545,0.803138256072998,0.8294690251350403,0.7557098269462585,0.8469581604003906,0.6919300556182861,0.840928316116333,0.6696003675460815,0.7752029895782471,0.8208340406417847,0.7769113779067993,0.7791048884391785,0.8046243786811829,0.974928617477417,0.8051168918609619,0.9481126666069031,0.8151181936264038,0.9854212999343872,0.8151151537895203,0.9629552364349365,0.7930187582969666,1.049887776374817,0.797634482383728,1.0172858238220215,0
0.7549101710319519,0.5204342603683472,0.7504705190658569,0.5055169463157654,0.7507383823394775,0.5037093162536621,0.7509975433349609,0.501610517501831,0.7502155900001526,0.5055641531944275,0.7503133416175842,0.5039288997650146,0.750379204750061,0.5019850134849548,0.7562062740325928,0.48135000467300415,0.7559173703193665,0.48119670152664185,0.7622528076171875,0.522030770778656,0.7619041800498962,0.5211793780326843,0.7926099300384521,0.5195431709289551,0.7916646599769592,0.49571287631988525,0.8252464532852173,0.645893931388855,0.8227618932723999,0.6101617813110352,0.8348109722137451,0.7949286103248596,0.8293604850769043,0.7435572743415833,0.8396574258804321,0.8243651390075684,0.8297703266143799,0.7760485410690308,0.8350242972373962,0.8294232487678528,0.8292958736419678,0.7819935083389282,0.8328267931938171,0.8173826336860657,0.8303704857826233,0.769382119178772,0.8449863791465759,0.705472469329834,0.8427132368087769,0.6854887008666992,0.7779417037963867,0.8323014974594116,0.7784391641616821,0.7962285280227661,0.8106371164321899,0.9995256066322327,0.8079138994216919,0.9784382581710815,0.8213092088699341,1.0118268728256226,0.8138455748558044,0.9994813799858093,0.7988473773002625,1.0756672620773315,0.799129068851471,1.0515172481536865,0
0.7570493221282959,0.5274077653884888,0.7527173161506653,0.5112749934196472,0.7529463171958923,0.5095831155776978,0.7531490921974182,0.5076623558998108,0.7524285912513733,0.5112379789352417,0.7524885535240173,0.5096290111541748,0.7525444626808167,0.5077995657920837,0.7582547664642334,0.4877789616584778,0.7580726146697998,0.48755884170532227,0.7635937929153442,0.5292758941650391,0.763279378414154,0.52823805809021,0.7965210676193237,0.5296005010604858,0.7921092510223389,0.505905032157898,0.8258422613143921,0.6604042649269104,0.8232879042625427,0.6153910756111145,0.8335267305374146,0.7943558096885681,0.829971969127655,0.7500317096710205,0.8393841981887817,0.8291653394699097,0.8303004503250122,0.7827398777008057,0.8339758515357971,0.830260157585144,0.8302729725837708,0.7879208326339722,0.830160915851593,0.8209136128425598,0.8301263451576233,0.7745152115821838,0.8446571230888367,0.7166232466697693,0.8402291536331177,0.6951673626899719,0.7746906280517578,0.8289220929145813,0.7744141221046448,0.786486029624939,0.802497148513794,0.9906670451164246,0.8038575649261475,0.9545959234237671,0.8126242160797119,1.001648187637329,0.8145010471343994,0.9694172143936157,0.7904126644134521,1.0644159317016602,0.7955195307731628,1.0240885019302368,0
0.7591023445129395,0.5327394008636475,0.7551485300064087,0.5184097290039062,0.7553308010101318,0.5169310569763184,0.7554754614830017,0.5152718424797058,0.754888653755188,0.5183089375495911,0.7549126148223877,0.5168269276618958,0.7549054622650146,0.515148937702179,0.7603843808174133,0.49651020765304565,0.76002037525177,0.49533259868621826,0.7659992575645447,0.5348933339118958,0.7655460834503174,0.5338141918182373,0.79612797498703,0.5380721092224121,0.7937280535697937,0.5124731659889221,0.8259545564651489,0.6684862375259399,0.8208873867988586,0.62502121925354,0.8327229619026184,0.8093357086181641,0.8243331909179688,0.7558907270431519,0.8384333252906799,0.8401229381561279,0.8236858248710632,0.7868237495422363,0.8321134448051453,0.8422133326530457,0.8233216404914856,0.7932395339012146,0.8295264840126038,0.826977550983429,0.824733555316925,0.7816447615623474,0.8436726927757263,0.7232693433761597,0.8404704928398132,0.6986517906188965,0.7737880349159241,0.8316563963890076,0.7760427594184875,0.7892957925796509,0.8041732907295227,0.9930939078330994,0.805165708065033,0.960942268371582,0.8146126866340637,1.0046709775924683,0.8133903741836548,0.9836311340332031,0.7919192314147949,1.0668609142303467,0.7966273427009583,1.030266284942627,0
0.7607314586639404,0.5386260151863098,0.7573310732841492,0.5246484279632568,0.7579386234283447,0.5222504138946533,0.7582438588142395,0.5203900337219238,0.7570628523826599,0.5244621634483337,0.7575156688690186,0.5219684839248657,0.7576808929443359,0.5199710130691528,0.7639456987380981,0.5001143217086792,0.7635190486907959,0.4993523955345154,0.7675663232803345,0.5401260256767273,0.7671924829483032,0.5392961502075195,0.7979474067687988,0.5407218933105469,0.79415363073349,0.5188571810722351,0.8262720108032227,0.6667886972427368,0.8211178779602051,0.6262620687484741,0.8335553407669067,0.8093776106834412,0.8249384760856628,0.757046639919281,0.8386589884757996,0.8401551842689514,0.8244630694389343,0.788271963596344,0.8342560529708862,0.8462772965431213,0.8242825269699097,0.7938827872276306,0.8302566409111023,0.8357507586479187,0.8256297707557678,0.7822486162185669,0.8451321125030518,0.7242515683174133,0.8415293097496033,0.7032912969589233,0.7718656063079834,0.8361157178878784,0.7762132287025452,0.7931324243545532,0.8069971203804016,0.984454870223999,0.807843804359436,0.9516995549201965,0.817707896232605,0.991371750831604,0.818114161491394,0.9642347693443298,0.7983748316764832,1.0592468976974487,0.8022695183753967,1.0199759006500244,0
0.7649906873703003,0.5444510579109192,0.7613877654075623,0.528876781463623,0.7616593837738037,0.5269120931625366,0.7622023224830627,0.5239251255989075,0.7609102129936218,0.5297616720199585,0.7608985900878906,0.5284661054611206,0.7608581781387329,0.5269565582275391,0.7681592106819153,0.5050914287567139,0.7659508585929871,0.5098130702972412,0.7722026109695435,0.545149028301239,0.771406352519989,0.544918954372406,0.8035573363304138,0.55082106590271,0.7965653538703918,0.5269324779510498,0.8304388523101807,0.6878019571304321,0.8211261630058289,0.6405274868011475,0.8347977995872498,0.8243411183357239,0.8240519165992737,0.7629783153533936,0.839693546295166,0.8546390533447266,0.8234874606132507,0.7924957871437073,0.8336907029151917,0.8553215265274048,0.8234639167785645,0.7966949939727783,0.8303309082984924,0.8462511897087097,0.8249958753585815,0.7860898971557617,0.8460812568664551,0.734684944152832,0.8398933410644531,0.7178558111190796,0.7727071642875671,0.8336182236671448,0.7691893577575684,0.8064508438110352,0.7963202595710754,0.9856480956077576,0.8034217953681946,0.9598425030708313,0.8095213770866394,0.9892140030860901,0.8134649395942688,0.9744184017181396,0.7886765003204346,1.0518262386322021,0.7964684963226318,1.0273845195770264,0
0.7662774920463562,0.5492018461227417,0.7634710073471069,0.5349631309509277,0.7642908096313477,0.5322476625442505,0.7646307349205017,0.530360758304596,0.763226330280304,0.5349695086479187,0.7632495760917664,0.5336595177650452,0.7638343572616577,0.5307441353797913,0.7710132598876953,0.5104694366455078,0.7698397040367126,0.5127665996551514,0.7747753858566284,0.5496697425842285,0.7731221318244934,0.5503531098365784,0.8068145513534546,0.5640344619750977,0.7988972663879395,0.5388672351837158,0.8351112604141235,0.6998471021652222,0.8237183690071106,0.6468725204467773,0.8351790308952332,0.8317505717277527,0.8239181041717529,0.7739262580871582,0.8396793007850647,0.8628436923027039,0.8222812414169312,0.8052908778190613,0.8319472670555115,0.8654247522354126,0.822496771812439,0.809401273727417,0.8305047154426575,0.8516772389411926,0.8246474862098694,0.7982332706451416,0.8468502163887024,0.7425130009651184,0.8392519354820251,0.7246703505516052,0.771609365940094,0.8393957614898682,0.7736456394195557,0.7999120950698853,0.7997063398361206,0.979056715965271,0.8045064806938171,0.9512077569961548,0.8098145127296448,0.9842747449874878,0.8145390748977661,0.9633358716964722,0.788262128829956,1.05265474319458,0.7979203462600708,1.0189872980117798,0
0.768444836139679,0.5536053776741028,0.7663463354110718,0.53935706615448,0.7666327953338623,0.537743091583252,0.766895055770874,0.5359356999397278,0.7660342454910278,0.5395200848579407,0.7661265134811401,0.538040041923523,0.7661601305007935,0.5361728668212891,0.7729415893554688,0.5174225568771362,0.7721949815750122,0.5176466703414917,0.776969313621521,0.5553604364395142,0.775413453578949,0.555962324142456,0.8067257404327393,0.5681288838386536,0.8010912537574768,0.5427201986312866,0.8370142579078674,0.6982256174087524,0.8274922370910645,0.6588919162750244,0.8353936076164246,0.8331024646759033,0.8253260850906372,0.7902291417121887,0.8364982604980469,0.8689099550247192,0.8229703903198242,0.8220120668411255,0.8303403258323669,0.8678590655326843,0.8227613568305969,0.8269016146659851,0.828740119934082,0.8521557450294495,0.8251065611839294,0.8152714371681213,0.8483452796936035,0.7587698698043823,0.8437725901603699,0.7351025342941284,0.770331621170044,0.8426860570907593,0.7671968936920166,0.8062407374382019,0.8028479814529419,1.0025911331176758,0.8039252758026123,0.9578279256820679,0.8143775463104248,1.0116207599639893,0.8149793744087219,0.9721355438232422,0.7894454598426819,1.0781924724578857,0.794532060623169,1.0263066291809082,0
0.7726218700408936,0.559211790561676,0.7704193592071533,0.5449680685997009,0.770658016204834,0.5433802604675293,0.7708854079246521,0.5416009426116943,0.7703210711479187,0.5449888110160828,0.7704851627349854,0.5433216691017151,0.7706668972969055,0.5414519906044006,0.7770435810089111,0.524183988571167,0.7766567468643188,0.5230038166046143,0.7808024883270264,0.5611666440963745,0.7803149223327637,0.5601895451545715,0.8064585328102112,0.5883806943893433,0.8108766078948975,0.5386507511138916,0.833296000957489,0.7309879064559937,0.833674967288971,0.6522014737129211,0.8336419463157654,0.8383445739746094,0.824453592300415,0.7574358582496643,0.8362844586372375,0.8711480498313904,0.8201373219490051,0.7790049314498901,0.8284202218055725,0.8705533742904663,0.8185738921165466,0.7860756516456604,0.8273510336875916,0.8534157276153564,0.8214526772499084,0.7787758111953735,0.8482728004455566,0.763818085193634,0.8491206169128418,0.7275331020355225,0.7713891863822937,0.8442781567573547,0.7714298963546753,0.7932366728782654,0.7997057437896729,1.000375509262085,0.8025392889976501,0.9555367231369019,0.8110177516937256,1.0103998184204102,0.8118224740028381,0.9745168685913086,0.7860493659973145,1.0642136335372925,0.7934433221817017,1.0147253274917603,0
0.7769924998283386,0.5658382177352905,0.7752074599266052,0.5513984560966492,0.7754218578338623,0.5499950647354126,0.775641679763794,0.5483654737472534,0.7753835320472717,0.5508569478988647,0.7756707072257996,0.5488740801811218,0.7759716510772705,0.5467532277107239,0.7820374965667725,0.5333955883979797,0.7821742296218872,0.5301297903060913,0.784996747970581,0.5693398714065552,0.7838440537452698,0.5686196684837341,0.8101164102554321,0.5936786532402039,0.8127853274345398,0.5551835298538208,0.8331454396247864,0.7375054359436035,0.8368813395500183,0.662866473197937,0.8330977559089661,0.846570611000061,0.8304569125175476,0.7551923990249634,0.8343597054481506,0.8754961490631104,0.8272689580917358,0.7746086120605469,0.8267693519592285,0.8713616132736206,0.8255979418754578,0.7787249684333801,0.8305076360702515,0.8599455952644348,0.8279245495796204,0.7724853754043579,0.8473802804946899,0.7785757184028625,0.8463447093963623,0.7497965693473816,0.7709697484970093,0.8430641889572144,0.7717806696891785,0.784103512763977,0.805176854133606,0.991775393486023,0.8050244450569153,0.9280321598052979,0.8171511292457581,1.0020480155944824,0.8148166537284851,0.9447830319404602,0.7924895286560059,1.0543619394302368,0.7843217253684998,0.9819011092185974,0
0.7795865535736084,0.5736089944839478,0.7772929668426514,0.5598431825637817,0.7775983810424805,0.5587202310562134,0.7779008150100708,0.5574116706848145,0.7773209810256958,0.5588232278823853,0.7776505351066589,0.556950569152832,0.7778168320655823,0.554260790348053,0.7845199108123779,0.5432121753692627,0.7848078012466431,0.53697669506073,0.7867135405540466,0.5786378979682922,0.7862145304679871,0.5764663815498352,0.8126205801963806,0.6014230251312256,0.8130329251289368,0.5625733137130737,0.8341599702835083,0.740748405456543,0.8257614970207214,0.6672142148017883,0.8305169939994812,0.8496954441070557,0.8125125765800476,0.7547335624694824,0.8320426940917969,0.8795080184936523,0.807709813117981,0.7729240655899048,0.8248395919799805,0.8757858872413635,0.8057836294174194,0.7774173021316528,0.8244365453720093,0.8582512140274048,0.808581531047821,0.7720105051994324,0.8498177528381348,0.7826333045959473,0.8441250324249268,0.7563987970352173,0.7720102071762085,0.8426158428192139,0.7712878584861755,0.7896788716316223,0.8046173453330994,0.9854822158813477,0.8037275075912476,0.9316666722297668,0.8165464997291565,0.9931511282920837,0.8135534524917603,0.9471745491027832,0.7930503487586975,1.0516846179962158,0.7949662804603577,0.9903892874717712,0
0.7841488718986511,0.5758025050163269,0.7821829915046692,0.5609207153320312,0.7826173305511475,0.5595766305923462,0.7830519676208496,0.558057963848114,0.7821010947227478,0.5604349374771118,0.7824805378913879,0.5587786436080933,0.7827131748199463,0.5562813878059387,0.7906292080879211,0.5438677072525024,0.7901476621627808,0.5413541197776794,0.7918327450752258,0.5806620717048645,0.7901543378829956,0.580264151096344,0.8200966715812683,0.601294994354248,0.816182017326355,0.5710309147834778,0.8357959389686584,0.7487742304801941,0.8273070454597473,0.6801362037658691,0.818178117275238,0.8458724021911621,0.8065940141677856,0.7581890225410461,0.812956690788269,0.8694189786911011,0.7997274398803711,0.7736932039260864,0.8084002733230591,0.8560966849327087,0.7970815896987915,0.7767914533615112,0.8093910813331604,0.8544571399688721,0.8008596301078796,0.7724927067756653,0.853573739528656,0.7870847582817078,0.8463047742843628,0.7644895911216736,0.7769408226013184,0.8362752199172974,0.773578941822052,0.792220413684845,0.8065671920776367,1.0008755922317505,0.8002792596817017,0.9460257887840271,0.8173902630805969,1.0155513286590576,0.8101411461830139,0.9653278589248657,0.7911566495895386,1.0643318891525269,0.7794153094291687,0.9947657585144043,0
0.7870959043502808,0.5757580995559692,0.7857372164726257,0.5612521171569824,0.7863558530807495,0.5602612495422363,0.787518322467804,0.5585552453994751,0.7852526307106018,0.5594979524612427,0.7856765985488892,0.5578051805496216,0.7861040830612183,0.5558004379272461,0.7962226271629333,0.5445530414581299,0.7944672107696533,0.5417047739028931,0.7949346899986267,0.5816189050674438,0.7936171293258667,0.5789076089859009,0.8251071572303772,0.6062347888946533,0.8191662430763245,0.5676307082176208,0.8323632478713989,0.7586516737937927,0.8170480132102966,0.6340983510017395,0.8172569274902344,0.8459102511405945,0.7961017489433289,0.6814162135124207,0.814644455909729,0.868462860584259,0.7900857329368591,0.6886652708053589,0.8116504549980164,0.8603726625442505,0.7874357104301453,0.6920433044433594,0.813112199306488,0.8483380079269409,0.7905043959617615,0.6928728222846985,0.8537841439247131,0.7945690155029297,0.8449182510375977,0.7637593150138855,0.7791653275489807,0.8423562049865723,0.7773558497428894,0.7793710827827454,0.8042744398117065,0.9972415566444397,0.800792932510376,0.9435882568359375,0.814625084400177,1.0119589567184448,0.8109323382377625,0.9629852175712585,0.7880463600158691,1.0572571754455566,0.7789906859397888,0.9942363500595093,0
0.7905071973800659,0.5753791332244873,0.7902278900146484,0.5592367649078369,0.7908631563186646,0.558611273765564,0.7919257879257202,0.5575456619262695,0.789882481098175,0.5574182868003845,0.7902962565422058,0.5555664896965027,0.7906152009963989,0.5527097582817078,0.7998528480529785,0.5488399267196655,0.7990302443504333,0.5417271852493286,0.7984656095504761,0.5826579928398132,0.7965421080589294,0.5800555944442749,0.8300594687461853,0.6166953444480896,0.8217548727989197,0.5684808492660522,0.834968090057373,0.7713977098464966,0.8215315937995911,0.6482335329055786,0.8175051808357239,0.8400827646255493,0.7994232177734375,0.7101964950561523,0.8120557069778442,0.8636593222618103,0.7927128076553345,0.7211927771568298,0.811934232711792,0.8464670181274414,0.7907422184944153,0.7251437306404114,0.813661515712738,0.8367218375205994,0.7942666411399841,0.724815845489502,0.8526923656463623,0.7982590198516846,0.843759298324585,0.7594975233078003,0.7808511853218079,0.8427061438560486,0.7780712842941284,0.7716686725616455,0.8044965267181396,0.9902806878089905,0.8017253875732422,0.9283506870269775,0.8143288493156433,1.0037999153137207,0.8116287589073181,0.9472442269325256,0.7877373099327087,1.0457340478897095,0.7825096249580383,0.9753705263137817,0
0.79543536901474,0.5667011737823486,0.7940175533294678,0.5493704676628113,0.7946473956108093,0.5486345887184143,0.7957051992416382,0.5475047826766968,0.7936539649963379,0.5481200814247131,0.7940289378166199,0.5465906858444214,0.7944910526275635,0.5449086427688599,0.805909276008606,0.5372148752212524,0.8033101558685303,0.5339328050613403,0.8022227883338928,0.5740622282028198,0.8013577461242676,0.5716452598571777,0.8346198201179504,0.6004720330238342,0.8258480429649353,0.5616590976715088,0.8381957411766052,0.7517951726913452,0.82291179895401,0.6532995104789734,0.819675862789154,0.8358529210090637,0.8079137206077576,0.7223637700080872,0.8223519325256348,0.8667764663696289,0.8030096292495728,0.7385364770889282,0.8171752691268921,0.8511859178543091,0.8020501732826233,0.7397527694702148,0.8183833360671997,0.8405554890632629,0.8048557639122009,0.7365145087242126,0.8531965613365173,0.7949506640434265,0.8424152731895447,0.7641156315803528,0.7797994613647461,0.84120774269104,0.774976372718811,0.7854622006416321,0.8026869893074036,0.9987204074859619,0.8002970814704895,0.9251435399055481,0.812481164932251,1.0129587650299072,0.8099386692047119,0.9416836500167847,0.7860466837882996,1.0577622652053833,0.7783380746841431,0.9791921377182007,0
0.8008409738540649,0.5602290034294128,0.8000503182411194,0.5438312292098999,0.8011929988861084,0.5429204702377319,0.802129864692688,0.5418500900268555,0.7994521856307983,0.5422941446304321,0.7997615337371826,0.5407251119613647,0.8000675439834595,0.5382553339004517,0.8121533393859863,0.5289949774742126,0.808531641960144,0.5279691219329834,0.8080388903617859,0.5693820118904114,0.8069384098052979,0.5662459135055542,0.848084568977356,0.5985221266746521,0.8236429691314697,0.5477989912033081,0.8455235958099365,0.7540826201438904,0.8075610995292664,0.620305061340332,0.8250675797462463,0.8575266003608704,0.7973790168762207,0.7027367353439331,0.8247809410095215,0.8860636949539185,0.7937447428703308,0.7237920761108398,0.8182603120803833,0.8834419250488281,0.7950615882873535,0.7255278825759888,0.8192383646965027,0.8701538443565369,0.7974942922592163,0.7222347259521484,0.8532084226608276,0.7955472469329834,0.8371814489364624,0.7574047446250916,0.7812131643295288,0.8673127889633179,0.7678704261779785,0.7909200191497803,0.8101975917816162,1.0093439817428589,0.7973746657371521,0.9301890730857849,0.8215020298957825,1.0133755207061768,0.8085564374923706,0.9388967752456665,0.7987953424453735,1.083937406539917,0.7784348726272583,0.9918025135993958,0
0.8030164837837219,0.5512919425964355,0.8018553256988525,0.5321506261825562,0.8025109171867371,0.5311716794967651,0.8032386302947998,0.5298783779144287,0.8014985918998718,0.5312163233757019,0.8019152283668518,0.5296730399131775,0.8024444580078125,0.5278795957565308,0.8132725954055786,0.519370436668396,0.8116904497146606,0.517773449420929,0.8095013499259949,0.5607472062110901,0.8088865876197815,0.5589388608932495,0.8449727892875671,0.5864052176475525,0.8312371373176575,0.5642709732055664,0.8442227244377136,0.7508546113967896,0.831518292427063,0.6906867027282715,0.8264254331588745,0.8532636165618896,0.814649224281311,0.7895762324333191,0.8262515664100647,0.8855980634689331,0.8088942766189575,0.8149524331092834,0.8208006024360657,0.8778656721115112,0.8085219860076904,0.8161121606826782,0.8204470872879028,0.8629436492919922,0.8119730353355408,0.8088868856430054,0.852003812789917,0.7996039390563965,0.8391040563583374,0.7701897025108337,0.7817348837852478,0.8644609451293945,0.7690306305885315,0.7836445569992065,0.8080503940582275,1.0108299255371094,0.8054565191268921,0.9223045706748962,0.8229735493659973,1.0327587127685547,0.8167325258255005,0.9319189190864563,0.803282618522644,1.093904972076416,0.7975764870643616,0.9863893985748291,0
0.803687572479248,0.5398657321929932,0.8043121695518494,0.5201727151870728,0.8050473928451538,0.5193434953689575,0.8061061501502991,0.5181605219841003,0.8036938309669495,0.5192375183105469,0.8040217161178589,0.5178155899047852,0.8044341802597046,0.5161524415016174,0.8155853152275085,0.5122989416122437,0.8119730353355408,0.5087620615959167,0.8104779124259949,0.5522215366363525,0.8085300922393799,0.5489767789840698,0.8451828360557556,0.5919764041900635,0.8290665149688721,0.5486103296279907,0.8386479020118713,0.7488851547241211,0.8177440166473389,0.650669515132904,0.8173094391822815,0.8528633117675781,0.7998250126838684,0.7572087645530701,0.8153966665267944,0.876908004283905,0.793782651424408,0.7827420830726624,0.8085101246833801,0.8656179904937744,0.7946140766143799,0.7860813736915588,0.8108784556388855,0.8607690930366516,0.7980315685272217,0.7805687189102173,0.8526714444160461,0.7947213649749756,0.8412032127380371,0.7590654492378235,0.784246563911438,0.8523954749107361,0.7815319299697876,0.7842719554901123,0.8008691072463989,1.0033987760543823,0.8026953935623169,0.9302594661712646,0.8137657046318054,1.0311682224273682,0.8126193881034851,0.9464280605316162,0.784616231918335,1.075947880744934,0.7793574929237366,0.9816479086875916,0
0.805500328540802,0.5262707471847534,0.8060502409934998,0.5071766376495361,0.8068234324455261,0.5064148902893066,0.8076556921005249,0.5054205656051636,0.8056097626686096,0.5065099000930786,0.8061412572860718,0.5053172707557678,0.8068229556083679,0.5039015412330627,0.8175031542778015,0.5022186040878296,0.8160696625709534,0.4983593225479126,0.8119110465049744,0.539029598236084,0.8109050393104553,0.537396252155304,0.8449242115020752,0.5822621583938599,0.8382142782211304,0.5543010234832764,0.8423728346824646,0.7506802082061768,0.8390489816665649,0.6881195306777954,0.8179640173912048,0.8476153612136841,0.8122050762176514,0.771153450012207,0.8138274550437927,0.8772943615913391,0.8042593598365784,0.7896000146865845,0.8063632249832153,0.8735483288764954,0.802031934261322,0.790513277053833,0.8084058165550232,0.8616763949394226,0.8061205148696899,0.7861326336860657,0.8517269492149353,0.8005331158638,0.8446109890937805,0.7715137600898743,0.7801398634910583,0.8559597730636597,0.7737213373184204,0.7844234704971313,0.810519278049469,1.0271809101104736,0.8095356822013855,0.9220247268676758,0.821824848651886,1.0364049673080444,0.8202230334281921,0.9324692487716675,0.8004331588745117,1.096182107925415,0.8013437390327454,0.9841184020042419,0
0.8068452477455139,0.5146644711494446,0.8069765567779541,0.49492737650871277,0.8077678680419922,0.49371039867401123,0.8086950778961182,0.4923531413078308,0.8066255450248718,0.4951449930667877,0.8071608543395996,0.4941522479057312,0.8078970313072205,0.4929589033126831,0.819319486618042,0.4878089725971222,0.8186959028244019,0.4874628186225891,0.8125941157341003,0.5299712419509888,0.8121532797813416,0.5289888978004456,0.8484583497047424,0.5639089345932007,0.839350700378418,0.5547094345092773,0.8462207913398743,0.7358406782150269,0.8385570645332336,0.7064756155014038,0.8182743787765503,0.8345657587051392,0.8135277032852173,0.7922943234443665,0.8105527758598328,0.8645389676094055,0.8060207962989807,0.8128077387809753,0.8090295195579529,0.858049213886261,0.8040323853492737,0.8112773299217224,0.808485209941864,0.846562385559082,0.8081410527229309,0.8054052591323853,0.8538551926612854,0.8037469387054443,0.8438868522644043,0.7730469703674316,0.7788413166999817,0.8472163677215576,0.7742018103599548,0.784358024597168,0.8118600845336914,1.0064067840576172,0.8102632164955139,0.9285630583763123,0.826958417892456,1.031898021697998,0.820988118648529,0.9392858147621155,0.8068098425865173,1.0966665744781494,0.8039134740829468,0.9927246570587158,0
0.8092907667160034,0.5102177858352661,0.8097624778747559,0.4899290204048157,0.8105852603912354,0.4887549579143524,0.8115045428276062,0.48749852180480957,0.8093639016151428,0.4903123080730438,0.809890866279602,0.48944908380508423,0.8105987310409546,0.48841819167137146,0.8219406008720398,0.48529571294784546,0.8210036754608154,0.48502519726753235,0.8147221803665161,0.5254326462745667,0.8141747713088989,0.5247142910957336,0.8505364656448364,0.5624122023582458,0.840359628200531,0.5544614791870117,0.8456902503967285,0.7282511591911316,0.8344888091087341,0.6985819339752197,0.8153347373008728,0.8192685842514038,0.8064853549003601,0.7766074538230896,0.8078986406326294,0.8541290760040283,0.7981910109519958,0.7955348491668701,0.8051201701164246,0.8393667936325073,0.7963818311691284,0.7935101985931396,0.8052377700805664,0.8333367705345154,0.8006833791732788,0.7883614301681519,0.8558827042579651,0.8048521876335144,0.8464711904525757,0.7786461114883423,0.7791123986244202,0.8464330434799194,0.7777146697044373,0.7842156887054443,0.8082905411720276,1.0044409036636353,0.8087620139122009,0.9297473430633545,0.8264102339744568,1.029683232307434,0.8190366625785828,0.9413785338401794,0.8065980672836304,1.0943145751953125,0.8017781972885132,0.9942312836647034,0
0.8097221851348877,0.5041603446006775,0.8106847405433655,0.4846365749835968,0.8115819692611694,0.4834913909435272,0.8126327991485596,0.4822552800178528,0.8101895451545715,0.4854199290275574,0.8106856346130371,0.4848489761352539,0.811369776725769,0.4840947091579437,0.8237065076828003,0.4808894395828247,0.8209287524223328,0.4819580912590027,0.8153302073478699,0.5204665064811707,0.8144223093986511,0.5197899341583252,0.8512828350067139,0.566513180732727,0.8362751007080078,0.5577878952026367,0.846747875213623,0.7179678678512573,0.8310728073120117,0.691817045211792,0.8154966831207275,0.826820433139801,0.7941198348999023,0.7635589241981506,0.8092876672744751,0.8494459986686707,0.7908591628074646,0.7952518463134766,0.8039142489433289,0.8412474393844604,0.7892121076583862,0.7940106987953186,0.803238034248352,0.8270887136459351,0.7939261198043823,0.7883340716362,0.8567583560943604,0.8054426908493042,0.8426588177680969,0.7784435749053955,0.7812739014625549,0.8624212741851807,0.7727121710777283,0.7911054491996765,0.8106676936149597,1.0165818929672241,0.8054789304733276,0.9422561526298523,0.8236779570579529,1.02442467212677,0.8164545297622681,0.9543136358261108,0.8050923943519592,1.1049103736877441,0.7966698408126831,1.008924961090088,0
0.8105050325393677,0.5019119381904602,0.8117232918739319,0.48339444398880005,0.8125452995300293,0.48231518268585205,0.8136221170425415,0.4811292886734009,0.8113667964935303,0.48445525765419006,0.8119007349014282,0.4840208888053894,0.8125983476638794,0.4834115505218506,0.8245176076889038,0.4812600314617157,0.8227958679199219,0.48178330063819885,0.8155509829521179,0.5176560878753662,0.8148917555809021,0.5172587633132935,0.8497424125671387,0.5656750798225403,0.839179277420044,0.5571475028991699,0.8471243977546692,0.7157639265060425,0.833846926689148,0.6882392764091492,0.8156794309616089,0.8133499026298523,0.8031855225563049,0.7638790011405945,0.8107544183731079,0.8438449501991272,0.7942373752593994,0.7823818325996399,0.8048903942108154,0.8282843828201294,0.7921974658966064,0.7808961868286133,0.8052229881286621,0.8228914141654968,0.7967178225517273,0.7758934497833252,0.8553972244262695,0.8048748970031738,0.8434615731239319,0.7792567014694214,0.7805590033531189,0.8495222926139832,0.7752857804298401,0.7992424368858337,0.8152036666870117,1.0104217529296875,0.8051120638847351,0.9627259969711304,0.8268812298774719,1.018031120300293,0.815873920917511,0.9762493371963501,0.8066389560699463,1.082261323928833,0.7950263619422913,1.0281496047973633,0
0.8094308972358704,0.4997040033340454,0.8111497163772583,0.48195335268974304,0.8119304776191711,0.4809768497943878,0.8129614591598511,0.47993558645248413,0.8109514713287354,0.48255017399787903,0.8116103410720825,0.48191866278648376,0.8124248385429382,0.4810779094696045,0.8239539861679077,0.4822530150413513,0.8231282234191895,0.48076486587524414,0.8144136071205139,0.5161722302436829,0.8139064908027649,0.5155247449874878,0.845478355884552,0.5684141516685486,0.8419078588485718,0.5554739236831665,0.8411341905593872,0.7254023551940918,0.8272492289543152,0.6880063414573669,0.805718183517456,0.8048050999641418,0.8018633127212524,0.7635961771011353,0.7993900775909424,0.823313295841217,0.7930886149406433,0.7774975299835205,0.794540286064148,0.8166446089744568,0.7905519604682922,0.7746136784553528,0.7978705167770386,0.8005867004394531,0.7949649095535278,0.77129727602005,0.8526676893234253,0.8063890933990479,0.8442108631134033,0.7785991430282593,0.778930127620697,0.8486626148223877,0.779253363609314,0.8005813360214233,0.816017746925354,1.0171914100646973,0.8066571354866028,0.9605200886726379,0.8281234502792358,1.0273420810699463,0.817209005355835,0.9757540225982666,0.8068443536758423,1.0860910415649414,0.7966821789741516,1.0232875347137451,0
0.8094115257263184,0.49922603368759155,0.8114221692085266,0.4810439646244049,0.8123937249183655,0.48007747530937195,0.8134638667106628,0.47912827134132385,0.8110339641571045,0.48158976435661316,0.8116034865379333,0.48093143105506897,0.8123003840446472,0.48008424043655396,0.8246757984161377,0.48234042525291443,0.8228537440299988,0.4809359014034271,0.8142560124397278,0.5156767964363098,0.8134431838989258,0.5153294205665588,0.8474938869476318,0.5667057037353516,0.8382517099380493,0.5624574422836304,0.8442681431770325,0.723016619682312,0.8277985453605652,0.6895079612731934,0.8109467625617981,0.8070513606071472,0.8055562973022461,0.7728713750839233,0.8067319989204407,0.8375407457351685,0.797666072845459,0.7893684506416321,0.8046605587005615,0.8205990791320801,0.7951957583427429,0.7867918014526367,0.8035008311271667,0.8051633238792419,0.7994385957717896,0.782241702079773,0.8549452424049377,0.8007310032844543,0.8438215851783752,0.7800428867340088,0.7866381406784058,0.8642033338546753,0.7806662917137146,0.8130522966384888,0.8175058364868164,1.0225142240524292,0.8069158792495728,0.9735580682754517,0.8261553645133972,1.0067003965377808,0.817293643951416,0.989098310470581,0.8079442381858826,1.0919489860534668,0.7959882616996765,1.0373307466506958,0
0.8093221783638,0.5024199485778809,0.8112008571624756,0.48314958810806274,0.812167763710022,0.4819042980670929,0.8132741451263428,0.4806015193462372,0.8106942176818848,0.48416072130203247,0.8111967444419861,0.48361173272132874,0.8118404746055603,0.48281970620155334,0.8251992464065552,0.48245516419410706,0.821998119354248,0.48277923464775085,0.8141492009162903,0.5181030035018921,0.8132652640342712,0.5182000398635864,0.8490270972251892,0.5623528957366943,0.8312594294548035,0.5690836906433105,0.8461438417434692,0.7079750895500183,0.8220125436782837,0.6920113563537598,0.8118256330490112,0.8069092035293579,0.7992010116577148,0.7694492936134338,0.8072599768638611,0.8372219800949097,0.7909001708030701,0.7878886461257935,0.8009308576583862,0.8219348192214966,0.7886790633201599,0.7858161330223083,0.8053420782089233,0.8143003582954407,0.7931248545646667,0.7806422710418701,0.8554665446281433,0.7994027733802795,0.8408647179603577,0.7827045321464539,0.7860829830169678,0.8646104335784912,0.7778633832931519,0.8158585429191589,0.8187540769577026,1.0185878276824951,0.8072907328605652,0.9780020713806152,0.8276286125183105,1.0036615133285522,0.8182924389839172,0.9930586218833923,0.8105730414390564,1.0910940170288086,0.7969449162483215,1.045191764831543,0
0.8086566925048828,0.5054064393043518,0.8106973171234131,0.4859065115451813,0.8116083145141602,0.4845969080924988,0.8127281069755554,0.483165979385376,0.8101863861083984,0.48699116706848145,0.8107426166534424,0.4864041209220886,0.8114737868309021,0.48557040095329285,0.8237738609313965,0.4842037260532379,0.8205171227455139,0.4854851961135864,0.8137060403823853,0.5205686092376709,0.8127937912940979,0.5209112167358398,0.8487209677696228,0.5600273609161377,0.8297288417816162,0.5713778138160706,0.8490735292434692,0.7037166357040405,0.817839503288269,0.6899722814559937,0.8146468997001648,0.8002631068229675,0.7975339293479919,0.7664660811424255,0.8122660517692566,0.8303354978561401,0.789385199546814,0.7857973575592041,0.806751012802124,0.8157203197479248,0.7875388264656067,0.7834154367446899,0.8068090677261353,0.8092518448829651,0.7918978929519653,0.7777531147003174,0.8547536730766296,0.7937583923339844,0.8405012488365173,0.7775684595108032,0.7863483428955078,0.8631869554519653,0.7755717039108276,0.8122976422309875,0.8152028918266296,1.0148528814315796,0.803933322429657,0.9692232012748718,0.826093316078186,1.023679494857788,0.8148353695869446,0.983411967754364,0.8058158755302429,1.0856096744537354,0.7928205132484436,1.0358330011367798,0
0.8077928423881531,0.5038931369781494,0.809590220451355,0.48488783836364746,0.8103554844856262,0.48358193039894104,0.8113524913787842,0.48222458362579346,0.8092430233955383,0.48602551221847534,0.809747576713562,0.4854445457458496,0.810391366481781,0.4846436083316803,0.8220313191413879,0.4840983748435974,0.8204163312911987,0.4845387041568756,0.8119985461235046,0.5179615020751953,0.8112654089927673,0.5181764960289001,0.8464527726173401,0.560520589351654,0.8330751657485962,0.5628119111061096,0.843837559223175,0.7009640336036682,0.8186185956001282,0.6779123544692993,0.8162239193916321,0.7944338917732239,0.8002861142158508,0.746566891670227,0.8123869299888611,0.8250269293785095,0.793201744556427,0.7640539407730103,0.8056538105010986,0.8098735213279724,0.7910952568054199,0.7617204785346985,0.808738648891449,0.7966919541358948,0.7948203086853027,0.756859302520752,0.8542242050170898,0.7910354137420654,0.840498685836792,0.7766618728637695,0.7869958877563477,0.8561640381813049,0.7706818580627441,0.8010398149490356,0.8141061663627625,1.0064079761505127,0.8032851219177246,0.9570348262786865,0.8251237869262695,1.0160887241363525,0.8147122859954834,0.9704852104187012,0.8023729920387268,1.072558879852295,0.790697455406189,1.0211451053619385,0
0.8053784370422363,0.5033112168312073,0.8076720237731934,0.4853328764438629,0.8084006905555725,0.4841029942035675,0.8092236518859863,0.48286354541778564,0.8074721097946167,0.4861587584018707,0.8080633878707886,0.48545336723327637,0.8088112473487854,0.48455238342285156,0.8197176456451416,0.4838630259037018,0.8187894225120544,0.4840249717235565,0.8093684315681458,0.5169969201087952,0.808910071849823,0.5173002481460571,0.844337522983551,0.5575526356697083,0.8334758877754211,0.560969352722168,0.8424693942070007,0.699710488319397,0.8285835981369019,0.6891716122627258,0.817415177822113,0.7863773703575134,0.8071845769882202,0.7655035257339478,0.8135910630226135,0.8176210522651672,0.8014070391654968,0.785805344581604,0.80825275182724,0.8062148690223694,0.7997599244117737,0.7836087942123413,0.8114981651306152,0.8004938364028931,0.8029475808143616,0.7774417400360107,0.8521085381507874,0.7912936806678772,0.8418504595756531,0.7759764194488525,0.7795896530151367,0.8370290398597717,0.775728702545166,0.7964709997177124,0.8098719716072083,0.9996140003204346,0.7997825741767883,0.9533873796463013,0.8202683329582214,1.0131975412368774,0.8106778264045715,0.9700044393539429,0.7969027757644653,1.0595619678497314,0.7857433557510376,1.012568712234497,0
0.8044995069503784,0.505760669708252,0.8070381879806519,0.4876331388950348,0.8077244162559509,0.48645418882369995,0.8085124492645264,0.48527565598487854,0.8067126870155334,0.4886527955532074,0.8074169158935547,0.4879017174243927,0.8081262707710266,0.48706889152526855,0.8182652592658997,0.48717135190963745,0.8168830871582031,0.4876568913459778,0.8081797361373901,0.5188120603561401,0.807828962802887,0.5192152261734009,0.8401613831520081,0.5572616457939148,0.8302465081214905,0.5644178986549377,0.8408496379852295,0.6893205642700195,0.8270502090454102,0.6860403418540955,0.8190672993659973,0.7828883528709412,0.8064241409301758,0.7608472108840942,0.8154550194740295,0.8144391775131226,0.800800085067749,0.7814638614654541,0.8104225397109985,0.8021174669265747,0.7992039322853088,0.7790316939353943,0.8133435845375061,0.7960979342460632,0.8023360967636108,0.7727339863777161,0.8493906259536743,0.7890951037406921,0.8393626809120178,0.7721378803253174,0.7784619927406311,0.8353509902954102,0.7700799703598022,0.7954419255256653,0.8097537755966187,1.0010504722595215,0.7997797727584839,0.9495285153388977,0.8203725218772888,1.0133510828018188,0.8106991648674011,0.9642913341522217,0.796989381313324,1.061792254447937,0.7861878275871277,1.008407711982727,0
0.803009033203125,0.5085124373435974,0.805799126625061,0.4898459017276764,0.8066211342811584,0.48840710520744324,0.807459831237793,0.48705852031707764,0.8054994344711304,0.49100983142852783,0.8060038089752197,0.49044349789619446,0.8065842986106873,0.4897579550743103,0.8169469833374023,0.48837798833847046,0.8154782652854919,0.49000540375709534,0.8070403933525085,0.5213350057601929,0.8066103458404541,0.5222015380859375,0.8433781862258911,0.5559158325195312,0.8237435221672058,0.5784361362457275,0.84434974193573,0.6834169626235962,0.8171303272247314,0.6950125098228455,0.8167092204093933,0.7796079516410828,0.8032541275024414,0.7633442282676697,0.8129151463508606,0.8114187717437744,0.7976198792457581,0.7847835421562195,0.8082758784294128,0.8082777261734009,0.7960854172706604,0.7816762924194336,0.8113389015197754,0.7947468757629395,0.7993642091751099,0.7748542428016663,0.8510586619377136,0.785031795501709,0.8359528183937073,0.7749307751655579,0.7803096175193787,0.838092029094696,0.7693429589271545,0.7984057664871216,0.8104445934295654,0.9948968291282654,0.7960586547851562,0.950814425945282,0.8209390640258789,1.0069419145584106,0.8070520162582397,0.9660664796829224,0.7979776859283447,1.0562433004379272,0.7816563844680786,1.0090359449386597,0
0.8018055558204651,0.5123094320297241,0.8045393824577332,0.4935384690761566,0.8054276704788208,0.491902232170105,0.8063190579414368,0.4904806315898895,0.8040581345558167,0.4947667121887207,0.8045635223388672,0.494183748960495,0.8051255941390991,0.4935178756713867,0.8151684403419495,0.4897425174713135,0.8124117851257324,0.49299487471580505,0.806366503238678,0.5246204137802124,0.805663526058197,0.5254154801368713,0.8431515693664551,0.5537420511245728,0.8189859986305237,0.5881234407424927,0.8509883880615234,0.6727817058563232,0.8127358555793762,0.7041674256324768,0.8244484663009644,0.7731314897537231,0.8000063300132751,0.774798572063446,0.8209865689277649,0.801524817943573,0.7945575714111328,0.7985202074050903,0.8164547681808472,0.7984633445739746,0.7936064600944519,0.7946738004684448,0.8180522322654724,0.7858928442001343,0.7969627380371094,0.7871686220169067,0.8506873250007629,0.7823190689086914,0.8336778283119202,0.7732192873954773,0.7867069244384766,0.8426066637039185,0.7666916251182556,0.799813449382782,0.8093366026878357,0.996863842010498,0.7950229644775391,0.9476046562194824,0.8198750615119934,1.008520245552063,0.806674599647522,0.960533618927002,0.7967780232429504,1.0611772537231445,0.7808615565299988,1.0073463916778564,0
0.8003272414207458,0.5145596265792847,0.8030325770378113,0.4964047074317932,0.8038652539253235,0.49512168765068054,0.804774820804596,0.49387553334236145,0.8023861050605774,0.4977125823497772,0.8027983903884888,0.4972572922706604,0.8032737374305725,0.4967358708381653,0.814570963382721,0.49337223172187805,0.8121382594108582,0.4967506527900696,0.8047516345977783,0.5261779427528381,0.8039610981941223,0.5275703072547913,0.8413480520248413,0.5530504584312439,0.8204778432846069,0.5856892466545105,0.8491033911705017,0.6690544486045837,0.8186140060424805,0.6980911493301392,0.8258056044578552,0.7680392861366272,0.8057945966720581,0.7724981904029846,0.8234633207321167,0.7964698076248169,0.8010808229446411,0.7952354550361633,0.8184571862220764,0.7868682146072388,0.7995597720146179,0.7911547422409058,0.8182356357574463,0.7803966999053955,0.8025822639465332,0.7835191488265991,0.8513575196266174,0.7816072702407837,0.8359453678131104,0.7787931561470032,0.7839330434799194,0.8412913680076599,0.7658740282058716,0.7999950647354126,0.8113008737564087,0.994914710521698,0.7944138050079346,0.9573215246200562,0.8224930763244629,1.0058363676071167,0.8060212135314941,0.9703800082206726,0.8005388975143433,1.060652494430542,0.7806766629219055,1.019547462463379,0
0.7998113632202148,0.5186558961868286,0.8022377490997314,0.5004791021347046,0.8031313419342041,0.49904656410217285,0.8041405081748962,0.497597873210907,0.8015177845954895,0.5020105838775635,0.8019291162490845,0.5015926361083984,0.8024333119392395,0.5011309385299683,0.8141950964927673,0.4964981973171234,0.8097746968269348,0.5021713972091675,0.8042010068893433,0.5299190282821655,0.803386390209198,0.5314452648162842,0.8430939316749573,0.5525949597358704,0.8169628381729126,0.5947439670562744,0.851178765296936,0.6639426946640015,0.816235363483429,0.699432909488678,0.8278486728668213,0.7612799406051636,0.8051726222038269,0.771641731262207,0.8245453238487244,0.792086124420166,0.8000861406326294,0.7954994440078735,0.8204909563064575,0.7820674180984497,0.7986886501312256,0.7915804386138916,0.8202391862869263,0.7747939229011536,0.8018914461135864,0.7836596369743347,0.8504518866539001,0.7730913758277893,0.8308139443397522,0.776395320892334,0.7867240905761719,0.829318106174469,0.7675374746322632,0.7986428141593933,0.8123886585235596,0.994559109210968,0.7988337278366089,0.9529381990432739,0.8243566751480103,1.0082464218139648,0.811133086681366,0.9664801359176636,0.7992227673530579,1.0629781484603882,0.7843559980392456,1.0183228254318237,0
0.799548327922821,0.523110568523407,0.8019156455993652,0.5051085352897644,0.8028146624565125,0.5036574602127075,0.8038271069526672,0.5020236968994141,0.8011390566825867,0.5067631602287292,0.8015220761299133,0.5065025091171265,0.8019745945930481,0.506196141242981,0.814258337020874,0.500571608543396,0.8090937733650208,0.5072433948516846,0.8042290210723877,0.5341805815696716,0.8032782077789307,0.5357428789138794,0.8422467708587646,0.549079418182373,0.8160538673400879,0.5941268801689148,0.8521944284439087,0.6537439227104187,0.8200393915176392,0.6920106410980225,0.8303350806236267,0.749752938747406,0.8102694749832153,0.7641026377677917,0.8260383009910583,0.7785606384277344,0.8060067892074585,0.7869901061058044,0.8215644359588623,0.7690775990486145,0.8041930794715881,0.7823338508605957,0.8213156461715698,0.7569748163223267,0.8069977164268494,0.7744590640068054,0.8497962355613708,0.7705307602882385,0.8321314454078674,0.7756643891334534,0.7847182750701904,0.836444079875946,0.7724502086639404,0.806816816329956,0.8125900030136108,1.0009628534317017,0.7954505085945129,0.9682400226593018,0.8255783915519714,1.014407992362976,0.8069702982902527,0.9845559000968933,0.7986710667610168,1.0710034370422363,0.7799093127250671,1.035967230796814,0
0.798596978187561,0.5231102705001831,0.8007080554962158,0.5064346194267273,0.8016622066497803,0.504977285861969,0.8027655482292175,0.5033513307571411,0.7996553182601929,0.5083643794059753,0.7998774647712708,0.5082876682281494,0.8001816868782043,0.508151650428772,0.8131579756736755,0.5003340244293213,0.8071407675743103,0.5090681910514832,0.8032046556472778,0.5344059467315674,0.8020026087760925,0.5365078449249268,0.8417160511016846,0.5475327968597412,0.8133258819580078,0.6025413274765015,0.8486273288726807,0.6449946165084839,0.8122150301933289,0.7037206292152405,0.8285784125328064,0.7389888763427734,0.8019350171089172,0.7632082104682922,0.8248190879821777,0.7653573155403137,0.7978850603103638,0.7835085391998291,0.8193960785865784,0.7624024748802185,0.7954757213592529,0.7788532376289368,0.8205128908157349,0.751534640789032,0.7981112003326416,0.7721605896949768,0.8510599732398987,0.7678707242012024,0.8315680623054504,0.7820340991020203,0.7863977551460266,0.8424814343452454,0.7709808945655823,0.8080074787139893,0.8108288645744324,0.9916256070137024,0.7941598892211914,0.9688703417778015,0.8224101066589355,1.0022292137145996,0.8041660785675049,0.9834738373756409,0.7993996143341064,1.0614964962005615,0.7822204232215881,1.0399876832962036,0
0.7984927296638489,0.5269932746887207,0.8009676933288574,0.5102587938308716,0.8018808364868164,0.5089070796966553,0.8028691411018372,0.5074819326400757,0.8000766038894653,0.5122374296188354,0.8004028797149658,0.5121968984603882,0.8007651567459106,0.5121381282806396,0.8113312125205994,0.5064003467559814,0.8074671030044556,0.513817310333252,0.8031851649284363,0.5376063585281372,0.8021800518035889,0.5399647951126099,0.8380346298217773,0.5473407506942749,0.8122697472572327,0.6016303300857544,0.8457640409469604,0.636641263961792,0.8129290342330933,0.6979314684867859,0.8301718831062317,0.7285193204879761,0.8018255829811096,0.7564844489097595,0.8274374604225159,0.7538765072822571,0.7977261543273926,0.7747739553451538,0.8216368556022644,0.7516635656356812,0.7951197624206543,0.7709128856658936,0.8221297860145569,0.7408326864242554,0.7977400422096252,0.7647674679756165,0.8496177196502686,0.7620065808296204,0.8339021801948547,0.7763500809669495,0.7886092662811279,0.8300902843475342,0.7743892669677734,0.80721515417099,0.8142881393432617,0.9787403345108032,0.7945513129234314,0.9573391675949097,0.8260865211486816,0.9893834590911865,0.8039948344230652,0.9710544347763062,0.8036257028579712,1.050485372543335,0.7831183075904846,1.028836727142334,0
0.7986994981765747,0.5229707956314087,0.8013353943824768,0.5080777406692505,0.8024572730064392,0.506901204586029,0.8036649823188782,0.5054795742034912,0.8000360131263733,0.5104964971542358,0.8001956939697266,0.5111421346664429,0.799792468547821,0.5122694969177246,0.8133712410926819,0.5057821273803711,0.805949330329895,0.5186699628829956,0.8034275770187378,0.5343918800354004,0.8018010258674622,0.5382703542709351,0.8400843739509583,0.5473237633705139,0.8096359968185425,0.6165469288825989,0.8466095328330994,0.6299138069152832,0.8118728399276733,0.7159168124198914,0.8286067843437195,0.7154548168182373,0.8013466596603394,0.7706710696220398,0.8263189196586609,0.7403075098991394,0.796680212020874,0.7953345775604248,0.8214932084083557,0.7382391691207886,0.7965623736381531,0.7890990972518921,0.821367084980011,0.7321001291275024,0.7996918559074402,0.7815443873405457,0.8488306403160095,0.756310760974884,0.8296511769294739,0.7809913158416748,0.7935239672660828,0.8024947047233582,0.7724636793136597,0.822177529335022,0.81443852186203,0.9584789276123047,0.7864487171173096,0.9858503341674805,0.8264777064323425,0.9745738506317139,0.7954812049865723,1.0026729106903076,0.8010526895523071,1.0349233150482178,0.7730008363723755,1.0643020868301392,0
0.7994571924209595,0.5258777141571045,0.8023059964179993,0.5111586451530457,0.8036845922470093,0.5096507668495178,0.8053057193756104,0.5080609321594238,0.8002545237541199,0.5147812366485596,0.8001618981361389,0.5158342719078064,0.8001048564910889,0.5170274376869202,0.8141863346099854,0.5095484256744385,0.8050351142883301,0.5239184498786926,0.8048454523086548,0.5361369848251343,0.8020212054252625,0.5405915975570679,0.8410206437110901,0.5487427711486816,0.8086167573928833,0.616588294506073,0.845402717590332,0.6195622682571411,0.8081412315368652,0.7162122130393982,0.8297231197357178,0.7020601034164429,0.7990686893463135,0.7620641589164734,0.826009213924408,0.7269917130470276,0.795605480670929,0.7847167253494263,0.8217297196388245,0.7261216044425964,0.7952165007591248,0.7748984098434448,0.8218914866447449,0.7201710939407349,0.797827422618866,0.7687856554985046,0.8498453497886658,0.751186728477478,0.8256491422653198,0.7762003540992737,0.7907389998435974,0.7651920914649963,0.7704179883003235,0.818182647228241,0.8190443515777588,0.9494349956512451,0.7988426089286804,0.9732857942581177,0.8297885656356812,0.9632543921470642,0.8125402331352234,0.9818355441093445,0.8098978400230408,1.0377570390701294,0.7936117649078369,1.0586652755737305,0
0.8027949333190918,0.5403329133987427,0.804373562335968,0.5257377028465271,0.8057241439819336,0.5244033336639404,0.8069581389427185,0.5215531587600708,0.8016548156738281,0.5286527872085571,0.8014317154884338,0.529415488243103,0.8004431128501892,0.5304547548294067,0.8134288191795349,0.5214793682098389,0.8051286935806274,0.5332841873168945,0.8098731637001038,0.5494349598884583,0.8056867122650146,0.5532040596008301,0.8398745656013489,0.5554617047309875,0.8080849647521973,0.6043961048126221,0.8462132811546326,0.6338768601417542,0.8127131462097168,0.6999701261520386,0.8304383754730225,0.6934235692024231,0.8058149218559265,0.73935866355896,0.828049898147583,0.7096874117851257,0.8031332492828369,0.7581964135169983,0.8245355486869812,0.7065964341163635,0.8029608726501465,0.7499766945838928,0.8248438835144043,0.7020604610443115,0.8051646947860718,0.7441883087158203,0.8414003849029541,0.7475677132606506,0.8228842616081238,0.7598294615745544,0.7934333682060242,0.7923330068588257,0.7717251181602478,0.7911291122436523,0.8159082531929016,0.9419398903846741,0.8018884658813477,0.9345923066139221,0.8253647685050964,0.9540874361991882,0.8114431500434875,0.9456881284713745,0.8091119527816772,1.017033338546753,0.7960314750671387,1.0135571956634521,0
0.8022609949111938,0.5402612686157227,0.8047153949737549,0.5274162292480469,0.8060065507888794,0.524528980255127,0.80827796459198,0.5230226516723633,0.8017303347587585,0.5306817889213562,0.801473081111908,0.5316460132598877,0.8002488017082214,0.5331579446792603,0.8140600323677063,0.5253379344940186,0.8045681118965149,0.5370484590530396,0.8092607855796814,0.5467038154602051,0.8041751384735107,0.5540136098861694,0.8378928899765015,0.5576984882354736,0.8026008605957031,0.612346887588501,0.84759521484375,0.624291181564331,0.8043623566627502,0.6999120116233826,0.8362533450126648,0.681463360786438,0.8005967140197754,0.7429571747779846,0.8356879949569702,0.6989945769309998,0.7983625531196594,0.7668107151985168,0.827424943447113,0.6973966956138611,0.7997811436653137,0.758865237236023,0.82765132188797,0.6923677325248718,0.8019017577171326,0.7514747381210327,0.8416259288787842,0.7399046421051025,0.8209737539291382,0.7555134892463684,0.7982599139213562,0.7821782827377319,0.7779117226600647,0.78148353099823,0.8112634420394897,0.9265511631965637,0.7888067960739136,0.9310397505760193,0.8195783495903015,0.9422839283943176,0.7969204187393188,0.9485964775085449,0.7991228699684143,0.9952845573425293,0.7770911455154419,1.0015486478805542,0
0.8046014308929443,0.5486119985580444,0.8062637448310852,0.5316587686538696,0.8076187372207642,0.5304582715034485,0.8087782859802246,0.5292918682098389,0.8034763336181641,0.5389581322669983,0.8030776381492615,0.5402393937110901,0.8019081950187683,0.5415738821029663,0.8140749335289001,0.5321823358535767,0.8039644956588745,0.5463941097259521,0.8111286163330078,0.5508849620819092,0.8063081502914429,0.5641529560089111,0.8369342684745789,0.5567271709442139,0.8028934001922607,0.6189678907394409,0.8569655418395996,0.6053919792175293,0.8090769648551941,0.7169314026832581,0.8383017182350159,0.6637287735939026,0.8007484674453735,0.7479022741317749,0.8366380333900452,0.6826953887939453,0.797806978225708,0.7697292566299438,0.8296926021575928,0.67784184217453,0.798181414604187,0.7573866844177246,0.8298250436782837,0.6728351712226868,0.80060875415802,0.7512547969818115,0.8420757055282593,0.7379597425460815,0.8202040791511536,0.7665952444076538,0.8040024638175964,0.7369435429573059,0.7772353291511536,0.7842575311660767,0.8154295682907104,0.9077395796775818,0.7930979132652283,0.9339321255683899,0.8234270215034485,0.9302533864974976,0.8016409873962402,0.9498025178909302,0.8040241599082947,0.9801409840583801,0.7846843600273132,1.0108065605163574,0
0.8058592081069946,0.5568193197250366,0.8061854243278503,0.5423555970191956,0.8074381351470947,0.541350245475769,0.8084973096847534,0.5402068495750427,0.803321361541748,0.5482478141784668,0.8028821349143982,0.5488591194152832,0.8014264702796936,0.5487658977508545,0.8135312795639038,0.537664532661438,0.8032082915306091,0.5532383918762207,0.8103735446929932,0.5628936290740967,0.8057478666305542,0.5716625452041626,0.8372001647949219,0.5617778301239014,0.802692711353302,0.6144608855247498,0.855575680732727,0.6107392311096191,0.8042978644371033,0.6941255927085876,0.8383433818817139,0.6584091782569885,0.7942987680435181,0.7087950706481934,0.8361849188804626,0.6783411502838135,0.79129558801651,0.7190470099449158,0.8318243026733398,0.6742328405380249,0.789833664894104,0.7098391652107239,0.8317548036575317,0.6688998341560364,0.7916520833969116,0.706851065158844,0.8356684446334839,0.7222259640693665,0.8155509233474731,0.7467226386070251,0.8030526638031006,0.7687881588935852,0.7692599892616272,0.7829552888870239,0.8184531927108765,0.9247043132781982,0.7980669140815735,0.9238468408584595,0.8248774409294128,0.9417834877967834,0.8066482543945312,0.9358567595481873,0.8126780390739441,0.992726743221283,0.7922654747962952,0.9963885545730591,0
0.0,0.0,0.0,0.0,0.0,0.0,0.0,0.0,0.0,0.0,0.0,0.0,0.0,0.0,0.0,0.0,0.0,0.0,0.0,0.0,0.0,0.0,0.0,0.0,0.0,0.0,0.0,0.0,0.0,0.0,0.0,0.0,0.0,0.0,0.0,0.0,0.0,0.0,0.0,0.0,0.0,0.0,0.0,0.0,0.0,0.0,0.0,0.0,0.0,0.0,0.0,0.0,0.0,0.0,0.0,0.0,0.0,0.0,0.0,0.0,0.0,0.0,0.0,0.0,0.0,0.0,0
0.0,0.0,0.0,0.0,0.0,0.0,0.0,0.0,0.0,0.0,0.0,0.0,0.0,0.0,0.0,0.0,0.0,0.0,0.0,0.0,0.0,0.0,0.0,0.0,0.0,0.0,0.0,0.0,0.0,0.0,0.0,0.0,0.0,0.0,0.0,0.0,0.0,0.0,0.0,0.0,0.0,0.0,0.0,0.0,0.0,0.0,0.0,0.0,0.0,0.0,0.0,0.0,0.0,0.0,0.0,0.0,0.0,0.0,0.0,0.0,0.0,0.0,0.0,0.0,0.0,0.0,0
0.8315939903259277,0.6401016712188721,0.8292454481124878,0.6364481449127197,0.8276218175888062,0.6354129910469055,0.8260615468025208,0.6344015598297119,0.8343771696090698,0.6385963559150696,0.8360735177993774,0.6389456391334534,0.8376634120941162,0.6392070651054382,0.8233288526535034,0.6330965757369995,0.839981734752655,0.6404510140419006,0.8287670612335205,0.6404719352722168,0.8335922956466675,0.6425541639328003,0.8121240139007568,0.6393256187438965,0.8478730916976929,0.6639697551727295,0.804726243019104,0.6581244468688965,0.8489974737167358,0.7179747819900513,0.8088677525520325,0.6715395450592041,0.8365716934204102,0.7422499656677246,0.8081511855125427,0.6697826385498047,0.8357657194137573,0.7453823685646057,0.8139578104019165,0.6716569066047668,0.8311042785644531,0.7405338287353516,0.8154258728027344,0.6754356026649475,0.8300621509552002,0.740127682685852,0.8140462040901184,0.7385395765304565,0.8342241644859314,0.749602198600769,0.791654109954834,0.7609626054763794,0.834064781665802,0.781021237373352,0.7856267690658569,0.8325881361961365,0.8322455286979675,0.8293017745018005,0.7887728214263916,0.8393058776855469,0.8317915797233582,0.8282055258750916,0.7735267877578735,0.8609901666641235,0.8284997344017029,0.8638973236083984,0
0.8201742172241211,0.6155866384506226,0.8223013281822205,0.6039870977401733,0.8234644532203674,0.6022275686264038,0.8246740102767944,0.6004608869552612,0.8197701573371887,0.607857882976532,0.8190853595733643,0.6088358759880066,0.8182865977287292,0.6097387075424194,0.8292820453643799,0.5961601734161377,0.8199978470802307,0.607944667339325,0.8237268328666687,0.6181570291519165,0.8207338452339172,0.6224997043609619,0.8448766469955444,0.6186712384223938,0.8162656426429749,0.6284114718437195,0.8532670140266418,0.6386948823928833,0.8174836039543152,0.6509800553321838,0.837092936038971,0.6090843677520752,0.8277072310447693,0.6355078816413879,0.8333728909492493,0.604475736618042,0.8307063579559326,0.641792356967926,0.8327299952507019,0.5975127220153809,0.8294997215270996,0.6315295696258545,0.832843542098999,0.5985296368598938,0.8286416530609131,0.6296966075897217,0.8293720483779907,0.7575508952140808,0.8094946146011353,0.7535631060600281,0.838822603225708,0.8123594522476196,0.769457995891571,0.7568114399909973,0.8303813934326172,0.8564037084579468,0.7885317802429199,0.8735559582710266,0.8302146792411804,0.8564237356185913,0.7943635582923889,0.8878586888313293,0.8267378211021423,0.8910120129585266,0.7874948382377625,0.9145404696464539,0
0.8224676251411438,0.6414762735366821,0.8233105540275574,0.6386090517044067,0.8242188692092896,0.6369777321815491,0.8251645565032959,0.6353760957717896,0.8212134838104248,0.6425915360450745,0.8207171559333801,0.644006609916687,0.8201453685760498,0.6453007459640503,0.829098105430603,0.6315616965293884,0.8217191100120544,0.6442132592201233,0.8257737755775452,0.6388609409332275,0.8234642744064331,0.6434214115142822,0.8399011492729187,0.6276543736457825,0.8235536813735962,0.6455815434455872,0.8468717336654663,0.631187915802002,0.8235800266265869,0.6200599074363708,0.8328526020050049,0.5945941209793091,0.8315280079841614,0.6163927912712097,0.8274502158164978,0.5875165462493896,0.8336979150772095,0.6217817068099976,0.8287346363067627,0.587257444858551,0.8313800692558289,0.6210687756538391,0.8277706503868103,0.5902126431465149,0.8303970098495483,0.6183203458786011,0.8255051970481873,0.7157256603240967,0.8132418394088745,0.718070387840271,0.8113147616386414,0.7724551558494568,0.7800331711769104,0.7489180564880371,0.8323378562927246,0.8468145132064819,0.8060958981513977,0.8263110518455505,0.8392214179039001,0.8513274192810059,0.8125455975532532,0.830451250076294,0.8312983512878418,0.8840360641479492,0.8113049864768982,0.8713656663894653,0
0.8130045533180237,0.6177997589111328,0.8139846324920654,0.612739622592926,0.8148805499076843,0.6122090220451355,0.8158553838729858,0.6117292642593384,0.8120518922805786,0.6148087382316589,0.8116821050643921,0.6159969568252563,0.8112238645553589,0.6171281933784485,0.8201671838760376,0.6168040037155151,0.8130321502685547,0.6227370500564575,0.8164328932762146,0.6233936548233032,0.8143612742424011,0.6263484954833984,0.8330065011978149,0.6399338841438293,0.8159958124160767,0.6483259201049805,0.8462923765182495,0.6310216188430786,0.8271530866622925,0.6680881381034851,0.8335000276565552,0.5913618206977844,0.8284335136413574,0.6723197102546692,0.8284019231796265,0.5823624134063721,0.8289406895637512,0.6775580048561096,0.8262990117073059,0.5873960852622986,0.8277155756950378,0.6738099455833435,0.8264647722244263,0.588117241859436,0.8281195759773254,0.6719527244567871,0.8212138414382935,0.7312703132629395,0.807664155960083,0.7319707870483398,0.8224400281906128,0.7682102918624878,0.7713221311569214,0.7806012034416199,0.8393550515174866,0.8535723090171814,0.789745032787323,0.8720687031745911,0.8398066759109497,0.8723251819610596,0.7941121459007263,0.8906649351119995,0.8473772406578064,0.8844522833824158,0.7927312850952148,0.9007934331893921,0
0.8303691744804382,0.6339329481124878,0.8287375569343567,0.6296398639678955,0.8277587294578552,0.6279410123825073,0.8268653154373169,0.6262952089309692,0.8319496512413025,0.6340757608413696,0.833184003829956,0.6355689764022827,0.8342701196670532,0.636920154094696,0.8265008330345154,0.6253054141998291,0.8364958763122559,0.6396321654319763,0.8294583559036255,0.6327422857284546,0.8329213261604309,0.6378709673881531,0.8238766193389893,0.6262899041175842,0.8413258790969849,0.6502770185470581,0.8129386305809021,0.6033440828323364,0.8424396514892578,0.6560088992118835,0.8170533180236816,0.5930666923522949,0.8314787149429321,0.6396962404251099,0.8181247115135193,0.5887206792831421,0.829310417175293,0.6361886262893677,0.819922685623169,0.5922495126724243,0.8278362154960632,0.6112865209579468,0.8189616799354553,0.5962655544281006,0.8272708654403687,0.6348342299461365,0.8172412514686584,0.7317150831222534,0.8253712058067322,0.7378315925598145,0.8127049207687378,0.7748568058013916,0.8023328185081482,0.7709314227104187,0.80910724401474,0.8585079908370972,0.8063461780548096,0.8710197806358337,0.8091096878051758,0.8667193651199341,0.8069252371788025,0.8804537057876587,0.8115208148956299,0.8967496752738953,0.8058347702026367,0.9119848012924194,0
0.0,0.0,0.0,0.0,0.0,0.0,0.0,0.0,0.0,0.0,0.0,0.0,0.0,0.0,0.0,0.0,0.0,0.0,0.0,0.0,0.0,0.0,0.0,0.0,0.0,0.0,0.0,0.0,0.0,0.0,0.0,0.0,0.0,0.0,0.0,0.0,0.0,0.0,0.0,0.0,0.0,0.0,0.0,0.0,0.0,0.0,0.0,0.0,0.0,0.0,0.0,0.0,0.0,0.0,0.0,0.0,0.0,0.0,0.0,0.0,0.0,0.0,0.0,0.0,0.0,0.0,0
0.0,0.0,0.0,0.0,0.0,0.0,0.0,0.0,0.0,0.0,0.0,0.0,0.0,0.0,0.0,0.0,0.0,0.0,0.0,0.0,0.0,0.0,0.0,0.0,0.0,0.0,0.0,0.0,0.0,0.0,0.0,0.0,0.0,0.0,0.0,0.0,0.0,0.0,0.0,0.0,0.0,0.0,0.0,0.0,0.0,0.0,0.0,0.0,0.0,0.0,0.0,0.0,0.0,0.0,0.0,0.0,0.0,0.0,0.0,0.0,0.0,0.0,0.0,0.0,0.0,0.0,0
0.0,0.0,0.0,0.0,0.0,0.0,0.0,0.0,0.0,0.0,0.0,0.0,0.0,0.0,0.0,0.0,0.0,0.0,0.0,0.0,0.0,0.0,0.0,0.0,0.0,0.0,0.0,0.0,0.0,0.0,0.0,0.0,0.0,0.0,0.0,0.0,0.0,0.0,0.0,0.0,0.0,0.0,0.0,0.0,0.0,0.0,0.0,0.0,0.0,0.0,0.0,0.0,0.0,0.0,0.0,0.0,0.0,0.0,0.0,0.0,0.0,0.0,0.0,0.0,0.0,0.0,0
0.0,0.0,0.0,0.0,0.0,0.0,0.0,0.0,0.0,0.0,0.0,0.0,0.0,0.0,0.0,0.0,0.0,0.0,0.0,0.0,0.0,0.0,0.0,0.0,0.0,0.0,0.0,0.0,0.0,0.0,0.0,0.0,0.0,0.0,0.0,0.0,0.0,0.0,0.0,0.0,0.0,0.0,0.0,0.0,0.0,0.0,0.0,0.0,0.0,0.0,0.0,0.0,0.0,0.0,0.0,0.0,0.0,0.0,0.0,0.0,0.0,0.0,0.0,0.0,0.0,0.0,0
0.0,0.0,0.0,0.0,0.0,0.0,0.0,0.0,0.0,0.0,0.0,0.0,0.0,0.0,0.0,0.0,0.0,0.0,0.0,0.0,0.0,0.0,0.0,0.0,0.0,0.0,0.0,0.0,0.0,0.0,0.0,0.0,0.0,0.0,0.0,0.0,0.0,0.0,0.0,0.0,0.0,0.0,0.0,0.0,0.0,0.0,0.0,0.0,0.0,0.0,0.0,0.0,0.0,0.0,0.0,0.0,0.0,0.0,0.0,0.0,0.0,0.0,0.0,0.0,0.0,0.0,0
0.0,0.0,0.0,0.0,0.0,0.0,0.0,0.0,0.0,0.0,0.0,0.0,0.0,0.0,0.0,0.0,0.0,0.0,0.0,0.0,0.0,0.0,0.0,0.0,0.0,0.0,0.0,0.0,0.0,0.0,0.0,0.0,0.0,0.0,0.0,0.0,0.0,0.0,0.0,0.0,0.0,0.0,0.0,0.0,0.0,0.0,0.0,0.0,0.0,0.0,0.0,0.0,0.0,0.0,0.0,0.0,0.0,0.0,0.0,0.0,0.0,0.0,0.0,0.0,0.0,0.0,0
0.8551474213600159,0.7521958947181702,0.8582456111907959,0.757840633392334,0.858362078666687,0.7563751935958862,0.8584535121917725,0.755038321018219,0.8575172424316406,0.7624497413635254,0.8571109175682068,0.764072597026825,0.8567780256271362,0.765297532081604,0.8544379472732544,0.7469544410705566,0.8513587713241577,0.7648476362228394,0.850895881652832,0.7417377233505249,0.8500388860702515,0.7466363906860352,0.8293355107307434,0.7030721306800842,0.8278758525848389,0.7331432700157166,0.8066082000732422,0.6546937823295593,0.8091737627983093,0.7154335379600525,0.8045004606246948,0.608180046081543,0.819955050945282,0.7163920402526855,0.802309513092041,0.5913859605789185,0.8215441703796387,0.7192935347557068,0.8030608892440796,0.5968318581581116,0.8244450092315674,0.7126776576042175,0.8041411638259888,0.6040847301483154,0.823850154876709,0.7110136151313782,0.7626290917396545,0.620220422744751,0.7632250189781189,0.6363743543624878,0.8158968091011047,0.6655254364013672,0.8184316158294678,0.7227678298950195,0.8830097317695618,0.7136309742927551,0.8762458562850952,0.7791930437088013,0.8900436758995056,0.7092312574386597,0.881155788898468,0.7745907306671143,0.912064254283905,0.7610599994659424,0.904132068157196,0.8395179510116577,0
0.8393248319625854,0.7295101284980774,0.8381925821304321,0.727878749370575,0.8380589485168457,0.726491391658783,0.8378868103027344,0.7252451777458191,0.8378286957740784,0.7322514057159424,0.8374015688896179,0.7338197231292725,0.8370538949966431,0.7350293397903442,0.8324151039123535,0.7192882895469666,0.8304667472839355,0.7362916469573975,0.8366866707801819,0.7243557572364807,0.836037814617157,0.7288561463356018,0.8152000308036804,0.6975424885749817,0.8157572150230408,0.7231722474098206,0.8389803171157837,0.631104052066803,0.8200877904891968,0.6908202171325684,0.8618437051773071,0.5978866815567017,0.8362648487091064,0.6665956377983093,0.8655005693435669,0.5842202305793762,0.8390186429023743,0.6650344133377075,0.8623700737953186,0.5978685021400452,0.8390530347824097,0.6547552943229675,0.8616368770599365,0.6035327911376953,0.8382669687271118,0.655418872833252,0.7714069485664368,0.6521027684211731,0.7750101089477539,0.6629344820976257,0.8098982572555542,0.637607991695404,0.8179848790168762,0.7004562616348267,0.8794254064559937,0.7056918740272522,0.8809407353401184,0.7735711336135864,0.8869608044624329,0.7056806683540344,0.8872106671333313,0.7704787254333496,0.9051841497421265,0.7606708407402039,0.9051954746246338,0.8447044491767883,0
0.0,0.0,0.0,0.0,0.0,0.0,0.0,0.0,0.0,0.0,0.0,0.0,0.0,0.0,0.0,0.0,0.0,0.0,0.0,0.0,0.0,0.0,0.0,0.0,0.0,0.0,0.0,0.0,0.0,0.0,0.0,0.0,0.0,0.0,0.0,0.0,0.0,0.0,0.0,0.0,0.0,0.0,0.0,0.0,0.0,0.0,0.0,0.0,0.0,0.0,0.0,0.0,0.0,0.0,0.0,0.0,0.0,0.0,0.0,0.0,0.0,0.0,0.0,0.0,0.0,0.0,0
0.0,0.0,0.0,0.0,0.0,0.0,0.0,0.0,0.0,0.0,0.0,0.0,0.0,0.0,0.0,0.0,0.0,0.0,0.0,0.0,0.0,0.0,0.0,0.0,0.0,0.0,0.0,0.0,0.0,0.0,0.0,0.0,0.0,0.0,0.0,0.0,0.0,0.0,0.0,0.0,0.0,0.0,0.0,0.0,0.0,0.0,0.0,0.0,0.0,0.0,0.0,0.0,0.0,0.0,0.0,0.0,0.0,0.0,0.0,0.0,0.0,0.0,0.0,0.0,0.0,0.0,0
0.0,0.0,0.0,0.0,0.0,0.0,0.0,0.0,0.0,0.0,0.0,0.0,0.0,0.0,0.0,0.0,0.0,0.0,0.0,0.0,0.0,0.0,0.0,0.0,0.0,0.0,0.0,0.0,0.0,0.0,0.0,0.0,0.0,0.0,0.0,0.0,0.0,0.0,0.0,0.0,0.0,0.0,0.0,0.0,0.0,0.0,0.0,0.0,0.0,0.0,0.0,0.0,0.0,0.0,0.0,0.0,0.0,0.0,0.0,0.0,0.0,0.0,0.0,0.0,0.0,0.0,0
0.0,0.0,0.0,0.0,0.0,0.0,0.0,0.0,0.0,0.0,0.0,0.0,0.0,0.0,0.0,0.0,0.0,0.0,0.0,0.0,0.0,0.0,0.0,0.0,0.0,0.0,0.0,0.0,0.0,0.0,0.0,0.0,0.0,0.0,0.0,0.0,0.0,0.0,0.0,0.0,0.0,0.0,0.0,0.0,0.0,0.0,0.0,0.0,0.0,0.0,0.0,0.0,0.0,0.0,0.0,0.0,0.0,0.0,0.0,0.0,0.0,0.0,0.0,0.0,0.0,0.0,0
0.0,0.0,0.0,0.0,0.0,0.0,0.0,0.0,0.0,0.0,0.0,0.0,0.0,0.0,0.0,0.0,0.0,0.0,0.0,0.0,0.0,0.0,0.0,0.0,0.0,0.0,0.0,0.0,0.0,0.0,0.0,0.0,0.0,0.0,0.0,0.0,0.0,0.0,0.0,0.0,0.0,0.0,0.0,0.0,0.0,0.0,0.0,0.0,0.0,0.0,0.0,0.0,0.0,0.0,0.0,0.0,0.0,0.0,0.0,0.0,0.0,0.0,0.0,0.0,0.0,0.0,0
0.0,0.0,0.0,0.0,0.0,0.0,0.0,0.0,0.0,0.0,0.0,0.0,0.0,0.0,0.0,0.0,0.0,0.0,0.0,0.0,0.0,0.0,0.0,0.0,0.0,0.0,0.0,0.0,0.0,0.0,0.0,0.0,0.0,0.0,0.0,0.0,0.0,0.0,0.0,0.0,0.0,0.0,0.0,0.0,0.0,0.0,0.0,0.0,0.0,0.0,0.0,0.0,0.0,0.0,0.0,0.0,0.0,0.0,0.0,0.0,0.0,0.0,0.0,0.0,0.0,0.0,0
0.0,0.0,0.0,0.0,0.0,0.0,0.0,0.0,0.0,0.0,0.0,0.0,0.0,0.0,0.0,0.0,0.0,0.0,0.0,0.0,0.0,0.0,0.0,0.0,0.0,0.0,0.0,0.0,0.0,0.0,0.0,0.0,0.0,0.0,0.0,0.0,0.0,0.0,0.0,0.0,0.0,0.0,0.0,0.0,0.0,0.0,0.0,0.0,0.0,0.0,0.0,0.0,0.0,0.0,0.0,0.0,0.0,0.0,0.0,0.0,0.0,0.0,0.0,0.0,0.0,0.0,0
0.0,0.0,0.0,0.0,0.0,0.0,0.0,0.0,0.0,0.0,0.0,0.0,0.0,0.0,0.0,0.0,0.0,0.0,0.0,0.0,0.0,0.0,0.0,0.0,0.0,0.0,0.0,0.0,0.0,0.0,0.0,0.0,0.0,0.0,0.0,0.0,0.0,0.0,0.0,0.0,0.0,0.0,0.0,0.0,0.0,0.0,0.0,0.0,0.0,0.0,0.0,0.0,0.0,0.0,0.0,0.0,0.0,0.0,0.0,0.0,0.0,0.0,0.0,0.0,0.0,0.0,0
0.0,0.0,0.0,0.0,0.0,0.0,0.0,0.0,0.0,0.0,0.0,0.0,0.0,0.0,0.0,0.0,0.0,0.0,0.0,0.0,0.0,0.0,0.0,0.0,0.0,0.0,0.0,0.0,0.0,0.0,0.0,0.0,0.0,0.0,0.0,0.0,0.0,0.0,0.0,0.0,0.0,0.0,0.0,0.0,0.0,0.0,0.0,0.0,0.0,0.0,0.0,0.0,0.0,0.0,0.0,0.0,0.0,0.0,0.0,0.0,0.0,0.0,0.0,0.0,0.0,0.0,0
0.856046736240387,0.7159225940704346,0.859108567237854,0.718288242816925,0.8593001961708069,0.718574583530426,0.8595089316368103,0.7188107371330261,0.8583119511604309,0.7181320190429688,0.8580352067947388,0.7175939083099365,0.8577764630317688,0.7169350385665894,0.8577278852462769,0.7152343392372131,0.8549965023994446,0.714773416519165,0.852595865726471,0.7139949798583984,0.8522290587425232,0.711757481098175,0.8434493541717529,0.6809184551239014,0.8377695679664612,0.7088935375213623,0.8240161538124084,0.66191166639328,0.8221194744110107,0.7349377870559692,0.819146454334259,0.6729345917701721,0.8309516310691833,0.7641496658325195,0.8180005550384521,0.6654201745986938,0.8316871523857117,0.7740100622177124,0.8189315795898438,0.6718679666519165,0.8355158567428589,0.7689894437789917,0.8189219236373901,0.6763458251953125,0.8351727724075317,0.7648062109947205,0.8110783696174622,0.6614351272583008,0.808648407459259,0.6710334420204163,0.8084987998008728,0.6696745157241821,0.8101679086685181,0.6799480319023132,0.8007749319076538,0.6588319540023804,0.7993304133415222,0.6684243679046631,0.7989785671234131,0.6557842493057251,0.7977455258369446,0.6621089577674866,0.8025953769683838,0.6553978323936462,0.7980727553367615,0.6841347813606262,0
0.0,0.0,0.0,0.0,0.0,0.0,0.0,0.0,0.0,0.0,0.0,0.0,0.0,0.0,0.0,0.0,0.0,0.0,0.0,0.0,0.0,0.0,0.0,0.0,0.0,0.0,0.0,0.0,0.0,0.0,0.0,0.0,0.0,0.0,0.0,0.0,0.0,0.0,0.0,0.0,0.0,0.0,0.0,0.0,0.0,0.0,0.0,0.0,0.0,0.0,0.0,0.0,0.0,0.0,0.0,0.0,0.0,0.0,0.0,0.0,0.0,0.0,0.0,0.0,0.0,0.0,0
0.0,0.0,0.0,0.0,0.0,0.0,0.0,0.0,0.0,0.0,0.0,0.0,0.0,0.0,0.0,0.0,0.0,0.0,0.0,0.0,0.0,0.0,0.0,0.0,0.0,0.0,0.0,0.0,0.0,0.0,0.0,0.0,0.0,0.0,0.0,0.0,0.0,0.0,0.0,0.0,0.0,0.0,0.0,0.0,0.0,0.0,0.0,0.0,0.0,0.0,0.0,0.0,0.0,0.0,0.0,0.0,0.0,0.0,0.0,0.0,0.0,0.0,0.0,0.0,0.0,0.0,0
0.0,0.0,0.0,0.0,0.0,0.0,0.0,0.0,0.0,0.0,0.0,0.0,0.0,0.0,0.0,0.0,0.0,0.0,0.0,0.0,0.0,0.0,0.0,0.0,0.0,0.0,0.0,0.0,0.0,0.0,0.0,0.0,0.0,0.0,0.0,0.0,0.0,0.0,0.0,0.0,0.0,0.0,0.0,0.0,0.0,0.0,0.0,0.0,0.0,0.0,0.0,0.0,0.0,0.0,0.0,0.0,0.0,0.0,0.0,0.0,0.0,0.0,0.0,0.0,0.0,0.0,0
0.0,0.0,0.0,0.0,0.0,0.0,0.0,0.0,0.0,0.0,0.0,0.0,0.0,0.0,0.0,0.0,0.0,0.0,0.0,0.0,0.0,0.0,0.0,0.0,0.0,0.0,0.0,0.0,0.0,0.0,0.0,0.0,0.0,0.0,0.0,0.0,0.0,0.0,0.0,0.0,0.0,0.0,0.0,0.0,0.0,0.0,0.0,0.0,0.0,0.0,0.0,0.0,0.0,0.0,0.0,0.0,0.0,0.0,0.0,0.0,0.0,0.0,0.0,0.0,0.0,0.0,0
0.0,0.0,0.0,0.0,0.0,0.0,0.0,0.0,0.0,0.0,0.0,0.0,0.0,0.0,0.0,0.0,0.0,0.0,0.0,0.0,0.0,0.0,0.0,0.0,0.0,0.0,0.0,0.0,0.0,0.0,0.0,0.0,0.0,0.0,0.0,0.0,0.0,0.0,0.0,0.0,0.0,0.0,0.0,0.0,0.0,0.0,0.0,0.0,0.0,0.0,0.0,0.0,0.0,0.0,0.0,0.0,0.0,0.0,0.0,0.0,0.0,0.0,0.0,0.0,0.0,0.0,0
0.0,0.0,0.0,0.0,0.0,0.0,0.0,0.0,0.0,0.0,0.0,0.0,0.0,0.0,0.0,0.0,0.0,0.0,0.0,0.0,0.0,0.0,0.0,0.0,0.0,0.0,0.0,0.0,0.0,0.0,0.0,0.0,0.0,0.0,0.0,0.0,0.0,0.0,0.0,0.0,0.0,0.0,0.0,0.0,0.0,0.0,0.0,0.0,0.0,0.0,0.0,0.0,0.0,0.0,0.0,0.0,0.0,0.0,0.0,0.0,0.0,0.0,0.0,0.0,0.0,0.0,0
0.0,0.0,0.0,0.0,0.0,0.0,0.0,0.0,0.0,0.0,0.0,0.0,0.0,0.0,0.0,0.0,0.0,0.0,0.0,0.0,0.0,0.0,0.0,0.0,0.0,0.0,0.0,0.0,0.0,0.0,0.0,0.0,0.0,0.0,0.0,0.0,0.0,0.0,0.0,0.0,0.0,0.0,0.0,0.0,0.0,0.0,0.0,0.0,0.0,0.0,0.0,0.0,0.0,0.0,0.0,0.0,0.0,0.0,0.0,0.0,0.0,0.0,0.0,0.0,0.0,0.0,0
0.0,0.0,0.0,0.0,0.0,0.0,0.0,0.0,0.0,0.0,0.0,0.0,0.0,0.0,0.0,0.0,0.0,0.0,0.0,0.0,0.0,0.0,0.0,0.0,0.0,0.0,0.0,0.0,0.0,0.0,0.0,0.0,0.0,0.0,0.0,0.0,0.0,0.0,0.0,0.0,0.0,0.0,0.0,0.0,0.0,0.0,0.0,0.0,0.0,0.0,0.0,0.0,0.0,0.0,0.0,0.0,0.0,0.0,0.0,0.0,0.0,0.0,0.0,0.0,0.0,0.0,0
0.0,0.0,0.0,0.0,0.0,0.0,0.0,0.0,0.0,0.0,0.0,0.0,0.0,0.0,0.0,0.0,0.0,0.0,0.0,0.0,0.0,0.0,0.0,0.0,0.0,0.0,0.0,0.0,0.0,0.0,0.0,0.0,0.0,0.0,0.0,0.0,0.0,0.0,0.0,0.0,0.0,0.0,0.0,0.0,0.0,0.0,0.0,0.0,0.0,0.0,0.0,0.0,0.0,0.0,0.0,0.0,0.0,0.0,0.0,0.0,0.0,0.0,0.0,0.0,0.0,0.0,0
0.0,0.0,0.0,0.0,0.0,0.0,0.0,0.0,0.0,0.0,0.0,0.0,0.0,0.0,0.0,0.0,0.0,0.0,0.0,0.0,0.0,0.0,0.0,0.0,0.0,0.0,0.0,0.0,0.0,0.0,0.0,0.0,0.0,0.0,0.0,0.0,0.0,0.0,0.0,0.0,0.0,0.0,0.0,0.0,0.0,0.0,0.0,0.0,0.0,0.0,0.0,0.0,0.0,0.0,0.0,0.0,0.0,0.0,0.0,0.0,0.0,0.0,0.0,0.0,0.0,0.0,0
0.0,0.0,0.0,0.0,0.0,0.0,0.0,0.0,0.0,0.0,0.0,0.0,0.0,0.0,0.0,0.0,0.0,0.0,0.0,0.0,0.0,0.0,0.0,0.0,0.0,0.0,0.0,0.0,0.0,0.0,0.0,0.0,0.0,0.0,0.0,0.0,0.0,0.0,0.0,0.0,0.0,0.0,0.0,0.0,0.0,0.0,0.0,0.0,0.0,0.0,0.0,0.0,0.0,0.0,0.0,0.0,0.0,0.0,0.0,0.0,0.0,0.0,0.0,0.0,0.0,0.0,0
0.0,0.0,0.0,0.0,0.0,0.0,0.0,0.0,0.0,0.0,0.0,0.0,0.0,0.0,0.0,0.0,0.0,0.0,0.0,0.0,0.0,0.0,0.0,0.0,0.0,0.0,0.0,0.0,0.0,0.0,0.0,0.0,0.0,0.0,0.0,0.0,0.0,0.0,0.0,0.0,0.0,0.0,0.0,0.0,0.0,0.0,0.0,0.0,0.0,0.0,0.0,0.0,0.0,0.0,0.0,0.0,0.0,0.0,0.0,0.0,0.0,0.0,0.0,0.0,0.0,0.0,0
0.0,0.0,0.0,0.0,0.0,0.0,0.0,0.0,0.0,0.0,0.0,0.0,0.0,0.0,0.0,0.0,0.0,0.0,0.0,0.0,0.0,0.0,0.0,0.0,0.0,0.0,0.0,0.0,0.0,0.0,0.0,0.0,0.0,0.0,0.0,0.0,0.0,0.0,0.0,0.0,0.0,0.0,0.0,0.0,0.0,0.0,0.0,0.0,0.0,0.0,0.0,0.0,0.0,0.0,0.0,0.0,0.0,0.0,0.0,0.0,0.0,0.0,0.0,0.0,0.0,0.0,0
0.0,0.0,0.0,0.0,0.0,0.0,0.0,0.0,0.0,0.0,0.0,0.0,0.0,0.0,0.0,0.0,0.0,0.0,0.0,0.0,0.0,0.0,0.0,0.0,0.0,0.0,0.0,0.0,0.0,0.0,0.0,0.0,0.0,0.0,0.0,0.0,0.0,0.0,0.0,0.0,0.0,0.0,0.0,0.0,0.0,0.0,0.0,0.0,0.0,0.0,0.0,0.0,0.0,0.0,0.0,0.0,0.0,0.0,0.0,0.0,0.0,0.0,0.0,0.0,0.0,0.0,0
0.0,0.0,0.0,0.0,0.0,0.0,0.0,0.0,0.0,0.0,0.0,0.0,0.0,0.0,0.0,0.0,0.0,0.0,0.0,0.0,0.0,0.0,0.0,0.0,0.0,0.0,0.0,0.0,0.0,0.0,0.0,0.0,0.0,0.0,0.0,0.0,0.0,0.0,0.0,0.0,0.0,0.0,0.0,0.0,0.0,0.0,0.0,0.0,0.0,0.0,0.0,0.0,0.0,0.0,0.0,0.0,0.0,0.0,0.0,0.0,0.0,0.0,0.0,0.0,0.0,0.0,0
0.0,0.0,0.0,0.0,0.0,0.0,0.0,0.0,0.0,0.0,0.0,0.0,0.0,0.0,0.0,0.0,0.0,0.0,0.0,0.0,0.0,0.0,0.0,0.0,0.0,0.0,0.0,0.0,0.0,0.0,0.0,0.0,0.0,0.0,0.0,0.0,0.0,0.0,0.0,0.0,0.0,0.0,0.0,0.0,0.0,0.0,0.0,0.0,0.0,0.0,0.0,0.0,0.0,0.0,0.0,0.0,0.0,0.0,0.0,0.0,0.0,0.0,0.0,0.0,0.0,0.0,0
0.0,0.0,0.0,0.0,0.0,0.0,0.0,0.0,0.0,0.0,0.0,0.0,0.0,0.0,0.0,0.0,0.0,0.0,0.0,0.0,0.0,0.0,0.0,0.0,0.0,0.0,0.0,0.0,0.0,0.0,0.0,0.0,0.0,0.0,0.0,0.0,0.0,0.0,0.0,0.0,0.0,0.0,0.0,0.0,0.0,0.0,0.0,0.0,0.0,0.0,0.0,0.0,0.0,0.0,0.0,0.0,0.0,0.0,0.0,0.0,0.0,0.0,0.0,0.0,0.0,0.0,0
0.0,0.0,0.0,0.0,0.0,0.0,0.0,0.0,0.0,0.0,0.0,0.0,0.0,0.0,0.0,0.0,0.0,0.0,0.0,0.0,0.0,0.0,0.0,0.0,0.0,0.0,0.0,0.0,0.0,0.0,0.0,0.0,0.0,0.0,0.0,0.0,0.0,0.0,0.0,0.0,0.0,0.0,0.0,0.0,0.0,0.0,0.0,0.0,0.0,0.0,0.0,0.0,0.0,0.0,0.0,0.0,0.0,0.0,0.0,0.0,0.0,0.0,0.0,0.0,0.0,0.0,0
0.0,0.0,0.0,0.0,0.0,0.0,0.0,0.0,0.0,0.0,0.0,0.0,0.0,0.0,0.0,0.0,0.0,0.0,0.0,0.0,0.0,0.0,0.0,0.0,0.0,0.0,0.0,0.0,0.0,0.0,0.0,0.0,0.0,0.0,0.0,0.0,0.0,0.0,0.0,0.0,0.0,0.0,0.0,0.0,0.0,0.0,0.0,0.0,0.0,0.0,0.0,0.0,0.0,0.0,0.0,0.0,0.0,0.0,0.0,0.0,0.0,0.0,0.0,0.0,0.0,0.0,0
0.0,0.0,0.0,0.0,0.0,0.0,0.0,0.0,0.0,0.0,0.0,0.0,0.0,0.0,0.0,0.0,0.0,0.0,0.0,0.0,0.0,0.0,0.0,0.0,0.0,0.0,0.0,0.0,0.0,0.0,0.0,0.0,0.0,0.0,0.0,0.0,0.0,0.0,0.0,0.0,0.0,0.0,0.0,0.0,0.0,0.0,0.0,0.0,0.0,0.0,0.0,0.0,0.0,0.0,0.0,0.0,0.0,0.0,0.0,0.0,0.0,0.0,0.0,0.0,0.0,0.0,0
0.0,0.0,0.0,0.0,0.0,0.0,0.0,0.0,0.0,0.0,0.0,0.0,0.0,0.0,0.0,0.0,0.0,0.0,0.0,0.0,0.0,0.0,0.0,0.0,0.0,0.0,0.0,0.0,0.0,0.0,0.0,0.0,0.0,0.0,0.0,0.0,0.0,0.0,0.0,0.0,0.0,0.0,0.0,0.0,0.0,0.0,0.0,0.0,0.0,0.0,0.0,0.0,0.0,0.0,0.0,0.0,0.0,0.0,0.0,0.0,0.0,0.0,0.0,0.0,0.0,0.0,0
0.0,0.0,0.0,0.0,0.0,0.0,0.0,0.0,0.0,0.0,0.0,0.0,0.0,0.0,0.0,0.0,0.0,0.0,0.0,0.0,0.0,0.0,0.0,0.0,0.0,0.0,0.0,0.0,0.0,0.0,0.0,0.0,0.0,0.0,0.0,0.0,0.0,0.0,0.0,0.0,0.0,0.0,0.0,0.0,0.0,0.0,0.0,0.0,0.0,0.0,0.0,0.0,0.0,0.0,0.0,0.0,0.0,0.0,0.0,0.0,0.0,0.0,0.0,0.0,0.0,0.0,0
0.0,0.0,0.0,0.0,0.0,0.0,0.0,0.0,0.0,0.0,0.0,0.0,0.0,0.0,0.0,0.0,0.0,0.0,0.0,0.0,0.0,0.0,0.0,0.0,0.0,0.0,0.0,0.0,0.0,0.0,0.0,0.0,0.0,0.0,0.0,0.0,0.0,0.0,0.0,0.0,0.0,0.0,0.0,0.0,0.0,0.0,0.0,0.0,0.0,0.0,0.0,0.0,0.0,0.0,0.0,0.0,0.0,0.0,0.0,0.0,0.0,0.0,0.0,0.0,0.0,0.0,0
0.0,0.0,0.0,0.0,0.0,0.0,0.0,0.0,0.0,0.0,0.0,0.0,0.0,0.0,0.0,0.0,0.0,0.0,0.0,0.0,0.0,0.0,0.0,0.0,0.0,0.0,0.0,0.0,0.0,0.0,0.0,0.0,0.0,0.0,0.0,0.0,0.0,0.0,0.0,0.0,0.0,0.0,0.0,0.0,0.0,0.0,0.0,0.0,0.0,0.0,0.0,0.0,0.0,0.0,0.0,0.0,0.0,0.0,0.0,0.0,0.0,0.0,0.0,0.0,0.0,0.0,0
0.0,0.0,0.0,0.0,0.0,0.0,0.0,0.0,0.0,0.0,0.0,0.0,0.0,0.0,0.0,0.0,0.0,0.0,0.0,0.0,0.0,0.0,0.0,0.0,0.0,0.0,0.0,0.0,0.0,0.0,0.0,0.0,0.0,0.0,0.0,0.0,0.0,0.0,0.0,0.0,0.0,0.0,0.0,0.0,0.0,0.0,0.0,0.0,0.0,0.0,0.0,0.0,0.0,0.0,0.0,0.0,0.0,0.0,0.0,0.0,0.0,0.0,0.0,0.0,0.0,0.0,0
0.0,0.0,0.0,0.0,0.0,0.0,0.0,0.0,0.0,0.0,0.0,0.0,0.0,0.0,0.0,0.0,0.0,0.0,0.0,0.0,0.0,0.0,0.0,0.0,0.0,0.0,0.0,0.0,0.0,0.0,0.0,0.0,0.0,0.0,0.0,0.0,0.0,0.0,0.0,0.0,0.0,0.0,0.0,0.0,0.0,0.0,0.0,0.0,0.0,0.0,0.0,0.0,0.0,0.0,0.0,0.0,0.0,0.0,0.0,0.0,0.0,0.0,0.0,0.0,0.0,0.0,0
0.0,0.0,0.0,0.0,0.0,0.0,0.0,0.0,0.0,0.0,0.0,0.0,0.0,0.0,0.0,0.0,0.0,0.0,0.0,0.0,0.0,0.0,0.0,0.0,0.0,0.0,0.0,0.0,0.0,0.0,0.0,0.0,0.0,0.0,0.0,0.0,0.0,0.0,0.0,0.0,0.0,0.0,0.0,0.0,0.0,0.0,0.0,0.0,0.0,0.0,0.0,0.0,0.0,0.0,0.0,0.0,0.0,0.0,0.0,0.0,0.0,0.0,0.0,0.0,0.0,0.0,0
0.0,0.0,0.0,0.0,0.0,0.0,0.0,0.0,0.0,0.0,0.0,0.0,0.0,0.0,0.0,0.0,0.0,0.0,0.0,0.0,0.0,0.0,0.0,0.0,0.0,0.0,0.0,0.0,0.0,0.0,0.0,0.0,0.0,0.0,0.0,0.0,0.0,0.0,0.0,0.0,0.0,0.0,0.0,0.0,0.0,0.0,0.0,0.0,0.0,0.0,0.0,0.0,0.0,0.0,0.0,0.0,0.0,0.0,0.0,0.0,0.0,0.0,0.0,0.0,0.0,0.0,0
0.0,0.0,0.0,0.0,0.0,0.0,0.0,0.0,0.0,0.0,0.0,0.0,0.0,0.0,0.0,0.0,0.0,0.0,0.0,0.0,0.0,0.0,0.0,0.0,0.0,0.0,0.0,0.0,0.0,0.0,0.0,0.0,0.0,0.0,0.0,0.0,0.0,0.0,0.0,0.0,0.0,0.0,0.0,0.0,0.0,0.0,0.0,0.0,0.0,0.0,0.0,0.0,0.0,0.0,0.0,0.0,0.0,0.0,0.0,0.0,0.0,0.0,0.0,0.0,0.0,0.0,0
0.0,0.0,0.0,0.0,0.0,0.0,0.0,0.0,0.0,0.0,0.0,0.0,0.0,0.0,0.0,0.0,0.0,0.0,0.0,0.0,0.0,0.0,0.0,0.0,0.0,0.0,0.0,0.0,0.0,0.0,0.0,0.0,0.0,0.0,0.0,0.0,0.0,0.0,0.0,0.0,0.0,0.0,0.0,0.0,0.0,0.0,0.0,0.0,0.0,0.0,0.0,0.0,0.0,0.0,0.0,0.0,0.0,0.0,0.0,0.0,0.0,0.0,0.0,0.0,0.0,0.0,0
0.0,0.0,0.0,0.0,0.0,0.0,0.0,0.0,0.0,0.0,0.0,0.0,0.0,0.0,0.0,0.0,0.0,0.0,0.0,0.0,0.0,0.0,0.0,0.0,0.0,0.0,0.0,0.0,0.0,0.0,0.0,0.0,0.0,0.0,0.0,0.0,0.0,0.0,0.0,0.0,0.0,0.0,0.0,0.0,0.0,0.0,0.0,0.0,0.0,0.0,0.0,0.0,0.0,0.0,0.0,0.0,0.0,0.0,0.0,0.0,0.0,0.0,0.0,0.0,0.0,0.0,0
0.0,0.0,0.0,0.0,0.0,0.0,0.0,0.0,0.0,0.0,0.0,0.0,0.0,0.0,0.0,0.0,0.0,0.0,0.0,0.0,0.0,0.0,0.0,0.0,0.0,0.0,0.0,0.0,0.0,0.0,0.0,0.0,0.0,0.0,0.0,0.0,0.0,0.0,0.0,0.0,0.0,0.0,0.0,0.0,0.0,0.0,0.0,0.0,0.0,0.0,0.0,0.0,0.0,0.0,0.0,0.0,0.0,0.0,0.0,0.0,0.0,0.0,0.0,0.0,0.0,0.0,0
0.0,0.0,0.0,0.0,0.0,0.0,0.0,0.0,0.0,0.0,0.0,0.0,0.0,0.0,0.0,0.0,0.0,0.0,0.0,0.0,0.0,0.0,0.0,0.0,0.0,0.0,0.0,0.0,0.0,0.0,0.0,0.0,0.0,0.0,0.0,0.0,0.0,0.0,0.0,0.0,0.0,0.0,0.0,0.0,0.0,0.0,0.0,0.0,0.0,0.0,0.0,0.0,0.0,0.0,0.0,0.0,0.0,0.0,0.0,0.0,0.0,0.0,0.0,0.0,0.0,0.0,0
0.0,0.0,0.0,0.0,0.0,0.0,0.0,0.0,0.0,0.0,0.0,0.0,0.0,0.0,0.0,0.0,0.0,0.0,0.0,0.0,0.0,0.0,0.0,0.0,0.0,0.0,0.0,0.0,0.0,0.0,0.0,0.0,0.0,0.0,0.0,0.0,0.0,0.0,0.0,0.0,0.0,0.0,0.0,0.0,0.0,0.0,0.0,0.0,0.0,0.0,0.0,0.0,0.0,0.0,0.0,0.0,0.0,0.0,0.0,0.0,0.0,0.0,0.0,0.0,0.0,0.0,0
0.0,0.0,0.0,0.0,0.0,0.0,0.0,0.0,0.0,0.0,0.0,0.0,0.0,0.0,0.0,0.0,0.0,0.0,0.0,0.0,0.0,0.0,0.0,0.0,0.0,0.0,0.0,0.0,0.0,0.0,0.0,0.0,0.0,0.0,0.0,0.0,0.0,0.0,0.0,0.0,0.0,0.0,0.0,0.0,0.0,0.0,0.0,0.0,0.0,0.0,0.0,0.0,0.0,0.0,0.0,0.0,0.0,0.0,0.0,0.0,0.0,0.0,0.0,0.0,0.0,0.0,0
0.0,0.0,0.0,0.0,0.0,0.0,0.0,0.0,0.0,0.0,0.0,0.0,0.0,0.0,0.0,0.0,0.0,0.0,0.0,0.0,0.0,0.0,0.0,0.0,0.0,0.0,0.0,0.0,0.0,0.0,0.0,0.0,0.0,0.0,0.0,0.0,0.0,0.0,0.0,0.0,0.0,0.0,0.0,0.0,0.0,0.0,0.0,0.0,0.0,0.0,0.0,0.0,0.0,0.0,0.0,0.0,0.0,0.0,0.0,0.0,0.0,0.0,0.0,0.0,0.0,0.0,0
0.0,0.0,0.0,0.0,0.0,0.0,0.0,0.0,0.0,0.0,0.0,0.0,0.0,0.0,0.0,0.0,0.0,0.0,0.0,0.0,0.0,0.0,0.0,0.0,0.0,0.0,0.0,0.0,0.0,0.0,0.0,0.0,0.0,0.0,0.0,0.0,0.0,0.0,0.0,0.0,0.0,0.0,0.0,0.0,0.0,0.0,0.0,0.0,0.0,0.0,0.0,0.0,0.0,0.0,0.0,0.0,0.0,0.0,0.0,0.0,0.0,0.0,0.0,0.0,0.0,0.0,0
0.0,0.0,0.0,0.0,0.0,0.0,0.0,0.0,0.0,0.0,0.0,0.0,0.0,0.0,0.0,0.0,0.0,0.0,0.0,0.0,0.0,0.0,0.0,0.0,0.0,0.0,0.0,0.0,0.0,0.0,0.0,0.0,0.0,0.0,0.0,0.0,0.0,0.0,0.0,0.0,0.0,0.0,0.0,0.0,0.0,0.0,0.0,0.0,0.0,0.0,0.0,0.0,0.0,0.0,0.0,0.0,0.0,0.0,0.0,0.0,0.0,0.0,0.0,0.0,0.0,0.0,0
0.0,0.0,0.0,0.0,0.0,0.0,0.0,0.0,0.0,0.0,0.0,0.0,0.0,0.0,0.0,0.0,0.0,0.0,0.0,0.0,0.0,0.0,0.0,0.0,0.0,0.0,0.0,0.0,0.0,0.0,0.0,0.0,0.0,0.0,0.0,0.0,0.0,0.0,0.0,0.0,0.0,0.0,0.0,0.0,0.0,0.0,0.0,0.0,0.0,0.0,0.0,0.0,0.0,0.0,0.0,0.0,0.0,0.0,0.0,0.0,0.0,0.0,0.0,0.0,0.0,0.0,0
0.0,0.0,0.0,0.0,0.0,0.0,0.0,0.0,0.0,0.0,0.0,0.0,0.0,0.0,0.0,0.0,0.0,0.0,0.0,0.0,0.0,0.0,0.0,0.0,0.0,0.0,0.0,0.0,0.0,0.0,0.0,0.0,0.0,0.0,0.0,0.0,0.0,0.0,0.0,0.0,0.0,0.0,0.0,0.0,0.0,0.0,0.0,0.0,0.0,0.0,0.0,0.0,0.0,0.0,0.0,0.0,0.0,0.0,0.0,0.0,0.0,0.0,0.0,0.0,0.0,0.0,0
0.0,0.0,0.0,0.0,0.0,0.0,0.0,0.0,0.0,0.0,0.0,0.0,0.0,0.0,0.0,0.0,0.0,0.0,0.0,0.0,0.0,0.0,0.0,0.0,0.0,0.0,0.0,0.0,0.0,0.0,0.0,0.0,0.0,0.0,0.0,0.0,0.0,0.0,0.0,0.0,0.0,0.0,0.0,0.0,0.0,0.0,0.0,0.0,0.0,0.0,0.0,0.0,0.0,0.0,0.0,0.0,0.0,0.0,0.0,0.0,0.0,0.0,0.0,0.0,0.0,0.0,0
0.0,0.0,0.0,0.0,0.0,0.0,0.0,0.0,0.0,0.0,0.0,0.0,0.0,0.0,0.0,0.0,0.0,0.0,0.0,0.0,0.0,0.0,0.0,0.0,0.0,0.0,0.0,0.0,0.0,0.0,0.0,0.0,0.0,0.0,0.0,0.0,0.0,0.0,0.0,0.0,0.0,0.0,0.0,0.0,0.0,0.0,0.0,0.0,0.0,0.0,0.0,0.0,0.0,0.0,0.0,0.0,0.0,0.0,0.0,0.0,0.0,0.0,0.0,0.0,0.0,0.0,0
0.0,0.0,0.0,0.0,0.0,0.0,0.0,0.0,0.0,0.0,0.0,0.0,0.0,0.0,0.0,0.0,0.0,0.0,0.0,0.0,0.0,0.0,0.0,0.0,0.0,0.0,0.0,0.0,0.0,0.0,0.0,0.0,0.0,0.0,0.0,0.0,0.0,0.0,0.0,0.0,0.0,0.0,0.0,0.0,0.0,0.0,0.0,0.0,0.0,0.0,0.0,0.0,0.0,0.0,0.0,0.0,0.0,0.0,0.0,0.0,0.0,0.0,0.0,0.0,0.0,0.0,0
0.0,0.0,0.0,0.0,0.0,0.0,0.0,0.0,0.0,0.0,0.0,0.0,0.0,0.0,0.0,0.0,0.0,0.0,0.0,0.0,0.0,0.0,0.0,0.0,0.0,0.0,0.0,0.0,0.0,0.0,0.0,0.0,0.0,0.0,0.0,0.0,0.0,0.0,0.0,0.0,0.0,0.0,0.0,0.0,0.0,0.0,0.0,0.0,0.0,0.0,0.0,0.0,0.0,0.0,0.0,0.0,0.0,0.0,0.0,0.0,0.0,0.0,0.0,0.0,0.0,0.0,0
0.0,0.0,0.0,0.0,0.0,0.0,0.0,0.0,0.0,0.0,0.0,0.0,0.0,0.0,0.0,0.0,0.0,0.0,0.0,0.0,0.0,0.0,0.0,0.0,0.0,0.0,0.0,0.0,0.0,0.0,0.0,0.0,0.0,0.0,0.0,0.0,0.0,0.0,0.0,0.0,0.0,0.0,0.0,0.0,0.0,0.0,0.0,0.0,0.0,0.0,0.0,0.0,0.0,0.0,0.0,0.0,0.0,0.0,0.0,0.0,0.0,0.0,0.0,0.0,0.0,0.0,0
0.0,0.0,0.0,0.0,0.0,0.0,0.0,0.0,0.0,0.0,0.0,0.0,0.0,0.0,0.0,0.0,0.0,0.0,0.0,0.0,0.0,0.0,0.0,0.0,0.0,0.0,0.0,0.0,0.0,0.0,0.0,0.0,0.0,0.0,0.0,0.0,0.0,0.0,0.0,0.0,0.0,0.0,0.0,0.0,0.0,0.0,0.0,0.0,0.0,0.0,0.0,0.0,0.0,0.0,0.0,0.0,0.0,0.0,0.0,0.0,0.0,0.0,0.0,0.0,0.0,0.0,0
0.0,0.0,0.0,0.0,0.0,0.0,0.0,0.0,0.0,0.0,0.0,0.0,0.0,0.0,0.0,0.0,0.0,0.0,0.0,0.0,0.0,0.0,0.0,0.0,0.0,0.0,0.0,0.0,0.0,0.0,0.0,0.0,0.0,0.0,0.0,0.0,0.0,0.0,0.0,0.0,0.0,0.0,0.0,0.0,0.0,0.0,0.0,0.0,0.0,0.0,0.0,0.0,0.0,0.0,0.0,0.0,0.0,0.0,0.0,0.0,0.0,0.0,0.0,0.0,0.0,0.0,0
0.0,0.0,0.0,0.0,0.0,0.0,0.0,0.0,0.0,0.0,0.0,0.0,0.0,0.0,0.0,0.0,0.0,0.0,0.0,0.0,0.0,0.0,0.0,0.0,0.0,0.0,0.0,0.0,0.0,0.0,0.0,0.0,0.0,0.0,0.0,0.0,0.0,0.0,0.0,0.0,0.0,0.0,0.0,0.0,0.0,0.0,0.0,0.0,0.0,0.0,0.0,0.0,0.0,0.0,0.0,0.0,0.0,0.0,0.0,0.0,0.0,0.0,0.0,0.0,0.0,0.0,0
0.0,0.0,0.0,0.0,0.0,0.0,0.0,0.0,0.0,0.0,0.0,0.0,0.0,0.0,0.0,0.0,0.0,0.0,0.0,0.0,0.0,0.0,0.0,0.0,0.0,0.0,0.0,0.0,0.0,0.0,0.0,0.0,0.0,0.0,0.0,0.0,0.0,0.0,0.0,0.0,0.0,0.0,0.0,0.0,0.0,0.0,0.0,0.0,0.0,0.0,0.0,0.0,0.0,0.0,0.0,0.0,0.0,0.0,0.0,0.0,0.0,0.0,0.0,0.0,0.0,0.0,0
0.0,0.0,0.0,0.0,0.0,0.0,0.0,0.0,0.0,0.0,0.0,0.0,0.0,0.0,0.0,0.0,0.0,0.0,0.0,0.0,0.0,0.0,0.0,0.0,0.0,0.0,0.0,0.0,0.0,0.0,0.0,0.0,0.0,0.0,0.0,0.0,0.0,0.0,0.0,0.0,0.0,0.0,0.0,0.0,0.0,0.0,0.0,0.0,0.0,0.0,0.0,0.0,0.0,0.0,0.0,0.0,0.0,0.0,0.0,0.0,0.0,0.0,0.0,0.0,0.0,0.0,0
0.0,0.0,0.0,0.0,0.0,0.0,0.0,0.0,0.0,0.0,0.0,0.0,0.0,0.0,0.0,0.0,0.0,0.0,0.0,0.0,0.0,0.0,0.0,0.0,0.0,0.0,0.0,0.0,0.0,0.0,0.0,0.0,0.0,0.0,0.0,0.0,0.0,0.0,0.0,0.0,0.0,0.0,0.0,0.0,0.0,0.0,0.0,0.0,0.0,0.0,0.0,0.0,0.0,0.0,0.0,0.0,0.0,0.0,0.0,0.0,0.0,0.0,0.0,0.0,0.0,0.0,0
0.0,0.0,0.0,0.0,0.0,0.0,0.0,0.0,0.0,0.0,0.0,0.0,0.0,0.0,0.0,0.0,0.0,0.0,0.0,0.0,0.0,0.0,0.0,0.0,0.0,0.0,0.0,0.0,0.0,0.0,0.0,0.0,0.0,0.0,0.0,0.0,0.0,0.0,0.0,0.0,0.0,0.0,0.0,0.0,0.0,0.0,0.0,0.0,0.0,0.0,0.0,0.0,0.0,0.0,0.0,0.0,0.0,0.0,0.0,0.0,0.0,0.0,0.0,0.0,0.0,0.0,0
0.0,0.0,0.0,0.0,0.0,0.0,0.0,0.0,0.0,0.0,0.0,0.0,0.0,0.0,0.0,0.0,0.0,0.0,0.0,0.0,0.0,0.0,0.0,0.0,0.0,0.0,0.0,0.0,0.0,0.0,0.0,0.0,0.0,0.0,0.0,0.0,0.0,0.0,0.0,0.0,0.0,0.0,0.0,0.0,0.0,0.0,0.0,0.0,0.0,0.0,0.0,0.0,0.0,0.0,0.0,0.0,0.0,0.0,0.0,0.0,0.0,0.0,0.0,0.0,0.0,0.0,0
0.0,0.0,0.0,0.0,0.0,0.0,0.0,0.0,0.0,0.0,0.0,0.0,0.0,0.0,0.0,0.0,0.0,0.0,0.0,0.0,0.0,0.0,0.0,0.0,0.0,0.0,0.0,0.0,0.0,0.0,0.0,0.0,0.0,0.0,0.0,0.0,0.0,0.0,0.0,0.0,0.0,0.0,0.0,0.0,0.0,0.0,0.0,0.0,0.0,0.0,0.0,0.0,0.0,0.0,0.0,0.0,0.0,0.0,0.0,0.0,0.0,0.0,0.0,0.0,0.0,0.0,0
0.0,0.0,0.0,0.0,0.0,0.0,0.0,0.0,0.0,0.0,0.0,0.0,0.0,0.0,0.0,0.0,0.0,0.0,0.0,0.0,0.0,0.0,0.0,0.0,0.0,0.0,0.0,0.0,0.0,0.0,0.0,0.0,0.0,0.0,0.0,0.0,0.0,0.0,0.0,0.0,0.0,0.0,0.0,0.0,0.0,0.0,0.0,0.0,0.0,0.0,0.0,0.0,0.0,0.0,0.0,0.0,0.0,0.0,0.0,0.0,0.0,0.0,0.0,0.0,0.0,0.0,0
0.0,0.0,0.0,0.0,0.0,0.0,0.0,0.0,0.0,0.0,0.0,0.0,0.0,0.0,0.0,0.0,0.0,0.0,0.0,0.0,0.0,0.0,0.0,0.0,0.0,0.0,0.0,0.0,0.0,0.0,0.0,0.0,0.0,0.0,0.0,0.0,0.0,0.0,0.0,0.0,0.0,0.0,0.0,0.0,0.0,0.0,0.0,0.0,0.0,0.0,0.0,0.0,0.0,0.0,0.0,0.0,0.0,0.0,0.0,0.0,0.0,0.0,0.0,0.0,0.0,0.0,0
0.0,0.0,0.0,0.0,0.0,0.0,0.0,0.0,0.0,0.0,0.0,0.0,0.0,0.0,0.0,0.0,0.0,0.0,0.0,0.0,0.0,0.0,0.0,0.0,0.0,0.0,0.0,0.0,0.0,0.0,0.0,0.0,0.0,0.0,0.0,0.0,0.0,0.0,0.0,0.0,0.0,0.0,0.0,0.0,0.0,0.0,0.0,0.0,0.0,0.0,0.0,0.0,0.0,0.0,0.0,0.0,0.0,0.0,0.0,0.0,0.0,0.0,0.0,0.0,0.0,0.0,0
0.0,0.0,0.0,0.0,0.0,0.0,0.0,0.0,0.0,0.0,0.0,0.0,0.0,0.0,0.0,0.0,0.0,0.0,0.0,0.0,0.0,0.0,0.0,0.0,0.0,0.0,0.0,0.0,0.0,0.0,0.0,0.0,0.0,0.0,0.0,0.0,0.0,0.0,0.0,0.0,0.0,0.0,0.0,0.0,0.0,0.0,0.0,0.0,0.0,0.0,0.0,0.0,0.0,0.0,0.0,0.0,0.0,0.0,0.0,0.0,0.0,0.0,0.0,0.0,0.0,0.0,0
0.0,0.0,0.0,0.0,0.0,0.0,0.0,0.0,0.0,0.0,0.0,0.0,0.0,0.0,0.0,0.0,0.0,0.0,0.0,0.0,0.0,0.0,0.0,0.0,0.0,0.0,0.0,0.0,0.0,0.0,0.0,0.0,0.0,0.0,0.0,0.0,0.0,0.0,0.0,0.0,0.0,0.0,0.0,0.0,0.0,0.0,0.0,0.0,0.0,0.0,0.0,0.0,0.0,0.0,0.0,0.0,0.0,0.0,0.0,0.0,0.0,0.0,0.0,0.0,0.0,0.0,0
0.0,0.0,0.0,0.0,0.0,0.0,0.0,0.0,0.0,0.0,0.0,0.0,0.0,0.0,0.0,0.0,0.0,0.0,0.0,0.0,0.0,0.0,0.0,0.0,0.0,0.0,0.0,0.0,0.0,0.0,0.0,0.0,0.0,0.0,0.0,0.0,0.0,0.0,0.0,0.0,0.0,0.0,0.0,0.0,0.0,0.0,0.0,0.0,0.0,0.0,0.0,0.0,0.0,0.0,0.0,0.0,0.0,0.0,0.0,0.0,0.0,0.0,0.0,0.0,0.0,0.0,0
0.0,0.0,0.0,0.0,0.0,0.0,0.0,0.0,0.0,0.0,0.0,0.0,0.0,0.0,0.0,0.0,0.0,0.0,0.0,0.0,0.0,0.0,0.0,0.0,0.0,0.0,0.0,0.0,0.0,0.0,0.0,0.0,0.0,0.0,0.0,0.0,0.0,0.0,0.0,0.0,0.0,0.0,0.0,0.0,0.0,0.0,0.0,0.0,0.0,0.0,0.0,0.0,0.0,0.0,0.0,0.0,0.0,0.0,0.0,0.0,0.0,0.0,0.0,0.0,0.0,0.0,0
0.0,0.0,0.0,0.0,0.0,0.0,0.0,0.0,0.0,0.0,0.0,0.0,0.0,0.0,0.0,0.0,0.0,0.0,0.0,0.0,0.0,0.0,0.0,0.0,0.0,0.0,0.0,0.0,0.0,0.0,0.0,0.0,0.0,0.0,0.0,0.0,0.0,0.0,0.0,0.0,0.0,0.0,0.0,0.0,0.0,0.0,0.0,0.0,0.0,0.0,0.0,0.0,0.0,0.0,0.0,0.0,0.0,0.0,0.0,0.0,0.0,0.0,0.0,0.0,0.0,0.0,0
0.0,0.0,0.0,0.0,0.0,0.0,0.0,0.0,0.0,0.0,0.0,0.0,0.0,0.0,0.0,0.0,0.0,0.0,0.0,0.0,0.0,0.0,0.0,0.0,0.0,0.0,0.0,0.0,0.0,0.0,0.0,0.0,0.0,0.0,0.0,0.0,0.0,0.0,0.0,0.0,0.0,0.0,0.0,0.0,0.0,0.0,0.0,0.0,0.0,0.0,0.0,0.0,0.0,0.0,0.0,0.0,0.0,0.0,0.0,0.0,0.0,0.0,0.0,0.0,0.0,0.0,0
0.0,0.0,0.0,0.0,0.0,0.0,0.0,0.0,0.0,0.0,0.0,0.0,0.0,0.0,0.0,0.0,0.0,0.0,0.0,0.0,0.0,0.0,0.0,0.0,0.0,0.0,0.0,0.0,0.0,0.0,0.0,0.0,0.0,0.0,0.0,0.0,0.0,0.0,0.0,0.0,0.0,0.0,0.0,0.0,0.0,0.0,0.0,0.0,0.0,0.0,0.0,0.0,0.0,0.0,0.0,0.0,0.0,0.0,0.0,0.0,0.0,0.0,0.0,0.0,0.0,0.0,0
0.0,0.0,0.0,0.0,0.0,0.0,0.0,0.0,0.0,0.0,0.0,0.0,0.0,0.0,0.0,0.0,0.0,0.0,0.0,0.0,0.0,0.0,0.0,0.0,0.0,0.0,0.0,0.0,0.0,0.0,0.0,0.0,0.0,0.0,0.0,0.0,0.0,0.0,0.0,0.0,0.0,0.0,0.0,0.0,0.0,0.0,0.0,0.0,0.0,0.0,0.0,0.0,0.0,0.0,0.0,0.0,0.0,0.0,0.0,0.0,0.0,0.0,0.0,0.0,0.0,0.0,0
0.0,0.0,0.0,0.0,0.0,0.0,0.0,0.0,0.0,0.0,0.0,0.0,0.0,0.0,0.0,0.0,0.0,0.0,0.0,0.0,0.0,0.0,0.0,0.0,0.0,0.0,0.0,0.0,0.0,0.0,0.0,0.0,0.0,0.0,0.0,0.0,0.0,0.0,0.0,0.0,0.0,0.0,0.0,0.0,0.0,0.0,0.0,0.0,0.0,0.0,0.0,0.0,0.0,0.0,0.0,0.0,0.0,0.0,0.0,0.0,0.0,0.0,0.0,0.0,0.0,0.0,0
0.0,0.0,0.0,0.0,0.0,0.0,0.0,0.0,0.0,0.0,0.0,0.0,0.0,0.0,0.0,0.0,0.0,0.0,0.0,0.0,0.0,0.0,0.0,0.0,0.0,0.0,0.0,0.0,0.0,0.0,0.0,0.0,0.0,0.0,0.0,0.0,0.0,0.0,0.0,0.0,0.0,0.0,0.0,0.0,0.0,0.0,0.0,0.0,0.0,0.0,0.0,0.0,0.0,0.0,0.0,0.0,0.0,0.0,0.0,0.0,0.0,0.0,0.0,0.0,0.0,0.0,0
0.0,0.0,0.0,0.0,0.0,0.0,0.0,0.0,0.0,0.0,0.0,0.0,0.0,0.0,0.0,0.0,0.0,0.0,0.0,0.0,0.0,0.0,0.0,0.0,0.0,0.0,0.0,0.0,0.0,0.0,0.0,0.0,0.0,0.0,0.0,0.0,0.0,0.0,0.0,0.0,0.0,0.0,0.0,0.0,0.0,0.0,0.0,0.0,0.0,0.0,0.0,0.0,0.0,0.0,0.0,0.0,0.0,0.0,0.0,0.0,0.0,0.0,0.0,0.0,0.0,0.0,0
0.0,0.0,0.0,0.0,0.0,0.0,0.0,0.0,0.0,0.0,0.0,0.0,0.0,0.0,0.0,0.0,0.0,0.0,0.0,0.0,0.0,0.0,0.0,0.0,0.0,0.0,0.0,0.0,0.0,0.0,0.0,0.0,0.0,0.0,0.0,0.0,0.0,0.0,0.0,0.0,0.0,0.0,0.0,0.0,0.0,0.0,0.0,0.0,0.0,0.0,0.0,0.0,0.0,0.0,0.0,0.0,0.0,0.0,0.0,0.0,0.0,0.0,0.0,0.0,0.0,0.0,0
0.0,0.0,0.0,0.0,0.0,0.0,0.0,0.0,0.0,0.0,0.0,0.0,0.0,0.0,0.0,0.0,0.0,0.0,0.0,0.0,0.0,0.0,0.0,0.0,0.0,0.0,0.0,0.0,0.0,0.0,0.0,0.0,0.0,0.0,0.0,0.0,0.0,0.0,0.0,0.0,0.0,0.0,0.0,0.0,0.0,0.0,0.0,0.0,0.0,0.0,0.0,0.0,0.0,0.0,0.0,0.0,0.0,0.0,0.0,0.0,0.0,0.0,0.0,0.0,0.0,0.0,0
