kp0_x,kp0_y,kp1_x,kp1_y,kp2_x,kp2_y,kp3_x,kp3_y,kp4_x,kp4_y,kp5_x,kp5_y,kp6_x,kp6_y,kp7_x,kp7_y,kp8_x,kp8_y,kp9_x,kp9_y,kp10_x,kp10_y,kp11_x,kp11_y,kp12_x,kp12_y,kp13_x,kp13_y,kp14_x,kp14_y,kp15_x,kp15_y,kp16_x,kp16_y,kp17_x,kp17_y,kp18_x,kp18_y,kp19_x,kp19_y,kp20_x,kp20_y,kp21_x,kp21_y,kp22_x,kp22_y,kp23_x,kp23_y,kp24_x,kp24_y,kp25_x,kp25_y,kp26_x,kp26_y,kp27_x,kp27_y,kp28_x,kp28_y,kp29_x,kp29_y,kp30_x,kp30_y,kp31_x,kp31_y,kp32_x,kp32_y,label
0.0,0.0,0.0,0.0,0.0,0.0,0.0,0.0,0.0,0.0,0.0,0.0,0.0,0.0,0.0,0.0,0.0,0.0,0.0,0.0,0.0,0.0,0.0,0.0,0.0,0.0,0.0,0.0,0.0,0.0,0.0,0.0,0.0,0.0,0.0,0.0,0.0,0.0,0.0,0.0,0.0,0.0,0.0,0.0,0.0,0.0,0.0,0.0,0.0,0.0,0.0,0.0,0.0,0.0,0.0,0.0,0.0,0.0,0.0,0.0,0.0,0.0,0.0,0.0,0.0,0.0,0
0.0,0.0,0.0,0.0,0.0,0.0,0.0,0.0,0.0,0.0,0.0,0.0,0.0,0.0,0.0,0.0,0.0,0.0,0.0,0.0,0.0,0.0,0.0,0.0,0.0,0.0,0.0,0.0,0.0,0.0,0.0,0.0,0.0,0.0,0.0,0.0,0.0,0.0,0.0,0.0,0.0,0.0,0.0,0.0,0.0,0.0,0.0,0.0,0.0,0.0,0.0,0.0,0.0,0.0,0.0,0.0,0.0,0.0,0.0,0.0,0.0,0.0,0.0,0.0,0.0,0.0,0
0.0,0.0,0.0,0.0,0.0,0.0,0.0,0.0,0.0,0.0,0.0,0.0,0.0,0.0,0.0,0.0,0.0,0.0,0.0,0.0,0.0,0.0,0.0,0.0,0.0,0.0,0.0,0.0,0.0,0.0,0.0,0.0,0.0,0.0,0.0,0.0,0.0,0.0,0.0,0.0,0.0,0.0,0.0,0.0,0.0,0.0,0.0,0.0,0.0,0.0,0.0,0.0,0.0,0.0,0.0,0.0,0.0,0.0,0.0,0.0,0.0,0.0,0.0,0.0,0.0,0.0,0
0.0,0.0,0.0,0.0,0.0,0.0,0.0,0.0,0.0,0.0,0.0,0.0,0.0,0.0,0.0,0.0,0.0,0.0,0.0,0.0,0.0,0.0,0.0,0.0,0.0,0.0,0.0,0.0,0.0,0.0,0.0,0.0,0.0,0.0,0.0,0.0,0.0,0.0,0.0,0.0,0.0,0.0,0.0,0.0,0.0,0.0,0.0,0.0,0.0,0.0,0.0,0.0,0.0,0.0,0.0,0.0,0.0,0.0,0.0,0.0,0.0,0.0,0.0,0.0,0.0,0.0,0
0.0,0.0,0.0,0.0,0.0,0.0,0.0,0.0,0.0,0.0,0.0,0.0,0.0,0.0,0.0,0.0,0.0,0.0,0.0,0.0,0.0,0.0,0.0,0.0,0.0,0.0,0.0,0.0,0.0,0.0,0.0,0.0,0.0,0.0,0.0,0.0,0.0,0.0,0.0,0.0,0.0,0.0,0.0,0.0,0.0,0.0,0.0,0.0,0.0,0.0,0.0,0.0,0.0,0.0,0.0,0.0,0.0,0.0,0.0,0.0,0.0,0.0,0.0,0.0,0.0,0.0,0
0.0,0.0,0.0,0.0,0.0,0.0,0.0,0.0,0.0,0.0,0.0,0.0,0.0,0.0,0.0,0.0,0.0,0.0,0.0,0.0,0.0,0.0,0.0,0.0,0.0,0.0,0.0,0.0,0.0,0.0,0.0,0.0,0.0,0.0,0.0,0.0,0.0,0.0,0.0,0.0,0.0,0.0,0.0,0.0,0.0,0.0,0.0,0.0,0.0,0.0,0.0,0.0,0.0,0.0,0.0,0.0,0.0,0.0,0.0,0.0,0.0,0.0,0.0,0.0,0.0,0.0,0
0.0,0.0,0.0,0.0,0.0,0.0,0.0,0.0,0.0,0.0,0.0,0.0,0.0,0.0,0.0,0.0,0.0,0.0,0.0,0.0,0.0,0.0,0.0,0.0,0.0,0.0,0.0,0.0,0.0,0.0,0.0,0.0,0.0,0.0,0.0,0.0,0.0,0.0,0.0,0.0,0.0,0.0,0.0,0.0,0.0,0.0,0.0,0.0,0.0,0.0,0.0,0.0,0.0,0.0,0.0,0.0,0.0,0.0,0.0,0.0,0.0,0.0,0.0,0.0,0.0,0.0,0
0.0,0.0,0.0,0.0,0.0,0.0,0.0,0.0,0.0,0.0,0.0,0.0,0.0,0.0,0.0,0.0,0.0,0.0,0.0,0.0,0.0,0.0,0.0,0.0,0.0,0.0,0.0,0.0,0.0,0.0,0.0,0.0,0.0,0.0,0.0,0.0,0.0,0.0,0.0,0.0,0.0,0.0,0.0,0.0,0.0,0.0,0.0,0.0,0.0,0.0,0.0,0.0,0.0,0.0,0.0,0.0,0.0,0.0,0.0,0.0,0.0,0.0,0.0,0.0,0.0,0.0,0
0.0,0.0,0.0,0.0,0.0,0.0,0.0,0.0,0.0,0.0,0.0,0.0,0.0,0.0,0.0,0.0,0.0,0.0,0.0,0.0,0.0,0.0,0.0,0.0,0.0,0.0,0.0,0.0,0.0,0.0,0.0,0.0,0.0,0.0,0.0,0.0,0.0,0.0,0.0,0.0,0.0,0.0,0.0,0.0,0.0,0.0,0.0,0.0,0.0,0.0,0.0,0.0,0.0,0.0,0.0,0.0,0.0,0.0,0.0,0.0,0.0,0.0,0.0,0.0,0.0,0.0,0
0.0,0.0,0.0,0.0,0.0,0.0,0.0,0.0,0.0,0.0,0.0,0.0,0.0,0.0,0.0,0.0,0.0,0.0,0.0,0.0,0.0,0.0,0.0,0.0,0.0,0.0,0.0,0.0,0.0,0.0,0.0,0.0,0.0,0.0,0.0,0.0,0.0,0.0,0.0,0.0,0.0,0.0,0.0,0.0,0.0,0.0,0.0,0.0,0.0,0.0,0.0,0.0,0.0,0.0,0.0,0.0,0.0,0.0,0.0,0.0,0.0,0.0,0.0,0.0,0.0,0.0,0
0.0,0.0,0.0,0.0,0.0,0.0,0.0,0.0,0.0,0.0,0.0,0.0,0.0,0.0,0.0,0.0,0.0,0.0,0.0,0.0,0.0,0.0,0.0,0.0,0.0,0.0,0.0,0.0,0.0,0.0,0.0,0.0,0.0,0.0,0.0,0.0,0.0,0.0,0.0,0.0,0.0,0.0,0.0,0.0,0.0,0.0,0.0,0.0,0.0,0.0,0.0,0.0,0.0,0.0,0.0,0.0,0.0,0.0,0.0,0.0,0.0,0.0,0.0,0.0,0.0,0.0,0
0.0,0.0,0.0,0.0,0.0,0.0,0.0,0.0,0.0,0.0,0.0,0.0,0.0,0.0,0.0,0.0,0.0,0.0,0.0,0.0,0.0,0.0,0.0,0.0,0.0,0.0,0.0,0.0,0.0,0.0,0.0,0.0,0.0,0.0,0.0,0.0,0.0,0.0,0.0,0.0,0.0,0.0,0.0,0.0,0.0,0.0,0.0,0.0,0.0,0.0,0.0,0.0,0.0,0.0,0.0,0.0,0.0,0.0,0.0,0.0,0.0,0.0,0.0,0.0,0.0,0.0,0
0.0,0.0,0.0,0.0,0.0,0.0,0.0,0.0,0.0,0.0,0.0,0.0,0.0,0.0,0.0,0.0,0.0,0.0,0.0,0.0,0.0,0.0,0.0,0.0,0.0,0.0,0.0,0.0,0.0,0.0,0.0,0.0,0.0,0.0,0.0,0.0,0.0,0.0,0.0,0.0,0.0,0.0,0.0,0.0,0.0,0.0,0.0,0.0,0.0,0.0,0.0,0.0,0.0,0.0,0.0,0.0,0.0,0.0,0.0,0.0,0.0,0.0,0.0,0.0,0.0,0.0,0
0.0,0.0,0.0,0.0,0.0,0.0,0.0,0.0,0.0,0.0,0.0,0.0,0.0,0.0,0.0,0.0,0.0,0.0,0.0,0.0,0.0,0.0,0.0,0.0,0.0,0.0,0.0,0.0,0.0,0.0,0.0,0.0,0.0,0.0,0.0,0.0,0.0,0.0,0.0,0.0,0.0,0.0,0.0,0.0,0.0,0.0,0.0,0.0,0.0,0.0,0.0,0.0,0.0,0.0,0.0,0.0,0.0,0.0,0.0,0.0,0.0,0.0,0.0,0.0,0.0,0.0,0
0.0,0.0,0.0,0.0,0.0,0.0,0.0,0.0,0.0,0.0,0.0,0.0,0.0,0.0,0.0,0.0,0.0,0.0,0.0,0.0,0.0,0.0,0.0,0.0,0.0,0.0,0.0,0.0,0.0,0.0,0.0,0.0,0.0,0.0,0.0,0.0,0.0,0.0,0.0,0.0,0.0,0.0,0.0,0.0,0.0,0.0,0.0,0.0,0.0,0.0,0.0,0.0,0.0,0.0,0.0,0.0,0.0,0.0,0.0,0.0,0.0,0.0,0.0,0.0,0.0,0.0,0
0.0,0.0,0.0,0.0,0.0,0.0,0.0,0.0,0.0,0.0,0.0,0.0,0.0,0.0,0.0,0.0,0.0,0.0,0.0,0.0,0.0,0.0,0.0,0.0,0.0,0.0,0.0,0.0,0.0,0.0,0.0,0.0,0.0,0.0,0.0,0.0,0.0,0.0,0.0,0.0,0.0,0.0,0.0,0.0,0.0,0.0,0.0,0.0,0.0,0.0,0.0,0.0,0.0,0.0,0.0,0.0,0.0,0.0,0.0,0.0,0.0,0.0,0.0,0.0,0.0,0.0,0
0.0,0.0,0.0,0.0,0.0,0.0,0.0,0.0,0.0,0.0,0.0,0.0,0.0,0.0,0.0,0.0,0.0,0.0,0.0,0.0,0.0,0.0,0.0,0.0,0.0,0.0,0.0,0.0,0.0,0.0,0.0,0.0,0.0,0.0,0.0,0.0,0.0,0.0,0.0,0.0,0.0,0.0,0.0,0.0,0.0,0.0,0.0,0.0,0.0,0.0,0.0,0.0,0.0,0.0,0.0,0.0,0.0,0.0,0.0,0.0,0.0,0.0,0.0,0.0,0.0,0.0,0
0.0,0.0,0.0,0.0,0.0,0.0,0.0,0.0,0.0,0.0,0.0,0.0,0.0,0.0,0.0,0.0,0.0,0.0,0.0,0.0,0.0,0.0,0.0,0.0,0.0,0.0,0.0,0.0,0.0,0.0,0.0,0.0,0.0,0.0,0.0,0.0,0.0,0.0,0.0,0.0,0.0,0.0,0.0,0.0,0.0,0.0,0.0,0.0,0.0,0.0,0.0,0.0,0.0,0.0,0.0,0.0,0.0,0.0,0.0,0.0,0.0,0.0,0.0,0.0,0.0,0.0,0
0.0,0.0,0.0,0.0,0.0,0.0,0.0,0.0,0.0,0.0,0.0,0.0,0.0,0.0,0.0,0.0,0.0,0.0,0.0,0.0,0.0,0.0,0.0,0.0,0.0,0.0,0.0,0.0,0.0,0.0,0.0,0.0,0.0,0.0,0.0,0.0,0.0,0.0,0.0,0.0,0.0,0.0,0.0,0.0,0.0,0.0,0.0,0.0,0.0,0.0,0.0,0.0,0.0,0.0,0.0,0.0,0.0,0.0,0.0,0.0,0.0,0.0,0.0,0.0,0.0,0.0,0
0.0,0.0,0.0,0.0,0.0,0.0,0.0,0.0,0.0,0.0,0.0,0.0,0.0,0.0,0.0,0.0,0.0,0.0,0.0,0.0,0.0,0.0,0.0,0.0,0.0,0.0,0.0,0.0,0.0,0.0,0.0,0.0,0.0,0.0,0.0,0.0,0.0,0.0,0.0,0.0,0.0,0.0,0.0,0.0,0.0,0.0,0.0,0.0,0.0,0.0,0.0,0.0,0.0,0.0,0.0,0.0,0.0,0.0,0.0,0.0,0.0,0.0,0.0,0.0,0.0,0.0,0
0.0,0.0,0.0,0.0,0.0,0.0,0.0,0.0,0.0,0.0,0.0,0.0,0.0,0.0,0.0,0.0,0.0,0.0,0.0,0.0,0.0,0.0,0.0,0.0,0.0,0.0,0.0,0.0,0.0,0.0,0.0,0.0,0.0,0.0,0.0,0.0,0.0,0.0,0.0,0.0,0.0,0.0,0.0,0.0,0.0,0.0,0.0,0.0,0.0,0.0,0.0,0.0,0.0,0.0,0.0,0.0,0.0,0.0,0.0,0.0,0.0,0.0,0.0,0.0,0.0,0.0,0
0.0,0.0,0.0,0.0,0.0,0.0,0.0,0.0,0.0,0.0,0.0,0.0,0.0,0.0,0.0,0.0,0.0,0.0,0.0,0.0,0.0,0.0,0.0,0.0,0.0,0.0,0.0,0.0,0.0,0.0,0.0,0.0,0.0,0.0,0.0,0.0,0.0,0.0,0.0,0.0,0.0,0.0,0.0,0.0,0.0,0.0,0.0,0.0,0.0,0.0,0.0,0.0,0.0,0.0,0.0,0.0,0.0,0.0,0.0,0.0,0.0,0.0,0.0,0.0,0.0,0.0,0
0.0,0.0,0.0,0.0,0.0,0.0,0.0,0.0,0.0,0.0,0.0,0.0,0.0,0.0,0.0,0.0,0.0,0.0,0.0,0.0,0.0,0.0,0.0,0.0,0.0,0.0,0.0,0.0,0.0,0.0,0.0,0.0,0.0,0.0,0.0,0.0,0.0,0.0,0.0,0.0,0.0,0.0,0.0,0.0,0.0,0.0,0.0,0.0,0.0,0.0,0.0,0.0,0.0,0.0,0.0,0.0,0.0,0.0,0.0,0.0,0.0,0.0,0.0,0.0,0.0,0.0,0
0.0,0.0,0.0,0.0,0.0,0.0,0.0,0.0,0.0,0.0,0.0,0.0,0.0,0.0,0.0,0.0,0.0,0.0,0.0,0.0,0.0,0.0,0.0,0.0,0.0,0.0,0.0,0.0,0.0,0.0,0.0,0.0,0.0,0.0,0.0,0.0,0.0,0.0,0.0,0.0,0.0,0.0,0.0,0.0,0.0,0.0,0.0,0.0,0.0,0.0,0.0,0.0,0.0,0.0,0.0,0.0,0.0,0.0,0.0,0.0,0.0,0.0,0.0,0.0,0.0,0.0,0
0.0,0.0,0.0,0.0,0.0,0.0,0.0,0.0,0.0,0.0,0.0,0.0,0.0,0.0,0.0,0.0,0.0,0.0,0.0,0.0,0.0,0.0,0.0,0.0,0.0,0.0,0.0,0.0,0.0,0.0,0.0,0.0,0.0,0.0,0.0,0.0,0.0,0.0,0.0,0.0,0.0,0.0,0.0,0.0,0.0,0.0,0.0,0.0,0.0,0.0,0.0,0.0,0.0,0.0,0.0,0.0,0.0,0.0,0.0,0.0,0.0,0.0,0.0,0.0,0.0,0.0,0
0.0,0.0,0.0,0.0,0.0,0.0,0.0,0.0,0.0,0.0,0.0,0.0,0.0,0.0,0.0,0.0,0.0,0.0,0.0,0.0,0.0,0.0,0.0,0.0,0.0,0.0,0.0,0.0,0.0,0.0,0.0,0.0,0.0,0.0,0.0,0.0,0.0,0.0,0.0,0.0,0.0,0.0,0.0,0.0,0.0,0.0,0.0,0.0,0.0,0.0,0.0,0.0,0.0,0.0,0.0,0.0,0.0,0.0,0.0,0.0,0.0,0.0,0.0,0.0,0.0,0.0,0
0.0,0.0,0.0,0.0,0.0,0.0,0.0,0.0,0.0,0.0,0.0,0.0,0.0,0.0,0.0,0.0,0.0,0.0,0.0,0.0,0.0,0.0,0.0,0.0,0.0,0.0,0.0,0.0,0.0,0.0,0.0,0.0,0.0,0.0,0.0,0.0,0.0,0.0,0.0,0.0,0.0,0.0,0.0,0.0,0.0,0.0,0.0,0.0,0.0,0.0,0.0,0.0,0.0,0.0,0.0,0.0,0.0,0.0,0.0,0.0,0.0,0.0,0.0,0.0,0.0,0.0,0
0.0,0.0,0.0,0.0,0.0,0.0,0.0,0.0,0.0,0.0,0.0,0.0,0.0,0.0,0.0,0.0,0.0,0.0,0.0,0.0,0.0,0.0,0.0,0.0,0.0,0.0,0.0,0.0,0.0,0.0,0.0,0.0,0.0,0.0,0.0,0.0,0.0,0.0,0.0,0.0,0.0,0.0,0.0,0.0,0.0,0.0,0.0,0.0,0.0,0.0,0.0,0.0,0.0,0.0,0.0,0.0,0.0,0.0,0.0,0.0,0.0,0.0,0.0,0.0,0.0,0.0,0
0.0,0.0,0.0,0.0,0.0,0.0,0.0,0.0,0.0,0.0,0.0,0.0,0.0,0.0,0.0,0.0,0.0,0.0,0.0,0.0,0.0,0.0,0.0,0.0,0.0,0.0,0.0,0.0,0.0,0.0,0.0,0.0,0.0,0.0,0.0,0.0,0.0,0.0,0.0,0.0,0.0,0.0,0.0,0.0,0.0,0.0,0.0,0.0,0.0,0.0,0.0,0.0,0.0,0.0,0.0,0.0,0.0,0.0,0.0,0.0,0.0,0.0,0.0,0.0,0.0,0.0,0
0.0,0.0,0.0,0.0,0.0,0.0,0.0,0.0,0.0,0.0,0.0,0.0,0.0,0.0,0.0,0.0,0.0,0.0,0.0,0.0,0.0,0.0,0.0,0.0,0.0,0.0,0.0,0.0,0.0,0.0,0.0,0.0,0.0,0.0,0.0,0.0,0.0,0.0,0.0,0.0,0.0,0.0,0.0,0.0,0.0,0.0,0.0,0.0,0.0,0.0,0.0,0.0,0.0,0.0,0.0,0.0,0.0,0.0,0.0,0.0,0.0,0.0,0.0,0.0,0.0,0.0,0
0.0,0.0,0.0,0.0,0.0,0.0,0.0,0.0,0.0,0.0,0.0,0.0,0.0,0.0,0.0,0.0,0.0,0.0,0.0,0.0,0.0,0.0,0.0,0.0,0.0,0.0,0.0,0.0,0.0,0.0,0.0,0.0,0.0,0.0,0.0,0.0,0.0,0.0,0.0,0.0,0.0,0.0,0.0,0.0,0.0,0.0,0.0,0.0,0.0,0.0,0.0,0.0,0.0,0.0,0.0,0.0,0.0,0.0,0.0,0.0,0.0,0.0,0.0,0.0,0.0,0.0,0
0.0,0.0,0.0,0.0,0.0,0.0,0.0,0.0,0.0,0.0,0.0,0.0,0.0,0.0,0.0,0.0,0.0,0.0,0.0,0.0,0.0,0.0,0.0,0.0,0.0,0.0,0.0,0.0,0.0,0.0,0.0,0.0,0.0,0.0,0.0,0.0,0.0,0.0,0.0,0.0,0.0,0.0,0.0,0.0,0.0,0.0,0.0,0.0,0.0,0.0,0.0,0.0,0.0,0.0,0.0,0.0,0.0,0.0,0.0,0.0,0.0,0.0,0.0,0.0,0.0,0.0,0
0.0,0.0,0.0,0.0,0.0,0.0,0.0,0.0,0.0,0.0,0.0,0.0,0.0,0.0,0.0,0.0,0.0,0.0,0.0,0.0,0.0,0.0,0.0,0.0,0.0,0.0,0.0,0.0,0.0,0.0,0.0,0.0,0.0,0.0,0.0,0.0,0.0,0.0,0.0,0.0,0.0,0.0,0.0,0.0,0.0,0.0,0.0,0.0,0.0,0.0,0.0,0.0,0.0,0.0,0.0,0.0,0.0,0.0,0.0,0.0,0.0,0.0,0.0,0.0,0.0,0.0,0
0.0,0.0,0.0,0.0,0.0,0.0,0.0,0.0,0.0,0.0,0.0,0.0,0.0,0.0,0.0,0.0,0.0,0.0,0.0,0.0,0.0,0.0,0.0,0.0,0.0,0.0,0.0,0.0,0.0,0.0,0.0,0.0,0.0,0.0,0.0,0.0,0.0,0.0,0.0,0.0,0.0,0.0,0.0,0.0,0.0,0.0,0.0,0.0,0.0,0.0,0.0,0.0,0.0,0.0,0.0,0.0,0.0,0.0,0.0,0.0,0.0,0.0,0.0,0.0,0.0,0.0,0
0.0,0.0,0.0,0.0,0.0,0.0,0.0,0.0,0.0,0.0,0.0,0.0,0.0,0.0,0.0,0.0,0.0,0.0,0.0,0.0,0.0,0.0,0.0,0.0,0.0,0.0,0.0,0.0,0.0,0.0,0.0,0.0,0.0,0.0,0.0,0.0,0.0,0.0,0.0,0.0,0.0,0.0,0.0,0.0,0.0,0.0,0.0,0.0,0.0,0.0,0.0,0.0,0.0,0.0,0.0,0.0,0.0,0.0,0.0,0.0,0.0,0.0,0.0,0.0,0.0,0.0,0
0.0,0.0,0.0,0.0,0.0,0.0,0.0,0.0,0.0,0.0,0.0,0.0,0.0,0.0,0.0,0.0,0.0,0.0,0.0,0.0,0.0,0.0,0.0,0.0,0.0,0.0,0.0,0.0,0.0,0.0,0.0,0.0,0.0,0.0,0.0,0.0,0.0,0.0,0.0,0.0,0.0,0.0,0.0,0.0,0.0,0.0,0.0,0.0,0.0,0.0,0.0,0.0,0.0,0.0,0.0,0.0,0.0,0.0,0.0,0.0,0.0,0.0,0.0,0.0,0.0,0.0,0
0.0,0.0,0.0,0.0,0.0,0.0,0.0,0.0,0.0,0.0,0.0,0.0,0.0,0.0,0.0,0.0,0.0,0.0,0.0,0.0,0.0,0.0,0.0,0.0,0.0,0.0,0.0,0.0,0.0,0.0,0.0,0.0,0.0,0.0,0.0,0.0,0.0,0.0,0.0,0.0,0.0,0.0,0.0,0.0,0.0,0.0,0.0,0.0,0.0,0.0,0.0,0.0,0.0,0.0,0.0,0.0,0.0,0.0,0.0,0.0,0.0,0.0,0.0,0.0,0.0,0.0,0
0.0,0.0,0.0,0.0,0.0,0.0,0.0,0.0,0.0,0.0,0.0,0.0,0.0,0.0,0.0,0.0,0.0,0.0,0.0,0.0,0.0,0.0,0.0,0.0,0.0,0.0,0.0,0.0,0.0,0.0,0.0,0.0,0.0,0.0,0.0,0.0,0.0,0.0,0.0,0.0,0.0,0.0,0.0,0.0,0.0,0.0,0.0,0.0,0.0,0.0,0.0,0.0,0.0,0.0,0.0,0.0,0.0,0.0,0.0,0.0,0.0,0.0,0.0,0.0,0.0,0.0,0
0.0,0.0,0.0,0.0,0.0,0.0,0.0,0.0,0.0,0.0,0.0,0.0,0.0,0.0,0.0,0.0,0.0,0.0,0.0,0.0,0.0,0.0,0.0,0.0,0.0,0.0,0.0,0.0,0.0,0.0,0.0,0.0,0.0,0.0,0.0,0.0,0.0,0.0,0.0,0.0,0.0,0.0,0.0,0.0,0.0,0.0,0.0,0.0,0.0,0.0,0.0,0.0,0.0,0.0,0.0,0.0,0.0,0.0,0.0,0.0,0.0,0.0,0.0,0.0,0.0,0.0,0
0.0,0.0,0.0,0.0,0.0,0.0,0.0,0.0,0.0,0.0,0.0,0.0,0.0,0.0,0.0,0.0,0.0,0.0,0.0,0.0,0.0,0.0,0.0,0.0,0.0,0.0,0.0,0.0,0.0,0.0,0.0,0.0,0.0,0.0,0.0,0.0,0.0,0.0,0.0,0.0,0.0,0.0,0.0,0.0,0.0,0.0,0.0,0.0,0.0,0.0,0.0,0.0,0.0,0.0,0.0,0.0,0.0,0.0,0.0,0.0,0.0,0.0,0.0,0.0,0.0,0.0,0
0.0,0.0,0.0,0.0,0.0,0.0,0.0,0.0,0.0,0.0,0.0,0.0,0.0,0.0,0.0,0.0,0.0,0.0,0.0,0.0,0.0,0.0,0.0,0.0,0.0,0.0,0.0,0.0,0.0,0.0,0.0,0.0,0.0,0.0,0.0,0.0,0.0,0.0,0.0,0.0,0.0,0.0,0.0,0.0,0.0,0.0,0.0,0.0,0.0,0.0,0.0,0.0,0.0,0.0,0.0,0.0,0.0,0.0,0.0,0.0,0.0,0.0,0.0,0.0,0.0,0.0,0
0.0,0.0,0.0,0.0,0.0,0.0,0.0,0.0,0.0,0.0,0.0,0.0,0.0,0.0,0.0,0.0,0.0,0.0,0.0,0.0,0.0,0.0,0.0,0.0,0.0,0.0,0.0,0.0,0.0,0.0,0.0,0.0,0.0,0.0,0.0,0.0,0.0,0.0,0.0,0.0,0.0,0.0,0.0,0.0,0.0,0.0,0.0,0.0,0.0,0.0,0.0,0.0,0.0,0.0,0.0,0.0,0.0,0.0,0.0,0.0,0.0,0.0,0.0,0.0,0.0,0.0,0
0.0,0.0,0.0,0.0,0.0,0.0,0.0,0.0,0.0,0.0,0.0,0.0,0.0,0.0,0.0,0.0,0.0,0.0,0.0,0.0,0.0,0.0,0.0,0.0,0.0,0.0,0.0,0.0,0.0,0.0,0.0,0.0,0.0,0.0,0.0,0.0,0.0,0.0,0.0,0.0,0.0,0.0,0.0,0.0,0.0,0.0,0.0,0.0,0.0,0.0,0.0,0.0,0.0,0.0,0.0,0.0,0.0,0.0,0.0,0.0,0.0,0.0,0.0,0.0,0.0,0.0,0
0.0,0.0,0.0,0.0,0.0,0.0,0.0,0.0,0.0,0.0,0.0,0.0,0.0,0.0,0.0,0.0,0.0,0.0,0.0,0.0,0.0,0.0,0.0,0.0,0.0,0.0,0.0,0.0,0.0,0.0,0.0,0.0,0.0,0.0,0.0,0.0,0.0,0.0,0.0,0.0,0.0,0.0,0.0,0.0,0.0,0.0,0.0,0.0,0.0,0.0,0.0,0.0,0.0,0.0,0.0,0.0,0.0,0.0,0.0,0.0,0.0,0.0,0.0,0.0,0.0,0.0,0
0.0,0.0,0.0,0.0,0.0,0.0,0.0,0.0,0.0,0.0,0.0,0.0,0.0,0.0,0.0,0.0,0.0,0.0,0.0,0.0,0.0,0.0,0.0,0.0,0.0,0.0,0.0,0.0,0.0,0.0,0.0,0.0,0.0,0.0,0.0,0.0,0.0,0.0,0.0,0.0,0.0,0.0,0.0,0.0,0.0,0.0,0.0,0.0,0.0,0.0,0.0,0.0,0.0,0.0,0.0,0.0,0.0,0.0,0.0,0.0,0.0,0.0,0.0,0.0,0.0,0.0,0
0.0,0.0,0.0,0.0,0.0,0.0,0.0,0.0,0.0,0.0,0.0,0.0,0.0,0.0,0.0,0.0,0.0,0.0,0.0,0.0,0.0,0.0,0.0,0.0,0.0,0.0,0.0,0.0,0.0,0.0,0.0,0.0,0.0,0.0,0.0,0.0,0.0,0.0,0.0,0.0,0.0,0.0,0.0,0.0,0.0,0.0,0.0,0.0,0.0,0.0,0.0,0.0,0.0,0.0,0.0,0.0,0.0,0.0,0.0,0.0,0.0,0.0,0.0,0.0,0.0,0.0,0
0.0,0.0,0.0,0.0,0.0,0.0,0.0,0.0,0.0,0.0,0.0,0.0,0.0,0.0,0.0,0.0,0.0,0.0,0.0,0.0,0.0,0.0,0.0,0.0,0.0,0.0,0.0,0.0,0.0,0.0,0.0,0.0,0.0,0.0,0.0,0.0,0.0,0.0,0.0,0.0,0.0,0.0,0.0,0.0,0.0,0.0,0.0,0.0,0.0,0.0,0.0,0.0,0.0,0.0,0.0,0.0,0.0,0.0,0.0,0.0,0.0,0.0,0.0,0.0,0.0,0.0,0
0.0,0.0,0.0,0.0,0.0,0.0,0.0,0.0,0.0,0.0,0.0,0.0,0.0,0.0,0.0,0.0,0.0,0.0,0.0,0.0,0.0,0.0,0.0,0.0,0.0,0.0,0.0,0.0,0.0,0.0,0.0,0.0,0.0,0.0,0.0,0.0,0.0,0.0,0.0,0.0,0.0,0.0,0.0,0.0,0.0,0.0,0.0,0.0,0.0,0.0,0.0,0.0,0.0,0.0,0.0,0.0,0.0,0.0,0.0,0.0,0.0,0.0,0.0,0.0,0.0,0.0,0
0.0,0.0,0.0,0.0,0.0,0.0,0.0,0.0,0.0,0.0,0.0,0.0,0.0,0.0,0.0,0.0,0.0,0.0,0.0,0.0,0.0,0.0,0.0,0.0,0.0,0.0,0.0,0.0,0.0,0.0,0.0,0.0,0.0,0.0,0.0,0.0,0.0,0.0,0.0,0.0,0.0,0.0,0.0,0.0,0.0,0.0,0.0,0.0,0.0,0.0,0.0,0.0,0.0,0.0,0.0,0.0,0.0,0.0,0.0,0.0,0.0,0.0,0.0,0.0,0.0,0.0,0
0.0,0.0,0.0,0.0,0.0,0.0,0.0,0.0,0.0,0.0,0.0,0.0,0.0,0.0,0.0,0.0,0.0,0.0,0.0,0.0,0.0,0.0,0.0,0.0,0.0,0.0,0.0,0.0,0.0,0.0,0.0,0.0,0.0,0.0,0.0,0.0,0.0,0.0,0.0,0.0,0.0,0.0,0.0,0.0,0.0,0.0,0.0,0.0,0.0,0.0,0.0,0.0,0.0,0.0,0.0,0.0,0.0,0.0,0.0,0.0,0.0,0.0,0.0,0.0,0.0,0.0,0
0.0,0.0,0.0,0.0,0.0,0.0,0.0,0.0,0.0,0.0,0.0,0.0,0.0,0.0,0.0,0.0,0.0,0.0,0.0,0.0,0.0,0.0,0.0,0.0,0.0,0.0,0.0,0.0,0.0,0.0,0.0,0.0,0.0,0.0,0.0,0.0,0.0,0.0,0.0,0.0,0.0,0.0,0.0,0.0,0.0,0.0,0.0,0.0,0.0,0.0,0.0,0.0,0.0,0.0,0.0,0.0,0.0,0.0,0.0,0.0,0.0,0.0,0.0,0.0,0.0,0.0,0
0.0,0.0,0.0,0.0,0.0,0.0,0.0,0.0,0.0,0.0,0.0,0.0,0.0,0.0,0.0,0.0,0.0,0.0,0.0,0.0,0.0,0.0,0.0,0.0,0.0,0.0,0.0,0.0,0.0,0.0,0.0,0.0,0.0,0.0,0.0,0.0,0.0,0.0,0.0,0.0,0.0,0.0,0.0,0.0,0.0,0.0,0.0,0.0,0.0,0.0,0.0,0.0,0.0,0.0,0.0,0.0,0.0,0.0,0.0,0.0,0.0,0.0,0.0,0.0,0.0,0.0,0
0.0,0.0,0.0,0.0,0.0,0.0,0.0,0.0,0.0,0.0,0.0,0.0,0.0,0.0,0.0,0.0,0.0,0.0,0.0,0.0,0.0,0.0,0.0,0.0,0.0,0.0,0.0,0.0,0.0,0.0,0.0,0.0,0.0,0.0,0.0,0.0,0.0,0.0,0.0,0.0,0.0,0.0,0.0,0.0,0.0,0.0,0.0,0.0,0.0,0.0,0.0,0.0,0.0,0.0,0.0,0.0,0.0,0.0,0.0,0.0,0.0,0.0,0.0,0.0,0.0,0.0,0
0.0,0.0,0.0,0.0,0.0,0.0,0.0,0.0,0.0,0.0,0.0,0.0,0.0,0.0,0.0,0.0,0.0,0.0,0.0,0.0,0.0,0.0,0.0,0.0,0.0,0.0,0.0,0.0,0.0,0.0,0.0,0.0,0.0,0.0,0.0,0.0,0.0,0.0,0.0,0.0,0.0,0.0,0.0,0.0,0.0,0.0,0.0,0.0,0.0,0.0,0.0,0.0,0.0,0.0,0.0,0.0,0.0,0.0,0.0,0.0,0.0,0.0,0.0,0.0,0.0,0.0,0
0.0,0.0,0.0,0.0,0.0,0.0,0.0,0.0,0.0,0.0,0.0,0.0,0.0,0.0,0.0,0.0,0.0,0.0,0.0,0.0,0.0,0.0,0.0,0.0,0.0,0.0,0.0,0.0,0.0,0.0,0.0,0.0,0.0,0.0,0.0,0.0,0.0,0.0,0.0,0.0,0.0,0.0,0.0,0.0,0.0,0.0,0.0,0.0,0.0,0.0,0.0,0.0,0.0,0.0,0.0,0.0,0.0,0.0,0.0,0.0,0.0,0.0,0.0,0.0,0.0,0.0,0
0.0,0.0,0.0,0.0,0.0,0.0,0.0,0.0,0.0,0.0,0.0,0.0,0.0,0.0,0.0,0.0,0.0,0.0,0.0,0.0,0.0,0.0,0.0,0.0,0.0,0.0,0.0,0.0,0.0,0.0,0.0,0.0,0.0,0.0,0.0,0.0,0.0,0.0,0.0,0.0,0.0,0.0,0.0,0.0,0.0,0.0,0.0,0.0,0.0,0.0,0.0,0.0,0.0,0.0,0.0,0.0,0.0,0.0,0.0,0.0,0.0,0.0,0.0,0.0,0.0,0.0,0
0.0,0.0,0.0,0.0,0.0,0.0,0.0,0.0,0.0,0.0,0.0,0.0,0.0,0.0,0.0,0.0,0.0,0.0,0.0,0.0,0.0,0.0,0.0,0.0,0.0,0.0,0.0,0.0,0.0,0.0,0.0,0.0,0.0,0.0,0.0,0.0,0.0,0.0,0.0,0.0,0.0,0.0,0.0,0.0,0.0,0.0,0.0,0.0,0.0,0.0,0.0,0.0,0.0,0.0,0.0,0.0,0.0,0.0,0.0,0.0,0.0,0.0,0.0,0.0,0.0,0.0,0
0.0,0.0,0.0,0.0,0.0,0.0,0.0,0.0,0.0,0.0,0.0,0.0,0.0,0.0,0.0,0.0,0.0,0.0,0.0,0.0,0.0,0.0,0.0,0.0,0.0,0.0,0.0,0.0,0.0,0.0,0.0,0.0,0.0,0.0,0.0,0.0,0.0,0.0,0.0,0.0,0.0,0.0,0.0,0.0,0.0,0.0,0.0,0.0,0.0,0.0,0.0,0.0,0.0,0.0,0.0,0.0,0.0,0.0,0.0,0.0,0.0,0.0,0.0,0.0,0.0,0.0,0
0.0,0.0,0.0,0.0,0.0,0.0,0.0,0.0,0.0,0.0,0.0,0.0,0.0,0.0,0.0,0.0,0.0,0.0,0.0,0.0,0.0,0.0,0.0,0.0,0.0,0.0,0.0,0.0,0.0,0.0,0.0,0.0,0.0,0.0,0.0,0.0,0.0,0.0,0.0,0.0,0.0,0.0,0.0,0.0,0.0,0.0,0.0,0.0,0.0,0.0,0.0,0.0,0.0,0.0,0.0,0.0,0.0,0.0,0.0,0.0,0.0,0.0,0.0,0.0,0.0,0.0,0
0.0,0.0,0.0,0.0,0.0,0.0,0.0,0.0,0.0,0.0,0.0,0.0,0.0,0.0,0.0,0.0,0.0,0.0,0.0,0.0,0.0,0.0,0.0,0.0,0.0,0.0,0.0,0.0,0.0,0.0,0.0,0.0,0.0,0.0,0.0,0.0,0.0,0.0,0.0,0.0,0.0,0.0,0.0,0.0,0.0,0.0,0.0,0.0,0.0,0.0,0.0,0.0,0.0,0.0,0.0,0.0,0.0,0.0,0.0,0.0,0.0,0.0,0.0,0.0,0.0,0.0,0
0.0,0.0,0.0,0.0,0.0,0.0,0.0,0.0,0.0,0.0,0.0,0.0,0.0,0.0,0.0,0.0,0.0,0.0,0.0,0.0,0.0,0.0,0.0,0.0,0.0,0.0,0.0,0.0,0.0,0.0,0.0,0.0,0.0,0.0,0.0,0.0,0.0,0.0,0.0,0.0,0.0,0.0,0.0,0.0,0.0,0.0,0.0,0.0,0.0,0.0,0.0,0.0,0.0,0.0,0.0,0.0,0.0,0.0,0.0,0.0,0.0,0.0,0.0,0.0,0.0,0.0,0
0.0,0.0,0.0,0.0,0.0,0.0,0.0,0.0,0.0,0.0,0.0,0.0,0.0,0.0,0.0,0.0,0.0,0.0,0.0,0.0,0.0,0.0,0.0,0.0,0.0,0.0,0.0,0.0,0.0,0.0,0.0,0.0,0.0,0.0,0.0,0.0,0.0,0.0,0.0,0.0,0.0,0.0,0.0,0.0,0.0,0.0,0.0,0.0,0.0,0.0,0.0,0.0,0.0,0.0,0.0,0.0,0.0,0.0,0.0,0.0,0.0,0.0,0.0,0.0,0.0,0.0,0
0.0,0.0,0.0,0.0,0.0,0.0,0.0,0.0,0.0,0.0,0.0,0.0,0.0,0.0,0.0,0.0,0.0,0.0,0.0,0.0,0.0,0.0,0.0,0.0,0.0,0.0,0.0,0.0,0.0,0.0,0.0,0.0,0.0,0.0,0.0,0.0,0.0,0.0,0.0,0.0,0.0,0.0,0.0,0.0,0.0,0.0,0.0,0.0,0.0,0.0,0.0,0.0,0.0,0.0,0.0,0.0,0.0,0.0,0.0,0.0,0.0,0.0,0.0,0.0,0.0,0.0,0
0.0,0.0,0.0,0.0,0.0,0.0,0.0,0.0,0.0,0.0,0.0,0.0,0.0,0.0,0.0,0.0,0.0,0.0,0.0,0.0,0.0,0.0,0.0,0.0,0.0,0.0,0.0,0.0,0.0,0.0,0.0,0.0,0.0,0.0,0.0,0.0,0.0,0.0,0.0,0.0,0.0,0.0,0.0,0.0,0.0,0.0,0.0,0.0,0.0,0.0,0.0,0.0,0.0,0.0,0.0,0.0,0.0,0.0,0.0,0.0,0.0,0.0,0.0,0.0,0.0,0.0,0
0.0,0.0,0.0,0.0,0.0,0.0,0.0,0.0,0.0,0.0,0.0,0.0,0.0,0.0,0.0,0.0,0.0,0.0,0.0,0.0,0.0,0.0,0.0,0.0,0.0,0.0,0.0,0.0,0.0,0.0,0.0,0.0,0.0,0.0,0.0,0.0,0.0,0.0,0.0,0.0,0.0,0.0,0.0,0.0,0.0,0.0,0.0,0.0,0.0,0.0,0.0,0.0,0.0,0.0,0.0,0.0,0.0,0.0,0.0,0.0,0.0,0.0,0.0,0.0,0.0,0.0,0
0.0,0.0,0.0,0.0,0.0,0.0,0.0,0.0,0.0,0.0,0.0,0.0,0.0,0.0,0.0,0.0,0.0,0.0,0.0,0.0,0.0,0.0,0.0,0.0,0.0,0.0,0.0,0.0,0.0,0.0,0.0,0.0,0.0,0.0,0.0,0.0,0.0,0.0,0.0,0.0,0.0,0.0,0.0,0.0,0.0,0.0,0.0,0.0,0.0,0.0,0.0,0.0,0.0,0.0,0.0,0.0,0.0,0.0,0.0,0.0,0.0,0.0,0.0,0.0,0.0,0.0,0
0.0,0.0,0.0,0.0,0.0,0.0,0.0,0.0,0.0,0.0,0.0,0.0,0.0,0.0,0.0,0.0,0.0,0.0,0.0,0.0,0.0,0.0,0.0,0.0,0.0,0.0,0.0,0.0,0.0,0.0,0.0,0.0,0.0,0.0,0.0,0.0,0.0,0.0,0.0,0.0,0.0,0.0,0.0,0.0,0.0,0.0,0.0,0.0,0.0,0.0,0.0,0.0,0.0,0.0,0.0,0.0,0.0,0.0,0.0,0.0,0.0,0.0,0.0,0.0,0.0,0.0,0
0.0,0.0,0.0,0.0,0.0,0.0,0.0,0.0,0.0,0.0,0.0,0.0,0.0,0.0,0.0,0.0,0.0,0.0,0.0,0.0,0.0,0.0,0.0,0.0,0.0,0.0,0.0,0.0,0.0,0.0,0.0,0.0,0.0,0.0,0.0,0.0,0.0,0.0,0.0,0.0,0.0,0.0,0.0,0.0,0.0,0.0,0.0,0.0,0.0,0.0,0.0,0.0,0.0,0.0,0.0,0.0,0.0,0.0,0.0,0.0,0.0,0.0,0.0,0.0,0.0,0.0,0
0.0,0.0,0.0,0.0,0.0,0.0,0.0,0.0,0.0,0.0,0.0,0.0,0.0,0.0,0.0,0.0,0.0,0.0,0.0,0.0,0.0,0.0,0.0,0.0,0.0,0.0,0.0,0.0,0.0,0.0,0.0,0.0,0.0,0.0,0.0,0.0,0.0,0.0,0.0,0.0,0.0,0.0,0.0,0.0,0.0,0.0,0.0,0.0,0.0,0.0,0.0,0.0,0.0,0.0,0.0,0.0,0.0,0.0,0.0,0.0,0.0,0.0,0.0,0.0,0.0,0.0,0
0.0,0.0,0.0,0.0,0.0,0.0,0.0,0.0,0.0,0.0,0.0,0.0,0.0,0.0,0.0,0.0,0.0,0.0,0.0,0.0,0.0,0.0,0.0,0.0,0.0,0.0,0.0,0.0,0.0,0.0,0.0,0.0,0.0,0.0,0.0,0.0,0.0,0.0,0.0,0.0,0.0,0.0,0.0,0.0,0.0,0.0,0.0,0.0,0.0,0.0,0.0,0.0,0.0,0.0,0.0,0.0,0.0,0.0,0.0,0.0,0.0,0.0,0.0,0.0,0.0,0.0,0
0.0,0.0,0.0,0.0,0.0,0.0,0.0,0.0,0.0,0.0,0.0,0.0,0.0,0.0,0.0,0.0,0.0,0.0,0.0,0.0,0.0,0.0,0.0,0.0,0.0,0.0,0.0,0.0,0.0,0.0,0.0,0.0,0.0,0.0,0.0,0.0,0.0,0.0,0.0,0.0,0.0,0.0,0.0,0.0,0.0,0.0,0.0,0.0,0.0,0.0,0.0,0.0,0.0,0.0,0.0,0.0,0.0,0.0,0.0,0.0,0.0,0.0,0.0,0.0,0.0,0.0,0
0.0,0.0,0.0,0.0,0.0,0.0,0.0,0.0,0.0,0.0,0.0,0.0,0.0,0.0,0.0,0.0,0.0,0.0,0.0,0.0,0.0,0.0,0.0,0.0,0.0,0.0,0.0,0.0,0.0,0.0,0.0,0.0,0.0,0.0,0.0,0.0,0.0,0.0,0.0,0.0,0.0,0.0,0.0,0.0,0.0,0.0,0.0,0.0,0.0,0.0,0.0,0.0,0.0,0.0,0.0,0.0,0.0,0.0,0.0,0.0,0.0,0.0,0.0,0.0,0.0,0.0,0
0.0,0.0,0.0,0.0,0.0,0.0,0.0,0.0,0.0,0.0,0.0,0.0,0.0,0.0,0.0,0.0,0.0,0.0,0.0,0.0,0.0,0.0,0.0,0.0,0.0,0.0,0.0,0.0,0.0,0.0,0.0,0.0,0.0,0.0,0.0,0.0,0.0,0.0,0.0,0.0,0.0,0.0,0.0,0.0,0.0,0.0,0.0,0.0,0.0,0.0,0.0,0.0,0.0,0.0,0.0,0.0,0.0,0.0,0.0,0.0,0.0,0.0,0.0,0.0,0.0,0.0,0
0.0,0.0,0.0,0.0,0.0,0.0,0.0,0.0,0.0,0.0,0.0,0.0,0.0,0.0,0.0,0.0,0.0,0.0,0.0,0.0,0.0,0.0,0.0,0.0,0.0,0.0,0.0,0.0,0.0,0.0,0.0,0.0,0.0,0.0,0.0,0.0,0.0,0.0,0.0,0.0,0.0,0.0,0.0,0.0,0.0,0.0,0.0,0.0,0.0,0.0,0.0,0.0,0.0,0.0,0.0,0.0,0.0,0.0,0.0,0.0,0.0,0.0,0.0,0.0,0.0,0.0,0
0.0,0.0,0.0,0.0,0.0,0.0,0.0,0.0,0.0,0.0,0.0,0.0,0.0,0.0,0.0,0.0,0.0,0.0,0.0,0.0,0.0,0.0,0.0,0.0,0.0,0.0,0.0,0.0,0.0,0.0,0.0,0.0,0.0,0.0,0.0,0.0,0.0,0.0,0.0,0.0,0.0,0.0,0.0,0.0,0.0,0.0,0.0,0.0,0.0,0.0,0.0,0.0,0.0,0.0,0.0,0.0,0.0,0.0,0.0,0.0,0.0,0.0,0.0,0.0,0.0,0.0,0
0.0,0.0,0.0,0.0,0.0,0.0,0.0,0.0,0.0,0.0,0.0,0.0,0.0,0.0,0.0,0.0,0.0,0.0,0.0,0.0,0.0,0.0,0.0,0.0,0.0,0.0,0.0,0.0,0.0,0.0,0.0,0.0,0.0,0.0,0.0,0.0,0.0,0.0,0.0,0.0,0.0,0.0,0.0,0.0,0.0,0.0,0.0,0.0,0.0,0.0,0.0,0.0,0.0,0.0,0.0,0.0,0.0,0.0,0.0,0.0,0.0,0.0,0.0,0.0,0.0,0.0,0
0.628189206123352,0.308064341545105,0.6296703219413757,0.29822254180908203,0.6306432485580444,0.2980923056602478,0.6315330862998962,0.29841795563697815,0.625543475151062,0.2987378239631653,0.6241983771324158,0.29843032360076904,0.6219668984413147,0.29833468794822693,0.6295773386955261,0.30423569679260254,0.6191434264183044,0.30230802297592163,0.6301977634429932,0.3186630606651306,0.6257028579711914,0.3181594908237457,0.632404088973999,0.342510849237442,0.6130094528198242,0.35627132654190063,0.6320077776908875,0.40320640802383423,0.6114405393600464,0.4220992922782898,0.6218221187591553,0.4344377815723419,0.6183597445487976,0.45257437229156494,0.6197645664215088,0.4449111223220825,0.6190507411956787,0.4630526304244995,0.619809627532959,0.4401651918888092,0.620890200138092,0.458617240190506,0.6205562353134155,0.4369441270828247,0.621144711971283,0.45499977469444275,0.650383710861206,0.4559745490550995,0.6401736736297607,0.4662412405014038,0.6464165449142456,0.5325933694839478,0.6453381180763245,0.5338199734687805,0.6556382179260254,0.5855053663253784,0.650206446647644,0.5873522758483887,0.65708988904953,0.588789701461792,0.6511114239692688,0.5918758511543274,0.6560172438621521,0.6176877021789551,0.6508846879005432,0.6157363057136536,0
0.0,0.0,0.0,0.0,0.0,0.0,0.0,0.0,0.0,0.0,0.0,0.0,0.0,0.0,0.0,0.0,0.0,0.0,0.0,0.0,0.0,0.0,0.0,0.0,0.0,0.0,0.0,0.0,0.0,0.0,0.0,0.0,0.0,0.0,0.0,0.0,0.0,0.0,0.0,0.0,0.0,0.0,0.0,0.0,0.0,0.0,0.0,0.0,0.0,0.0,0.0,0.0,0.0,0.0,0.0,0.0,0.0,0.0,0.0,0.0,0.0,0.0,0.0,0.0,0.0,0.0,0
0.0,0.0,0.0,0.0,0.0,0.0,0.0,0.0,0.0,0.0,0.0,0.0,0.0,0.0,0.0,0.0,0.0,0.0,0.0,0.0,0.0,0.0,0.0,0.0,0.0,0.0,0.0,0.0,0.0,0.0,0.0,0.0,0.0,0.0,0.0,0.0,0.0,0.0,0.0,0.0,0.0,0.0,0.0,0.0,0.0,0.0,0.0,0.0,0.0,0.0,0.0,0.0,0.0,0.0,0.0,0.0,0.0,0.0,0.0,0.0,0.0,0.0,0.0,0.0,0.0,0.0,0
0.0,0.0,0.0,0.0,0.0,0.0,0.0,0.0,0.0,0.0,0.0,0.0,0.0,0.0,0.0,0.0,0.0,0.0,0.0,0.0,0.0,0.0,0.0,0.0,0.0,0.0,0.0,0.0,0.0,0.0,0.0,0.0,0.0,0.0,0.0,0.0,0.0,0.0,0.0,0.0,0.0,0.0,0.0,0.0,0.0,0.0,0.0,0.0,0.0,0.0,0.0,0.0,0.0,0.0,0.0,0.0,0.0,0.0,0.0,0.0,0.0,0.0,0.0,0.0,0.0,0.0,0
0.0,0.0,0.0,0.0,0.0,0.0,0.0,0.0,0.0,0.0,0.0,0.0,0.0,0.0,0.0,0.0,0.0,0.0,0.0,0.0,0.0,0.0,0.0,0.0,0.0,0.0,0.0,0.0,0.0,0.0,0.0,0.0,0.0,0.0,0.0,0.0,0.0,0.0,0.0,0.0,0.0,0.0,0.0,0.0,0.0,0.0,0.0,0.0,0.0,0.0,0.0,0.0,0.0,0.0,0.0,0.0,0.0,0.0,0.0,0.0,0.0,0.0,0.0,0.0,0.0,0.0,0
0.0,0.0,0.0,0.0,0.0,0.0,0.0,0.0,0.0,0.0,0.0,0.0,0.0,0.0,0.0,0.0,0.0,0.0,0.0,0.0,0.0,0.0,0.0,0.0,0.0,0.0,0.0,0.0,0.0,0.0,0.0,0.0,0.0,0.0,0.0,0.0,0.0,0.0,0.0,0.0,0.0,0.0,0.0,0.0,0.0,0.0,0.0,0.0,0.0,0.0,0.0,0.0,0.0,0.0,0.0,0.0,0.0,0.0,0.0,0.0,0.0,0.0,0.0,0.0,0.0,0.0,0
0.0,0.0,0.0,0.0,0.0,0.0,0.0,0.0,0.0,0.0,0.0,0.0,0.0,0.0,0.0,0.0,0.0,0.0,0.0,0.0,0.0,0.0,0.0,0.0,0.0,0.0,0.0,0.0,0.0,0.0,0.0,0.0,0.0,0.0,0.0,0.0,0.0,0.0,0.0,0.0,0.0,0.0,0.0,0.0,0.0,0.0,0.0,0.0,0.0,0.0,0.0,0.0,0.0,0.0,0.0,0.0,0.0,0.0,0.0,0.0,0.0,0.0,0.0,0.0,0.0,0.0,0
0.0,0.0,0.0,0.0,0.0,0.0,0.0,0.0,0.0,0.0,0.0,0.0,0.0,0.0,0.0,0.0,0.0,0.0,0.0,0.0,0.0,0.0,0.0,0.0,0.0,0.0,0.0,0.0,0.0,0.0,0.0,0.0,0.0,0.0,0.0,0.0,0.0,0.0,0.0,0.0,0.0,0.0,0.0,0.0,0.0,0.0,0.0,0.0,0.0,0.0,0.0,0.0,0.0,0.0,0.0,0.0,0.0,0.0,0.0,0.0,0.0,0.0,0.0,0.0,0.0,0.0,0
0.0,0.0,0.0,0.0,0.0,0.0,0.0,0.0,0.0,0.0,0.0,0.0,0.0,0.0,0.0,0.0,0.0,0.0,0.0,0.0,0.0,0.0,0.0,0.0,0.0,0.0,0.0,0.0,0.0,0.0,0.0,0.0,0.0,0.0,0.0,0.0,0.0,0.0,0.0,0.0,0.0,0.0,0.0,0.0,0.0,0.0,0.0,0.0,0.0,0.0,0.0,0.0,0.0,0.0,0.0,0.0,0.0,0.0,0.0,0.0,0.0,0.0,0.0,0.0,0.0,0.0,0
0.0,0.0,0.0,0.0,0.0,0.0,0.0,0.0,0.0,0.0,0.0,0.0,0.0,0.0,0.0,0.0,0.0,0.0,0.0,0.0,0.0,0.0,0.0,0.0,0.0,0.0,0.0,0.0,0.0,0.0,0.0,0.0,0.0,0.0,0.0,0.0,0.0,0.0,0.0,0.0,0.0,0.0,0.0,0.0,0.0,0.0,0.0,0.0,0.0,0.0,0.0,0.0,0.0,0.0,0.0,0.0,0.0,0.0,0.0,0.0,0.0,0.0,0.0,0.0,0.0,0.0,0
0.0,0.0,0.0,0.0,0.0,0.0,0.0,0.0,0.0,0.0,0.0,0.0,0.0,0.0,0.0,0.0,0.0,0.0,0.0,0.0,0.0,0.0,0.0,0.0,0.0,0.0,0.0,0.0,0.0,0.0,0.0,0.0,0.0,0.0,0.0,0.0,0.0,0.0,0.0,0.0,0.0,0.0,0.0,0.0,0.0,0.0,0.0,0.0,0.0,0.0,0.0,0.0,0.0,0.0,0.0,0.0,0.0,0.0,0.0,0.0,0.0,0.0,0.0,0.0,0.0,0.0,0
0.0,0.0,0.0,0.0,0.0,0.0,0.0,0.0,0.0,0.0,0.0,0.0,0.0,0.0,0.0,0.0,0.0,0.0,0.0,0.0,0.0,0.0,0.0,0.0,0.0,0.0,0.0,0.0,0.0,0.0,0.0,0.0,0.0,0.0,0.0,0.0,0.0,0.0,0.0,0.0,0.0,0.0,0.0,0.0,0.0,0.0,0.0,0.0,0.0,0.0,0.0,0.0,0.0,0.0,0.0,0.0,0.0,0.0,0.0,0.0,0.0,0.0,0.0,0.0,0.0,0.0,0
0.0,0.0,0.0,0.0,0.0,0.0,0.0,0.0,0.0,0.0,0.0,0.0,0.0,0.0,0.0,0.0,0.0,0.0,0.0,0.0,0.0,0.0,0.0,0.0,0.0,0.0,0.0,0.0,0.0,0.0,0.0,0.0,0.0,0.0,0.0,0.0,0.0,0.0,0.0,0.0,0.0,0.0,0.0,0.0,0.0,0.0,0.0,0.0,0.0,0.0,0.0,0.0,0.0,0.0,0.0,0.0,0.0,0.0,0.0,0.0,0.0,0.0,0.0,0.0,0.0,0.0,0
0.0,0.0,0.0,0.0,0.0,0.0,0.0,0.0,0.0,0.0,0.0,0.0,0.0,0.0,0.0,0.0,0.0,0.0,0.0,0.0,0.0,0.0,0.0,0.0,0.0,0.0,0.0,0.0,0.0,0.0,0.0,0.0,0.0,0.0,0.0,0.0,0.0,0.0,0.0,0.0,0.0,0.0,0.0,0.0,0.0,0.0,0.0,0.0,0.0,0.0,0.0,0.0,0.0,0.0,0.0,0.0,0.0,0.0,0.0,0.0,0.0,0.0,0.0,0.0,0.0,0.0,0
0.0,0.0,0.0,0.0,0.0,0.0,0.0,0.0,0.0,0.0,0.0,0.0,0.0,0.0,0.0,0.0,0.0,0.0,0.0,0.0,0.0,0.0,0.0,0.0,0.0,0.0,0.0,0.0,0.0,0.0,0.0,0.0,0.0,0.0,0.0,0.0,0.0,0.0,0.0,0.0,0.0,0.0,0.0,0.0,0.0,0.0,0.0,0.0,0.0,0.0,0.0,0.0,0.0,0.0,0.0,0.0,0.0,0.0,0.0,0.0,0.0,0.0,0.0,0.0,0.0,0.0,0
0.0,0.0,0.0,0.0,0.0,0.0,0.0,0.0,0.0,0.0,0.0,0.0,0.0,0.0,0.0,0.0,0.0,0.0,0.0,0.0,0.0,0.0,0.0,0.0,0.0,0.0,0.0,0.0,0.0,0.0,0.0,0.0,0.0,0.0,0.0,0.0,0.0,0.0,0.0,0.0,0.0,0.0,0.0,0.0,0.0,0.0,0.0,0.0,0.0,0.0,0.0,0.0,0.0,0.0,0.0,0.0,0.0,0.0,0.0,0.0,0.0,0.0,0.0,0.0,0.0,0.0,0
0.0,0.0,0.0,0.0,0.0,0.0,0.0,0.0,0.0,0.0,0.0,0.0,0.0,0.0,0.0,0.0,0.0,0.0,0.0,0.0,0.0,0.0,0.0,0.0,0.0,0.0,0.0,0.0,0.0,0.0,0.0,0.0,0.0,0.0,0.0,0.0,0.0,0.0,0.0,0.0,0.0,0.0,0.0,0.0,0.0,0.0,0.0,0.0,0.0,0.0,0.0,0.0,0.0,0.0,0.0,0.0,0.0,0.0,0.0,0.0,0.0,0.0,0.0,0.0,0.0,0.0,0
0.0,0.0,0.0,0.0,0.0,0.0,0.0,0.0,0.0,0.0,0.0,0.0,0.0,0.0,0.0,0.0,0.0,0.0,0.0,0.0,0.0,0.0,0.0,0.0,0.0,0.0,0.0,0.0,0.0,0.0,0.0,0.0,0.0,0.0,0.0,0.0,0.0,0.0,0.0,0.0,0.0,0.0,0.0,0.0,0.0,0.0,0.0,0.0,0.0,0.0,0.0,0.0,0.0,0.0,0.0,0.0,0.0,0.0,0.0,0.0,0.0,0.0,0.0,0.0,0.0,0.0,0
0.0,0.0,0.0,0.0,0.0,0.0,0.0,0.0,0.0,0.0,0.0,0.0,0.0,0.0,0.0,0.0,0.0,0.0,0.0,0.0,0.0,0.0,0.0,0.0,0.0,0.0,0.0,0.0,0.0,0.0,0.0,0.0,0.0,0.0,0.0,0.0,0.0,0.0,0.0,0.0,0.0,0.0,0.0,0.0,0.0,0.0,0.0,0.0,0.0,0.0,0.0,0.0,0.0,0.0,0.0,0.0,0.0,0.0,0.0,0.0,0.0,0.0,0.0,0.0,0.0,0.0,0
0.0,0.0,0.0,0.0,0.0,0.0,0.0,0.0,0.0,0.0,0.0,0.0,0.0,0.0,0.0,0.0,0.0,0.0,0.0,0.0,0.0,0.0,0.0,0.0,0.0,0.0,0.0,0.0,0.0,0.0,0.0,0.0,0.0,0.0,0.0,0.0,0.0,0.0,0.0,0.0,0.0,0.0,0.0,0.0,0.0,0.0,0.0,0.0,0.0,0.0,0.0,0.0,0.0,0.0,0.0,0.0,0.0,0.0,0.0,0.0,0.0,0.0,0.0,0.0,0.0,0.0,0
0.0,0.0,0.0,0.0,0.0,0.0,0.0,0.0,0.0,0.0,0.0,0.0,0.0,0.0,0.0,0.0,0.0,0.0,0.0,0.0,0.0,0.0,0.0,0.0,0.0,0.0,0.0,0.0,0.0,0.0,0.0,0.0,0.0,0.0,0.0,0.0,0.0,0.0,0.0,0.0,0.0,0.0,0.0,0.0,0.0,0.0,0.0,0.0,0.0,0.0,0.0,0.0,0.0,0.0,0.0,0.0,0.0,0.0,0.0,0.0,0.0,0.0,0.0,0.0,0.0,0.0,0
0.0,0.0,0.0,0.0,0.0,0.0,0.0,0.0,0.0,0.0,0.0,0.0,0.0,0.0,0.0,0.0,0.0,0.0,0.0,0.0,0.0,0.0,0.0,0.0,0.0,0.0,0.0,0.0,0.0,0.0,0.0,0.0,0.0,0.0,0.0,0.0,0.0,0.0,0.0,0.0,0.0,0.0,0.0,0.0,0.0,0.0,0.0,0.0,0.0,0.0,0.0,0.0,0.0,0.0,0.0,0.0,0.0,0.0,0.0,0.0,0.0,0.0,0.0,0.0,0.0,0.0,0
0.0,0.0,0.0,0.0,0.0,0.0,0.0,0.0,0.0,0.0,0.0,0.0,0.0,0.0,0.0,0.0,0.0,0.0,0.0,0.0,0.0,0.0,0.0,0.0,0.0,0.0,0.0,0.0,0.0,0.0,0.0,0.0,0.0,0.0,0.0,0.0,0.0,0.0,0.0,0.0,0.0,0.0,0.0,0.0,0.0,0.0,0.0,0.0,0.0,0.0,0.0,0.0,0.0,0.0,0.0,0.0,0.0,0.0,0.0,0.0,0.0,0.0,0.0,0.0,0.0,0.0,0
0.0,0.0,0.0,0.0,0.0,0.0,0.0,0.0,0.0,0.0,0.0,0.0,0.0,0.0,0.0,0.0,0.0,0.0,0.0,0.0,0.0,0.0,0.0,0.0,0.0,0.0,0.0,0.0,0.0,0.0,0.0,0.0,0.0,0.0,0.0,0.0,0.0,0.0,0.0,0.0,0.0,0.0,0.0,0.0,0.0,0.0,0.0,0.0,0.0,0.0,0.0,0.0,0.0,0.0,0.0,0.0,0.0,0.0,0.0,0.0,0.0,0.0,0.0,0.0,0.0,0.0,0
0.0,0.0,0.0,0.0,0.0,0.0,0.0,0.0,0.0,0.0,0.0,0.0,0.0,0.0,0.0,0.0,0.0,0.0,0.0,0.0,0.0,0.0,0.0,0.0,0.0,0.0,0.0,0.0,0.0,0.0,0.0,0.0,0.0,0.0,0.0,0.0,0.0,0.0,0.0,0.0,0.0,0.0,0.0,0.0,0.0,0.0,0.0,0.0,0.0,0.0,0.0,0.0,0.0,0.0,0.0,0.0,0.0,0.0,0.0,0.0,0.0,0.0,0.0,0.0,0.0,0.0,0
0.0,0.0,0.0,0.0,0.0,0.0,0.0,0.0,0.0,0.0,0.0,0.0,0.0,0.0,0.0,0.0,0.0,0.0,0.0,0.0,0.0,0.0,0.0,0.0,0.0,0.0,0.0,0.0,0.0,0.0,0.0,0.0,0.0,0.0,0.0,0.0,0.0,0.0,0.0,0.0,0.0,0.0,0.0,0.0,0.0,0.0,0.0,0.0,0.0,0.0,0.0,0.0,0.0,0.0,0.0,0.0,0.0,0.0,0.0,0.0,0.0,0.0,0.0,0.0,0.0,0.0,0
0.0,0.0,0.0,0.0,0.0,0.0,0.0,0.0,0.0,0.0,0.0,0.0,0.0,0.0,0.0,0.0,0.0,0.0,0.0,0.0,0.0,0.0,0.0,0.0,0.0,0.0,0.0,0.0,0.0,0.0,0.0,0.0,0.0,0.0,0.0,0.0,0.0,0.0,0.0,0.0,0.0,0.0,0.0,0.0,0.0,0.0,0.0,0.0,0.0,0.0,0.0,0.0,0.0,0.0,0.0,0.0,0.0,0.0,0.0,0.0,0.0,0.0,0.0,0.0,0.0,0.0,0
0.0,0.0,0.0,0.0,0.0,0.0,0.0,0.0,0.0,0.0,0.0,0.0,0.0,0.0,0.0,0.0,0.0,0.0,0.0,0.0,0.0,0.0,0.0,0.0,0.0,0.0,0.0,0.0,0.0,0.0,0.0,0.0,0.0,0.0,0.0,0.0,0.0,0.0,0.0,0.0,0.0,0.0,0.0,0.0,0.0,0.0,0.0,0.0,0.0,0.0,0.0,0.0,0.0,0.0,0.0,0.0,0.0,0.0,0.0,0.0,0.0,0.0,0.0,0.0,0.0,0.0,0
0.0,0.0,0.0,0.0,0.0,0.0,0.0,0.0,0.0,0.0,0.0,0.0,0.0,0.0,0.0,0.0,0.0,0.0,0.0,0.0,0.0,0.0,0.0,0.0,0.0,0.0,0.0,0.0,0.0,0.0,0.0,0.0,0.0,0.0,0.0,0.0,0.0,0.0,0.0,0.0,0.0,0.0,0.0,0.0,0.0,0.0,0.0,0.0,0.0,0.0,0.0,0.0,0.0,0.0,0.0,0.0,0.0,0.0,0.0,0.0,0.0,0.0,0.0,0.0,0.0,0.0,0
0.0,0.0,0.0,0.0,0.0,0.0,0.0,0.0,0.0,0.0,0.0,0.0,0.0,0.0,0.0,0.0,0.0,0.0,0.0,0.0,0.0,0.0,0.0,0.0,0.0,0.0,0.0,0.0,0.0,0.0,0.0,0.0,0.0,0.0,0.0,0.0,0.0,0.0,0.0,0.0,0.0,0.0,0.0,0.0,0.0,0.0,0.0,0.0,0.0,0.0,0.0,0.0,0.0,0.0,0.0,0.0,0.0,0.0,0.0,0.0,0.0,0.0,0.0,0.0,0.0,0.0,0
0.0,0.0,0.0,0.0,0.0,0.0,0.0,0.0,0.0,0.0,0.0,0.0,0.0,0.0,0.0,0.0,0.0,0.0,0.0,0.0,0.0,0.0,0.0,0.0,0.0,0.0,0.0,0.0,0.0,0.0,0.0,0.0,0.0,0.0,0.0,0.0,0.0,0.0,0.0,0.0,0.0,0.0,0.0,0.0,0.0,0.0,0.0,0.0,0.0,0.0,0.0,0.0,0.0,0.0,0.0,0.0,0.0,0.0,0.0,0.0,0.0,0.0,0.0,0.0,0.0,0.0,0
0.0,0.0,0.0,0.0,0.0,0.0,0.0,0.0,0.0,0.0,0.0,0.0,0.0,0.0,0.0,0.0,0.0,0.0,0.0,0.0,0.0,0.0,0.0,0.0,0.0,0.0,0.0,0.0,0.0,0.0,0.0,0.0,0.0,0.0,0.0,0.0,0.0,0.0,0.0,0.0,0.0,0.0,0.0,0.0,0.0,0.0,0.0,0.0,0.0,0.0,0.0,0.0,0.0,0.0,0.0,0.0,0.0,0.0,0.0,0.0,0.0,0.0,0.0,0.0,0.0,0.0,0
0.0,0.0,0.0,0.0,0.0,0.0,0.0,0.0,0.0,0.0,0.0,0.0,0.0,0.0,0.0,0.0,0.0,0.0,0.0,0.0,0.0,0.0,0.0,0.0,0.0,0.0,0.0,0.0,0.0,0.0,0.0,0.0,0.0,0.0,0.0,0.0,0.0,0.0,0.0,0.0,0.0,0.0,0.0,0.0,0.0,0.0,0.0,0.0,0.0,0.0,0.0,0.0,0.0,0.0,0.0,0.0,0.0,0.0,0.0,0.0,0.0,0.0,0.0,0.0,0.0,0.0,0
0.0,0.0,0.0,0.0,0.0,0.0,0.0,0.0,0.0,0.0,0.0,0.0,0.0,0.0,0.0,0.0,0.0,0.0,0.0,0.0,0.0,0.0,0.0,0.0,0.0,0.0,0.0,0.0,0.0,0.0,0.0,0.0,0.0,0.0,0.0,0.0,0.0,0.0,0.0,0.0,0.0,0.0,0.0,0.0,0.0,0.0,0.0,0.0,0.0,0.0,0.0,0.0,0.0,0.0,0.0,0.0,0.0,0.0,0.0,0.0,0.0,0.0,0.0,0.0,0.0,0.0,0
0.0,0.0,0.0,0.0,0.0,0.0,0.0,0.0,0.0,0.0,0.0,0.0,0.0,0.0,0.0,0.0,0.0,0.0,0.0,0.0,0.0,0.0,0.0,0.0,0.0,0.0,0.0,0.0,0.0,0.0,0.0,0.0,0.0,0.0,0.0,0.0,0.0,0.0,0.0,0.0,0.0,0.0,0.0,0.0,0.0,0.0,0.0,0.0,0.0,0.0,0.0,0.0,0.0,0.0,0.0,0.0,0.0,0.0,0.0,0.0,0.0,0.0,0.0,0.0,0.0,0.0,0
0.13745459914207458,0.19861534237861633,0.1364983320236206,0.1805528998374939,0.13680535554885864,0.17973428964614868,0.13705392181873322,0.17911139130592346,0.13529571890830994,0.180373877286911,0.13482627272605896,0.17952647805213928,0.1343836784362793,0.17875614762306213,0.13479997217655182,0.18369662761688232,0.13237684965133667,0.18316951394081116,0.13729849457740784,0.2116062045097351,0.13359719514846802,0.20957306027412415,0.13564980030059814,0.2607652246952057,0.12624037265777588,0.26166263222694397,0.1321438103914261,0.37590861320495605,0.12020859122276306,0.3869282007217407,0.1298322081565857,0.432017982006073,0.11514485627412796,0.4693918228149414,0.12955307960510254,0.449821799993515,0.1117350161075592,0.49381229281425476,0.12989968061447144,0.4476306438446045,0.11395005136728287,0.4928279221057892,0.12940926849842072,0.4425043761730194,0.11552254855632782,0.48552829027175903,0.1287703514099121,0.5104085206985474,0.12185145914554596,0.5064459443092346,0.1194174662232399,0.6614352464675903,0.11716089397668839,0.6599884033203125,0.11257462203502655,0.8153924942016602,0.1130770742893219,0.8207525014877319,0.1092601791024208,0.8414087891578674,0.10991859436035156,0.8465771675109863,0.11554186046123505,0.8381407856941223,0.11782222986221313,0.8571161031723022,0
0.6504040956497192,0.2404923439025879,0.6531313061714172,0.22849592566490173,0.6546800136566162,0.22897261381149292,0.6562110185623169,0.2295013666152954,0.6483213901519775,0.2261073887348175,0.6464771628379822,0.22490334510803223,0.6445782780647278,0.2237066626548767,0.6571714282035828,0.23522993922233582,0.6409116983413696,0.2266247272491455,0.6518296599388123,0.25546994805336,0.6462010741233826,0.25373464822769165,0.664487898349762,0.3211190402507782,0.6183816194534302,0.29079633951187134,0.6647419333457947,0.4137905240058899,0.6029728055000305,0.37968456745147705,0.664662778377533,0.4811933636665344,0.6066195964813232,0.4552287757396698,0.6642293334007263,0.5081008672714233,0.6058769226074219,0.4820100665092468,0.662688672542572,0.50192791223526,0.6126642227172852,0.4740484952926636,0.6620848774909973,0.4901619553565979,0.6138217449188232,0.4676287770271301,0.6483323574066162,0.5049049258232117,0.6187018752098083,0.49682432413101196,0.6460784077644348,0.6555253863334656,0.6187321543693542,0.6619493365287781,0.6406865119934082,0.7874820232391357,0.6183924078941345,0.7820882797241211,0.6370405554771423,0.8043304681777954,0.6188610792160034,0.7957031726837158,0.6448915600776672,0.8412416577339172,0.6211503744125366,0.8378441333770752,0
0.14423376321792603,0.19475185871124268,0.1427699327468872,0.179579496383667,0.1419912874698639,0.1788945198059082,0.1415451467037201,0.17847555875778198,0.1431887000799179,0.17954543232917786,0.14315393567085266,0.17906251549720764,0.1431547850370407,0.17863517999649048,0.1363450288772583,0.18333402276039124,0.13980711996555328,0.18471673130989075,0.14233213663101196,0.20699813961982727,0.14293567836284637,0.20901542901992798,0.11233937740325928,0.2499217987060547,0.1453096866607666,0.2551352083683014,0.11296068876981735,0.3526228666305542,0.14259830117225647,0.3616682291030884,0.12497583776712418,0.39600351452827454,0.14334462583065033,0.3865634799003601,0.1268593817949295,0.4090525805950165,0.14347191154956818,0.3944915235042572,0.12961043417453766,0.40574705600738525,0.14269597828388214,0.38820868730545044,0.12997254729270935,0.402222216129303,0.1410888135433197,0.386968731880188,0.12280325591564178,0.4877057671546936,0.13830329477787018,0.48512768745422363,0.11956970393657684,0.6221233606338501,0.14030282199382782,0.6356630325317383,0.11469687521457672,0.7698566913604736,0.14031943678855896,0.807543933391571,0.1111506000161171,0.7983627915382385,0.134165957570076,0.836595892906189,0.12450114637613297,0.7920236587524414,0.15661275386810303,0.8290257453918457,0
0.0,0.0,0.0,0.0,0.0,0.0,0.0,0.0,0.0,0.0,0.0,0.0,0.0,0.0,0.0,0.0,0.0,0.0,0.0,0.0,0.0,0.0,0.0,0.0,0.0,0.0,0.0,0.0,0.0,0.0,0.0,0.0,0.0,0.0,0.0,0.0,0.0,0.0,0.0,0.0,0.0,0.0,0.0,0.0,0.0,0.0,0.0,0.0,0.0,0.0,0.0,0.0,0.0,0.0,0.0,0.0,0.0,0.0,0.0,0.0,0.0,0.0,0.0,0.0,0.0,0.0,0
0.0,0.0,0.0,0.0,0.0,0.0,0.0,0.0,0.0,0.0,0.0,0.0,0.0,0.0,0.0,0.0,0.0,0.0,0.0,0.0,0.0,0.0,0.0,0.0,0.0,0.0,0.0,0.0,0.0,0.0,0.0,0.0,0.0,0.0,0.0,0.0,0.0,0.0,0.0,0.0,0.0,0.0,0.0,0.0,0.0,0.0,0.0,0.0,0.0,0.0,0.0,0.0,0.0,0.0,0.0,0.0,0.0,0.0,0.0,0.0,0.0,0.0,0.0,0.0,0.0,0.0,0
0.0,0.0,0.0,0.0,0.0,0.0,0.0,0.0,0.0,0.0,0.0,0.0,0.0,0.0,0.0,0.0,0.0,0.0,0.0,0.0,0.0,0.0,0.0,0.0,0.0,0.0,0.0,0.0,0.0,0.0,0.0,0.0,0.0,0.0,0.0,0.0,0.0,0.0,0.0,0.0,0.0,0.0,0.0,0.0,0.0,0.0,0.0,0.0,0.0,0.0,0.0,0.0,0.0,0.0,0.0,0.0,0.0,0.0,0.0,0.0,0.0,0.0,0.0,0.0,0.0,0.0,0
0.6658380031585693,0.2430143654346466,0.6676682233810425,0.2319764494895935,0.6688224673271179,0.23272345960140228,0.6698395013809204,0.23343876004219055,0.663423478603363,0.2290235012769699,0.6614585518836975,0.22752617299556732,0.6592276692390442,0.2258976250886917,0.6685559749603271,0.23851007223129272,0.6537285447120667,0.22833594679832458,0.6659380197525024,0.2562862038612366,0.660904049873352,0.2546648383140564,0.6734735369682312,0.32835888862609863,0.6299963593482971,0.29399359226226807,0.6782849431037903,0.42153406143188477,0.6137732267379761,0.38081714510917664,0.6767697930335999,0.48930683732032776,0.6194926500320435,0.44559818506240845,0.6738235950469971,0.5175451636314392,0.619850754737854,0.48315584659576416,0.6723787784576416,0.5124682188034058,0.6249504685401917,0.4775654971599579,0.6712083220481873,0.502028226852417,0.6259396076202393,0.4637146592140198,0.6564937829971313,0.5059894323348999,0.6308684945106506,0.49331697821617126,0.6521486043930054,0.6557937264442444,0.6214704513549805,0.642486572265625,0.644119143486023,0.7715913653373718,0.6147852540016174,0.7585616707801819,0.6401999592781067,0.787297248840332,0.6160848736763,0.7692172527313232,0.647777259349823,0.8182791471481323,0.6161536574363708,0.8010571599006653,0
0.6690047383308411,0.2391165941953659,0.6704991459846497,0.22791102528572083,0.6714773178100586,0.22818441689014435,0.6723740100860596,0.22880049049854279,0.6669780611991882,0.22581610083580017,0.6651777625083923,0.22451336681842804,0.6631092429161072,0.22304046154022217,0.6704227924346924,0.2350117564201355,0.6569502353668213,0.2259943038225174,0.6688688397407532,0.25285404920578003,0.6641225814819336,0.2514949142932892,0.6754550337791443,0.32868024706840515,0.6329624652862549,0.2829062342643738,0.6761423349380493,0.4150073528289795,0.6177930235862732,0.355324923992157,0.6671709418296814,0.4662725329399109,0.6206125020980835,0.4369983971118927,0.6652334928512573,0.4868575930595398,0.6182729601860046,0.461536169052124,0.6623675227165222,0.4780850410461426,0.6245319843292236,0.45931410789489746,0.6617657542228699,0.47048357129096985,0.6259490847587585,0.44960224628448486,0.6525478363037109,0.48746049404144287,0.625654399394989,0.47265878319740295,0.6594113707542419,0.6037842035293579,0.6207987666130066,0.6304568648338318,0.6465977430343628,0.7358244061470032,0.6166343688964844,0.7607505321502686,0.641173243522644,0.7527087330818176,0.6167532205581665,0.7765371799468994,0.6528010964393616,0.7872165441513062,0.6161356568336487,0.7947028875350952,0
0.6700711846351624,0.23528143763542175,0.6721824407577515,0.2248576283454895,0.6734650135040283,0.2261996865272522,0.6746894121170044,0.2274361550807953,0.6679927110671997,0.22069299221038818,0.6662291288375854,0.2191123068332672,0.6644407510757446,0.2176479697227478,0.6739364862442017,0.2339513897895813,0.6598206758499146,0.22076845169067383,0.670629620552063,0.24905690550804138,0.6655762791633606,0.244951993227005,0.6776350140571594,0.3185470402240753,0.6344406604766846,0.2861735224723816,0.6787017583847046,0.4141279458999634,0.6183178424835205,0.3782939016819,0.6858136653900146,0.49133744835853577,0.6258822679519653,0.4575658440589905,0.6888130903244019,0.5110344290733337,0.6251416206359863,0.4878122806549072,0.6874995827674866,0.509165346622467,0.6308184266090393,0.48172715306282043,0.6841099858283997,0.5041623115539551,0.6319503784179688,0.4713051915168762,0.663668692111969,0.5069839954376221,0.6362165212631226,0.4972124695777893,0.6596795320510864,0.647556483745575,0.6307928562164307,0.6411539316177368,0.6501086950302124,0.7635409235954285,0.6212828159332275,0.7780603766441345,0.6437301635742188,0.7791044116020203,0.617756724357605,0.7808315753936768,0.6613962650299072,0.8129631280899048,0.6234904527664185,0.8169978857040405,0
0.6721885204315186,0.2353464961051941,0.6743815541267395,0.22476822137832642,0.675641655921936,0.22602301836013794,0.6768755316734314,0.22718235850334167,0.6702247858047485,0.22059139609336853,0.6684914827346802,0.21896108984947205,0.6667597889900208,0.21742168068885803,0.6759042739868164,0.23362156748771667,0.6622075438499451,0.21986445784568787,0.6725559830665588,0.24907422065734863,0.6676327586174011,0.24448472261428833,0.680179238319397,0.31751251220703125,0.6370478868484497,0.2868538498878479,0.6835299730300903,0.4140222668647766,0.6220793128013611,0.3780110478401184,0.6910227537155151,0.48413994908332825,0.6264100074768066,0.4617260992527008,0.6937330365180969,0.5080156326293945,0.6250909566879272,0.48929691314697266,0.6920803189277649,0.5078966021537781,0.6306626200675964,0.4833669066429138,0.6891838312149048,0.49687886238098145,0.6320672035217285,0.47628021240234375,0.6670791506767273,0.5064032673835754,0.6395479440689087,0.497178316116333,0.6638346314430237,0.6515317559242249,0.6336755156517029,0.6442527770996094,0.6545184254646301,0.7718583345413208,0.6249495148658752,0.7863870859146118,0.6487006545066833,0.7884320020675659,0.6233963966369629,0.7982504367828369,0.6648313999176025,0.8202872276306152,0.6306484937667847,0.8364700675010681,0
0.6753134727478027,0.23549231886863708,0.6775553226470947,0.22489264607429504,0.6787630915641785,0.22594577074050903,0.6798819899559021,0.2268519103527069,0.673525333404541,0.2211117148399353,0.6719791293144226,0.21931016445159912,0.6702899932861328,0.21741777658462524,0.6785491108894348,0.23164832592010498,0.6656225323677063,0.2176520824432373,0.6755608320236206,0.24928897619247437,0.6709032654762268,0.24461397528648376,0.6810762286186218,0.3166487514972687,0.640882134437561,0.27801844477653503,0.6800779700279236,0.4062023162841797,0.6232026219367981,0.3647831678390503,0.690554141998291,0.4708857536315918,0.6284410357475281,0.4522143304347992,0.6947682499885559,0.49936985969543457,0.6279509663581848,0.47357848286628723,0.6933742761611938,0.49755072593688965,0.6340006589889526,0.4701046347618103,0.6898379325866699,0.4847038686275482,0.6347840428352356,0.46351248025894165,0.673254132270813,0.508941650390625,0.6446183919906616,0.4949052929878235,0.6747855544090271,0.6526579260826111,0.6370297074317932,0.6503405570983887,0.6707658171653748,0.7830275893211365,0.6224057078361511,0.7939165234565735,0.6655880808830261,0.8010190725326538,0.6198171973228455,0.8141995668411255,0.6817559599876404,0.8332135081291199,0.6263582706451416,0.8439613580703735,0
0.678729772567749,0.23762324452400208,0.6803025603294373,0.22648459672927856,0.6812306642532349,0.2272275686264038,0.6820945739746094,0.22785210609436035,0.676574170589447,0.2228700816631317,0.675008237361908,0.2211308777332306,0.6733567714691162,0.21929094195365906,0.6800529360771179,0.23163750767707825,0.6684691905975342,0.22064515948295593,0.6783832311630249,0.24944783747196198,0.6741570234298706,0.24655382335186005,0.6831420660018921,0.31705063581466675,0.6431670784950256,0.28137534856796265,0.6867092251777649,0.4101621210575104,0.6253594160079956,0.36655277013778687,0.6945376396179199,0.48013296723365784,0.6317811608314514,0.45160776376724243,0.6981087327003479,0.5013441443443298,0.6309143900871277,0.479816734790802,0.6973944902420044,0.4976463317871094,0.6367323994636536,0.4758821129798889,0.6942282915115356,0.4922972619533539,0.6375950574874878,0.46504929661750793,0.6740081906318665,0.4926771819591522,0.6477628350257874,0.49140465259552,0.687714695930481,0.6240130066871643,0.6487002372741699,0.6388205885887146,0.6830400824546814,0.750201940536499,0.6460851430892944,0.7828943133354187,0.6775475740432739,0.7678315043449402,0.6453054547309875,0.8039398193359375,0.6968730688095093,0.7835544943809509,0.6532151103019714,0.8281866908073425,0
0.680508553981781,0.23522958159446716,0.6828024983406067,0.22337272763252258,0.6838290691375732,0.22422641515731812,0.6846942901611328,0.2250501811504364,0.678307294845581,0.21980580687522888,0.676358163356781,0.21803292632102966,0.6743966937065125,0.21631595492362976,0.6830296516418457,0.22897344827651978,0.6698483824729919,0.2163987159729004,0.6805580854415894,0.24826884269714355,0.6750606894493103,0.2438296675682068,0.6850374341011047,0.3160686492919922,0.6454433798789978,0.28007444739341736,0.686016321182251,0.4104631543159485,0.6284447312355042,0.36798059940338135,0.6960291266441345,0.4776434898376465,0.6358799934387207,0.44194525480270386,0.7004240155220032,0.5037906765937805,0.6356093287467957,0.47335681319236755,0.6995037794113159,0.5013113617897034,0.6398211717605591,0.4693610668182373,0.6963160634040833,0.4898208975791931,0.640378475189209,0.4567751884460449,0.6832199096679688,0.49858206510543823,0.6561681628227234,0.4967626929283142,0.6950497031211853,0.6332992911338806,0.6534715890884399,0.6496292352676392,0.691616415977478,0.7553474307060242,0.6511046886444092,0.7942745685577393,0.6867990493774414,0.7724955081939697,0.6495923399925232,0.8149448037147522,0.7021113038063049,0.7920233011245728,0.6582319140434265,0.8387525081634521,0
0.6823132634162903,0.23151862621307373,0.6845036745071411,0.221030592918396,0.6855668425559998,0.2221265435218811,0.6865503191947937,0.22315722703933716,0.6804054975509644,0.21649035811424255,0.6787084937095642,0.2144145369529724,0.6769686937332153,0.21220538020133972,0.6844866275787354,0.22678270936012268,0.6719657182693481,0.21333858370780945,0.681639552116394,0.2454642355442047,0.6770338416099548,0.24090343713760376,0.6849994659423828,0.3195120692253113,0.6469216346740723,0.27729788422584534,0.6808872222900391,0.41481927037239075,0.6294932961463928,0.3645489513874054,0.6945540308952332,0.4802715480327606,0.6359363794326782,0.4642407298088074,0.6993937492370605,0.5028293132781982,0.6355876326560974,0.48169761896133423,0.7010977268218994,0.49016037583351135,0.6406722664833069,0.4795569181442261,0.6968604326248169,0.48896270990371704,0.6414799690246582,0.47611182928085327,0.6836026310920715,0.5134360790252686,0.655178427696228,0.5072183012962341,0.6955932378768921,0.6407607793807983,0.6570981740951538,0.6664146780967712,0.6926498413085938,0.7746860980987549,0.6525354385375977,0.8154683113098145,0.6874008774757385,0.7941292524337769,0.6510469317436218,0.8370875716209412,0.7052494287490845,0.8217032551765442,0.6610269546508789,0.862688422203064,0
0.6847399473190308,0.23139041662216187,0.6864054203033447,0.22007566690444946,0.6872324347496033,0.2209504246711731,0.6879251599311829,0.2218264937400818,0.6827402114868164,0.2163635790348053,0.6809618473052979,0.2145327627658844,0.6792100667953491,0.2128523886203766,0.6856895685195923,0.22691532969474792,0.6747612953186035,0.21438226103782654,0.6842833757400513,0.24362680315971375,0.6797229647636414,0.24024006724357605,0.6868475079536438,0.30971211194992065,0.6503148674964905,0.2775527834892273,0.6882142424583435,0.391160249710083,0.6320224404335022,0.35059434175491333,0.6999098062515259,0.44998273253440857,0.6367108225822449,0.41776517033576965,0.7043092250823975,0.4718492329120636,0.6404323577880859,0.444394588470459,0.7034532427787781,0.4679975211620331,0.6461812853813171,0.4393419325351715,0.7011200189590454,0.46005329489707947,0.6467530131340027,0.4327784776687622,0.682019054889679,0.4782264530658722,0.6578874588012695,0.47912362217903137,0.6993226408958435,0.5967744588851929,0.6663910150527954,0.6161850690841675,0.6978727579116821,0.7224975228309631,0.670667290687561,0.7566983103752136,0.6932652592658997,0.7408820390701294,0.6690391898155212,0.7771419882774353,0.710395336151123,0.7593015432357788,0.6837964057922363,0.7947353720664978,0
0.6878061890602112,0.23214787244796753,0.6890767812728882,0.22009018063545227,0.6897659301757812,0.22076359391212463,0.6903640627861023,0.22145509719848633,0.6857126355171204,0.21690219640731812,0.683957576751709,0.21529340744018555,0.6822067499160767,0.21371719241142273,0.6876327991485596,0.22573935985565186,0.6773290038108826,0.21500089764595032,0.6870914697647095,0.243954136967659,0.6829410791397095,0.24114596843719482,0.6888265609741211,0.31031161546707153,0.6518347263336182,0.27725231647491455,0.694675862789154,0.40337714552879333,0.6353080868721008,0.3587893843650818,0.7049871683120728,0.45697787404060364,0.6395766735076904,0.43410947918891907,0.7094801068305969,0.48227110505104065,0.6395741701126099,0.4592510461807251,0.7079899311065674,0.47162073850631714,0.647731363773346,0.4589454233646393,0.7045435905456543,0.468039870262146,0.6480672955513,0.44868776202201843,0.6833784580230713,0.49325087666511536,0.6623333096504211,0.49506261944770813,0.696210503578186,0.6280579566955566,0.6662451028823853,0.6373407244682312,0.6900618076324463,0.7509385943412781,0.6695787310600281,0.7704299688339233,0.6849381327629089,0.7682756185531616,0.6681283712387085,0.7894706130027771,0.7013393044471741,0.7832640409469604,0.681069552898407,0.8106375932693481,0
0.6868067979812622,0.22666403651237488,0.689258337020874,0.21490618586540222,0.6906195878982544,0.2159072458744049,0.6919257640838623,0.216813862323761,0.6845641732215881,0.21088263392448425,0.682745099067688,0.20920416712760925,0.6809517741203308,0.2076178789138794,0.6910578012466431,0.22203832864761353,0.677305281162262,0.21074187755584717,0.6873576045036316,0.24068498611450195,0.6818415522575378,0.23700228333473206,0.6917186975479126,0.3116947412490845,0.6549508571624756,0.2723858058452606,0.6934155821800232,0.4076700806617737,0.641418993473053,0.35006898641586304,0.7025480270385742,0.4447290003299713,0.6598649024963379,0.41803818941116333,0.705112099647522,0.46251118183135986,0.6613437533378601,0.44265884160995483,0.7056816816329956,0.4553734064102173,0.6667194366455078,0.4386123716831207,0.7034693956375122,0.4504263997077942,0.6671050190925598,0.43232226371765137,0.6915456056594849,0.502346932888031,0.6640903353691101,0.4981215298175812,0.7003799676895142,0.6198748350143433,0.6719344258308411,0.6578608155250549,0.6969010829925537,0.7281278371810913,0.6796182990074158,0.7535848617553711,0.693072497844696,0.7438293099403381,0.6787083148956299,0.7643132209777832,0.7036055326461792,0.7651525735855103,0.6907959580421448,0.7881945371627808,0
0.6883407831192017,0.22538697719573975,0.6908844113349915,0.21442171931266785,0.6922367215156555,0.21567896008491516,0.6934635043144226,0.2168997824192047,0.6864664554595947,0.21031630039215088,0.6849835515022278,0.2087588906288147,0.6834387183189392,0.20725256204605103,0.6924006938934326,0.22276130318641663,0.6800003051757812,0.21086665987968445,0.6888970732688904,0.23907655477523804,0.6840307712554932,0.23500433564186096,0.695138692855835,0.31472188234329224,0.6561939716339111,0.2720829248428345,0.6973958015441895,0.40665996074676514,0.6449733376502991,0.3493255376815796,0.7096767425537109,0.4502922594547272,0.6535505056381226,0.415452241897583,0.7135196924209595,0.4673176109790802,0.6626920700073242,0.4326731562614441,0.7138426303863525,0.4603727459907532,0.6674637198448181,0.426919549703598,0.7083771228790283,0.45039835572242737,0.6677529215812683,0.4206976294517517,0.6939069032669067,0.49718889594078064,0.6665529608726501,0.49890750646591187,0.7015563249588013,0.6156036257743835,0.6712731719017029,0.652511477470398,0.6948831081390381,0.7272452116012573,0.6774486899375916,0.7638058662414551,0.6908307671546936,0.7412483096122742,0.6778491735458374,0.7758551836013794,0.7015392780303955,0.7765946388244629,0.6837326884269714,0.814057469367981,0
0.6932650804519653,0.22709491848945618,0.6950086355209351,0.21596896648406982,0.6959012746810913,0.21674105525016785,0.6967169642448425,0.2174849808216095,0.6912558674812317,0.21214747428894043,0.6894592642784119,0.21014165878295898,0.6874446868896484,0.20804893970489502,0.6945781707763672,0.22102060914039612,0.6823973655700684,0.20892533659934998,0.6930317282676697,0.2387760877609253,0.6881572008132935,0.23534703254699707,0.694818377494812,0.30503958463668823,0.6575978994369507,0.2710172235965729,0.6972047090530396,0.39567703008651733,0.6459780931472778,0.34789562225341797,0.7095451354980469,0.43639636039733887,0.6683194637298584,0.36790865659713745,0.7133144736289978,0.4541669189929962,0.6720200181007385,0.3808443546295166,0.7132587432861328,0.4510558247566223,0.675986647605896,0.3717867136001587,0.709027111530304,0.44793960452079773,0.6748067140579224,0.36890292167663574,0.6908473372459412,0.4775371551513672,0.6679908633232117,0.482729971408844,0.7013552188873291,0.6133931279182434,0.6758530735969543,0.6330685615539551,0.6983029246330261,0.7337028980255127,0.6761586666107178,0.7680982351303101,0.6937147974967957,0.7516725063323975,0.6742153167724609,0.7883442044258118,0.7103943228721619,0.7745971083641052,0.6869410276412964,0.8067342638969421,0
0.6962043046951294,0.2296334207057953,0.69820636510849,0.217085599899292,0.6991409659385681,0.21792584657669067,0.6999249458312988,0.21872299909591675,0.6941936612129211,0.21284905076026917,0.6924518346786499,0.21069923043251038,0.6907048225402832,0.20864149928092957,0.6975778937339783,0.22248783707618713,0.6860228776931763,0.20862886309623718,0.6956444382667542,0.24166446924209595,0.6911794543266296,0.2377692461013794,0.6968793869018555,0.3058544099330902,0.6604893207550049,0.26687705516815186,0.6960976719856262,0.38812732696533203,0.6442643404006958,0.35708779096603394,0.7104468941688538,0.45265477895736694,0.6492628455162048,0.4405328333377838,0.7162671089172363,0.470845490694046,0.648659884929657,0.46753981709480286,0.7149367332458496,0.46674177050590515,0.6557846665382385,0.4603191316127777,0.7107276320457458,0.4641716182231903,0.6563477516174316,0.4562528431415558,0.6912887096405029,0.4870005249977112,0.6696878671646118,0.4852098822593689,0.7000688314437866,0.6242650151252747,0.6767469644546509,0.6391440033912659,0.6910200715065002,0.7455228567123413,0.6787815093994141,0.7636275887489319,0.685248851776123,0.7622904181480408,0.6765388250350952,0.7798269987106323,0.7035271525382996,0.7897272109985352,0.6908395886421204,0.8075425028800964,0
0.6970502734184265,0.22523927688598633,0.6994019150733948,0.2124953269958496,0.700566291809082,0.21322402358055115,0.7016530632972717,0.21408841013908386,0.6952450275421143,0.209609717130661,0.693562924861908,0.20797303318977356,0.691707968711853,0.20627927780151367,0.6995344758033752,0.21847736835479736,0.6870123744010925,0.206714928150177,0.6970456838607788,0.23960718512535095,0.6924521923065186,0.23551061749458313,0.6989291310310364,0.30829471349716187,0.6632676720619202,0.2662104368209839,0.7011467814445496,0.3988785147666931,0.6498823165893555,0.3622535467147827,0.715202808380127,0.4560168981552124,0.6686416864395142,0.41800767183303833,0.7239444255828857,0.47456037998199463,0.6697330474853516,0.4402732253074646,0.7240352630615234,0.47056546807289124,0.6758443117141724,0.43421584367752075,0.7207867503166199,0.46445995569229126,0.6760910153388977,0.4276123642921448,0.6948102712631226,0.49213626980781555,0.6706718802452087,0.49105870723724365,0.6992731094360352,0.6404796838760376,0.678270697593689,0.6556829214096069,0.6949590444564819,0.7598539590835571,0.6808902025222778,0.7779582142829895,0.6914194822311401,0.7757651805877686,0.6799172759056091,0.7935199737548828,0.70232093334198,0.807160496711731,0.6890591979026794,0.825626790523529,0
0.7011462450027466,0.22849780321121216,0.7031071186065674,0.21611088514328003,0.7040026187896729,0.21685853600502014,0.7048047184944153,0.21760794520378113,0.699469804763794,0.21237069368362427,0.6979144811630249,0.21057799458503723,0.6962826251983643,0.2087106704711914,0.7019941806793213,0.21979951858520508,0.691358208656311,0.2079657018184662,0.7004290223121643,0.2422144114971161,0.6961017847061157,0.23767149448394775,0.6998798251152039,0.3018030822277069,0.6646440625190735,0.26668044924736023,0.7023046016693115,0.380174845457077,0.6488796472549438,0.3527776002883911,0.7120181918144226,0.4308420717716217,0.655020534992218,0.43639126420021057,0.7194264531135559,0.45036959648132324,0.6550168395042419,0.4528743624687195,0.720201313495636,0.44694337248802185,0.6599375009536743,0.4532049298286438,0.7173969149589539,0.44165942072868347,0.6601147055625916,0.4504077136516571,0.6923210620880127,0.47777464985847473,0.673113226890564,0.47921305894851685,0.695313572883606,0.6269289255142212,0.6826165914535522,0.6345475316047668,0.6892349123954773,0.7503339052200317,0.6858692169189453,0.7717152833938599,0.6844698786735535,0.7689436078071594,0.6836838722229004,0.7923060059547424,0.7001769542694092,0.7913562655448914,0.6978843212127686,0.8115801215171814,0
0.7026867270469666,0.22399508953094482,0.7050697803497314,0.2128048539161682,0.7062349915504456,0.2139352262020111,0.7073097825050354,0.21505862474441528,0.701008677482605,0.20848283171653748,0.6994150280952454,0.2064839005470276,0.6978181600570679,0.20447415113449097,0.705426812171936,0.22008225321769714,0.6932323575019836,0.20485541224479675,0.7025302648544312,0.23866647481918335,0.6979146599769592,0.23297062516212463,0.7059687972068787,0.3099336624145508,0.6664535403251648,0.26614710688591003,0.7050517797470093,0.39443129301071167,0.6520184874534607,0.36167657375335693,0.71539705991745,0.453804612159729,0.6602620482444763,0.44355106353759766,0.723206639289856,0.4771966338157654,0.6690837740898132,0.4688186049461365,0.723565399646759,0.4724203646183014,0.6712969541549683,0.4645422101020813,0.7209009528160095,0.4664320945739746,0.6757315397262573,0.45699644088745117,0.6966718435287476,0.48479482531547546,0.6733289957046509,0.4867740571498871,0.705395519733429,0.6265162825584412,0.6816302537918091,0.6397026777267456,0.7029509544372559,0.7697080373764038,0.6818090677261353,0.7981030344963074,0.6979886889457703,0.7914086580276489,0.6795912384986877,0.8212769031524658,0.7169397473335266,0.8153333067893982,0.6932885050773621,0.8437626361846924,0
0.7040989995002747,0.21971076726913452,0.7068013548851013,0.20992884039878845,0.7082002758979797,0.2116522490978241,0.7095913887023926,0.21350926160812378,0.7021839618682861,0.20493608713150024,0.7005308270454407,0.20323681831359863,0.6988474726676941,0.20167940855026245,0.7086433172225952,0.22157704830169678,0.6940599083900452,0.20504680275917053,0.704589307308197,0.2356182038784027,0.6993904709815979,0.2300596833229065,0.7083513736724854,0.30966466665267944,0.6697467565536499,0.26771482825279236,0.7049965858459473,0.4076441824436188,0.6553909778594971,0.3590185344219208,0.7153996229171753,0.44898873567581177,0.6687033176422119,0.43314898014068604,0.719727635383606,0.4669387936592102,0.6688810586929321,0.4554019868373871,0.7195363640785217,0.4672655463218689,0.6747696995735168,0.4519845247268677,0.7152128219604492,0.46311742067337036,0.6753270030021667,0.44524887204170227,0.6973589658737183,0.4841829538345337,0.6731947660446167,0.4809223413467407,0.7123140692710876,0.6152562499046326,0.6870688796043396,0.6443753242492676,0.696386992931366,0.7575163245201111,0.676550567150116,0.7774205207824707,0.6898036003112793,0.774001955986023,0.6731191277503967,0.7920506000518799,0.7051190137863159,0.8161270022392273,0.682543933391571,0.833932101726532,0
0.7074888348579407,0.21990573406219482,0.7099677920341492,0.20884883403778076,0.7112342119216919,0.2102603316307068,0.7125234007835388,0.2117924988269806,0.7055776119232178,0.20435139536857605,0.7037891149520874,0.20251721143722534,0.7018195986747742,0.20063051581382751,0.7111946940422058,0.21856635808944702,0.6971035003662109,0.2029207944869995,0.7076724767684937,0.23545068502426147,0.7027190923690796,0.2300708293914795,0.7098002433776855,0.30682069063186646,0.6728349328041077,0.2619197368621826,0.7048323750495911,0.40218716859817505,0.6533149480819702,0.3542875647544861,0.7151319980621338,0.4572218060493469,0.6584560871124268,0.43471652269363403,0.7194950580596924,0.4750502109527588,0.6572455167770386,0.45937880873680115,0.7190852165222168,0.4732033908367157,0.6618703603744507,0.4620788097381592,0.7186365723609924,0.46244576573371887,0.6629054546356201,0.44896116852760315,0.7001716494560242,0.48531851172447205,0.6788421869277954,0.4820464551448822,0.704940140247345,0.609656572341919,0.6940335035324097,0.6277675032615662,0.6853610873222351,0.7462174892425537,0.6808504462242126,0.7697128057479858,0.677857518196106,0.7637661099433899,0.6752508878707886,0.789332389831543,0.69638592004776,0.7990116477012634,0.690240740776062,0.8202798962593079,0
0.7126121520996094,0.2299821376800537,0.7143841981887817,0.2169334888458252,0.7151939272880554,0.2171643078327179,0.7158845663070679,0.21741080284118652,0.7106582522392273,0.2145431935787201,0.7087476253509521,0.21274501085281372,0.7068244218826294,0.21077299118041992,0.7127234935760498,0.21978890895843506,0.7007342576980591,0.2099686861038208,0.7116943001747131,0.24193987250328064,0.7072916626930237,0.2396666407585144,0.7142659425735474,0.3101627230644226,0.6740368604660034,0.2708577513694763,0.7088423371315002,0.400711327791214,0.6579800248146057,0.3617591857910156,0.7184738516807556,0.4719901978969574,0.6632599830627441,0.44392433762550354,0.7217590808868408,0.4949260354042053,0.663914144039154,0.47345852851867676,0.7210262417793274,0.4913245737552643,0.6676687002182007,0.4700627326965332,0.7182665467262268,0.4822717308998108,0.6678892970085144,0.45766928791999817,0.7019573450088501,0.4891386330127716,0.6796806454658508,0.4876165986061096,0.7128742933273315,0.6232860088348389,0.6886613368988037,0.6353063583374023,0.6999979615211487,0.7507122755050659,0.6774487495422363,0.7617979049682617,0.6936012506484985,0.7668561935424805,0.673061192035675,0.776580810546875,0.7118008136749268,0.8011620044708252,0.6872729659080505,0.8122588396072388,0
0.7134844660758972,0.2280379831790924,0.7151772379875183,0.21489593386650085,0.7159795165061951,0.2152193784713745,0.7166879773139954,0.21555855870246887,0.711727499961853,0.21219190955162048,0.7100480198860168,0.2104528546333313,0.7082133293151855,0.20847946405410767,0.7136715650558472,0.2179778516292572,0.7024018168449402,0.20746424794197083,0.7125842571258545,0.23985719680786133,0.7088355422019958,0.23690634965896606,0.7137515544891357,0.30033427476882935,0.6772701144218445,0.26704883575439453,0.7081416845321655,0.38933175802230835,0.6588938236236572,0.36124998331069946,0.7180980443954468,0.4675373136997223,0.6650718450546265,0.44141441583633423,0.7224270701408386,0.49066731333732605,0.6666519045829773,0.47241371870040894,0.7214932441711426,0.48865973949432373,0.6713637709617615,0.4713928997516632,0.7184367179870605,0.47864291071891785,0.6716752052307129,0.4577164649963379,0.7054951786994934,0.48319920897483826,0.6851193308830261,0.4839418828487396,0.7128129601478577,0.6145918369293213,0.7064440846443176,0.6371004581451416,0.6822702288627625,0.7341111302375793,0.6852213740348816,0.7612760663032532,0.6736152768135071,0.7464298605918884,0.6775867938995361,0.7747476100921631,0.6904820203781128,0.7898935079574585,0.6952936053276062,0.8142837285995483,0
0.7200098633766174,0.221685528755188,0.7201592922210693,0.20760256052017212,0.7203893661499023,0.20766142010688782,0.7205585837364197,0.20788025856018066,0.7179268598556519,0.20638304948806763,0.7163774967193604,0.2052198052406311,0.7147067189216614,0.20400547981262207,0.7154977321624756,0.21167254447937012,0.7061776518821716,0.2044740617275238,0.7180493474006653,0.23362375795841217,0.7146527767181396,0.23196278512477875,0.7152034640312195,0.29908597469329834,0.6781809329986572,0.2700064182281494,0.7110937237739563,0.3783978819847107,0.6652254462242126,0.3610854744911194,0.7054592967033386,0.4267844259738922,0.6703300476074219,0.44278520345687866,0.7040321826934814,0.44651713967323303,0.6707594990730286,0.47740092873573303,0.7031651139259338,0.4408847391605377,0.6758631467819214,0.47119665145874023,0.7023701667785645,0.43375542759895325,0.6769086718559265,0.459965318441391,0.7012481689453125,0.4736229181289673,0.6806479096412659,0.4692322611808777,0.709507405757904,0.6136320233345032,0.6855059862136841,0.6179454326629639,0.6973559260368347,0.7349718809127808,0.6740131378173828,0.7376747131347656,0.6915493607521057,0.749325156211853,0.6690728068351746,0.7515748143196106,0.7078433632850647,0.7877527475357056,0.6837686896324158,0.7873862981796265,0
0.7203471064567566,0.22417598962783813,0.7216153144836426,0.20958185195922852,0.7223472595214844,0.2100754976272583,0.7230247855186462,0.21062639355659485,0.7184717655181885,0.2069663405418396,0.7166886329650879,0.2051600217819214,0.7146697640419006,0.20314010977745056,0.7198516130447388,0.21442314982414246,0.7077435851097107,0.20303955674171448,0.7194387316703796,0.2368083894252777,0.7156642079353333,0.2341223806142807,0.7197556495666504,0.30345863103866577,0.6815522313117981,0.26726317405700684,0.7114012837409973,0.3988720774650574,0.6669637560844421,0.3620915114879608,0.7073186039924622,0.404806911945343,0.6732462048530579,0.4441855549812317,0.7060337066650391,0.41263484954833984,0.6743790507316589,0.4731523394584656,0.7059808969497681,0.40340834856033325,0.6799741983413696,0.4757254719734192,0.7051563858985901,0.4008862376213074,0.6811124682426453,0.46383947134017944,0.7052989602088928,0.4833011329174042,0.684430718421936,0.47877195477485657,0.7181636691093445,0.6211104393005371,0.7109329700469971,0.6313096284866333,0.6811557412147522,0.7286690473556519,0.6883711218833923,0.7544325590133667,0.6724379062652588,0.7357022762298584,0.6807126998901367,0.7653250694274902,0.6844766139984131,0.7882694005966187,0.6981869339942932,0.814979076385498,0
0.7199018597602844,0.21440735459327698,0.7226726412773132,0.20155996084213257,0.7239598035812378,0.2023068368434906,0.7251945734024048,0.20312541723251343,0.7184370160102844,0.19915840029716492,0.716754138469696,0.1980491280555725,0.7149696946144104,0.19685137271881104,0.7240310311317444,0.2106034755706787,0.7108555436134338,0.19991308450698853,0.7207944989204407,0.23037663102149963,0.7153083086013794,0.22572511434555054,0.7248334288597107,0.2930101156234741,0.6893314719200134,0.25653335452079773,0.7115647792816162,0.36663973331451416,0.6728634834289551,0.34490206837654114,0.7110315561294556,0.39595937728881836,0.680486261844635,0.4111342132091522,0.7114047408103943,0.40879321098327637,0.6791337728500366,0.43257296085357666,0.7121484279632568,0.40549343824386597,0.68597412109375,0.43170586228370667,0.7110111117362976,0.4014674425125122,0.6870296001434326,0.4261881709098816,0.7093772888183594,0.4761529266834259,0.6869547963142395,0.4648760259151459,0.7062245011329651,0.6071564555168152,0.6960737705230713,0.5864763259887695,0.6891132593154907,0.742927610874176,0.6856722235679626,0.7350142598152161,0.6825011372566223,0.7594932317733765,0.680077850818634,0.7521116137504578,0.6960898637771606,0.7970993518829346,0.6981166005134583,0.7936254739761353,0
0.0,0.0,0.0,0.0,0.0,0.0,0.0,0.0,0.0,0.0,0.0,0.0,0.0,0.0,0.0,0.0,0.0,0.0,0.0,0.0,0.0,0.0,0.0,0.0,0.0,0.0,0.0,0.0,0.0,0.0,0.0,0.0,0.0,0.0,0.0,0.0,0.0,0.0,0.0,0.0,0.0,0.0,0.0,0.0,0.0,0.0,0.0,0.0,0.0,0.0,0.0,0.0,0.0,0.0,0.0,0.0,0.0,0.0,0.0,0.0,0.0,0.0,0.0,0.0,0.0,0.0,0
0.7295025587081909,0.22509893774986267,0.7308344841003418,0.21088579297065735,0.731389582157135,0.21086016297340393,0.7318816781044006,0.21086746454238892,0.7277030944824219,0.20874547958374023,0.7260742783546448,0.2070152759552002,0.7240817546844482,0.2048741579055786,0.7278203964233398,0.2118237316608429,0.7171764969825745,0.20288681983947754,0.7279379963874817,0.23661217093467712,0.7241486310958862,0.23420953750610352,0.7279506921768188,0.29462307691574097,0.6903678178787231,0.2698551416397095,0.7180440425872803,0.36857351660728455,0.6757912635803223,0.3697090446949005,0.7166897654533386,0.4159676730632782,0.6841932535171509,0.4551154375076294,0.716738760471344,0.4334816336631775,0.6857872605323792,0.4819301664829254,0.7169573307037354,0.4322810173034668,0.6908666491508484,0.4794248044490814,0.7155799865722656,0.42659589648246765,0.691431999206543,0.468282550573349,0.7140880823135376,0.4868239760398865,0.6945115327835083,0.4847155511379242,0.713911771774292,0.6215944290161133,0.7050065398216248,0.6504723429679871,0.6889427304267883,0.7379523515701294,0.6920541524887085,0.7548128366470337,0.6822929978370667,0.751616358757019,0.6864478588104248,0.7633983492851257,0.6943498849868774,0.7878785133361816,0.7021063566207886,0.8110187649726868,0
0.728481650352478,0.21447011828422546,0.7311215400695801,0.20236536860466003,0.7322670221328735,0.2032497227191925,0.7335184216499329,0.2043864130973816,0.7277730703353882,0.19940721988677979,0.7265588641166687,0.19816216826438904,0.7253702878952026,0.19700831174850464,0.7312310338020325,0.21126726269721985,0.7214649319648743,0.20131120085716248,0.728368878364563,0.22980651259422302,0.7241567373275757,0.2253340780735016,0.7259488701820374,0.2946411967277527,0.6982578039169312,0.27128854393959045,0.7192395925521851,0.38412174582481384,0.6812766790390015,0.3550567030906677,0.7185265421867371,0.4276247024536133,0.6941028833389282,0.40621185302734375,0.719986617565155,0.44443824887275696,0.6941778659820557,0.424919068813324,0.7206406593322754,0.4444238543510437,0.7007911205291748,0.4206276535987854,0.7187579274177551,0.43926170468330383,0.7011748552322388,0.41527441143989563,0.7208247780799866,0.5401682257652283,0.6937447786331177,0.5380349159240723,0.717750608921051,0.7131627798080444,0.7014378309249878,0.7377801537513733,0.717953085899353,0.6975237727165222,0.7008038759231567,0.6846259236335754,0.7168471217155457,0.6874175667762756,0.6994715929031372,0.662211537361145,0.7202901244163513,0.7238514423370361,0.7058303356170654,0.7209993600845337,0
0.7291965484619141,0.21022164821624756,0.7329267263412476,0.199640154838562,0.7343546748161316,0.2009596824645996,0.7357496023178101,0.20232760906219482,0.7288258671760559,0.1951577365398407,0.7274420261383057,0.19337883591651917,0.7258723974227905,0.1914859414100647,0.7346817255020142,0.20808526873588562,0.7217555046081543,0.19416677951812744,0.7291831970214844,0.22419235110282898,0.7242056727409363,0.2190609872341156,0.7343676686286926,0.2921236455440521,0.696904182434082,0.2627682685852051,0.7200420498847961,0.3968994617462158,0.6815241575241089,0.36771976947784424,0.7169615626335144,0.4631772041320801,0.6873518824577332,0.449832022190094,0.7171070575714111,0.4864187240600586,0.6866605877876282,0.47935163974761963,0.7170588374137878,0.48518258333206177,0.6921902298927307,0.4779607355594635,0.7155963182449341,0.4764593839645386,0.6930566430091858,0.46459993720054626,0.7198061943054199,0.49200674891471863,0.6980277895927429,0.4890558123588562,0.7151110172271729,0.6376902461051941,0.7023820877075195,0.6524716019630432,0.701183557510376,0.7019734978675842,0.6970515251159668,0.701952338218689,0.6974873542785645,0.7063624858856201,0.6940842270851135,0.7029134035110474,0.7029092907905579,0.7445619106292725,0.7027876973152161,0.745574414730072,0
0.7352553606033325,0.21807926893234253,0.7381277084350586,0.20651614665985107,0.7392786741256714,0.20756378769874573,0.7403554320335388,0.20861414074897766,0.7342487573623657,0.20195990800857544,0.7327753901481628,0.2000623643398285,0.7311446070671082,0.1980259120464325,0.7380179166793823,0.21272361278533936,0.72642582654953,0.19886037707328796,0.7349837422370911,0.23183917999267578,0.7303412556648254,0.2266446053981781,0.73652184009552,0.2967613637447357,0.699478805065155,0.25922656059265137,0.7254661321640015,0.3877772390842438,0.6817072033882141,0.35960376262664795,0.7220278382301331,0.42870038747787476,0.6902661323547363,0.4417341351509094,0.7216696739196777,0.44349876046180725,0.6918836236000061,0.4748042821884155,0.7222608923912048,0.441220223903656,0.698519766330719,0.4762181341648102,0.72113436460495,0.4360973834991455,0.6985445022583008,0.4662637412548065,0.7212775349617004,0.4881104826927185,0.6983885169029236,0.48211848735809326,0.7183328866958618,0.6318945288658142,0.7104454636573792,0.6539740562438965,0.6924756169319153,0.6817539930343628,0.693949282169342,0.6879755258560181,0.6872606873512268,0.6808248162269592,0.6894345879554749,0.6832133531570435,0.6903544664382935,0.7292869091033936,0.6956645250320435,0.7361109256744385,0
0.738619327545166,0.225321426987648,0.7411418557167053,0.21115803718566895,0.7421371340751648,0.21187517046928406,0.7430927157402039,0.21262577176094055,0.7376115322113037,0.20739299058914185,0.7360838651657104,0.20533627271652222,0.7344164252281189,0.2031102478504181,0.7401064038276672,0.21581274271011353,0.7288280725479126,0.20245757699012756,0.7382403612136841,0.23922212421894073,0.7337950468063354,0.23420965671539307,0.7384206652641296,0.2984638512134552,0.7019237875938416,0.2626633644104004,0.7253345251083374,0.39216190576553345,0.6843900680541992,0.3667362332344055,0.7220442891120911,0.4522847533226013,0.6894645094871521,0.46775874495506287,0.7213341593742371,0.47315940260887146,0.6880732178688049,0.4950435757637024,0.7215441465377808,0.47034531831741333,0.6931482553482056,0.4947727918624878,0.7204757332801819,0.46291691064834595,0.6952000856399536,0.48317915201187134,0.7220516800880432,0.4895477294921875,0.6976462602615356,0.4881404638290405,0.722310483455658,0.6236588954925537,0.7047043442726135,0.6559269428253174,0.7100376486778259,0.6970453262329102,0.7002297639846802,0.701504111289978,0.7055814266204834,0.7064454555511475,0.6968156099319458,0.7009012699127197,0.7156093716621399,0.733729362487793,0.7088553309440613,0.7493582963943481,0
0.7424236536026001,0.2274545282125473,0.7449711561203003,0.21429294347763062,0.7459133267402649,0.21481184661388397,0.7467519044876099,0.2151823341846466,0.7409650087356567,0.2100350707769394,0.7390822172164917,0.20745877921581268,0.737122118473053,0.20471927523612976,0.744020938873291,0.21663886308670044,0.7317699193954468,0.20367278158664703,0.7414737343788147,0.23899297416210175,0.7368101477622986,0.23543377220630646,0.7419283986091614,0.29733240604400635,0.7026610970497131,0.2679241895675659,0.7291362285614014,0.39250612258911133,0.6856390237808228,0.37062039971351624,0.7302523255348206,0.4655294716358185,0.693871021270752,0.4637564420700073,0.7302908301353455,0.489912748336792,0.6939162015914917,0.4904862642288208,0.7296070456504822,0.48629388213157654,0.6998680233955383,0.48782509565353394,0.7280078530311584,0.4776782989501953,0.7011281847953796,0.4770453870296478,0.7237192392349243,0.4868609309196472,0.7001056671142578,0.4836229383945465,0.7225219011306763,0.6154807209968567,0.711890459060669,0.6498250961303711,0.6847649216651917,0.7046996355056763,0.6995813846588135,0.731022298336029,0.676429033279419,0.7127246856689453,0.6945518851280212,0.734735369682312,0.6864349246025085,0.7543832063674927,0.7070746421813965,0.7899566888809204,0
0.7458580732345581,0.23425576090812683,0.7481831312179565,0.22161999344825745,0.74895179271698,0.2222566455602646,0.7497090101242065,0.22276267409324646,0.7444244623184204,0.21653899550437927,0.7425485849380493,0.21354952454566956,0.7405886650085449,0.21043388545513153,0.7468116283416748,0.2228914350271225,0.7346326112747192,0.20918631553649902,0.7443044781684875,0.24595412611961365,0.739877462387085,0.2419227510690689,0.7433636784553528,0.30372968316078186,0.704561173915863,0.26728081703186035,0.7358698844909668,0.400266170501709,0.6884412169456482,0.3621903955936432,0.7348328828811646,0.4785851836204529,0.6966093182563782,0.45897576212882996,0.7365878224372864,0.5023413896560669,0.693985104560852,0.49071386456489563,0.7351549863815308,0.49774739146232605,0.7026394605636597,0.48437395691871643,0.7333145141601562,0.4880141019821167,0.7037215828895569,0.4735798239707947,0.724602997303009,0.4843725264072418,0.7007426619529724,0.48041561245918274,0.7231985330581665,0.6121003031730652,0.7101249098777771,0.6445752382278442,0.6896750330924988,0.7107524871826172,0.7025336623191833,0.7330635786056519,0.6818660497665405,0.720298707485199,0.6988568305969238,0.7393324971199036,0.6921836733818054,0.7629666924476624,0.708758533000946,0.7879987955093384,0
0.7451887130737305,0.23707927763462067,0.7481877207756042,0.22638042271137238,0.7492281794548035,0.22721953690052032,0.7498747706413269,0.2288009524345398,0.7440335750579834,0.22143448889255524,0.7423504590988159,0.2187432497739792,0.7402722835540771,0.21550767123699188,0.7482127547264099,0.22757510840892792,0.7364205718040466,0.21205966174602509,0.7447592616081238,0.24559389054775238,0.7395980358123779,0.24046503007411957,0.7465074062347412,0.2874281704425812,0.7119801044464111,0.25679829716682434,0.741876482963562,0.36451858282089233,0.693971574306488,0.3245057761669159,0.7399840950965881,0.42553943395614624,0.6993337869644165,0.37216246128082275,0.7408641576766968,0.44753870368003845,0.6983790993690491,0.38766348361968994,0.7389277815818787,0.44576144218444824,0.7030307054519653,0.3850657045841217,0.737090528011322,0.43711864948272705,0.7039483785629272,0.3808929920196533,0.726906418800354,0.41343745589256287,0.7050614953041077,0.4041696786880493,0.7408542037010193,0.46399128437042236,0.704147458076477,0.4575493335723877,0.723613977432251,0.492435097694397,0.7016977071762085,0.4846038818359375,0.7196956872940063,0.49239715933799744,0.7010703682899475,0.47976502776145935,0.722602128982544,0.5232898592948914,0.701082170009613,0.5225509405136108,0
0.7481042742729187,0.23877575993537903,0.7518132925033569,0.2263321876525879,0.7530487775802612,0.22754700481891632,0.7542544007301331,0.22873516380786896,0.7475023865699768,0.22148238122463226,0.7455589771270752,0.21901345252990723,0.7435680627822876,0.21650023758411407,0.7524059414863586,0.2331862896680832,0.7381821274757385,0.2171543538570404,0.7476073503494263,0.25208812952041626,0.7421717643737793,0.24649997055530548,0.7497959136962891,0.32117193937301636,0.7095362544059753,0.276888906955719,0.7455270886421204,0.43257322907447815,0.6949156522750854,0.3836211562156677,0.7451671957969666,0.5043929219245911,0.7039200663566589,0.4565669894218445,0.7465506196022034,0.5271932482719421,0.7035308480262756,0.4860352575778961,0.745527446269989,0.5189595222473145,0.7105844616889954,0.47904691100120544,0.7428893446922302,0.5098736882209778,0.7110822796821594,0.4746551215648651,0.7210757732391357,0.4967280924320221,0.6960253715515137,0.4830854535102844,0.7456991076469421,0.5826685428619385,0.7179349660873413,0.5989270806312561,0.7072766423225403,0.7107068300247192,0.6901872158050537,0.6803930997848511,0.6979178190231323,0.7220621109008789,0.684246301651001,0.6808344125747681,0.7088379263877869,0.7724623680114746,0.6892480850219727,0.7438647747039795,0
0.754254162311554,0.24436229467391968,0.7564257979393005,0.231657937169075,0.7572966814041138,0.23228096961975098,0.7581302523612976,0.23292990028858185,0.7530494928359985,0.2282842993736267,0.7514901161193848,0.22646258771419525,0.7497178912162781,0.2243664264678955,0.7548605799674988,0.23447981476783752,0.7437671422958374,0.2231283336877823,0.7531991004943848,0.2567574381828308,0.7487659454345703,0.2538307309150696,0.7515182495117188,0.3287808895111084,0.7131912112236023,0.28221166133880615,0.7494792342185974,0.4413970112800598,0.6963391900062561,0.37237319350242615,0.7552922368049622,0.5291393995285034,0.7076159119606018,0.46597450971603394,0.7574261426925659,0.5566909313201904,0.7051312923431396,0.48592251539230347,0.7553635835647583,0.5515777468681335,0.7100989818572998,0.4880450963973999,0.7527754902839661,0.5407957434654236,0.7126506567001343,0.4767279028892517,0.7232857346534729,0.5030254125595093,0.6980235576629639,0.4886820912361145,0.7400277853012085,0.6101340651512146,0.7127443552017212,0.6484126448631287,0.7213084101676941,0.6886835098266602,0.6991851329803467,0.6828466653823853,0.7155656218528748,0.6963719129562378,0.6948096752166748,0.677319347858429,0.7263832092285156,0.7316794991493225,0.7031740546226501,0.732915997505188,0
0.7546423077583313,0.25443559885025024,0.7571009993553162,0.24176834523677826,0.7579911351203918,0.24245139956474304,0.7590320110321045,0.24324379861354828,0.7539927959442139,0.23745296895503998,0.7528742551803589,0.23533093929290771,0.751279890537262,0.23249131441116333,0.7566738724708557,0.24339842796325684,0.7467342019081116,0.23075830936431885,0.7536903619766235,0.26526930928230286,0.7492464780807495,0.26017409563064575,0.7556610107421875,0.33396050333976746,0.7145110964775085,0.2840607762336731,0.7530431747436523,0.4438350200653076,0.6962640881538391,0.3796041011810303,0.7526634335517883,0.5202113389968872,0.6989317536354065,0.4735105633735657,0.7538593411445618,0.5431610941886902,0.7000042796134949,0.4994920492172241,0.7517328858375549,0.5376765727996826,0.7031140327453613,0.491024374961853,0.7496137022972107,0.5283855199813843,0.706343412399292,0.48722976446151733,0.72999507188797,0.5110470652580261,0.7026041746139526,0.4964127242565155,0.7482298612594604,0.6302508115768433,0.7085738182067871,0.653271496295929,0.738869845867157,0.6912626624107361,0.6968550682067871,0.6692450642585754,0.7353888750076294,0.6968923211097717,0.6940688490867615,0.6624296307563782,0.7422685027122498,0.7255197167396545,0.6970294713973999,0.7088391184806824,0
0.7610654830932617,0.2572060227394104,0.7623475790023804,0.24356405436992645,0.7628331780433655,0.2436804324388504,0.7633343935012817,0.2438323050737381,0.7601504921913147,0.24157890677452087,0.7591995000839233,0.2403920590877533,0.7581202983856201,0.2389279305934906,0.7596115469932556,0.2448815107345581,0.7527436017990112,0.23808731138706207,0.759503185749054,0.2686168849468231,0.7562604546546936,0.2664928138256073,0.7590004801750183,0.33698326349258423,0.71773761510849,0.2896287143230438,0.756339967250824,0.45949992537498474,0.6987028121948242,0.3806508779525757,0.7504608631134033,0.5154669284820557,0.7014012932777405,0.47374939918518066,0.7503006458282471,0.5364421606063843,0.6986806988716125,0.4959826171398163,0.7495482563972473,0.5290007591247559,0.7035337090492249,0.49755728244781494,0.7479748725891113,0.5208930373191833,0.7063530683517456,0.48611125349998474,0.7260876893997192,0.5179122686386108,0.701854944229126,0.4974055588245392,0.7232915759086609,0.645706057548523,0.7042843103408813,0.6533924341201782,0.7072463631629944,0.7171344757080078,0.6936452388763428,0.702889084815979,0.7038226127624512,0.7252016067504883,0.6908374428749084,0.7009701728820801,0.70594722032547,0.7508584856987,0.6952218413352966,0.7509281635284424,0
0.7629887461662292,0.2643126845359802,0.7649508714675903,0.2502012252807617,0.7655324935913086,0.2507631480693817,0.7661471962928772,0.25131356716156006,0.7624940276145935,0.24792636930942535,0.7612969279289246,0.24593068659305573,0.7603783011436462,0.24444431066513062,0.7626698613166809,0.25280678272247314,0.755189836025238,0.24309773743152618,0.7618822455406189,0.27442455291748047,0.7578814625740051,0.27231210470199585,0.7623558640480042,0.3415945768356323,0.720544695854187,0.29393336176872253,0.7649948596954346,0.454266756772995,0.7019522786140442,0.3797503113746643,0.7567301392555237,0.48912447690963745,0.7088282108306885,0.4652026295661926,0.7568701505661011,0.5069588422775269,0.7063688635826111,0.49272483587265015,0.7547237873077393,0.48391103744506836,0.710624635219574,0.48356711864471436,0.7545151710510254,0.4828651547431946,0.713268518447876,0.4810013771057129,0.7276270985603333,0.5132212042808533,0.7038129568099976,0.4923456311225891,0.7237480878829956,0.6314114332199097,0.7006182670593262,0.642275869846344,0.6999509930610657,0.7125913500785828,0.6862423419952393,0.6984506249427795,0.6954752802848816,0.7209125757217407,0.6839470863342285,0.6971426010131836,0.6957389116287231,0.7515485286712646,0.6834442615509033,0.7506855130195618,0
0.7643352746963501,0.279712438583374,0.7672652006149292,0.2662409543991089,0.7683402895927429,0.26619112491607666,0.7692275643348694,0.26576703786849976,0.7634057402610779,0.26294106245040894,0.7618324756622314,0.2604733109474182,0.7599989175796509,0.2571207880973816,0.7669798731803894,0.2630549669265747,0.7551822662353516,0.25188082456588745,0.7635250091552734,0.28848254680633545,0.7586008310317993,0.2851673364639282,0.7669431567192078,0.3372916877269745,0.7232367992401123,0.2943105399608612,0.7678965330123901,0.44399353861808777,0.7016779184341431,0.3791044354438782,0.7645618915557861,0.4963696599006653,0.7033479809761047,0.46363207697868347,0.7634159326553345,0.5140501260757446,0.6998497247695923,0.4831561744213104,0.7611770629882812,0.5022164583206177,0.7057297825813293,0.4833340048789978,0.7599285244941711,0.4958503246307373,0.7064679861068726,0.4802023470401764,0.7334085702896118,0.4969918727874756,0.706966757774353,0.47169798612594604,0.7306876182556152,0.6200686693191528,0.6979937553405762,0.5901466012001038,0.7144315838813782,0.7096481323242188,0.686708390712738,0.6756513714790344,0.7101624608039856,0.7188752889633179,0.6859914064407349,0.6814618110656738,0.7132571935653687,0.7528184652328491,0.6816117763519287,0.7262095212936401,0
0.7669715881347656,0.27934563159942627,0.7695892453193665,0.2668386697769165,0.7704984545707703,0.2674861252307892,0.7718328237533569,0.26916342973709106,0.766353964805603,0.2627696394920349,0.7648026347160339,0.25994420051574707,0.7637658715248108,0.25811558961868286,0.7697451710700989,0.2702444791793823,0.7597731947898865,0.2560432255268097,0.7661679983139038,0.2908018231391907,0.7615229487419128,0.28593701124191284,0.7708175182342529,0.3500027656555176,0.7266458868980408,0.29634949564933777,0.775155246257782,0.4575273394584656,0.7040892839431763,0.3755287230014801,0.7675328850746155,0.4909856617450714,0.7052841782569885,0.4703412353992462,0.7692224979400635,0.5114707946777344,0.7002679705619812,0.48863446712493896,0.7647802829742432,0.4900476634502411,0.706083357334137,0.48997142910957336,0.7642908096313477,0.4877735674381256,0.708821177482605,0.48076847195625305,0.7313945293426514,0.4985661506652832,0.7057201266288757,0.47304511070251465,0.7236889600753784,0.6218271255493164,0.6985703706741333,0.6110043525695801,0.7095693945884705,0.6969126462936401,0.6901401281356812,0.6915119886398315,0.7064337730407715,0.7052674889564514,0.689296305179596,0.6955626010894775,0.7069926857948303,0.733722448348999,0.687099277973175,0.7425084114074707,0
0.7710063457489014,0.2827945947647095,0.774112343788147,0.27115947008132935,0.7751348614692688,0.2719890773296356,0.7761726379394531,0.27307426929473877,0.7705424427986145,0.26709216833114624,0.7689000368118286,0.2645632028579712,0.7674201726913452,0.2623745799064636,0.7735613584518433,0.27559781074523926,0.7619473338127136,0.2604282796382904,0.7698425650596619,0.2941337823867798,0.7652565240859985,0.2891210913658142,0.7731264233589172,0.36121857166290283,0.7299181222915649,0.2970227301120758,0.778278648853302,0.4671715497970581,0.7042629718780518,0.38461077213287354,0.7820101976394653,0.522366464138031,0.7055789828300476,0.48062676191329956,0.7841455936431885,0.5426833629608154,0.7019829154014587,0.504584014415741,0.7826980352401733,0.5343561768531799,0.7076217532157898,0.5022871494293213,0.7798078060150146,0.5262759327888489,0.7099877595901489,0.4921215772628784,0.736471951007843,0.5201758742332458,0.7077702283859253,0.49476364254951477,0.7448709011077881,0.6340999603271484,0.7030786275863647,0.6200371384620667,0.7251921892166138,0.7151381373405457,0.6970157027244568,0.6803825497627258,0.7195387482643127,0.7224603295326233,0.696140468120575,0.6780238151550293,0.7268791198730469,0.7598211765289307,0.6958196759223938,0.7375818490982056,0
0.7709818482398987,0.2953939437866211,0.7749156951904297,0.28363674879074097,0.7761371731758118,0.28425413370132446,0.7774760127067566,0.2850651443004608,0.7710636854171753,0.27923864126205444,0.7692819833755493,0.27613353729248047,0.7679682374000549,0.2734569013118744,0.7762272953987122,0.2848706841468811,0.7640783786773682,0.26913750171661377,0.770534873008728,0.304267942905426,0.7658572793006897,0.29976746439933777,0.7764912843704224,0.3587729334831238,0.7326934337615967,0.2964518666267395,0.7749921679496765,0.44831040501594543,0.7069520950317383,0.37250518798828125,0.7760608792304993,0.5154716968536377,0.7067822217941284,0.46921563148498535,0.7782338857650757,0.5385054349899292,0.7032514214515686,0.49033182859420776,0.775824248790741,0.5341097712516785,0.7093802690505981,0.49987947940826416,0.773030698299408,0.5249685645103455,0.7111634016036987,0.4913557767868042,0.7427965998649597,0.4800487756729126,0.7131337523460388,0.46117931604385376,0.7707713842391968,0.5345765352249146,0.7026032209396362,0.55227130651474,0.7692546844482422,0.6364991664886475,0.6961351037025452,0.6392562389373779,0.7642415165901184,0.6518855690956116,0.6957080364227295,0.6480181813240051,0.7791871428489685,0.679739236831665,0.6958721876144409,0.6829418540000916,0
0.7779096961021423,0.30204498767852783,0.780547559261322,0.2904484272003174,0.7813681960105896,0.290894091129303,0.7820515632629395,0.29106438159942627,0.7775208950042725,0.2863040864467621,0.7763623595237732,0.28394657373428345,0.7745251059532166,0.2803094983100891,0.7794954180717468,0.2899441719055176,0.7692779898643494,0.27542948722839355,0.7764623761177063,0.3108392059803009,0.7723298072814941,0.30665308237075806,0.7781199812889099,0.36896243691444397,0.7371838092803955,0.3034646511077881,0.7797978520393372,0.46862223744392395,0.7109540104866028,0.37577661871910095,0.7878684401512146,0.5468000769615173,0.7072064280509949,0.4624495208263397,0.7901257872581482,0.564699649810791,0.703954815864563,0.49631717801094055,0.7893471121788025,0.5635800957679749,0.7092711925506592,0.4960878789424896,0.7857047319412231,0.5554912090301514,0.7110586166381836,0.48632746934890747,0.7403886914253235,0.5112302303314209,0.7131884098052979,0.48654139041900635,0.747917890548706,0.6373463869094849,0.6977444887161255,0.5995151996612549,0.7316932678222656,0.7301178574562073,0.6895882487297058,0.6653395891189575,0.7255903482437134,0.7390602827072144,0.689024031162262,0.6669055819511414,0.7362919449806213,0.7778264284133911,0.686798095703125,0.7160770893096924,0
0.7760984897613525,0.3220483958721161,0.7801945209503174,0.3091890215873718,0.7816594243049622,0.3097041845321655,0.7830909490585327,0.3097454309463501,0.7762153744697571,0.30390501022338867,0.7750055193901062,0.3007486164569855,0.7734251618385315,0.2964300513267517,0.7826045751571655,0.30530160665512085,0.7696965336799622,0.2863248586654663,0.7760657668113708,0.3331838846206665,0.7712920904159546,0.32540956139564514,0.7845215201377869,0.3806290924549103,0.740258514881134,0.30940669775009155,0.7838745713233948,0.48317039012908936,0.7132839560508728,0.3800334930419922,0.7881433367729187,0.543624758720398,0.710294783115387,0.4637770354747772,0.791361391544342,0.5651301741600037,0.7069842219352722,0.49125421047210693,0.7889588475227356,0.5520381927490234,0.7131752967834473,0.48652979731559753,0.7879260778427124,0.5489767789840698,0.7136441469192505,0.4829818606376648,0.7442072629928589,0.5304820537567139,0.7142097353935242,0.5117947459220886,0.7503464221954346,0.6686447858810425,0.7093156576156616,0.6629364490509033,0.7279436588287354,0.7030177116394043,0.693846583366394,0.6687659025192261,0.7236459255218506,0.6990971565246582,0.6929301619529724,0.6579617261886597,0.7236722111701965,0.7490817904472351,0.6850310564041138,0.7179402112960815,0
0.7794454097747803,0.3172677755355835,0.7838837504386902,0.30478930473327637,0.7850679755210876,0.3060198426246643,0.7860556840896606,0.3067922592163086,0.7806011438369751,0.3000160753726959,0.7795592546463013,0.2979583442211151,0.7777791619300842,0.2943646013736725,0.7843329310417175,0.3062421679496765,0.7732380032539368,0.290499210357666,0.7793354988098145,0.32593420147895813,0.7744473814964294,0.3210314214229584,0.7851079702377319,0.3755039870738983,0.7431396842002869,0.315502405166626,0.7895054817199707,0.4742025136947632,0.7151816487312317,0.3847914934158325,0.7870225310325623,0.4913122355937958,0.7087633609771729,0.46392327547073364,0.7865568399429321,0.5001307725906372,0.7063801288604736,0.4870942234992981,0.785468339920044,0.48816508054733276,0.7101964950561523,0.4941708445549011,0.7840761542320251,0.4852157533168793,0.7122138738632202,0.48605477809906006,0.7428998947143555,0.5092929601669312,0.7183537483215332,0.4846489131450653,0.7489919066429138,0.6373401284217834,0.7046947479248047,0.5899230241775513,0.7280617356300354,0.7253413796424866,0.6905936002731323,0.6725510954856873,0.7214480042457581,0.7333313226699829,0.6892244219779968,0.679318368434906,0.7306525111198425,0.7772550582885742,0.6845679879188538,0.7218932509422302,0
0.7787642478942871,0.3374374806880951,0.7834563851356506,0.32076358795166016,0.7847944498062134,0.32270973920822144,0.7857809662818909,0.32284122705459595,0.7802851796150208,0.3150436282157898,0.7794135808944702,0.31294703483581543,0.777118980884552,0.30951839685440063,0.7839908599853516,0.31903451681137085,0.7745077013969421,0.3044891059398651,0.7791110277175903,0.34817254543304443,0.7739489078521729,0.33786267042160034,0.7873896360397339,0.384715735912323,0.7451158165931702,0.3209824562072754,0.7929970026016235,0.4789464473724365,0.7144579291343689,0.39197343587875366,0.781886100769043,0.47861841320991516,0.7098548412322998,0.48624107241630554,0.7803906202316284,0.48749881982803345,0.7062011957168579,0.5102869272232056,0.7778786420822144,0.4771552085876465,0.7128106951713562,0.5101413130760193,0.776328980922699,0.4680708348751068,0.7153454422950745,0.5029298663139343,0.7413906455039978,0.5163936018943787,0.7161882519721985,0.483072966337204,0.7342400550842285,0.6442219018936157,0.7049543857574463,0.6054408550262451,0.7137391567230225,0.6958486437797546,0.6842042207717896,0.6691645979881287,0.7090219855308533,0.6974772214889526,0.6822165846824646,0.6704212427139282,0.7108252644538879,0.7421225309371948,0.6756302118301392,0.7203952074050903,0
0.7786358594894409,0.3495660126209259,0.7838225364685059,0.3385241627693176,0.7852611541748047,0.3391781449317932,0.7866718769073486,0.33932897448539734,0.7791016101837158,0.32981058955192566,0.7779992818832397,0.3272397518157959,0.776830792427063,0.32386642694473267,0.786966860294342,0.33341747522354126,0.7743125557899475,0.3150571286678314,0.7791708707809448,0.3632214069366455,0.7733879685401917,0.3513599634170532,0.7902938723564148,0.4030725955963135,0.746475875377655,0.32823142409324646,0.7933380007743835,0.5187768340110779,0.7168821096420288,0.39239799976348877,0.7865726351737976,0.532315731048584,0.7117294073104858,0.4791475534439087,0.785308301448822,0.5437536835670471,0.7077029347419739,0.4998505711555481,0.78354811668396,0.5254386067390442,0.7118481993675232,0.5048015713691711,0.7820853590965271,0.5205868482589722,0.7139299511909485,0.49751177430152893,0.7478689551353455,0.5437522530555725,0.719916582107544,0.5043025016784668,0.7521502375602722,0.6943692564964294,0.7064488530158997,0.644389271736145,0.7241247296333313,0.6863206624984741,0.695176899433136,0.6670066118240356,0.7197193503379822,0.6755386590957642,0.6950552463531494,0.658462643623352,0.7168475985527039,0.7286351323127747,0.6843003630638123,0.7166855931282043,0
0.7812516093254089,0.3422226309776306,0.78609699010849,0.33189302682876587,0.7876299619674683,0.33220481872558594,0.7890962958335876,0.332233190536499,0.7817710041999817,0.32648295164108276,0.7808170914649963,0.3240206241607666,0.7791942358016968,0.31957414746284485,0.7894816994667053,0.3295562267303467,0.7779195308685303,0.31385737657546997,0.7820276618003845,0.35272520780563354,0.7777339220046997,0.34676414728164673,0.791685163974762,0.39526450634002686,0.7502838969230652,0.32730633020401,0.796343982219696,0.48777320981025696,0.724728524684906,0.38863784074783325,0.7863580584526062,0.4907357692718506,0.7117897272109985,0.47695884108543396,0.783767819404602,0.49758291244506836,0.7070413827896118,0.4945047199726105,0.7825011610984802,0.48396793007850647,0.7114642262458801,0.5013037919998169,0.781916618347168,0.4810431897640228,0.7138210535049438,0.49400636553764343,0.752417802810669,0.505638062953949,0.7251738905906677,0.4636687636375427,0.7569001317024231,0.5983045697212219,0.698793351650238,0.549493670463562,0.7357005476951599,0.6702431440353394,0.6873265504837036,0.6553800702095032,0.7298541069030762,0.676516056060791,0.6878328323364258,0.66996169090271,0.7340342402458191,0.715665340423584,0.6782063245773315,0.6977764368057251,0
0.7859721183776855,0.3434121012687683,0.7895592451095581,0.3309634327888489,0.7901747822761536,0.33064067363739014,0.790747880935669,0.33012932538986206,0.7864797115325928,0.3289734125137329,0.7846589684486389,0.32515981793403625,0.7839149832725525,0.32321304082870483,0.7897363901138306,0.33023175597190857,0.7818711400032043,0.32052573561668396,0.7856625318527222,0.35281631350517273,0.7819331884384155,0.34671226143836975,0.788969099521637,0.38104701042175293,0.7639355063438416,0.3597899377346039,0.7907057404518127,0.4624159634113312,0.7616835832595825,0.4022284150123596,0.783233642578125,0.4744410216808319,0.7687730193138123,0.423979789018631,0.7828094363212585,0.4760555624961853,0.769334077835083,0.4294978678226471,0.7806832194328308,0.46945419907569885,0.7706124782562256,0.42430779337882996,0.7797538042068481,0.46936866641044617,0.7705264687538147,0.4227153956890106,0.738551139831543,0.42181670665740967,0.7262653112411499,0.40874189138412476,0.7619989514350891,0.4812234342098236,0.7519552111625671,0.4918695390224457,0.7336947917938232,0.4825979173183441,0.7285400629043579,0.48133963346481323,0.7298531532287598,0.4805024266242981,0.7257092595100403,0.47441017627716064,0.7263700366020203,0.4979413151741028,0.7202893495559692,0.5008817315101624,0
0.0,0.0,0.0,0.0,0.0,0.0,0.0,0.0,0.0,0.0,0.0,0.0,0.0,0.0,0.0,0.0,0.0,0.0,0.0,0.0,0.0,0.0,0.0,0.0,0.0,0.0,0.0,0.0,0.0,0.0,0.0,0.0,0.0,0.0,0.0,0.0,0.0,0.0,0.0,0.0,0.0,0.0,0.0,0.0,0.0,0.0,0.0,0.0,0.0,0.0,0.0,0.0,0.0,0.0,0.0,0.0,0.0,0.0,0.0,0.0,0.0,0.0,0.0,0.0,0.0,0.0,0
0.0,0.0,0.0,0.0,0.0,0.0,0.0,0.0,0.0,0.0,0.0,0.0,0.0,0.0,0.0,0.0,0.0,0.0,0.0,0.0,0.0,0.0,0.0,0.0,0.0,0.0,0.0,0.0,0.0,0.0,0.0,0.0,0.0,0.0,0.0,0.0,0.0,0.0,0.0,0.0,0.0,0.0,0.0,0.0,0.0,0.0,0.0,0.0,0.0,0.0,0.0,0.0,0.0,0.0,0.0,0.0,0.0,0.0,0.0,0.0,0.0,0.0,0.0,0.0,0.0,0.0,0
0.0,0.0,0.0,0.0,0.0,0.0,0.0,0.0,0.0,0.0,0.0,0.0,0.0,0.0,0.0,0.0,0.0,0.0,0.0,0.0,0.0,0.0,0.0,0.0,0.0,0.0,0.0,0.0,0.0,0.0,0.0,0.0,0.0,0.0,0.0,0.0,0.0,0.0,0.0,0.0,0.0,0.0,0.0,0.0,0.0,0.0,0.0,0.0,0.0,0.0,0.0,0.0,0.0,0.0,0.0,0.0,0.0,0.0,0.0,0.0,0.0,0.0,0.0,0.0,0.0,0.0,0
0.0,0.0,0.0,0.0,0.0,0.0,0.0,0.0,0.0,0.0,0.0,0.0,0.0,0.0,0.0,0.0,0.0,0.0,0.0,0.0,0.0,0.0,0.0,0.0,0.0,0.0,0.0,0.0,0.0,0.0,0.0,0.0,0.0,0.0,0.0,0.0,0.0,0.0,0.0,0.0,0.0,0.0,0.0,0.0,0.0,0.0,0.0,0.0,0.0,0.0,0.0,0.0,0.0,0.0,0.0,0.0,0.0,0.0,0.0,0.0,0.0,0.0,0.0,0.0,0.0,0.0,0
0.7909730672836304,0.3841002881526947,0.7934556603431702,0.36541247367858887,0.7948957085609436,0.36193573474884033,0.7953636050224304,0.36073219776153564,0.7920316457748413,0.36454465985298157,0.7913491725921631,0.35989218950271606,0.7910271286964417,0.35833820700645447,0.7927522659301758,0.3540175259113312,0.7875208258628845,0.352356493473053,0.7904273271560669,0.38809487223625183,0.7862604856491089,0.38446587324142456,0.792356550693512,0.39589226245880127,0.766514003276825,0.368429034948349,0.7963380813598633,0.48533451557159424,0.7601038813591003,0.42663896083831787,0.7983244061470032,0.5236889719963074,0.782495379447937,0.475157231092453,0.7992957234382629,0.531135082244873,0.7869330644607544,0.48977696895599365,0.7990335822105408,0.5291911363601685,0.7910094857215881,0.48147496581077576,0.7973968386650085,0.5275145769119263,0.7891654968261719,0.47595351934432983,0.7422780990600586,0.47782382369041443,0.7257466912269592,0.4603261947631836,0.7614827752113342,0.5481440424919128,0.7420379519462585,0.5631647706031799,0.7278316020965576,0.6208721399307251,0.7133282423019409,0.6206385493278503,0.7200473546981812,0.6268311738967896,0.7082564830780029,0.618920624256134,0.7280741930007935,0.6597909927368164,0.7119136452674866,0.6759183406829834,0
0.7896603345870972,0.3824574947357178,0.7939625978469849,0.36547401547431946,0.7947693467140198,0.3681744933128357,0.7953965067863464,0.36800068616867065,0.7912169694900513,0.36520251631736755,0.7904936075210571,0.3602968454360962,0.7899993658065796,0.3583950996398926,0.7935599684715271,0.36356639862060547,0.7871987819671631,0.35018277168273926,0.7891473174095154,0.3875894248485565,0.7845525741577148,0.3820827603340149,0.7952105402946472,0.413502037525177,0.767346978187561,0.36343783140182495,0.7974981069564819,0.4847491383552551,0.7537375688552856,0.41387325525283813,0.7946100234985352,0.509077787399292,0.7668925523757935,0.4676491618156433,0.794208288192749,0.5189156532287598,0.7681500911712646,0.48362478613853455,0.7931444048881531,0.5140452980995178,0.7724217772483826,0.48033007979393005,0.7918851375579834,0.5107370018959045,0.7717342972755432,0.4742469787597656,0.7422729134559631,0.4821198582649231,0.724876344203949,0.4516828656196594,0.7588722705841064,0.55380779504776,0.7274112105369568,0.5559000968933105,0.7344711422920227,0.630995512008667,0.701339602470398,0.6333346962928772,0.7272303700447083,0.6377094984054565,0.6961138248443604,0.6394955515861511,0.738319993019104,0.6735947728157043,0.7027562856674194,0.6856473088264465,0
0.7903369069099426,0.3894706666469574,0.7935722470283508,0.3776266872882843,0.7940024733543396,0.37704867124557495,0.794421374797821,0.37633660435676575,0.7919725179672241,0.37257516384124756,0.7903027534484863,0.3729920983314514,0.7893679141998291,0.3671870231628418,0.793265700340271,0.3672964572906494,0.7867575287818909,0.3579246401786804,0.7877724170684814,0.39590591192245483,0.78585284948349,0.39398983120918274,0.7921990752220154,0.4132646918296814,0.766509473323822,0.3716692328453064,0.7966057062149048,0.4907670021057129,0.7557080388069153,0.4181166887283325,0.7953803539276123,0.5252349972724915,0.7678776979446411,0.4754030406475067,0.795638918876648,0.5345511436462402,0.7694122195243835,0.4926973581314087,0.7949050068855286,0.5317137241363525,0.7732461094856262,0.4883420467376709,0.7933996915817261,0.5289751887321472,0.7724663019180298,0.4817216396331787,0.7427104115486145,0.4824354350566864,0.7270086407661438,0.45553311705589294,0.750308096408844,0.5617971420288086,0.7304992079734802,0.5562604665756226,0.714550256729126,0.6352246403694153,0.6976147890090942,0.6346511244773865,0.7066216468811035,0.6403607130050659,0.6920387148857117,0.6398460268974304,0.7135624885559082,0.6781520843505859,0.6950580477714539,0.6866351962089539,0
0.0,0.0,0.0,0.0,0.0,0.0,0.0,0.0,0.0,0.0,0.0,0.0,0.0,0.0,0.0,0.0,0.0,0.0,0.0,0.0,0.0,0.0,0.0,0.0,0.0,0.0,0.0,0.0,0.0,0.0,0.0,0.0,0.0,0.0,0.0,0.0,0.0,0.0,0.0,0.0,0.0,0.0,0.0,0.0,0.0,0.0,0.0,0.0,0.0,0.0,0.0,0.0,0.0,0.0,0.0,0.0,0.0,0.0,0.0,0.0,0.0,0.0,0.0,0.0,0.0,0.0,0
0.0,0.0,0.0,0.0,0.0,0.0,0.0,0.0,0.0,0.0,0.0,0.0,0.0,0.0,0.0,0.0,0.0,0.0,0.0,0.0,0.0,0.0,0.0,0.0,0.0,0.0,0.0,0.0,0.0,0.0,0.0,0.0,0.0,0.0,0.0,0.0,0.0,0.0,0.0,0.0,0.0,0.0,0.0,0.0,0.0,0.0,0.0,0.0,0.0,0.0,0.0,0.0,0.0,0.0,0.0,0.0,0.0,0.0,0.0,0.0,0.0,0.0,0.0,0.0,0.0,0.0,0
0.0,0.0,0.0,0.0,0.0,0.0,0.0,0.0,0.0,0.0,0.0,0.0,0.0,0.0,0.0,0.0,0.0,0.0,0.0,0.0,0.0,0.0,0.0,0.0,0.0,0.0,0.0,0.0,0.0,0.0,0.0,0.0,0.0,0.0,0.0,0.0,0.0,0.0,0.0,0.0,0.0,0.0,0.0,0.0,0.0,0.0,0.0,0.0,0.0,0.0,0.0,0.0,0.0,0.0,0.0,0.0,0.0,0.0,0.0,0.0,0.0,0.0,0.0,0.0,0.0,0.0,0
0.0,0.0,0.0,0.0,0.0,0.0,0.0,0.0,0.0,0.0,0.0,0.0,0.0,0.0,0.0,0.0,0.0,0.0,0.0,0.0,0.0,0.0,0.0,0.0,0.0,0.0,0.0,0.0,0.0,0.0,0.0,0.0,0.0,0.0,0.0,0.0,0.0,0.0,0.0,0.0,0.0,0.0,0.0,0.0,0.0,0.0,0.0,0.0,0.0,0.0,0.0,0.0,0.0,0.0,0.0,0.0,0.0,0.0,0.0,0.0,0.0,0.0,0.0,0.0,0.0,0.0,0
0.0,0.0,0.0,0.0,0.0,0.0,0.0,0.0,0.0,0.0,0.0,0.0,0.0,0.0,0.0,0.0,0.0,0.0,0.0,0.0,0.0,0.0,0.0,0.0,0.0,0.0,0.0,0.0,0.0,0.0,0.0,0.0,0.0,0.0,0.0,0.0,0.0,0.0,0.0,0.0,0.0,0.0,0.0,0.0,0.0,0.0,0.0,0.0,0.0,0.0,0.0,0.0,0.0,0.0,0.0,0.0,0.0,0.0,0.0,0.0,0.0,0.0,0.0,0.0,0.0,0.0,0
0.0,0.0,0.0,0.0,0.0,0.0,0.0,0.0,0.0,0.0,0.0,0.0,0.0,0.0,0.0,0.0,0.0,0.0,0.0,0.0,0.0,0.0,0.0,0.0,0.0,0.0,0.0,0.0,0.0,0.0,0.0,0.0,0.0,0.0,0.0,0.0,0.0,0.0,0.0,0.0,0.0,0.0,0.0,0.0,0.0,0.0,0.0,0.0,0.0,0.0,0.0,0.0,0.0,0.0,0.0,0.0,0.0,0.0,0.0,0.0,0.0,0.0,0.0,0.0,0.0,0.0,0
0.0,0.0,0.0,0.0,0.0,0.0,0.0,0.0,0.0,0.0,0.0,0.0,0.0,0.0,0.0,0.0,0.0,0.0,0.0,0.0,0.0,0.0,0.0,0.0,0.0,0.0,0.0,0.0,0.0,0.0,0.0,0.0,0.0,0.0,0.0,0.0,0.0,0.0,0.0,0.0,0.0,0.0,0.0,0.0,0.0,0.0,0.0,0.0,0.0,0.0,0.0,0.0,0.0,0.0,0.0,0.0,0.0,0.0,0.0,0.0,0.0,0.0,0.0,0.0,0.0,0.0,0
0.0,0.0,0.0,0.0,0.0,0.0,0.0,0.0,0.0,0.0,0.0,0.0,0.0,0.0,0.0,0.0,0.0,0.0,0.0,0.0,0.0,0.0,0.0,0.0,0.0,0.0,0.0,0.0,0.0,0.0,0.0,0.0,0.0,0.0,0.0,0.0,0.0,0.0,0.0,0.0,0.0,0.0,0.0,0.0,0.0,0.0,0.0,0.0,0.0,0.0,0.0,0.0,0.0,0.0,0.0,0.0,0.0,0.0,0.0,0.0,0.0,0.0,0.0,0.0,0.0,0.0,0
0.0,0.0,0.0,0.0,0.0,0.0,0.0,0.0,0.0,0.0,0.0,0.0,0.0,0.0,0.0,0.0,0.0,0.0,0.0,0.0,0.0,0.0,0.0,0.0,0.0,0.0,0.0,0.0,0.0,0.0,0.0,0.0,0.0,0.0,0.0,0.0,0.0,0.0,0.0,0.0,0.0,0.0,0.0,0.0,0.0,0.0,0.0,0.0,0.0,0.0,0.0,0.0,0.0,0.0,0.0,0.0,0.0,0.0,0.0,0.0,0.0,0.0,0.0,0.0,0.0,0.0,0
0.0,0.0,0.0,0.0,0.0,0.0,0.0,0.0,0.0,0.0,0.0,0.0,0.0,0.0,0.0,0.0,0.0,0.0,0.0,0.0,0.0,0.0,0.0,0.0,0.0,0.0,0.0,0.0,0.0,0.0,0.0,0.0,0.0,0.0,0.0,0.0,0.0,0.0,0.0,0.0,0.0,0.0,0.0,0.0,0.0,0.0,0.0,0.0,0.0,0.0,0.0,0.0,0.0,0.0,0.0,0.0,0.0,0.0,0.0,0.0,0.0,0.0,0.0,0.0,0.0,0.0,0
0.7808036804199219,0.4276648163795471,0.7842224836349487,0.417697012424469,0.7849660515785217,0.4174475073814392,0.7862688302993774,0.4205434024333954,0.779890239238739,0.4150673747062683,0.7792088985443115,0.41377198696136475,0.7786011099815369,0.412162184715271,0.7870808243751526,0.41767820715904236,0.7768782377243042,0.40531179308891296,0.7801731824874878,0.4398784637451172,0.7768239378929138,0.43412792682647705,0.796944797039032,0.4740943908691406,0.7608965635299683,0.42305314540863037,0.7994343638420105,0.5772300958633423,0.7416123747825623,0.481702595949173,0.8101275563240051,0.6176930069923401,0.7561107277870178,0.5311146974563599,0.8140063881874084,0.6315804123878479,0.7558150887489319,0.5475760698318481,0.8141162395477295,0.6292110681533813,0.7611954212188721,0.5436617136001587,0.8112700581550598,0.6225771903991699,0.7616795897483826,0.5386056303977966,0.7412945628166199,0.5574860572814941,0.7250294089317322,0.5142627954483032,0.7217494249343872,0.6381455063819885,0.6968867778778076,0.5460096001625061,0.6956036686897278,0.6593179702758789,0.6889411807060242,0.6502313017845154,0.6940950155258179,0.6569377183914185,0.6908557415008545,0.6638461947441101,0.684199869632721,0.6954853534698486,0.6759000420570374,0.6879855394363403,0
0.7753491997718811,0.4505121409893036,0.7795698046684265,0.4306122660636902,0.7803537845611572,0.43010127544403076,0.7811142802238464,0.429304301738739,0.775088369846344,0.4295274615287781,0.774419367313385,0.42863792181015015,0.7737923264503479,0.4273964762687683,0.7824838757514954,0.43146657943725586,0.7722275257110596,0.42231932282447815,0.7775441408157349,0.46141964197158813,0.7725135684013367,0.45946115255355835,0.7814816832542419,0.5193850994110107,0.748662531375885,0.4727800488471985,0.7902670502662659,0.6131202578544617,0.7337120771408081,0.5324143767356873,0.7950186729431152,0.6057237982749939,0.7476153373718262,0.5605689287185669,0.7961311340332031,0.6039837002754211,0.7481032609939575,0.5697347521781921,0.7965243458747864,0.5971078276634216,0.7540613412857056,0.566650390625,0.7949379086494446,0.5992637276649475,0.7539790272712708,0.5651648640632629,0.7284823656082153,0.6564525365829468,0.7121179103851318,0.6285152435302734,0.7289376854896545,0.6149172186851501,0.6985524892807007,0.6045675277709961,0.7032859325408936,0.665058434009552,0.6854680180549622,0.678598165512085,0.7016199827194214,0.6700843572616577,0.6855253577232361,0.6838955879211426,0.6939660310745239,0.7011825442314148,0.6739107370376587,0.7193072438240051,0
0.7773690223693848,0.4496539533138275,0.7795535922050476,0.4327888488769531,0.7809815406799316,0.4367489814758301,0.7826445698738098,0.43349939584732056,0.7781485915184021,0.43268412351608276,0.7760180234909058,0.4347708821296692,0.7741126418113708,0.4283261001110077,0.7847549915313721,0.441969096660614,0.7708502411842346,0.4330260455608368,0.779052734375,0.45960962772369385,0.7740350365638733,0.457031786441803,0.7877107262611389,0.5118112564086914,0.7545367479324341,0.4683522582054138,0.7874060273170471,0.6010249853134155,0.7353596687316895,0.5265395045280457,0.7961457967758179,0.5814264416694641,0.7468419075012207,0.5607470273971558,0.7980085611343384,0.5777278542518616,0.745928168296814,0.5731526613235474,0.8000969290733337,0.5710010528564453,0.7514158487319946,0.5695631504058838,0.7983729243278503,0.5723214149475098,0.7521612644195557,0.5653649568557739,0.7346563935279846,0.6165145039558411,0.7188248038291931,0.5847252607345581,0.7172034382820129,0.6317259073257446,0.6875817775726318,0.5848680734634399,0.7055244445800781,0.6625346541404724,0.6889111995697021,0.6609746217727661,0.7071630358695984,0.6680135130882263,0.692268967628479,0.6713366508483887,0.6969777345657349,0.6925440430641174,0.6751360297203064,0.6888115406036377,0
0.7741757035255432,0.4679301977157593,0.7789580821990967,0.44872337579727173,0.7798423767089844,0.44737857580184937,0.7808045148849487,0.4460330009460449,0.774215817451477,0.4490264654159546,0.7735328078269958,0.4489428997039795,0.7709709405899048,0.45176365971565247,0.7872317433357239,0.46422240138053894,0.769071102142334,0.46010076999664307,0.7766035795211792,0.48028475046157837,0.7716442346572876,0.4769535958766937,0.794818103313446,0.5472999811172485,0.7516854405403137,0.5137842893600464,0.8055441379547119,0.641268253326416,0.729058563709259,0.5525662899017334,0.8138663172721863,0.6134414672851562,0.7491602301597595,0.5459049940109253,0.8165485858917236,0.6037763953208923,0.7523841261863708,0.5455325841903687,0.8176798820495605,0.60027676820755,0.7580203413963318,0.538619875907898,0.8152121305465698,0.6063584089279175,0.7575204968452454,0.5403135418891907,0.7328506708145142,0.6578394770622253,0.7150847315788269,0.6322736740112305,0.7090874910354614,0.6297563910484314,0.6882337331771851,0.611508309841156,0.7033684849739075,0.663284957408905,0.6835640668869019,0.6605511903762817,0.7059696316719055,0.6728289127349854,0.6849385499954224,0.666769802570343,0.6923312544822693,0.6863532066345215,0.674116849899292,0.7012715339660645,0
0.772058367729187,0.48275071382522583,0.7759931683540344,0.46170878410339355,0.7770671248435974,0.46028316020965576,0.7796109914779663,0.45410841703414917,0.7704817056655884,0.46265077590942383,0.7695553302764893,0.46269655227661133,0.7687643766403198,0.46237072348594666,0.7869217991828918,0.4704520106315613,0.7671356201171875,0.46965593099594116,0.777069628238678,0.5004630088806152,0.7710341811180115,0.4995555281639099,0.7967408895492554,0.564274787902832,0.7477702498435974,0.5394233465194702,0.8210135698318481,0.6777958869934082,0.7116840481758118,0.5948069095611572,0.8455443978309631,0.690020740032196,0.707577645778656,0.6247917413711548,0.8561596274375916,0.6845197081565857,0.7055968046188354,0.6300520896911621,0.8567368388175964,0.6851891279220581,0.7110188603401184,0.6228703856468201,0.8505339026451111,0.6907373070716858,0.7121416330337524,0.6229825019836426,0.7320718765258789,0.698257565498352,0.7121492624282837,0.6793251633644104,0.7132359147071838,0.6628286242485046,0.6911117434501648,0.6550089716911316,0.7082118988037109,0.6705480813980103,0.6834887862205505,0.6780364513397217,0.710806131362915,0.6688573956489563,0.6852877140045166,0.6752511858940125,0.6973814964294434,0.6999285221099854,0.6738814115524292,0.7230324149131775,0
0.0,0.0,0.0,0.0,0.0,0.0,0.0,0.0,0.0,0.0,0.0,0.0,0.0,0.0,0.0,0.0,0.0,0.0,0.0,0.0,0.0,0.0,0.0,0.0,0.0,0.0,0.0,0.0,0.0,0.0,0.0,0.0,0.0,0.0,0.0,0.0,0.0,0.0,0.0,0.0,0.0,0.0,0.0,0.0,0.0,0.0,0.0,0.0,0.0,0.0,0.0,0.0,0.0,0.0,0.0,0.0,0.0,0.0,0.0,0.0,0.0,0.0,0.0,0.0,0.0,0.0,0
0.0,0.0,0.0,0.0,0.0,0.0,0.0,0.0,0.0,0.0,0.0,0.0,0.0,0.0,0.0,0.0,0.0,0.0,0.0,0.0,0.0,0.0,0.0,0.0,0.0,0.0,0.0,0.0,0.0,0.0,0.0,0.0,0.0,0.0,0.0,0.0,0.0,0.0,0.0,0.0,0.0,0.0,0.0,0.0,0.0,0.0,0.0,0.0,0.0,0.0,0.0,0.0,0.0,0.0,0.0,0.0,0.0,0.0,0.0,0.0,0.0,0.0,0.0,0.0,0.0,0.0,0
0.8075494766235352,0.5349225401878357,0.811778724193573,0.5349128842353821,0.8124268054962158,0.538922131061554,0.8131027817726135,0.5430949330329895,0.8102994561195374,0.5256818532943726,0.8098047971725464,0.523506760597229,0.8093008399009705,0.5209944248199463,0.8141571283340454,0.5586044788360596,0.808803915977478,0.5266924500465393,0.8064576983451843,0.5503362417221069,0.804439902305603,0.5391892790794373,0.8030713200569153,0.6314617395401001,0.7935553193092346,0.5366168022155762,0.780961275100708,0.6956847906112671,0.7641095519065857,0.509231448173523,0.7787274122238159,0.6380916833877563,0.7665693759918213,0.520561158657074,0.7767959237098694,0.6256529688835144,0.7652868032455444,0.5233896970748901,0.7807831764221191,0.6164610981941223,0.7693069577217102,0.525559663772583,0.7807809710502625,0.6186994910240173,0.7697375416755676,0.5256341099739075,0.7300248146057129,0.6576274633407593,0.7277398109436035,0.6057780385017395,0.7008975148200989,0.6318148374557495,0.7015499472618103,0.5340830087661743,0.7168094515800476,0.6522353887557983,0.7126945853233337,0.6327762603759766,0.7214726209640503,0.6597038507461548,0.7160678505897522,0.6552414894104004,0.7105956077575684,0.6624848246574402,0.703425407409668,0.6404258012771606,0
0.0,0.0,0.0,0.0,0.0,0.0,0.0,0.0,0.0,0.0,0.0,0.0,0.0,0.0,0.0,0.0,0.0,0.0,0.0,0.0,0.0,0.0,0.0,0.0,0.0,0.0,0.0,0.0,0.0,0.0,0.0,0.0,0.0,0.0,0.0,0.0,0.0,0.0,0.0,0.0,0.0,0.0,0.0,0.0,0.0,0.0,0.0,0.0,0.0,0.0,0.0,0.0,0.0,0.0,0.0,0.0,0.0,0.0,0.0,0.0,0.0,0.0,0.0,0.0,0.0,0.0,0
0.0,0.0,0.0,0.0,0.0,0.0,0.0,0.0,0.0,0.0,0.0,0.0,0.0,0.0,0.0,0.0,0.0,0.0,0.0,0.0,0.0,0.0,0.0,0.0,0.0,0.0,0.0,0.0,0.0,0.0,0.0,0.0,0.0,0.0,0.0,0.0,0.0,0.0,0.0,0.0,0.0,0.0,0.0,0.0,0.0,0.0,0.0,0.0,0.0,0.0,0.0,0.0,0.0,0.0,0.0,0.0,0.0,0.0,0.0,0.0,0.0,0.0,0.0,0.0,0.0,0.0,0
0.0,0.0,0.0,0.0,0.0,0.0,0.0,0.0,0.0,0.0,0.0,0.0,0.0,0.0,0.0,0.0,0.0,0.0,0.0,0.0,0.0,0.0,0.0,0.0,0.0,0.0,0.0,0.0,0.0,0.0,0.0,0.0,0.0,0.0,0.0,0.0,0.0,0.0,0.0,0.0,0.0,0.0,0.0,0.0,0.0,0.0,0.0,0.0,0.0,0.0,0.0,0.0,0.0,0.0,0.0,0.0,0.0,0.0,0.0,0.0,0.0,0.0,0.0,0.0,0.0,0.0,0
0.0,0.0,0.0,0.0,0.0,0.0,0.0,0.0,0.0,0.0,0.0,0.0,0.0,0.0,0.0,0.0,0.0,0.0,0.0,0.0,0.0,0.0,0.0,0.0,0.0,0.0,0.0,0.0,0.0,0.0,0.0,0.0,0.0,0.0,0.0,0.0,0.0,0.0,0.0,0.0,0.0,0.0,0.0,0.0,0.0,0.0,0.0,0.0,0.0,0.0,0.0,0.0,0.0,0.0,0.0,0.0,0.0,0.0,0.0,0.0,0.0,0.0,0.0,0.0,0.0,0.0,0
0.0,0.0,0.0,0.0,0.0,0.0,0.0,0.0,0.0,0.0,0.0,0.0,0.0,0.0,0.0,0.0,0.0,0.0,0.0,0.0,0.0,0.0,0.0,0.0,0.0,0.0,0.0,0.0,0.0,0.0,0.0,0.0,0.0,0.0,0.0,0.0,0.0,0.0,0.0,0.0,0.0,0.0,0.0,0.0,0.0,0.0,0.0,0.0,0.0,0.0,0.0,0.0,0.0,0.0,0.0,0.0,0.0,0.0,0.0,0.0,0.0,0.0,0.0,0.0,0.0,0.0,0
0.0,0.0,0.0,0.0,0.0,0.0,0.0,0.0,0.0,0.0,0.0,0.0,0.0,0.0,0.0,0.0,0.0,0.0,0.0,0.0,0.0,0.0,0.0,0.0,0.0,0.0,0.0,0.0,0.0,0.0,0.0,0.0,0.0,0.0,0.0,0.0,0.0,0.0,0.0,0.0,0.0,0.0,0.0,0.0,0.0,0.0,0.0,0.0,0.0,0.0,0.0,0.0,0.0,0.0,0.0,0.0,0.0,0.0,0.0,0.0,0.0,0.0,0.0,0.0,0.0,0.0,0
0.0,0.0,0.0,0.0,0.0,0.0,0.0,0.0,0.0,0.0,0.0,0.0,0.0,0.0,0.0,0.0,0.0,0.0,0.0,0.0,0.0,0.0,0.0,0.0,0.0,0.0,0.0,0.0,0.0,0.0,0.0,0.0,0.0,0.0,0.0,0.0,0.0,0.0,0.0,0.0,0.0,0.0,0.0,0.0,0.0,0.0,0.0,0.0,0.0,0.0,0.0,0.0,0.0,0.0,0.0,0.0,0.0,0.0,0.0,0.0,0.0,0.0,0.0,0.0,0.0,0.0,0
0.0,0.0,0.0,0.0,0.0,0.0,0.0,0.0,0.0,0.0,0.0,0.0,0.0,0.0,0.0,0.0,0.0,0.0,0.0,0.0,0.0,0.0,0.0,0.0,0.0,0.0,0.0,0.0,0.0,0.0,0.0,0.0,0.0,0.0,0.0,0.0,0.0,0.0,0.0,0.0,0.0,0.0,0.0,0.0,0.0,0.0,0.0,0.0,0.0,0.0,0.0,0.0,0.0,0.0,0.0,0.0,0.0,0.0,0.0,0.0,0.0,0.0,0.0,0.0,0.0,0.0,0
0.0,0.0,0.0,0.0,0.0,0.0,0.0,0.0,0.0,0.0,0.0,0.0,0.0,0.0,0.0,0.0,0.0,0.0,0.0,0.0,0.0,0.0,0.0,0.0,0.0,0.0,0.0,0.0,0.0,0.0,0.0,0.0,0.0,0.0,0.0,0.0,0.0,0.0,0.0,0.0,0.0,0.0,0.0,0.0,0.0,0.0,0.0,0.0,0.0,0.0,0.0,0.0,0.0,0.0,0.0,0.0,0.0,0.0,0.0,0.0,0.0,0.0,0.0,0.0,0.0,0.0,0
0.0,0.0,0.0,0.0,0.0,0.0,0.0,0.0,0.0,0.0,0.0,0.0,0.0,0.0,0.0,0.0,0.0,0.0,0.0,0.0,0.0,0.0,0.0,0.0,0.0,0.0,0.0,0.0,0.0,0.0,0.0,0.0,0.0,0.0,0.0,0.0,0.0,0.0,0.0,0.0,0.0,0.0,0.0,0.0,0.0,0.0,0.0,0.0,0.0,0.0,0.0,0.0,0.0,0.0,0.0,0.0,0.0,0.0,0.0,0.0,0.0,0.0,0.0,0.0,0.0,0.0,0
0.0,0.0,0.0,0.0,0.0,0.0,0.0,0.0,0.0,0.0,0.0,0.0,0.0,0.0,0.0,0.0,0.0,0.0,0.0,0.0,0.0,0.0,0.0,0.0,0.0,0.0,0.0,0.0,0.0,0.0,0.0,0.0,0.0,0.0,0.0,0.0,0.0,0.0,0.0,0.0,0.0,0.0,0.0,0.0,0.0,0.0,0.0,0.0,0.0,0.0,0.0,0.0,0.0,0.0,0.0,0.0,0.0,0.0,0.0,0.0,0.0,0.0,0.0,0.0,0.0,0.0,0
0.0,0.0,0.0,0.0,0.0,0.0,0.0,0.0,0.0,0.0,0.0,0.0,0.0,0.0,0.0,0.0,0.0,0.0,0.0,0.0,0.0,0.0,0.0,0.0,0.0,0.0,0.0,0.0,0.0,0.0,0.0,0.0,0.0,0.0,0.0,0.0,0.0,0.0,0.0,0.0,0.0,0.0,0.0,0.0,0.0,0.0,0.0,0.0,0.0,0.0,0.0,0.0,0.0,0.0,0.0,0.0,0.0,0.0,0.0,0.0,0.0,0.0,0.0,0.0,0.0,0.0,0
0.0,0.0,0.0,0.0,0.0,0.0,0.0,0.0,0.0,0.0,0.0,0.0,0.0,0.0,0.0,0.0,0.0,0.0,0.0,0.0,0.0,0.0,0.0,0.0,0.0,0.0,0.0,0.0,0.0,0.0,0.0,0.0,0.0,0.0,0.0,0.0,0.0,0.0,0.0,0.0,0.0,0.0,0.0,0.0,0.0,0.0,0.0,0.0,0.0,0.0,0.0,0.0,0.0,0.0,0.0,0.0,0.0,0.0,0.0,0.0,0.0,0.0,0.0,0.0,0.0,0.0,0
0.0,0.0,0.0,0.0,0.0,0.0,0.0,0.0,0.0,0.0,0.0,0.0,0.0,0.0,0.0,0.0,0.0,0.0,0.0,0.0,0.0,0.0,0.0,0.0,0.0,0.0,0.0,0.0,0.0,0.0,0.0,0.0,0.0,0.0,0.0,0.0,0.0,0.0,0.0,0.0,0.0,0.0,0.0,0.0,0.0,0.0,0.0,0.0,0.0,0.0,0.0,0.0,0.0,0.0,0.0,0.0,0.0,0.0,0.0,0.0,0.0,0.0,0.0,0.0,0.0,0.0,0
0.0,0.0,0.0,0.0,0.0,0.0,0.0,0.0,0.0,0.0,0.0,0.0,0.0,0.0,0.0,0.0,0.0,0.0,0.0,0.0,0.0,0.0,0.0,0.0,0.0,0.0,0.0,0.0,0.0,0.0,0.0,0.0,0.0,0.0,0.0,0.0,0.0,0.0,0.0,0.0,0.0,0.0,0.0,0.0,0.0,0.0,0.0,0.0,0.0,0.0,0.0,0.0,0.0,0.0,0.0,0.0,0.0,0.0,0.0,0.0,0.0,0.0,0.0,0.0,0.0,0.0,0
0.0,0.0,0.0,0.0,0.0,0.0,0.0,0.0,0.0,0.0,0.0,0.0,0.0,0.0,0.0,0.0,0.0,0.0,0.0,0.0,0.0,0.0,0.0,0.0,0.0,0.0,0.0,0.0,0.0,0.0,0.0,0.0,0.0,0.0,0.0,0.0,0.0,0.0,0.0,0.0,0.0,0.0,0.0,0.0,0.0,0.0,0.0,0.0,0.0,0.0,0.0,0.0,0.0,0.0,0.0,0.0,0.0,0.0,0.0,0.0,0.0,0.0,0.0,0.0,0.0,0.0,0
0.0,0.0,0.0,0.0,0.0,0.0,0.0,0.0,0.0,0.0,0.0,0.0,0.0,0.0,0.0,0.0,0.0,0.0,0.0,0.0,0.0,0.0,0.0,0.0,0.0,0.0,0.0,0.0,0.0,0.0,0.0,0.0,0.0,0.0,0.0,0.0,0.0,0.0,0.0,0.0,0.0,0.0,0.0,0.0,0.0,0.0,0.0,0.0,0.0,0.0,0.0,0.0,0.0,0.0,0.0,0.0,0.0,0.0,0.0,0.0,0.0,0.0,0.0,0.0,0.0,0.0,0
0.0,0.0,0.0,0.0,0.0,0.0,0.0,0.0,0.0,0.0,0.0,0.0,0.0,0.0,0.0,0.0,0.0,0.0,0.0,0.0,0.0,0.0,0.0,0.0,0.0,0.0,0.0,0.0,0.0,0.0,0.0,0.0,0.0,0.0,0.0,0.0,0.0,0.0,0.0,0.0,0.0,0.0,0.0,0.0,0.0,0.0,0.0,0.0,0.0,0.0,0.0,0.0,0.0,0.0,0.0,0.0,0.0,0.0,0.0,0.0,0.0,0.0,0.0,0.0,0.0,0.0,0
0.0,0.0,0.0,0.0,0.0,0.0,0.0,0.0,0.0,0.0,0.0,0.0,0.0,0.0,0.0,0.0,0.0,0.0,0.0,0.0,0.0,0.0,0.0,0.0,0.0,0.0,0.0,0.0,0.0,0.0,0.0,0.0,0.0,0.0,0.0,0.0,0.0,0.0,0.0,0.0,0.0,0.0,0.0,0.0,0.0,0.0,0.0,0.0,0.0,0.0,0.0,0.0,0.0,0.0,0.0,0.0,0.0,0.0,0.0,0.0,0.0,0.0,0.0,0.0,0.0,0.0,0
0.0,0.0,0.0,0.0,0.0,0.0,0.0,0.0,0.0,0.0,0.0,0.0,0.0,0.0,0.0,0.0,0.0,0.0,0.0,0.0,0.0,0.0,0.0,0.0,0.0,0.0,0.0,0.0,0.0,0.0,0.0,0.0,0.0,0.0,0.0,0.0,0.0,0.0,0.0,0.0,0.0,0.0,0.0,0.0,0.0,0.0,0.0,0.0,0.0,0.0,0.0,0.0,0.0,0.0,0.0,0.0,0.0,0.0,0.0,0.0,0.0,0.0,0.0,0.0,0.0,0.0,0
0.0,0.0,0.0,0.0,0.0,0.0,0.0,0.0,0.0,0.0,0.0,0.0,0.0,0.0,0.0,0.0,0.0,0.0,0.0,0.0,0.0,0.0,0.0,0.0,0.0,0.0,0.0,0.0,0.0,0.0,0.0,0.0,0.0,0.0,0.0,0.0,0.0,0.0,0.0,0.0,0.0,0.0,0.0,0.0,0.0,0.0,0.0,0.0,0.0,0.0,0.0,0.0,0.0,0.0,0.0,0.0,0.0,0.0,0.0,0.0,0.0,0.0,0.0,0.0,0.0,0.0,0
0.0,0.0,0.0,0.0,0.0,0.0,0.0,0.0,0.0,0.0,0.0,0.0,0.0,0.0,0.0,0.0,0.0,0.0,0.0,0.0,0.0,0.0,0.0,0.0,0.0,0.0,0.0,0.0,0.0,0.0,0.0,0.0,0.0,0.0,0.0,0.0,0.0,0.0,0.0,0.0,0.0,0.0,0.0,0.0,0.0,0.0,0.0,0.0,0.0,0.0,0.0,0.0,0.0,0.0,0.0,0.0,0.0,0.0,0.0,0.0,0.0,0.0,0.0,0.0,0.0,0.0,0
0.0,0.0,0.0,0.0,0.0,0.0,0.0,0.0,0.0,0.0,0.0,0.0,0.0,0.0,0.0,0.0,0.0,0.0,0.0,0.0,0.0,0.0,0.0,0.0,0.0,0.0,0.0,0.0,0.0,0.0,0.0,0.0,0.0,0.0,0.0,0.0,0.0,0.0,0.0,0.0,0.0,0.0,0.0,0.0,0.0,0.0,0.0,0.0,0.0,0.0,0.0,0.0,0.0,0.0,0.0,0.0,0.0,0.0,0.0,0.0,0.0,0.0,0.0,0.0,0.0,0.0,0
0.0,0.0,0.0,0.0,0.0,0.0,0.0,0.0,0.0,0.0,0.0,0.0,0.0,0.0,0.0,0.0,0.0,0.0,0.0,0.0,0.0,0.0,0.0,0.0,0.0,0.0,0.0,0.0,0.0,0.0,0.0,0.0,0.0,0.0,0.0,0.0,0.0,0.0,0.0,0.0,0.0,0.0,0.0,0.0,0.0,0.0,0.0,0.0,0.0,0.0,0.0,0.0,0.0,0.0,0.0,0.0,0.0,0.0,0.0,0.0,0.0,0.0,0.0,0.0,0.0,0.0,0
0.0,0.0,0.0,0.0,0.0,0.0,0.0,0.0,0.0,0.0,0.0,0.0,0.0,0.0,0.0,0.0,0.0,0.0,0.0,0.0,0.0,0.0,0.0,0.0,0.0,0.0,0.0,0.0,0.0,0.0,0.0,0.0,0.0,0.0,0.0,0.0,0.0,0.0,0.0,0.0,0.0,0.0,0.0,0.0,0.0,0.0,0.0,0.0,0.0,0.0,0.0,0.0,0.0,0.0,0.0,0.0,0.0,0.0,0.0,0.0,0.0,0.0,0.0,0.0,0.0,0.0,0
0.11377064138650894,0.7909181118011475,0.11038906872272491,0.7941707968711853,0.11053799837827682,0.7959433794021606,0.110646091401577,0.7977050542831421,0.11001670360565186,0.7886366844177246,0.10984719544649124,0.7861459255218506,0.10971415042877197,0.7839533686637878,0.11323030292987823,0.7990244626998901,0.11173208057880402,0.7787117958068848,0.11797311156988144,0.7921251058578491,0.11738454550504684,0.7861520051956177,0.1289878487586975,0.8158548474311829,0.13237056136131287,0.748234212398529,0.10164429992437363,0.8178473711013794,0.1259215623140335,0.7036812901496887,0.06739476323127747,0.8317320346832275,0.10398263484239578,0.7145764827728271,0.058337584137916565,0.8391059637069702,0.09840019047260284,0.7121813297271729,0.05885094404220581,0.835477352142334,0.09731344878673553,0.7215803861618042,0.06263184547424316,0.8292055130004883,0.09920309484004974,0.7250505685806274,0.2099502831697464,0.7496791481971741,0.20961406826972961,0.7118710279464722,0.246322363615036,0.721778154373169,0.24304543435573578,0.623397707939148,0.2941987216472626,0.6708282232284546,0.28249087929725647,0.5439482927322388,0.3020102381706238,0.6561537981033325,0.2897188663482666,0.5292306542396545,0.3039800226688385,0.6770922541618347,0.2870723605155945,0.5334852337837219,0
0.0,0.0,0.0,0.0,0.0,0.0,0.0,0.0,0.0,0.0,0.0,0.0,0.0,0.0,0.0,0.0,0.0,0.0,0.0,0.0,0.0,0.0,0.0,0.0,0.0,0.0,0.0,0.0,0.0,0.0,0.0,0.0,0.0,0.0,0.0,0.0,0.0,0.0,0.0,0.0,0.0,0.0,0.0,0.0,0.0,0.0,0.0,0.0,0.0,0.0,0.0,0.0,0.0,0.0,0.0,0.0,0.0,0.0,0.0,0.0,0.0,0.0,0.0,0.0,0.0,0.0,0
0.12839749455451965,0.772493839263916,0.12439176440238953,0.7732266783714294,0.12473101913928986,0.7746284008026123,0.12505556643009186,0.7759995460510254,0.12352811545133591,0.7676730155944824,0.12324830889701843,0.7649120688438416,0.12300249934196472,0.7624563574790955,0.12237025052309036,0.784222424030304,0.11951283365488052,0.7633371949195862,0.13452868163585663,0.77241051197052,0.13348272442817688,0.7668987512588501,0.1587419956922531,0.7838484048843384,0.15486791729927063,0.7146844267845154,0.17509841918945312,0.7827943563461304,0.18275396525859833,0.6717380881309509,0.1559251993894577,0.7928252220153809,0.19511447846889496,0.6777395606040955,0.15034252405166626,0.7994832396507263,0.19801655411720276,0.6768282651901245,0.14956185221672058,0.7908207774162292,0.19845330715179443,0.6817972660064697,0.1518290936946869,0.7860772609710693,0.19731484353542328,0.6831628084182739,0.24607783555984497,0.7194725275039673,0.24091492593288422,0.6807356476783752,0.28182393312454224,0.7677298188209534,0.26349756121635437,0.6332212686538696,0.35224980115890503,0.7707059383392334,0.31048160791397095,0.5616113543510437,0.3640442490577698,0.7621370553970337,0.3188963830471039,0.5460909605026245,0.3668980598449707,0.8047763109207153,0.3199617266654968,0.5614070892333984,0
0.0,0.0,0.0,0.0,0.0,0.0,0.0,0.0,0.0,0.0,0.0,0.0,0.0,0.0,0.0,0.0,0.0,0.0,0.0,0.0,0.0,0.0,0.0,0.0,0.0,0.0,0.0,0.0,0.0,0.0,0.0,0.0,0.0,0.0,0.0,0.0,0.0,0.0,0.0,0.0,0.0,0.0,0.0,0.0,0.0,0.0,0.0,0.0,0.0,0.0,0.0,0.0,0.0,0.0,0.0,0.0,0.0,0.0,0.0,0.0,0.0,0.0,0.0,0.0,0.0,0.0,0
0.0,0.0,0.0,0.0,0.0,0.0,0.0,0.0,0.0,0.0,0.0,0.0,0.0,0.0,0.0,0.0,0.0,0.0,0.0,0.0,0.0,0.0,0.0,0.0,0.0,0.0,0.0,0.0,0.0,0.0,0.0,0.0,0.0,0.0,0.0,0.0,0.0,0.0,0.0,0.0,0.0,0.0,0.0,0.0,0.0,0.0,0.0,0.0,0.0,0.0,0.0,0.0,0.0,0.0,0.0,0.0,0.0,0.0,0.0,0.0,0.0,0.0,0.0,0.0,0.0,0.0,0
0.0,0.0,0.0,0.0,0.0,0.0,0.0,0.0,0.0,0.0,0.0,0.0,0.0,0.0,0.0,0.0,0.0,0.0,0.0,0.0,0.0,0.0,0.0,0.0,0.0,0.0,0.0,0.0,0.0,0.0,0.0,0.0,0.0,0.0,0.0,0.0,0.0,0.0,0.0,0.0,0.0,0.0,0.0,0.0,0.0,0.0,0.0,0.0,0.0,0.0,0.0,0.0,0.0,0.0,0.0,0.0,0.0,0.0,0.0,0.0,0.0,0.0,0.0,0.0,0.0,0.0,0
0.0,0.0,0.0,0.0,0.0,0.0,0.0,0.0,0.0,0.0,0.0,0.0,0.0,0.0,0.0,0.0,0.0,0.0,0.0,0.0,0.0,0.0,0.0,0.0,0.0,0.0,0.0,0.0,0.0,0.0,0.0,0.0,0.0,0.0,0.0,0.0,0.0,0.0,0.0,0.0,0.0,0.0,0.0,0.0,0.0,0.0,0.0,0.0,0.0,0.0,0.0,0.0,0.0,0.0,0.0,0.0,0.0,0.0,0.0,0.0,0.0,0.0,0.0,0.0,0.0,0.0,0
0.0,0.0,0.0,0.0,0.0,0.0,0.0,0.0,0.0,0.0,0.0,0.0,0.0,0.0,0.0,0.0,0.0,0.0,0.0,0.0,0.0,0.0,0.0,0.0,0.0,0.0,0.0,0.0,0.0,0.0,0.0,0.0,0.0,0.0,0.0,0.0,0.0,0.0,0.0,0.0,0.0,0.0,0.0,0.0,0.0,0.0,0.0,0.0,0.0,0.0,0.0,0.0,0.0,0.0,0.0,0.0,0.0,0.0,0.0,0.0,0.0,0.0,0.0,0.0,0.0,0.0,0
0.0,0.0,0.0,0.0,0.0,0.0,0.0,0.0,0.0,0.0,0.0,0.0,0.0,0.0,0.0,0.0,0.0,0.0,0.0,0.0,0.0,0.0,0.0,0.0,0.0,0.0,0.0,0.0,0.0,0.0,0.0,0.0,0.0,0.0,0.0,0.0,0.0,0.0,0.0,0.0,0.0,0.0,0.0,0.0,0.0,0.0,0.0,0.0,0.0,0.0,0.0,0.0,0.0,0.0,0.0,0.0,0.0,0.0,0.0,0.0,0.0,0.0,0.0,0.0,0.0,0.0,0
0.0,0.0,0.0,0.0,0.0,0.0,0.0,0.0,0.0,0.0,0.0,0.0,0.0,0.0,0.0,0.0,0.0,0.0,0.0,0.0,0.0,0.0,0.0,0.0,0.0,0.0,0.0,0.0,0.0,0.0,0.0,0.0,0.0,0.0,0.0,0.0,0.0,0.0,0.0,0.0,0.0,0.0,0.0,0.0,0.0,0.0,0.0,0.0,0.0,0.0,0.0,0.0,0.0,0.0,0.0,0.0,0.0,0.0,0.0,0.0,0.0,0.0,0.0,0.0,0.0,0.0,0
0.0,0.0,0.0,0.0,0.0,0.0,0.0,0.0,0.0,0.0,0.0,0.0,0.0,0.0,0.0,0.0,0.0,0.0,0.0,0.0,0.0,0.0,0.0,0.0,0.0,0.0,0.0,0.0,0.0,0.0,0.0,0.0,0.0,0.0,0.0,0.0,0.0,0.0,0.0,0.0,0.0,0.0,0.0,0.0,0.0,0.0,0.0,0.0,0.0,0.0,0.0,0.0,0.0,0.0,0.0,0.0,0.0,0.0,0.0,0.0,0.0,0.0,0.0,0.0,0.0,0.0,0
0.0,0.0,0.0,0.0,0.0,0.0,0.0,0.0,0.0,0.0,0.0,0.0,0.0,0.0,0.0,0.0,0.0,0.0,0.0,0.0,0.0,0.0,0.0,0.0,0.0,0.0,0.0,0.0,0.0,0.0,0.0,0.0,0.0,0.0,0.0,0.0,0.0,0.0,0.0,0.0,0.0,0.0,0.0,0.0,0.0,0.0,0.0,0.0,0.0,0.0,0.0,0.0,0.0,0.0,0.0,0.0,0.0,0.0,0.0,0.0,0.0,0.0,0.0,0.0,0.0,0.0,0
0.0,0.0,0.0,0.0,0.0,0.0,0.0,0.0,0.0,0.0,0.0,0.0,0.0,0.0,0.0,0.0,0.0,0.0,0.0,0.0,0.0,0.0,0.0,0.0,0.0,0.0,0.0,0.0,0.0,0.0,0.0,0.0,0.0,0.0,0.0,0.0,0.0,0.0,0.0,0.0,0.0,0.0,0.0,0.0,0.0,0.0,0.0,0.0,0.0,0.0,0.0,0.0,0.0,0.0,0.0,0.0,0.0,0.0,0.0,0.0,0.0,0.0,0.0,0.0,0.0,0.0,0
0.0,0.0,0.0,0.0,0.0,0.0,0.0,0.0,0.0,0.0,0.0,0.0,0.0,0.0,0.0,0.0,0.0,0.0,0.0,0.0,0.0,0.0,0.0,0.0,0.0,0.0,0.0,0.0,0.0,0.0,0.0,0.0,0.0,0.0,0.0,0.0,0.0,0.0,0.0,0.0,0.0,0.0,0.0,0.0,0.0,0.0,0.0,0.0,0.0,0.0,0.0,0.0,0.0,0.0,0.0,0.0,0.0,0.0,0.0,0.0,0.0,0.0,0.0,0.0,0.0,0.0,0
0.0,0.0,0.0,0.0,0.0,0.0,0.0,0.0,0.0,0.0,0.0,0.0,0.0,0.0,0.0,0.0,0.0,0.0,0.0,0.0,0.0,0.0,0.0,0.0,0.0,0.0,0.0,0.0,0.0,0.0,0.0,0.0,0.0,0.0,0.0,0.0,0.0,0.0,0.0,0.0,0.0,0.0,0.0,0.0,0.0,0.0,0.0,0.0,0.0,0.0,0.0,0.0,0.0,0.0,0.0,0.0,0.0,0.0,0.0,0.0,0.0,0.0,0.0,0.0,0.0,0.0,0
0.0,0.0,0.0,0.0,0.0,0.0,0.0,0.0,0.0,0.0,0.0,0.0,0.0,0.0,0.0,0.0,0.0,0.0,0.0,0.0,0.0,0.0,0.0,0.0,0.0,0.0,0.0,0.0,0.0,0.0,0.0,0.0,0.0,0.0,0.0,0.0,0.0,0.0,0.0,0.0,0.0,0.0,0.0,0.0,0.0,0.0,0.0,0.0,0.0,0.0,0.0,0.0,0.0,0.0,0.0,0.0,0.0,0.0,0.0,0.0,0.0,0.0,0.0,0.0,0.0,0.0,0
0.0,0.0,0.0,0.0,0.0,0.0,0.0,0.0,0.0,0.0,0.0,0.0,0.0,0.0,0.0,0.0,0.0,0.0,0.0,0.0,0.0,0.0,0.0,0.0,0.0,0.0,0.0,0.0,0.0,0.0,0.0,0.0,0.0,0.0,0.0,0.0,0.0,0.0,0.0,0.0,0.0,0.0,0.0,0.0,0.0,0.0,0.0,0.0,0.0,0.0,0.0,0.0,0.0,0.0,0.0,0.0,0.0,0.0,0.0,0.0,0.0,0.0,0.0,0.0,0.0,0.0,0
0.0,0.0,0.0,0.0,0.0,0.0,0.0,0.0,0.0,0.0,0.0,0.0,0.0,0.0,0.0,0.0,0.0,0.0,0.0,0.0,0.0,0.0,0.0,0.0,0.0,0.0,0.0,0.0,0.0,0.0,0.0,0.0,0.0,0.0,0.0,0.0,0.0,0.0,0.0,0.0,0.0,0.0,0.0,0.0,0.0,0.0,0.0,0.0,0.0,0.0,0.0,0.0,0.0,0.0,0.0,0.0,0.0,0.0,0.0,0.0,0.0,0.0,0.0,0.0,0.0,0.0,0
0.12132418900728226,0.8191067576408386,0.11516499519348145,0.8098087310791016,0.11880452930927277,0.800010621547699,0.11874254047870636,0.7979550361633301,0.11810644716024399,0.8087457418441772,0.11808454990386963,0.8084155917167664,0.11811880022287369,0.8084324598312378,0.12129563838243484,0.7883670926094055,0.12116342037916183,0.7939326763153076,0.127481609582901,0.8088082671165466,0.1261669397354126,0.8131715059280396,0.14290548861026764,0.777235209941864,0.15182167291641235,0.7777097821235657,0.1281718909740448,0.7788527607917786,0.14579051733016968,0.7645493149757385,0.09239019453525543,0.8125433921813965,0.12020601332187653,0.7905595898628235,0.08093234896659851,0.8219261169433594,0.11251162737607956,0.7943316102027893,0.08180053532123566,0.8179692029953003,0.11222340166568756,0.8000514507293701,0.0863957479596138,0.8146032094955444,0.11469437181949615,0.8002372980117798,0.21769486367702484,0.7131602764129639,0.22038044035434723,0.7177557945251465,0.2081729769706726,0.6725651621818542,0.20314443111419678,0.6868788599967957,0.18838343024253845,0.6292412281036377,0.18673262000083923,0.6271933317184448,0.18388816714286804,0.6305842399597168,0.1833125352859497,0.6181097030639648,0.18208883702754974,0.6027844548225403,0.18093369901180267,0.6050974130630493,0
0.0,0.0,0.0,0.0,0.0,0.0,0.0,0.0,0.0,0.0,0.0,0.0,0.0,0.0,0.0,0.0,0.0,0.0,0.0,0.0,0.0,0.0,0.0,0.0,0.0,0.0,0.0,0.0,0.0,0.0,0.0,0.0,0.0,0.0,0.0,0.0,0.0,0.0,0.0,0.0,0.0,0.0,0.0,0.0,0.0,0.0,0.0,0.0,0.0,0.0,0.0,0.0,0.0,0.0,0.0,0.0,0.0,0.0,0.0,0.0,0.0,0.0,0.0,0.0,0.0,0.0,0
0.0,0.0,0.0,0.0,0.0,0.0,0.0,0.0,0.0,0.0,0.0,0.0,0.0,0.0,0.0,0.0,0.0,0.0,0.0,0.0,0.0,0.0,0.0,0.0,0.0,0.0,0.0,0.0,0.0,0.0,0.0,0.0,0.0,0.0,0.0,0.0,0.0,0.0,0.0,0.0,0.0,0.0,0.0,0.0,0.0,0.0,0.0,0.0,0.0,0.0,0.0,0.0,0.0,0.0,0.0,0.0,0.0,0.0,0.0,0.0,0.0,0.0,0.0,0.0,0.0,0.0,0
0.0,0.0,0.0,0.0,0.0,0.0,0.0,0.0,0.0,0.0,0.0,0.0,0.0,0.0,0.0,0.0,0.0,0.0,0.0,0.0,0.0,0.0,0.0,0.0,0.0,0.0,0.0,0.0,0.0,0.0,0.0,0.0,0.0,0.0,0.0,0.0,0.0,0.0,0.0,0.0,0.0,0.0,0.0,0.0,0.0,0.0,0.0,0.0,0.0,0.0,0.0,0.0,0.0,0.0,0.0,0.0,0.0,0.0,0.0,0.0,0.0,0.0,0.0,0.0,0.0,0.0,0
0.042658671736717224,0.8133211731910706,0.03931209444999695,0.807201623916626,0.03897997736930847,0.8045840263366699,0.03865642845630646,0.8020819425582886,0.04030458629131317,0.8156930208206177,0.04050569236278534,0.8173395395278931,0.04067014157772064,0.8191996216773987,0.04047371447086334,0.8008878827095032,0.04229727387428284,0.8203831315040588,0.04651211202144623,0.802944540977478,0.04739351570606232,0.8146318197250366,0.061063945293426514,0.7728750109672546,0.06747189164161682,0.8296952247619629,0.06693986058235168,0.7824915647506714,0.09467284381389618,0.8307409882545471,0.056383609771728516,0.838927149772644,0.08772746473550797,0.7877762317657471,0.05388195812702179,0.851273238658905,0.08747933804988861,0.7753797173500061,0.0534769743680954,0.8523367643356323,0.08475057035684586,0.7706828117370605,0.05530808866024017,0.8486447930335999,0.08476276695728302,0.7735968828201294,0.13758936524391174,0.7451274394989014,0.143311008810997,0.7871584296226501,0.15511846542358398,0.7708215117454529,0.15935806930065155,0.7947765588760376,0.19827286899089813,0.7617965936660767,0.20333345234394073,0.7676374316215515,0.20479387044906616,0.7588475346565247,0.2104085236787796,0.7574236989021301,0.2112201303243637,0.7687473893165588,0.2136913686990738,0.7770458459854126,0
0.0,0.0,0.0,0.0,0.0,0.0,0.0,0.0,0.0,0.0,0.0,0.0,0.0,0.0,0.0,0.0,0.0,0.0,0.0,0.0,0.0,0.0,0.0,0.0,0.0,0.0,0.0,0.0,0.0,0.0,0.0,0.0,0.0,0.0,0.0,0.0,0.0,0.0,0.0,0.0,0.0,0.0,0.0,0.0,0.0,0.0,0.0,0.0,0.0,0.0,0.0,0.0,0.0,0.0,0.0,0.0,0.0,0.0,0.0,0.0,0.0,0.0,0.0,0.0,0.0,0.0,0
0.0,0.0,0.0,0.0,0.0,0.0,0.0,0.0,0.0,0.0,0.0,0.0,0.0,0.0,0.0,0.0,0.0,0.0,0.0,0.0,0.0,0.0,0.0,0.0,0.0,0.0,0.0,0.0,0.0,0.0,0.0,0.0,0.0,0.0,0.0,0.0,0.0,0.0,0.0,0.0,0.0,0.0,0.0,0.0,0.0,0.0,0.0,0.0,0.0,0.0,0.0,0.0,0.0,0.0,0.0,0.0,0.0,0.0,0.0,0.0,0.0,0.0,0.0,0.0,0.0,0.0,0
0.0,0.0,0.0,0.0,0.0,0.0,0.0,0.0,0.0,0.0,0.0,0.0,0.0,0.0,0.0,0.0,0.0,0.0,0.0,0.0,0.0,0.0,0.0,0.0,0.0,0.0,0.0,0.0,0.0,0.0,0.0,0.0,0.0,0.0,0.0,0.0,0.0,0.0,0.0,0.0,0.0,0.0,0.0,0.0,0.0,0.0,0.0,0.0,0.0,0.0,0.0,0.0,0.0,0.0,0.0,0.0,0.0,0.0,0.0,0.0,0.0,0.0,0.0,0.0,0.0,0.0,0
0.0,0.0,0.0,0.0,0.0,0.0,0.0,0.0,0.0,0.0,0.0,0.0,0.0,0.0,0.0,0.0,0.0,0.0,0.0,0.0,0.0,0.0,0.0,0.0,0.0,0.0,0.0,0.0,0.0,0.0,0.0,0.0,0.0,0.0,0.0,0.0,0.0,0.0,0.0,0.0,0.0,0.0,0.0,0.0,0.0,0.0,0.0,0.0,0.0,0.0,0.0,0.0,0.0,0.0,0.0,0.0,0.0,0.0,0.0,0.0,0.0,0.0,0.0,0.0,0.0,0.0,0
0.0,0.0,0.0,0.0,0.0,0.0,0.0,0.0,0.0,0.0,0.0,0.0,0.0,0.0,0.0,0.0,0.0,0.0,0.0,0.0,0.0,0.0,0.0,0.0,0.0,0.0,0.0,0.0,0.0,0.0,0.0,0.0,0.0,0.0,0.0,0.0,0.0,0.0,0.0,0.0,0.0,0.0,0.0,0.0,0.0,0.0,0.0,0.0,0.0,0.0,0.0,0.0,0.0,0.0,0.0,0.0,0.0,0.0,0.0,0.0,0.0,0.0,0.0,0.0,0.0,0.0,0
0.0,0.0,0.0,0.0,0.0,0.0,0.0,0.0,0.0,0.0,0.0,0.0,0.0,0.0,0.0,0.0,0.0,0.0,0.0,0.0,0.0,0.0,0.0,0.0,0.0,0.0,0.0,0.0,0.0,0.0,0.0,0.0,0.0,0.0,0.0,0.0,0.0,0.0,0.0,0.0,0.0,0.0,0.0,0.0,0.0,0.0,0.0,0.0,0.0,0.0,0.0,0.0,0.0,0.0,0.0,0.0,0.0,0.0,0.0,0.0,0.0,0.0,0.0,0.0,0.0,0.0,0
0.0,0.0,0.0,0.0,0.0,0.0,0.0,0.0,0.0,0.0,0.0,0.0,0.0,0.0,0.0,0.0,0.0,0.0,0.0,0.0,0.0,0.0,0.0,0.0,0.0,0.0,0.0,0.0,0.0,0.0,0.0,0.0,0.0,0.0,0.0,0.0,0.0,0.0,0.0,0.0,0.0,0.0,0.0,0.0,0.0,0.0,0.0,0.0,0.0,0.0,0.0,0.0,0.0,0.0,0.0,0.0,0.0,0.0,0.0,0.0,0.0,0.0,0.0,0.0,0.0,0.0,0
0.0,0.0,0.0,0.0,0.0,0.0,0.0,0.0,0.0,0.0,0.0,0.0,0.0,0.0,0.0,0.0,0.0,0.0,0.0,0.0,0.0,0.0,0.0,0.0,0.0,0.0,0.0,0.0,0.0,0.0,0.0,0.0,0.0,0.0,0.0,0.0,0.0,0.0,0.0,0.0,0.0,0.0,0.0,0.0,0.0,0.0,0.0,0.0,0.0,0.0,0.0,0.0,0.0,0.0,0.0,0.0,0.0,0.0,0.0,0.0,0.0,0.0,0.0,0.0,0.0,0.0,0
0.0,0.0,0.0,0.0,0.0,0.0,0.0,0.0,0.0,0.0,0.0,0.0,0.0,0.0,0.0,0.0,0.0,0.0,0.0,0.0,0.0,0.0,0.0,0.0,0.0,0.0,0.0,0.0,0.0,0.0,0.0,0.0,0.0,0.0,0.0,0.0,0.0,0.0,0.0,0.0,0.0,0.0,0.0,0.0,0.0,0.0,0.0,0.0,0.0,0.0,0.0,0.0,0.0,0.0,0.0,0.0,0.0,0.0,0.0,0.0,0.0,0.0,0.0,0.0,0.0,0.0,0
0.0,0.0,0.0,0.0,0.0,0.0,0.0,0.0,0.0,0.0,0.0,0.0,0.0,0.0,0.0,0.0,0.0,0.0,0.0,0.0,0.0,0.0,0.0,0.0,0.0,0.0,0.0,0.0,0.0,0.0,0.0,0.0,0.0,0.0,0.0,0.0,0.0,0.0,0.0,0.0,0.0,0.0,0.0,0.0,0.0,0.0,0.0,0.0,0.0,0.0,0.0,0.0,0.0,0.0,0.0,0.0,0.0,0.0,0.0,0.0,0.0,0.0,0.0,0.0,0.0,0.0,0
0.0,0.0,0.0,0.0,0.0,0.0,0.0,0.0,0.0,0.0,0.0,0.0,0.0,0.0,0.0,0.0,0.0,0.0,0.0,0.0,0.0,0.0,0.0,0.0,0.0,0.0,0.0,0.0,0.0,0.0,0.0,0.0,0.0,0.0,0.0,0.0,0.0,0.0,0.0,0.0,0.0,0.0,0.0,0.0,0.0,0.0,0.0,0.0,0.0,0.0,0.0,0.0,0.0,0.0,0.0,0.0,0.0,0.0,0.0,0.0,0.0,0.0,0.0,0.0,0.0,0.0,0
0.0,0.0,0.0,0.0,0.0,0.0,0.0,0.0,0.0,0.0,0.0,0.0,0.0,0.0,0.0,0.0,0.0,0.0,0.0,0.0,0.0,0.0,0.0,0.0,0.0,0.0,0.0,0.0,0.0,0.0,0.0,0.0,0.0,0.0,0.0,0.0,0.0,0.0,0.0,0.0,0.0,0.0,0.0,0.0,0.0,0.0,0.0,0.0,0.0,0.0,0.0,0.0,0.0,0.0,0.0,0.0,0.0,0.0,0.0,0.0,0.0,0.0,0.0,0.0,0.0,0.0,0
0.0,0.0,0.0,0.0,0.0,0.0,0.0,0.0,0.0,0.0,0.0,0.0,0.0,0.0,0.0,0.0,0.0,0.0,0.0,0.0,0.0,0.0,0.0,0.0,0.0,0.0,0.0,0.0,0.0,0.0,0.0,0.0,0.0,0.0,0.0,0.0,0.0,0.0,0.0,0.0,0.0,0.0,0.0,0.0,0.0,0.0,0.0,0.0,0.0,0.0,0.0,0.0,0.0,0.0,0.0,0.0,0.0,0.0,0.0,0.0,0.0,0.0,0.0,0.0,0.0,0.0,0
0.0,0.0,0.0,0.0,0.0,0.0,0.0,0.0,0.0,0.0,0.0,0.0,0.0,0.0,0.0,0.0,0.0,0.0,0.0,0.0,0.0,0.0,0.0,0.0,0.0,0.0,0.0,0.0,0.0,0.0,0.0,0.0,0.0,0.0,0.0,0.0,0.0,0.0,0.0,0.0,0.0,0.0,0.0,0.0,0.0,0.0,0.0,0.0,0.0,0.0,0.0,0.0,0.0,0.0,0.0,0.0,0.0,0.0,0.0,0.0,0.0,0.0,0.0,0.0,0.0,0.0,0
0.0,0.0,0.0,0.0,0.0,0.0,0.0,0.0,0.0,0.0,0.0,0.0,0.0,0.0,0.0,0.0,0.0,0.0,0.0,0.0,0.0,0.0,0.0,0.0,0.0,0.0,0.0,0.0,0.0,0.0,0.0,0.0,0.0,0.0,0.0,0.0,0.0,0.0,0.0,0.0,0.0,0.0,0.0,0.0,0.0,0.0,0.0,0.0,0.0,0.0,0.0,0.0,0.0,0.0,0.0,0.0,0.0,0.0,0.0,0.0,0.0,0.0,0.0,0.0,0.0,0.0,0
0.0,0.0,0.0,0.0,0.0,0.0,0.0,0.0,0.0,0.0,0.0,0.0,0.0,0.0,0.0,0.0,0.0,0.0,0.0,0.0,0.0,0.0,0.0,0.0,0.0,0.0,0.0,0.0,0.0,0.0,0.0,0.0,0.0,0.0,0.0,0.0,0.0,0.0,0.0,0.0,0.0,0.0,0.0,0.0,0.0,0.0,0.0,0.0,0.0,0.0,0.0,0.0,0.0,0.0,0.0,0.0,0.0,0.0,0.0,0.0,0.0,0.0,0.0,0.0,0.0,0.0,0
0.0,0.0,0.0,0.0,0.0,0.0,0.0,0.0,0.0,0.0,0.0,0.0,0.0,0.0,0.0,0.0,0.0,0.0,0.0,0.0,0.0,0.0,0.0,0.0,0.0,0.0,0.0,0.0,0.0,0.0,0.0,0.0,0.0,0.0,0.0,0.0,0.0,0.0,0.0,0.0,0.0,0.0,0.0,0.0,0.0,0.0,0.0,0.0,0.0,0.0,0.0,0.0,0.0,0.0,0.0,0.0,0.0,0.0,0.0,0.0,0.0,0.0,0.0,0.0,0.0,0.0,0
0.0,0.0,0.0,0.0,0.0,0.0,0.0,0.0,0.0,0.0,0.0,0.0,0.0,0.0,0.0,0.0,0.0,0.0,0.0,0.0,0.0,0.0,0.0,0.0,0.0,0.0,0.0,0.0,0.0,0.0,0.0,0.0,0.0,0.0,0.0,0.0,0.0,0.0,0.0,0.0,0.0,0.0,0.0,0.0,0.0,0.0,0.0,0.0,0.0,0.0,0.0,0.0,0.0,0.0,0.0,0.0,0.0,0.0,0.0,0.0,0.0,0.0,0.0,0.0,0.0,0.0,0
0.0,0.0,0.0,0.0,0.0,0.0,0.0,0.0,0.0,0.0,0.0,0.0,0.0,0.0,0.0,0.0,0.0,0.0,0.0,0.0,0.0,0.0,0.0,0.0,0.0,0.0,0.0,0.0,0.0,0.0,0.0,0.0,0.0,0.0,0.0,0.0,0.0,0.0,0.0,0.0,0.0,0.0,0.0,0.0,0.0,0.0,0.0,0.0,0.0,0.0,0.0,0.0,0.0,0.0,0.0,0.0,0.0,0.0,0.0,0.0,0.0,0.0,0.0,0.0,0.0,0.0,0
0.0,0.0,0.0,0.0,0.0,0.0,0.0,0.0,0.0,0.0,0.0,0.0,0.0,0.0,0.0,0.0,0.0,0.0,0.0,0.0,0.0,0.0,0.0,0.0,0.0,0.0,0.0,0.0,0.0,0.0,0.0,0.0,0.0,0.0,0.0,0.0,0.0,0.0,0.0,0.0,0.0,0.0,0.0,0.0,0.0,0.0,0.0,0.0,0.0,0.0,0.0,0.0,0.0,0.0,0.0,0.0,0.0,0.0,0.0,0.0,0.0,0.0,0.0,0.0,0.0,0.0,0
0.0,0.0,0.0,0.0,0.0,0.0,0.0,0.0,0.0,0.0,0.0,0.0,0.0,0.0,0.0,0.0,0.0,0.0,0.0,0.0,0.0,0.0,0.0,0.0,0.0,0.0,0.0,0.0,0.0,0.0,0.0,0.0,0.0,0.0,0.0,0.0,0.0,0.0,0.0,0.0,0.0,0.0,0.0,0.0,0.0,0.0,0.0,0.0,0.0,0.0,0.0,0.0,0.0,0.0,0.0,0.0,0.0,0.0,0.0,0.0,0.0,0.0,0.0,0.0,0.0,0.0,0
0.0,0.0,0.0,0.0,0.0,0.0,0.0,0.0,0.0,0.0,0.0,0.0,0.0,0.0,0.0,0.0,0.0,0.0,0.0,0.0,0.0,0.0,0.0,0.0,0.0,0.0,0.0,0.0,0.0,0.0,0.0,0.0,0.0,0.0,0.0,0.0,0.0,0.0,0.0,0.0,0.0,0.0,0.0,0.0,0.0,0.0,0.0,0.0,0.0,0.0,0.0,0.0,0.0,0.0,0.0,0.0,0.0,0.0,0.0,0.0,0.0,0.0,0.0,0.0,0.0,0.0,0
0.0,0.0,0.0,0.0,0.0,0.0,0.0,0.0,0.0,0.0,0.0,0.0,0.0,0.0,0.0,0.0,0.0,0.0,0.0,0.0,0.0,0.0,0.0,0.0,0.0,0.0,0.0,0.0,0.0,0.0,0.0,0.0,0.0,0.0,0.0,0.0,0.0,0.0,0.0,0.0,0.0,0.0,0.0,0.0,0.0,0.0,0.0,0.0,0.0,0.0,0.0,0.0,0.0,0.0,0.0,0.0,0.0,0.0,0.0,0.0,0.0,0.0,0.0,0.0,0.0,0.0,0
0.0,0.0,0.0,0.0,0.0,0.0,0.0,0.0,0.0,0.0,0.0,0.0,0.0,0.0,0.0,0.0,0.0,0.0,0.0,0.0,0.0,0.0,0.0,0.0,0.0,0.0,0.0,0.0,0.0,0.0,0.0,0.0,0.0,0.0,0.0,0.0,0.0,0.0,0.0,0.0,0.0,0.0,0.0,0.0,0.0,0.0,0.0,0.0,0.0,0.0,0.0,0.0,0.0,0.0,0.0,0.0,0.0,0.0,0.0,0.0,0.0,0.0,0.0,0.0,0.0,0.0,0
0.0,0.0,0.0,0.0,0.0,0.0,0.0,0.0,0.0,0.0,0.0,0.0,0.0,0.0,0.0,0.0,0.0,0.0,0.0,0.0,0.0,0.0,0.0,0.0,0.0,0.0,0.0,0.0,0.0,0.0,0.0,0.0,0.0,0.0,0.0,0.0,0.0,0.0,0.0,0.0,0.0,0.0,0.0,0.0,0.0,0.0,0.0,0.0,0.0,0.0,0.0,0.0,0.0,0.0,0.0,0.0,0.0,0.0,0.0,0.0,0.0,0.0,0.0,0.0,0.0,0.0,0
0.0,0.0,0.0,0.0,0.0,0.0,0.0,0.0,0.0,0.0,0.0,0.0,0.0,0.0,0.0,0.0,0.0,0.0,0.0,0.0,0.0,0.0,0.0,0.0,0.0,0.0,0.0,0.0,0.0,0.0,0.0,0.0,0.0,0.0,0.0,0.0,0.0,0.0,0.0,0.0,0.0,0.0,0.0,0.0,0.0,0.0,0.0,0.0,0.0,0.0,0.0,0.0,0.0,0.0,0.0,0.0,0.0,0.0,0.0,0.0,0.0,0.0,0.0,0.0,0.0,0.0,0
0.0,0.0,0.0,0.0,0.0,0.0,0.0,0.0,0.0,0.0,0.0,0.0,0.0,0.0,0.0,0.0,0.0,0.0,0.0,0.0,0.0,0.0,0.0,0.0,0.0,0.0,0.0,0.0,0.0,0.0,0.0,0.0,0.0,0.0,0.0,0.0,0.0,0.0,0.0,0.0,0.0,0.0,0.0,0.0,0.0,0.0,0.0,0.0,0.0,0.0,0.0,0.0,0.0,0.0,0.0,0.0,0.0,0.0,0.0,0.0,0.0,0.0,0.0,0.0,0.0,0.0,0
0.0,0.0,0.0,0.0,0.0,0.0,0.0,0.0,0.0,0.0,0.0,0.0,0.0,0.0,0.0,0.0,0.0,0.0,0.0,0.0,0.0,0.0,0.0,0.0,0.0,0.0,0.0,0.0,0.0,0.0,0.0,0.0,0.0,0.0,0.0,0.0,0.0,0.0,0.0,0.0,0.0,0.0,0.0,0.0,0.0,0.0,0.0,0.0,0.0,0.0,0.0,0.0,0.0,0.0,0.0,0.0,0.0,0.0,0.0,0.0,0.0,0.0,0.0,0.0,0.0,0.0,0
0.0,0.0,0.0,0.0,0.0,0.0,0.0,0.0,0.0,0.0,0.0,0.0,0.0,0.0,0.0,0.0,0.0,0.0,0.0,0.0,0.0,0.0,0.0,0.0,0.0,0.0,0.0,0.0,0.0,0.0,0.0,0.0,0.0,0.0,0.0,0.0,0.0,0.0,0.0,0.0,0.0,0.0,0.0,0.0,0.0,0.0,0.0,0.0,0.0,0.0,0.0,0.0,0.0,0.0,0.0,0.0,0.0,0.0,0.0,0.0,0.0,0.0,0.0,0.0,0.0,0.0,0
0.0,0.0,0.0,0.0,0.0,0.0,0.0,0.0,0.0,0.0,0.0,0.0,0.0,0.0,0.0,0.0,0.0,0.0,0.0,0.0,0.0,0.0,0.0,0.0,0.0,0.0,0.0,0.0,0.0,0.0,0.0,0.0,0.0,0.0,0.0,0.0,0.0,0.0,0.0,0.0,0.0,0.0,0.0,0.0,0.0,0.0,0.0,0.0,0.0,0.0,0.0,0.0,0.0,0.0,0.0,0.0,0.0,0.0,0.0,0.0,0.0,0.0,0.0,0.0,0.0,0.0,0
0.0,0.0,0.0,0.0,0.0,0.0,0.0,0.0,0.0,0.0,0.0,0.0,0.0,0.0,0.0,0.0,0.0,0.0,0.0,0.0,0.0,0.0,0.0,0.0,0.0,0.0,0.0,0.0,0.0,0.0,0.0,0.0,0.0,0.0,0.0,0.0,0.0,0.0,0.0,0.0,0.0,0.0,0.0,0.0,0.0,0.0,0.0,0.0,0.0,0.0,0.0,0.0,0.0,0.0,0.0,0.0,0.0,0.0,0.0,0.0,0.0,0.0,0.0,0.0,0.0,0.0,0
0.0,0.0,0.0,0.0,0.0,0.0,0.0,0.0,0.0,0.0,0.0,0.0,0.0,0.0,0.0,0.0,0.0,0.0,0.0,0.0,0.0,0.0,0.0,0.0,0.0,0.0,0.0,0.0,0.0,0.0,0.0,0.0,0.0,0.0,0.0,0.0,0.0,0.0,0.0,0.0,0.0,0.0,0.0,0.0,0.0,0.0,0.0,0.0,0.0,0.0,0.0,0.0,0.0,0.0,0.0,0.0,0.0,0.0,0.0,0.0,0.0,0.0,0.0,0.0,0.0,0.0,0
0.0,0.0,0.0,0.0,0.0,0.0,0.0,0.0,0.0,0.0,0.0,0.0,0.0,0.0,0.0,0.0,0.0,0.0,0.0,0.0,0.0,0.0,0.0,0.0,0.0,0.0,0.0,0.0,0.0,0.0,0.0,0.0,0.0,0.0,0.0,0.0,0.0,0.0,0.0,0.0,0.0,0.0,0.0,0.0,0.0,0.0,0.0,0.0,0.0,0.0,0.0,0.0,0.0,0.0,0.0,0.0,0.0,0.0,0.0,0.0,0.0,0.0,0.0,0.0,0.0,0.0,0
0.0,0.0,0.0,0.0,0.0,0.0,0.0,0.0,0.0,0.0,0.0,0.0,0.0,0.0,0.0,0.0,0.0,0.0,0.0,0.0,0.0,0.0,0.0,0.0,0.0,0.0,0.0,0.0,0.0,0.0,0.0,0.0,0.0,0.0,0.0,0.0,0.0,0.0,0.0,0.0,0.0,0.0,0.0,0.0,0.0,0.0,0.0,0.0,0.0,0.0,0.0,0.0,0.0,0.0,0.0,0.0,0.0,0.0,0.0,0.0,0.0,0.0,0.0,0.0,0.0,0.0,0
0.0,0.0,0.0,0.0,0.0,0.0,0.0,0.0,0.0,0.0,0.0,0.0,0.0,0.0,0.0,0.0,0.0,0.0,0.0,0.0,0.0,0.0,0.0,0.0,0.0,0.0,0.0,0.0,0.0,0.0,0.0,0.0,0.0,0.0,0.0,0.0,0.0,0.0,0.0,0.0,0.0,0.0,0.0,0.0,0.0,0.0,0.0,0.0,0.0,0.0,0.0,0.0,0.0,0.0,0.0,0.0,0.0,0.0,0.0,0.0,0.0,0.0,0.0,0.0,0.0,0.0,0
0.0,0.0,0.0,0.0,0.0,0.0,0.0,0.0,0.0,0.0,0.0,0.0,0.0,0.0,0.0,0.0,0.0,0.0,0.0,0.0,0.0,0.0,0.0,0.0,0.0,0.0,0.0,0.0,0.0,0.0,0.0,0.0,0.0,0.0,0.0,0.0,0.0,0.0,0.0,0.0,0.0,0.0,0.0,0.0,0.0,0.0,0.0,0.0,0.0,0.0,0.0,0.0,0.0,0.0,0.0,0.0,0.0,0.0,0.0,0.0,0.0,0.0,0.0,0.0,0.0,0.0,0
0.0,0.0,0.0,0.0,0.0,0.0,0.0,0.0,0.0,0.0,0.0,0.0,0.0,0.0,0.0,0.0,0.0,0.0,0.0,0.0,0.0,0.0,0.0,0.0,0.0,0.0,0.0,0.0,0.0,0.0,0.0,0.0,0.0,0.0,0.0,0.0,0.0,0.0,0.0,0.0,0.0,0.0,0.0,0.0,0.0,0.0,0.0,0.0,0.0,0.0,0.0,0.0,0.0,0.0,0.0,0.0,0.0,0.0,0.0,0.0,0.0,0.0,0.0,0.0,0.0,0.0,0
0.0,0.0,0.0,0.0,0.0,0.0,0.0,0.0,0.0,0.0,0.0,0.0,0.0,0.0,0.0,0.0,0.0,0.0,0.0,0.0,0.0,0.0,0.0,0.0,0.0,0.0,0.0,0.0,0.0,0.0,0.0,0.0,0.0,0.0,0.0,0.0,0.0,0.0,0.0,0.0,0.0,0.0,0.0,0.0,0.0,0.0,0.0,0.0,0.0,0.0,0.0,0.0,0.0,0.0,0.0,0.0,0.0,0.0,0.0,0.0,0.0,0.0,0.0,0.0,0.0,0.0,0
0.0,0.0,0.0,0.0,0.0,0.0,0.0,0.0,0.0,0.0,0.0,0.0,0.0,0.0,0.0,0.0,0.0,0.0,0.0,0.0,0.0,0.0,0.0,0.0,0.0,0.0,0.0,0.0,0.0,0.0,0.0,0.0,0.0,0.0,0.0,0.0,0.0,0.0,0.0,0.0,0.0,0.0,0.0,0.0,0.0,0.0,0.0,0.0,0.0,0.0,0.0,0.0,0.0,0.0,0.0,0.0,0.0,0.0,0.0,0.0,0.0,0.0,0.0,0.0,0.0,0.0,0
0.0,0.0,0.0,0.0,0.0,0.0,0.0,0.0,0.0,0.0,0.0,0.0,0.0,0.0,0.0,0.0,0.0,0.0,0.0,0.0,0.0,0.0,0.0,0.0,0.0,0.0,0.0,0.0,0.0,0.0,0.0,0.0,0.0,0.0,0.0,0.0,0.0,0.0,0.0,0.0,0.0,0.0,0.0,0.0,0.0,0.0,0.0,0.0,0.0,0.0,0.0,0.0,0.0,0.0,0.0,0.0,0.0,0.0,0.0,0.0,0.0,0.0,0.0,0.0,0.0,0.0,0
0.0,0.0,0.0,0.0,0.0,0.0,0.0,0.0,0.0,0.0,0.0,0.0,0.0,0.0,0.0,0.0,0.0,0.0,0.0,0.0,0.0,0.0,0.0,0.0,0.0,0.0,0.0,0.0,0.0,0.0,0.0,0.0,0.0,0.0,0.0,0.0,0.0,0.0,0.0,0.0,0.0,0.0,0.0,0.0,0.0,0.0,0.0,0.0,0.0,0.0,0.0,0.0,0.0,0.0,0.0,0.0,0.0,0.0,0.0,0.0,0.0,0.0,0.0,0.0,0.0,0.0,0
