kp0_x,kp0_y,kp1_x,kp1_y,kp2_x,kp2_y,kp3_x,kp3_y,kp4_x,kp4_y,kp5_x,kp5_y,kp6_x,kp6_y,kp7_x,kp7_y,kp8_x,kp8_y,kp9_x,kp9_y,kp10_x,kp10_y,kp11_x,kp11_y,kp12_x,kp12_y,kp13_x,kp13_y,kp14_x,kp14_y,kp15_x,kp15_y,kp16_x,kp16_y,kp17_x,kp17_y,kp18_x,kp18_y,kp19_x,kp19_y,kp20_x,kp20_y,kp21_x,kp21_y,kp22_x,kp22_y,kp23_x,kp23_y,kp24_x,kp24_y,kp25_x,kp25_y,kp26_x,kp26_y,kp27_x,kp27_y,kp28_x,kp28_y,kp29_x,kp29_y,kp30_x,kp30_y,kp31_x,kp31_y,kp32_x,kp32_y,label
0.7361013293266296,0.1721077561378479,0.7376036643981934,0.15161529183387756,0.7401341199874878,0.14857235550880432,0.7430873513221741,0.14538875222206116,0.7331878542900085,0.15701323747634888,0.7321639060974121,0.158018559217453,0.7311843037605286,0.15881091356277466,0.7517155408859253,0.1445501148700714,0.7337697744369507,0.1607401967048645,0.7433395981788635,0.18411856889724731,0.7374064326286316,0.1902819573879242,0.7868972420692444,0.2140422761440277,0.7342883348464966,0.25997066497802734,0.806230366230011,0.33758431673049927,0.7302064895629883,0.3785777688026428,0.8050341606140137,0.46727490425109863,0.7292771935462952,0.4792896807193756,0.8066662549972534,0.4992240071296692,0.727616012096405,0.508459746837616,0.8010056018829346,0.4993606209754944,0.7309936285018921,0.5056679844856262,0.7994254231452942,0.48857301473617554,0.7325302958488464,0.4964883625507355,0.7856117486953735,0.48120081424713135,0.7587073445320129,0.49049127101898193,0.7856589555740356,0.6652193069458008,0.7656162977218628,0.6602323055267334,0.792464017868042,0.8325705528259277,0.7759066224098206,0.8201857805252075,0.798704981803894,0.8524421453475952,0.7881032228469849,0.8458791971206665,0.776379406452179,0.8920712471008301,0.757552444934845,0.868874728679657,1
0.7387067079544067,0.17023035883903503,0.7405218482017517,0.15038421750068665,0.7434703707695007,0.14736366271972656,0.746454656124115,0.1441929042339325,0.7353847026824951,0.15592634677886963,0.7342422604560852,0.1570444107055664,0.7331918478012085,0.1579432487487793,0.7537050247192383,0.14380159974098206,0.7350680232048035,0.16025090217590332,0.7466259002685547,0.18152353167533875,0.7395047545433044,0.18785545229911804,0.7878261804580688,0.2156885862350464,0.7345768213272095,0.25864970684051514,0.805827796459198,0.3394307494163513,0.7301993370056152,0.37909752130508423,0.805884599685669,0.4662688970565796,0.7307409048080444,0.4736553132534027,0.8070601224899292,0.49659493565559387,0.7298551201820374,0.5050584077835083,0.8018503785133362,0.4967092275619507,0.7337216138839722,0.5016745924949646,0.800294041633606,0.4865604043006897,0.7347496747970581,0.4905955493450165,0.7865688800811768,0.4829469323158264,0.7595129013061523,0.49141788482666016,0.7874245047569275,0.6706382036209106,0.7656117081642151,0.664810836315155,0.7961801886558533,0.8399838209152222,0.7761738896369934,0.8153654336929321,0.802553117275238,0.8585577011108398,0.7816682457923889,0.8318451642990112,0.7834377884864807,0.9035690426826477,0.753521203994751,0.862381100654602,1
0.7415018081665039,0.168437659740448,0.7438272833824158,0.14820778369903564,0.7469273209571838,0.14512601494789124,0.7498483061790466,0.14218905568122864,0.7376111745834351,0.15446022152900696,0.7363260984420776,0.1557188332080841,0.7352051734924316,0.15676534175872803,0.7557130455970764,0.14268240332603455,0.7362554669380188,0.15948015451431274,0.7499220967292786,0.1796620488166809,0.7417935132980347,0.18612262606620789,0.7901553511619568,0.21626031398773193,0.7343747019767761,0.25708383321762085,0.8074730634689331,0.340564101934433,0.7296755909919739,0.37686672806739807,0.8080611228942871,0.4664631485939026,0.7324287295341492,0.4698525071144104,0.8089872598648071,0.4974250793457031,0.732941210269928,0.5001447796821594,0.8039020895957947,0.4968232214450836,0.7366683483123779,0.49393001198768616,0.8020122647285461,0.4866493046283722,0.73736971616745,0.48337724804878235,0.7887762784957886,0.48105889558792114,0.7597417235374451,0.49062326550483704,0.7922739386558533,0.6708993911743164,0.7648455500602722,0.6648297309875488,0.8057019114494324,0.843978762626648,0.7720099091529846,0.8173782825469971,0.8068408966064453,0.8616876602172852,0.7782612442970276,0.8378810882568359,0.796639084815979,0.9078773260116577,0.7520725131034851,0.8625370264053345,1
0.7437664866447449,0.1718103289604187,0.7456356883049011,0.1492888331413269,0.7489268183708191,0.14592114090919495,0.7520462274551392,0.14243772625923157,0.7387301325798035,0.15520870685577393,0.7372969388961792,0.15627002716064453,0.7361208200454712,0.15703341364860535,0.7578779458999634,0.14071786403656006,0.736547589302063,0.15918630361557007,0.7522338032722473,0.18313443660736084,0.7436336874961853,0.1893722414970398,0.7926498651504517,0.21385988593101501,0.7346420884132385,0.25312212109565735,0.8104560375213623,0.33835989236831665,0.7294982671737671,0.37231141328811646,0.8130302429199219,0.4627965986728668,0.7336655259132385,0.4650328755378723,0.8137218356132507,0.4940184950828552,0.7349005341529846,0.4942813217639923,0.8079771995544434,0.49518367648124695,0.738645613193512,0.4867097735404968,0.8070051074028015,0.4848915934562683,0.7389528155326843,0.47690486907958984,0.789169430732727,0.4833700656890869,0.7594484686851501,0.49174442887306213,0.795616626739502,0.6746039986610413,0.7644597887992859,0.6647757887840271,0.8092293739318848,0.8473908305168152,0.7693465948104858,0.8117173314094543,0.809337317943573,0.8629941940307617,0.7764951586723328,0.8318938612937927,0.8017349243164062,0.9135504961013794,0.747516393661499,0.8580268025398254,1
0.7452101111412048,0.16820326447486877,0.7472605109214783,0.14598965644836426,0.7505855560302734,0.14316090941429138,0.7536818385124207,0.14033830165863037,0.7405401468276978,0.15118181705474854,0.7391979098320007,0.15215173363685608,0.737977921962738,0.1528439223766327,0.7596818804740906,0.1387789249420166,0.7382926940917969,0.15562814474105835,0.7534404993057251,0.181141197681427,0.7450225949287415,0.18647485971450806,0.7942449450492859,0.2159673571586609,0.7350656390190125,0.25111404061317444,0.8123959898948669,0.3389328718185425,0.7291164398193359,0.369529664516449,0.8152546882629395,0.46564561128616333,0.734045147895813,0.46112799644470215,0.8168534636497498,0.49899598956108093,0.7348270416259766,0.4905118942260742,0.811057984828949,0.4989573657512665,0.738601565361023,0.4838486611843109,0.8095441460609436,0.4871428310871124,0.7394754886627197,0.4738959074020386,0.7907335162162781,0.48816120624542236,0.7605026364326477,0.4931666851043701,0.7994424104690552,0.6768211126327515,0.7651548385620117,0.6657153367996216,0.8119435906410217,0.8466606140136719,0.769957959651947,0.8136563301086426,0.8117004632949829,0.8626613020896912,0.7777155041694641,0.8356455564498901,0.807341456413269,0.9138118028640747,0.7480720281600952,0.8588428497314453,1
0.7469248175621033,0.16345533728599548,0.7486830949783325,0.14245688915252686,0.7518605589866638,0.14010274410247803,0.7550557851791382,0.13750648498535156,0.7428848743438721,0.14664223790168762,0.7415336966514587,0.14759287238121033,0.7401696443557739,0.14846083521842957,0.7621557116508484,0.13629156351089478,0.7408233284950256,0.1526142656803131,0.754754364490509,0.17822429537773132,0.746906042098999,0.1823228895664215,0.7967177629470825,0.21654731035232544,0.7366222143173218,0.2505909204483032,0.8135526776313782,0.33973968029022217,0.7303597927093506,0.366619348526001,0.8181613087654114,0.4666745066642761,0.7348555326461792,0.46376633644104004,0.8201377987861633,0.5013191103935242,0.7355505228042603,0.4952082931995392,0.8149584531784058,0.5009486079216003,0.7397724390029907,0.4890057444572449,0.8135029673576355,0.4882841408252716,0.7403779625892639,0.47703027725219727,0.7921830415725708,0.4905393421649933,0.7610674500465393,0.4959661364555359,0.8025705814361572,0.6834020614624023,0.7646169066429138,0.6723077297210693,0.8146703243255615,0.8493692874908447,0.7691279649734497,0.8084620237350464,0.8134689927101135,0.8645832538604736,0.7773052453994751,0.8326205611228943,0.8145203590393066,0.9144516587257385,0.750823438167572,0.859921932220459,1
0.7505025863647461,0.16112038493156433,0.752582311630249,0.1388791799545288,0.755733072757721,0.13619616627693176,0.7588049173355103,0.13356202840805054,0.7459650635719299,0.14443698525428772,0.7445163130760193,0.1457265019416809,0.7432280778884888,0.14676862955093384,0.7649291753768921,0.1329611837863922,0.7434384822845459,0.1511695384979248,0.7589304447174072,0.17582744359970093,0.7501240372657776,0.18074601888656616,0.799487829208374,0.21516960859298706,0.7379895448684692,0.2481076717376709,0.8150596022605896,0.3375844359397888,0.7315943837165833,0.3656711280345917,0.8197136521339417,0.47062671184539795,0.7357553243637085,0.46681734919548035,0.8220074772834778,0.5049845576286316,0.7358072996139526,0.49707627296447754,0.8177635669708252,0.5042023658752441,0.7403930425643921,0.49232566356658936,0.8152792453765869,0.4914417266845703,0.7411292791366577,0.4820314347743988,0.7932529449462891,0.4885862171649933,0.7617882490158081,0.4934742748737335,0.8048056364059448,0.6857357621192932,0.7648892402648926,0.6640318036079407,0.8190878629684448,0.8494185209274292,0.7700885534286499,0.8085469007492065,0.8164331912994385,0.8628075122833252,0.7785449028015137,0.8302607536315918,0.8211016058921814,0.9166250228881836,0.7506943345069885,0.8616983890533447,1
0.7535709142684937,0.15851986408233643,0.7558813095092773,0.13669708371162415,0.7590987682342529,0.13455992937088013,0.7621939182281494,0.1322508454322815,0.7489302158355713,0.14094948768615723,0.7472106218338013,0.14199760556221008,0.7459076046943665,0.1428261697292328,0.7677869200706482,0.13247346878051758,0.7461519837379456,0.14674299955368042,0.761756181716919,0.1729094684123993,0.7526739835739136,0.17804527282714844,0.8014512658119202,0.21381312608718872,0.7394317388534546,0.24662664532661438,0.8183945417404175,0.3374289274215698,0.7319848537445068,0.36864936351776123,0.8217081427574158,0.4683653712272644,0.7361298203468323,0.4700348973274231,0.8235687017440796,0.501710057258606,0.7352657914161682,0.5030077695846558,0.8180410861968994,0.5013453364372253,0.739875078201294,0.4989319145679474,0.8167832493782043,0.4904114603996277,0.7410659790039062,0.4876323342323303,0.7951704859733582,0.48515215516090393,0.7628463506698608,0.4904407858848572,0.808713436126709,0.6836482286453247,0.7658106088638306,0.6657335758209229,0.8225089907646179,0.8591909408569336,0.7699238061904907,0.8112688064575195,0.8187055587768555,0.873572587966919,0.7784460783004761,0.8378949165344238,0.8264439105987549,0.9263406991958618,0.7515970468521118,0.864645779132843,1
0.7577735185623169,0.1487770676612854,0.7600116729736328,0.12846213579177856,0.762958824634552,0.12661394476890564,0.7657859325408936,0.12483641505241394,0.7532550692558289,0.13281938433647156,0.7515437006950378,0.1340707540512085,0.7501533627510071,0.1351495087146759,0.7711080312728882,0.12731245160102844,0.7498878836631775,0.1412588357925415,0.7657305598258972,0.1638031005859375,0.7565428614616394,0.16972512006759644,0.8033525943756104,0.21389895677566528,0.7422394752502441,0.24386081099510193,0.819726288318634,0.33723944425582886,0.7327203750610352,0.364693820476532,0.822786271572113,0.4714166522026062,0.7350824475288391,0.4739309549331665,0.8257047533988953,0.505089521408081,0.7341387271881104,0.5047061443328857,0.8205893635749817,0.5051519870758057,0.739753782749176,0.5008862614631653,0.81826251745224,0.49243253469467163,0.7408158183097839,0.4902835488319397,0.7975707650184631,0.48666122555732727,0.7656018137931824,0.489660382270813,0.8109504580497742,0.6839094758033752,0.7660795450210571,0.6657546758651733,0.824133038520813,0.8597898483276367,0.7700952887535095,0.8141968250274658,0.821018636226654,0.8779219388961792,0.7768574953079224,0.8401361703872681,0.8295797109603882,0.9257283806800842,0.7481542825698853,0.8628311157226562,1
0.7604984641075134,0.1460527777671814,0.7630416750907898,0.12617704272270203,0.7659720778465271,0.12431728839874268,0.7686864137649536,0.12264621257781982,0.755921483039856,0.13068071007728577,0.7539322376251221,0.1320272982120514,0.7520911693572998,0.1333964765071869,0.7737651467323303,0.12586769461631775,0.7519648671150208,0.14045828580856323,0.7682282328605652,0.16104856133460999,0.7589127421379089,0.16740724444389343,0.8058177828788757,0.21288713812828064,0.7439560294151306,0.24423393607139587,0.8219790458679199,0.33811280131340027,0.7334587574005127,0.3641580641269684,0.8237987160682678,0.4700019955635071,0.7341877222061157,0.47145652770996094,0.82651686668396,0.5014663934707642,0.7331017851829529,0.5058595538139343,0.8215469717979431,0.5024068355560303,0.7383772730827332,0.5021430850028992,0.8187575936317444,0.4918430745601654,0.7397705912590027,0.4909505844116211,0.7985374927520752,0.48355361819267273,0.7656708359718323,0.486337810754776,0.8126481175422668,0.6782228946685791,0.7668982148170471,0.6657366156578064,0.8269180655479431,0.8645510673522949,0.7702236175537109,0.8091796040534973,0.824128270149231,0.881068229675293,0.7776296138763428,0.8334782123565674,0.8309715390205383,0.9262316226959229,0.7518392205238342,0.8645137548446655,1
0.7627924680709839,0.15232640504837036,0.7657564282417297,0.13111114501953125,0.768953800201416,0.12945476174354553,0.7720060348510742,0.1276821494102478,0.758491039276123,0.1347818672657013,0.7566992044448853,0.13568541407585144,0.7553169131278992,0.136395663022995,0.7776886224746704,0.1288139522075653,0.7554192543029785,0.14039018750190735,0.7710757851600647,0.16808566451072693,0.7616912722587585,0.1715627908706665,0.8099150657653809,0.21501973271369934,0.7476449608802795,0.24079611897468567,0.8247901797294617,0.34086301922798157,0.7373905181884766,0.3643319606781006,0.8250796794891357,0.47576525807380676,0.7354562282562256,0.4776006042957306,0.827650785446167,0.5096253156661987,0.731635332107544,0.5140129923820496,0.8228726983070374,0.5104659795761108,0.737159013748169,0.5120652914047241,0.8204672932624817,0.4970364570617676,0.7392997145652771,0.5005167722702026,0.8009716868400574,0.4897802770137787,0.7686086893081665,0.4916350245475769,0.8117693662643433,0.6826063394546509,0.7672444581985474,0.6639304161071777,0.8264543414115906,0.8685271143913269,0.7698827981948853,0.7986657023429871,0.8243024945259094,0.8837972283363342,0.7757709622383118,0.8249454498291016,0.8282576203346252,0.9341740012168884,0.7484780550003052,0.858534038066864,1
0.7664985656738281,0.14948198199272156,0.7695875763893127,0.1289447546005249,0.77279132604599,0.1273491084575653,0.7758241295814514,0.12574055790901184,0.7620933055877686,0.13261845707893372,0.760169267654419,0.13357797265052795,0.7586771249771118,0.1343490481376648,0.7815006971359253,0.12731000781059265,0.7588114738464355,0.1387750208377838,0.7745762467384338,0.1651076376438141,0.765028715133667,0.1691422462463379,0.8126333951950073,0.21623089909553528,0.7503403425216675,0.2407805621623993,0.8259720206260681,0.33847540616989136,0.7395449876785278,0.36527955532073975,0.8290359973907471,0.47796159982681274,0.7341145873069763,0.48068010807037354,0.8317440748214722,0.5083709955215454,0.7306036949157715,0.5170238018035889,0.827264130115509,0.5114999413490295,0.7348063588142395,0.5161327719688416,0.8250672817230225,0.4989360570907593,0.7376251816749573,0.5054063200950623,0.8030731678009033,0.48537537455558777,0.7704878449440002,0.48766404390335083,0.8141730427742004,0.680244505405426,0.7684766054153442,0.6591511964797974,0.8282383680343628,0.8694409132003784,0.7714855670928955,0.7994145154953003,0.8260741829872131,0.8858455419540405,0.7771260738372803,0.8190580606460571,0.8313449025154114,0.9286677241325378,0.7503794431686401,0.8616421222686768,1
0.7706763744354248,0.1441953480243683,0.7735386490821838,0.1236773133277893,0.7767718434333801,0.12161609530448914,0.7796632051467896,0.11982062458992004,0.7657387256622314,0.12835076451301575,0.7635868787765503,0.12975257635116577,0.7617961168289185,0.13099437952041626,0.7854495048522949,0.12196099758148193,0.7618924379348755,0.13640615344047546,0.7787424325942993,0.15923604369163513,0.7690156698226929,0.16494068503379822,0.8155242800712585,0.21198797225952148,0.7536449432373047,0.23739811778068542,0.8302404880523682,0.3405705392360687,0.741910457611084,0.36208462715148926,0.8307969570159912,0.47713005542755127,0.7346246838569641,0.47667646408081055,0.8330346941947937,0.5139862895011902,0.7310675382614136,0.5124121308326721,0.8282175660133362,0.5138046741485596,0.7351084351539612,0.5107812881469727,0.8255285620689392,0.4994887411594391,0.737389862537384,0.4977820813655853,0.8070274591445923,0.4879186451435089,0.7737008333206177,0.4889848232269287,0.8161050081253052,0.6820088028907776,0.7707271575927734,0.66387540102005,0.8297865390777588,0.8661037683486938,0.7740303874015808,0.8056868314743042,0.8292055130004883,0.8834627270698547,0.7795722484588623,0.8293464779853821,0.8319686651229858,0.9313287734985352,0.7524397373199463,0.8578076362609863,1
0.7744165658950806,0.142342209815979,0.7775840759277344,0.12094146013259888,0.7807635068893433,0.1192617118358612,0.7834808826446533,0.11782702803611755,0.7697528004646301,0.12513741850852966,0.767566978931427,0.12643814086914062,0.7656287550926208,0.1276264786720276,0.7891958951950073,0.12132644653320312,0.7658436298370361,0.1332944929599762,0.7821297645568848,0.15716567635536194,0.772554337978363,0.1627265214920044,0.8196213245391846,0.21048781275749207,0.7566928267478943,0.23132893443107605,0.8343949317932129,0.34108471870422363,0.7453190088272095,0.3589843511581421,0.835049033164978,0.4814162254333496,0.7351089119911194,0.47542017698287964,0.8375241160392761,0.5198872089385986,0.7307115793228149,0.513059139251709,0.8324202299118042,0.5200106501579285,0.7352057695388794,0.5125005841255188,0.8299392461776733,0.5047772526741028,0.7376863956451416,0.49988624453544617,0.8095780611038208,0.4910237491130829,0.7759633660316467,0.49108442664146423,0.8167751431465149,0.6836135387420654,0.7711142301559448,0.666278064250946,0.8274246454238892,0.8598426580429077,0.7743952870368958,0.8029955625534058,0.8246327042579651,0.8774443864822388,0.7804421782493591,0.8291730880737305,0.8307856321334839,0.9274419546127319,0.7511647939682007,0.860321044921875,1
0.777079701423645,0.1374439001083374,0.7802722454071045,0.11657437682151794,0.7834639549255371,0.1151038408279419,0.7864599227905273,0.11393243074417114,0.7725344300270081,0.1201728880405426,0.7704295516014099,0.12129652500152588,0.7687325477600098,0.1223393976688385,0.7921848297119141,0.11855211853981018,0.7687559127807617,0.12905225157737732,0.7848360538482666,0.15363562107086182,0.7751063108444214,0.15831780433654785,0.8219136595726013,0.21011197566986084,0.7591701149940491,0.2287488877773285,0.8373836874961853,0.3410657048225403,0.7475296258926392,0.35437917709350586,0.8377136588096619,0.48368680477142334,0.7365049123764038,0.4722004532814026,0.840706467628479,0.5249660611152649,0.7321673631668091,0.511001467704773,0.8355669379234314,0.5240933895111084,0.7361897230148315,0.5112818479537964,0.8329465389251709,0.5087724924087524,0.7386096119880676,0.4979453682899475,0.8115358948707581,0.4919087290763855,0.7777702212333679,0.4934062361717224,0.81902676820755,0.6895870566368103,0.7711021900177002,0.6644055843353271,0.8288953900337219,0.8694215416908264,0.7739828824996948,0.8074147701263428,0.8275314569473267,0.8854281306266785,0.7800289988517761,0.8311143517494202,0.8310222029685974,0.9361602067947388,0.7503413558006287,0.8588237762451172,1
0.7803046703338623,0.13891658186912537,0.7839386463165283,0.11804145574569702,0.787300169467926,0.11627522110939026,0.7903338074684143,0.11461743712425232,0.775962769985199,0.12147995829582214,0.7739676833152771,0.12224754691123962,0.7724122405052185,0.12289372086524963,0.7958387732505798,0.11660557985305786,0.7722546458244324,0.1261584460735321,0.7883476614952087,0.15391483902931213,0.7785031199455261,0.15771490335464478,0.8268565535545349,0.2093324065208435,0.7609796524047852,0.22164252400398254,0.840829610824585,0.343874990940094,0.751473605632782,0.35867664217948914,0.8418594002723694,0.4853769838809967,0.7399661540985107,0.4743301272392273,0.8454757332801819,0.5265616774559021,0.73406982421875,0.5138075947761536,0.8400891423225403,0.5274065732955933,0.7371376156806946,0.5160480737686157,0.8370116949081421,0.5128832459449768,0.7400870323181152,0.5030218362808228,0.8162347674369812,0.4896860718727112,0.7818480134010315,0.49042409658432007,0.8221172094345093,0.6854581236839294,0.773027241230011,0.6599228382110596,0.8277283906936646,0.866167426109314,0.7726282477378845,0.8096848726272583,0.8260703682899475,0.8834338188171387,0.7801461815834045,0.8346346616744995,0.8296309113502502,0.9254782199859619,0.7479654550552368,0.8612194061279297,1
0.7833073139190674,0.13638165593147278,0.7869760990142822,0.11502149701118469,0.7904050350189209,0.11351278424263,0.7935896515846252,0.11189097166061401,0.7792597413063049,0.11797639727592468,0.777352511882782,0.11869105696678162,0.7759066820144653,0.11930051445960999,0.7990860939025879,0.11355623602867126,0.7759888768196106,0.12320870161056519,0.7912587523460388,0.15307793021202087,0.7816641926765442,0.15608620643615723,0.8297290205955505,0.20677003264427185,0.7644528150558472,0.2255387306213379,0.8438647389411926,0.3424840271472931,0.7554381489753723,0.35933756828308105,0.8449935913085938,0.4819456934928894,0.7420983910560608,0.479341059923172,0.8484424352645874,0.5238496661186218,0.7364605069160461,0.5166805386543274,0.8433595895767212,0.5246463418006897,0.739439070224762,0.5191472172737122,0.8408271670341492,0.5088670253753662,0.742402195930481,0.505752444267273,0.8174309134483337,0.4963139593601227,0.7834250926971436,0.49671733379364014,0.8223471641540527,0.6882708072662354,0.7722393274307251,0.6630125045776367,0.8272414207458496,0.8540666103363037,0.7741492986679077,0.810172438621521,0.8245388865470886,0.8714492321014404,0.7817262411117554,0.8322986960411072,0.8297854661941528,0.9235796332359314,0.7505381107330322,0.8656045198440552,1
0.7852141857147217,0.12928789854049683,0.7893996238708496,0.10896068811416626,0.7929283380508423,0.10791149735450745,0.7961996793746948,0.10687980055809021,0.781169056892395,0.11136811971664429,0.7791658043861389,0.11207848787307739,0.7776821255683899,0.11274930834770203,0.8016452193260193,0.11013540625572205,0.7774695754051208,0.1183466911315918,0.7932983636856079,0.1468600630760193,0.7829983234405518,0.14979055523872375,0.8319600224494934,0.20316919684410095,0.7640761137008667,0.21923425793647766,0.8469590544700623,0.3367708921432495,0.7565524578094482,0.3566204011440277,0.850345253944397,0.4759179353713989,0.7443064451217651,0.4788150191307068,0.8547462224960327,0.5149216055870056,0.7381731271743774,0.5140366554260254,0.849040150642395,0.5185680985450745,0.7419820427894592,0.5161376595497131,0.8466256856918335,0.5019634366035461,0.7443864345550537,0.5043590068817139,0.8185181617736816,0.49359390139579773,0.7827141284942627,0.4950873553752899,0.8238539099693298,0.6917105913162231,0.7730292081832886,0.6753114461898804,0.8275216817855835,0.866500735282898,0.7773950099945068,0.819054365158081,0.8244282007217407,0.8790198564529419,0.7856296896934509,0.8439202904701233,0.8317993879318237,0.9291955232620239,0.7555275559425354,0.8775351047515869,1
0.7871569395065308,0.13699260354042053,0.7914254665374756,0.11465632915496826,0.7949900031089783,0.11314022541046143,0.7981392741203308,0.11151620745658875,0.7831437587738037,0.11714813113212585,0.781207263469696,0.11752599477767944,0.7797718644142151,0.11779588460922241,0.8042550086975098,0.11247923970222473,0.7801575660705566,0.11996331810951233,0.7952200770378113,0.15199339389801025,0.7854523062705994,0.1549384891986847,0.8363454937934875,0.20317557454109192,0.7672726511955261,0.22151240706443787,0.8481589555740356,0.34484949707984924,0.7607106566429138,0.3550986051559448,0.853340208530426,0.48302340507507324,0.7517504692077637,0.47425562143325806,0.8579379916191101,0.518876850605011,0.7434908747673035,0.509014904499054,0.852268397808075,0.5215367078781128,0.7483765482902527,0.5109057426452637,0.84904944896698,0.5074535012245178,0.7517580389976501,0.4983195960521698,0.8210528492927551,0.4834173917770386,0.7853003740310669,0.4848712086677551,0.824084997177124,0.6920561194419861,0.7743083834648132,0.6718325614929199,0.827082633972168,0.8673401474952698,0.7781723141670227,0.8253324031829834,0.8242688179016113,0.8792912364006042,0.7865844368934631,0.8499046564102173,0.8319723010063171,0.9342004060745239,0.7597591280937195,0.8860609531402588,1
0.7884148955345154,0.1320015788078308,0.7928436398506165,0.11022195219993591,0.796528697013855,0.1088239848613739,0.7997248768806458,0.10731831192970276,0.7843853235244751,0.11236411333084106,0.7824192643165588,0.11265432834625244,0.7809315919876099,0.11288014054298401,0.8059532046318054,0.10859191417694092,0.7814282774925232,0.1151449978351593,0.7966381907463074,0.1474665403366089,0.7866827845573425,0.14996740221977234,0.8382939100265503,0.20303091406822205,0.7680787444114685,0.21306383609771729,0.8515351414680481,0.33918237686157227,0.7608692646026611,0.35060662031173706,0.8564578294754028,0.47797730565071106,0.755707859992981,0.4809924364089966,0.8601427674293518,0.5122872591018677,0.7497695684432983,0.5147647857666016,0.8542029857635498,0.5156763195991516,0.7552936673164368,0.5170811414718628,0.8514339327812195,0.5028350353240967,0.7578197717666626,0.5033033490180969,0.822018027305603,0.47841009497642517,0.7848424911499023,0.4841294586658478,0.8250108361244202,0.6891266703605652,0.7781094312667847,0.6761143207550049,0.8284845948219299,0.8639805316925049,0.7819021940231323,0.8388512134552002,0.8245513439178467,0.8721513152122498,0.7897466421127319,0.8618426322937012,0.8311319351196289,0.9323768615722656,0.7631338834762573,0.9023445844650269,1
0.7917506694793701,0.12354710698127747,0.7962930202484131,0.10208365321159363,0.7995709776878357,0.10042503476142883,0.8023034334182739,0.09873676300048828,0.7873480916023254,0.10526540875434875,0.7849674224853516,0.10595455765724182,0.7828992605209351,0.10661441087722778,0.8080250024795532,0.10323581099510193,0.7824376225471497,0.11167743802070618,0.7996199131011963,0.1400546431541443,0.7890702486038208,0.14218565821647644,0.8404988646507263,0.2028963565826416,0.7699213027954102,0.2155531942844391,0.8525660634040833,0.33844229578971863,0.7628098726272583,0.3535200357437134,0.8577331900596619,0.4722119867801666,0.7598259449005127,0.4803800582885742,0.8613631129264832,0.5089907050132751,0.7561817169189453,0.5153645873069763,0.8556956052780151,0.5120706558227539,0.7602285146713257,0.5159018635749817,0.8531492352485657,0.497946560382843,0.7625916004180908,0.5042563676834106,0.8249610066413879,0.48017629981040955,0.7869104146957397,0.4853271245956421,0.8264397978782654,0.6939255595207214,0.7803971171379089,0.6867837905883789,0.828109622001648,0.8743197917938232,0.7842463254928589,0.8480902314186096,0.8236086964607239,0.8829233646392822,0.7920743227005005,0.8691123723983765,0.8311194777488708,0.9351804256439209,0.7676619291305542,0.9086587429046631,1
0.7915223240852356,0.11673027276992798,0.7961810231208801,0.09585577249526978,0.8000357151031494,0.09429386258125305,0.8032904863357544,0.09285053610801697,0.7875199317932129,0.09892421960830688,0.785608172416687,0.09966081380844116,0.784076452255249,0.10027527809143066,0.8092268109321594,0.09870392084121704,0.783972442150116,0.10633096098899841,0.8002016544342041,0.13283908367156982,0.7890957593917847,0.1354127824306488,0.8420482277870178,0.1984560787677765,0.7717034220695496,0.2189464569091797,0.8555219173431396,0.3357337713241577,0.768585205078125,0.35400721430778503,0.8600301742553711,0.46973463892936707,0.7639391422271729,0.4878212511539459,0.864106297492981,0.506666362285614,0.761717677116394,0.5226062536239624,0.858031153678894,0.5106519460678101,0.765010416507721,0.5237956643104553,0.8553243279457092,0.49515002965927124,0.7672977447509766,0.5088135600090027,0.825690746307373,0.48158106207847595,0.7883973717689514,0.4860721826553345,0.8261921405792236,0.6920989155769348,0.7838784456253052,0.6902896761894226,0.8284944295883179,0.879177451133728,0.7841328978538513,0.8550913333892822,0.8251818418502808,0.891655683517456,0.7906390428543091,0.8744480609893799,0.8320073485374451,0.9400696754455566,0.7700101733207703,0.917845606803894,1
0.7920430898666382,0.11729520559310913,0.7964773178100586,0.09596088528633118,0.8002309203147888,0.09447696805000305,0.8035480976104736,0.09288069605827332,0.7880785465240479,0.09864503145217896,0.7862788438796997,0.09938761591911316,0.784880518913269,0.09998860955238342,0.8095483183860779,0.09757921099662781,0.7845882177352905,0.1050143837928772,0.800538957118988,0.13399726152420044,0.7900352478027344,0.13685601949691772,0.8413471579551697,0.19625061750411987,0.771904468536377,0.21930348873138428,0.8578941226005554,0.3339265286922455,0.7696636319160461,0.356772780418396,0.8622581362724304,0.46415144205093384,0.7658606767654419,0.4898930788040161,0.8658909201622009,0.5014046430587769,0.7647735476493835,0.5250032544136047,0.8603183627128601,0.5043662786483765,0.767943263053894,0.5212678909301758,0.857387363910675,0.4901748299598694,0.770196795463562,0.509266197681427,0.8268651366233826,0.48495346307754517,0.7896668314933777,0.4854072332382202,0.8269780874252319,0.6998476982116699,0.7874721884727478,0.697309136390686,0.8279913067817688,0.874559760093689,0.7868995666503906,0.8672630190849304,0.8259644508361816,0.8912553787231445,0.7926305532455444,0.8840087652206421,0.8350762724876404,0.9390039443969727,0.7751455903053284,0.9329816102981567,1
0.7915446162223816,0.11373034119606018,0.7963255047798157,0.09233570098876953,0.8001833558082581,0.09083619713783264,0.8036156296730042,0.08922165632247925,0.7879622578620911,0.09513163566589355,0.7862417101860046,0.09584423899650574,0.7848847508430481,0.0963851809501648,0.8100747466087341,0.09399378299713135,0.7849218845367432,0.10134553909301758,0.8002730011940002,0.13038840889930725,0.7896378040313721,0.13311564922332764,0.8420484066009521,0.19309508800506592,0.7720564007759094,0.21650710701942444,0.85791015625,0.3318186402320862,0.7700291275978088,0.35499101877212524,0.8628044128417969,0.46463119983673096,0.7688388824462891,0.4927895665168762,0.8672441244125366,0.5016781091690063,0.7677881717681885,0.5285710692405701,0.8615741729736328,0.5047461986541748,0.7715322971343994,0.5201698541641235,0.858485221862793,0.490974485874176,0.7725414633750916,0.5106136202812195,0.8276168704032898,0.48664045333862305,0.7905039191246033,0.48807451128959656,0.8272432684898376,0.6961652040481567,0.7908723950386047,0.6981762051582336,0.8257032036781311,0.8695282936096191,0.7898825407028198,0.8759998679161072,0.8221694231033325,0.8853956460952759,0.7955710887908936,0.8904733657836914,0.8322170972824097,0.9387962818145752,0.7794985771179199,0.9435220956802368,1
0.791952908039093,0.11181160807609558,0.7967763543128967,0.09018263220787048,0.8006551861763,0.08849763870239258,0.8040097951889038,0.08674213290214539,0.7884273529052734,0.09312081336975098,0.7865694761276245,0.0937945544719696,0.7851460576057434,0.09433117508888245,0.8105726838111877,0.09077045321464539,0.7856189608573914,0.09854874014854431,0.8008614182472229,0.1286221742630005,0.790287435054779,0.13149407505989075,0.8429666757583618,0.19067931175231934,0.7727405428886414,0.21467825770378113,0.8591099381446838,0.33050206303596497,0.7723440527915955,0.35273832082748413,0.8628254532814026,0.4639669954776764,0.7724769115447998,0.4847210645675659,0.8663849234580994,0.50133216381073,0.772106945514679,0.5239529013633728,0.8615355491638184,0.5045635104179382,0.7764523029327393,0.5127149224281311,0.8576259613037109,0.48812052607536316,0.7765709161758423,0.5045810341835022,0.8283256888389587,0.4806915819644928,0.7909762263298035,0.4841129183769226,0.8274755477905273,0.6952757239341736,0.7927051782608032,0.6993842720985413,0.8269879221916199,0.8741760849952698,0.7934390902519226,0.8819068670272827,0.8241335153579712,0.8907434940338135,0.7978591918945312,0.8964676856994629,0.8330633044242859,0.9417690634727478,0.785129189491272,0.9536682963371277,1
0.7924334406852722,0.1104665994644165,0.7971997857093811,0.08830487728118896,0.8010440468788147,0.0867655873298645,0.804283857345581,0.08518823981285095,0.788493275642395,0.09188055992126465,0.7864594459533691,0.09278449416160583,0.7848666310310364,0.09342864155769348,0.8107950687408447,0.08931824564933777,0.7853820323944092,0.09763351082801819,0.801389753818512,0.12790054082870483,0.7905754446983337,0.13146209716796875,0.8430023193359375,0.18888184428215027,0.7721113562583923,0.21187177300453186,0.8587424755096436,0.33022499084472656,0.7719212174415588,0.35394495725631714,0.8628678321838379,0.46765267848968506,0.7710134387016296,0.484099805355072,0.8666616678237915,0.5035384297370911,0.7717755436897278,0.5191256403923035,0.8604018688201904,0.5073694586753845,0.7758950591087341,0.5175594091415405,0.858101487159729,0.4933978319168091,0.7762764692306519,0.5091872811317444,0.8288148045539856,0.4779336154460907,0.790764331817627,0.48318058252334595,0.8283874988555908,0.6918243169784546,0.7972567081451416,0.6997962594032288,0.8299170136451721,0.8744034171104431,0.7976991534233093,0.8907015323638916,0.8264066576957703,0.8938475251197815,0.8033673763275146,0.9062844514846802,0.8383235931396484,0.9367853403091431,0.7907320261001587,0.9610035419464111,1
0.7911757230758667,0.10759279131889343,0.7960909605026245,0.08558908104896545,0.800078272819519,0.0835706889629364,0.8034827709197998,0.08145225048065186,0.7877223491668701,0.0888231098651886,0.7858993411064148,0.08948957920074463,0.7844384908676147,0.0900258719921112,0.8102350831031799,0.08608102798461914,0.7850629687309265,0.09519720077514648,0.800041139125824,0.1233595609664917,0.7892975807189941,0.12559667229652405,0.8438050150871277,0.18811708688735962,0.7726321220397949,0.21011650562286377,0.8588892817497253,0.33120572566986084,0.7734563946723938,0.35551321506500244,0.8623023629188538,0.47120529413223267,0.7733242511749268,0.4891982972621918,0.8660170435905457,0.5083903074264526,0.7733879089355469,0.5313387513160706,0.8597463965415955,0.5113669037818909,0.7771011590957642,0.5229146480560303,0.8574858903884888,0.4974976181983948,0.7774201035499573,0.5132620334625244,0.8285704255104065,0.47636672854423523,0.7907362580299377,0.48417720198631287,0.8283818960189819,0.6949129104614258,0.7998490929603577,0.6990053653717041,0.8275699019432068,0.8881798982620239,0.8026720881462097,0.8973861932754517,0.8259313106536865,0.9109578132629395,0.8048630952835083,0.9167170524597168,0.8325608372688293,0.9443531036376953,0.7955133318901062,0.9680353403091431,1
0.7906901240348816,0.10447743535041809,0.7954340577125549,0.0819084644317627,0.7994028329849243,0.08009570837020874,0.8028586506843567,0.07814648747444153,0.7868778705596924,0.08504197001457214,0.7850341796875,0.08579736948013306,0.7835884690284729,0.08640587329864502,0.8097013235092163,0.08285722136497498,0.7839298844337463,0.0919402539730072,0.7999366521835327,0.12207379937171936,0.7888307571411133,0.1235288679599762,0.8428673148155212,0.18535712361335754,0.7705025672912598,0.20897996425628662,0.8598381876945496,0.32835930585861206,0.7693480849266052,0.35870248079299927,0.862649142742157,0.47072941064834595,0.7702293395996094,0.5035398006439209,0.8654546737670898,0.5116615295410156,0.770395815372467,0.5398414134979248,0.8597412109375,0.5142650604248047,0.7739355564117432,0.5340527892112732,0.8577005863189697,0.4976467490196228,0.7745547890663147,0.5225404500961304,0.8298183083534241,0.47424352169036865,0.791732668876648,0.4844413101673126,0.8282822966575623,0.6933487057685852,0.8025306463241577,0.6965559720993042,0.826157808303833,0.8901728391647339,0.8069756031036377,0.9031052589416504,0.8263833522796631,0.9148201942443848,0.8086137175559998,0.9261800050735474,0.8330750465393066,0.945555567741394,0.7986388802528381,0.9783438444137573,1
0.7897382378578186,0.10304632782936096,0.7940322756767273,0.08037647604942322,0.7979341745376587,0.07860523462295532,0.8016490340232849,0.07649749517440796,0.7859513759613037,0.08367553353309631,0.7842864394187927,0.08454465866088867,0.7829660177230835,0.0851832926273346,0.808880090713501,0.08035090565681458,0.7832558751106262,0.09008798003196716,0.7991946935653687,0.12087592482566833,0.788267970085144,0.12224504351615906,0.8429427742958069,0.18064355850219727,0.769681990146637,0.20513522624969482,0.8607507944107056,0.3298184275627136,0.7668598890304565,0.35948535799980164,0.8615632057189941,0.4733447730541229,0.7652379870414734,0.49986618757247925,0.8645957112312317,0.5145480632781982,0.7643026113510132,0.5364151000976562,0.8597308397293091,0.5163770318031311,0.7688783407211304,0.5362710952758789,0.8574023842811584,0.4995778501033783,0.7703133821487427,0.5196146965026855,0.831241250038147,0.47259050607681274,0.7921886444091797,0.48233169317245483,0.828908383846283,0.6977981328964233,0.8042837381362915,0.6999610662460327,0.8270520567893982,0.8989056944847107,0.8123851418495178,0.9116328358650208,0.8281775712966919,0.9257811903953552,0.815812885761261,0.9374395608901978,0.8251745104789734,0.956187903881073,0.8004580140113831,0.9843029975891113,1
0.7893204689025879,0.10147419571876526,0.7937943339347839,0.07931113243103027,0.7977192997932434,0.07732903957366943,0.8014517426490784,0.07507377862930298,0.7857241630554199,0.0833803117275238,0.7840469479560852,0.08454129099845886,0.7826794385910034,0.08543610572814941,0.808688223361969,0.0793708860874176,0.7829563021659851,0.0909929871559143,0.7989437580108643,0.1186576783657074,0.7878552079200745,0.12085309624671936,0.8431257009506226,0.18022853136062622,0.7698387503623962,0.20632359385490417,0.861132800579071,0.32859790325164795,0.7664871215820312,0.35624468326568604,0.860427975654602,0.4759243428707123,0.7649445533752441,0.49870753288269043,0.8624358177185059,0.5194424986839294,0.7636582255363464,0.5368613004684448,0.8573805689811707,0.5194559693336487,0.7679110765457153,0.5365313291549683,0.8552950620651245,0.5021723508834839,0.7697149515151978,0.5211014747619629,0.8311598300933838,0.47221341729164124,0.7923585176467896,0.4846174120903015,0.8295038938522339,0.700128972530365,0.8049070239067078,0.7054429054260254,0.8269871473312378,0.899192214012146,0.8149374127388,0.9180566072463989,0.8264938592910767,0.923056423664093,0.8169904947280884,0.9461391568183899,0.8242982029914856,0.962536096572876,0.8030690550804138,0.987313985824585,1
0.7876662611961365,0.10164836049079895,0.7921849489212036,0.07841750979423523,0.7962353229522705,0.07625192403793335,0.8000269532203674,0.07398122549057007,0.7842221260070801,0.08295273780822754,0.7826752662658691,0.08411577343940735,0.7813565731048584,0.08506223559379578,0.8073331117630005,0.07829216122627258,0.7816572785377502,0.09117025136947632,0.7974341511726379,0.11866211891174316,0.7864130735397339,0.12147161364555359,0.8424443602561951,0.17681053280830383,0.7702004313468933,0.20736244320869446,0.8615524172782898,0.32478004693984985,0.7646874785423279,0.3561352491378784,0.8592538833618164,0.47056448459625244,0.7629101872444153,0.4968585669994354,0.8610867857933044,0.5188317894935608,0.7611361145973206,0.5348470211029053,0.855880856513977,0.5174365639686584,0.7659687995910645,0.5325100421905518,0.8534985184669495,0.4995846450328827,0.7678453326225281,0.5179328918457031,0.8325393795967102,0.4735921025276184,0.7936024069786072,0.4826759696006775,0.8310975432395935,0.7061063051223755,0.806605339050293,0.7131402492523193,0.8290300965309143,0.9011411070823669,0.8150768280029297,0.9207074642181396,0.8288661241531372,0.9214352369308472,0.818321168422699,0.9406979084014893,0.8290849924087524,0.9616343379020691,0.8055722117424011,0.9901953339576721,1
0.7864194512367249,0.10134261846542358,0.7907052040100098,0.07832634449005127,0.7946231961250305,0.07587993144989014,0.7983890771865845,0.07341381907463074,0.7829887270927429,0.08354797959327698,0.7814217209815979,0.08496040105819702,0.7800987362861633,0.08611148595809937,0.8057902455329895,0.0780564546585083,0.7804412245750427,0.0928320586681366,0.7961894869804382,0.11787313222885132,0.7853286266326904,0.12110540270805359,0.8415008783340454,0.17645207047462463,0.7686775326728821,0.20702823996543884,0.8597697615623474,0.31982138752937317,0.7632506489753723,0.3530363440513611,0.8571631908416748,0.46298372745513916,0.7620084881782532,0.4953034520149231,0.8585895895957947,0.5136189460754395,0.7601326704025269,0.5345237851142883,0.853240430355072,0.5124998092651367,0.7649674415588379,0.534273087978363,0.851077139377594,0.49267250299453735,0.7669094204902649,0.5170508027076721,0.8324519991874695,0.47382739186286926,0.7934585809707642,0.4852452874183655,0.8312591314315796,0.7033220529556274,0.8061333298683167,0.7114270925521851,0.8280656337738037,0.8997383117675781,0.8146876692771912,0.9224547147750854,0.8292871713638306,0.9226244688034058,0.8187012076377869,0.9431315660476685,0.8306963443756104,0.9583718776702881,0.8058645129203796,0.989854633808136,1
0.7845468521118164,0.09696602821350098,0.7885776162147522,0.07467198371887207,0.7926551103591919,0.07231059670448303,0.7967103123664856,0.06971162557601929,0.7810282707214355,0.07947567105293274,0.7795030474662781,0.0808071494102478,0.7781502604484558,0.08188757300376892,0.8042888045310974,0.07366007566452026,0.7786352038383484,0.0875963568687439,0.7945407629013062,0.11325454711914062,0.7835296392440796,0.1167999804019928,0.8406612873077393,0.17276406288146973,0.7665451169013977,0.20269212126731873,0.8601086735725403,0.3180735111236572,0.7616450786590576,0.35151976346969604,0.854720950126648,0.46403250098228455,0.7611107230186462,0.49877312779426575,0.8559714555740356,0.5130634307861328,0.7586700916290283,0.5373048186302185,0.8498626351356506,0.5091917514801025,0.763687014579773,0.5373380184173584,0.8478817939758301,0.4934188723564148,0.7654775381088257,0.5200670957565308,0.8318745493888855,0.47336912155151367,0.7922941446304321,0.48454347252845764,0.8309875726699829,0.7136741280555725,0.8055689334869385,0.7151505351066589,0.827794075012207,0.9096435308456421,0.8148704767227173,0.9225809574127197,0.829510509967804,0.9350705742835999,0.8190038204193115,0.9522317051887512,0.8272505402565002,0.9630801677703857,0.8030164837837219,0.9917610287666321,1
0.7833240032196045,0.0998651385307312,0.7870563268661499,0.07649850845336914,0.7909470200538635,0.0736602246761322,0.7949218153953552,0.07081741094589233,0.7799102663993835,0.08213278651237488,0.7783668041229248,0.08336496353149414,0.7769336700439453,0.08436670899391174,0.8031193614006042,0.07303380966186523,0.7777420878410339,0.08899745345115662,0.792838454246521,0.11571383476257324,0.7828670144081116,0.12156233191490173,0.8405112028121948,0.17104890942573547,0.7673795223236084,0.20561003684997559,0.8581432104110718,0.3213736414909363,0.7617889046669006,0.35263991355895996,0.8520418405532837,0.46550819277763367,0.760977566242218,0.49723178148269653,0.8528570532798767,0.5148335099220276,0.7577050924301147,0.5370639562606812,0.8461167812347412,0.5104334354400635,0.7626994848251343,0.5373359322547913,0.8432806134223938,0.49692776799201965,0.7648950219154358,0.5193854570388794,0.8328492045402527,0.4780019521713257,0.7935731410980225,0.48577937483787537,0.833959698677063,0.7166022062301636,0.8063545227050781,0.7187870740890503,0.8313179612159729,0.9061030149459839,0.8154121041297913,0.9222126007080078,0.8315374255180359,0.9326186180114746,0.8188223242759705,0.9501433372497559,0.8306687474250793,0.9602558016777039,0.8017957210540771,0.9907872676849365,1
0.7810660004615784,0.09422072768211365,0.7838671803474426,0.07150369882583618,0.7874820232391357,0.06856101751327515,0.7913994789123535,0.0656328797340393,0.7775330543518066,0.07745605707168579,0.7759678959846497,0.07883694767951965,0.7744631171226501,0.07995715737342834,0.8011090159416199,0.06723535060882568,0.7753061652183533,0.08466562628746033,0.7902635335922241,0.10926869511604309,0.7805483341217041,0.11658266186714172,0.8397412896156311,0.16754522919654846,0.7650744318962097,0.20274138450622559,0.8592521548271179,0.3159669041633606,0.7602974772453308,0.3504868149757385,0.8518757224082947,0.4658052921295166,0.7612628936767578,0.49548375606536865,0.8519577383995056,0.5097699165344238,0.7592337727546692,0.534018337726593,0.8450649380683899,0.5086938142776489,0.76373291015625,0.5352476239204407,0.8433072566986084,0.4936366081237793,0.7658019661903381,0.518900990486145,0.8327910304069519,0.48348739743232727,0.792232096195221,0.4929059147834778,0.8330045938491821,0.7216809391975403,0.8069292306900024,0.7275984287261963,0.8308548927307129,0.9117482900619507,0.8160098195075989,0.9336985349655151,0.8300321102142334,0.9334613680839539,0.816330075263977,0.953134298324585,0.8363008499145508,0.9663066864013672,0.8055034279823303,1.0100624561309814,1
0.7804065942764282,0.09151872992515564,0.7839013934135437,0.06780987977981567,0.7877231240272522,0.06505656242370605,0.7916856408119202,0.0622464120388031,0.7767106890678406,0.07425162196159363,0.7751392126083374,0.07600262761116028,0.7736406922340393,0.07755059003829956,0.7996726036071777,0.06558313965797424,0.7746335864067078,0.0834924578666687,0.7908505797386169,0.10719335079193115,0.7799974679946899,0.11390188336372375,0.839678168296814,0.16434693336486816,0.7647722959518433,0.20329514145851135,0.8593902587890625,0.31478843092918396,0.7597045302391052,0.3535754680633545,0.8502682447433472,0.46626707911491394,0.7612719535827637,0.5025292038917542,0.8495979309082031,0.5177574753761292,0.7578373551368713,0.5424342155456543,0.8418519496917725,0.5132006406784058,0.7633816003799438,0.5432929396629333,0.8395703434944153,0.49917441606521606,0.7647173404693604,0.525945246219635,0.8328429460525513,0.4865669012069702,0.7925128936767578,0.49502021074295044,0.8359965085983276,0.7264297008514404,0.8067789077758789,0.7312718629837036,0.8331219553947449,0.9111935496330261,0.8165936470031738,0.9279689788818359,0.832420289516449,0.9355126619338989,0.8182715177536011,0.9505171179771423,0.8348614573478699,0.967110276222229,0.8051186800003052,0.9921370148658752,1
0.7770028114318848,0.09384271502494812,0.7801159024238586,0.06808307766914368,0.7837861180305481,0.06403681635856628,0.7876189947128296,0.05992498993873596,0.7735983729362488,0.07663688063621521,0.7721443772315979,0.07885399460792542,0.7708324193954468,0.08066985011100769,0.7967203855514526,0.06329271197319031,0.7725894451141357,0.08677440881729126,0.7875764966011047,0.1071414053440094,0.7770717740058899,0.11452579498291016,0.8403794765472412,0.16160759329795837,0.7651223540306091,0.19903120398521423,0.8602383732795715,0.3133924603462219,0.759076714515686,0.3531266152858734,0.8515855073928833,0.45916157960891724,0.7607634663581848,0.49510499835014343,0.8509020209312439,0.5071514248847961,0.7572827935218811,0.5342910885810852,0.8428494930267334,0.5051777958869934,0.7617976069450378,0.5341063141822815,0.8406662940979004,0.4890977144241333,0.7641955018043518,0.5207701921463013,0.8344697952270508,0.4800790548324585,0.7927761673927307,0.4911305606365204,0.8411134481430054,0.721373438835144,0.8050578832626343,0.7226539850234985,0.8378888368606567,0.8898910880088806,0.8137906789779663,0.9163188934326172,0.8374525308609009,0.9133931398391724,0.8176239132881165,0.9353164434432983,0.841110110282898,0.9526388645172119,0.8070785403251648,0.9870201349258423,1
0.773375928401947,0.08559542894363403,0.7763015031814575,0.05869540572166443,0.7795984745025635,0.0550331175327301,0.7833267450332642,0.051212310791015625,0.7709437608718872,0.06671079993247986,0.7698220014572144,0.06878569722175598,0.7687347531318665,0.0705491304397583,0.7944545745849609,0.05641096830368042,0.7717580795288086,0.0774807333946228,0.783381998538971,0.10122451186180115,0.7741380929946899,0.10802677273750305,0.8401293158531189,0.15822136402130127,0.7636573910713196,0.19516879320144653,0.8605866432189941,0.3059622645378113,0.7581380605697632,0.3521202802658081,0.8544155359268188,0.4543400704860687,0.7611199021339417,0.4942356050014496,0.8546229600906372,0.4973735511302948,0.757384717464447,0.5349842309951782,0.8464788198471069,0.49783697724342346,0.7620161771774292,0.5345895290374756,0.8439348340034485,0.484188973903656,0.7644782662391663,0.5201349854469299,0.8338382244110107,0.48685386776924133,0.7925865650177002,0.49614399671554565,0.8435287475585938,0.724170982837677,0.8039886951446533,0.7266938090324402,0.8452011942863464,0.8900573253631592,0.813712477684021,0.9126603007316589,0.842559814453125,0.9128281474113464,0.8195806741714478,0.9266685843467712,0.853992223739624,0.9628350734710693,0.8066397309303284,0.9874932169914246,1
0.7737392783164978,0.08427459001541138,0.7761144042015076,0.05997774004936218,0.7792741060256958,0.05627027153968811,0.7830643057823181,0.052204400300979614,0.7702898383140564,0.06800982356071472,0.7688648104667664,0.06999644637107849,0.7674386501312256,0.07169550657272339,0.7942104339599609,0.05455732345581055,0.769483208656311,0.07784613966941833,0.7838817834854126,0.09697514772415161,0.7741785049438477,0.10705095529556274,0.8388049602508545,0.15336290001869202,0.7628468871116638,0.19834363460540771,0.8609557747840881,0.29860520362854004,0.7575947046279907,0.34900856018066406,0.8534810543060303,0.45292919874191284,0.7609448432922363,0.4964214861392975,0.8525676727294922,0.5004456043243408,0.7583679556846619,0.5367368459701538,0.844883382320404,0.5009650588035583,0.7640637159347534,0.5357347130775452,0.8426046371459961,0.48493754863739014,0.7657688856124878,0.5186329483985901,0.8342254757881165,0.4832232594490051,0.7930002808570862,0.49504703283309937,0.8440080285072327,0.7255914211273193,0.8044605851173401,0.7321082353591919,0.8494278788566589,0.9124091863632202,0.8171143531799316,0.922067403793335,0.8489125967025757,0.9356546401977539,0.8228436708450317,0.9392206072807312,0.8599304556846619,0.98187255859375,0.8095958232879639,0.993488073348999,1
0.770099937915802,0.0859137773513794,0.7723482847213745,0.06126084923744202,0.7749983668327332,0.0575622022151947,0.7782392501831055,0.05324140191078186,0.7673888206481934,0.0685742199420929,0.7662374973297119,0.07027080655097961,0.7650611400604248,0.07163867354393005,0.7909674048423767,0.050784170627593994,0.7692607045173645,0.07581079006195068,0.7797862887382507,0.09942933917045593,0.7718445062637329,0.10841676592826843,0.8389613032341003,0.14566528797149658,0.7645993232727051,0.19685837626457214,0.8613839745521545,0.29049086570739746,0.757668673992157,0.34523576498031616,0.8549516797065735,0.445473313331604,0.7616177797317505,0.49483567476272583,0.8535350561141968,0.49254149198532104,0.7591594457626343,0.535646915435791,0.8455197811126709,0.4942871630191803,0.7646345496177673,0.5341697931289673,0.8434191942214966,0.4790460467338562,0.7661621570587158,0.5171299576759338,0.8345285058021545,0.4824158549308777,0.7937532663345337,0.4952903985977173,0.8452031016349792,0.7376160621643066,0.8060745000839233,0.7408648729324341,0.857009768486023,0.9418694972991943,0.8167204856872559,0.9301344752311707,0.8564956784248352,0.9594596028327942,0.8242775797843933,0.9459956884384155,0.8611184358596802,1.0090305805206299,0.8093796968460083,1.0184264183044434,1
0.7683315873146057,0.0836823582649231,0.770622730255127,0.06024789810180664,0.773341953754425,0.056473225355148315,0.7768270969390869,0.05188336968421936,0.7659812569618225,0.06728911399841309,0.7650192379951477,0.06872567534446716,0.7640418410301208,0.06994661688804626,0.7894234657287598,0.04905381798744202,0.7682197690010071,0.0736105740070343,0.7786191701889038,0.09771698713302612,0.7705509066581726,0.10586744546890259,0.839036226272583,0.14309939742088318,0.763330340385437,0.19559264183044434,0.8612473011016846,0.2952040433883667,0.7579897046089172,0.3477671146392822,0.8542504906654358,0.4493626654148102,0.7616094350814819,0.49087071418762207,0.8529778718948364,0.501015305519104,0.7593647241592407,0.5314252376556396,0.8445882201194763,0.4982045292854309,0.7646504640579224,0.5298551321029663,0.8422368764877319,0.48589593172073364,0.7661421298980713,0.5130566954612732,0.8341745138168335,0.4830353260040283,0.7937096357345581,0.49297404289245605,0.845983624458313,0.745023787021637,0.8040001392364502,0.7419414520263672,0.8646544814109802,0.9592681527137756,0.8165368437767029,0.9351193904876709,0.864648163318634,0.9752665162086487,0.825874388217926,0.9535311460494995,0.8680334091186523,1.044827938079834,0.8029503226280212,1.0347280502319336,1
0.767332136631012,0.07956719398498535,0.7701835632324219,0.055905818939208984,0.7726966142654419,0.052591413259506226,0.7756237983703613,0.04881271719932556,0.7656646966934204,0.0625174343585968,0.7647713422775269,0.06391087174415588,0.7638242244720459,0.06512242555618286,0.788826048374176,0.047422975301742554,0.7695768475532532,0.06945151090621948,0.7766094207763672,0.09307292103767395,0.7696319222450256,0.10191532969474792,0.8384267687797546,0.13912639021873474,0.7649617195129395,0.1953010857105255,0.8628830313682556,0.28430652618408203,0.7593358159065247,0.34620290994644165,0.8561950325965881,0.44412586092948914,0.7630482912063599,0.48781827092170715,0.8563334345817566,0.4923996329307556,0.7609296441078186,0.5282049775123596,0.848209798336029,0.4940088093280792,0.7667468190193176,0.5264581441879272,0.8450374007225037,0.48004141449928284,0.7686426043510437,0.5103102326393127,0.8351497650146484,0.4820763170719147,0.7943288087844849,0.49174559116363525,0.8451592326164246,0.7409167289733887,0.8038442134857178,0.740946888923645,0.8683940768241882,0.9606412649154663,0.8170638680458069,0.9412024021148682,0.866441547870636,0.9782241582870483,0.8262489438056946,0.9627653360366821,0.8697139620780945,1.0409977436065674,0.8043015003204346,1.0431575775146484,1
0.7686598300933838,0.07546809315681458,0.7710807919502258,0.049673765897750854,0.7739526033401489,0.045083850622177124,0.7770901918411255,0.04033404588699341,0.7650841474533081,0.059557050466537476,0.763687014579773,0.06189471483230591,0.7623303532600403,0.06379178166389465,0.7888272404670715,0.038492292165756226,0.7666079998016357,0.07063466310501099,0.7789906859397888,0.08606189489364624,0.7702858448028564,0.10002657771110535,0.8388408422470093,0.13395223021507263,0.764857828617096,0.19526809453964233,0.8623413443565369,0.2891009449958801,0.7606101036071777,0.3461972177028656,0.8551813960075378,0.4506879448890686,0.7653496265411377,0.4823223650455475,0.8556669354438782,0.5026547908782959,0.7644631266593933,0.5229349136352539,0.8477047681808472,0.5033050775527954,0.7690646648406982,0.5215412378311157,0.8445845246315002,0.48541033267974854,0.7699681520462036,0.5044180154800415,0.8355655670166016,0.48186928033828735,0.7940293550491333,0.49328848719596863,0.8428207039833069,0.7362455725669861,0.8036311268806458,0.7405773401260376,0.8714160919189453,0.9525818824768066,0.8165501356124878,0.942249596118927,0.8713682293891907,0.9707393646240234,0.8239925503730774,0.966232180595398,0.874026894569397,1.048366904258728,0.8014963865280151,1.0162608623504639,1
0.7656064033508301,0.07798945903778076,0.7675558924674988,0.05271714925765991,0.7701959013938904,0.04787933826446533,0.7730550169944763,0.04250133037567139,0.7627443671226501,0.06158456206321716,0.7617014646530151,0.0636354386806488,0.760762095451355,0.06514939665794373,0.7856192588806152,0.03863602876663208,0.7663747072219849,0.07084882259368896,0.7755113840103149,0.09076449275016785,0.7683215141296387,0.10145202279090881,0.837515115737915,0.12765160202980042,0.7671986222267151,0.19850090146064758,0.8613395690917969,0.2786799371242523,0.7623773813247681,0.3450232446193695,0.854325532913208,0.4441126585006714,0.7666826248168945,0.4836321473121643,0.8534188270568848,0.49780508875846863,0.7656410336494446,0.5255826115608215,0.845679521560669,0.4989319145679474,0.7705577611923218,0.5239385366439819,0.8430463075637817,0.48189979791641235,0.7716327905654907,0.5065721273422241,0.8349708318710327,0.4824896454811096,0.7951856851577759,0.4932492673397064,0.8414713740348816,0.7367141842842102,0.8034201860427856,0.7407018542289734,0.8701820373535156,0.9621244668960571,0.8171467185020447,0.9469949007034302,0.8723835945129395,0.9851943254470825,0.8257721066474915,0.9678844809532166,0.8745888471603394,1.0679817199707031,0.8053526282310486,1.051201581954956,1
0.7642805576324463,0.08416631817817688,0.7659910917282104,0.05686262249946594,0.7685191035270691,0.05173617601394653,0.7712720036506653,0.04611259698867798,0.76120924949646,0.06640434265136719,0.7601767778396606,0.06827959418296814,0.759198784828186,0.06970274448394775,0.7842452526092529,0.03957280516624451,0.7646097540855408,0.07344555854797363,0.7736441493034363,0.0949297547340393,0.7668914794921875,0.1062360405921936,0.8364143371582031,0.12630170583724976,0.7667580246925354,0.19759273529052734,0.8589684367179871,0.2831965684890747,0.7641268372535706,0.34975510835647583,0.8501777648925781,0.45366430282592773,0.7685720920562744,0.49079403281211853,0.8494223952293396,0.5047190189361572,0.7673889994621277,0.5300449728965759,0.8412165641784668,0.5043835639953613,0.7717036604881287,0.5287386775016785,0.8375542163848877,0.48948708176612854,0.7735747694969177,0.5105337500572205,0.8348560929298401,0.48590466380119324,0.795367956161499,0.49757111072540283,0.8413737416267395,0.738882303237915,0.8030259609222412,0.7430823445320129,0.8689753413200378,0.9610710144042969,0.8198364973068237,0.9496078491210938,0.8705465793609619,0.9790586829185486,0.8279845714569092,0.9700367450714111,0.8674160242080688,1.0666474103927612,0.8029983639717102,1.055953860282898,1
0.7631863951683044,0.09307456016540527,0.7642245292663574,0.061605602502822876,0.7665423154830933,0.055482417345047,0.7691331505775452,0.04874178767204285,0.7599941492080688,0.0727185308933258,0.7590954899787903,0.07489478588104248,0.7582617998123169,0.076518714427948,0.7818308472633362,0.03796952962875366,0.7637419700622559,0.0783173143863678,0.7729056477546692,0.10305953025817871,0.7667088508605957,0.11378613114356995,0.8347363471984863,0.121500164270401,0.7692354917526245,0.20137295126914978,0.8588266372680664,0.28571510314941406,0.7697849273681641,0.36187630891799927,0.8473323583602905,0.4549860954284668,0.770061194896698,0.4926338791847229,0.8463846445083618,0.5073848962783813,0.7696262001991272,0.5345561504364014,0.8393105268478394,0.506507933139801,0.7716377377510071,0.5285835266113281,0.8365920782089233,0.4899027347564697,0.7741203308105469,0.5139960646629333,0.8350595235824585,0.4898192882537842,0.7970194220542908,0.5034542679786682,0.8416208624839783,0.7424708604812622,0.8009680509567261,0.7430135011672974,0.8685594797134399,0.9690191745758057,0.8199522495269775,0.9516210556030273,0.8704774975776672,0.9853631258010864,0.8294621109962463,0.9716693162918091,0.8694702982902527,1.0806715488433838,0.8017436861991882,1.057328224182129,1
0.7625018954277039,0.09796589612960815,0.7631846070289612,0.06708458065986633,0.7654288411140442,0.06103968620300293,0.7679409980773926,0.05399397015571594,0.759195864200592,0.07793772220611572,0.7584049701690674,0.08005532622337341,0.7576366066932678,0.0816335678100586,0.7807965874671936,0.041308313608169556,0.7636937499046326,0.08236733078956604,0.7728986144065857,0.10533002018928528,0.7666795253753662,0.11657992005348206,0.8350900411605835,0.11875903606414795,0.7708520293235779,0.19745290279388428,0.8565548658370972,0.28363507986068726,0.7689552307128906,0.3540295362472534,0.8441307544708252,0.4570505917072296,0.7685416340827942,0.48838892579078674,0.8440821766853333,0.5103058815002441,0.7683827877044678,0.5277768969535828,0.8368240594863892,0.5098808407783508,0.7713022232055664,0.5268899202346802,0.8339028358459473,0.49217256903648376,0.7735255360603333,0.512582540512085,0.8358200192451477,0.48648685216903687,0.7974768877029419,0.49960124492645264,0.8422085046768188,0.7432584762573242,0.8047716021537781,0.7454982995986938,0.8705989718437195,0.969457745552063,0.8207095861434937,0.9515009522438049,0.8722928166389465,0.9905189275741577,0.8288630247116089,0.9711175560951233,0.869179368019104,1.070560336112976,0.8051937222480774,1.0561782121658325,1
0.7600691318511963,0.10385787487030029,0.7599841356277466,0.073568195104599,0.7619010806083679,0.06833550333976746,0.7639143466949463,0.06209072470664978,0.7568144202232361,0.08294188976287842,0.7562395930290222,0.08461898565292358,0.7556146383285522,0.0859091579914093,0.777328372001648,0.046269893646240234,0.7624021172523499,0.08202043175697327,0.77006995677948,0.11164695024490356,0.7649458050727844,0.12053343653678894,0.832109272480011,0.11514145135879517,0.7726578712463379,0.19750773906707764,0.8546168804168701,0.2877408564090729,0.7719132304191589,0.3552897870540619,0.8373385667800903,0.4650872051715851,0.7712827920913696,0.49167609214782715,0.8370564579963684,0.5173220634460449,0.7705787420272827,0.5373802781105042,0.8310102820396423,0.5157299637794495,0.7733129858970642,0.5318010449409485,0.8281792998313904,0.4971347749233246,0.7756953835487366,0.5159429907798767,0.8370606303215027,0.49681881070137024,0.7998396158218384,0.5051144361495972,0.8432105183601379,0.749204695224762,0.8050507307052612,0.7414581179618835,0.8710194230079651,0.9794918298721313,0.8180077075958252,0.9460762739181519,0.8793160319328308,1.0120588541030884,0.8259486556053162,0.9696464538574219,0.8582228422164917,1.0862789154052734,0.8004578351974487,1.0308752059936523,1
0.7570246458053589,0.10354650020599365,0.7578185796737671,0.07411569356918335,0.7597479820251465,0.06941494345664978,0.7617538571357727,0.0640505850315094,0.7551920413970947,0.08054393529891968,0.7549930810928345,0.08093217015266418,0.7548420429229736,0.08080604672431946,0.7760147452354431,0.05078369379043579,0.7640225291252136,0.07608729600906372,0.7666078209877014,0.1147753894329071,0.7627110481262207,0.12075617909431458,0.829416811466217,0.12053495645523071,0.7790828943252563,0.19892442226409912,0.8502712845802307,0.2946000099182129,0.7799382209777832,0.35712891817092896,0.8310099840164185,0.4775609076023102,0.7742645740509033,0.4861520230770111,0.831415593624115,0.5273630023002625,0.7719257473945618,0.532172441482544,0.8250223994255066,0.5252508521080017,0.7745171785354614,0.5282162427902222,0.8226040005683899,0.5072435140609741,0.7763687968254089,0.5109445452690125,0.8395305275917053,0.501956582069397,0.8056716918945312,0.5169839859008789,0.8444817662239075,0.7581701278686523,0.8064462542533875,0.7605446577072144,0.8745912313461304,0.9916204810142517,0.8230361342430115,0.9655901789665222,0.8802198767662048,1.0096310377120972,0.8332444429397583,0.9874302744865417,0.8658323287963867,1.089755892753601,0.7984721660614014,1.069007396697998,1
0.7579767107963562,0.11523842811584473,0.7580024003982544,0.086375892162323,0.7597953081130981,0.08142402768135071,0.7618299722671509,0.07609894871711731,0.7553573846817017,0.09286752343177795,0.7551504969596863,0.09324619174003601,0.7549641132354736,0.09322866797447205,0.7760536670684814,0.0610504150390625,0.7641856670379639,0.08695799112319946,0.7682103514671326,0.12528949975967407,0.7641804814338684,0.1313830018043518,0.8266288042068481,0.1250385344028473,0.7823678851127625,0.2103227972984314,0.8464425206184387,0.289780855178833,0.7863028049468994,0.3698270916938782,0.8249704241752625,0.4800117015838623,0.77898770570755,0.49765339493751526,0.8258882164955139,0.5336328744888306,0.7742288112640381,0.5462682247161865,0.8152333498001099,0.5335353016853333,0.7777992486953735,0.5416011214256287,0.8158010840415955,0.5160722136497498,0.7802393436431885,0.5208666324615479,0.8441014289855957,0.5021476149559021,0.8111919164657593,0.5152899622917175,0.8447434902191162,0.7609196305274963,0.8045206665992737,0.756432294845581,0.8766871094703674,0.9788872599601746,0.8248099088668823,0.9577255845069885,0.8824372887611389,0.9978466033935547,0.8358495831489563,0.9738828539848328,0.86515873670578,1.098745346069336,0.797634482383728,1.0296043157577515,1
0.7595458626747131,0.13493728637695312,0.7583119869232178,0.10538652539253235,0.759797215461731,0.09963622689247131,0.7615688443183899,0.09372204542160034,0.7561658620834351,0.11200818419456482,0.7560292482376099,0.11192688345909119,0.7558785676956177,0.11142560839653015,0.7747324705123901,0.07460707426071167,0.7643676996231079,0.10068762302398682,0.7692025899887085,0.14139455556869507,0.7660185098648071,0.14743253588676453,0.8230451941490173,0.1310417354106903,0.7880500555038452,0.20444482564926147,0.8423300981521606,0.2940250039100647,0.7981885075569153,0.36260730028152466,0.8190998435020447,0.4848319888114929,0.7881417274475098,0.4914342164993286,0.8148572444915771,0.5300922393798828,0.7837432026863098,0.537390947341919,0.8073210716247559,0.5333721041679382,0.7846375107765198,0.5354193449020386,0.8066905736923218,0.5167893171310425,0.7865556478500366,0.5220860838890076,0.8471351861953735,0.4994645416736603,0.8196545839309692,0.5086804032325745,0.8357908129692078,0.7526215314865112,0.8035994172096252,0.7370925545692444,0.8725982308387756,0.9884951114654541,0.8372063040733337,0.9477455615997314,0.8806362748146057,0.9915846586227417,0.8483574390411377,0.9609599709510803,0.854110598564148,1.1035454273223877,0.8124243021011353,1.0349016189575195,1
0.7578306198120117,0.13667070865631104,0.7567077279090881,0.10970482230186462,0.7583565711975098,0.10478690266609192,0.7604684829711914,0.09836262464523315,0.7543396353721619,0.11630123853683472,0.7541204690933228,0.1165514886379242,0.7539110779762268,0.11644533276557922,0.7738272547721863,0.07901445031166077,0.7622280120849609,0.10716402530670166,0.7681868076324463,0.14274120330810547,0.7643002271652222,0.1501234769821167,0.8182691335678101,0.13514018058776855,0.7877340316772461,0.1969943642616272,0.8338602185249329,0.31645649671554565,0.8070647716522217,0.3701910972595215,0.8082809448242188,0.5031741261482239,0.7989983558654785,0.5061779618263245,0.8040533065795898,0.5493362545967102,0.7946869730949402,0.5705394744873047,0.7981208562850952,0.5502429008483887,0.7925964593887329,0.5612441301345825,0.7985994815826416,0.536884069442749,0.7966033220291138,0.539512574672699,0.8498654961585999,0.4991227984428406,0.8215378522872925,0.514849841594696,0.8338362574577332,0.7686346769332886,0.794522762298584,0.7594413161277771,0.8797785639762878,1.0218873023986816,0.8442535400390625,0.9562183618545532,0.8951283097267151,1.0318392515182495,0.8577077388763428,0.9812347888946533,0.8676052093505859,1.1530048847198486,0.8326357007026672,1.0836738348007202,1
0.7542308568954468,0.1516561210155487,0.7533133029937744,0.12558141350746155,0.7547513842582703,0.12127634882926941,0.7564861178398132,0.11648741364479065,0.7513453364372253,0.13121816515922546,0.7512484192848206,0.13124403357505798,0.7511345744132996,0.1309559941291809,0.7713125348091125,0.09580448269844055,0.7605767250061035,0.12023675441741943,0.7630356550216675,0.15737059712409973,0.7602865695953369,0.16429036855697632,0.8132092356681824,0.1446046531200409,0.7869390249252319,0.20579689741134644,0.8245669007301331,0.32691675424575806,0.8038449883460999,0.38173291087150574,0.8001887798309326,0.5226441621780396,0.795947790145874,0.520509660243988,0.7943475246429443,0.56879723072052,0.7899457812309265,0.583343505859375,0.7893074154853821,0.5683623552322388,0.7888883948326111,0.5798650979995728,0.7904217839241028,0.5560365915298462,0.7904160022735596,0.5563358068466187,0.847769021987915,0.5057104825973511,0.8210096955299377,0.5255038738250732,0.8267399072647095,0.7788835763931274,0.7898917198181152,0.7581528425216675,0.8779450058937073,1.0486760139465332,0.849391520023346,0.9711825251579285,0.8955410718917847,1.0622410774230957,0.871993899345398,1.0006084442138672,0.8668328523635864,1.1812686920166016,0.84070885181427,1.106975793838501,1
0.752459704875946,0.17171573638916016,0.7507414221763611,0.14499372243881226,0.7520789504051208,0.14069995284080505,0.7536810636520386,0.1356072723865509,0.7492067217826843,0.14957088232040405,0.7492630481719971,0.14898681640625,0.7493201494216919,0.14808779954910278,0.7675178050994873,0.11331623792648315,0.7600067853927612,0.13266021013259888,0.761688232421875,0.17731675505638123,0.7591074705123901,0.1821955144405365,0.8074448108673096,0.16380488872528076,0.7866103649139404,0.2177356779575348,0.8183698058128357,0.3465297222137451,0.8076639771461487,0.3909595012664795,0.792694628238678,0.5364734530448914,0.8049673438072205,0.535941481590271,0.7867751121520996,0.5801301598548889,0.8108189105987549,0.5877105593681335,0.7812631726264954,0.5816593766212463,0.8081671595573425,0.5796936750411987,0.7843459248542786,0.5655166506767273,0.8101989030838013,0.5629067420959473,0.84967440366745,0.5127518773078918,0.8267515897750854,0.5345860123634338,0.8260369300842285,0.7911080718040466,0.7975119948387146,0.7690547704696655,0.884790301322937,1.0284013748168945,0.8592211008071899,0.9486932754516602,0.902614414691925,1.0350162982940674,0.8886205554008484,0.9466996192932129,0.8766558170318604,1.1549201011657715,0.8643500208854675,1.057565450668335,1
0.7498257756233215,0.18966221809387207,0.748060405254364,0.16350018978118896,0.7492060661315918,0.15923923254013062,0.7506230473518372,0.15420058369636536,0.7469149827957153,0.16764187812805176,0.7470630407333374,0.16681021451950073,0.7472129464149475,0.165613055229187,0.7645031809806824,0.13231083750724792,0.7570952773094177,0.15170499682426453,0.7581943273544312,0.19590657949447632,0.7563446164131165,0.20041826367378235,0.8027638792991638,0.17930912971496582,0.7847761511802673,0.2408066689968109,0.8114843368530273,0.3636673092842102,0.802307665348053,0.41019928455352783,0.7846689224243164,0.5447134375572205,0.796073853969574,0.5490669012069702,0.7779180407524109,0.6057994365692139,0.7938498854637146,0.5953360199928284,0.7728026509284973,0.6068551540374756,0.7880643606185913,0.5971937775611877,0.7748420238494873,0.5830339789390564,0.79374760389328,0.5741692781448364,0.8514958024024963,0.5039148926734924,0.8286914229393005,0.5253280401229858,0.8232111930847168,0.7871203422546387,0.7947633862495422,0.7761672735214233,0.8849049806594849,1.031186580657959,0.8606358170509338,0.9679889678955078,0.895949125289917,1.0272988080978394,0.8798264861106873,0.9841489791870117,0.8743555545806885,1.1620091199874878,0.8564761281013489,1.1045516729354858,1
0.7463023662567139,0.20965519547462463,0.7444769144058228,0.18239715695381165,0.7457706332206726,0.1781497299671173,0.7474638819694519,0.17288315296173096,0.7433512210845947,0.18676626682281494,0.7435538172721863,0.18563240766525269,0.7438377141952515,0.1840810775756836,0.7608655691146851,0.1529228389263153,0.7547532916069031,0.1679965853691101,0.7550365924835205,0.21673068404197693,0.7531915307044983,0.22086623311042786,0.7980122566223145,0.2065981924533844,0.7839429378509521,0.2428739070892334,0.7976511120796204,0.40244537591934204,0.7993122339248657,0.4158598780632019,0.7741717100143433,0.5799686908721924,0.785291314125061,0.5435700416564941,0.7702094316482544,0.6264166831970215,0.7824614644050598,0.5839518308639526,0.7657613158226013,0.6261228322982788,0.7789351344108582,0.5802111625671387,0.7665498852729797,0.6102443337440491,0.7819392085075378,0.5657491683959961,0.8546038866043091,0.5130714178085327,0.8328695297241211,0.5298494696617126,0.8093407154083252,0.8016729950904846,0.7978725433349609,0.7819347977638245,0.8838234543800354,0.9889136552810669,0.8751282095909119,0.9204034209251404,0.9026045203208923,0.9873912930488586,0.8863869905471802,0.9411891102790833,0.8932237029075623,1.1135156154632568,0.8806516528129578,1.0338057279586792,1
0.7432341575622559,0.23924902081489563,0.7419250011444092,0.21440690755844116,0.7432464361190796,0.21012836694717407,0.7446986436843872,0.2052759826183319,0.740757942199707,0.21784818172454834,0.7410116195678711,0.2164364755153656,0.7413098216056824,0.21447986364364624,0.7567187547683716,0.1852433681488037,0.7512139678001404,0.19783523678779602,0.752615749835968,0.24528810381889343,0.7506237626075745,0.24828821420669556,0.7926701903343201,0.23832431435585022,0.7818499803543091,0.27578070759773254,0.7879591584205627,0.42572373151779175,0.784339427947998,0.44249239563941956,0.7612150311470032,0.5922971367835999,0.7698356509208679,0.562572181224823,0.759089469909668,0.636347770690918,0.764941930770874,0.5989435315132141,0.7526937127113342,0.6386144161224365,0.7620521783828735,0.5909082889556885,0.7563889026641846,0.624985933303833,0.7659555673599243,0.5779222846031189,0.8542348742485046,0.5252534747123718,0.8365164399147034,0.5372145175933838,0.8144149780273438,0.7985542416572571,0.8050161600112915,0.7945274114608765,0.8883610963821411,0.9931148290634155,0.8697584867477417,0.9902607202529907,0.910222589969635,0.9917895197868347,0.8926472067832947,0.9902477264404297,0.8976055383682251,1.1417741775512695,0.8739034533500671,1.1380771398544312,1
0.7393507957458496,0.26904281973838806,0.7387228012084961,0.24405887722969055,0.7402209043502808,0.24069061875343323,0.7421151995658875,0.2363744080066681,0.7371798753738403,0.24597057700157166,0.7373973727226257,0.2442604899406433,0.7377225756645203,0.24220997095108032,0.7547622919082642,0.21793586015701294,0.748127281665802,0.22770896553993225,0.7478455901145935,0.27576127648353577,0.7454676628112793,0.2779473662376404,0.7898586988449097,0.28517085313796997,0.7732636332511902,0.31370827555656433,0.7779232859611511,0.470590204000473,0.7774645686149597,0.4859076738357544,0.7521299123764038,0.6328662633895874,0.7588200569152832,0.6112417578697205,0.7448150515556335,0.6721630096435547,0.7567647695541382,0.6485542058944702,0.7410330772399902,0.6654304265975952,0.7540743947029114,0.639835000038147,0.7452862858772278,0.6538205146789551,0.754985511302948,0.6160760521888733,0.8580655455589294,0.5621758103370667,0.8372397422790527,0.5568258166313171,0.8109934329986572,0.8124653100967407,0.7970238924026489,0.7836616039276123,0.8793679475784302,1.0151656866073608,0.8648386597633362,0.980289101600647,0.9010531306266785,1.0098670721054077,0.8836500644683838,0.9872120022773743,0.8735686540603638,1.1597661972045898,0.8573043346405029,1.1010193824768066,1
0.7358239889144897,0.30035915970802307,0.7360236644744873,0.2747507393360138,0.7373952865600586,0.2717319130897522,0.7389575242996216,0.26851174235343933,0.7349807024002075,0.27667003870010376,0.7354534864425659,0.27510857582092285,0.7360356450080872,0.273256778717041,0.752456545829773,0.2520177960395813,0.7469814419746399,0.2610704302787781,0.7439459562301636,0.30877381563186646,0.7423415184020996,0.310637891292572,0.7864886522293091,0.3193338215351105,0.7794435620307922,0.3430139422416687,0.7747731804847717,0.5056872367858887,0.7743085026741028,0.5054212212562561,0.7480748295783997,0.657821774482727,0.7536613941192627,0.6397272348403931,0.7452192902565002,0.6923159956932068,0.749028742313385,0.6813029646873474,0.7418626546859741,0.6878215074539185,0.7478930950164795,0.6626001000404358,0.7429646849632263,0.6808580160140991,0.7520619630813599,0.6523106098175049,0.8586219549179077,0.5797600746154785,0.842370867729187,0.575394868850708,0.8070996999740601,0.827136754989624,0.7995954751968384,0.7902541160583496,0.8766207098960876,0.9930769205093384,0.8690668940544128,0.9634425640106201,0.8976829051971436,0.9894282817840576,0.886054277420044,0.9632713198661804,0.8755503296852112,1.112397313117981,0.8698214292526245,1.0721940994262695,1
0.7330968379974365,0.3265765905380249,0.7331482172012329,0.29997965693473816,0.7349628806114197,0.29546546936035156,0.7365145087242126,0.2910518944263458,0.7317644953727722,0.3035532832145691,0.7321447134017944,0.3024935722351074,0.7326008677482605,0.3013300597667694,0.7485486268997192,0.2803416848182678,0.7430808544158936,0.2922978699207306,0.7417902946472168,0.3350282609462738,0.7400931119918823,0.3390965461730957,0.782903790473938,0.341478556394577,0.7747207880020142,0.3963626027107239,0.7726489901542664,0.5314896702766418,0.7739533185958862,0.549251139163971,0.742487907409668,0.6749086976051331,0.748775839805603,0.6862422227859497,0.7346763014793396,0.708264172077179,0.7442708611488342,0.7200324535369873,0.730604887008667,0.7051421403884888,0.7407046556472778,0.7147725224494934,0.7347143292427063,0.695989727973938,0.7427065372467041,0.7081815004348755,0.8579936623573303,0.5829368829727173,0.8425316214561462,0.6008673906326294,0.8045957088470459,0.8423003554344177,0.7819210290908813,0.7969955205917358,0.8762317299842834,0.9865953922271729,0.8689162731170654,0.8790766000747681,0.8961236476898193,0.97675621509552,0.8847705125808716,0.8645510077476501,0.8855627179145813,1.090326189994812,0.8845372200012207,0.9764093160629272,1
0.7309838533401489,0.36914733052253723,0.7304354906082153,0.34428009390830994,0.7320454120635986,0.3408481180667877,0.7335183620452881,0.3380986154079437,0.72957444190979,0.34559470415115356,0.7301661372184753,0.34434133768081665,0.7307454943656921,0.3429925739765167,0.7440339922904968,0.3275231122970581,0.7405942678451538,0.3337903618812561,0.7391576766967773,0.37925589084625244,0.7384388446807861,0.3817163407802582,0.7762616872787476,0.3935551643371582,0.7745394706726074,0.39965540170669556,0.765473484992981,0.5673070549964905,0.7696473598480225,0.5575946569442749,0.7358361482620239,0.7168806195259094,0.7429037094116211,0.6907546520233154,0.7327828407287598,0.7553753852844238,0.7432119846343994,0.7278090119361877,0.7297632694244385,0.7531802654266357,0.7412587404251099,0.7279787063598633,0.7321193814277649,0.7415627837181091,0.7405875325202942,0.7157016396522522,0.865684449672699,0.6118549108505249,0.8461198806762695,0.605193018913269,0.8028510212898254,0.8475114703178406,0.7872832417488098,0.8116977214813232,0.8762645721435547,0.9945465326309204,0.8655629754066467,0.9080443382263184,0.8954071998596191,0.9843645095825195,0.8812864422798157,0.8999892473220825,0.8858063817024231,1.0751641988754272,0.8763944506645203,0.9970857501029968,1
0.7269900441169739,0.4046807289123535,0.7272317409515381,0.37920451164245605,0.7285729646682739,0.37688395380973816,0.7298765778541565,0.3748322129249573,0.7266294360160828,0.3804613947868347,0.7273876667022705,0.37887057662010193,0.7281951904296875,0.37736019492149353,0.7395861148834229,0.36686962842941284,0.7381196618080139,0.3676443099975586,0.735729455947876,0.41511160135269165,0.7346861362457275,0.416282057762146,0.7693019509315491,0.4429949223995209,0.7709605097770691,0.42566731572151184,0.7591599225997925,0.6082055568695068,0.7605330944061279,0.5896008014678955,0.7356066107749939,0.7599702477455139,0.7369556427001953,0.7202064394950867,0.728569746017456,0.7887837886810303,0.7299702763557434,0.7416126132011414,0.7270002365112305,0.7810341119766235,0.7293225526809692,0.7500183582305908,0.7290023565292358,0.7760047912597656,0.7326127290725708,0.7413642406463623,0.8646942973136902,0.6297293901443481,0.8517121076583862,0.6108989119529724,0.7988641262054443,0.8641721606254578,0.7989553213119507,0.7657792568206787,0.8794405460357666,0.9829046726226807,0.8746058940887451,0.832088053226471,0.8934151530265808,0.9701584577560425,0.8869786858558655,0.8226823210716248,0.886644721031189,1.0370136499404907,0.8887065052986145,0.8930855989456177,1
0.7242388725280762,0.4439446032047272,0.7235851287841797,0.41880154609680176,0.7247802019119263,0.41649988293647766,0.725946307182312,0.4144870638847351,0.7226895093917847,0.4200161397457123,0.7232136726379395,0.4186757206916809,0.7237727642059326,0.41741615533828735,0.7360166311264038,0.406391978263855,0.7337736487388611,0.408039927482605,0.7325653433799744,0.45331019163131714,0.7314937114715576,0.45462462306022644,0.7671553492546082,0.47862184047698975,0.7655302882194519,0.4650665521621704,0.7570478320121765,0.6339346766471863,0.757225751876831,0.6130581498146057,0.7327606081962585,0.7722799181938171,0.732246458530426,0.726742148399353,0.7257267236709595,0.8062641620635986,0.7266957759857178,0.7579975128173828,0.7230420112609863,0.8034714460372925,0.7234887480735779,0.7560410499572754,0.7268127202987671,0.7960143089294434,0.7282516956329346,0.757695198059082,0.8615813255310059,0.6477038264274597,0.8478432893753052,0.636442244052887,0.7975291013717651,0.8797129988670349,0.80177903175354,0.8057328462600708,0.8763177394866943,0.9825806617736816,0.8815160393714905,0.824702799320221,0.8918508887290955,0.9765362739562988,0.8922242522239685,0.8076539635658264,0.8871398568153381,1.0323578119277954,0.9008190631866455,0.8762171864509583,1
0.7230656147003174,0.49084603786468506,0.721544623374939,0.4635351896286011,0.7223953008651733,0.4609863758087158,0.7232764959335327,0.4587526321411133,0.7213732600212097,0.4665483236312866,0.722122311592102,0.4653886556625366,0.723330020904541,0.4611127972602844,0.7329522371292114,0.4471867084503174,0.7336951494216919,0.44925448298454285,0.7303577661514282,0.49955689907073975,0.7306488752365112,0.49977144598960876,0.7594842314720154,0.49865245819091797,0.7690874338150024,0.49328750371932983,0.7457044720649719,0.6663610339164734,0.7606855630874634,0.6508486866950989,0.7246376872062683,0.8143542408943176,0.7322735786437988,0.788071870803833,0.7171729803085327,0.838244616985321,0.7257200479507446,0.8077819347381592,0.7138343453407288,0.8377941250801086,0.7233010530471802,0.8103415966033936,0.7174075841903687,0.8338203430175781,0.7254976630210876,0.8077239990234375,0.858146071434021,0.672100305557251,0.8557694554328918,0.6556979417800903,0.7885105609893799,0.8815469741821289,0.804263710975647,0.827135443687439,0.8755172491073608,0.9961952567100525,0.8795904517173767,0.8726710081100464,0.8908634185791016,0.9723650217056274,0.8892230987548828,0.9107685089111328,0.8857538104057312,1.0457854270935059,0.8991227149963379,0.9228295683860779,1
0.7186629772186279,0.5200691223144531,0.7177729606628418,0.4936560094356537,0.7186030149459839,0.491755872964859,0.7194041013717651,0.4902166724205017,0.7177163362503052,0.49335408210754395,0.7184754014015198,0.4913097321987152,0.7192258834838867,0.48951494693756104,0.7279806733131409,0.4798734188079834,0.7288070917129517,0.47802042961120605,0.7254202961921692,0.5265879034996033,0.7256073355674744,0.5258949995040894,0.7536879777908325,0.5480741858482361,0.7641024589538574,0.5174086093902588,0.7381495833396912,0.7195179462432861,0.7539220452308655,0.6707249283790588,0.7157642841339111,0.8504064679145813,0.7235012054443359,0.820888340473175,0.704195499420166,0.8787477612495422,0.7170908451080322,0.836225688457489,0.7024627327919006,0.8703455924987793,0.7145965099334717,0.8377546072006226,0.7050908207893372,0.8666766881942749,0.7173668742179871,0.8380157351493835,0.8609922528266907,0.6875099539756775,0.8614056706428528,0.6677184104919434,0.7827154397964478,0.8908042907714844,0.7978428602218628,0.845050573348999,0.871661365032196,0.97346431016922,0.8897943496704102,0.8451436758041382,0.8851388096809387,0.9597439169883728,0.8985927104949951,0.8332081437110901,0.8877663612365723,0.9982902407646179,0.9138884544372559,0.877548336982727,1
0.7159383893013,0.5668611526489258,0.7155771851539612,0.5406578779220581,0.7163958549499512,0.5379169583320618,0.7174735069274902,0.5335400104522705,0.7151709794998169,0.5401027798652649,0.7157207131385803,0.5370937585830688,0.716335117816925,0.5343442559242249,0.725472092628479,0.5272743701934814,0.7241336107254028,0.5236144661903381,0.7221924066543579,0.5730774402618408,0.7219368815422058,0.57239830493927,0.749275267124176,0.5823604464530945,0.7571789622306824,0.5557006597518921,0.7296592593193054,0.7498703598976135,0.7416234016418457,0.7086434364318848,0.708410918712616,0.8795506954193115,0.7195364832878113,0.8380646109580994,0.6972435712814331,0.9032719731330872,0.7122944593429565,0.8579897880554199,0.6933560371398926,0.9017376899719238,0.7096050977706909,0.857948899269104,0.6988048553466797,0.888581395149231,0.7121432423591614,0.8570559024810791,0.8606230020523071,0.7051905393600464,0.8611481189727783,0.6826657056808472,0.776796281337738,0.8904263377189636,0.7835204005241394,0.8722923994064331,0.8654748797416687,0.983040452003479,0.8602247834205627,0.9749685525894165,0.8832219243049622,0.9703712463378906,0.8786458969116211,0.9615743160247803,0.8798165917396545,1.043325424194336,0.8796099424362183,1.025557041168213,1
0.7031697630882263,0.6062542796134949,0.6999898552894592,0.578484058380127,0.7016711831092834,0.5719778537750244,0.7024626731872559,0.5694847106933594,0.698621392250061,0.5787322521209717,0.6985569000244141,0.5767937302589417,0.6982443332672119,0.5751103162765503,0.7130820155143738,0.559528112411499,0.7079225182533264,0.5631523728370667,0.712289571762085,0.606000542640686,0.7104009389877319,0.6082853078842163,0.742891788482666,0.613338053226471,0.73954176902771,0.5915459394454956,0.7281656265258789,0.7709746360778809,0.7331157922744751,0.7283411622047424,0.7063072919845581,0.8990033268928528,0.7137314677238464,0.8575876951217651,0.696043848991394,0.9221203327178955,0.7045353651046753,0.8793435096740723,0.6936804056167603,0.9183337688446045,0.7033464908599854,0.8753649592399597,0.6991264820098877,0.9052093625068665,0.7052412033081055,0.8672643303871155,0.8555658459663391,0.705684244632721,0.8496986031532288,0.6899184584617615,0.7754979133605957,0.903668224811554,0.7814347147941589,0.8746422529220581,0.8672060966491699,0.9825507402420044,0.8542124032974243,0.9655125141143799,0.8834692239761353,0.9606022834777832,0.8757765293121338,0.9525046348571777,0.8832461833953857,1.0371347665786743,0.8772569894790649,1.0089198350906372,1
0.6984260678291321,0.6434667706489563,0.6976223587989807,0.6188682317733765,0.6988032460212708,0.6158637404441833,0.7002800703048706,0.6105495095252991,0.6966438889503479,0.6189451813697815,0.697054922580719,0.6161109805107117,0.697441577911377,0.6135929226875305,0.710310697555542,0.5976516008377075,0.7052716612815857,0.5985414385795593,0.7067644596099854,0.6465046405792236,0.7055158019065857,0.6459530591964722,0.7417888641357422,0.6458677649497986,0.7376037836074829,0.6223608255386353,0.7308147549629211,0.7877902984619141,0.7348819375038147,0.7641181945800781,0.7113115787506104,0.9040874242782593,0.7168891429901123,0.8831994533538818,0.7023885846138,0.9241002798080444,0.7095654010772705,0.9029390811920166,0.6989928483963013,0.9214338064193726,0.7056668996810913,0.9049808382987976,0.7034510374069214,0.910695493221283,0.7096552848815918,0.8963325619697571,0.8483686447143555,0.7190374135971069,0.8450810313224792,0.7042140960693359,0.7713802456855774,0.9116304516792297,0.77892005443573,0.8521260023117065,0.8593466281890869,0.974109411239624,0.8535346984863281,0.9568869471549988,0.8756327629089355,0.9569541811943054,0.8708212375640869,0.9224948883056641,0.8839297890663147,1.003264307975769,0.8737707734107971,0.9759863615036011,1
0.6944450736045837,0.6599918007850647,0.692255437374115,0.6436421275138855,0.6930505037307739,0.6368023753166199,0.6931740045547485,0.635238528251648,0.6920480728149414,0.6444135904312134,0.6922012567520142,0.6431261301040649,0.692213773727417,0.6421512961387634,0.6997298002243042,0.6229256391525269,0.6993747353553772,0.6298413276672363,0.7008882761001587,0.6615896821022034,0.7010061740875244,0.6621518731117249,0.7263677716255188,0.664601743221283,0.7369783520698547,0.6547808647155762,0.7249414920806885,0.8043103814125061,0.7375056743621826,0.7906420230865479,0.7040338516235352,0.9219328165054321,0.7191289663314819,0.9003194570541382,0.6957409381866455,0.9413259029388428,0.7143682241439819,0.9163611531257629,0.6912383437156677,0.9396165609359741,0.7088513374328613,0.9142193794250488,0.6943953037261963,0.9330170750617981,0.7130523920059204,0.9115304946899414,0.8292126059532166,0.7291138768196106,0.8275482654571533,0.7168650031089783,0.7747612595558167,0.9107607007026672,0.7789661288261414,0.8879654407501221,0.8580214381217957,0.9657328128814697,0.848535418510437,0.9489926099777222,0.8737077713012695,0.9488639831542969,0.8683639168739319,0.9253932237625122,0.8770033121109009,1.0362613201141357,0.866998553276062,1.0110740661621094,1
0.6906798481941223,0.6844049692153931,0.6885265707969666,0.671505868434906,0.6886513233184814,0.6703503727912903,0.6886844635009766,0.6695476770401001,0.6878952980041504,0.6705259680747986,0.6876108646392822,0.6687873601913452,0.6872751712799072,0.6673989295959473,0.6936429738998413,0.6531422138214111,0.6906589865684509,0.6491686105728149,0.696374237537384,0.6848884224891663,0.695780336856842,0.6839169263839722,0.721107542514801,0.6693994402885437,0.719045877456665,0.6359341740608215,0.7194501757621765,0.822354257106781,0.7169496417045593,0.7922884225845337,0.7045322060585022,0.9294211864471436,0.7062196731567383,0.9066997766494751,0.6945290565490723,0.9411864280700684,0.6958231925964355,0.9214930534362793,0.6901727318763733,0.9363048076629639,0.6947994232177734,0.9178104400634766,0.6961410641670227,0.9292575120925903,0.696954607963562,0.9166872501373291,0.8232448101043701,0.7578643560409546,0.8261380195617676,0.7161377668380737,0.7604360580444336,0.9189364314079285,0.7735880017280579,0.8505813479423523,0.8488349318504333,0.9622042179107666,0.8550847172737122,0.8984354734420776,0.8650779724121094,0.9441580772399902,0.8619006872177124,0.8969217538833618,0.8699921369552612,0.9927664995193481,0.8723596930503845,0.9494003057479858,1
0.6860135793685913,0.7043899297714233,0.6830958127975464,0.6901431083679199,0.683082640171051,0.68867027759552,0.6829475164413452,0.6874809861183167,0.6825299263000488,0.6906167268753052,0.6821564435958862,0.6894885301589966,0.6816663146018982,0.6884748339653015,0.6880887150764465,0.6663335561752319,0.6852627396583557,0.6672760248184204,0.6926255822181702,0.7014595866203308,0.6922153830528259,0.7028722763061523,0.716799795627594,0.6896814107894897,0.7209804058074951,0.6549303531646729,0.7281075716018677,0.819426417350769,0.7266445159912109,0.7931908965110779,0.7082035541534424,0.9259036779403687,0.7102108597755432,0.8993675708770752,0.696050226688385,0.9399619102478027,0.695166289806366,0.9144846796989441,0.6925729513168335,0.9327308535575867,0.694951593875885,0.9107304215431213,0.6980141401290894,0.9248552322387695,0.7003325819969177,0.9087300300598145,0.8192545771598816,0.7795707583427429,0.8238702416419983,0.7350952625274658,0.7558825016021729,0.9126296043395996,0.7766650915145874,0.8516948819160461,0.8470869064331055,0.9633001685142517,0.8629392385482788,0.8758643865585327,0.8656337857246399,0.9426719546318054,0.8708768486976624,0.873417317867279,0.8730172514915466,1.0107799768447876,0.8834720849990845,0.9226402640342712,1
0.6844896078109741,0.7103393077850342,0.6789014339447021,0.6942945122718811,0.6789141893386841,0.6921126246452332,0.6788071393966675,0.6898844242095947,0.6784288287162781,0.6949641704559326,0.6781392097473145,0.6933925151824951,0.6777337193489075,0.69171142578125,0.6822056770324707,0.6695740222930908,0.6811185479164124,0.6733453273773193,0.6904351711273193,0.7088212966918945,0.6901174187660217,0.7098361849784851,0.7133104801177979,0.6904938220977783,0.720177412033081,0.6695576906204224,0.7312526702880859,0.8222697973251343,0.729453980922699,0.7988203167915344,0.7087714672088623,0.9292954802513123,0.7140986323356628,0.8984112739562988,0.6978152394294739,0.9433289766311646,0.693911612033844,0.9025883674621582,0.6950470805168152,0.9358457326889038,0.6990348100662231,0.912488579750061,0.6980593800544739,0.9324110746383667,0.706141471862793,0.9014890193939209,0.8134316802024841,0.7825862169265747,0.816534698009491,0.7511292695999146,0.7483881115913391,0.9169793128967285,0.7646217346191406,0.8895426988601685,0.8477857112884521,0.9650779962539673,0.8527300357818604,0.9107731580734253,0.8616060614585876,0.9457632303237915,0.860556960105896,0.9036381244659424,0.8774188756942749,0.9889880418777466,0.8744040727615356,0.9571742415428162,1
0.6805033683776855,0.7162644267082214,0.6754973530769348,0.6995506286621094,0.675714373588562,0.6969782114028931,0.6758171319961548,0.6944919228553772,0.6747855544090271,0.7009569406509399,0.6744985580444336,0.6993906497955322,0.6740925312042236,0.6976891756057739,0.6797654032707214,0.6750046610832214,0.6770767569541931,0.6784800887107849,0.6875873804092407,0.7121085524559021,0.6867921352386475,0.7139341235160828,0.7118107080459595,0.6966052055358887,0.7126328945159912,0.6642006039619446,0.7255639433860779,0.8337453603744507,0.7167223691940308,0.7940353155136108,0.7089250683784485,0.9261655211448669,0.7081671953201294,0.8948915004730225,0.698858380317688,0.9421327114105225,0.6991913318634033,0.9128420352935791,0.6964055895805359,0.933932363986969,0.697228729724884,0.9158490896224976,0.7004242539405823,0.9247002601623535,0.6998995542526245,0.9047411680221558,0.8098852038383484,0.7922338843345642,0.8125494122505188,0.738353431224823,0.7473620772361755,0.9080341458320618,0.787619411945343,0.7978518009185791,0.837559163570404,0.9594547748565674,0.8576573133468628,0.8537428379058838,0.8533019423484802,0.94081711769104,0.8674367070198059,0.8535179495811462,0.8563244938850403,0.9998908042907715,0.8742321133613586,0.8982837796211243,1
0.6742210388183594,0.7085708379745483,0.6689136624336243,0.6929876208305359,0.6693035364151001,0.6905850172042847,0.6695675253868103,0.6883714199066162,0.668067455291748,0.6947094202041626,0.6678687930107117,0.6935482025146484,0.6675844192504883,0.6923048496246338,0.6744307279586792,0.6708080172538757,0.6718528866767883,0.6755408644676208,0.6814534664154053,0.7086561918258667,0.6806155443191528,0.7107681632041931,0.7060795426368713,0.697218656539917,0.7122195363044739,0.6741447448730469,0.7232345938682556,0.8265039920806885,0.7262118458747864,0.7986721396446228,0.706659197807312,0.9330930113792419,0.7176164388656616,0.8958169221878052,0.6959160566329956,0.9471062421798706,0.7077754139900208,0.9162919521331787,0.693303644657135,0.9401600360870361,0.7051247954368591,0.9129540920257568,0.6961987018585205,0.9371565580368042,0.7075077295303345,0.910136878490448,0.8000969290733337,0.7973047494888306,0.8045192956924438,0.7543255686759949,0.7505629658699036,0.9091150760650635,0.7694417238235474,0.8523634076118469,0.8465462923049927,0.9631937146186829,0.8527765870094299,0.918541669845581,0.8583868741989136,0.9485560059547424,0.8631216883659363,0.9210325479507446,0.8656531572341919,0.9978750944137573,0.8686972260475159,0.971317708492279,1
0.6726949214935303,0.7006589770317078,0.6681352257728577,0.6869316101074219,0.6682685613632202,0.6844980716705322,0.6690666675567627,0.6787517666816711,0.6673296093940735,0.6901319026947021,0.6670687198638916,0.6898905634880066,0.6666857004165649,0.6896326541900635,0.674507737159729,0.6640501022338867,0.6696731448173523,0.6809242367744446,0.6793352365493774,0.7002183198928833,0.6783592700958252,0.7031874656677246,0.7066666483879089,0.6839526891708374,0.7060751914978027,0.6923899054527283,0.7234724164009094,0.8257719278335571,0.7236892580986023,0.8151923418045044,0.704599142074585,0.9296246767044067,0.7139946818351746,0.8955817222595215,0.6940040588378906,0.9434518814086914,0.7057311534881592,0.9102668762207031,0.691055417060852,0.9373207092285156,0.7030750513076782,0.9056597352027893,0.6944540739059448,0.9332828521728516,0.7088962197303772,0.8935495615005493,0.7954713106155396,0.7847991585731506,0.7907892465591431,0.7852762341499329,0.7480430603027344,0.9024612903594971,0.7528231739997864,0.9031935334205627,0.8434829115867615,0.9635442495346069,0.8344288468360901,0.951153576374054,0.8552502393722534,0.943909764289856,0.8515598177909851,0.9324101805686951,0.8654563426971436,1.032934546470642,0.8498106598854065,1.003435492515564,1
0.6696275472640991,0.6897097826004028,0.6679127216339111,0.6729419827461243,0.6686635613441467,0.669783890247345,0.6697723269462585,0.6642568111419678,0.6666151285171509,0.6804124116897583,0.666476309299469,0.6805245876312256,0.6662943959236145,0.6808313131332397,0.6749268174171448,0.6520909667015076,0.6708921790122986,0.6692841649055481,0.6774629950523376,0.6858292818069458,0.675849974155426,0.6941511631011963,0.7069834470748901,0.6790985465049744,0.7043169140815735,0.704751193523407,0.7185252904891968,0.8291902542114258,0.723707914352417,0.8051412105560303,0.7056652903556824,0.933539867401123,0.718309223651886,0.8802447319030762,0.6957544684410095,0.9508035182952881,0.7147297859191895,0.9073647260665894,0.6910631656646729,0.9452528953552246,0.7125039100646973,0.90301513671875,0.6953275799751282,0.9383069276809692,0.7154555320739746,0.8910617828369141,0.7814599275588989,0.7716870307922363,0.7763121724128723,0.7917211055755615,0.7624107003211975,0.8970258831977844,0.7643257975578308,0.9125796556472778,0.8443390727043152,0.9654138684272766,0.8413076400756836,0.9794101715087891,0.8562748432159424,0.9554509520530701,0.8560054302215576,0.9634048938751221,0.8586862683296204,1.0536633729934692,0.8560267686843872,1.0464664697647095,1
0.6640573740005493,0.6800615787506104,0.6658728718757629,0.6650108695030212,0.6667176485061646,0.6632173657417297,0.6675708889961243,0.6617628335952759,0.6618546843528748,0.6671938300132751,0.6617482304573059,0.666867196559906,0.6597581505775452,0.6625728011131287,0.6753845810890198,0.6501341462135315,0.6643573045730591,0.6533130407333374,0.6707873940467834,0.6844395399093628,0.6668505668640137,0.6822938919067383,0.7042837738990784,0.6930778622627258,0.6747688055038452,0.6507946848869324,0.7172480821609497,0.8260120749473572,0.6958433389663696,0.7608082890510559,0.7068834900856018,0.9266366958618164,0.697921872138977,0.8506790399551392,0.7043890357017517,0.9336836338043213,0.6942750215530396,0.8637292385101318,0.697750985622406,0.9344540238380432,0.6957055926322937,0.8708320260047913,0.7012481093406677,0.9292128086090088,0.6991801857948303,0.8670825362205505,0.723640501499176,0.7367116212844849,0.7079418301582336,0.7157663702964783,0.7308489084243774,0.8085129857063293,0.7104156613349915,0.7546732425689697,0.734594464302063,0.8896349668502808,0.716882586479187,0.8373019099235535,0.7382622957229614,0.8894648551940918,0.7210581302642822,0.842991828918457,0.7237192392349243,0.950764000415802,0.7095991969108582,0.8870556354522705,1
0.6689932942390442,0.665931761264801,0.670637845993042,0.6421523690223694,0.6724773645401001,0.6360692977905273,0.6734486818313599,0.6334802508354187,0.6674019694328308,0.6523564457893372,0.6668485999107361,0.6533365249633789,0.6649860739707947,0.6505676507949829,0.6793670058250427,0.6314629912376404,0.6685104966163635,0.6492623686790466,0.676142156124115,0.6683032512664795,0.6714246273040771,0.6809582114219666,0.707198441028595,0.6703739166259766,0.6804638504981995,0.702024519443512,0.720548689365387,0.8251014351844788,0.6978115439414978,0.8014570474624634,0.7038996815681458,0.9367117881774902,0.6990557909011841,0.8782126903533936,0.6946626305580139,0.9482085704803467,0.697674572467804,0.9001277089118958,0.6913960576057434,0.9421345591545105,0.6974374651908875,0.8985964059829712,0.6948313117027283,0.9366365075111389,0.7001330256462097,0.890640377998352,0.7435974478721619,0.7565488815307617,0.7256959676742554,0.7850687503814697,0.7645233869552612,0.8250741362571716,0.7333087921142578,0.8600270748138428,0.7924993634223938,0.9295834898948669,0.7732328772544861,0.9384868144989014,0.7995887398719788,0.9387573003768921,0.7821327447891235,0.9424634575843811,0.788031280040741,0.9852851629257202,0.7729493975639343,0.9865573048591614,1
0.672767698764801,0.6473420262336731,0.6750345230102539,0.6246721744537354,0.6766223907470703,0.6209656596183777,0.6788261532783508,0.6149579882621765,0.6698023676872253,0.6353751420974731,0.6686208248138428,0.6370943784713745,0.6655088663101196,0.6326862573623657,0.6837641596794128,0.6168413758277893,0.6674319505691528,0.6392701268196106,0.6801182627677917,0.6556342244148254,0.6739780306816101,0.6687045693397522,0.7140380144119263,0.6557754874229431,0.6748850345611572,0.7303349375724792,0.7231252193450928,0.7832043766975403,0.6838385462760925,0.8301005363464355,0.7074974775314331,0.9199323654174805,0.6799446940422058,0.8847693204879761,0.6981884241104126,0.9415306448936462,0.6782227754592896,0.9058406949043274,0.6923006176948547,0.9382506608963013,0.6760686635971069,0.8988906741142273,0.694389820098877,0.9349819421768188,0.6791192293167114,0.8890252113342285,0.754506528377533,0.7622726559638977,0.7323830127716064,0.8494109511375427,0.7945281863212585,0.8417115211486816,0.7579303979873657,0.9308752417564392,0.8475614786148071,0.9347483515739441,0.8233584761619568,1.002685785293579,0.8583077192306519,0.9624082446098328,0.8393474221229553,1.0140128135681152,0.8550732135772705,0.9563871026039124,0.828398585319519,1.026558756828308,1
0.6828386783599854,0.6454164385795593,0.6849365234375,0.6264889240264893,0.6870349645614624,0.6229962110519409,0.6885731816291809,0.6199091076850891,0.6795024275779724,0.6328690052032471,0.6778060793876648,0.6338011026382446,0.6751312613487244,0.6362420320510864,0.6904369592666626,0.6204756498336792,0.6734393239021301,0.6386531591415405,0.6886959075927734,0.6545389890670776,0.6813541054725647,0.6627612709999084,0.7141041159629822,0.6572945713996887,0.6761866211891174,0.7447507381439209,0.7245469689369202,0.7697906494140625,0.6971096396446228,0.8350748419761658,0.7062168717384338,0.9127870202064514,0.7039982676506042,0.8943407535552979,0.69862300157547,0.9405278563499451,0.704882800579071,0.9093358516693115,0.6938228011131287,0.9336190819740295,0.7015868425369263,0.9032113552093506,0.6951979398727417,0.9274272918701172,0.7024428248405457,0.9005796909332275,0.7509500980377197,0.7562964558601379,0.7314670085906982,0.8334689140319824,0.7965705990791321,0.8069854974746704,0.7631053924560547,0.8842206597328186,0.8612671494483948,0.9110064506530762,0.8398434519767761,0.9691013097763062,0.8696006536483765,0.9270177483558655,0.8513882160186768,0.9774136543273926,0.8781490921974182,0.9633087515830994,0.8605012893676758,0.9992431402206421,1
0.6919434666633606,0.657504677772522,0.6919903755187988,0.6380997896194458,0.6931202411651611,0.6357585191726685,0.6940498948097229,0.633548378944397,0.6874181628227234,0.643407940864563,0.6850088238716125,0.6460258960723877,0.6831735968589783,0.6469539403915405,0.6926493644714355,0.6338849067687988,0.678689181804657,0.6505382061004639,0.6956860423088074,0.6672564744949341,0.6895977854728699,0.6747522354125977,0.7106649279594421,0.664243757724762,0.6743740439414978,0.7490196824073792,0.7224506139755249,0.773029088973999,0.6896165013313293,0.8436978459358215,0.7025116682052612,0.8967036008834839,0.7008345723152161,0.8855372667312622,0.7010929584503174,0.9317494630813599,0.7041468024253845,0.8909932374954224,0.6905033588409424,0.920926570892334,0.7041597962379456,0.8755892515182495,0.693091630935669,0.9177694320678711,0.7055899500846863,0.8693423271179199,0.7306901216506958,0.7624543905258179,0.7117891907691956,0.815988302230835,0.7651872038841248,0.7728445529937744,0.750312328338623,0.8101853728294373,0.8330413699150085,0.88719242811203,0.8221281170845032,0.8788504600524902,0.8407037258148193,0.9086810946464539,0.8302081823348999,0.8922759890556335,0.8526403903961182,0.9175271987915039,0.8492448329925537,0.8820812106132507,1
0.6910201907157898,0.6650737524032593,0.6905706524848938,0.6495180726051331,0.6917229294776917,0.6470280289649963,0.6927539110183716,0.6443017721176147,0.6859234571456909,0.6561905741691589,0.6842131018638611,0.6576950550079346,0.681766152381897,0.6598761081695557,0.6920831203460693,0.6456773281097412,0.6777951121330261,0.6644652485847473,0.6948464512825012,0.6737083792686462,0.6891792416572571,0.680780827999115,0.7114014029502869,0.6666580438613892,0.6735864281654358,0.738344132900238,0.7225279808044434,0.7708718180656433,0.6858484745025635,0.8352670669555664,0.6992005705833435,0.8848935961723328,0.6975403428077698,0.8947316408157349,0.6958646178245544,0.9124685525894165,0.6928336024284363,0.9137725234031677,0.6904035210609436,0.9101858139038086,0.6912479996681213,0.9087172746658325,0.6922939419746399,0.9134970903396606,0.7021781206130981,0.8982868194580078,0.7273752093315125,0.7563748359680176,0.7059639096260071,0.7995506525039673,0.7661355137825012,0.7847999334335327,0.7321470379829407,0.8253557682037354,0.8127406239509583,0.8926603198051453,0.7943591475486755,0.8771498203277588,0.8200557231903076,0.908264696598053,0.8038927316665649,0.8805760145187378,0.8229063749313354,0.9365473985671997,0.8089971542358398,0.9045706987380981,1
0.6879165172576904,0.680436909198761,0.6890486478805542,0.6614708304405212,0.6907167434692383,0.6581203937530518,0.6919689774513245,0.6550129055976868,0.6837151050567627,0.6687946319580078,0.6811766028404236,0.6713169813156128,0.6795063614845276,0.6720970869064331,0.6933944225311279,0.650329053401947,0.6755877733230591,0.6692607998847961,0.6933009624481201,0.6876773238182068,0.6852856278419495,0.6927415132522583,0.7106013298034668,0.6670151352882385,0.664642333984375,0.7078969478607178,0.7224733829498291,0.7408611178398132,0.6801210641860962,0.8035913705825806,0.6970083713531494,0.8526928424835205,0.6963827610015869,0.8759074807167053,0.6955812573432922,0.8810417652130127,0.6985723376274109,0.9027961492538452,0.6894508004188538,0.8815717697143555,0.7020244002342224,0.894457221031189,0.6894213557243347,0.8696937561035156,0.7031975984573364,0.883033037185669,0.7149713635444641,0.7305566072463989,0.690626323223114,0.7632291316986084,0.725120484828949,0.751298725605011,0.6720515489578247,0.8069019913673401,0.7152078151702881,0.8707471489906311,0.7020514607429504,0.8792116641998291,0.7125080823898315,0.8867589831352234,0.7086657881736755,0.88370281457901,0.7181916832923889,0.9159148931503296,0.7041925191879272,0.9223411083221436,1
0.0,0.0,0.0,0.0,0.0,0.0,0.0,0.0,0.0,0.0,0.0,0.0,0.0,0.0,0.0,0.0,0.0,0.0,0.0,0.0,0.0,0.0,0.0,0.0,0.0,0.0,0.0,0.0,0.0,0.0,0.0,0.0,0.0,0.0,0.0,0.0,0.0,0.0,0.0,0.0,0.0,0.0,0.0,0.0,0.0,0.0,0.0,0.0,0.0,0.0,0.0,0.0,0.0,0.0,0.0,0.0,0.0,0.0,0.0,0.0,0.0,0.0,0.0,0.0,0.0,0.0,1
0.0,0.0,0.0,0.0,0.0,0.0,0.0,0.0,0.0,0.0,0.0,0.0,0.0,0.0,0.0,0.0,0.0,0.0,0.0,0.0,0.0,0.0,0.0,0.0,0.0,0.0,0.0,0.0,0.0,0.0,0.0,0.0,0.0,0.0,0.0,0.0,0.0,0.0,0.0,0.0,0.0,0.0,0.0,0.0,0.0,0.0,0.0,0.0,0.0,0.0,0.0,0.0,0.0,0.0,0.0,0.0,0.0,0.0,0.0,0.0,0.0,0.0,0.0,0.0,0.0,0.0,1
0.6909374594688416,0.6926574110984802,0.6884933114051819,0.6813572645187378,0.6889334917068481,0.6786094903945923,0.6892738342285156,0.6757505536079407,0.6859676241874695,0.6905652284622192,0.6847268342971802,0.6939610242843628,0.683040976524353,0.6987412571907043,0.688886284828186,0.6782675981521606,0.6800030469894409,0.7088931798934937,0.6953137516975403,0.693425178527832,0.691265344619751,0.7062802314758301,0.7105026841163635,0.6797633767127991,0.6854525208473206,0.7811668515205383,0.7296000719070435,0.6979100108146667,0.6908849477767944,0.8549055457115173,0.69596266746521,0.7966558933258057,0.7202614545822144,0.8759690523147583,0.6905038952827454,0.8267203569412231,0.727118194103241,0.892350971698761,0.6862504482269287,0.826547384262085,0.726696789264679,0.8783669471740723,0.6887473464012146,0.8182334899902344,0.7260797619819641,0.8715125322341919,0.7425312995910645,0.7306630611419678,0.734412431716919,0.806906521320343,0.7649737000465393,0.6606315970420837,0.7681348323822021,0.8103981614112854,0.8467386364936829,0.6692138910293579,0.8528454303741455,0.9038553237915039,0.8583410978317261,0.6857300996780396,0.861549437046051,0.9010003209114075,0.8778960704803467,0.6405523419380188,0.8619834184646606,0.8999153971672058,1
0.6908373236656189,0.6948689818382263,0.6880403161048889,0.6872140169143677,0.6884586811065674,0.6833606362342834,0.6887328624725342,0.679886519908905,0.6864051222801208,0.6955694556236267,0.685014545917511,0.6989213228225708,0.6838831305503845,0.7016218304634094,0.6887606382369995,0.6854032278060913,0.6814769506454468,0.7155238389968872,0.6941878795623779,0.6977716088294983,0.6914052367210388,0.7087476253509521,0.7145249247550964,0.69141685962677,0.6874870657920837,0.7887880206108093,0.7315376400947571,0.7024082541465759,0.6933501362800598,0.8448033928871155,0.6929594874382019,0.7794837951660156,0.7222874164581299,0.8485395312309265,0.6909015774726868,0.799953043460846,0.7285672426223755,0.860907793045044,0.6871024966239929,0.8014037609100342,0.7293063402175903,0.8455542922019958,0.6887027025222778,0.7929490208625793,0.7287839651107788,0.840254008769989,0.75615394115448,0.771673321723938,0.7525482773780823,0.8593844771385193,0.7709341049194336,0.6495317816734314,0.7838800549507141,0.8187097311019897,0.858970046043396,0.6452443599700928,0.8559331297874451,0.8890647888183594,0.8722712993621826,0.6606192588806152,0.8695774078369141,0.8935632109642029,0.9069002866744995,0.6063138246536255,0.8869069218635559,0.9009369611740112,1
0.6931055784225464,0.7220228910446167,0.6884763836860657,0.7146621942520142,0.68831467628479,0.7135915160179138,0.6881431937217712,0.7122375965118408,0.687119722366333,0.7210581302642822,0.6867600679397583,0.7220703363418579,0.686273992061615,0.723090648651123,0.6887719035148621,0.7166078090667725,0.6886726021766663,0.7307232618331909,0.6947845816612244,0.7247435450553894,0.6938764452934265,0.7269473075866699,0.7138035297393799,0.7087833285331726,0.6913011074066162,0.7687759399414062,0.7293211221694946,0.7011381983757019,0.7020940780639648,0.8374279737472534,0.7079420685768127,0.7670093178749084,0.7165724039077759,0.830657422542572,0.6991835832595825,0.7913944721221924,0.7244494557380676,0.8401081562042236,0.6922027468681335,0.7871859669685364,0.7248192429542542,0.8248767852783203,0.7024004459381104,0.7956105470657349,0.7232189774513245,0.822808027267456,0.75367671251297,0.785603404045105,0.7410200834274292,0.8360559940338135,0.7652631998062134,0.6492753028869629,0.7579286694526672,0.654511034488678,0.8619625568389893,0.6507788896560669,0.8382880687713623,0.6543463468551636,0.8609784841537476,0.6715249419212341,0.8497676849365234,0.6626677513122559,0.8907948732376099,0.6230820417404175,0.8697031736373901,0.6118253469467163,1
0.6855483651161194,0.7259098291397095,0.6815087795257568,0.7187272310256958,0.6810923218727112,0.7174836993217468,0.6815972328186035,0.7125191688537598,0.6813597679138184,0.7223382592201233,0.6808890700340271,0.7234394550323486,0.6802574396133423,0.7242968678474426,0.6812395453453064,0.7154958248138428,0.6798152327537537,0.7262731194496155,0.6888179779052734,0.7231408953666687,0.6869156360626221,0.7326697111129761,0.7053045630455017,0.7003231048583984,0.6889708042144775,0.758385956287384,0.7177850008010864,0.7299461960792542,0.6938485503196716,0.8145361542701721,0.7173706293106079,0.8026701211929321,0.7198365926742554,0.8393365144729614,0.723927915096283,0.8266468644142151,0.727455198764801,0.8581897020339966,0.7181000113487244,0.8348516225814819,0.7244882583618164,0.8764325380325317,0.7163608074188232,0.8310457468032837,0.7239795327186584,0.8730275630950928,0.7593987584114075,0.7781823873519897,0.7509228587150574,0.8248323202133179,0.768760621547699,0.6335809826850891,0.7632942199707031,0.6564586162567139,0.8751844763755798,0.6168851852416992,0.8421581983566284,0.6906397938728333,0.8737464547157288,0.6580995917320251,0.8504719138145447,0.7125927209854126,0.9118618369102478,0.5682257413864136,0.8785290718078613,0.6363544464111328,1
0.6835798621177673,0.7141544222831726,0.6783989071846008,0.7091208100318909,0.6782531142234802,0.7083573341369629,0.6780994534492493,0.7076161503791809,0.6781004071235657,0.7124607563018799,0.6777793765068054,0.7140641808509827,0.6766316890716553,0.7208710312843323,0.6793786883354187,0.7127871513366699,0.6774196028709412,0.728299081325531,0.6883260011672974,0.7120317816734314,0.6887162923812866,0.7246172428131104,0.7097415328025818,0.7117601633071899,0.685379683971405,0.776136577129364,0.7211902141571045,0.7413178086280823,0.6899430155754089,0.8148030042648315,0.7203983068466187,0.8282251358032227,0.712340772151947,0.8576889634132385,0.7230828404426575,0.8558131456375122,0.7160158157348633,0.8841369152069092,0.7190960049629211,0.8640718460083008,0.7168920040130615,0.879024088382721,0.719553530216217,0.857166051864624,0.7157357335090637,0.8720433712005615,0.7760911583900452,0.7945008277893066,0.758915364742279,0.8334218263626099,0.7982140779495239,0.6187925934791565,0.7795398831367493,0.7117146253585815,0.8872645497322083,0.568242073059082,0.8242908120155334,0.6780218482017517,0.901294469833374,0.5932322144508362,0.8303312063217163,0.694541335105896,0.9139496088027954,0.4803658425807953,0.8449491262435913,0.6039283275604248,1
0.6855016350746155,0.7135140895843506,0.6809650659561157,0.7117399573326111,0.6808976531028748,0.7127839922904968,0.6808028817176819,0.7138521671295166,0.6806851029396057,0.7099630236625671,0.6792988777160645,0.7132701277732849,0.6789548993110657,0.7135405540466309,0.6814594268798828,0.7202709913253784,0.6796790361404419,0.7184402942657471,0.6888794302940369,0.7207974195480347,0.6877942681312561,0.7175573110580444,0.7123892307281494,0.735939085483551,0.6900545954704285,0.723393440246582,0.7183464169502258,0.7964022755622864,0.6966500878334045,0.7831767797470093,0.7287779450416565,0.8845611810684204,0.716334342956543,0.8296992778778076,0.7240177989006042,0.9064222574234009,0.7202749848365784,0.8533401489257812,0.7249872088432312,0.9007034301757812,0.7242595553398132,0.844184398651123,0.729914665222168,0.9078355431556702,0.718172013759613,0.8492149114608765,0.7757054567337036,0.8245739936828613,0.7592787146568298,0.8236026763916016,0.7870975732803345,0.6258490681648254,0.7641646265983582,0.658351719379425,0.8861069083213806,0.5871249437332153,0.8283898830413818,0.6792073249816895,0.8992270231246948,0.6120440363883972,0.8361741304397583,0.7064780592918396,0.9126800298690796,0.504529595375061,0.8513327836990356,0.615319550037384,1
0.6861904263496399,0.7135857939720154,0.6826773881912231,0.7131092548370361,0.6828922033309937,0.7122755646705627,0.6830539703369141,0.7116012573242188,0.6801207065582275,0.7209790945053101,0.6796497106552124,0.7231212258338928,0.67908775806427,0.7255813479423523,0.6850793361663818,0.7140723466873169,0.6798230409622192,0.7341301441192627,0.6924830675125122,0.7119653820991516,0.6889497637748718,0.7218705415725708,0.7236878871917725,0.7295608520507812,0.6841924786567688,0.7764342427253723,0.7487046122550964,0.7593178153038025,0.6850022673606873,0.8360574245452881,0.772387683391571,0.8068701028823853,0.708045482635498,0.8750232458114624,0.7815092206001282,0.821081280708313,0.7118859887123108,0.8968042135238647,0.7795515656471252,0.8282077312469482,0.71468585729599,0.8866457343101501,0.7765674591064453,0.8270090818405151,0.7143581509590149,0.881303071975708,0.7786940932273865,0.8156623840332031,0.7550056576728821,0.837630033493042,0.8093642592430115,0.6518034338951111,0.7455819249153137,0.6646894812583923,0.8841414451599121,0.6106114983558655,0.8117460012435913,0.6634589433670044,0.8946033716201782,0.6344971656799316,0.8222677707672119,0.6836819052696228,0.9096713066101074,0.5420135855674744,0.8359073400497437,0.6161336898803711,1
0.6837238669395447,0.7090201377868652,0.6790898442268372,0.7156534194946289,0.6801308393478394,0.712260365486145,0.6803509593009949,0.7126208543777466,0.6784289479255676,0.7171306014060974,0.6781396269798279,0.7184286117553711,0.6778519749641418,0.7199398875236511,0.681929886341095,0.7202732563018799,0.6789429187774658,0.7280334234237671,0.6890544295310974,0.7141802310943604,0.687333881855011,0.7156964540481567,0.7210707664489746,0.7316931486129761,0.6850907802581787,0.7652846574783325,0.7471842765808105,0.7589130997657776,0.6830033659934998,0.8323122262954712,0.7740391492843628,0.8093218207359314,0.7083220481872559,0.8724914789199829,0.7819240689277649,0.8239970803260803,0.7121928930282593,0.8941786885261536,0.7808109521865845,0.8303546905517578,0.7174155712127686,0.88847815990448,0.778300940990448,0.8276318311691284,0.7152099609375,0.8782846927642822,0.7823455929756165,0.8256590962409973,0.7557225227355957,0.833817720413208,0.827965497970581,0.704465925693512,0.7398591041564941,0.6650738716125488,0.8993368148803711,0.6762428283691406,0.7993795871734619,0.6684203147888184,0.9086364507675171,0.7008675932884216,0.8103618621826172,0.689716637134552,0.9231021404266357,0.6135441660881042,0.8169211745262146,0.625724196434021,1
0.682510256767273,0.7005411386489868,0.6789364814758301,0.7045851945877075,0.6792742013931274,0.7045912146568298,0.6796227097511292,0.7043453454971313,0.6765580177307129,0.7113716006278992,0.675990641117096,0.7123571634292603,0.6754538416862488,0.7135621905326843,0.680618405342102,0.7078840732574463,0.6754468679428101,0.7246732711791992,0.6868045926094055,0.7024648785591125,0.6831290125846863,0.7136967778205872,0.7137677073478699,0.6989158987998962,0.6771303415298462,0.759225070476532,0.7417332530021667,0.730090320110321,0.6759787201881409,0.8173729181289673,0.757328450679779,0.7999553084373474,0.6997816562652588,0.8627110123634338,0.764987051486969,0.8220182061195374,0.707151472568512,0.8935573101043701,0.7622887492179871,0.8299955725669861,0.71042799949646,0.8805243372917175,0.7599796652793884,0.8250367045402527,0.7100238800048828,0.8683009147644043,0.7814299464225769,0.7871402502059937,0.7560800909996033,0.8233801126480103,0.8037632703781128,0.6243392825126648,0.7374379634857178,0.6790727376937866,0.8948324918746948,0.610815703868866,0.8099230527877808,0.7032209038734436,0.9066665768623352,0.6405621767044067,0.8205040693283081,0.7277687788009644,0.9247561693191528,0.5522469282150269,0.8393658399581909,0.6732653379440308,1
0.6860141158103943,0.6935333013534546,0.6827709078788757,0.6973541975021362,0.683017373085022,0.6977149248123169,0.6848255395889282,0.7003028392791748,0.6811596155166626,0.6981621384620667,0.6791358590126038,0.7056145071983337,0.6784114241600037,0.7065919041633606,0.6852369904518127,0.7060671448707581,0.6780892014503479,0.7162302732467651,0.6914853453636169,0.700096845626831,0.6889539957046509,0.7010200023651123,0.7248357534408569,0.7079371809959412,0.6791900992393494,0.7512266039848328,0.7546046376228333,0.7468969225883484,0.6753561496734619,0.8103771805763245,0.7787127494812012,0.8220205903053284,0.6949642896652222,0.8537779450416565,0.787797212600708,0.845834493637085,0.7038918733596802,0.8811410665512085,0.7847772836685181,0.8525532484054565,0.7069506049156189,0.8705189824104309,0.7813090085983276,0.8460972309112549,0.705988883972168,0.8636963367462158,0.7846584320068359,0.8021119236946106,0.7572267055511475,0.828589677810669,0.8353426456451416,0.6560602784156799,0.7177740335464478,0.6705038547515869,0.9116760492324829,0.6490641236305237,0.784403920173645,0.6857995390892029,0.9218331575393677,0.6818526983261108,0.7971363067626953,0.7069753408432007,0.9394382238388062,0.5903323888778687,0.8030456900596619,0.6670604944229126,1
0.6863905787467957,0.7138381004333496,0.6859602332115173,0.7229217290878296,0.6863982081413269,0.7241732478141785,0.6868402361869812,0.7251582741737366,0.6842827200889587,0.7223474979400635,0.6825640797615051,0.728215754032135,0.681990385055542,0.729202389717102,0.6908982396125793,0.7281424403190613,0.6822176575660706,0.7365260720252991,0.693261981010437,0.7141308784484863,0.6897931694984436,0.7202377319335938,0.7334991693496704,0.7059280276298523,0.6843037605285645,0.7582550644874573,0.7618764638900757,0.7435997724533081,0.6849687099456787,0.8225257992744446,0.773700475692749,0.8024939894676208,0.6991518139839172,0.8574434518814087,0.7787954211235046,0.8218399286270142,0.7032444477081299,0.885296106338501,0.7766651511192322,0.8264724016189575,0.7067143321037292,0.8745932579040527,0.7744058966636658,0.8211691379547119,0.7057780027389526,0.8671422600746155,0.7895437479019165,0.7952606678009033,0.7587444186210632,0.8223960995674133,0.8336343169212341,0.6352238655090332,0.7314402461051941,0.6639848351478577,0.9138956069946289,0.6620000004768372,0.7926421761512756,0.743812084197998,0.9284766316413879,0.6902313828468323,0.8032158017158508,0.772222638130188,0.9473761320114136,0.613064706325531,0.8111778497695923,0.7471599578857422,1
0.6913319826126099,0.71254563331604,0.6887416243553162,0.7145930528640747,0.6893249750137329,0.7142497897148132,0.689917266368866,0.713388204574585,0.6857956051826477,0.7215463519096375,0.6851617693901062,0.7229181528091431,0.6846215724945068,0.7240881323814392,0.6929014325141907,0.7202807068824768,0.6849265098571777,0.732124924659729,0.6962670683860779,0.7184727787971497,0.6935303211212158,0.7206807732582092,0.7300539016723633,0.7381063103675842,0.6886500716209412,0.7650585174560547,0.746890127658844,0.7678539156913757,0.6855546236038208,0.8396863341331482,0.7558938264846802,0.8242909908294678,0.7009052038192749,0.8734915256500244,0.760578453540802,0.8432840704917908,0.7017754912376404,0.8986836075782776,0.7592864036560059,0.8501081466674805,0.7059060335159302,0.8931393623352051,0.7576406002044678,0.8462657928466797,0.7044398188591003,0.8814592957496643,0.7817432880401611,0.8071694374084473,0.756959080696106,0.832878589630127,0.8071669340133667,0.6385743618011475,0.7381711602210999,0.6656332015991211,0.8587992787361145,0.6892115473747253,0.7977786064147949,0.775127649307251,0.8616719245910645,0.7205283641815186,0.8062669038772583,0.8061580657958984,0.8880895376205444,0.6735735535621643,0.8322795629501343,0.782734751701355,1
0.6910312175750732,0.7162513732910156,0.6880569458007812,0.721226155757904,0.6884236931800842,0.7211158871650696,0.6888531446456909,0.720586359500885,0.6862859129905701,0.7261982560157776,0.6858662366867065,0.7278105020523071,0.6855170130729675,0.729430079460144,0.6914706230163574,0.7293751835823059,0.6858335137367249,0.7440011501312256,0.6971656084060669,0.7201709151268005,0.6949884295463562,0.7225515842437744,0.7274137139320374,0.7416900396347046,0.6920885443687439,0.7666647434234619,0.7535473108291626,0.7447220683097839,0.6972999572753906,0.7894580364227295,0.7533860206604004,0.7212286591529846,0.7136678099632263,0.7225096225738525,0.7594659328460693,0.7235372066497803,0.7190648317337036,0.7167120575904846,0.7575973272323608,0.7203723788261414,0.7222757935523987,0.7103181481361389,0.7569196224212646,0.7245756387710571,0.7225599884986877,0.7138391137123108,0.793128490447998,0.8016509413719177,0.7655836939811707,0.8285479545593262,0.8275954127311707,0.6424827575683594,0.7428863048553467,0.6581238508224487,0.9072924852371216,0.6582465171813965,0.804908275604248,0.7668895721435547,0.9056774377822876,0.690709114074707,0.8136262893676758,0.8031186461448669,0.9333456754684448,0.6254035830497742,0.8349497318267822,0.756506621837616,1
0.689794659614563,0.720475971698761,0.6877050399780273,0.725723147392273,0.688025951385498,0.72574383020401,0.688323974609375,0.725558876991272,0.6865736246109009,0.7281584739685059,0.6854014992713928,0.7346232533454895,0.6849880814552307,0.7366857528686523,0.6922721862792969,0.7300889492034912,0.6860154867172241,0.7476017475128174,0.6969345808029175,0.7183033227920532,0.6922938823699951,0.7235470414161682,0.7321296334266663,0.7273847460746765,0.6932488679885864,0.7726829648017883,0.753958523273468,0.7280799746513367,0.6896264553070068,0.8205520510673523,0.7554373741149902,0.7507805824279785,0.6937129497528076,0.8720182776451111,0.7567352652549744,0.7621665000915527,0.687691330909729,0.9028167128562927,0.7549992203712463,0.763393759727478,0.6880722641944885,0.9031206369400024,0.7543296813964844,0.7610233426094055,0.6907783150672913,0.8914417028427124,0.7920037508010864,0.786986231803894,0.7680872082710266,0.8227781057357788,0.8281084895133972,0.6347289681434631,0.7609013915061951,0.6588094234466553,0.8987594842910767,0.6736440062522888,0.8026076555252075,0.7600933313369751,0.8928767442703247,0.7276168465614319,0.8069840669631958,0.7913762331008911,0.9215775728225708,0.6937743425369263,0.8292007446289062,0.7772172689437866,1
0.6906872987747192,0.7271119356155396,0.6911509037017822,0.7289997935295105,0.6926568150520325,0.7250955700874329,0.6931120157241821,0.7244579195976257,0.6885550022125244,0.7305124402046204,0.6874061822891235,0.731637716293335,0.686154305934906,0.7328300476074219,0.6962981820106506,0.7282347679138184,0.6837917566299438,0.7449384331703186,0.6988954544067383,0.7241619229316711,0.6936074495315552,0.731766939163208,0.7254431843757629,0.7382833957672119,0.6891777515411377,0.7696328163146973,0.7607759833335876,0.7202208042144775,0.6905485987663269,0.8337535858154297,0.7716714143753052,0.7319161891937256,0.6878730654716492,0.8882870674133301,0.7741221785545349,0.7384071350097656,0.6824762225151062,0.9101774096488953,0.7718508839607239,0.7393258213996887,0.6818569302558899,0.9065874814987183,0.7616245746612549,0.7429485321044922,0.6846955418586731,0.8942807912826538,0.7928836941719055,0.7991684675216675,0.7661616206169128,0.8291513919830322,0.8428645730018616,0.6485210657119751,0.7635058164596558,0.6684688329696655,0.9104340076446533,0.6484333872795105,0.8046789169311523,0.7787893414497375,0.9156503081321716,0.688849925994873,0.811710774898529,0.8194035887718201,0.9426198601722717,0.6460360288619995,0.8348236680030823,0.7965919375419617,1
0.6969397068023682,0.726576030254364,0.6963896751403809,0.7282088398933411,0.6968055367469788,0.7267370820045471,0.6970078349113464,0.724712610244751,0.6934840083122253,0.737855851650238,0.6927412748336792,0.7398793697357178,0.6918394565582275,0.7417947053909302,0.699589192867279,0.7253711223602295,0.6907516121864319,0.7471112012863159,0.7033809423446655,0.7273197174072266,0.7004560232162476,0.7335624694824219,0.738074541091919,0.7195731401443481,0.6997994184494019,0.7849923968315125,0.7633579969406128,0.6984341740608215,0.6922973394393921,0.8349391222000122,0.7734671831130981,0.665698766708374,0.6812528371810913,0.9040251970291138,0.7755234241485596,0.6561811566352844,0.6748579740524292,0.9242462515830994,0.7637426853179932,0.6647170782089233,0.6753748059272766,0.9201503992080688,0.7634317278862,0.6684094667434692,0.678718090057373,0.9116093516349792,0.7984784245491028,0.7816052436828613,0.7730774283409119,0.8288964033126831,0.8446812629699707,0.6534138321876526,0.7779689431190491,0.7003897428512573,0.9121134281158447,0.6482563614845276,0.8253379464149475,0.8031377792358398,0.9233442544937134,0.6648178100585938,0.8275901079177856,0.8214346170425415,0.9478309154510498,0.6144823431968689,0.8482274413108826,0.8164862394332886,1
0.6975545883178711,0.7330277562141418,0.6969940662384033,0.7337076663970947,0.6974889636039734,0.7319692373275757,0.6977657079696655,0.7296106815338135,0.6916442513465881,0.7422598600387573,0.6907833218574524,0.744245707988739,0.689708411693573,0.7460482716560364,0.6986145973205566,0.7270273566246033,0.6901994943618774,0.7537255883216858,0.7017157077789307,0.7310348749160767,0.6987289786338806,0.738002598285675,0.7371529340744019,0.7209048271179199,0.6968377232551575,0.7871615886688232,0.769611656665802,0.7073158621788025,0.6872124075889587,0.8278444409370422,0.7878029346466064,0.7198039889335632,0.6777626872062683,0.9014511108398438,0.7927492260932922,0.7220814228057861,0.6711394190788269,0.9222252368927002,0.7913659811019897,0.727409303188324,0.6709953546524048,0.9175471663475037,0.7892923355102539,0.7275405526161194,0.6741899847984314,0.907149076461792,0.7864911556243896,0.7644212245941162,0.7697305083274841,0.8246458768844604,0.8419848084449768,0.6588725447654724,0.7897217869758606,0.6991795301437378,0.9140413999557495,0.6534690260887146,0.833783745765686,0.82551509141922,0.9248461127281189,0.6745509505271912,0.836795449256897,0.8481107354164124,0.9565463066101074,0.6269830465316772,0.8637486100196838,0.8419438004493713,1
0.6992097496986389,0.7348392605781555,0.6968181729316711,0.7379066348075867,0.6967534422874451,0.7370031476020813,0.6964610815048218,0.7351936101913452,0.6950042843818665,0.7481290698051453,0.6944653987884521,0.7490707039833069,0.6936777830123901,0.7496870160102844,0.7059780359268188,0.7300851941108704,0.6932728886604309,0.7541990280151367,0.7068455815315247,0.738239049911499,0.7057008743286133,0.7401371598243713,0.7423772215843201,0.7285775542259216,0.7014424800872803,0.7804569602012634,0.7763006687164307,0.7439019083976746,0.6943962574005127,0.8261171579360962,0.7988952994346619,0.775420069694519,0.6764252781867981,0.8914775252342224,0.8071799874305725,0.7838166356086731,0.6691035628318787,0.9131692051887512,0.8057450652122498,0.7864083647727966,0.6683194041252136,0.908876359462738,0.8019585609436035,0.7844446897506714,0.6739716529846191,0.8964982032775879,0.8016670346260071,0.7731220722198486,0.7768717408180237,0.8175169229507446,0.8384770750999451,0.6252605319023132,0.8230329155921936,0.7134990096092224,0.9039736390113831,0.6418874859809875,0.8687877655029297,0.7703072428703308,0.9094606041908264,0.6637816429138184,0.8700683116912842,0.7875216007232666,0.9377338290214539,0.6174817681312561,0.9076054692268372,0.7623006105422974,1
0.6987645626068115,0.7403344511985779,0.696530818939209,0.742708146572113,0.6966742277145386,0.7414958477020264,0.6966232061386108,0.7395285964012146,0.6920029520988464,0.751401424407959,0.6915856599807739,0.7524186968803406,0.6909872889518738,0.7530916333198547,0.6976212859153748,0.7377868294715881,0.6934453248977661,0.759507417678833,0.7029557228088379,0.7397961616516113,0.7013423442840576,0.7436106204986572,0.7407318353652954,0.7185449600219727,0.702337920665741,0.7914009690284729,0.7729816436767578,0.7374320030212402,0.6918150186538696,0.8402662873268127,0.7895217537879944,0.7481411695480347,0.6716892123222351,0.8994446396827698,0.7972701787948608,0.751102864742279,0.6608514785766602,0.9174991846084595,0.7952888607978821,0.7523950338363647,0.6605811715126038,0.9121009707450867,0.7917901277542114,0.7527218461036682,0.6672481894493103,0.9023295640945435,0.7918264865875244,0.7628598213195801,0.7815326452255249,0.826071560382843,0.8350759744644165,0.6365649700164795,0.8146378397941589,0.7672526240348816,0.8974477648735046,0.6513644456863403,0.8648824095726013,0.7870378494262695,0.9028110504150391,0.671497642993927,0.8663445115089417,0.7947046756744385,0.9292044043540955,0.6278406977653503,0.90415358543396,0.7798155546188354,1
0.700039803981781,0.7401757836341858,0.6986743807792664,0.7443528771400452,0.6986048221588135,0.7435795664787292,0.698303759098053,0.7421543002128601,0.6980152726173401,0.7455356121063232,0.6975626945495605,0.7456919550895691,0.6951959133148193,0.7556682825088501,0.7049680352210999,0.7339150905609131,0.6965094208717346,0.7464790940284729,0.705094575881958,0.742964506149292,0.7042257785797119,0.7446515560150146,0.7255379557609558,0.7194445133209229,0.7140437960624695,0.778365969657898,0.6990321278572083,0.773419201374054,0.6937762498855591,0.8405370712280273,0.6834286451339722,0.8013349771499634,0.671055257320404,0.8877237439155579,0.6843480467796326,0.8119856715202332,0.6622316837310791,0.8929448127746582,0.684080183506012,0.8136359453201294,0.661243736743927,0.8923158645629883,0.683726966381073,0.811086118221283,0.6627505421638489,0.8915235996246338,0.7883498072624207,0.7692738771438599,0.7807301878929138,0.8253541588783264,0.835887610912323,0.7142935395240784,0.8118420839309692,0.7911654114723206,0.9045068621635437,0.708834707736969,0.8840886354446411,0.8071299195289612,0.9113196730613708,0.7220686078071594,0.8916293382644653,0.8175709843635559,0.9366188645362854,0.6779561638832092,0.915951132774353,0.7804526090621948,1
0.7019426226615906,0.7520692348480225,0.697466254234314,0.7593777775764465,0.7011938095092773,0.7531540989875793,0.7013811469078064,0.7517018914222717,0.6958842277526855,0.7615609765052795,0.6964460015296936,0.7645218968391418,0.6955483555793762,0.7653610706329346,0.702217698097229,0.7498273253440857,0.6958076357841492,0.7669215798377991,0.7054169178009033,0.7506762146949768,0.7031764388084412,0.754321277141571,0.7407512068748474,0.7328739762306213,0.7056658267974854,0.7768629193305969,0.7698193192481995,0.758384108543396,0.6870710253715515,0.8536315560340881,0.7869859933853149,0.7793261408805847,0.662505030632019,0.9040931463241577,0.7945277690887451,0.7830333709716797,0.65410977602005,0.9218995571136475,0.7935193181037903,0.7894445657730103,0.6539803743362427,0.9173264503479004,0.7903344631195068,0.7902064323425293,0.6581692099571228,0.9077165126800537,0.7851407527923584,0.7814363837242126,0.76958829164505,0.8354865908622742,0.8280256986618042,0.6938178539276123,0.8079694509506226,0.7855333089828491,0.9096361994743347,0.6790521740913391,0.8882330656051636,0.8191542625427246,0.917961835861206,0.6936448216438293,0.8952932357788086,0.8284838199615479,0.9358100891113281,0.6670609712600708,0.9292252659797668,0.8126938939094543,1
0.7007021307945251,0.736734926700592,0.6985681056976318,0.7474964261054993,0.6992409825325012,0.7471309900283813,0.7017578482627869,0.7390156388282776,0.6958284378051758,0.7498237490653992,0.6947119832038879,0.7512540817260742,0.693474531173706,0.7525540590286255,0.7037210464477539,0.741789698600769,0.6938284039497375,0.7602211833000183,0.705918550491333,0.7377641201019287,0.7019757628440857,0.7416046261787415,0.7449714541435242,0.7539365291595459,0.698279857635498,0.7833196520805359,0.7812445163726807,0.7600120902061462,0.6689956188201904,0.8276156783103943,0.8071551322937012,0.7821820974349976,0.6563116312026978,0.9035624265670776,0.814110517501831,0.7873817086219788,0.6425559520721436,0.9207472801208496,0.8133106231689453,0.7937849164009094,0.6474453210830688,0.9196668267250061,0.8100281953811646,0.7932138442993164,0.6541391611099243,0.9117677807807922,0.7824843525886536,0.7850377559661865,0.7628675103187561,0.819551408290863,0.8287816643714905,0.6929984092712402,0.8079735040664673,0.7816576957702637,0.9068900346755981,0.7130762934684753,0.8906030058860779,0.8564234375953674,0.918738603591919,0.7356497645378113,0.8980757594108582,0.8737950921058655,0.9422067999839783,0.6929014921188354,0.9333076477050781,0.8605267405509949,1
0.7003895044326782,0.7321302890777588,0.6985889077186584,0.7431291341781616,0.7027795910835266,0.7372788786888123,0.7041428089141846,0.7361027598381042,0.6947121024131775,0.7463531494140625,0.6933690309524536,0.7482748627662659,0.6920510530471802,0.7500742077827454,0.7060170769691467,0.7379850149154663,0.6924738883972168,0.7594879269599915,0.7062749862670898,0.7318606376647949,0.7008185982704163,0.7371059656143188,0.7410845160484314,0.7543819546699524,0.6971590518951416,0.7818563580513,0.7811226844787598,0.7650824189186096,0.6769416928291321,0.8472004532814026,0.8023232817649841,0.7880833745002747,0.6590335369110107,0.9155412912368774,0.808341383934021,0.7979736328125,0.6489070653915405,0.9296743273735046,0.8070889115333557,0.8005578517913818,0.6482604742050171,0.9236475229263306,0.8040896654129028,0.796898365020752,0.6535921692848206,0.9171837568283081,0.7846783399581909,0.7901639342308044,0.7632654309272766,0.8230487108230591,0.837992250919342,0.6867893934249878,0.8203441500663757,0.8047651052474976,0.9190459847450256,0.6972771286964417,0.8947116136550903,0.8835861682891846,0.9290692806243896,0.7132227420806885,0.9129486083984375,0.9103829860687256,0.9520795941352844,0.6667972207069397,0.9446138739585876,0.8836284875869751,1
0.699550211429596,0.7632094025611877,0.6993239521980286,0.7577832937240601,0.6999527812004089,0.756796658039093,0.7003171443939209,0.7554685473442078,0.6955622434616089,0.7664253115653992,0.6948825120925903,0.7673125863075256,0.6940397620201111,0.7681803703308105,0.7037030458450317,0.7540356516838074,0.6947131752967834,0.7680118083953857,0.703727662563324,0.7576119899749756,0.7043564915657043,0.7665459513664246,0.7378818988800049,0.746714174747467,0.7034949660301208,0.7808141112327576,0.747195839881897,0.7821242809295654,0.6817963123321533,0.8710019588470459,0.7493681907653809,0.7740316987037659,0.6606128215789795,0.9127626419067383,0.752724826335907,0.7720710039138794,0.6505334973335266,0.9206745624542236,0.7545310854911804,0.7705246210098267,0.6495330929756165,0.9155665636062622,0.752903163433075,0.7726283073425293,0.6541606187820435,0.9128426313400269,0.7782648801803589,0.8011195659637451,0.7647079229354858,0.8451803922653198,0.8394006490707397,0.7044380307197571,0.8305647969245911,0.8238702416419983,0.9188221096992493,0.6742997765541077,0.9144443273544312,0.8546339273452759,0.9287549257278442,0.6847127676010132,0.9234548211097717,0.8659534454345703,0.9515237212181091,0.644828200340271,0.9503833055496216,0.8344239592552185,1
0.700952410697937,0.7394827008247375,0.7011297941207886,0.7436739206314087,0.7022668123245239,0.7428929805755615,0.7031620740890503,0.7416893839836121,0.69486403465271,0.7519708275794983,0.6938441395759583,0.7533608078956604,0.6927324533462524,0.7547258734703064,0.7064526081085205,0.7412906289100647,0.6937527656555176,0.7606735229492188,0.7055997252464294,0.7380598783493042,0.7013481259346008,0.7415744066238403,0.7485378980636597,0.7564849853515625,0.6991146802902222,0.7879820466041565,0.7880429625511169,0.7663466930389404,0.6773817539215088,0.8659200072288513,0.8232619166374207,0.8090347647666931,0.6556329131126404,0.9198379516601562,0.8333922028541565,0.8204551339149475,0.643244743347168,0.9284602403640747,0.832642674446106,0.8285657167434692,0.6449244022369385,0.9267216920852661,0.8280923962593079,0.824660062789917,0.6490315198898315,0.9199813604354858,0.7901767492294312,0.8019881248474121,0.7681245803833008,0.8313945531845093,0.8410699367523193,0.7138927578926086,0.8323464393615723,0.8429068326950073,0.9187732338905334,0.6867619752883911,0.909559428691864,0.9178563356399536,0.9258047342300415,0.7135748863220215,0.9178040027618408,0.9332030415534973,0.9505760669708252,0.6784371733665466,0.9460189342498779,0.9222636222839355,1
0.6971306800842285,0.7471275329589844,0.6972671151161194,0.7515285015106201,0.6981538534164429,0.752113401889801,0.6988282799720764,0.7524967193603516,0.6945778131484985,0.7517420053482056,0.6936913728713989,0.7525734901428223,0.692807137966156,0.7533642649650574,0.7033184170722961,0.7493128776550293,0.6929733157157898,0.7589484453201294,0.7056917548179626,0.7415642738342285,0.7001673579216003,0.7412756085395813,0.7339562773704529,0.7580431699752808,0.6984712481498718,0.783888578414917,0.7747791409492493,0.764628529548645,0.67729651927948,0.8620986938476562,0.7972679734230042,0.79285728931427,0.6581525206565857,0.9160269498825073,0.8031887412071228,0.800512433052063,0.6486889719963074,0.9298297166824341,0.8027760982513428,0.8070352077484131,0.6471895575523376,0.9253630042076111,0.7999110817909241,0.8048858642578125,0.6528130769729614,0.9193310737609863,0.7818568348884583,0.798879861831665,0.7644529342651367,0.8241007924079895,0.8395296335220337,0.7426390051841736,0.8330489993095398,0.8561953902244568,0.914420485496521,0.7567471861839294,0.9083810448646545,0.9290695190429688,0.9207724332809448,0.7731017470359802,0.9159848690032959,0.946008026599884,0.9430275559425354,0.7288135290145874,0.9444548487663269,0.9275929927825928,1
0.697027862071991,0.7386218309402466,0.6957101821899414,0.7507066130638123,0.6964832544326782,0.7511621117591858,0.6987895965576172,0.743999719619751,0.6931771039962769,0.7501175999641418,0.6922253370285034,0.7501985430717468,0.6911941766738892,0.7501665353775024,0.7005018591880798,0.7527637481689453,0.692621648311615,0.7554356455802917,0.7038772106170654,0.7403416037559509,0.6981320381164551,0.7393172979354858,0.7302998304367065,0.7594858407974243,0.6954382658004761,0.7768015265464783,0.771436333656311,0.7647312879562378,0.676643967628479,0.8498240113258362,0.7979126572608948,0.793308436870575,0.6570190191268921,0.9167628884315491,0.8038927316665649,0.8001127243041992,0.6448249816894531,0.9308571219444275,0.8039366602897644,0.8072174787521362,0.6464976668357849,0.9287739396095276,0.8011149168014526,0.805378794670105,0.6503534317016602,0.9201197028160095,0.7844265699386597,0.801887571811676,0.7611287832260132,0.82087641954422,0.8459067940711975,0.8202496767044067,0.8251365423202515,0.8732025623321533,0.9008656740188599,0.9040423631668091,0.8958675861358643,0.9613885879516602,0.9056889414787292,0.9317130446434021,0.907706618309021,0.977652907371521,0.932249903678894,0.8729003667831421,0.9392926692962646,0.9482948184013367,1
0.6971288323402405,0.7453284859657288,0.6976351737976074,0.7484850883483887,0.6987459063529968,0.7484806776046753,0.6996858716011047,0.7481975555419922,0.6946110129356384,0.7501909732818604,0.6936875581741333,0.7514801621437073,0.6913315057754517,0.75813889503479,0.7028754949569702,0.7496135830879211,0.6918963193893433,0.7637171149253845,0.7046104669570923,0.7370259165763855,0.6980236172676086,0.7473209500312805,0.7344428896903992,0.7551180124282837,0.6969868540763855,0.7887308597564697,0.7660202980041504,0.7492663264274597,0.6775965690612793,0.8682444095611572,0.7863456606864929,0.7619091272354126,0.6540080904960632,0.9277442097663879,0.7902644276618958,0.7658559083938599,0.6443431377410889,0.9393640160560608,0.7896651029586792,0.7705923318862915,0.6426435112953186,0.9359203577041626,0.7806386351585388,0.7653694152832031,0.6473080515861511,0.9298382997512817,0.7790691256523132,0.7991116046905518,0.7565460801124573,0.8231645226478577,0.840208113193512,0.8051568865776062,0.8212170600891113,0.879623293876648,0.9080342054367065,0.894950807094574,0.8992366790771484,0.9776319265365601,0.9152106046676636,0.9181085228919983,0.906145453453064,1.0036065578460693,0.931717038154602,0.8603224158287048,0.9356011152267456,0.9678986072540283,1
0.6950060129165649,0.749592125415802,0.6959860324859619,0.7539563775062561,0.6966695785522461,0.7537381649017334,0.6991131901741028,0.7548089027404785,0.6941309571266174,0.7550283074378967,0.6920730471611023,0.7622591257095337,0.6913750171661377,0.7629973888397217,0.7009671926498413,0.7522387504577637,0.6933174133300781,0.767275869846344,0.7035755515098572,0.741512656211853,0.6985214948654175,0.7512760162353516,0.7399019598960876,0.7667268514633179,0.6983821392059326,0.7939233183860779,0.7672120332717896,0.7553478479385376,0.6789776086807251,0.8665368556976318,0.7873433828353882,0.7686333060264587,0.6528950929641724,0.9284212589263916,0.7922387719154358,0.7730590105056763,0.6417940855026245,0.9442388415336609,0.7915436029434204,0.7774608731269836,0.6413968205451965,0.9363349676132202,0.7892202138900757,0.7762341499328613,0.6455123424530029,0.9342496395111084,0.7840351462364197,0.8034189939498901,0.7686774730682373,0.8292351365089417,0.842865526676178,0.8384022116661072,0.8319769501686096,0.8809002637863159,0.9083996415138245,0.9004452228546143,0.9050795435905457,0.9542021751403809,0.9180059432983398,0.9354619383811951,0.9142056107521057,0.9781490564346313,0.9320245981216431,0.8721645474433899,0.9448189735412598,0.9331362247467041,1
0.6944423913955688,0.7518852353096008,0.6942603588104248,0.7554572820663452,0.6949695348739624,0.7554657459259033,0.6954869627952576,0.7552510499954224,0.6924097537994385,0.7565881609916687,0.6919477581977844,0.7575303316116333,0.6901040077209473,0.7652727365493774,0.6969621777534485,0.75501549243927,0.6915537714958191,0.7704184651374817,0.7005545496940613,0.7439886331558228,0.6959425806999207,0.7543066740036011,0.7359099984169006,0.7588635683059692,0.6979340314865112,0.7964237332344055,0.7646627426147461,0.756962239742279,0.6759483218193054,0.8921632170677185,0.7797689437866211,0.775465190410614,0.6492751836776733,0.9299375414848328,0.7838859558105469,0.7809371948242188,0.6367276310920715,0.9383456707000732,0.7837764024734497,0.785283088684082,0.6356165409088135,0.9352550506591797,0.7818866968154907,0.7843335270881653,0.6429575681686401,0.9317373037338257,0.7744008302688599,0.7906251549720764,0.7623875141143799,0.8322055339813232,0.8455553650856018,0.8137004375457764,0.8357058167457581,0.8921860456466675,0.9185765981674194,0.9018187522888184,0.914911687374115,0.9519768357276917,0.929466962814331,0.9306017756462097,0.9242161512374878,0.9665998816490173,0.9415475130081177,0.8508669137954712,0.9570469856262207,0.9599622488021851,1
0.6970159411430359,0.7592250108718872,0.6952091455459595,0.7718960046768188,0.695358157157898,0.7718935012817383,0.6953405737876892,0.7717139720916748,0.6948896646499634,0.7722657918930054,0.6948482394218445,0.7727950811386108,0.6946430206298828,0.773249626159668,0.6998476982116699,0.7641991972923279,0.6971757411956787,0.7776833176612854,0.7017534971237183,0.7618855237960815,0.700981855392456,0.7635468244552612,0.7284189462661743,0.7536538243293762,0.7047797441482544,0.7974813580513,0.7419524192810059,0.7700552940368652,0.683709979057312,0.8827444911003113,0.7409703731536865,0.7596441507339478,0.6571537256240845,0.9292972087860107,0.7409771680831909,0.7537961006164551,0.6471205353736877,0.9441670179367065,0.7428585290908813,0.7536208629608154,0.6452195644378662,0.9396354556083679,0.742756187915802,0.7566551566123962,0.6498892307281494,0.9332583546638489,0.7688555121421814,0.794683575630188,0.7626197338104248,0.8268853425979614,0.8439459800720215,0.8715452551841736,0.8349546194076538,0.8975276350975037,0.9068998694419861,0.9391239285469055,0.9036970138549805,0.9596518874168396,0.925301730632782,0.9695909023284912,0.9271227121353149,0.9824897050857544,0.9442624449729919,0.9590021967887878,0.9460324048995972,0.9721013307571411,1
0.0,0.0,0.0,0.0,0.0,0.0,0.0,0.0,0.0,0.0,0.0,0.0,0.0,0.0,0.0,0.0,0.0,0.0,0.0,0.0,0.0,0.0,0.0,0.0,0.0,0.0,0.0,0.0,0.0,0.0,0.0,0.0,0.0,0.0,0.0,0.0,0.0,0.0,0.0,0.0,0.0,0.0,0.0,0.0,0.0,0.0,0.0,0.0,0.0,0.0,0.0,0.0,0.0,0.0,0.0,0.0,0.0,0.0,0.0,0.0,0.0,0.0,0.0,0.0,0.0,0.0,1
0.6928907632827759,0.769545316696167,0.6893936395645142,0.7745578289031982,0.6885988712310791,0.7759817838668823,0.6878830194473267,0.7772505879402161,0.6912140250205994,0.7695890069007874,0.6920413970947266,0.7671852707862854,0.692763090133667,0.7650125622749329,0.6950061917304993,0.7837764024734497,0.6936988234519958,0.7586362361907959,0.6935140490531921,0.7685214877128601,0.696124792098999,0.7630884051322937,0.6908653378486633,0.779379665851593,0.7107376456260681,0.7307130694389343,0.6880213022232056,0.8586744070053101,0.7325172424316406,0.7810845971107483,0.6547186970710754,0.9309751987457275,0.7265471816062927,0.8447108864784241,0.6465550661087036,0.9466175436973572,0.7234882712364197,0.8566856980323792,0.6432862281799316,0.939878523349762,0.721833348274231,0.8639355301856995,0.6467018723487854,0.9352931380271912,0.722127377986908,0.8602930307388306,0.719398021697998,0.7839066982269287,0.7254468202590942,0.7597499489784241,0.7914925813674927,0.8893822431564331,0.7827224731445312,0.8293828964233398,0.8543179035186768,0.9440097808837891,0.8451972007751465,0.9133449792861938,0.8627815246582031,0.9477381110191345,0.8538579344749451,0.9315520524978638,0.871945321559906,0.9563394784927368,0.8612668514251709,0.9078667759895325,1
0.0,0.0,0.0,0.0,0.0,0.0,0.0,0.0,0.0,0.0,0.0,0.0,0.0,0.0,0.0,0.0,0.0,0.0,0.0,0.0,0.0,0.0,0.0,0.0,0.0,0.0,0.0,0.0,0.0,0.0,0.0,0.0,0.0,0.0,0.0,0.0,0.0,0.0,0.0,0.0,0.0,0.0,0.0,0.0,0.0,0.0,0.0,0.0,0.0,0.0,0.0,0.0,0.0,0.0,0.0,0.0,0.0,0.0,0.0,0.0,0.0,0.0,0.0,0.0,0.0,0.0,1
0.0,0.0,0.0,0.0,0.0,0.0,0.0,0.0,0.0,0.0,0.0,0.0,0.0,0.0,0.0,0.0,0.0,0.0,0.0,0.0,0.0,0.0,0.0,0.0,0.0,0.0,0.0,0.0,0.0,0.0,0.0,0.0,0.0,0.0,0.0,0.0,0.0,0.0,0.0,0.0,0.0,0.0,0.0,0.0,0.0,0.0,0.0,0.0,0.0,0.0,0.0,0.0,0.0,0.0,0.0,0.0,0.0,0.0,0.0,0.0,0.0,0.0,0.0,0.0,0.0,0.0,1
0.0,0.0,0.0,0.0,0.0,0.0,0.0,0.0,0.0,0.0,0.0,0.0,0.0,0.0,0.0,0.0,0.0,0.0,0.0,0.0,0.0,0.0,0.0,0.0,0.0,0.0,0.0,0.0,0.0,0.0,0.0,0.0,0.0,0.0,0.0,0.0,0.0,0.0,0.0,0.0,0.0,0.0,0.0,0.0,0.0,0.0,0.0,0.0,0.0,0.0,0.0,0.0,0.0,0.0,0.0,0.0,0.0,0.0,0.0,0.0,0.0,0.0,0.0,0.0,0.0,0.0,1
0.6927112340927124,0.7506805658340454,0.6928905248641968,0.7543186545372009,0.6931837201118469,0.7522925734519958,0.6934224963188171,0.7496854066848755,0.6911360621452332,0.7634493708610535,0.6910404562950134,0.7645798921585083,0.6908634305000305,0.7654321789741516,0.6968453526496887,0.751095712184906,0.6940070986747742,0.7711933255195618,0.6980366706848145,0.7499995231628418,0.6967180967330933,0.7563003301620483,0.7310136556625366,0.7366098165512085,0.7016997933387756,0.8042051196098328,0.7545446157455444,0.7338331341743469,0.683323085308075,0.8862495422363281,0.7625002861022949,0.7465158700942993,0.657299816608429,0.9349455833435059,0.7652937173843384,0.7477140426635742,0.6474343538284302,0.9540196657180786,0.7687281370162964,0.7454534769058228,0.6469793915748596,0.9429854154586792,0.7680476307868958,0.7449885010719299,0.6506059169769287,0.9422502517700195,0.7625945806503296,0.786038875579834,0.7504844069480896,0.8382882475852966,0.8385063409805298,0.8622068166732788,0.8237965106964111,0.890110194683075,0.8930524587631226,0.9364804029464722,0.8937978744506836,0.952764630317688,0.899128794670105,0.9505054950714111,0.9132202863693237,0.9758104085922241,0.9121476411819458,0.9502376914024353,0.9267703294754028,0.9743977785110474,1
0.6922397613525391,0.7518916726112366,0.6912862062454224,0.7613928318023682,0.6927080154418945,0.7545280456542969,0.692952036857605,0.7519354224205017,0.6907838582992554,0.7650444507598877,0.6906986236572266,0.7660687565803528,0.6905329823493958,0.7667886018753052,0.6962544322013855,0.7524869441986084,0.6935338377952576,0.7715334296226501,0.6949052810668945,0.7470924258232117,0.6937896013259888,0.7531457543373108,0.7294250726699829,0.741656482219696,0.6994126439094543,0.7998717427253723,0.7522150278091431,0.73955237865448,0.6809859871864319,0.8879854679107666,0.7588005661964417,0.7521222233772278,0.6586965322494507,0.9295096397399902,0.7610200643539429,0.7526835203170776,0.64944988489151,0.9487773776054382,0.7609937191009521,0.7577269673347473,0.6488024592399597,0.9393542408943176,0.7603276968002319,0.7581962943077087,0.6525245904922485,0.9378015995025635,0.7605395913124084,0.7905784249305725,0.7489603161811829,0.8382801413536072,0.8352006077766418,0.871996283531189,0.8230642676353455,0.89386385679245,0.8988190293312073,0.9643697738647461,0.9055086374282837,0.9776819944381714,0.9055063128471375,0.9824615716934204,0.9157972931861877,0.9929675459861755,0.9207826852798462,0.979791522026062,0.9339017868041992,0.9843513369560242,1
0.6970195770263672,0.751885712146759,0.6960254907608032,0.7560357451438904,0.6967230439186096,0.7553206086158752,0.6972993612289429,0.7543964982032776,0.6940484642982483,0.7592390775680542,0.6922895312309265,0.7659797072410583,0.6917833685874939,0.7675463557243347,0.6990574598312378,0.7552943229675293,0.6930667757987976,0.773533284664154,0.703430712223053,0.7429576516151428,0.6989284753799438,0.7544149160385132,0.7295913696289062,0.7516010403633118,0.6990225911140442,0.7869491577148438,0.766477108001709,0.7349221110343933,0.683323085308075,0.8655859231948853,0.7718834280967712,0.7446717619895935,0.6573613882064819,0.9242806434631348,0.7736245393753052,0.7409871220588684,0.6462193727493286,0.9354169368743896,0.7722198367118835,0.7465219497680664,0.6452282071113586,0.9290027618408203,0.7716279029846191,0.7478561997413635,0.6506369113922119,0.9269059300422668,0.7741348147392273,0.7929286360740662,0.7599597573280334,0.8254687786102295,0.8429452180862427,0.8690617084503174,0.8300004005432129,0.8939017653465271,0.9093677401542664,0.9473327398300171,0.9085632562637329,0.956838846206665,0.9254652261734009,0.9748836159706116,0.9255011677742004,0.983757734298706,0.9311025738716125,0.942115306854248,0.9323056936264038,0.9648410081863403,1
0.6942099332809448,0.7548941373825073,0.6951015591621399,0.7604188919067383,0.696014940738678,0.7600684762001038,0.6967650651931763,0.7596447467803955,0.6926496028900146,0.762810468673706,0.6920041441917419,0.7641614079475403,0.6903591752052307,0.7696554064750671,0.6986510753631592,0.7593116760253906,0.6921554207801819,0.7732498645782471,0.7032663226127625,0.7473179697990417,0.6998623609542847,0.7513713240623474,0.7327709794044495,0.756249725818634,0.6994257569313049,0.7858843207359314,0.763742208480835,0.7474091053009033,0.6840111613273621,0.8669863343238831,0.7748388051986694,0.7533550262451172,0.657867431640625,0.9209039211273193,0.7797862887382507,0.7424435019493103,0.6459008455276489,0.93445885181427,0.7783325910568237,0.7470923662185669,0.645349383354187,0.9293803572654724,0.7755110263824463,0.7560998797416687,0.6508529782295227,0.9281198978424072,0.7755856513977051,0.7991641163825989,0.7586825489997864,0.8222723603248596,0.8440312147140503,0.8661794662475586,0.8330038189888,0.8910577893257141,0.9084071516990662,0.9486220479011536,0.9085866808891296,0.9553148150444031,0.9211429357528687,0.9969465732574463,0.923653781414032,0.9906886219978333,0.9429183006286621,0.9615177512168884,0.9503974318504333,0.963842511177063,1
0.697475016117096,0.7463750839233398,0.6949552297592163,0.7580243945121765,0.6956462860107422,0.757107675075531,0.6961759328842163,0.7560726404190063,0.6929804682731628,0.7613080143928528,0.6923754811286926,0.7627987265586853,0.6917306780815125,0.7641425132751465,0.699491024017334,0.7574851512908936,0.6927838921546936,0.7749379277229309,0.7038328647613525,0.745488166809082,0.6991782784461975,0.7486749887466431,0.7308512330055237,0.7531452775001526,0.6983936429023743,0.7867498993873596,0.7629973888397217,0.7437049150466919,0.6809175610542297,0.8663657903671265,0.7691730260848999,0.7476314306259155,0.659992516040802,0.9197829961776733,0.7756561636924744,0.7520149350166321,0.6484830975532532,0.9325304627418518,0.7743522524833679,0.7559224963188171,0.6493087410926819,0.9316799640655518,0.7693776488304138,0.7505613565444946,0.6535033583641052,0.9241596460342407,0.7767910361289978,0.7991028428077698,0.7631800770759583,0.8235886096954346,0.8475601673126221,0.858744204044342,0.8372735977172852,0.8900713324546814,0.9096679091453552,0.9388450980186462,0.9109265208244324,0.9555903077125549,0.9175010919570923,0.9515637755393982,0.9263256788253784,0.9778900742530823,0.9388342499732971,0.9209367036819458,0.9340907335281372,0.9520429968833923,1
0.6985725164413452,0.7471027970314026,0.6959899067878723,0.7588667273521423,0.6978225111961365,0.7525730133056641,0.6984662413597107,0.7508296370506287,0.6940545439720154,0.7619673609733582,0.6934722065925598,0.763264000415802,0.6928377747535706,0.7644482851028442,0.7020334601402283,0.7511842250823975,0.69490647315979,0.7703940868377686,0.7056151032447815,0.7466645836830139,0.702461302280426,0.750766932964325,0.7318428158760071,0.7515353560447693,0.7014092206954956,0.7887341976165771,0.7670263648033142,0.7395750284194946,0.6835395693778992,0.8548893332481384,0.770998477935791,0.7373634576797485,0.6564326882362366,0.9186047911643982,0.7778739333152771,0.7426400780677795,0.6479650139808655,0.9328649640083313,0.772880494594574,0.7412485480308533,0.6467523574829102,0.9297842383384705,0.7718349099159241,0.7416871786117554,0.6504828333854675,0.9225168228149414,0.7801212072372437,0.8028732538223267,0.7650871276855469,0.8264954686164856,0.848029375076294,0.8735271692276001,0.8356462121009827,0.8986829519271851,0.9085589051246643,0.9532551765441895,0.9091336727142334,0.9589229822158813,0.9236356019973755,0.9837111234664917,0.9240949153900146,0.9823521375656128,0.9480165243148804,0.9643255472183228,0.936072051525116,0.9661957025527954,1
0.6982973217964172,0.7533795833587646,0.6960297226905823,0.7629358768463135,0.6965701580047607,0.7614551782608032,0.6983031630516052,0.7537705302238464,0.694358766078949,0.7662266492843628,0.6938164830207825,0.7672277688980103,0.6932082772254944,0.7679570913314819,0.7015911340713501,0.7517549395561218,0.6952776312828064,0.771152913570404,0.7044960260391235,0.752539336681366,0.7015624642372131,0.7571623921394348,0.7271980047225952,0.7520506381988525,0.7011549472808838,0.7905445098876953,0.7636240124702454,0.7390446066856384,0.686735987663269,0.859539270401001,0.7712605595588684,0.7375463247299194,0.6626899242401123,0.9170756340026855,0.7750293612480164,0.7378817796707153,0.6516039967536926,0.9312133193016052,0.7740278244018555,0.7416535019874573,0.6513932943344116,0.9239400029182434,0.772840142250061,0.7420514822006226,0.6563704609870911,0.9211103320121765,0.7778938412666321,0.8040035963058472,0.7683132290840149,0.8320155739784241,0.8520392179489136,0.8958036303520203,0.8362637758255005,0.9003385305404663,0.9085602164268494,0.9556245803833008,0.9088257551193237,0.9599825143814087,0.9228937029838562,0.9741125106811523,0.9211782813072205,0.9755011200904846,0.9348765015602112,0.9551272988319397,0.9339907169342041,0.9590678215026855,1
0.6982704401016235,0.7474697232246399,0.6958790421485901,0.758047878742218,0.6968012452125549,0.7572852373123169,0.6986622214317322,0.7516552209854126,0.6933072805404663,0.7605738043785095,0.69251948595047,0.7617939710617065,0.6917499303817749,0.7628815174102783,0.7020592093467712,0.7503163814544678,0.6927809715270996,0.767232358455658,0.7040561437606812,0.7446913123130798,0.7000560760498047,0.7490434050559998,0.7332987785339355,0.7546767592430115,0.6991429924964905,0.7869749665260315,0.7684681415557861,0.7421225905418396,0.6842796206474304,0.8548407554626465,0.7776539325714111,0.745692253112793,0.6614856719970703,0.9151394367218018,0.7805649042129517,0.7429765462875366,0.6498063802719116,0.9332863092422485,0.7792147994041443,0.7467285990715027,0.649451494216919,0.9306944608688354,0.7781690955162048,0.7478382587432861,0.6537905335426331,0.9231074452400208,0.7832650542259216,0.8077173233032227,0.7669035792350769,0.8285225629806519,0.8467695116996765,0.8788202404975891,0.834294855594635,0.8937367796897888,0.9095828533172607,0.941059410572052,0.9080561995506287,0.9565819501876831,0.9205073714256287,0.9664012789726257,0.9173566699028015,0.9676235914230347,0.9456422328948975,0.9505575299263,0.9359062314033508,0.9589215517044067,1
0.6959608793258667,0.7525023818016052,0.6956543326377869,0.7572567462921143,0.6967846751213074,0.7567455768585205,0.6977773904800415,0.7560049295425415,0.6928704977035522,0.759678840637207,0.6921176314353943,0.760968029499054,0.6905008554458618,0.7659505605697632,0.7003656029701233,0.7544682025909424,0.6920073628425598,0.7703529000282288,0.7037208080291748,0.7440218925476074,0.6979572176933289,0.7526556253433228,0.7340823411941528,0.7601509690284729,0.6993944644927979,0.7865151762962341,0.7683115601539612,0.7478136420249939,0.6839836835861206,0.8558696508407593,0.7769013047218323,0.7587347030639648,0.6605969071388245,0.9137752056121826,0.778659462928772,0.7551231384277344,0.6507843732833862,0.9336928129196167,0.7771351933479309,0.758607029914856,0.6493517160415649,0.9294870495796204,0.7766537666320801,0.7592614889144897,0.6549403071403503,0.9223580360412598,0.785595178604126,0.8079420328140259,0.7664856314659119,0.8277691006660461,0.8474204540252686,0.8527044057846069,0.8341546654701233,0.8908183574676514,0.9069899916648865,0.9357955455780029,0.9074446558952332,0.9632163047790527,0.9154196977615356,0.9470126628875732,0.9150316715240479,0.9749423265457153,0.9380993247032166,0.9132258892059326,0.9511446356773376,0.9585186243057251,1
