kp0_x,kp0_y,kp1_x,kp1_y,kp2_x,kp2_y,kp3_x,kp3_y,kp4_x,kp4_y,kp5_x,kp5_y,kp6_x,kp6_y,kp7_x,kp7_y,kp8_x,kp8_y,kp9_x,kp9_y,kp10_x,kp10_y,kp11_x,kp11_y,kp12_x,kp12_y,kp13_x,kp13_y,kp14_x,kp14_y,kp15_x,kp15_y,kp16_x,kp16_y,kp17_x,kp17_y,kp18_x,kp18_y,kp19_x,kp19_y,kp20_x,kp20_y,kp21_x,kp21_y,kp22_x,kp22_y,kp23_x,kp23_y,kp24_x,kp24_y,kp25_x,kp25_y,kp26_x,kp26_y,kp27_x,kp27_y,kp28_x,kp28_y,kp29_x,kp29_y,kp30_x,kp30_y,kp31_x,kp31_y,kp32_x,kp32_y,label
0.8983829617500305,0.3503829538822174,0.9027378559112549,0.33235567808151245,0.9051587581634521,0.33200061321258545,0.9077675342559814,0.3314991295337677,0.8989567756652832,0.33168062567710876,0.8985353708267212,0.3310539722442627,0.8981770277023315,0.33040741086006165,0.9176689982414246,0.3347657322883606,0.9045580625534058,0.3331567347049713,0.9050176739692688,0.36891689896583557,0.9001337885856628,0.36499232053756714,0.9315352439880371,0.4189285933971405,0.9110197424888611,0.3953000605106354,0.9128022193908691,0.556869626045227,0.8959221839904785,0.5239951014518738,0.8620433211326599,0.5995229482650757,0.8569296598434448,0.5789952278137207,0.8510357141494751,0.6108198761940002,0.8449189066886902,0.5988364815711975,0.8485961556434631,0.598328709602356,0.8446169495582581,0.5943136215209961,0.8517547249794006,0.5955503582954407,0.8491122722625732,0.5901598930358887,0.9406024813652039,0.6425113677978516,0.9280860424041748,0.6106123328208923,0.8353040218353271,0.6445286870002747,0.8367084264755249,0.6103110909461975,0.8542677164077759,0.8552832007408142,0.8508484959602356,0.8303440809249878,0.8709710240364075,0.893116295337677,0.8685497045516968,0.8686270117759705,0.8235224485397339,0.9188126921653748,0.8197514414787292,0.8657379150390625,1
0.8978819847106934,0.3503364026546478,0.902304470539093,0.3321220576763153,0.9047929048538208,0.3317834138870239,0.9074270129203796,0.3313324451446533,0.8984010219573975,0.33143138885498047,0.8979893326759338,0.33075350522994995,0.8976510763168335,0.330020010471344,0.9176889657974243,0.33426645398139954,0.903822660446167,0.33301663398742676,0.9048023819923401,0.36831197142601013,0.8996683359146118,0.3640810549259186,0.9326958060264587,0.419027715921402,0.9100034832954407,0.39612317085266113,0.9125397205352783,0.5495566725730896,0.8934876918792725,0.5159064531326294,0.8617849946022034,0.59471595287323,0.8573858737945557,0.5807798504829407,0.85020911693573,0.6081981062889099,0.8444995284080505,0.5986954569816589,0.8479528427124023,0.5991488695144653,0.8443772792816162,0.5970287919044495,0.8503461480140686,0.5965908169746399,0.8492676019668579,0.5921121835708618,0.9420167803764343,0.6327483057975769,0.9275014400482178,0.602024495601654,0.8353099822998047,0.6437954902648926,0.836006224155426,0.618384599685669,0.8567749261856079,0.8570030331611633,0.8530435562133789,0.8384253978729248,0.8696926236152649,0.8944774866104126,0.8677051663398743,0.87599778175354,0.8236046433448792,0.906087338924408,0.8195745944976807,0.8698793649673462,1
0.8981622457504272,0.3495304584503174,0.9026854634284973,0.33130401372909546,0.905250072479248,0.33083978295326233,0.9079236388206482,0.3303493559360504,0.8984450697898865,0.33107686042785645,0.8978846073150635,0.3305940628051758,0.8974055647850037,0.33006757497787476,0.9176591634750366,0.3341869115829468,0.9033738374710083,0.33296769857406616,0.9050454497337341,0.36794283986091614,0.8995645046234131,0.363775372505188,0.9326255917549133,0.41970938444137573,0.9096493124961853,0.4000253677368164,0.9122385382652283,0.5565288066864014,0.8940072059631348,0.5253862142562866,0.8610842823982239,0.5964858531951904,0.8570073843002319,0.5812910199165344,0.8496315479278564,0.6071501970291138,0.8462598323822021,0.6004285216331482,0.8474898934364319,0.5971059203147888,0.846025288105011,0.5963192582130432,0.8512279391288757,0.5975173115730286,0.851166844367981,0.5916411280632019,0.9413799047470093,0.6327800154685974,0.9264572262763977,0.601799488067627,0.8348535299301147,0.6431581974029541,0.8353719115257263,0.6173374652862549,0.85457843542099,0.8581492900848389,0.8524360656738281,0.837945282459259,0.8707106113433838,0.8952668905258179,0.8660183548927307,0.8771398067474365,0.8237981796264648,0.9426807165145874,0.8202304840087891,0.870351254940033,1
0.8981958627700806,0.35327452421188354,0.9024819135665894,0.33489862084388733,0.90506911277771,0.33434221148490906,0.9077562093734741,0.3337059020996094,0.8980196118354797,0.33512356877326965,0.8973264694213867,0.334796279668808,0.8966799378395081,0.3344355821609497,0.9173609614372253,0.3371400535106659,0.9024784564971924,0.3371994197368622,0.9050515294075012,0.37210720777511597,0.899400532245636,0.36838269233703613,0.9332457780838013,0.41966357827186584,0.9075399041175842,0.4002857506275177,0.9155789613723755,0.5571120977401733,0.8916391730308533,0.5260436534881592,0.8636012077331543,0.5984024405479431,0.8547338843345642,0.5801084637641907,0.8488441109657288,0.6126905679702759,0.8433334827423096,0.5986871123313904,0.8464152812957764,0.6014162302017212,0.842705488204956,0.5919017791748047,0.8497968316078186,0.5981774926185608,0.8479291796684265,0.5909647941589355,0.9400246739387512,0.6385009288787842,0.9238747954368591,0.608551561832428,0.8351869583129883,0.6469461917877197,0.8329974412918091,0.6271197199821472,0.8543988466262817,0.8553874492645264,0.8499507308006287,0.838546872138977,0.8698849081993103,0.8957748413085938,0.8659178018569946,0.8754012584686279,0.819526195526123,0.9501712322235107,0.8186087608337402,0.8836526274681091,1
0.8954198956489563,0.3517265021800995,0.9001262187957764,0.3344915211200714,0.9026074409484863,0.3343910872936249,0.90520179271698,0.3342607617378235,0.8962587118148804,0.33375120162963867,0.8958524465560913,0.33308079838752747,0.8954898118972778,0.3323554992675781,0.9154682755470276,0.3387203812599182,0.9015147686004639,0.3355548679828644,0.9020147323608398,0.3708030581474304,0.8968815803527832,0.3660426437854767,0.9315811395645142,0.4253581464290619,0.9077655673027039,0.40093880891799927,0.9101380109786987,0.5500943660736084,0.8905690908432007,0.5178422927856445,0.8591902256011963,0.5906344056129456,0.854346752166748,0.5759917497634888,0.848425030708313,0.6074846982955933,0.8426021337509155,0.5955806970596313,0.8467499613761902,0.5979333519935608,0.8444928526878357,0.5923638343811035,0.8489936590194702,0.5963312387466431,0.8474236726760864,0.590106189250946,0.9426400065422058,0.6293591856956482,0.9266869425773621,0.6008620262145996,0.837783932685852,0.6445159316062927,0.8337171077728271,0.6225453615188599,0.8555940389633179,0.8593181371688843,0.8523415327072144,0.8447439670562744,0.8711879849433899,0.8944520950317383,0.864656388759613,0.8702002763748169,0.8259587287902832,0.9485187530517578,0.8207507729530334,0.8755447864532471,1
0.8932729363441467,0.35255008935928345,0.8990213871002197,0.3348996937274933,0.9017380475997925,0.3351035416126251,0.9043764472007751,0.3354189395904541,0.8950456380844116,0.33321845531463623,0.8945073485374451,0.33244919776916504,0.894250214099884,0.3314974308013916,0.9143258333206177,0.3398382365703583,0.9021332263946533,0.33361557126045227,0.900455892086029,0.3709575831890106,0.8949201107025146,0.3663678765296936,0.9306482076644897,0.4296695291996002,0.9057231545448303,0.3943254053592682,0.9058232307434082,0.5538226366043091,0.8895753622055054,0.5148634910583496,0.856122612953186,0.5835328698158264,0.852683961391449,0.5775279998779297,0.8449369668960571,0.5937377214431763,0.8394769430160522,0.591606616973877,0.8427872657775879,0.5856645703315735,0.8392214775085449,0.5919361114501953,0.8460491299629211,0.5902033448219299,0.8443464040756226,0.5879787802696228,0.9431429505348206,0.6268788576126099,0.9278063178062439,0.5950966477394104,0.8447736501693726,0.6431490778923035,0.8355259299278259,0.627986490726471,0.8574578762054443,0.8574048280715942,0.8535040020942688,0.8373146653175354,0.8692514300346375,0.893029510974884,0.8650594353675842,0.8753677606582642,0.8253601789474487,0.9089992046356201,0.8214478492736816,0.8819197416305542,1
0.8927724361419678,0.35986384749412537,0.8965297937393188,0.34287312626838684,0.8989192843437195,0.3426416218280792,0.9013796448707581,0.34216246008872986,0.8928120732307434,0.34145063161849976,0.8924429416656494,0.3404366374015808,0.8921591639518738,0.3393416702747345,0.9115933775901794,0.3426035940647125,0.89975506067276,0.3394307494163513,0.8999420404434204,0.37740015983581543,0.8948989510536194,0.37247392535209656,0.9308478832244873,0.4257568120956421,0.904255211353302,0.39615902304649353,0.9080085158348083,0.5593178868293762,0.8842734694480896,0.5080307126045227,0.8592090606689453,0.5982266664505005,0.849363386631012,0.5776849985122681,0.845779299736023,0.612581729888916,0.8368631601333618,0.5990849733352661,0.8439087867736816,0.6017462611198425,0.8391035795211792,0.5954442620277405,0.8473785519599915,0.5984842777252197,0.8440777659416199,0.5910401344299316,0.9390074014663696,0.632116436958313,0.9228996634483337,0.6013693809509277,0.8382132053375244,0.6479299664497375,0.8329005241394043,0.619961678981781,0.8545740842819214,0.8558461666107178,0.849858283996582,0.8359580636024475,0.8708997964859009,0.8919373750686646,0.8652642369270325,0.8722526431083679,0.8247645497322083,0.9515283107757568,0.8204513192176819,0.880737841129303,1
0.8895404934883118,0.3618946969509125,0.8930583000183105,0.34557729959487915,0.8952866792678833,0.3454916477203369,0.8975997567176819,0.3450108766555786,0.8899091482162476,0.3438699245452881,0.8897833824157715,0.34275445342063904,0.8897510766983032,0.3415447175502777,0.908286988735199,0.3448101878166199,0.8978535532951355,0.34100502729415894,0.8963639140129089,0.3777833878993988,0.8922497034072876,0.3735722005367279,0.9316931962966919,0.4222670793533325,0.9014918804168701,0.40755587816238403,0.9062547087669373,0.5539820194244385,0.8824631571769714,0.5133615732192993,0.8571413159370422,0.5891699194908142,0.8461198210716248,0.5813934803009033,0.8441919088363647,0.6031237244606018,0.8335191607475281,0.5934957265853882,0.8426976799964905,0.5979395508766174,0.8334140181541443,0.5925805568695068,0.8460676670074463,0.5955038070678711,0.8382236957550049,0.5902056097984314,0.9371635913848877,0.6320233345031738,0.9209343791007996,0.6063364744186401,0.8379378318786621,0.6433712840080261,0.8329682350158691,0.6398211121559143,0.8568750619888306,0.8523963093757629,0.8520708084106445,0.8454830050468445,0.8690586090087891,0.887206494808197,0.8605753183364868,0.8689869046211243,0.8269466757774353,0.9166706800460815,0.8242790102958679,0.8983351588249207,1
0.8871649503707886,0.364407479763031,0.8900210857391357,0.34769824147224426,0.8920264840126038,0.3479721248149872,0.894177258014679,0.34777554869651794,0.8874837160110474,0.34587159752845764,0.887466549873352,0.34497305750846863,0.887537956237793,0.34406355023384094,0.9056919813156128,0.348032146692276,0.8947619795799255,0.34511667490005493,0.8939660787582397,0.3825398087501526,0.8900817036628723,0.3777499496936798,0.9293269515037537,0.42099305987358093,0.9005060791969299,0.40522500872612,0.9090341329574585,0.5522042512893677,0.8795573711395264,0.5086802840232849,0.8571796417236328,0.5980224013328552,0.8457738161087036,0.5819481015205383,0.8442615270614624,0.61362624168396,0.83348548412323,0.5941553115844727,0.8424999713897705,0.6015728712081909,0.8349030017852783,0.5919252634048462,0.8460988402366638,0.598899245262146,0.8398544192314148,0.5922342538833618,0.9345327019691467,0.6365145444869995,0.9193365573883057,0.6135619878768921,0.8348253965377808,0.6368247270584106,0.8293200731277466,0.6223912239074707,0.852498471736908,0.8506749868392944,0.8450229167938232,0.8349926471710205,0.8666763305664062,0.8856698274612427,0.8559734225273132,0.8592804670333862,0.8215697407722473,0.9378304481506348,0.820321261882782,0.8994486331939697,1
0.8840996026992798,0.36404097080230713,0.8874270915985107,0.3476082384586334,0.8896712064743042,0.3475404679775238,0.8919428586959839,0.34737345576286316,0.8844730854034424,0.3461744487285614,0.8843395709991455,0.34527602791786194,0.8838952779769897,0.34477296471595764,0.9022928476333618,0.3472144901752472,0.8909655213356018,0.3453100025653839,0.8916723132133484,0.38273826241493225,0.8871721625328064,0.37786591053009033,0.9274406433105469,0.41918131709098816,0.8967334032058716,0.4059021770954132,0.9080184102058411,0.54483562707901,0.8797088265419006,0.514427661895752,0.8577713370323181,0.5997290015220642,0.844925045967102,0.5832240581512451,0.8443342447280884,0.6132116913795471,0.8335891366004944,0.6011126041412354,0.8422218561172485,0.6011566519737244,0.8343677520751953,0.5963984131813049,0.8458099961280823,0.5976489186286926,0.8392166495323181,0.592616081237793,0.9331595301628113,0.6375842690467834,0.9206061363220215,0.6192667484283447,0.8357869386672974,0.6345461010932922,0.8320857286453247,0.6300410628318787,0.8527036309242249,0.8488736152648926,0.8501145243644714,0.8425728678703308,0.8666195869445801,0.8805872797966003,0.8569919466972351,0.8593521118164062,0.8234833478927612,0.9420487284660339,0.8194924592971802,0.8967978954315186,1
0.8792953491210938,0.3728676438331604,0.8816918730735779,0.3566572666168213,0.8834937214851379,0.3564046323299408,0.8855934143066406,0.3557950556278229,0.8796647787094116,0.3553782105445862,0.879645824432373,0.35447728633880615,0.879902720451355,0.3533511757850647,0.897090494632721,0.3532719016075134,0.8877671360969543,0.35247179865837097,0.8863130807876587,0.38735681772232056,0.8832486867904663,0.38427022099494934,0.9246418476104736,0.4194089472293854,0.8947145938873291,0.4136984050273895,0.903586745262146,0.5491305589675903,0.8794145584106445,0.5233654379844666,0.854629397392273,0.5847459435462952,0.8441559672355652,0.5813201069831848,0.8417574167251587,0.6004027724266052,0.8311980366706848,0.6002740859985352,0.8401618599891663,0.5972741842269897,0.8310057520866394,0.5989974737167358,0.8442689776420593,0.5931435227394104,0.8365890979766846,0.5952290296554565,0.935227632522583,0.6362274289131165,0.9201680421829224,0.6183345317840576,0.8364671468734741,0.6358520984649658,0.8319612145423889,0.6337850689888,0.8534923195838928,0.8547176718711853,0.8489465117454529,0.848354160785675,0.8665805459022522,0.8874678015708923,0.8629468083381653,0.8809654712677002,0.8257418274879456,0.939766526222229,0.8211560249328613,0.8990130424499512,1
0.8753541707992554,0.37538495659828186,0.8777623772621155,0.35851457715034485,0.8794862627983093,0.3580400049686432,0.8812432885169983,0.35752588510513306,0.8761694431304932,0.35732758045196533,0.8763778209686279,0.35626059770584106,0.87664395570755,0.3551257252693176,0.8930593729019165,0.35487088561058044,0.8852425217628479,0.3534996509552002,0.8816943168640137,0.38925087451934814,0.8789438009262085,0.3864879012107849,0.9186248779296875,0.41811737418174744,0.8920174837112427,0.4137455224990845,0.8998269438743591,0.5401015281677246,0.8777719736099243,0.5242161750793457,0.8532809615135193,0.5845463275909424,0.8430752754211426,0.5865204930305481,0.8425626754760742,0.5967702269554138,0.830150842666626,0.6000919342041016,0.8407975435256958,0.593628466129303,0.8297544121742249,0.5990533232688904,0.8429732322692871,0.5920358896255493,0.8351542949676514,0.5953187346458435,0.9312478303909302,0.6371114253997803,0.917724072933197,0.6207658052444458,0.833326518535614,0.6339306831359863,0.8296110033988953,0.633561909198761,0.8489478230476379,0.8463326692581177,0.846187174320221,0.8475991487503052,0.8630734086036682,0.8781613111495972,0.8601940274238586,0.8805783987045288,0.8232171535491943,0.931929886341095,0.8186568021774292,0.9011244773864746,1
0.874610424041748,0.37882548570632935,0.8766641616821289,0.3611750304698944,0.8785074949264526,0.3601919114589691,0.8807555437088013,0.3587819039821625,0.8744402527809143,0.3609704375267029,0.8744631409645081,0.3599390685558319,0.8743980526924133,0.358957976102829,0.8923173546791077,0.35430043935775757,0.8835614919662476,0.3556651771068573,0.8816831707954407,0.3902358114719391,0.8781901597976685,0.3891389071941376,0.9209907054901123,0.4118126332759857,0.8896188139915466,0.41398289799690247,0.8994113206863403,0.5382354855537415,0.8710735440254211,0.5254596471786499,0.8521019816398621,0.5889362692832947,0.8386789560317993,0.5773177742958069,0.8391286730766296,0.6029917001724243,0.8288286924362183,0.6002129316329956,0.8367283940315247,0.5919477939605713,0.8281829357147217,0.5977292656898499,0.8400982618331909,0.5893760919570923,0.832748532295227,0.5960061550140381,0.9305298924446106,0.6363199353218079,0.9138570427894592,0.6261357665061951,0.8355562686920166,0.6334614753723145,0.830217719078064,0.6271580457687378,0.8472015857696533,0.8557323813438416,0.8417256474494934,0.8478560447692871,0.861506462097168,0.8854453563690186,0.8528906106948853,0.8797597885131836,0.8162059783935547,0.9400249123573303,0.8153403997421265,0.8985283374786377,1
0.8712537884712219,0.3817319869995117,0.8732320070266724,0.3637430667877197,0.8749486207962036,0.3627162575721741,0.8768891096115112,0.36136671900749207,0.870998203754425,0.36389124393463135,0.8709821701049805,0.36307430267333984,0.8710277080535889,0.3620668649673462,0.888584554195404,0.3561251759529114,0.878832995891571,0.3593442142009735,0.8783842325210571,0.3947487473487854,0.8748058676719666,0.3930164873600006,0.9181972146034241,0.40891364216804504,0.886630117893219,0.41721630096435547,0.9026999473571777,0.5324575304985046,0.8726047277450562,0.5257427096366882,0.8506572246551514,0.5819825530052185,0.8399698734283447,0.5802521705627441,0.8391922116279602,0.6004009246826172,0.8275718688964844,0.6051567792892456,0.8351694941520691,0.592358410358429,0.826900064945221,0.6017901301383972,0.8387003540992737,0.5898373126983643,0.8313134908676147,0.5997259616851807,0.928935170173645,0.6336848139762878,0.9123501777648926,0.6268172860145569,0.8331103920936584,0.6273015737533569,0.8283005952835083,0.6253899335861206,0.8444496393203735,0.8530621528625488,0.8397775888442993,0.8488520383834839,0.8599650859832764,0.8825923800468445,0.8508058786392212,0.8811901807785034,0.8134556412696838,0.9116054773330688,0.813630223274231,0.8972277045249939,1
0.8694551587104797,0.38065746426582336,0.8714885711669922,0.3629266619682312,0.8733729124069214,0.3616616725921631,0.8754743933677673,0.3598460555076599,0.8688851594924927,0.36378994584083557,0.8686641454696655,0.36333638429641724,0.8685570955276489,0.3626750409603119,0.8864383697509766,0.3554845154285431,0.875891387462616,0.36015912890434265,0.8772324323654175,0.39444079995155334,0.873002290725708,0.39313259720802307,0.9151158928871155,0.4142190217971802,0.884716272354126,0.4184776246547699,0.898827314376831,0.542410135269165,0.8681948781013489,0.522767186164856,0.850299596786499,0.5891554951667786,0.8385621309280396,0.5802830457687378,0.8368320465087891,0.6045306324958801,0.8271070122718811,0.603998064994812,0.8340315818786621,0.594269335269928,0.8264034390449524,0.6007843017578125,0.8374246954917908,0.5915963053703308,0.830922544002533,0.5985949039459229,0.9304775595664978,0.6352314352989197,0.9134435653686523,0.627912700176239,0.8377484083175659,0.618308424949646,0.8287867903709412,0.6257542371749878,0.8416745662689209,0.8567649126052856,0.8375090956687927,0.8506475687026978,0.8533164858818054,0.8906337022781372,0.8487554788589478,0.8838807344436646,0.8106865286827087,0.9542714357376099,0.8079373240470886,0.9009618163108826,1
0.8674251437187195,0.3828059136867523,0.8690268397331238,0.36406370997428894,0.8709925413131714,0.36248502135276794,0.873279333114624,0.36046653985977173,0.8661497235298157,0.3661337196826935,0.8658531904220581,0.36612215638160706,0.8656039834022522,0.3659292459487915,0.8841762542724609,0.3541261553764343,0.8717918395996094,0.3634585440158844,0.8754196166992188,0.39528322219848633,0.8706267476081848,0.39544475078582764,0.9126698970794678,0.41098302602767944,0.8813613057136536,0.4186687767505646,0.9027671813964844,0.5367268323898315,0.8676375150680542,0.525399923324585,0.853150486946106,0.5876584649085999,0.8380539417266846,0.5883039236068726,0.8403008580207825,0.6038172245025635,0.8294851779937744,0.6043334007263184,0.8371009230613708,0.5932211875915527,0.8286012411117554,0.5991563200950623,0.8395794034004211,0.5943774580955505,0.8332789540290833,0.5953522324562073,0.9295127987861633,0.6360934376716614,0.9122971892356873,0.6254832148551941,0.8348271250724792,0.631055474281311,0.8283836841583252,0.6204345226287842,0.8423677086830139,0.862923264503479,0.8378783464431763,0.8483229279518127,0.8558952212333679,0.8958302736282349,0.8500790596008301,0.879913330078125,0.8112720847129822,0.9610947966575623,0.8106490969657898,0.8976321220397949,1
0.8640851378440857,0.38646331429481506,0.8653404116630554,0.36676955223083496,0.8670105338096619,0.3656002879142761,0.8688709735870361,0.3641795217990875,0.8631017804145813,0.3679276406764984,0.8629765510559082,0.36749428510665894,0.8628655076026917,0.36698901653289795,0.8800129294395447,0.3574260175228119,0.8695823550224304,0.36362314224243164,0.8713492751121521,0.398700475692749,0.8674591183662415,0.3985142409801483,0.9074886441230774,0.412365198135376,0.8793582320213318,0.4150525629520416,0.9003452062606812,0.5357760787010193,0.8653963804244995,0.524814248085022,0.8501747250556946,0.583389401435852,0.835425853729248,0.5908751487731934,0.8382598161697388,0.6045012474060059,0.827194094657898,0.6058335900306702,0.8353078365325928,0.5933796167373657,0.8259419202804565,0.5968453288078308,0.8388271927833557,0.5902637243270874,0.8312740921974182,0.5970212817192078,0.9267851710319519,0.6251884698867798,0.9111624956130981,0.6174575686454773,0.8324443101882935,0.6308103799819946,0.8281659483909607,0.6178600788116455,0.8418774604797363,0.8574129343032837,0.8381869792938232,0.8503131866455078,0.8548906445503235,0.890388011932373,0.8505076766014099,0.8839000463485718,0.8106048107147217,0.918586790561676,0.8111847639083862,0.9020932912826538,1
0.859675407409668,0.3861985504627228,0.8609609603881836,0.3686555325984955,0.8628631830215454,0.3674115836620331,0.8650302886962891,0.3656979203224182,0.8583763241767883,0.3696190118789673,0.858218252658844,0.36912503838539124,0.8581123352050781,0.36860188841819763,0.8755912780761719,0.3574099540710449,0.8649740219116211,0.36500099301338196,0.8675673007965088,0.3982667028903961,0.8633869886398315,0.3975895941257477,0.9034492373466492,0.40887555480003357,0.8752701878547668,0.41663795709609985,0.898770809173584,0.5382587313652039,0.8596962094306946,0.5221186280250549,0.8496888279914856,0.5918263792991638,0.8330015540122986,0.5809929370880127,0.8371570110321045,0.6149515509605408,0.8231170177459717,0.6030739545822144,0.8337841629981995,0.6021225452423096,0.8229418396949768,0.5998510718345642,0.8375390768051147,0.5981868505477905,0.8273792862892151,0.5967982411384583,0.9261816143989563,0.6205223202705383,0.909308910369873,0.613429605960846,0.8314064741134644,0.6314261555671692,0.8248987197875977,0.6199917793273926,0.8428400754928589,0.8587415218353271,0.8375688791275024,0.8439599275588989,0.8552709817886353,0.8904030323028564,0.851234495639801,0.8852339386940002,0.8105979561805725,0.923743724822998,0.8086391091346741,0.9036651849746704,1
0.8578976988792419,0.38553887605667114,0.8589178919792175,0.368580162525177,0.860741913318634,0.3669084310531616,0.8628292679786682,0.36487799882888794,0.8563064336776733,0.3699975609779358,0.8560318946838379,0.36960694193840027,0.8558520674705505,0.36915114521980286,0.8731589317321777,0.35619252920150757,0.8622624278068542,0.3653605878353119,0.8661033511161804,0.39789220690727234,0.8616481423377991,0.3976101577281952,0.9021307229995728,0.40774327516555786,0.8735032081604004,0.4126495122909546,0.893305778503418,0.5332155227661133,0.8568160533905029,0.5253118276596069,0.8469792008399963,0.5911490321159363,0.828155517578125,0.589165210723877,0.8346422910690308,0.6150984764099121,0.8190478086471558,0.6063437461853027,0.8314125537872314,0.6023448705673218,0.8192250728607178,0.6030228734016418,0.8350390791893005,0.5975512266159058,0.8231576681137085,0.5995956659317017,0.9253199696540833,0.619807243347168,0.906586766242981,0.6132695078849792,0.829670250415802,0.6277657151222229,0.8249018788337708,0.6174903512001038,0.8446642160415649,0.8594082593917847,0.8409119248390198,0.8445655703544617,0.8588980436325073,0.8864463567733765,0.8543579578399658,0.8721050024032593,0.811408519744873,0.9246268272399902,0.8120025992393494,0.9093091487884521,1
0.8553043603897095,0.3889801800251007,0.856104850769043,0.371462345123291,0.8577376008033752,0.3693581819534302,0.8595196008682251,0.36674371361732483,0.8538044691085815,0.373559832572937,0.8536074161529541,0.37317830324172974,0.8534307479858398,0.3727533221244812,0.8701051473617554,0.35703128576278687,0.859321117401123,0.3688192367553711,0.8631598949432373,0.40040600299835205,0.8591511249542236,0.40125739574432373,0.8980708122253418,0.4047979712486267,0.8713154792785645,0.42293426394462585,0.8857804536819458,0.5299740433692932,0.854020893573761,0.5313233733177185,0.8437827825546265,0.5913240313529968,0.8262835144996643,0.5839232206344604,0.8318328261375427,0.6136797070503235,0.8191913366317749,0.6099693775177002,0.828733503818512,0.6030124425888062,0.818778395652771,0.6061999201774597,0.831985592842102,0.5997341871261597,0.8225369453430176,0.6040131449699402,0.9222942590713501,0.618225634098053,0.9056530594825745,0.6179915070533752,0.82771235704422,0.6306438446044922,0.8251546025276184,0.6305118203163147,0.8459603190422058,0.8578166961669922,0.8421255350112915,0.8537472486495972,0.8577529191970825,0.8858875036239624,0.8539303541183472,0.882643461227417,0.8130950331687927,0.9265151023864746,0.8121553063392639,0.9190647602081299,1
0.850755512714386,0.3967091739177704,0.8507891893386841,0.37802112102508545,0.8519542813301086,0.37603089213371277,0.853312075138092,0.3736014664173126,0.8494139313697815,0.37947842478752136,0.8494513630867004,0.3786899447441101,0.8495271801948547,0.37770476937294006,0.8645548820495605,0.36183178424835205,0.8563418388366699,0.370414137840271,0.857937216758728,0.40662717819213867,0.8551300764083862,0.40636715292930603,0.8945697546005249,0.406405508518219,0.871532678604126,0.4179794490337372,0.877217173576355,0.5355448126792908,0.8557568788528442,0.5316420197486877,0.8395973443984985,0.6012166738510132,0.8271946310997009,0.593975305557251,0.8289638757705688,0.6242632865905762,0.8176461458206177,0.6176285743713379,0.8261108994483948,0.6129459738731384,0.8173025250434875,0.6141550540924072,0.8293218612670898,0.6088100671768188,0.8216322660446167,0.6098014712333679,0.9199275970458984,0.6181648969650269,0.9046567678451538,0.617364764213562,0.82703697681427,0.6392102837562561,0.8267099857330322,0.6468097567558289,0.8469052314758301,0.8598071932792664,0.8467197418212891,0.863295316696167,0.8628749847412109,0.8804678916931152,0.853084921836853,0.8793204426765442,0.8158881664276123,0.9280921220779419,0.8179126977920532,0.9267798662185669,1
0.8474523425102234,0.4004068374633789,0.8473404049873352,0.38196465373039246,0.8484953045845032,0.37988075613975525,0.8496845960617065,0.37751099467277527,0.8456847071647644,0.38353896141052246,0.8456528186798096,0.3826260268688202,0.8456368446350098,0.3815174996852875,0.860416829586029,0.3651990294456482,0.852806568145752,0.3729938864707947,0.8542590737342834,0.4079892039299011,0.8516062498092651,0.40849238634109497,0.8906099200248718,0.4074942171573639,0.8695045709609985,0.42053520679473877,0.8724618554115295,0.5387611985206604,0.8549112677574158,0.5339758992195129,0.8342362642288208,0.6076006889343262,0.8256238102912903,0.6011615991592407,0.8241494297981262,0.6243264675140381,0.8157038688659668,0.6195235848426819,0.8222569823265076,0.61732417345047,0.8167563080787659,0.6163524389266968,0.8254726529121399,0.6127786636352539,0.8207221031188965,0.6123113632202148,0.9187355041503906,0.6159061193466187,0.9026826024055481,0.6172323226928711,0.8271317481994629,0.646304726600647,0.8286749124526978,0.6669721603393555,0.8518749475479126,0.855496883392334,0.8511211276054382,0.8577628135681152,0.8679282665252686,0.8731703162193298,0.8594925403594971,0.8722137808799744,0.8251702785491943,0.9312306642532349,0.8233159184455872,0.9243829250335693,1
0.8414778113365173,0.40034040808677673,0.8413420915603638,0.3818519413471222,0.8425004482269287,0.3801107406616211,0.8437575101852417,0.37822115421295166,0.8399000763893127,0.3830592930316925,0.8399903178215027,0.3822697103023529,0.8401932716369629,0.3813134431838989,0.8549097180366516,0.36676025390625,0.8479013442993164,0.37376663088798523,0.8479375839233398,0.40783366560935974,0.8456064462661743,0.40866249799728394,0.8847672939300537,0.4102640748023987,0.8640075325965881,0.42412281036376953,0.8742894530296326,0.5393912196159363,0.854999303817749,0.5332426428794861,0.8355211615562439,0.6021385788917542,0.8266615867614746,0.5974856615066528,0.8254779577255249,0.6154096722602844,0.8161399960517883,0.617100179195404,0.8233697414398193,0.6109595894813538,0.8155584931373596,0.6143175363540649,0.8256573677062988,0.6087685227394104,0.8200114369392395,0.6096540093421936,0.9167249798774719,0.6070013046264648,0.9009402990341187,0.60738605260849,0.8278325200080872,0.6485966444015503,0.8242371082305908,0.6524366736412048,0.8522458672523499,0.8612942695617676,0.8501870036125183,0.8540784120559692,0.8656613826751709,0.8844481110572815,0.857194185256958,0.8751653432846069,0.8260197639465332,0.9363894462585449,0.8244139552116394,0.927289605140686,1
0.8374093770980835,0.4017278850078583,0.8368040323257446,0.38341793417930603,0.8378824591636658,0.3814813792705536,0.8392659425735474,0.3790673017501831,0.8356003761291504,0.38522857427597046,0.8357589840888977,0.3846230208873749,0.8359787464141846,0.3838558495044708,0.8501583933830261,0.36788734793663025,0.8439521193504333,0.37625718116760254,0.8441987037658691,0.4089142680168152,0.8420852422714233,0.4103636145591736,0.8791956901550293,0.411882221698761,0.8618057370185852,0.43157708644866943,0.8693438172340393,0.5395981073379517,0.8523361682891846,0.5399819016456604,0.8319559097290039,0.6086690425872803,0.8217448592185974,0.6080019474029541,0.8231909871101379,0.6221877336502075,0.8115089535713196,0.6211605668067932,0.8197463750839233,0.6143049597740173,0.8102611303329468,0.6205387711524963,0.8231322169303894,0.6155573725700378,0.8143945336341858,0.6160291433334351,0.9175492525100708,0.604936957359314,0.9038318991661072,0.6061384677886963,0.8261192440986633,0.659209132194519,0.8286451697349548,0.6672468185424805,0.8535829186439514,0.8614600300788879,0.8518640398979187,0.8637574315071106,0.8665847182273865,0.8876338601112366,0.8653827905654907,0.891490638256073,0.8292588591575623,0.9361025094985962,0.8284827470779419,0.9290428757667542,1
0.8333557844161987,0.40943074226379395,0.8323309421539307,0.3913256525993347,0.8337002396583557,0.38944074511528015,0.8352928161621094,0.3871110677719116,0.8307984471321106,0.3928866982460022,0.8308570981025696,0.39228472113609314,0.8309634923934937,0.3915097117424011,0.8466149568557739,0.37457945942878723,0.8391537666320801,0.3841780126094818,0.8401849269866943,0.41670894622802734,0.8378520607948303,0.41825512051582336,0.8780725002288818,0.410941481590271,0.8566998839378357,0.43638527393341064,0.865008533000946,0.5489888191223145,0.8481031656265259,0.5485881567001343,0.8295096755027771,0.6097604036331177,0.8182218074798584,0.6130577325820923,0.819772481918335,0.6311378479003906,0.8084280490875244,0.6280962824821472,0.8165124654769897,0.622294545173645,0.8084813356399536,0.6242509484291077,0.8198353052139282,0.6171489357948303,0.8124504685401917,0.6190248727798462,0.9170293211936951,0.6050911545753479,0.9004596471786499,0.6100178956985474,0.8278645277023315,0.6575266122817993,0.825753927230835,0.6556894779205322,0.8568760752677917,0.8610427975654602,0.8551127910614014,0.8610041737556458,0.8708988428115845,0.8937679529190063,0.8676460981369019,0.8867844939231873,0.8333763480186462,0.938836932182312,0.8335580229759216,0.926996648311615,1
0.830988883972168,0.41321709752082825,0.8299250602722168,0.3953115940093994,0.8312658071517944,0.3933030068874359,0.8327666521072388,0.39087343215942383,0.8283912539482117,0.3968535363674164,0.8284660577774048,0.3962944447994232,0.8285912275314331,0.3955490291118622,0.8429322242736816,0.378739595413208,0.8362963795661926,0.3880002200603485,0.8383070826530457,0.4187895655632019,0.8361135125160217,0.4207499325275421,0.8746182322502136,0.4057890772819519,0.8553815484046936,0.436475932598114,0.8659439086914062,0.5395967960357666,0.8458232879638672,0.5543577671051025,0.8292591571807861,0.6187331676483154,0.8184735774993896,0.6272751688957214,0.817760169506073,0.6386388540267944,0.8086580038070679,0.6421715617179871,0.8154468536376953,0.6327772736549377,0.8066261410713196,0.6396950483322144,0.8190327286720276,0.6275486946105957,0.8110061287879944,0.6337963342666626,0.9136720299720764,0.5941555500030518,0.8973838686943054,0.6034154891967773,0.8279521465301514,0.6536410450935364,0.8242121934890747,0.6574740409851074,0.8580707311630249,0.8625920414924622,0.8547007441520691,0.855060875415802,0.873748779296875,0.8899428844451904,0.8643174767494202,0.874315619468689,0.836822509765625,0.9401527047157288,0.8357133269309998,0.9318631887435913,1
0.8239918947219849,0.4127529263496399,0.8229691982269287,0.3948313295841217,0.8241598606109619,0.3920601010322571,0.8256354331970215,0.38898521661758423,0.821527898311615,0.3979760408401489,0.8216190338134766,0.39772331714630127,0.8217823505401611,0.39731186628341675,0.8366683721542358,0.3761231303215027,0.8298850655555725,0.3893912732601166,0.8312297463417053,0.419047474861145,0.8289331793785095,0.4216121435165405,0.8680576086044312,0.40829238295555115,0.8493611812591553,0.44688016176223755,0.8586404323577881,0.5410312414169312,0.8394736647605896,0.558317244052887,0.8242303729057312,0.618670642375946,0.8162444829940796,0.6227777004241943,0.8141257762908936,0.6389108300209045,0.8065211772918701,0.6416536569595337,0.8104766011238098,0.6299059391021729,0.8060613870620728,0.6368948221206665,0.8151331543922424,0.6271870732307434,0.8102574944496155,0.6304435729980469,0.9086686372756958,0.5911728143692017,0.8909661173820496,0.6065515279769897,0.8273099660873413,0.6629418730735779,0.8234918117523193,0.678529679775238,0.861480712890625,0.8629060983657837,0.8583613038063049,0.8663368225097656,0.8769788146018982,0.869900107383728,0.8695692420005798,0.8822454214096069,0.8416035771369934,0.9399921298027039,0.8409162759780884,0.9384431838989258,1
0.8221710324287415,0.42093920707702637,0.8212081789970398,0.4029146432876587,0.8226507902145386,0.40013229846954346,0.8242733478546143,0.39678671956062317,0.8193585276603699,0.4061228632926941,0.8193469643592834,0.4059890806674957,0.8194030523300171,0.40571537613868713,0.8338895440101624,0.3841378390789032,0.8267852663993835,0.3986537456512451,0.829852283000946,0.4259047508239746,0.8274893760681152,0.42881712317466736,0.863771378993988,0.40941786766052246,0.8453496694564819,0.4498283267021179,0.859728991985321,0.5398648977279663,0.8405071496963501,0.560917854309082,0.823763906955719,0.6242357492446899,0.8156870007514954,0.6348091959953308,0.8133288621902466,0.6467472314834595,0.8073394894599915,0.6569051146507263,0.8104934096336365,0.642162561416626,0.8060269951820374,0.6521883010864258,0.8139947056770325,0.6359924077987671,0.8101100325584412,0.645409345626831,0.9062443375587463,0.5873485803604126,0.8890475630760193,0.6057555675506592,0.8270931243896484,0.6688543558120728,0.8250535726547241,0.6794822216033936,0.8627375960350037,0.8647000193595886,0.8598932027816772,0.8680174350738525,0.8801369667053223,0.8845978379249573,0.8748958706855774,0.8859012722969055,0.846281886100769,0.970381498336792,0.8422420620918274,0.9426908493041992,1
0.8159732222557068,0.4303697943687439,0.814660370349884,0.41251394152641296,0.8159694671630859,0.4100601077079773,0.8175622820854187,0.40704798698425293,0.813149094581604,0.4145490527153015,0.8132646679878235,0.41392964124679565,0.8134250640869141,0.4132266938686371,0.8287267684936523,0.3919030427932739,0.8213347792625427,0.40543293952941895,0.8236498236656189,0.43605920672416687,0.8215280771255493,0.43841660022735596,0.8585337996482849,0.41855156421661377,0.8402994871139526,0.46115657687187195,0.8440089225769043,0.555112361907959,0.8337764739990234,0.572960376739502,0.811905562877655,0.6336374282836914,0.8101922273635864,0.6380419731140137,0.8031631112098694,0.6571288704872131,0.8003232479095459,0.6583425402641296,0.7996641993522644,0.6506170630455017,0.7996980547904968,0.6559731960296631,0.8030064702033997,0.6439638733863831,0.8036483526229858,0.6486153602600098,0.9034110307693481,0.587279736995697,0.8873656988143921,0.6072444915771484,0.8268429636955261,0.674425482749939,0.8263903856277466,0.6963659524917603,0.8651644587516785,0.8641036152839661,0.8645501732826233,0.8715054988861084,0.8854410648345947,0.86869877576828,0.8757695555686951,0.893448531627655,0.8552800416946411,0.9612770676612854,0.8523889780044556,0.9701980948448181,1
0.8103935718536377,0.43622609972953796,0.8089643716812134,0.41840919852256775,0.8100944757461548,0.41592979431152344,0.8114089965820312,0.41294193267822266,0.8078130483627319,0.4208207428455353,0.8080080151557922,0.42021626234054565,0.8082551956176758,0.4193892478942871,0.8224508166313171,0.3962915539741516,0.8161228895187378,0.4093353748321533,0.8179123401641846,0.4420042037963867,0.8159413933753967,0.4440267086029053,0.8521787524223328,0.423678994178772,0.8355420231819153,0.4612353444099426,0.8394873142242432,0.5592257380485535,0.8278862237930298,0.5723088979721069,0.8065812587738037,0.6540917754173279,0.8040643930435181,0.6512535810470581,0.79824298620224,0.673310399055481,0.7958515882492065,0.6724072694778442,0.7955974340438843,0.669547975063324,0.7948620915412903,0.6694269180297852,0.7985059022903442,0.6626620888710022,0.7985731959342957,0.6618825793266296,0.8991891741752625,0.585159957408905,0.8826348185539246,0.6026400327682495,0.8267703652381897,0.681705117225647,0.8226932883262634,0.6981943845748901,0.8702058792114258,0.8629724979400635,0.8624697923660278,0.8653544187545776,0.8914390802383423,0.860963761806488,0.8769416213035583,0.8911831378936768,0.8650984168052673,0.9569311738014221,0.8526821732521057,0.9545255899429321,1
0.8061972260475159,0.44552749395370483,0.8041443824768066,0.42695996165275574,0.8052015900611877,0.42417585849761963,0.8064871430397034,0.4209331274032593,0.803045928478241,0.4292539656162262,0.803252637386322,0.4284571409225464,0.8035351634025574,0.4274578392505646,0.8169893622398376,0.4034609794616699,0.811488926410675,0.4168434739112854,0.8134958744049072,0.4498205780982971,0.8120228052139282,0.45217180252075195,0.8463343381881714,0.4271800220012665,0.8332119584083557,0.4703500270843506,0.8353629112243652,0.5559918880462646,0.826606273651123,0.5786347985267639,0.802710235118866,0.6483013033866882,0.8074782490730286,0.644179105758667,0.7924148440361023,0.6715118885040283,0.7951759696006775,0.6710540652275085,0.7895283102989197,0.6682924628257751,0.7945067882537842,0.6700663566589355,0.7927995920181274,0.6652783751487732,0.7996965646743774,0.6587587594985962,0.8970916867256165,0.581816554069519,0.8841874599456787,0.6061459183692932,0.8268864154815674,0.6721818447113037,0.8233311176300049,0.7153473496437073,0.8755537271499634,0.8614159226417542,0.864406943321228,0.8675248026847839,0.8967413902282715,0.8636096715927124,0.8802279233932495,0.8863040208816528,0.870663046836853,0.9622149467468262,0.8599564433097839,0.9665308594703674,1
0.8021144270896912,0.4526287317276001,0.7997668385505676,0.43486690521240234,0.8006471395492554,0.43198221921920776,0.8016385436058044,0.4286077320575714,0.7990489602088928,0.4372771084308624,0.7993196845054626,0.4362826943397522,0.7996334433555603,0.4351234436035156,0.811345100402832,0.4098600149154663,0.8072835206985474,0.423195481300354,0.809246838092804,0.45552125573158264,0.8083307147026062,0.45778733491897583,0.838345468044281,0.4292205572128296,0.8321670293807983,0.4698299169540405,0.8294029235839844,0.5560160279273987,0.8269745111465454,0.5726831555366516,0.7990082502365112,0.6533879041671753,0.8027054071426392,0.6599801182746887,0.7896514534950256,0.6809053421020508,0.7914993762969971,0.6873751878738403,0.7867990732192993,0.6787346601486206,0.790593147277832,0.6852842569351196,0.7906085848808289,0.6683928370475769,0.7998747825622559,0.6689309477806091,0.8924984931945801,0.5837199687957764,0.8827648758888245,0.6102272868156433,0.8221244812011719,0.6693317294120789,0.8254627585411072,0.7223151922225952,0.8802535533905029,0.8366588354110718,0.863451361656189,0.8697714805603027,0.8941588401794434,0.8614816665649414,0.8804006576538086,0.8929934501647949,0.8729813098907471,0.939594030380249,0.8606833815574646,0.9718575477600098,1
0.7984086871147156,0.4611496329307556,0.7955973148345947,0.44274210929870605,0.7963837385177612,0.43982911109924316,0.797197699546814,0.43634092807769775,0.7947612404823303,0.44541850686073303,0.7948886156082153,0.44461026787757874,0.7950612306594849,0.44353145360946655,0.8064655661582947,0.4177064001560211,0.8023096323013306,0.4307631850242615,0.8047991394996643,0.46293967962265015,0.8038058876991272,0.46613603830337524,0.8340615034103394,0.4341502785682678,0.8270403742790222,0.4714627265930176,0.827204704284668,0.5598698258399963,0.8235334753990173,0.5707085728645325,0.7946615219116211,0.6590094566345215,0.7977724671363831,0.6617645025253296,0.7847403883934021,0.6859768629074097,0.7908467650413513,0.6832873821258545,0.7833601236343384,0.6848446130752563,0.7875804305076599,0.6893836855888367,0.7871214747428894,0.6744387149810791,0.7960643172264099,0.6701022386550903,0.8894055485725403,0.5865064859390259,0.8780665397644043,0.6042188405990601,0.8249930739402771,0.6901190876960754,0.8230306506156921,0.7008371949195862,0.8753403425216675,0.8601217269897461,0.8597339391708374,0.8562378883361816,0.8916587829589844,0.8771243095397949,0.8758677244186401,0.8726728558540344,0.8590453267097473,0.9708589315414429,0.8530923128128052,0.9372692108154297,1
0.7921873331069946,0.47155699133872986,0.7897071838378906,0.45357877016067505,0.7903972864151001,0.4508048892021179,0.7911198139190674,0.4481661319732666,0.7890695929527283,0.4549095034599304,0.7893165349960327,0.4536536931991577,0.7895928025245667,0.4521884322166443,0.7987626194953918,0.43271541595458984,0.7974557280540466,0.43846094608306885,0.7984045147895813,0.4738158583641052,0.7982158064842224,0.4753727316856384,0.8260911107063293,0.446704626083374,0.8288582563400269,0.46472468972206116,0.8160501718521118,0.5690411925315857,0.8313755393028259,0.5673232078552246,0.7871614694595337,0.6822453141212463,0.8140835762023926,0.6578481793403625,0.7778777480125427,0.7118563652038574,0.8090746998786926,0.6727744340896606,0.7760061621665955,0.7090808153152466,0.8073169589042664,0.6718241572380066,0.7797117233276367,0.6989959478378296,0.809905469417572,0.6667341589927673,0.8846914172172546,0.5963502526283264,0.8856762647628784,0.6012166142463684,0.8244731426239014,0.7030412554740906,0.8300427198410034,0.7166272401809692,0.8764784336090088,0.8639278411865234,0.875345766544342,0.8500039577484131,0.8960464596748352,0.8770132064819336,0.887771487236023,0.8562420606613159,0.8723880648612976,0.9486974477767944,0.8591065406799316,0.9193735122680664,1
0.7873905897140503,0.47819843888282776,0.7844540476799011,0.4614301323890686,0.785184383392334,0.4588209390640259,0.7858115434646606,0.45611822605133057,0.7838438749313354,0.4631757140159607,0.7840247750282288,0.462194561958313,0.7842049598693848,0.461009681224823,0.7925873398780823,0.43978351354599,0.7913486361503601,0.4481690227985382,0.793971836566925,0.4801997244358063,0.7937203645706177,0.48225370049476624,0.8202097415924072,0.44826585054397583,0.8243036270141602,0.46481412649154663,0.8061209917068481,0.5653722882270813,0.8288748860359192,0.5572551488876343,0.7815741300582886,0.6880398988723755,0.814273476600647,0.644481360912323,0.7725868821144104,0.7181674838066101,0.8104895353317261,0.659078061580658,0.7706564664840698,0.7186460494995117,0.8084373474121094,0.6591407656669617,0.7743854522705078,0.7080752849578857,0.8107048869132996,0.654416024684906,0.8828256130218506,0.5936171412467957,0.8814586400985718,0.5959447622299194,0.824525773525238,0.7059668302536011,0.8306978940963745,0.715499222278595,0.8790897130966187,0.8609105348587036,0.8709735870361328,0.8529298305511475,0.8935434818267822,0.8751295208930969,0.8865189552307129,0.8609961867332458,0.8743094801902771,0.9488985538482666,0.8681281208992004,0.9297354221343994,1
0.7806277275085449,0.49344325065612793,0.7771899700164795,0.4751861095428467,0.7777239680290222,0.47244834899902344,0.778282642364502,0.470009446144104,0.7770639061927795,0.47620290517807007,0.7774044871330261,0.47479572892189026,0.7777100801467896,0.473247230052948,0.7856960296630859,0.4561717212200165,0.7849543690681458,0.4591361880302429,0.7866942286491394,0.4950129985809326,0.7866173386573792,0.49598637223243713,0.8097763657569885,0.467113733291626,0.8176892399787903,0.4636690616607666,0.7975250482559204,0.602840781211853,0.8282981514930725,0.5633271932601929,0.7724781632423401,0.7120696902275085,0.8195896744728088,0.6502791047096252,0.7653287649154663,0.7384226322174072,0.8159087896347046,0.6586765050888062,0.7624844312667847,0.7356999516487122,0.8138284087181091,0.6600173711776733,0.765815258026123,0.7240763902664185,0.8154518008232117,0.6572492122650146,0.8781548142433167,0.5888291597366333,0.879696786403656,0.5873121023178101,0.8240662813186646,0.7075273990631104,0.8332023024559021,0.719862699508667,0.8777036070823669,0.8914727568626404,0.8760862350463867,0.8683880567550659,0.8926481008529663,0.9050711989402771,0.8869994282722473,0.8767672777175903,0.8757944107055664,0.9570983648300171,0.872381329536438,0.935579776763916,1
0.7763795256614685,0.5083376169204712,0.7722987532615662,0.49242907762527466,0.7725240588188171,0.4902946352958679,0.7729571461677551,0.48719522356987,0.7726762890815735,0.4931870102882385,0.7731096744537354,0.4917077422142029,0.7735810875892639,0.4901086688041687,0.7797252535820007,0.4700196385383606,0.7808705568313599,0.4724265933036804,0.7816499471664429,0.5102554559707642,0.782637357711792,0.510801374912262,0.8011614084243774,0.4836617708206177,0.8121730089187622,0.4881405234336853,0.7875515222549438,0.6174860596656799,0.802180826663971,0.6013818979263306,0.763411283493042,0.7256943583488464,0.7901546955108643,0.7037308216094971,0.7577012777328491,0.7493462562561035,0.7718872427940369,0.7279641032218933,0.7553780674934387,0.7500996589660645,0.7688956260681152,0.7274930477142334,0.7578471899032593,0.7404348254203796,0.7696316242218018,0.7240508794784546,0.8760353326797485,0.5838234424591064,0.8825767636299133,0.5829997658729553,0.8238095641136169,0.7170466184616089,0.8509964942932129,0.7252452373504639,0.8794664740562439,0.8767952919006348,0.8896884918212891,0.8742783069610596,0.8953463435173035,0.9100925922393799,0.9067726731300354,0.8885942697525024,0.8744910359382629,0.9559304714202881,0.8831957578659058,0.9509497880935669,1
0.7680990695953369,0.5233756899833679,0.7641782760620117,0.5052107572555542,0.7644103765487671,0.5028687119483948,0.764693558216095,0.5006237626075745,0.7645026445388794,0.5060433745384216,0.7648714184761047,0.504392683506012,0.7652584910392761,0.5027731657028198,0.7708307504653931,0.48652833700180054,0.7715328335762024,0.49022048711776733,0.7732213735580444,0.5236301422119141,0.7739747762680054,0.5253222584724426,0.7912505269050598,0.5032746195793152,0.8018855452537537,0.5049788951873779,0.7809866070747375,0.6276804208755493,0.7935904264450073,0.6201283931732178,0.7603920698165894,0.731613039970398,0.7698180079460144,0.7163917422294617,0.7552538514137268,0.7511597871780396,0.7643246650695801,0.7405058741569519,0.7532863616943359,0.7524093389511108,0.7621386051177979,0.7420865893363953,0.7560550570487976,0.7473155856132507,0.7633453011512756,0.7366759181022644,0.8768956661224365,0.5639286637306213,0.8805599808692932,0.5616637468338013,0.8249934911727905,0.7273315787315369,0.8338267803192139,0.7087138295173645,0.8878331184387207,0.8757561445236206,0.8886114954948425,0.8422713279724121,0.9094053506851196,0.8835121393203735,0.9000656604766846,0.8569056987762451,0.8808619379997253,0.9539909362792969,0.8903568983078003,0.8911616802215576,1
0.7626937627792358,0.5376943945884705,0.7613782286643982,0.5241655111312866,0.7618584036827087,0.5224419832229614,0.7620937824249268,0.5215785503387451,0.7598748207092285,0.5254824757575989,0.7594013810157776,0.5248053669929504,0.7588253617286682,0.5247907042503357,0.7664159536361694,0.5125035643577576,0.7634769082069397,0.5176520943641663,0.7698591351509094,0.5397518873214722,0.7680474519729614,0.5404358506202698,0.7881250977516174,0.528511106967926,0.7853803634643555,0.5199077725410461,0.7800441980361938,0.6579810380935669,0.7753459811210632,0.6079655885696411,0.7561807036399841,0.7346137762069702,0.7575790882110596,0.695480465888977,0.7495326995849609,0.7695379853248596,0.7502349615097046,0.7271764874458313,0.7484139204025269,0.76155686378479,0.749801754951477,0.7306602001190186,0.7517117261886597,0.7517147064208984,0.7516363859176636,0.7147183418273926,0.8822164535522461,0.5467920899391174,0.8810389637947083,0.5438147783279419,0.8293176889419556,0.729591965675354,0.8291002511978149,0.7128314971923828,0.894197404384613,0.8813912868499756,0.8784746527671814,0.8430360555648804,0.9106167554855347,0.8933941125869751,0.8933346271514893,0.8541104793548584,0.8787738680839539,0.9659358859062195,0.8600578308105469,0.922280490398407,1
0.759728729724884,0.5517547726631165,0.7563807964324951,0.5416545271873474,0.7563688158988953,0.5394007563591003,0.7561052441596985,0.5351420640945435,0.7559219002723694,0.5437403321266174,0.7567088007926941,0.5431638360023499,0.756406307220459,0.5431044101715088,0.758525013923645,0.524054765701294,0.7590259313583374,0.5304050445556641,0.7637616991996765,0.5514357089996338,0.7635332345962524,0.553292989730835,0.7718039751052856,0.5270463824272156,0.7863473296165466,0.5315150618553162,0.7688655853271484,0.6488447189331055,0.7795239090919495,0.6252719759941101,0.7496706247329712,0.7423363924026489,0.757516622543335,0.7084935307502747,0.7444301247596741,0.7742266654968262,0.7510014176368713,0.7436842322349548,0.7426401972770691,0.7737873792648315,0.7502244710922241,0.731255054473877,0.7444705367088318,0.766992449760437,0.7551637887954712,0.7236334681510925,0.8704380393028259,0.5363648533821106,0.8723339438438416,0.5404947400093079,0.8194483518600464,0.724031925201416,0.8245994448661804,0.7210079431533813,0.8918169736862183,0.8808151483535767,0.8798103928565979,0.860912561416626,0.9116824865341187,0.9004033803939819,0.8955630660057068,0.8699363470077515,0.8834044933319092,0.9744009971618652,0.8807138204574585,0.923596978187561,1
0.7555643916130066,0.5712723135948181,0.752897322177887,0.558076024055481,0.7531049251556396,0.5558652281761169,0.7531170845031738,0.5544007420539856,0.7521723508834839,0.5628801584243774,0.751890242099762,0.5624076128005981,0.7514813542366028,0.562950849533081,0.7553958892822266,0.5418417453765869,0.7549959421157837,0.550523579120636,0.7595536708831787,0.569934606552124,0.758791446685791,0.5711895823478699,0.7702523469924927,0.550794243812561,0.777991771697998,0.5498458743095398,0.7647066116333008,0.6761254072189331,0.7687331438064575,0.6507000923156738,0.7403188347816467,0.7876254916191101,0.7460715770721436,0.7397259473800659,0.7363725304603577,0.8108253479003906,0.739876389503479,0.771402895450592,0.7317407727241516,0.8042682409286499,0.7395263314247131,0.7729494571685791,0.7355449199676514,0.7975534796714783,0.7436572313308716,0.7575463056564331,0.8680219054222107,0.539523184299469,0.869634747505188,0.5413811802864075,0.8174821734428406,0.7338571548461914,0.8241902589797974,0.7278527021408081,0.8830944895744324,0.8497275114059448,0.8863391280174255,0.8256552815437317,0.9004690647125244,0.8481090068817139,0.9008174538612366,0.8290726542472839,0.8774077296257019,0.9373922348022461,0.8911464214324951,0.879915714263916,1
0.7450562715530396,0.6017054319381714,0.7444338798522949,0.5830387473106384,0.7448060512542725,0.5799685120582581,0.7450082302093506,0.577755331993103,0.7435382604598999,0.5853676795959473,0.7434389591217041,0.5839458703994751,0.7433152198791504,0.5830152034759521,0.747277021408081,0.562280535697937,0.7478851079940796,0.5697019100189209,0.7503449320793152,0.5964187979698181,0.7495532035827637,0.5984737873077393,0.7639000415802002,0.5669849514961243,0.7807950377464294,0.5593023896217346,0.7561026215553284,0.6845991611480713,0.7854267954826355,0.6606982350349426,0.736094057559967,0.8347442746162415,0.7508912682533264,0.7694231271743774,0.723278284072876,0.8322516083717346,0.7419792413711548,0.7984498739242554,0.7161164283752441,0.8356084227561951,0.7408735752105713,0.7977128028869629,0.7223520874977112,0.829971969127655,0.7450748682022095,0.7931982278823853,0.8626741766929626,0.5387687087059021,0.8641694784164429,0.5406017899513245,0.8223563432693481,0.7422681450843811,0.8249400854110718,0.7368489503860474,0.8964831233024597,0.8684274554252625,0.8781566023826599,0.8383642435073853,0.9144633412361145,0.8915681838989258,0.8918092846870422,0.8453454375267029,0.8891368508338928,0.9424137473106384,0.8805174827575684,0.8929444551467896,1
0.7420899271965027,0.628879964351654,0.7391108274459839,0.6208325624465942,0.7390238046646118,0.6199699640274048,0.7386889457702637,0.6200098395347595,0.7399564981460571,0.6211550235748291,0.7399942874908447,0.6206315159797668,0.7399685382843018,0.6209467649459839,0.7397398352622986,0.6010709404945374,0.7444600462913513,0.6043266654014587,0.7454038262367249,0.6237923502922058,0.7468636631965637,0.6257267594337463,0.7518646717071533,0.583442747592926,0.773857593536377,0.5813082456588745,0.7280339598655701,0.6868855357170105,0.7764163613319397,0.6714494228363037,0.7044118046760559,0.8439715504646301,0.7493622899055481,0.7891246676445007,0.6968625783920288,0.8623127937316895,0.7381585836410522,0.8040865063667297,0.6912304162979126,0.8625521659851074,0.7379487752914429,0.8105992674827576,0.6962262392044067,0.8571312427520752,0.7445541024208069,0.8067264556884766,0.8574970960617065,0.5366259813308716,0.8609651327133179,0.5423723459243774,0.8145155906677246,0.7398842573165894,0.8279527425765991,0.7457979917526245,0.8885565996170044,0.8580406904220581,0.8855946063995361,0.8374295234680176,0.9068459272384644,0.8552497625350952,0.8990746736526489,0.8359977006912231,0.8837695121765137,0.9497917890548706,0.8898707032203674,0.9033185243606567,1
0.7256175875663757,0.6409737467765808,0.7248709201812744,0.6328314542770386,0.7252422571182251,0.6303487420082092,0.7254119515419006,0.6291217803955078,0.7237851619720459,0.6380977034568787,0.723500669002533,0.6391575336456299,0.7232272624969482,0.6409431099891663,0.7268666625022888,0.6100998520851135,0.7287601232528687,0.6277613639831543,0.7329713702201843,0.6345443725585938,0.7322866320610046,0.6402184963226318,0.7450243234634399,0.593055784702301,0.7555809617042542,0.5989307165145874,0.7338119745254517,0.7196313738822937,0.7467080354690552,0.7105098962783813,0.7117779850959778,0.8490922451019287,0.72962486743927,0.8134833574295044,0.6968615651130676,0.8785545825958252,0.7213840484619141,0.8292971253395081,0.6941941976547241,0.8707557916641235,0.7206650972366333,0.8265882134437561,0.6958496570587158,0.8646546602249146,0.7218562960624695,0.823035717010498,0.8476414680480957,0.5556872487068176,0.8472215533256531,0.5675047636032104,0.8209100961685181,0.7633137106895447,0.8356790542602539,0.7581507563591003,0.9039347767829895,0.8758361339569092,0.8898833394050598,0.8237124085426331,0.919736921787262,0.8942548036575317,0.9022363424301147,0.8250093460083008,0.8979558944702148,0.9603720903396606,0.8900169730186462,0.8884848952293396,1
0.7234430313110352,0.6542266607284546,0.722972571849823,0.6421952247619629,0.7231775522232056,0.6398089528083801,0.7232417464256287,0.6383461952209473,0.7224777936935425,0.6504103541374207,0.7224165797233582,0.6509048938751221,0.7223649024963379,0.6522526144981384,0.7241384983062744,0.6204294562339783,0.7269566059112549,0.6372994184494019,0.7287144660949707,0.6428788304328918,0.7284305691719055,0.6473878026008606,0.741995632648468,0.608420729637146,0.7570587992668152,0.6066206097602844,0.7313646078109741,0.7180901169776917,0.7539917826652527,0.7005757689476013,0.7154734134674072,0.8519484996795654,0.7300406098365784,0.8168113827705383,0.7009384036064148,0.8797529339790344,0.7216780781745911,0.8323250412940979,0.6928045749664307,0.8746248483657837,0.7206677198410034,0.8306019902229309,0.6999439597129822,0.8662570714950562,0.7221272587776184,0.8270291090011597,0.8336604833602905,0.5639053583145142,0.8377784490585327,0.5745751261711121,0.8228293657302856,0.7367353439331055,0.8192432522773743,0.7718620896339417,0.8853886723518372,0.8579831123352051,0.8742601871490479,0.8361366391181946,0.9022724032402039,0.8604649305343628,0.8865557312965393,0.8371886610984802,0.8807140588760376,0.9326618909835815,0.8736478686332703,0.8979036211967468,1
0.7037080526351929,0.6485734581947327,0.6957488059997559,0.6394564509391785,0.6958308219909668,0.6295774579048157,0.6958860158920288,0.6274678111076355,0.6941171884536743,0.6382040977478027,0.6950122117996216,0.6375917792320251,0.6959076523780823,0.6374968886375427,0.6904813647270203,0.5964532494544983,0.6982854008674622,0.6154619455337524,0.7069863080978394,0.6341145038604736,0.7066074013710022,0.6437811851501465,0.7111299633979797,0.5770527124404907,0.7289755344390869,0.6096069812774658,0.7163832783699036,0.695857584476471,0.7319349050521851,0.6992738246917725,0.7061067819595337,0.8566973209381104,0.7291592359542847,0.826050877571106,0.6938497424125671,0.8743720054626465,0.719906210899353,0.836907148361206,0.6692944765090942,0.8627303838729858,0.7178751230239868,0.8361469507217407,0.6929187774658203,0.8630311489105225,0.7252063155174255,0.8292431831359863,0.8185610771179199,0.5887691378593445,0.8209247589111328,0.5933972597122192,0.8170055747032166,0.7870222330093384,0.8346426486968994,0.7670328617095947,0.8980991244316101,0.8914449214935303,0.9028317332267761,0.8411290049552917,0.9143194556236267,0.8898922204971313,0.9148626327514648,0.8425425887107849,0.8969005346298218,0.9431469440460205,0.9143047332763672,0.8976007699966431,1
0.7089111804962158,0.6615946888923645,0.7065362930297852,0.6526870131492615,0.7066648602485657,0.6506946086883545,0.7064849734306335,0.6494744420051575,0.705600380897522,0.6554868221282959,0.7050755023956299,0.655489444732666,0.7043384313583374,0.6559838652610779,0.7073298692703247,0.6273782849311829,0.7058519124984741,0.641212522983551,0.7143079042434692,0.6558014750480652,0.7138657569885254,0.6588312387466431,0.7255815863609314,0.6156811118125916,0.7396833300590515,0.6140292286872864,0.718075692653656,0.71708083152771,0.7418254613876343,0.7183849215507507,0.7113827466964722,0.8567619323730469,0.734788715839386,0.8078578114509583,0.6780295372009277,0.8844941258430481,0.7287025451660156,0.8144176602363586,0.6906561851501465,0.8659448027610779,0.7204489707946777,0.8269758224487305,0.699394166469574,0.8626108765602112,0.7274744510650635,0.821103036403656,0.8175674080848694,0.6102870106697083,0.820853590965271,0.6082401871681213,0.8105550408363342,0.8026559352874756,0.8262814879417419,0.7803553938865662,0.8973443508148193,0.8901581764221191,0.9031642079353333,0.805022120475769,0.9152582883834839,0.8914721012115479,0.9128263592720032,0.8001150488853455,0.9026262760162354,0.9451020359992981,0.9269567131996155,0.8499479293823242,1
0.7048173546791077,0.6625823974609375,0.7007481455802917,0.6524360775947571,0.7008774876594543,0.6502115726470947,0.700797975063324,0.6442573666572571,0.6998855471611023,0.6551010608673096,0.6993921399116516,0.6548109650611877,0.6985727548599243,0.6549491882324219,0.7016562819480896,0.6230931878089905,0.6996670961380005,0.6388141512870789,0.7077341079711914,0.6552586555480957,0.7073979377746582,0.658820629119873,0.7186249494552612,0.5966955423355103,0.7292597889900208,0.5982521772384644,0.7255417108535767,0.697641909122467,0.7271543145179749,0.7132346630096436,0.7161251306533813,0.8451284170150757,0.7241942286491394,0.827135443687439,0.701216459274292,0.8647665977478027,0.7156575918197632,0.8437023162841797,0.7003337740898132,0.8625072836875916,0.7132543921470642,0.8432884216308594,0.7020894885063171,0.8581158518791199,0.718408465385437,0.8383602499961853,0.8138407468795776,0.6237369179725647,0.8142531514167786,0.6304740309715271,0.8112601041793823,0.8070762157440186,0.8116434812545776,0.7906016111373901,0.8894133567810059,0.9053380489349365,0.8862326145172119,0.8590474128723145,0.9059157371520996,0.9069961309432983,0.8985818028450012,0.865929126739502,0.8868879675865173,0.9766126871109009,0.8825539946556091,0.9376005530357361,1
0.6985704898834229,0.6595725417137146,0.694083034992218,0.6463239192962646,0.694132387638092,0.6436359286308289,0.6937795281410217,0.6413842439651489,0.6935870051383972,0.6493237614631653,0.6961665153503418,0.6503449082374573,0.6955518126487732,0.6502279043197632,0.6972131729125977,0.6242471933364868,0.6967746019363403,0.6362395286560059,0.7011170387268066,0.6476472616195679,0.7035836577415466,0.6533806324005127,0.7123945951461792,0.6091501712799072,0.7231034636497498,0.6204687356948853,0.7111955285072327,0.716867208480835,0.732649564743042,0.7303970456123352,0.6932985782623291,0.8393316268920898,0.7224160432815552,0.8404673933982849,0.6803165078163147,0.8529647588729858,0.7124365568161011,0.8538604974746704,0.6766383647918701,0.8438819050788879,0.7081964612007141,0.8539212942123413,0.6815834641456604,0.8418617248535156,0.7126969695091248,0.849271833896637,0.8126695156097412,0.6488263607025146,0.8143408298492432,0.6484971642494202,0.8085116147994995,0.8465046882629395,0.8143513798713684,0.8005621433258057,0.8855692148208618,0.8930621147155762,0.8864077925682068,0.854807436466217,0.9035462141036987,0.8909146189689636,0.8953855633735657,0.8501572608947754,0.8961144089698792,0.9455273747444153,0.892151951789856,0.9280290603637695,1
0.6957732439041138,0.6585603356361389,0.6908057332038879,0.6428041458129883,0.6905872225761414,0.6400949954986572,0.6901369690895081,0.6378734111785889,0.6904067993164062,0.6490979790687561,0.6901686191558838,0.6460270285606384,0.689561665058136,0.6461998820304871,0.6908041834831238,0.6176916360855103,0.6907851099967957,0.6350107789039612,0.6995559930801392,0.6477330923080444,0.6999353170394897,0.6527811288833618,0.7079876661300659,0.6096484065055847,0.7180144190788269,0.6257656216621399,0.711647093296051,0.6903699040412903,0.728004515171051,0.7267091274261475,0.6824309825897217,0.8261733055114746,0.7196421027183533,0.834915041923523,0.6695932745933533,0.8489805459976196,0.7100289463996887,0.8566962480545044,0.6636995077133179,0.8412889838218689,0.7082349061965942,0.8545704483985901,0.6693397760391235,0.8343026638031006,0.7109771966934204,0.8503897190093994,0.8037816286087036,0.6633816361427307,0.8076674938201904,0.6649326682090759,0.7933854460716248,0.8732786178588867,0.8307981491088867,0.7677305936813354,0.8766396045684814,0.905489444732666,0.8964621424674988,0.7982041835784912,0.892704427242279,0.8886447548866272,0.9058563113212585,0.7894033789634705,0.887225866317749,0.9633970260620117,0.9172086715698242,0.8488636016845703,1
0.6909555792808533,0.6494341492652893,0.689415693283081,0.6385226249694824,0.6896072626113892,0.6344295740127563,0.6895400285720825,0.6309416890144348,0.6885411739349365,0.6447905898094177,0.6881217956542969,0.6452104449272156,0.687526524066925,0.6457461714744568,0.6914399862289429,0.6133255958557129,0.6887460350990295,0.6337961554527283,0.6969426870346069,0.6420239210128784,0.6958877444267273,0.6498900055885315,0.7114529013633728,0.6001846194267273,0.7084267139434814,0.635313868522644,0.7307120561599731,0.705389678478241,0.7132139801979065,0.7294317483901978,0.7254247069358826,0.8507760763168335,0.7150906324386597,0.8406872749328613,0.7186567187309265,0.8675943613052368,0.7084046006202698,0.8579049110412598,0.7118580341339111,0.8653757572174072,0.7068211436271667,0.8564111590385437,0.7146667838096619,0.8615984916687012,0.7101214528083801,0.8480634689331055,0.799727201461792,0.6738511919975281,0.791362464427948,0.6901359558105469,0.7972162365913391,0.8644669055938721,0.7681891322135925,0.8465011119842529,0.8710813522338867,0.9004859328269958,0.8600665926933289,0.8574734926223755,0.8822959661483765,0.8889934420585632,0.8690178394317627,0.8446247577667236,0.89267498254776,0.9516779184341431,0.8840102553367615,0.9297510385513306,1
0.6936030387878418,0.6530706882476807,0.6891452074050903,0.6385155320167542,0.6893550753593445,0.6346304416656494,0.6895209550857544,0.6272855997085571,0.6884925365447998,0.6462792158126831,0.6879428625106812,0.647464394569397,0.6872325539588928,0.6487189531326294,0.6915442943572998,0.613117516040802,0.6880701780319214,0.6438706517219543,0.6988655924797058,0.6465718746185303,0.6978451013565063,0.6556756496429443,0.7150174379348755,0.6115244030952454,0.7155888676643372,0.6578629016876221,0.6855372190475464,0.6890072822570801,0.7166426181793213,0.7569461464881897,0.6286698579788208,0.7713054418563843,0.7182510495185852,0.8457897305488586,0.6122492551803589,0.784648597240448,0.710425615310669,0.8659542798995972,0.6063776612281799,0.7788875102996826,0.7095721960067749,0.8582161664962769,0.613182008266449,0.7750433683395386,0.7127783298492432,0.8527553081512451,0.8004133701324463,0.7084484696388245,0.7928575873374939,0.7263855934143066,0.7874705195426941,0.8890697956085205,0.7555168271064758,0.8631226420402527,0.8661210536956787,0.8964560627937317,0.8362266421318054,0.8388371467590332,0.8783249855041504,0.877482533454895,0.8422249555587769,0.8189221620559692,0.8896306157112122,0.9524616003036499,0.867707371711731,0.8916518688201904,1
0.6926842927932739,0.6596100926399231,0.6889572143554688,0.6424611210823059,0.6891542077064514,0.6371518969535828,0.6891589760780334,0.631767749786377,0.688239336013794,0.6517682075500488,0.687985360622406,0.6526435613632202,0.687581479549408,0.6534214615821838,0.6919093728065491,0.6162310242652893,0.6899968981742859,0.6483915448188782,0.6988670825958252,0.6527900099754333,0.6977287530899048,0.663170576095581,0.7215821743011475,0.6199976205825806,0.7250365018844604,0.6869931817054749,0.7268017530441284,0.7360068559646606,0.7350736856460571,0.7800248861312866,0.7147203683853149,0.8569439649581909,0.7232332825660706,0.841813325881958,0.7056694626808167,0.8778393268585205,0.717738926410675,0.8560833930969238,0.7015727162361145,0.8735992312431335,0.7131892442703247,0.8486195802688599,0.7052062749862671,0.8651182055473328,0.7164968252182007,0.8377577066421509,0.8039439916610718,0.7288051247596741,0.7959335446357727,0.7592272758483887,0.786443829536438,0.8805755376815796,0.7679083347320557,0.8740773797035217,0.8759462833404541,0.905573308467865,0.8677124977111816,0.8386842012405396,0.8948882818222046,0.8736996650695801,0.8789569139480591,0.8113150000572205,0.9006822109222412,0.9644322395324707,0.8964707255363464,0.9108400344848633,1
0.688521683216095,0.6600600481033325,0.6859256029129028,0.6432787179946899,0.6862435340881348,0.6402077674865723,0.6864693760871887,0.6372582912445068,0.6850747466087341,0.6496446132659912,0.6853567957878113,0.6502641439437866,0.6850839853286743,0.6504090428352356,0.6909464001655579,0.6273686289787292,0.6876469850540161,0.6421446204185486,0.69434654712677,0.6610715985298157,0.6933631300926208,0.6650269627571106,0.7166891694068909,0.6529123783111572,0.7135421633720398,0.6763617992401123,0.7289685606956482,0.7836518883705139,0.729042112827301,0.7768943309783936,0.7125743627548218,0.8611987829208374,0.7187316417694092,0.83367919921875,0.7050780653953552,0.8755499720573425,0.7117020487785339,0.8558000326156616,0.7007443308830261,0.8699089884757996,0.7085785865783691,0.8404613733291626,0.7034730315208435,0.8665258884429932,0.713935911655426,0.8375385999679565,0.7949734330177307,0.7647303938865662,0.7869803309440613,0.7739154100418091,0.7767525315284729,0.8884717226028442,0.7592664957046509,0.878391683101654,0.868941605091095,0.9079698324203491,0.8514783382415771,0.8858601450920105,0.8814052939414978,0.8978692293167114,0.8621054887771606,0.866691529750824,0.8934666514396667,0.9788215756416321,0.8842858076095581,0.9481381773948669,1
0.6831890940666199,0.645268440246582,0.6852779388427734,0.6292465925216675,0.6865628957748413,0.6260292530059814,0.6877913475036621,0.6228293180465698,0.6823941469192505,0.6366986036300659,0.6805844306945801,0.6356189846992493,0.6797974109649658,0.636181652545929,0.6944155693054199,0.6197221279144287,0.6807135939598083,0.6350573897361755,0.6896286606788635,0.6482952833175659,0.6857046484947205,0.6576926112174988,0.7187924385070801,0.6564132571220398,0.6862174272537231,0.6676018834114075,0.734960675239563,0.7810637950897217,0.637933611869812,0.6996457576751709,0.7148590683937073,0.8616845607757568,0.593083381652832,0.7666068077087402,0.707769513130188,0.8775049448013306,0.5941041707992554,0.7750394344329834,0.7042972445487976,0.8719730973243713,0.5976879596710205,0.7661768794059753,0.7058466672897339,0.8678333163261414,0.6039864420890808,0.7614479064941406,0.7803725004196167,0.7554532289505005,0.7657623291015625,0.781271755695343,0.7871455550193787,0.908433198928833,0.7769641280174255,0.8998204469680786,0.8705965876579285,0.9072796702384949,0.8542354106903076,0.8993493318557739,0.8765509724617004,0.8878085613250732,0.8629428148269653,0.879244327545166,0.8938146233558655,0.9716266393661499,0.8806934356689453,0.9527684450149536,1
0.6657566428184509,0.643426775932312,0.669758677482605,0.6300265192985535,0.6709482073783875,0.6287680864334106,0.6716704368591309,0.6279051899909973,0.6625778079032898,0.6335543394088745,0.661716103553772,0.6326623558998108,0.6607821583747864,0.6323590278625488,0.6780822277069092,0.6280090808868408,0.6641911268234253,0.6326042413711548,0.6763242483139038,0.6489739418029785,0.6725425720214844,0.6513522863388062,0.7067347168922424,0.6609626412391663,0.6770195960998535,0.6500607132911682,0.7330392003059387,0.7581940293312073,0.6377229690551758,0.6759783029556274,0.7183741331100464,0.8519927263259888,0.5905168056488037,0.7193853855133057,0.7099838852882385,0.871290922164917,0.5816487073898315,0.7178547382354736,0.7056145071983337,0.8644865155220032,0.5828760862350464,0.7175483703613281,0.7089923024177551,0.8546240329742432,0.5871864557266235,0.7211795449256897,0.7849481701850891,0.7689236998558044,0.7742704153060913,0.7680339813232422,0.7924197316169739,0.8979196548461914,0.7826821804046631,0.8316234946250916,0.8721375465393066,0.9096564650535583,0.8466293215751648,0.8448901772499084,0.8854313492774963,0.8713517785072327,0.8523213267326355,0.8310890793800354,0.8950857520103455,0.9676955938339233,0.8725764751434326,0.9084225296974182,1
0.6626912355422974,0.6528962850570679,0.6640834212303162,0.647544801235199,0.6646653413772583,0.6472880840301514,0.6648677587509155,0.6473202109336853,0.6590239405632019,0.6508814692497253,0.6580804586410522,0.649405837059021,0.6570731997489929,0.6484344601631165,0.6743015050888062,0.6454519629478455,0.6605749130249023,0.6389857530593872,0.6732940077781677,0.6613591909408569,0.6709000468254089,0.6719949841499329,0.702652096748352,0.6665226817131042,0.6784090399742126,0.6547407507896423,0.7370430827140808,0.7633640766143799,0.6723441481590271,0.7135114073753357,0.7182678580284119,0.8601667284965515,0.6426359415054321,0.7694013118743896,0.7102059721946716,0.8770940899848938,0.6328651309013367,0.7826082706451416,0.7047593593597412,0.8685050010681152,0.6338756680488586,0.7807304859161377,0.7084575295448303,0.8589166402816772,0.6387384533882141,0.7763391733169556,0.7806650996208191,0.7705115079879761,0.7734818458557129,0.7829809188842773,0.8052909970283508,0.8881235122680664,0.7952073812484741,0.8430850505828857,0.8911520838737488,0.8840829133987427,0.8607491254806519,0.8738330602645874,0.902834415435791,0.8567333221435547,0.8703051805496216,0.8617863655090332,0.8999237418174744,0.9558215141296387,0.8830145001411438,0.9295284748077393,1
0.6568778157234192,0.6588354706764221,0.6562392115592957,0.6425313949584961,0.6575404405593872,0.6400409936904907,0.6588611006736755,0.6374121308326721,0.6531216502189636,0.6462444067001343,0.6522530317306519,0.646496057510376,0.6513001322746277,0.647331714630127,0.663183867931366,0.6388524174690247,0.6495577096939087,0.6431390643119812,0.6639219522476196,0.6621190309524536,0.660000205039978,0.6680315136909485,0.6974057555198669,0.6523145437240601,0.6670605540275574,0.6831156611442566,0.7252104878425598,0.726111650466919,0.6331248879432678,0.7041386961936951,0.7145199179649353,0.8492279052734375,0.5909298062324524,0.7478909492492676,0.7107626795768738,0.8638545870780945,0.5822992920875549,0.7651483416557312,0.704723596572876,0.8593112826347351,0.5825821161270142,0.7651500701904297,0.7074297666549683,0.8526175618171692,0.588438868522644,0.7515783905982971,0.778043270111084,0.7653322219848633,0.7648190259933472,0.7889702916145325,0.8025574684143066,0.8661890625953674,0.7901086807250977,0.8713093996047974,0.883470356464386,0.867275059223175,0.8500324487686157,0.8505358099937439,0.893703043460846,0.8431516289710999,0.8566195368766785,0.8299460411071777,0.9116910696029663,0.9399363398551941,0.8766133189201355,0.9013064503669739,1
0.6391726732254028,0.657702624797821,0.6392999291419983,0.6454830765724182,0.6404989957809448,0.646186113357544,0.6417242288589478,0.6466974020004272,0.6367873549461365,0.6393415927886963,0.6361876130104065,0.6362897157669067,0.6354988813400269,0.6337814331054688,0.6483177542686462,0.6440672874450684,0.6360890865325928,0.6341630220413208,0.6461727023124695,0.6682150363922119,0.6431221961975098,0.6630674004554749,0.6832895874977112,0.6878950595855713,0.659166693687439,0.6450958251953125,0.7189908623695374,0.7380536198616028,0.6514344215393066,0.7090452909469604,0.7138330936431885,0.8572449088096619,0.6339586973190308,0.7917887568473816,0.7172722220420837,0.8755457997322083,0.6284520626068115,0.809049665927887,0.7049661874771118,0.8686781525611877,0.629266619682312,0.8103153705596924,0.7075562477111816,0.8609954714775085,0.6327568292617798,0.8078312873840332,0.7767421007156372,0.7827672958374023,0.7654369473457336,0.7698059678077698,0.8211811780929565,0.889758288860321,0.8061873316764832,0.8507961630821228,0.8853635787963867,0.8098273277282715,0.856430172920227,0.7975145578384399,0.8938032388687134,0.7761352062225342,0.8628848791122437,0.7769567966461182,0.9055348634719849,0.8496003150939941,0.8739237785339355,0.8272180557250977,1
0.6476242542266846,0.6626772880554199,0.6459899544715881,0.6491699814796448,0.6463496685028076,0.6480761170387268,0.6467260718345642,0.6468581557273865,0.6456354856491089,0.6489696502685547,0.6458220481872559,0.6474478244781494,0.6459037661552429,0.6465245485305786,0.6514782309532166,0.6397406458854675,0.6503287553787231,0.6379621028900146,0.6530783176422119,0.6667273044586182,0.6525893807411194,0.6663802862167358,0.6776437759399414,0.6661990284919739,0.6710556149482727,0.6687946319580078,0.7008910775184631,0.7233005166053772,0.6615457534790039,0.7183193564414978,0.7118836045265198,0.8463964462280273,0.6408292055130005,0.8130282163619995,0.7135628461837769,0.8612223267555237,0.6341603994369507,0.8374463319778442,0.7065432667732239,0.858115553855896,0.6352558135986328,0.838042140007019,0.707327127456665,0.854986310005188,0.6384834051132202,0.8306852579116821,0.763088047504425,0.7798154950141907,0.7616753578186035,0.7765069007873535,0.8047518730163574,0.8087859153747559,0.8077348470687866,0.8104491829872131,0.8841167092323303,0.7903534173965454,0.8730727434158325,0.8157899975776672,0.8970776796340942,0.7725515961647034,0.8825080394744873,0.8078532814979553,0.9048997163772583,0.8258932828903198,0.8930889368057251,0.84149169921875,1
0.6781542301177979,0.7385460734367371,0.6758117079734802,0.7267515063285828,0.6756563186645508,0.7249593138694763,0.6753081679344177,0.7233152389526367,0.6753614544868469,0.7290642261505127,0.6748512387275696,0.7288580536842346,0.6740928292274475,0.728596031665802,0.6760401725769043,0.7106848955154419,0.6725196242332458,0.7203641533851624,0.6805527806282043,0.7357728481292725,0.6799451112747192,0.7386534810066223,0.6980341672897339,0.6972294449806213,0.6859864592552185,0.7200093269348145,0.7209129333496094,0.7577415704727173,0.6797816157341003,0.771125316619873,0.7179614305496216,0.8544151782989502,0.6664223074913025,0.8095101714134216,0.7177314758300781,0.8739231824874878,0.6619950532913208,0.8249576091766357,0.711599588394165,0.8644815683364868,0.6640878915786743,0.8157314658164978,0.7120847702026367,0.8618371486663818,0.666801929473877,0.8094972968101501,0.7629529237747192,0.7824437618255615,0.759831964969635,0.809196412563324,0.8023895025253296,0.7688191533088684,0.7918151617050171,0.8014122843742371,0.8868973851203918,0.7367824912071228,0.8528162240982056,0.8187305331230164,0.899383544921875,0.7207717895507812,0.8735307455062866,0.8050265312194824,0.9128766059875488,0.75986647605896,0.8914872407913208,0.8399614095687866,1
0.6791650056838989,0.7205705642700195,0.6761142611503601,0.7139805555343628,0.6758731007575989,0.7108194231987,0.6756015419960022,0.7069715261459351,0.6756160259246826,0.7255733013153076,0.6752822995185852,0.7275745272636414,0.6747298836708069,0.7289040684700012,0.6752791404724121,0.7101017832756042,0.6742314696311951,0.7314037680625916,0.6847280263900757,0.7167344689369202,0.6835355758666992,0.7309004068374634,0.695872962474823,0.6976897716522217,0.6882708072662354,0.7524526715278625,0.7237592339515686,0.7419633269309998,0.6983571648597717,0.8060438632965088,0.7219873070716858,0.842934250831604,0.7176077365875244,0.8287435173988342,0.7250493764877319,0.8615233898162842,0.7242909669876099,0.8436729311943054,0.7204208970069885,0.8620131015777588,0.7282249927520752,0.8245945572853088,0.720180094242096,0.8589328527450562,0.7214510440826416,0.8310167789459229,0.7612063884735107,0.7662806510925293,0.7599725127220154,0.8181338310241699,0.8183869123458862,0.6735615730285645,0.7830952405929565,0.8021080493927002,0.914306640625,0.6545892357826233,0.8450717329978943,0.834256649017334,0.9272568821907043,0.659105658531189,0.8692944645881653,0.8340047597885132,0.9461269378662109,0.6420296430587769,0.8896274566650391,0.8578631281852722,1
0.673485517501831,0.744282603263855,0.6707327365875244,0.733955442905426,0.6709463596343994,0.7296209931373596,0.670482873916626,0.7239170074462891,0.6695800423622131,0.7439757585525513,0.6691123247146606,0.7461861968040466,0.6685946583747864,0.7481296062469482,0.6714355945587158,0.7154247760772705,0.6690852046012878,0.7466107606887817,0.6792135834693909,0.7384945154190063,0.6770235300064087,0.7503932118415833,0.6943452954292297,0.6966813802719116,0.6841161251068115,0.7915800213813782,0.7236644625663757,0.7252496480941772,0.7022009491920471,0.8227081894874573,0.7175171971321106,0.8403180837631226,0.7206002473831177,0.8122686147689819,0.7178890705108643,0.8578144907951355,0.7275550365447998,0.8202175498008728,0.7102631330490112,0.8551083207130432,0.7284517288208008,0.8027116060256958,0.7131065726280212,0.8482170104980469,0.7272346615791321,0.797777533531189,0.7578356266021729,0.7521270513534546,0.7582420706748962,0.8352470397949219,0.8169479966163635,0.6910175681114197,0.7751290202140808,0.8522263765335083,0.9125298857688904,0.6628909707069397,0.8469821810722351,0.8376651406288147,0.9294668436050415,0.652558445930481,0.8597004413604736,0.8248192667961121,0.9441559910774231,0.6578238606452942,0.8890990018844604,0.8713255524635315,1
0.6759456992149353,0.7418602108955383,0.6714937090873718,0.7333730459213257,0.6714320778846741,0.7269633412361145,0.6713593006134033,0.7203867435455322,0.6705197095870972,0.749613344669342,0.6699134707450867,0.7539081573486328,0.6692401170730591,0.7578772306442261,0.6708216667175293,0.7115949392318726,0.667789101600647,0.7573123574256897,0.6799108982086182,0.7327017188072205,0.678271472454071,0.750339686870575,0.6917177438735962,0.6820017099380493,0.6761311888694763,0.7924498915672302,0.7167423367500305,0.7182674407958984,0.6933946013450623,0.8223548531532288,0.7111994028091431,0.8334914445877075,0.7195449471473694,0.8206079006195068,0.7094925045967102,0.8576620221138,0.7275767922401428,0.8292710781097412,0.7014082670211792,0.8603390455245972,0.7289305329322815,0.8150683641433716,0.7052013278007507,0.8487228155136108,0.7271562814712524,0.809429943561554,0.7555063962936401,0.741508960723877,0.7558567523956299,0.8293993473052979,0.8249716758728027,0.6827357411384583,0.7747906446456909,0.8637504577636719,0.909417450428009,0.6831639409065247,0.8413500785827637,0.8441957831382751,0.9199062585830688,0.6992403268814087,0.8488615155220032,0.8247326612472534,0.9402244091033936,0.7041831612586975,0.8707892298698425,0.8856745958328247,1
0.6732977032661438,0.7407073974609375,0.6684679985046387,0.7325475215911865,0.6686437726020813,0.7266260981559753,0.6686680316925049,0.7217395901679993,0.6675534248352051,0.7458842992782593,0.6669872999191284,0.7500637173652649,0.666243851184845,0.7553801536560059,0.6685086488723755,0.7178760766983032,0.6654013991355896,0.7588115930557251,0.6778727173805237,0.731793224811554,0.6770632266998291,0.7498194575309753,0.6957892179489136,0.6851783394813538,0.6767138242721558,0.8003408312797546,0.7175861597061157,0.7033846378326416,0.690588653087616,0.8236255645751953,0.715133011341095,0.8292678594589233,0.7161665558815002,0.7925790548324585,0.7189592719078064,0.852647602558136,0.7245039939880371,0.7957459688186646,0.7166132926940918,0.8562175631523132,0.7265373468399048,0.7783041000366211,0.7113102078437805,0.8476139903068542,0.724799394607544,0.7746302485466003,0.7573137879371643,0.7326979041099548,0.7558743357658386,0.8244084119796753,0.8083001971244812,0.6524636149406433,0.7652236223220825,0.8594932556152344,0.8946323990821838,0.6849561929702759,0.8345549702644348,0.8436031937599182,0.9048155546188354,0.6961758732795715,0.8437643051147461,0.8310019373893738,0.9313219785690308,0.6928535103797913,0.8680610060691833,0.8937192559242249,1
0.6710910201072693,0.7359722256660461,0.667073667049408,0.7278131246566772,0.6674520969390869,0.7232779860496521,0.6679309010505676,0.7180950045585632,0.6655491590499878,0.7420449256896973,0.6649062037467957,0.7474913001060486,0.6643688678741455,0.7525896430015564,0.6695016622543335,0.7177622318267822,0.6651458740234375,0.7621449828147888,0.676190197467804,0.7322389483451843,0.6744230389595032,0.748616099357605,0.6961876749992371,0.6968827247619629,0.6815086007118225,0.8094793558120728,0.7218445539474487,0.6970454454421997,0.705082893371582,0.8368597030639648,0.7246167659759521,0.8019265532493591,0.7416799664497375,0.8550243377685547,0.7316190600395203,0.8312258720397949,0.7474867105484009,0.8609045147895813,0.7251912951469421,0.8441545963287354,0.7489274740219116,0.851035475730896,0.7242624759674072,0.8368335962295532,0.7474602460861206,0.8481404781341553,0.7519707083702087,0.7386680841445923,0.7517468333244324,0.8284621834754944,0.7584625482559204,0.6751555800437927,0.7550942897796631,0.8516848683357239,0.8543527126312256,0.6553961634635925,0.8395142555236816,0.8409097194671631,0.8631905913352966,0.6677486300468445,0.8528582453727722,0.8265599608421326,0.8894692659378052,0.6414276361465454,0.8664683103561401,0.8838423490524292,1
0.670269250869751,0.7338156700134277,0.6673058271408081,0.726012110710144,0.6679325103759766,0.7218948602676392,0.6687219738960266,0.717292845249176,0.6653847098350525,0.7393642067909241,0.6648001670837402,0.7439290285110474,0.664261519908905,0.7484996318817139,0.6717395186424255,0.7183293700218201,0.6654198169708252,0.7594690918922424,0.6758602261543274,0.7334246039390564,0.6734176874160767,0.7474853992462158,0.699629008769989,0.6983381509780884,0.6842696070671082,0.8090870976448059,0.7228950262069702,0.6876049041748047,0.7098122835159302,0.8432809710502625,0.6982102990150452,0.7861723303794861,0.7379865050315857,0.852332353591919,0.6974547505378723,0.8098982572555542,0.7448495626449585,0.8651633262634277,0.6931148767471313,0.8136551380157471,0.7466978430747986,0.8563762307167053,0.6939874887466431,0.8087019324302673,0.7431254386901855,0.8502352237701416,0.7550589442253113,0.7509137392044067,0.7562757730484009,0.8390854001045227,0.7599829435348511,0.6710882782936096,0.7623400688171387,0.8558459877967834,0.821530282497406,0.6268088817596436,0.8397679328918457,0.8467115759849548,0.8326764106750488,0.6301537752151489,0.8520922660827637,0.8325235843658447,0.837712824344635,0.6190592646598816,0.8636766672134399,0.8803593516349792,1
0.6678823828697205,0.7359888553619385,0.6647711992263794,0.7271573543548584,0.6650539040565491,0.722350001335144,0.6652699708938599,0.7176691293716431,0.6634500622749329,0.7413604855537415,0.6629902124404907,0.7455075979232788,0.6624546647071838,0.7498058080673218,0.6675195097923279,0.7137176394462585,0.6634992361068726,0.7553906440734863,0.6732088923454285,0.7269145846366882,0.6712186336517334,0.7422534227371216,0.6976524591445923,0.6905555725097656,0.6832100749015808,0.8007237911224365,0.7139047384262085,0.6838728785514832,0.6983890533447266,0.835277259349823,0.6909915804862976,0.7719493508338928,0.7281575798988342,0.8467424511909485,0.6902223825454712,0.7962033748626709,0.7379591464996338,0.8626424670219421,0.684590220451355,0.8052626252174377,0.7390105128288269,0.8516344428062439,0.6860746145248413,0.799279510974884,0.7370235919952393,0.8458771705627441,0.7564567923545837,0.7398682832717896,0.7559160590171814,0.8271409273147583,0.779430627822876,0.6334287524223328,0.7618401050567627,0.8517116904258728,0.8324507474899292,0.6293166875839233,0.8375598192214966,0.855663537979126,0.8429394364356995,0.6404731273651123,0.8459630608558655,0.8428100347518921,0.871303141117096,0.5932749509811401,0.8660743832588196,0.8907214999198914,1
0.6667950749397278,0.7338725328445435,0.6635884046554565,0.7260679006576538,0.6637929081916809,0.7216876745223999,0.6639695763587952,0.7174443006515503,0.6625531315803528,0.7391610145568848,0.6621179580688477,0.7433748245239258,0.6615290641784668,0.7485813498497009,0.6659975647926331,0.7164138555526733,0.6630547046661377,0.7569849491119385,0.6716334819793701,0.7298429608345032,0.6699759364128113,0.7437387704849243,0.6946261525154114,0.6928906440734863,0.6770734190940857,0.807844877243042,0.724446177482605,0.6708084344863892,0.7006125450134277,0.8365430235862732,0.7047106027603149,0.741197943687439,0.7286437749862671,0.8481209874153137,0.7010359764099121,0.7610628008842468,0.735299825668335,0.8589709997177124,0.6945787668228149,0.7649893164634705,0.7376724481582642,0.8513448238372803,0.6948634386062622,0.7620583772659302,0.7364853620529175,0.8468656539916992,0.7522522211074829,0.7276418209075928,0.7543186545372009,0.8283637762069702,0.7651642560958862,0.6597651243209839,0.7647318243980408,0.864495575428009,0.8279703855514526,0.6239454746246338,0.8419013023376465,0.860910952091217,0.8487133383750916,0.6112797260284424,0.8536115288734436,0.8479828238487244,0.8644575476646423,0.5974847674369812,0.8695673942565918,0.8887807130813599,1
0.6675035953521729,0.7272716760635376,0.66396564245224,0.7235531210899353,0.664205014705658,0.7201068997383118,0.664422869682312,0.7167930603027344,0.6628495454788208,0.7361158132553101,0.6625032424926758,0.7405121922492981,0.6621487736701965,0.7446958422660828,0.6669487953186035,0.7200214862823486,0.6638453006744385,0.7568534016609192,0.6727635860443115,0.7254428267478943,0.6708939671516418,0.7388977408409119,0.6995829343795776,0.6979271173477173,0.6828179955482483,0.8039562702178955,0.7284845113754272,0.6679815649986267,0.7056660652160645,0.8364720344543457,0.7058532238006592,0.7368529438972473,0.7325043678283691,0.8417196273803711,0.70241779088974,0.7516843676567078,0.7391770482063293,0.8526952266693115,0.6964749693870544,0.7504721879959106,0.7385255694389343,0.8406916260719299,0.7062867283821106,0.7561825513839722,0.7380235195159912,0.8318638801574707,0.7552976012229919,0.7399271726608276,0.7575913667678833,0.8348366618156433,0.7607324123382568,0.6546244621276855,0.7627843022346497,0.8515585660934448,0.8314763307571411,0.6301012635231018,0.8403513431549072,0.8659238815307617,0.8517051339149475,0.6035245060920715,0.8493601083755493,0.8543067574501038,0.8644509315490723,0.5903283357620239,0.8679132461547852,0.8938595056533813,1
0.6678151488304138,0.7379254102706909,0.6655721068382263,0.7302485704421997,0.665969967842102,0.7266336679458618,0.665844202041626,0.7227627635002136,0.6637531518936157,0.7426682710647583,0.6632040143013,0.7466498613357544,0.66263747215271,0.7507959604263306,0.6679937839508057,0.72027587890625,0.6629945039749146,0.7591224908828735,0.6746682524681091,0.7326173782348633,0.6716954112052917,0.7461144924163818,0.7000574469566345,0.6800166368484497,0.6764488816261292,0.8014946579933167,0.7314696907997131,0.6735130548477173,0.69709712266922,0.8347357511520386,0.71905118227005,0.7343327403068542,0.7311013340950012,0.8496500253677368,0.7118972539901733,0.7493845820426941,0.7392777800559998,0.8574554920196533,0.7055015563964844,0.7551524639129639,0.7405473589897156,0.8471777439117432,0.7140621542930603,0.7614248394966125,0.7361162304878235,0.8410481214523315,0.7552027106285095,0.7342054843902588,0.7557432651519775,0.8298723697662354,0.7720062136650085,0.6573097109794617,0.7639892101287842,0.861151933670044,0.8549530506134033,0.6149855256080627,0.843140721321106,0.8651159405708313,0.8644269108772278,0.6238757967948914,0.8550447225570679,0.8551164865493774,0.8830095529556274,0.612689733505249,0.8696850538253784,0.8973041772842407,1
0.6692920327186584,0.7402875423431396,0.6645163297653198,0.7332651615142822,0.6644576191902161,0.729695737361908,0.6643624901771545,0.725958526134491,0.6640853881835938,0.7439576387405396,0.6639088988304138,0.7472384572029114,0.664099931716919,0.7514958381652832,0.6659748554229736,0.7234765291213989,0.665520966053009,0.7586051225662231,0.6738728284835815,0.7309352159500122,0.6734931468963623,0.7460561990737915,0.6970720291137695,0.6847642064094543,0.6835379600524902,0.7933958172798157,0.7174423933029175,0.6717199683189392,0.6935827732086182,0.8298729658126831,0.7137575745582581,0.7250975370407104,0.7290545105934143,0.847815990447998,0.7178918719291687,0.7399880290031433,0.7392538785934448,0.8662936687469482,0.7129067182540894,0.7540377974510193,0.7414746880531311,0.8503566980361938,0.7128427624702454,0.7515758275985718,0.7358856797218323,0.8409454226493835,0.7596389651298523,0.7522809505462646,0.756199300289154,0.8269426822662354,0.8129196166992188,0.6563868522644043,0.7598279118537903,0.8474801182746887,0.9022291898727417,0.6593542098999023,0.8390581011772156,0.8653037548065186,0.9136052131652832,0.6668300628662109,0.8500795364379883,0.8525015711784363,0.9375629425048828,0.6600489616394043,0.8701954483985901,0.8982564806938171,1
0.6694233417510986,0.7495605945587158,0.6650407314300537,0.7444313764572144,0.6650388836860657,0.7411187291145325,0.6652923822402954,0.7354693412780762,0.6654313206672668,0.7538691759109497,0.6650247573852539,0.7584549188613892,0.6648711562156677,0.7611172199249268,0.6678138971328735,0.7300559282302856,0.6671327352523804,0.7624326348304749,0.6737496256828308,0.7399168610572815,0.6735496520996094,0.7529153227806091,0.6991739273071289,0.6900883316993713,0.6841610670089722,0.7935658693313599,0.7161808013916016,0.6815212965011597,0.6976080536842346,0.8363548517227173,0.7140862345695496,0.7396250367164612,0.7344235181808472,0.8548614382743835,0.718472421169281,0.7568387389183044,0.7428648471832275,0.8679946064949036,0.7150283455848694,0.7711802124977112,0.7447447776794434,0.8582462668418884,0.7151128649711609,0.767839789390564,0.7428043484687805,0.8538811802864075,0.7585036158561707,0.7485457062721252,0.7528467178344727,0.8301846385002136,0.8209133744239807,0.6685599684715271,0.7631934881210327,0.8523964285850525,0.9126491546630859,0.6692596673965454,0.8423994779586792,0.8672193288803101,0.9252620935440063,0.6744866967201233,0.8507401943206787,0.8540027141571045,0.94566810131073,0.6717646718025208,0.8677759766578674,0.8920262455940247,1
0.6686435341835022,0.7365646362304688,0.6646890640258789,0.7335728406906128,0.664583146572113,0.7300165295600891,0.664303183555603,0.7264691591262817,0.6647971868515015,0.7471143007278442,0.664494514465332,0.7510316967964172,0.663658857345581,0.7579825520515442,0.6650551557540894,0.7229425311088562,0.6645611524581909,0.7625347971916199,0.6739051938056946,0.7332383394241333,0.6725282073020935,0.7448639869689941,0.6937402486801147,0.6676790714263916,0.680008053779602,0.802287757396698,0.7252539992332458,0.6626846194267273,0.7032426595687866,0.8540341258049011,0.7065843939781189,0.7161273956298828,0.7364527583122253,0.8494293093681335,0.7069759368896484,0.7420340180397034,0.7436505556106567,0.861926257610321,0.7001157999038696,0.7485690116882324,0.7447519898414612,0.8509108424186707,0.7020756602287292,0.7374820113182068,0.740581750869751,0.8442075252532959,0.7549042701721191,0.7478687763214111,0.7521862387657166,0.8372467756271362,0.8288782835006714,0.6819872856140137,0.7741025686264038,0.8693429231643677,0.9079283475875854,0.679995059967041,0.845717191696167,0.8656553030014038,0.9166106581687927,0.690290629863739,0.8519006371498108,0.8551946878433228,0.9444175958633423,0.6719645857810974,0.8758209943771362,0.894334614276886,1
0.6671732664108276,0.7516706585884094,0.6635821461677551,0.746881902217865,0.6634745597839355,0.7445131540298462,0.6641499996185303,0.7363547086715698,0.6633006930351257,0.7536774277687073,0.663049042224884,0.7562080025672913,0.6639174222946167,0.7665509581565857,0.6646338701248169,0.7323424816131592,0.6647695899009705,0.7611337900161743,0.6702249646186829,0.7402557730674744,0.6705487966537476,0.7548305988311768,0.6912009119987488,0.6662143468856812,0.6799860596656799,0.7846390008926392,0.7244373559951782,0.6646081209182739,0.6896479725837708,0.8272160887718201,0.6964835524559021,0.7381172776222229,0.7245083451271057,0.8457544445991516,0.6918033957481384,0.7528303861618042,0.7349374294281006,0.8589349985122681,0.6897568106651306,0.7598289847373962,0.7373027801513672,0.8481082916259766,0.6981245875358582,0.7633910775184631,0.7359923720359802,0.8445227146148682,0.7631957530975342,0.7400273084640503,0.7539767622947693,0.8227975368499756,0.8382202386856079,0.6902388334274292,0.7690218687057495,0.8802935481071472,0.9215807318687439,0.6885164380073547,0.8436918258666992,0.8611815571784973,0.9290381669998169,0.6983489990234375,0.8515726327896118,0.8505704998970032,0.9603762626647949,0.6823799014091492,0.871761679649353,0.9039953947067261,1
0.6695483922958374,0.744505763053894,0.66534024477005,0.7433592081069946,0.6648234724998474,0.7362976670265198,0.6647882461547852,0.7320547699928284,0.6652669310569763,0.7530453205108643,0.665210485458374,0.7563720345497131,0.6647322773933411,0.7619359493255615,0.6687219142913818,0.7285031676292419,0.6685594916343689,0.7643249034881592,0.6764581203460693,0.7344149351119995,0.6759170889854431,0.7460918426513672,0.7076610326766968,0.6887121200561523,0.686673104763031,0.7916858196258545,0.7259128093719482,0.6661893725395203,0.7013906240463257,0.8363895416259766,0.7134948968887329,0.7094305753707886,0.7346190214157104,0.847207248210907,0.7030358910560608,0.7305210828781128,0.7459396719932556,0.8623803853988647,0.7005276679992676,0.741481602191925,0.7449586987495422,0.8510640263557434,0.7101892232894897,0.7340859770774841,0.7431907653808594,0.8472484350204468,0.7667220234870911,0.7521170377731323,0.7602818012237549,0.8428957462310791,0.8351365327835083,0.6975196599960327,0.7862564921379089,0.8301576375961304,0.9171369075775146,0.6634054780006409,0.8464787006378174,0.8601657748222351,0.9295021295547485,0.6595252156257629,0.8567355275154114,0.8542882800102234,0.9493505954742432,0.6625645160675049,0.8830195069313049,0.8865145444869995,1
0.6694716811180115,0.7345307469367981,0.6653739213943481,0.7364627122879028,0.6654678583145142,0.7345581650733948,0.6654682159423828,0.7325608134269714,0.6658483147621155,0.7469605803489685,0.6658533215522766,0.7491040825843811,0.6658134460449219,0.7515917420387268,0.6687765717506409,0.7295219302177429,0.6687301993370056,0.7569311261177063,0.6747184991836548,0.7259207367897034,0.6745434999465942,0.7368039488792419,0.7048807144165039,0.6846678256988525,0.6845023036003113,0.7863091230392456,0.7268224954605103,0.6802915334701538,0.6917058825492859,0.828056812286377,0.7133041620254517,0.7228342890739441,0.7323675751686096,0.8436434268951416,0.714448869228363,0.7375171780586243,0.7430234551429749,0.8607262372970581,0.7088804841041565,0.7458578944206238,0.7448369264602661,0.8503075242042542,0.7097242474555969,0.7435555458068848,0.7414557933807373,0.8377364277839661,0.7678216695785522,0.7520071864128113,0.7608286738395691,0.8393257260322571,0.8307565450668335,0.7045765519142151,0.7837711572647095,0.8428195118904114,0.9162044525146484,0.6667991280555725,0.847341001033783,0.8522858023643494,0.9256439208984375,0.6809448599815369,0.857086181640625,0.8468084931373596,0.9503071308135986,0.6677193641662598,0.8823589086532593,0.8925033807754517,1
0.6720641851425171,0.7341011762619019,0.6681329011917114,0.7339719533920288,0.6681997776031494,0.7324542999267578,0.6689992547035217,0.7266232371330261,0.6697296500205994,0.7415686249732971,0.6696756482124329,0.7429149746894836,0.669582724571228,0.7443755865097046,0.6739661693572998,0.7297089695930481,0.6720991730690002,0.7486261129379272,0.6774904727935791,0.7235804200172424,0.676642894744873,0.7278150916099548,0.710800290107727,0.6889365911483765,0.6890961527824402,0.7617939114570618,0.7399976253509521,0.7035061717033386,0.6893296241760254,0.8327587842941284,0.7673878073692322,0.7465119957923889,0.7365942001342773,0.8546133637428284,0.7772831916809082,0.7549371719360352,0.7466548681259155,0.8704490065574646,0.7770558595657349,0.7657839059829712,0.7489898204803467,0.8621256947517395,0.7735868096351624,0.7653204202651978,0.7450912594795227,0.855225145816803,0.7711631655693054,0.7559069991111755,0.7593439221382141,0.835133969783783,0.8368912935256958,0.7139248847961426,0.7849888205528259,0.8317800164222717,0.9162667989730835,0.6777143478393555,0.8418647050857544,0.8579856157302856,0.9262475967407227,0.6901021003723145,0.8486342430114746,0.8564987182617188,0.9515361189842224,0.6764390468597412,0.8731985092163086,0.8947582244873047,1
0.6734229922294617,0.733490526676178,0.6686303019523621,0.7346230745315552,0.6686835885047913,0.7330001592636108,0.6687637567520142,0.7308529615402222,0.6694343090057373,0.7471808195114136,0.6693984270095825,0.7478665113449097,0.6693475246429443,0.7487654089927673,0.6729875206947327,0.7219274640083313,0.6734595894813538,0.7451167702674866,0.6794625520706177,0.7216974496841431,0.6787277460098267,0.7352718710899353,0.711335301399231,0.6823671460151672,0.6874473094940186,0.7627517580986023,0.7233976125717163,0.6836768388748169,0.6901726722717285,0.8192996978759766,0.7151721715927124,0.7472876310348511,0.7347257733345032,0.8561139106750488,0.7162948846817017,0.7627886533737183,0.7468726634979248,0.8697462677955627,0.7140585780143738,0.7682356834411621,0.7483956217765808,0.8620786666870117,0.7141324877738953,0.7643900513648987,0.7436562180519104,0.8542641401290894,0.7743080854415894,0.757127046585083,0.7629299163818359,0.8339647054672241,0.8367887735366821,0.7349286079406738,0.7873607873916626,0.8697001934051514,0.9207640290260315,0.6814036965370178,0.8442395329475403,0.8651677370071411,0.9239951372146606,0.6934589147567749,0.8549498319625854,0.8573745489120483,0.9479486346244812,0.688473641872406,0.8791372776031494,0.9009711742401123,1
0.6685303449630737,0.755344033241272,0.667425811290741,0.7598035335540771,0.6683488488197327,0.754114031791687,0.666240930557251,0.7475226521492004,0.6671636700630188,0.7636899352073669,0.6671428084373474,0.765507698059082,0.6670027375221252,0.7674914598464966,0.6712868213653564,0.7445216178894043,0.6712177395820618,0.7701948881149292,0.6770459413528442,0.7405477166175842,0.6753110885620117,0.7499716877937317,0.7064098715782166,0.6907384991645813,0.688457190990448,0.781235933303833,0.7196187376976013,0.6808478236198425,0.6994147300720215,0.8301723599433899,0.7040624618530273,0.6920070052146912,0.7308503985404968,0.8553398847579956,0.7033300995826721,0.6949887871742249,0.7397863268852234,0.8657330870628357,0.7007438540458679,0.698068380355835,0.7410808205604553,0.8622575402259827,0.7013587951660156,0.6978958249092102,0.7365162968635559,0.8543000221252441,0.7659980654716492,0.7696825265884399,0.7587247490882874,0.8392211198806763,0.8198286294937134,0.7417713403701782,0.7804788947105408,0.8831502199172974,0.8795951008796692,0.7500175833702087,0.8455820083618164,0.8641398549079895,0.8858259320259094,0.7555440664291382,0.8528205156326294,0.8626567125320435,0.9133412837982178,0.7552080154418945,0.8778650760650635,0.9046481251716614,1
0.6714028716087341,0.7621568441390991,0.6684677600860596,0.7618123888969421,0.6675329804420471,0.7530760765075684,0.6674740314483643,0.7513032555580139,0.6682364344596863,0.7656061053276062,0.6681967377662659,0.7672303915023804,0.6680510640144348,0.7689021825790405,0.6700136661529541,0.7437213659286499,0.6713472604751587,0.7690789103507996,0.6774296164512634,0.7432764172554016,0.6760188341140747,0.7519140839576721,0.705755889415741,0.6959954500198364,0.6897791028022766,0.7827144265174866,0.7288110852241516,0.6792789101600647,0.703796923160553,0.8270590901374817,0.6987208724021912,0.7220581769943237,0.7289977669715881,0.8466198444366455,0.6955319046974182,0.7358061075210571,0.7360171675682068,0.8600631356239319,0.6883702874183655,0.7391619086265564,0.7389559149742126,0.8495839238166809,0.6905499696731567,0.736191987991333,0.7382612824440002,0.8461440801620483,0.7671241760253906,0.7814584374427795,0.7613394856452942,0.840484619140625,0.7973179817199707,0.726640522480011,0.7808973789215088,0.8664779663085938,0.8662109971046448,0.7474103569984436,0.8433017134666443,0.864951491355896,0.8751381039619446,0.7554294466972351,0.8518145680427551,0.8605096936225891,0.8935475945472717,0.7523229718208313,0.8711497187614441,0.8964982628822327,1
0.6710575222969055,0.7588500380516052,0.6686388850212097,0.7589412331581116,0.6687214970588684,0.7575894594192505,0.6694135069847107,0.7524697184562683,0.6698938608169556,0.7665219902992249,0.6697202324867249,0.7681781649589539,0.6683468818664551,0.7744062542915344,0.671802818775177,0.7448447942733765,0.6724755167961121,0.7705586552619934,0.6783818006515503,0.7450602054595947,0.6768594980239868,0.7531806826591492,0.7087182402610779,0.6916118860244751,0.6936050057411194,0.7921397686004639,0.7300488948822021,0.6815909147262573,0.7015767693519592,0.8317502737045288,0.7075789570808411,0.7158802151679993,0.7325678467750549,0.8505176901817322,0.7057091593742371,0.7271532416343689,0.7398439049720764,0.8643919229507446,0.7003483772277832,0.7307226657867432,0.7425400018692017,0.8541533946990967,0.7024555206298828,0.7293261289596558,0.7384899258613586,0.8465119004249573,0.7674946784973145,0.78095942735672,0.7610442042350769,0.8457753658294678,0.7787758111953735,0.7280426025390625,0.766620397567749,0.8514664769172668,0.8660293817520142,0.7464442849159241,0.8420462608337402,0.8657412528991699,0.8772861957550049,0.7502067685127258,0.8505773544311523,0.8606468439102173,0.8983332514762878,0.7713586688041687,0.8743134140968323,0.9076409935951233,1
0.6693146228790283,0.75612473487854,0.6670740246772766,0.7586607933044434,0.6673204898834229,0.7574222087860107,0.667439877986908,0.7560863494873047,0.668075442314148,0.7659309506416321,0.6671433448791504,0.7711068987846375,0.667095959186554,0.7731765508651733,0.6710322499275208,0.7492803931236267,0.6722090244293213,0.7722480893135071,0.6757031679153442,0.740264356136322,0.6757944226264954,0.7513481378555298,0.7084004878997803,0.6991077065467834,0.6946179866790771,0.7933051586151123,0.7215122580528259,0.68610680103302,0.7020593881607056,0.8314418196678162,0.6949403285980225,0.6900727152824402,0.7353594899177551,0.8510127067565918,0.6911345720291138,0.6955346465110779,0.7450668811798096,0.868755578994751,0.6875929236412048,0.698306679725647,0.7475191950798035,0.8589386343955994,0.6903505921363831,0.6986903548240662,0.7437301278114319,0.850898265838623,0.7675902843475342,0.7767596244812012,0.7599231600761414,0.8495756387710571,0.7892960906028748,0.7052993774414062,0.7710533738136292,0.8518942594528198,0.8787327408790588,0.7103163003921509,0.8471000790596008,0.8694448471069336,0.8896691203117371,0.7166922688484192,0.8571701049804688,0.8675944805145264,0.9119662642478943,0.7243103384971619,0.8807520866394043,0.9134490489959717,1
0.6711390614509583,0.7537129521369934,0.6678011417388916,0.7526585459709167,0.6678969860076904,0.7517622113227844,0.6678372621536255,0.7507588267326355,0.6684685945510864,0.7652652263641357,0.6682405471801758,0.7657890319824219,0.6679057478904724,0.7667099833488464,0.6742098331451416,0.7451207041740417,0.6720067858695984,0.7705719470977783,0.6754242777824402,0.7422391176223755,0.6754457354545593,0.7561770081520081,0.707819402217865,0.6961323618888855,0.6887280344963074,0.7875937819480896,0.7370097637176514,0.698242723941803,0.7039104104042053,0.8367385864257812,0.7506017088890076,0.7554799914360046,0.7355297803878784,0.8556150197982788,0.7570557594299316,0.7689754366874695,0.7433509230613708,0.8703718185424805,0.752903938293457,0.7794114947319031,0.7449690103530884,0.8612414598464966,0.7510156631469727,0.7766682505607605,0.7439290285110474,0.8572472929954529,0.7643868923187256,0.7672437429428101,0.7591456174850464,0.8356056809425354,0.8024849891662598,0.7434995174407959,0.7789693474769592,0.8602258563041687,0.8718950748443604,0.7811545729637146,0.851899266242981,0.8706888556480408,0.8779650330543518,0.7933740615844727,0.8562744855880737,0.8704615235328674,0.9057611227035522,0.7953675389289856,0.8822376728057861,0.9087457656860352,1
0.6687900424003601,0.7543061971664429,0.6685233116149902,0.7571514248847961,0.6686388254165649,0.7558711767196655,0.6697964668273926,0.7498120069503784,0.6682210564613342,0.7611315250396729,0.6698629856109619,0.7663449645042419,0.6697064638137817,0.7681408524513245,0.6721156239509583,0.7476198077201843,0.6717374920845032,0.768405556678772,0.6770095825195312,0.7416167855262756,0.6751312017440796,0.7518212199211121,0.7089408040046692,0.6973745822906494,0.6914883852005005,0.7851107716560364,0.7329016327857971,0.7000216245651245,0.7092963457107544,0.8312037587165833,0.7249918580055237,0.7304778099060059,0.7387248277664185,0.854677140712738,0.7253811955451965,0.7407647967338562,0.7487625479698181,0.8724163770675659,0.7210769057273865,0.7470625042915344,0.7508718371391296,0.8631922006607056,0.721577525138855,0.7455184459686279,0.7463403344154358,0.8554090261459351,0.7695494890213013,0.7761410474777222,0.759082019329071,0.8387236595153809,0.8182088732719421,0.7762742638587952,0.7948285341262817,0.8572623133659363,0.8862626552581787,0.8093968033790588,0.8553673028945923,0.8726580739021301,0.8925909399986267,0.8212077617645264,0.8714420795440674,0.882194995880127,0.9177775382995605,0.8209301829338074,0.8939067125320435,0.9027613401412964,1
0.6707797050476074,0.7476673126220703,0.6700384020805359,0.7541540861129761,0.6702658534049988,0.754090428352356,0.6704304218292236,0.7539578080177307,0.6681988835334778,0.7614709734916687,0.6706057786941528,0.7663066387176514,0.6706404089927673,0.7670305967330933,0.6729145646095276,0.7535516619682312,0.6745280027389526,0.7605350017547607,0.6786677241325378,0.7426191568374634,0.678356409072876,0.7423909902572632,0.7073549032211304,0.7012975215911865,0.6984378695487976,0.7553499937057495,0.7257952094078064,0.7221223711967468,0.7012919187545776,0.8206666111946106,0.7280554175376892,0.7866359353065491,0.7379424571990967,0.8533419966697693,0.7307872176170349,0.8044999837875366,0.7449963092803955,0.8682522177696228,0.7286790013313293,0.8126505017280579,0.7464344501495361,0.8589125871658325,0.7286771535873413,0.8080081343650818,0.7455955743789673,0.8554420471191406,0.7770595550537109,0.7823275327682495,0.7684876918792725,0.8276450037956238,0.8171884417533875,0.783887505531311,0.7987915277481079,0.8157447576522827,0.883936882019043,0.7957039475440979,0.8685709834098816,0.8389281034469604,0.8903015851974487,0.8051765561103821,0.8757028579711914,0.8413025140762329,0.9107054471969604,0.791997492313385,0.8979846239089966,0.8388410806655884,1
0.6846742033958435,0.7501089572906494,0.6830258965492249,0.7523466944694519,0.6830804347991943,0.7505798935890198,0.683238685131073,0.7487261295318604,0.6838864684104919,0.7561851143836975,0.684529185295105,0.7574406862258911,0.685059130191803,0.7592661380767822,0.6883137822151184,0.7402161359786987,0.6899587512016296,0.7543847560882568,0.6898677349090576,0.7396091222763062,0.6909745335578918,0.7451092600822449,0.7124389410018921,0.692223072052002,0.7017785906791687,0.7515929341316223,0.7187386155128479,0.7390567064285278,0.6954061388969421,0.8120502829551697,0.7171483635902405,0.79371178150177,0.7284876108169556,0.8328617215156555,0.7219410538673401,0.8124508857727051,0.7421517968177795,0.8568892478942871,0.7206906080245972,0.8209722638130188,0.7440166473388672,0.8432177901268005,0.7207481265068054,0.8169242143630981,0.7385367751121521,0.8332988023757935,0.7735869884490967,0.7672756314277649,0.7653288841247559,0.8209534883499146,0.786049485206604,0.7970725893974304,0.7842278480529785,0.8379819393157959,0.8622921109199524,0.8339957594871521,0.857323169708252,0.8744333982467651,0.872623085975647,0.833187460899353,0.8673996329307556,0.8676615953445435,0.8913402557373047,0.8835441470146179,0.8882941007614136,0.9110191464424133,1
0.6818185448646545,0.7512855529785156,0.6794986128807068,0.7562925219535828,0.6755973696708679,0.7589721083641052,0.6796905994415283,0.7535174489021301,0.6799941062927246,0.7600590586662292,0.6752099394798279,0.7610554099082947,0.6810382604598999,0.7626230716705322,0.6847354173660278,0.7473227977752686,0.6796343922615051,0.7680855393409729,0.6818206906318665,0.7384616732597351,0.6842685341835022,0.7439440488815308,0.7133258581161499,0.7134301662445068,0.6954506635665894,0.7603844404220581,0.7221330404281616,0.7153304219245911,0.6992692351341248,0.8160182237625122,0.7129577398300171,0.7550052404403687,0.7290199398994446,0.8403903245925903,0.7131643891334534,0.7664037346839905,0.7421589493751526,0.8644911646842957,0.7109736204147339,0.7733240127563477,0.7434008717536926,0.8542384505271912,0.7120000123977661,0.7712476849555969,0.7379716038703918,0.8447468280792236,0.7786310315132141,0.7939834594726562,0.7694642543792725,0.8373842239379883,0.8259039521217346,0.8027987480163574,0.8121597766876221,0.823417067527771,0.8936362266540527,0.8112210631370544,0.8864761590957642,0.8383396863937378,0.8992490768432617,0.8193492889404297,0.8933008313179016,0.84254390001297,0.922473669052124,0.8099744319915771,0.9190525412559509,0.825502872467041,1
0.6784487962722778,0.7677872180938721,0.6762413382530212,0.7707667350769043,0.6762242317199707,0.7685075402259827,0.6763005256652832,0.7662116885185242,0.6772745251655579,0.7762994170188904,0.6780648827552795,0.7779476046562195,0.6787413358688354,0.7800973057746887,0.6767445206642151,0.7594563364982605,0.675599992275238,0.7667230367660522,0.6843763589859009,0.7549946904182434,0.6858950853347778,0.7619819641113281,0.7099099159240723,0.7094706892967224,0.7025678753852844,0.766189694404602,0.7173747420310974,0.7343301177024841,0.713403046131134,0.8200995922088623,0.7046570777893066,0.7519401907920837,0.7427821159362793,0.8251628875732422,0.7030131220817566,0.7577587962150574,0.7522649168968201,0.8332513570785522,0.7021816968917847,0.7592296004295349,0.746422529220581,0.8434969186782837,0.7037175893783569,0.7583519220352173,0.7515841126441956,0.8175719976425171,0.7745897769927979,0.7863994240760803,0.76563560962677,0.8329667448997498,0.8108388781547546,0.8550049662590027,0.7941423058509827,0.8493377566337585,0.8729860186576843,0.8665255308151245,0.860755205154419,0.8773255944252014,0.8788366317749023,0.8655655980110168,0.867702305316925,0.8749520778656006,0.9001172780990601,0.8958025574684143,0.8913311958312988,0.8936967849731445,1
0.671394944190979,0.7599967122077942,0.6651667952537537,0.762076199054718,0.6652713418006897,0.7615119218826294,0.6673641204833984,0.7589303851127625,0.6678252220153809,0.7685357332229614,0.6675914525985718,0.7682892084121704,0.6672629714012146,0.7684497237205505,0.6725372672080994,0.7479852437973022,0.66884845495224,0.7635879516601562,0.6771349906921387,0.7467027306556702,0.6728216409683228,0.7538056969642639,0.7038611769676208,0.7006344795227051,0.696274995803833,0.7525078058242798,0.7245948910713196,0.752416729927063,0.6982449293136597,0.8183589577674866,0.7362784743309021,0.8052849769592285,0.7349613308906555,0.8468692898750305,0.7436405420303345,0.8316867351531982,0.74541175365448,0.8665332794189453,0.741429328918457,0.8411914706230164,0.7474990487098694,0.8572182059288025,0.7396150827407837,0.8200090527534485,0.743118166923523,0.8498744964599609,0.7770727872848511,0.7843466401100159,0.7688847184181213,0.8247534036636353,0.8028247356414795,0.8289081454277039,0.7867208123207092,0.8350434899330139,0.8650413155555725,0.8450968265533447,0.8537330627441406,0.8566012382507324,0.8713394403457642,0.8451323509216309,0.8613953590393066,0.8531568646430969,0.8887758255004883,0.8710256814956665,0.8795665502548218,0.8739620447158813,1
0.6753076910972595,0.767356276512146,0.6695200800895691,0.7698824405670166,0.6695883274078369,0.7697935700416565,0.671649158000946,0.7720879316329956,0.6690688133239746,0.769368052482605,0.6717031598091125,0.7739624381065369,0.6714879274368286,0.7742752432823181,0.6762924194335938,0.7626746296882629,0.6744360327720642,0.7627587914466858,0.6802148222923279,0.7546574473381042,0.6829773783683777,0.7570815682411194,0.7055267095565796,0.7126450538635254,0.6997350454330444,0.7546426653862,0.7304480075836182,0.7622501254081726,0.7099624276161194,0.8157976269721985,0.7469533681869507,0.8296448588371277,0.7423657774925232,0.8411966562271118,0.7545580267906189,0.8451940417289734,0.7459478378295898,0.8573092222213745,0.7525906562805176,0.8555522561073303,0.7461244463920593,0.8542487025260925,0.7504763603210449,0.850887656211853,0.7509917616844177,0.8391857743263245,0.7726947069168091,0.7854601740837097,0.7644182443618774,0.8232349157333374,0.8086763620376587,0.8190510869026184,0.7947306036949158,0.8313626050949097,0.8725061416625977,0.825564444065094,0.8499757051467896,0.8642340898513794,0.8786526918411255,0.8235942125320435,0.8735206723213196,0.8511940836906433,0.8970363736152649,0.850900411605835,0.8919874429702759,0.874064564704895,1
0.6833697557449341,0.7588406205177307,0.6812449097633362,0.7578698396682739,0.6810818314552307,0.7561361193656921,0.6809988617897034,0.7543434500694275,0.6823517084121704,0.7604441046714783,0.6830934286117554,0.7605719566345215,0.6837277412414551,0.7612100839614868,0.685078501701355,0.741506040096283,0.6883825659751892,0.7510641813278198,0.6876943111419678,0.7486240267753601,0.689386785030365,0.7515764236450195,0.7077296376228333,0.7060914039611816,0.7002665996551514,0.7393935322761536,0.7208933234214783,0.7467354536056519,0.6975886225700378,0.8029041290283203,0.722558856010437,0.7992685437202454,0.7303621768951416,0.8210335373878479,0.7257553339004517,0.8119962811470032,0.7366411089897156,0.8490859270095825,0.7243586182594299,0.8162382245063782,0.7372559905052185,0.8478854894638062,0.7242205739021301,0.8112435936927795,0.7365325093269348,0.8446014523506165,0.766861617565155,0.7719953656196594,0.7573667764663696,0.8026089072227478,0.7959066033363342,0.844528317451477,0.7756881713867188,0.8314206004142761,0.8440532088279724,0.8679043054580688,0.8413736820220947,0.8682853579521179,0.8558815717697144,0.8529486060142517,0.8516265153884888,0.871467113494873,0.8641707301139832,0.8994110226631165,0.861042320728302,0.9031170010566711,1
0.6923894286155701,0.7594743371009827,0.691334068775177,0.7580891251564026,0.6918500065803528,0.755163848400116,0.6924763917922974,0.7521687746047974,0.6907539963722229,0.7640155553817749,0.6908214688301086,0.7658972144126892,0.6907814145088196,0.768303632736206,0.6977556347846985,0.7407060861587524,0.6947950124740601,0.7628494501113892,0.6979777216911316,0.7474770545959473,0.6972947716712952,0.755948543548584,0.7245031595230103,0.6912779808044434,0.6988610029220581,0.7623655796051025,0.7294741272926331,0.7385708689689636,0.6849484443664551,0.8126963973045349,0.7227587103843689,0.7820254564285278,0.7193292379379272,0.8402044773101807,0.7262216210365295,0.799558699131012,0.7300271391868591,0.8615554571151733,0.7252553701400757,0.8021536469459534,0.7326284646987915,0.8533145785331726,0.7254090309143066,0.7986830472946167,0.727226972579956,0.8414164781570435,0.7704890370368958,0.7670393586158752,0.7543489933013916,0.8233478665351868,0.7815852761268616,0.7898988723754883,0.7692590951919556,0.8292922973632812,0.8446242809295654,0.8636828660964966,0.8434732556343079,0.8798021078109741,0.861863374710083,0.8573825359344482,0.8579558730125427,0.9078627824783325,0.8679735660552979,0.9030246734619141,0.8678109645843506,0.9178181290626526,1
0.6821798086166382,0.7723466157913208,0.6807453632354736,0.7756564617156982,0.6810329556465149,0.7730274200439453,0.6814343333244324,0.7703246474266052,0.6812486052513123,0.7810091376304626,0.681878387928009,0.7826371192932129,0.6823945641517639,0.7848153710365295,0.6878585815429688,0.7564531564712524,0.688300609588623,0.7764941453933716,0.6881616711616516,0.7560988068580627,0.6890184879302979,0.76311194896698,0.7173357009887695,0.6887248158454895,0.6982353329658508,0.7607139348983765,0.7200011610984802,0.7404760718345642,0.6952989101409912,0.8156742453575134,0.7152582406997681,0.7884715795516968,0.7319607138633728,0.8533914089202881,0.7175112962722778,0.8039087653160095,0.7386860847473145,0.8699227571487427,0.7185584306716919,0.8090901374816895,0.7410916686058044,0.861318051815033,0.7189732789993286,0.8064395189285278,0.7416486740112305,0.8504486083984375,0.7710273861885071,0.76756751537323,0.7568148374557495,0.823364794254303,0.7915316820144653,0.7831071019172668,0.7698928117752075,0.8274217844009399,0.8403928279876709,0.8607942461967468,0.83925461769104,0.8758076429367065,0.8547779321670532,0.8547539710998535,0.8518038392066956,0.8887010812759399,0.8633286952972412,0.9020220041275024,0.8643200397491455,0.9124406576156616,1
0.6965820789337158,0.7741025686264038,0.6951608061790466,0.7763816118240356,0.6953567862510681,0.7739319801330566,0.6956688761711121,0.7714211940765381,0.6954083442687988,0.7812983393669128,0.6958068013191223,0.7826942205429077,0.696092963218689,0.784628689289093,0.7003203630447388,0.7577722668647766,0.69996178150177,0.7769932746887207,0.7013857364654541,0.7598971128463745,0.7020195126533508,0.7661424875259399,0.7246639728546143,0.6977795362472534,0.7029669284820557,0.7633810639381409,0.7269362211227417,0.7431575655937195,0.6924247741699219,0.8127124309539795,0.7130252122879028,0.7762957811355591,0.7307425141334534,0.8510083556175232,0.7133671045303345,0.7912231683731079,0.7401295900344849,0.8712828159332275,0.7130588293075562,0.7925145626068115,0.743036150932312,0.8635804653167725,0.714312732219696,0.7895652055740356,0.7420143485069275,0.858788251876831,0.7669369578361511,0.7624033689498901,0.7516739964485168,0.8156167268753052,0.7945238351821899,0.7714216709136963,0.773441731929779,0.815836489200592,0.8459183573722839,0.8669474124908447,0.8403017520904541,0.8845170736312866,0.8611185550689697,0.87345951795578,0.8586632013320923,0.9206234812736511,0.8667799234390259,0.9017760753631592,0.8654832243919373,0.9189884662628174,1
0.7072973251342773,0.777944803237915,0.7061470746994019,0.7769787907600403,0.7061606049537659,0.7744646072387695,0.7062667608261108,0.7719160318374634,0.7064179182052612,0.7822785377502441,0.706829845905304,0.7833166718482971,0.707129955291748,0.7848367094993591,0.7093038558959961,0.7559625506401062,0.7097763419151306,0.7757365107536316,0.7105655670166016,0.7653513550758362,0.7114375233650208,0.7707856893539429,0.7283505797386169,0.7104017734527588,0.7097356915473938,0.7596648931503296,0.7342551350593567,0.757137656211853,0.6983262300491333,0.826946496963501,0.735689103603363,0.7949468493461609,0.7271769046783447,0.8463997840881348,0.7388167977333069,0.803176760673523,0.7336622476577759,0.864151120185852,0.7382331490516663,0.8063338994979858,0.7360319495201111,0.8535425066947937,0.7377548813819885,0.8032239079475403,0.7357221245765686,0.8494991064071655,0.7582822442054749,0.7517358064651489,0.7421773076057434,0.7887571454048157,0.7861601710319519,0.8329878449440002,0.7506396174430847,0.8211095929145813,0.8320775032043457,0.8605654239654541,0.8213946223258972,0.8791964054107666,0.8370147347450256,0.8578842282295227,0.8310924768447876,0.8770642280578613,0.8487653732299805,0.8919138312339783,0.8438578844070435,0.9091553688049316,1
0.6948930621147156,0.7865732908248901,0.6933920383453369,0.7903347611427307,0.6932287216186523,0.7893079519271851,0.6931571960449219,0.7882536053657532,0.6946744918823242,0.7916474342346191,0.6956323981285095,0.7913388013839722,0.6964726448059082,0.7915040850639343,0.6977350115776062,0.7747968435287476,0.7017338871955872,0.7798469066619873,0.6988388299942017,0.7743522524833679,0.7010735869407654,0.7750059366226196,0.7193504571914673,0.7318469285964966,0.7118709683418274,0.7524951100349426,0.7262652516365051,0.7642607092857361,0.710724949836731,0.8126569986343384,0.7230198383331299,0.8054769039154053,0.7327492833137512,0.8461090326309204,0.7235993146896362,0.8153965473175049,0.7394266128540039,0.8641419410705566,0.7230274081230164,0.819115936756134,0.7418002486228943,0.8516340255737305,0.7236332893371582,0.8144581317901611,0.745137095451355,0.8351842164993286,0.7700545787811279,0.7897670269012451,0.7602328658103943,0.8117974996566772,0.8036959171295166,0.8709110617637634,0.7808730602264404,0.8517552614212036,0.8426946997642517,0.8690478801727295,0.832955539226532,0.8782318830490112,0.8451169729232788,0.8644813895225525,0.8384796380996704,0.8760268688201904,0.8608567714691162,0.8892135620117188,0.8538107872009277,0.8914402723312378,1
0.6988427042961121,0.7670522332191467,0.6922605633735657,0.7660907506942749,0.6924673318862915,0.7667204141616821,0.6925836205482483,0.7674421072006226,0.6984614133834839,0.7747892141342163,0.6992688179016113,0.7751501798629761,0.6999505758285522,0.7760737538337708,0.7013305425643921,0.7621952891349792,0.704069972038269,0.7705650329589844,0.7028457522392273,0.7572095990180969,0.7047436237335205,0.7586706876754761,0.7223597764968872,0.7149660587310791,0.7121866941452026,0.7580124735832214,0.7259044051170349,0.7365242838859558,0.7030118107795715,0.8143267035484314,0.7172162532806396,0.7516599297523499,0.7357025742530823,0.8211356997489929,0.716286838054657,0.7564630508422852,0.742488443851471,0.8291330933570862,0.715986430644989,0.7592483758926392,0.7444954514503479,0.8194645643234253,0.7171271443367004,0.7579305768013,0.7432650923728943,0.8156688213348389,0.7718977332115173,0.7719191312789917,0.7625067830085754,0.8161267042160034,0.8053665161132812,0.7694420218467712,0.7772567868232727,0.8336867690086365,0.8693270683288574,0.810317873954773,0.8388595581054688,0.9104393124580383,0.8762593269348145,0.8227910995483398,0.8467252850532532,0.9175510406494141,0.894626796245575,0.8235118985176086,0.8640463352203369,0.9285757541656494,1
0.7038456201553345,0.7853672504425049,0.7024646997451782,0.7940397262573242,0.702396810054779,0.7936041355133057,0.7024245858192444,0.79311603307724,0.7032591700553894,0.7953076362609863,0.7040524482727051,0.795216977596283,0.7047326564788818,0.7956250309944153,0.7065507769584656,0.7832083106040955,0.7087719440460205,0.7892110347747803,0.707621157169342,0.7739741206169128,0.7095515727996826,0.7741276025772095,0.7264701724052429,0.7359290719032288,0.7144709229469299,0.7636931538581848,0.7240821123123169,0.7242781519889832,0.696835994720459,0.815900981426239,0.7164469957351685,0.7707567811012268,0.7334377765655518,0.829844057559967,0.7151919007301331,0.7822275757789612,0.7404116988182068,0.8372485041618347,0.7127566337585449,0.7862573862075806,0.7359768748283386,0.8503023982048035,0.714182436466217,0.7816959619522095,0.7359704375267029,0.8482823371887207,0.7690433263778687,0.7799859046936035,0.7588163018226624,0.815502941608429,0.8163727521896362,0.7539755702018738,0.791156530380249,0.8450216054916382,0.8730086088180542,0.8071936964988708,0.8442661166191101,0.9233698844909668,0.8772329092025757,0.8259328007698059,0.8488644957542419,0.9342496395111084,0.898797333240509,0.802399754524231,0.8698491454124451,0.9312141537666321,1
0.6931202411651611,0.773351788520813,0.6826450824737549,0.7708052396774292,0.6918190717697144,0.7759186625480652,0.6920177936553955,0.774378776550293,0.6922820210456848,0.7803571820259094,0.6928435564041138,0.7812858819961548,0.6932927966117859,0.782758891582489,0.6963244080543518,0.7648606896400452,0.6971842646598816,0.777913510799408,0.6975029110908508,0.7627044320106506,0.6985462307929993,0.7663760185241699,0.7204575538635254,0.7134819030761719,0.7042415142059326,0.7716974020004272,0.7383435964584351,0.7582001090049744,0.7021039128303528,0.8124213814735413,0.7497602701187134,0.8003029227256775,0.7402281761169434,0.8287392258644104,0.7559269666671753,0.8113105297088623,0.7495158314704895,0.841717004776001,0.7552502751350403,0.8177722096443176,0.7520895600318909,0.8293350338935852,0.7540059685707092,0.8156691789627075,0.7506021857261658,0.8235165476799011,0.7663154602050781,0.7758241891860962,0.7544100880622864,0.8214417099952698,0.7802253365516663,0.7887074947357178,0.7613301277160645,0.8251895904541016,0.8368015885353088,0.8793712854385376,0.8343145847320557,0.9039084911346436,0.8441511988639832,0.8916011452674866,0.8469352722167969,0.9312108159065247,0.8579134941101074,0.9212312698364258,0.861412763595581,0.9564093351364136,1
0.678493857383728,0.7531839609146118,0.6766409277915955,0.759716808795929,0.6767712235450745,0.7583300471305847,0.6770159602165222,0.7568559050559998,0.677242636680603,0.7633511424064636,0.6778236627578735,0.7648326754570007,0.6782812476158142,0.7668839693069458,0.6821980476379395,0.7504480481147766,0.683113694190979,0.7653512358665466,0.684177041053772,0.7425619959831238,0.6851583123207092,0.7476950883865356,0.7107994556427002,0.701490044593811,0.6935237646102905,0.7597543597221375,0.730445146560669,0.7448318004608154,0.6947956681251526,0.8141711354255676,0.7298114895820618,0.7927985787391663,0.7353150844573975,0.8351329565048218,0.7329503893852234,0.8109582662582397,0.7418241500854492,0.8639881610870361,0.7310444116592407,0.8149948120117188,0.7429007291793823,0.8544144630432129,0.731166660785675,0.8109315633773804,0.746383547782898,0.8312245607376099,0.7705225944519043,0.7743349671363831,0.7579964995384216,0.8273495435714722,0.7947065830230713,0.7491853833198547,0.7764152884483337,0.8291692733764648,0.8569355607032776,0.8425047397613525,0.8431772589683533,0.9228726029396057,0.8627589344978333,0.8661439418792725,0.8520091772079468,0.9363707304000854,0.8888869285583496,0.8664848208427429,0.8743207454681396,0.9424440264701843,1
0.6784849166870117,0.7620546221733093,0.676712155342102,0.7676118016242981,0.6768758893013,0.7667233943939209,0.6771320700645447,0.7657562494277954,0.6772814393043518,0.769376814365387,0.6778995990753174,0.7700284123420715,0.6784104704856873,0.7711999416351318,0.6826848387718201,0.7590604424476624,0.683807373046875,0.7670045495033264,0.6839977502822876,0.7524340748786926,0.6850137710571289,0.7550693154335022,0.7103515863418579,0.7183791399002075,0.6967954039573669,0.7587137818336487,0.7243744134902954,0.7671800255775452,0.7043803334236145,0.8154703974723816,0.7277219891548157,0.8086615204811096,0.7337889671325684,0.8350502252578735,0.7311227917671204,0.8218019604682922,0.7425674200057983,0.8488658666610718,0.730543851852417,0.8254270553588867,0.7424766421318054,0.8547501564025879,0.730139970779419,0.8219255208969116,0.7437489032745361,0.8329280614852905,0.7706899642944336,0.7903235554695129,0.7611620426177979,0.8304023146629333,0.7969739437103271,0.7925334572792053,0.7791327834129333,0.8518515825271606,0.847915530204773,0.869379997253418,0.8434306979179382,0.9194016456604004,0.852432370185852,0.8861383199691772,0.8516362309455872,0.9264135360717773,0.872347354888916,0.8952497243881226,0.8683233261108398,0.9393827319145203,1
0.6766910552978516,0.761918842792511,0.6749536991119385,0.7658926844596863,0.6749693155288696,0.7654414772987366,0.6750707030296326,0.764911413192749,0.675957202911377,0.765836775302887,0.6767306923866272,0.7655894756317139,0.6774017214775085,0.7658803462982178,0.680266261100769,0.7576432228088379,0.6828022003173828,0.7590466141700745,0.6817342638969421,0.7534955143928528,0.6832042336463928,0.7539199590682983,0.7052551507949829,0.721064567565918,0.6977596282958984,0.7480555772781372,0.7229941487312317,0.7673951387405396,0.706644594669342,0.8034150004386902,0.7287718057632446,0.8226889371871948,0.7361785769462585,0.8305284976959229,0.7326397895812988,0.8454611301422119,0.7420592904090881,0.8533514142036438,0.7324910759925842,0.8428913950920105,0.7416810989379883,0.8508996963500977,0.7325286865234375,0.8409528732299805,0.7409374117851257,0.8472369909286499,0.767432451248169,0.7891389727592468,0.760907769203186,0.8219289183616638,0.7868836522102356,0.7755272388458252,0.7777308821678162,0.8308877348899841,0.8576751947402954,0.8534038662910461,0.848708987236023,0.911325216293335,0.8678516149520874,0.8641625642776489,0.8603954315185547,0.9145399928092957,0.8806395530700684,0.8985241055488586,0.8702259063720703,0.9514528512954712,1
0.6981516480445862,0.7844916582107544,0.6963045001029968,0.787877082824707,0.695844292640686,0.7874923944473267,0.6954669952392578,0.7870758175849915,0.6981087327003479,0.7866987586021423,0.6992038488388062,0.7850801944732666,0.7002061009407043,0.7838729023933411,0.6975361108779907,0.7714002728462219,0.7034964561462402,0.768639326095581,0.7002570629119873,0.7742279171943665,0.7032470107078552,0.7711621522903442,0.7094348073005676,0.7377758026123047,0.713649570941925,0.7262436747550964,0.7169912457466125,0.7814301252365112,0.7138990759849548,0.7798249125480652,0.7149418592453003,0.8078333139419556,0.7273361682891846,0.8146607875823975,0.7147543430328369,0.8130707740783691,0.7298352718353271,0.8238297700881958,0.7143850922584534,0.8123528361320496,0.730718195438385,0.8224635124206543,0.7156233787536621,0.8087193369865417,0.7304890155792236,0.8200578093528748,0.7487781047821045,0.7677759528160095,0.7460588216781616,0.7708860039710999,0.7631374001502991,0.8156507015228271,0.7533992528915405,0.8002663254737854,0.8268413543701172,0.8855968713760376,0.8187206983566284,0.883538544178009,0.8362030982971191,0.8901720643043518,0.8276425004005432,0.8885633945465088,0.8431196808815002,0.9174803495407104,0.8365877866744995,0.91371750831604,1
0.7021653056144714,0.7830556035041809,0.700067400932312,0.7832292318344116,0.6996353268623352,0.7809110283851624,0.6992849707603455,0.778545081615448,0.7015897035598755,0.7877476811408997,0.7024173736572266,0.7884235978126526,0.7031473517417908,0.7895032167434692,0.700690507888794,0.7607564330101013,0.705377459526062,0.7769847512245178,0.7040907144546509,0.7690467238426208,0.706497073173523,0.7731703519821167,0.7127838134765625,0.7091888785362244,0.7091453671455383,0.7428289651870728,0.7122563719749451,0.7491974830627441,0.7041481137275696,0.7885128855705261,0.7005240321159363,0.7795794606208801,0.7140131592750549,0.79756760597229,0.6993074417114258,0.7847738265991211,0.717635989189148,0.8078727722167969,0.6992943286895752,0.7855786681175232,0.7197603583335876,0.7953686714172363,0.701256275177002,0.7846858501434326,0.7199031710624695,0.792497456073761,0.7431122064590454,0.742312490940094,0.7315976619720459,0.7669360041618347,0.7412446141242981,0.774366557598114,0.6992028951644897,0.7969604134559631,0.8016865849494934,0.8730273246765137,0.763680636882782,0.8715373277664185,0.8114093542098999,0.8791078925132751,0.7739948034286499,0.8708292841911316,0.8171244263648987,0.9197742342948914,0.7807998657226562,0.9182912707328796,1
0.6903364062309265,0.7835121750831604,0.6889706254005432,0.7823319435119629,0.6889945864677429,0.7790347337722778,0.6891173124313354,0.7756763696670532,0.6897321343421936,0.789237380027771,0.6903327107429504,0.7910892963409424,0.6908303499221802,0.7934207916259766,0.6936841011047363,0.7596713900566101,0.6951484680175781,0.784717321395874,0.6947904229164124,0.7683395743370056,0.6958259344100952,0.7770991325378418,0.7169187664985657,0.7023418545722961,0.7027258276939392,0.7702154517173767,0.721869707107544,0.7587883472442627,0.6878684163093567,0.8168289065361023,0.7174134254455566,0.823430597782135,0.7135908007621765,0.8356117606163025,0.7202461957931519,0.8418947458267212,0.7201887965202332,0.8588750958442688,0.7205702066421509,0.8474665880203247,0.7183136940002441,0.8522741794586182,0.7209470272064209,0.8430989384651184,0.7241992950439453,0.8468994498252869,0.7556245923042297,0.7565382719039917,0.7429698705673218,0.8064846992492676,0.7674880027770996,0.8030413389205933,0.7528344988822937,0.8267870545387268,0.8415372371673584,0.8869816660881042,0.8306103944778442,0.8951475024223328,0.8549517393112183,0.8768519163131714,0.8422374725341797,0.9009177088737488,0.8592705726623535,0.9393917322158813,0.8589282631874084,0.9609320759773254,1
0.6715651750564575,0.757116436958313,0.6696021556854248,0.7700787782669067,0.6699973940849304,0.7698073387145996,0.6701763868331909,0.7697159647941589,0.6685597896575928,0.7716988325119019,0.6704239845275879,0.7762407660484314,0.670103132724762,0.7774538993835449,0.675335168838501,0.7626068592071533,0.6718145608901978,0.7744190692901611,0.6799523830413818,0.7495912313461304,0.6762593388557434,0.7581357955932617,0.7117917537689209,0.6983986496925354,0.6930637359619141,0.7726518511772156,0.7192520499229431,0.7369192838668823,0.6945463418960571,0.828302264213562,0.7107869386672974,0.7651042938232422,0.7279765605926514,0.8537090420722961,0.7115346193313599,0.7780646681785583,0.7378552556037903,0.873475193977356,0.7113849520683289,0.7811099290847778,0.7402724027633667,0.8624770641326904,0.7122263312339783,0.7798039317131042,0.7394306659698486,0.8590019345283508,0.7682344317436218,0.7799507975578308,0.7555577754974365,0.843431293964386,0.7978614568710327,0.757099449634552,0.7751191854476929,0.8410106301307678,0.8638801574707031,0.8050788640975952,0.8397149443626404,0.8887192010879517,0.8708442449569702,0.818111777305603,0.8507503271102905,0.9047098159790039,0.8925551176071167,0.8363920450210571,0.8635159730911255,0.9232162237167358,1
0.7005497813224792,0.7924718856811523,0.6983258724212646,0.7898188233375549,0.6982998847961426,0.7858696579933167,0.6983755826950073,0.7818499803543091,0.6986750364303589,0.798416256904602,0.6990043520927429,0.8006956577301025,0.6992325782775879,0.8034543991088867,0.7013717889785767,0.7642847895622253,0.7014708518981934,0.7960923314094543,0.7045062184333801,0.7770575881004333,0.7052727341651917,0.7874912619590759,0.7217561602592468,0.6994262337684631,0.7053742408752441,0.7893958687782288,0.7272893190383911,0.7060676217079163,0.7052770256996155,0.8274661302566528,0.7008507251739502,0.7460505962371826,0.7242812514305115,0.8482706546783447,0.6984966993331909,0.7612975239753723,0.7249100804328918,0.8506730198860168,0.6948484778404236,0.764967143535614,0.7266559600830078,0.8370961546897888,0.6971979141235352,0.7620594501495361,0.7288749814033508,0.8433396816253662,0.7564163208007812,0.7504379153251648,0.7431449890136719,0.8168720602989197,0.7801130414009094,0.7534302473068237,0.7734882235527039,0.8188276290893555,0.8443353176116943,0.8501107096672058,0.8371332287788391,0.902962863445282,0.8532435894012451,0.8645025491714478,0.8453443050384521,0.9080578088760376,0.8608166575431824,0.9089779257774353,0.8621017932891846,0.9229781031608582,1
0.702828049659729,0.7825899124145508,0.7004755735397339,0.7790294289588928,0.7003100514411926,0.7755171060562134,0.7002535462379456,0.7719235420227051,0.7009789347648621,0.7861063480377197,0.701262891292572,0.7877801656723022,0.7014545202255249,0.7899238467216492,0.7012195587158203,0.753327488899231,0.7020419239997864,0.7798190116882324,0.7053204774856567,0.768973708152771,0.7063416242599487,0.7770514488220215,0.716804027557373,0.6959984302520752,0.701284646987915,0.7625665664672852,0.7211641073226929,0.723517656326294,0.6969802975654602,0.8001495599746704,0.7086283564567566,0.7330785989761353,0.7082480788230896,0.79900062084198,0.7095990777015686,0.7356778979301453,0.7140530347824097,0.813714325428009,0.7085939645767212,0.7366160154342651,0.7167519330978394,0.7952107787132263,0.7102342247962952,0.7385903596878052,0.7166143655776978,0.7911853194236755,0.7483612895011902,0.7427036166191101,0.730072557926178,0.7880086302757263,0.7327471375465393,0.7421399354934692,0.6864880323410034,0.8056309223175049,0.7991690635681152,0.8612582683563232,0.7520915865898132,0.8671807646751404,0.8127557039260864,0.8701586127281189,0.765933096408844,0.8626993894577026,0.8108177185058594,0.917712926864624,0.7660921216011047,0.9167560338973999,1
0.7034793496131897,0.7936611175537109,0.7010025382041931,0.7885597348213196,0.7008572816848755,0.7846927642822266,0.7007999420166016,0.7807949781417847,0.7014368176460266,0.7966411113739014,0.7017391324043274,0.7985098361968994,0.7019439339637756,0.8008414506912231,0.7028059363365173,0.7621265649795532,0.7035520672798157,0.791433572769165,0.7067659497261047,0.7794411778450012,0.7077181935310364,0.7888379096984863,0.721711277961731,0.7101453542709351,0.7049589157104492,0.7786078453063965,0.7337954044342041,0.7240079641342163,0.6952448487281799,0.8065415620803833,0.7139791250228882,0.7420257329940796,0.7119747996330261,0.7968701124191284,0.7127674221992493,0.7484593987464905,0.7174837589263916,0.805039644241333,0.7089267373085022,0.7496988773345947,0.718523383140564,0.7934091687202454,0.7107234597206116,0.7488254904747009,0.718029260635376,0.7910186648368835,0.7538219094276428,0.7515702247619629,0.7388725280761719,0.8031822443008423,0.7757194638252258,0.7540848255157471,0.7538791298866272,0.7783786654472351,0.824160099029541,0.8615901470184326,0.8041196465492249,0.8699609637260437,0.831744372844696,0.8760968446731567,0.8112244009971619,0.8799037337303162,0.8380982875823975,0.8992699980735779,0.8248535990715027,0.8908841013908386,1
