kp0_x,kp0_y,kp1_x,kp1_y,kp2_x,kp2_y,kp3_x,kp3_y,kp4_x,kp4_y,kp5_x,kp5_y,kp6_x,kp6_y,kp7_x,kp7_y,kp8_x,kp8_y,kp9_x,kp9_y,kp10_x,kp10_y,kp11_x,kp11_y,kp12_x,kp12_y,kp13_x,kp13_y,kp14_x,kp14_y,kp15_x,kp15_y,kp16_x,kp16_y,kp17_x,kp17_y,kp18_x,kp18_y,kp19_x,kp19_y,kp20_x,kp20_y,kp21_x,kp21_y,kp22_x,kp22_y,kp23_x,kp23_y,kp24_x,kp24_y,kp25_x,kp25_y,kp26_x,kp26_y,kp27_x,kp27_y,kp28_x,kp28_y,kp29_x,kp29_y,kp30_x,kp30_y,kp31_x,kp31_y,kp32_x,kp32_y,label
0.8365122079849243,0.3077104985713959,0.8397367596626282,0.28415390849113464,0.8428536057472229,0.2829411029815674,0.8464142680168152,0.2815648913383484,0.835411548614502,0.2853812873363495,0.8349014520645142,0.28504467010498047,0.8344629406929016,0.28459274768829346,0.8572837710380554,0.2855410575866699,0.842200517654419,0.2885356843471527,0.8432198166847229,0.3244435489177704,0.8387454748153687,0.32584795355796814,0.8817575573921204,0.36888355016708374,0.8526033759117126,0.3696958124637604,0.891477644443512,0.5235653519630432,0.8484923243522644,0.5017216205596924,0.8525798320770264,0.6161638498306274,0.8353132009506226,0.6013838052749634,0.8446167707443237,0.6479375958442688,0.8251003623008728,0.6269144415855408,0.8405194878578186,0.6395599842071533,0.8267614245414734,0.6267448663711548,0.8411273956298828,0.6328242421150208,0.8309025764465332,0.618492066860199,0.9033282399177551,0.6146348714828491,0.8816620707511902,0.60178542137146,0.8372257947921753,0.7305353879928589,0.8154601454734802,0.684614896774292,0.9039379358291626,0.7858235239982605,0.8629119396209717,0.7929912805557251,0.9161694049835205,0.7810919284820557,0.8808965682983398,0.7873547077178955,0.905022919178009,0.8325703740119934,0.854611337184906,0.8555508852005005,1
0.8368217945098877,0.3074992597103119,0.8400219678878784,0.28304922580718994,0.8431886434555054,0.2815137207508087,0.846725344657898,0.28009334206581116,0.8354020714759827,0.2852192223072052,0.8347676396369934,0.28514018654823303,0.834200382232666,0.284944087266922,0.8572590351104736,0.2855393588542938,0.8412593007087708,0.2897246181964874,0.8434447050094604,0.32400813698768616,0.8386600017547607,0.32641342282295227,0.8808872103691101,0.37035930156707764,0.8521305918693542,0.3693673312664032,0.8907409906387329,0.5248957276344299,0.8463084697723389,0.501747727394104,0.849273681640625,0.6201772093772888,0.8358067274093628,0.5986690521240234,0.8441325426101685,0.6556869149208069,0.8256542086601257,0.6247043609619141,0.8381122946739197,0.6406944394111633,0.8272865414619446,0.6238002181053162,0.8400027751922607,0.632632851600647,0.8311736583709717,0.6157257556915283,0.9011462330818176,0.6132659316062927,0.87969571352005,0.5979514122009277,0.830870509147644,0.7328863739967346,0.8153663873672485,0.6641215682029724,0.8835924863815308,0.806350827217102,0.8606142401695251,0.7859852910041809,0.9005598425865173,0.7915199398994446,0.876323938369751,0.7868242859840393,0.8940086960792542,0.8592408895492554,0.8530637621879578,0.846123456954956,1
0.8360479474067688,0.3074926435947418,0.8391596078872681,0.2830348610877991,0.8423026204109192,0.2815760672092438,0.845877468585968,0.2801845371723175,0.8347866535186768,0.2847985625267029,0.8342294096946716,0.2845720648765564,0.8337370753288269,0.28424251079559326,0.8566197752952576,0.28510919213294983,0.8398392200469971,0.289243221282959,0.8425801396369934,0.324384480714798,0.8380422592163086,0.32607781887054443,0.880395770072937,0.3708072900772095,0.8516228199005127,0.36775118112564087,0.8898473381996155,0.5267688035964966,0.8460010290145874,0.5035090446472168,0.8489079475402832,0.6250627040863037,0.8331565856933594,0.6031157374382019,0.8417508006095886,0.6594042778015137,0.8254619240760803,0.6268050670623779,0.8378534317016602,0.6492348909378052,0.8269299864768982,0.6260749101638794,0.8392828106880188,0.6349083781242371,0.8309579491615295,0.617611289024353,0.9014295935630798,0.6134961247444153,0.8796646595001221,0.5977880954742432,0.8336287140846252,0.7428122758865356,0.8141792416572571,0.6810774207115173,0.884539008140564,0.7987381815910339,0.8588237166404724,0.7751372456550598,0.9112988710403442,0.7920972108840942,0.8755782246589661,0.7804697751998901,0.8984378576278687,0.8494886755943298,0.8561914563179016,0.8337148427963257,1
0.8359383940696716,0.31243428587913513,0.8382835388183594,0.28721579909324646,0.8410810232162476,0.285105437040329,0.8443987369537354,0.2829091250896454,0.8345407843589783,0.29002124071121216,0.8340440988540649,0.2900370955467224,0.8335897326469421,0.28992098569869995,0.8558607697486877,0.2866409718990326,0.8404502272605896,0.2931153178215027,0.8425328135490417,0.32930585741996765,0.8382008075714111,0.33122920989990234,0.8815605044364929,0.3718797266483307,0.8511238694190979,0.3698038160800934,0.8907816410064697,0.5266029238700867,0.8454390168190002,0.5047994256019592,0.8494085073471069,0.6240789294242859,0.8325212001800537,0.6035460233688354,0.8442873954772949,0.6563350558280945,0.8249924182891846,0.62947678565979,0.8379508852958679,0.6434254050254822,0.8263034224510193,0.6289454102516174,0.8397794961929321,0.6349527835845947,0.8303552269935608,0.6194743514060974,0.9006450772285461,0.607239842414856,0.879408061504364,0.5958810448646545,0.8339828252792358,0.7422296404838562,0.8160738945007324,0.6665728092193604,0.883554995059967,0.8077682852745056,0.8568823933601379,0.7832344770431519,0.8938102722167969,0.8146556615829468,0.8735582828521729,0.7937864065170288,0.877342700958252,0.8768186569213867,0.8507999181747437,0.8621436953544617,1
0.8355633020401001,0.3150617182254791,0.8381227254867554,0.2898600697517395,0.8409599661827087,0.28793710470199585,0.844298243522644,0.28583234548568726,0.8340843915939331,0.2923419177532196,0.833603024482727,0.2921138405799866,0.8331847190856934,0.29167869687080383,0.8548035621643066,0.2881004512310028,0.8403348922729492,0.2927711606025696,0.8420886397361755,0.33018046617507935,0.8378042578697205,0.3317809998989105,0.8798582553863525,0.37040698528289795,0.8528242111206055,0.36918190121650696,0.8915274739265442,0.5245966911315918,0.8450122475624084,0.49695026874542236,0.8527208566665649,0.6188158988952637,0.8323516249656677,0.6033034920692444,0.8456902503967285,0.6498650312423706,0.8249220848083496,0.629485011100769,0.8411098122596741,0.6425795555114746,0.8264038562774658,0.629122793674469,0.8416289687156677,0.6348536610603333,0.8303183913230896,0.6200804114341736,0.900875985622406,0.607278048992157,0.8811147212982178,0.5968912839889526,0.8304482102394104,0.7468112111091614,0.8188145756721497,0.6694211959838867,0.8794960379600525,0.8039396405220032,0.8600709438323975,0.7800083756446838,0.9068897366523743,0.7964850664138794,0.8782773613929749,0.7829943299293518,0.8922218680381775,0.8561487197875977,0.8541967868804932,0.8514770865440369,1
0.8354368209838867,0.3141206204891205,0.8384171724319458,0.28813451528549194,0.8413510918617249,0.2860667109489441,0.8446832299232483,0.28400668501853943,0.8340766429901123,0.2911604642868042,0.8333369493484497,0.2913926839828491,0.8327879905700684,0.2912858724594116,0.8543320894241333,0.2875780165195465,0.8399285674095154,0.2922947108745575,0.8425909280776978,0.329719603061676,0.8375874757766724,0.33213311433792114,0.8791680335998535,0.37188559770584106,0.8534439206123352,0.3694377541542053,0.890861988067627,0.526796817779541,0.8476839065551758,0.4973202347755432,0.8531325459480286,0.6207805871963501,0.8324204683303833,0.5999598503112793,0.8458564281463623,0.6527217030525208,0.8262797594070435,0.6301167011260986,0.8400312066078186,0.6469115018844604,0.8275778293609619,0.6301931738853455,0.8417072296142578,0.6375476121902466,0.8313888311386108,0.62128084897995,0.9025996327400208,0.6083916425704956,0.8828535676002502,0.5974622964859009,0.8339483737945557,0.7373850345611572,0.8216530680656433,0.6572405695915222,0.8957726359367371,0.8014979362487793,0.866969883441925,0.7793570756912231,0.9086467027664185,0.7980495095252991,0.8824700117111206,0.7777674794197083,0.8933995962142944,0.8474447131156921,0.854118287563324,0.838321328163147,1
0.8333195447921753,0.3130592107772827,0.8356198668479919,0.28856679797172546,0.838094174861908,0.28639742732048035,0.8411325216293335,0.28391167521476746,0.8323242664337158,0.2911134660243988,0.8320224285125732,0.2909475564956665,0.8317689895629883,0.2906368672847748,0.8522958159446716,0.2853482663631439,0.8391100168228149,0.2909378409385681,0.8400967717170715,0.3320005238056183,0.8361231088638306,0.332439661026001,0.8779599666595459,0.3710159659385681,0.8517760634422302,0.36674749851226807,0.8900677561759949,0.5243706107139587,0.8455871939659119,0.502931535243988,0.8518593311309814,0.6226555705070496,0.8325636386871338,0.6054859757423401,0.8461875319480896,0.6519609689712524,0.824215829372406,0.6338010430335999,0.8412743210792542,0.6452052593231201,0.8271144032478333,0.6317412853240967,0.8418543934822083,0.6372460722923279,0.829112708568573,0.6253424286842346,0.9003904461860657,0.6081058382987976,0.8806061744689941,0.5977380275726318,0.8295003771781921,0.7405295372009277,0.8188930153846741,0.6695346236228943,0.8946311473846436,0.8024470210075378,0.8670347929000854,0.7877035140991211,0.9074323177337646,0.7948520183563232,0.8832480907440186,0.7800456285476685,0.8947591781616211,0.8542946577072144,0.8614235520362854,0.8453251123428345,1
0.834193229675293,0.3158895969390869,0.8372233510017395,0.2904392182826996,0.8402840495109558,0.28818681836128235,0.8435660600662231,0.28600063920021057,0.8327206373214722,0.29349595308303833,0.832085132598877,0.29352426528930664,0.831476628780365,0.2934362292289734,0.8531878590583801,0.28910791873931885,0.8392341136932373,0.294930100440979,0.8413693308830261,0.32989394664764404,0.8364826440811157,0.3322686553001404,0.8784624934196472,0.3700368106365204,0.8527334928512573,0.3742232024669647,0.8931611776351929,0.5226683020591736,0.8458176851272583,0.49778881669044495,0.8527069091796875,0.6228204369544983,0.8350156545639038,0.5968788862228394,0.8458987474441528,0.6532782912254333,0.8259686827659607,0.6224473714828491,0.8413883447647095,0.6454966068267822,0.8278502225875854,0.6220201849937439,0.8426123857498169,0.6372244358062744,0.8325172662734985,0.6136443614959717,0.9047513604164124,0.6063942313194275,0.8831093311309814,0.5956423878669739,0.8324339389801025,0.7402040362358093,0.8177701234817505,0.6749427914619446,0.8800669312477112,0.8039222359657288,0.8626277446746826,0.786363959312439,0.9063012599945068,0.8051862716674805,0.8780542016029358,0.782079815864563,0.8792290687561035,0.8637655377388,0.856920599937439,0.8309100270271301,1
0.8327994346618652,0.3158746659755707,0.8357076644897461,0.2909426987171173,0.8386446833610535,0.2889915108680725,0.8418708443641663,0.2869834303855896,0.8315504789352417,0.2931659519672394,0.8310096263885498,0.2930041551589966,0.8304474353790283,0.2928454577922821,0.8522748947143555,0.2899637520313263,0.838706374168396,0.2945777475833893,0.8400242328643799,0.3309469223022461,0.8354019522666931,0.3328479826450348,0.8780838251113892,0.3712252080440521,0.8520714640617371,0.3744644522666931,0.8885459899902344,0.5280804634094238,0.8445229530334473,0.4967345595359802,0.8512089252471924,0.6233205795288086,0.8346078395843506,0.5986770391464233,0.8447418808937073,0.6543805599212646,0.827198326587677,0.6310166120529175,0.8404931426048279,0.6472248435020447,0.8287745118141174,0.6306627988815308,0.8416296243667603,0.6388272643089294,0.8325626850128174,0.6159369349479675,0.9042559266090393,0.607025146484375,0.882644772529602,0.59522545337677,0.8316145539283752,0.740066409111023,0.8189278841018677,0.6664782762527466,0.8806766867637634,0.8067411184310913,0.8668357133865356,0.7764230370521545,0.9052897691726685,0.8086714744567871,0.8801364898681641,0.7850903272628784,0.8785074353218079,0.8661656379699707,0.8525891900062561,0.8463289737701416,1
0.8322479128837585,0.31568264961242676,0.8352729082107544,0.29075002670288086,0.8382925987243652,0.28872713446617126,0.8416765332221985,0.2865157127380371,0.8310675024986267,0.2928750813007355,0.8305492997169495,0.29255014657974243,0.8300419449806213,0.29215264320373535,0.8519837856292725,0.2889237701892853,0.8381836414337158,0.293520450592041,0.8393880724906921,0.33040109276771545,0.8347417116165161,0.332172155380249,0.8777019381523132,0.3703308701515198,0.850540280342102,0.37420254945755005,0.8872514963150024,0.5284719467163086,0.8433884978294373,0.49814772605895996,0.8511955738067627,0.6245489120483398,0.8335126042366028,0.6071611642837524,0.8444268703460693,0.6541354060173035,0.8253931403160095,0.6318681836128235,0.8401691913604736,0.6461748480796814,0.8271479606628418,0.6311453580856323,0.8412922024726868,0.6381058096885681,0.8313500285148621,0.6222265958786011,0.9025353193283081,0.6052139401435852,0.8807055950164795,0.5938850045204163,0.830886721611023,0.7409730553627014,0.8162239789962769,0.6779621243476868,0.8901422619819641,0.8212031126022339,0.865418553352356,0.7803753614425659,0.9028531908988953,0.8157331347465515,0.8783329725265503,0.789066731929779,0.8715012669563293,0.8812105655670166,0.8539333939552307,0.8614226579666138,1
0.8325674533843994,0.3168433606624603,0.8354664444923401,0.2927830219268799,0.83835768699646,0.29091164469718933,0.8415409922599792,0.2886114716529846,0.8314010500907898,0.2944782078266144,0.8308916091918945,0.29422053694725037,0.8303024172782898,0.2939802408218384,0.8514947891235352,0.28932008147239685,0.8376467823982239,0.2952216565608978,0.84007728099823,0.3310635983943939,0.8351119756698608,0.3329014778137207,0.8769973516464233,0.37026849389076233,0.850235641002655,0.37480536103248596,0.8875954747200012,0.5233457088470459,0.8418571949005127,0.49940937757492065,0.8499333262443542,0.6279878616333008,0.8313119411468506,0.6100378036499023,0.8449528217315674,0.661482036113739,0.8241269588470459,0.6343147158622742,0.8392431139945984,0.6537317633628845,0.8259483575820923,0.6340492963790894,0.8398363590240479,0.6419991850852966,0.8295620679855347,0.6255070567131042,0.8999583721160889,0.6133198142051697,0.8780999779701233,0.6039380431175232,0.8243837952613831,0.744143545627594,0.8133483529090881,0.6833832263946533,0.8835349082946777,0.8238570690155029,0.8628919720649719,0.7884855270385742,0.8958529829978943,0.8157235383987427,0.8780400156974792,0.7828116416931152,0.8671442866325378,0.8829029202461243,0.853217363357544,0.8484408855438232,1
0.831022322177887,0.31663283705711365,0.8338472843170166,0.29183411598205566,0.8366925716400146,0.2900969982147217,0.8399347066879272,0.28817218542099,0.8299340009689331,0.2933565676212311,0.8294797539710999,0.29287317395210266,0.8290025591850281,0.2924139201641083,0.8507043719291687,0.2904534339904785,0.8373614549636841,0.29385045170783997,0.838168203830719,0.3316023349761963,0.8337185978889465,0.3332580327987671,0.8770865201950073,0.3708067834377289,0.8496326804161072,0.37547680735588074,0.8865422606468201,0.5296919941902161,0.8423000574111938,0.4985548257827759,0.8510907292366028,0.6270928382873535,0.8340352773666382,0.6082773208618164,0.8448916077613831,0.6577627062797546,0.825847864151001,0.6336790323257446,0.840362548828125,0.6501685976982117,0.8277326822280884,0.6325268745422363,0.841324508190155,0.6411873698234558,0.8317992091178894,0.6229695081710815,0.9029356837272644,0.603613018989563,0.8807854652404785,0.592567503452301,0.8307924866676331,0.741083562374115,0.8165924549102783,0.678831934928894,0.8795192241668701,0.8071536421775818,0.8632926940917969,0.7901073694229126,0.902415931224823,0.8160801529884338,0.8765572309494019,0.7905879020690918,0.8717769980430603,0.8822808265686035,0.8515285849571228,0.8480392098426819,1
0.8303166627883911,0.31701111793518066,0.8330731987953186,0.29243358969688416,0.8358056545257568,0.29080918431282043,0.8389313817024231,0.2889402508735657,0.829343318939209,0.29365962743759155,0.8289370536804199,0.2930395007133484,0.8284763097763062,0.29258260130882263,0.8499593138694763,0.29091960191726685,0.8370887041091919,0.294171005487442,0.8373382687568665,0.3319138288497925,0.8331379890441895,0.3336401879787445,0.8767982125282288,0.3721713721752167,0.849374532699585,0.3778381943702698,0.8868302702903748,0.5311595797538757,0.8405369520187378,0.5024243593215942,0.8511574268341064,0.6265634298324585,0.8332244753837585,0.6103764772415161,0.8449204564094543,0.6571868658065796,0.8239420652389526,0.6379839181900024,0.8406924605369568,0.6513551473617554,0.8278790712356567,0.634694516658783,0.8415270447731018,0.642419159412384,0.831760048866272,0.6250454187393188,0.9041144847869873,0.6057599186897278,0.8817848563194275,0.5936627984046936,0.8317378759384155,0.7427917122840881,0.8166497945785522,0.6706913709640503,0.8792591094970703,0.809723436832428,0.8610169887542725,0.7818710803985596,0.9019849300384521,0.809552013874054,0.8751469254493713,0.7823448777198792,0.872417688369751,0.8799997568130493,0.8549349904060364,0.8354333639144897,1
0.8311707377433777,0.3181012272834778,0.8343741297721863,0.2933541238307953,0.8372917771339417,0.2916034758090973,0.8403904438018799,0.2899094223976135,0.8297855257987976,0.29567262530326843,0.82909095287323,0.29558420181274414,0.8282430171966553,0.29561877250671387,0.8503220677375793,0.2936393618583679,0.835690975189209,0.2974781394004822,0.8385220170021057,0.3334982395172119,0.8335162401199341,0.33605143427848816,0.8743141889572144,0.3747119903564453,0.8487029671669006,0.3764854371547699,0.8908384442329407,0.525221586227417,0.8426982760429382,0.503777265548706,0.8514466881752014,0.6277779936790466,0.830596923828125,0.6098994016647339,0.8457550406455994,0.6586974263191223,0.8238360285758972,0.6388084292411804,0.8404008150100708,0.652515172958374,0.8254255652427673,0.6344639658927917,0.8417109847068787,0.6426098346710205,0.8295639157295227,0.6259083151817322,0.901232123374939,0.6053463816642761,0.8792856335639954,0.5859859585762024,0.8297099471092224,0.7378342151641846,0.8139572143554688,0.6762425303459167,0.8781914710998535,0.8077124357223511,0.8586767911911011,0.7686031460762024,0.889582097530365,0.8197448253631592,0.8747516870498657,0.7861515283584595,0.8714659810066223,0.8848038911819458,0.8492828607559204,0.8314434289932251,1
0.8289604783058167,0.31664159893989563,0.8320343494415283,0.2922309637069702,0.8347587585449219,0.2907281517982483,0.8378769755363464,0.28915169835090637,0.8282527923583984,0.29364052414894104,0.8278142213821411,0.29328954219818115,0.8272663950920105,0.2930104434490204,0.8488929271697998,0.2938537299633026,0.8356637358665466,0.29519858956336975,0.8356313705444336,0.3336111903190613,0.8316097259521484,0.33490806818008423,0.8730118274688721,0.37592169642448425,0.8479991555213928,0.37743502855300903,0.8872379660606384,0.5307022929191589,0.842418909072876,0.5035502314567566,0.8495578765869141,0.6311686038970947,0.8317282199859619,0.6150399446487427,0.8451822400093079,0.6587666273117065,0.824287474155426,0.639091432094574,0.8390907049179077,0.6547843217849731,0.8262908458709717,0.6389622092247009,0.8403024673461914,0.6453998684883118,0.8301504254341125,0.6300554871559143,0.9007545709609985,0.6079186797142029,0.8803547620773315,0.5945004224777222,0.8289580345153809,0.7365469932556152,0.814541757106781,0.6750673651695251,0.8776930570602417,0.8068373203277588,0.8602687120437622,0.7831618785858154,0.8923499584197998,0.8139210343360901,0.8769460320472717,0.7950427532196045,0.8718856573104858,0.8827845454216003,0.852170467376709,0.8536720275878906,1
0.829960286617279,0.32233837246894836,0.8327202200889587,0.2972433567047119,0.8354349732398987,0.2954559326171875,0.8384998440742493,0.29353067278862,0.828743040561676,0.29923349618911743,0.8282052278518677,0.2989780306816101,0.8275295495986938,0.2988530099391937,0.8491434454917908,0.2962380349636078,0.8354142308235168,0.2999802529811859,0.8370046019554138,0.33769455552101135,0.8324822187423706,0.33996179699897766,0.8738461136817932,0.376726895570755,0.8489485383033752,0.37685340642929077,0.8868841528892517,0.5314473509788513,0.8423579931259155,0.5049250721931458,0.850756049156189,0.6292110085487366,0.8332540392875671,0.6073134541511536,0.8452790975570679,0.6591299176216125,0.8239771127700806,0.6394379734992981,0.8400861620903015,0.6531677842140198,0.8275583982467651,0.6362485885620117,0.8413547277450562,0.64374840259552,0.8295497298240662,0.6262033581733704,0.9033240675926208,0.6025549173355103,0.8804005980491638,0.5844449400901794,0.8290628790855408,0.7376525402069092,0.8169741630554199,0.6584349870681763,0.8779146075248718,0.8075007200241089,0.859829306602478,0.7612102627754211,0.892846405506134,0.8148353695869446,0.8739722371101379,0.7836350798606873,0.8717926740646362,0.8831188678741455,0.8515434265136719,0.8222951889038086,1
0.8275029063224792,0.3204478621482849,0.8299890160560608,0.2965182960033417,0.8324283957481384,0.29505208134651184,0.8353185653686523,0.29336580634117126,0.8268193006515503,0.2975843846797943,0.826613187789917,0.29710879921913147,0.8263530731201172,0.29673904180526733,0.8473184108734131,0.2950747013092041,0.8354798555374146,0.29843682050704956,0.8340804576873779,0.33651116490364075,0.8306190371513367,0.33761221170425415,0.8734090924263,0.37539517879486084,0.8481917381286621,0.3781305253505707,0.886117696762085,0.5311548709869385,0.8403616547584534,0.5024712085723877,0.851344883441925,0.6270480155944824,0.8323118090629578,0.6060479283332825,0.8450492024421692,0.6575163006782532,0.8226454257965088,0.6336506009101868,0.8407135605812073,0.6510201096534729,0.8269307613372803,0.6301373243331909,0.8416875600814819,0.6417573094367981,0.8295193314552307,0.6242190599441528,0.9026690721511841,0.6039943695068359,0.8799536824226379,0.5866921544075012,0.8278186321258545,0.7359958291053772,0.8200507164001465,0.6617417931556702,0.8763675689697266,0.8065626621246338,0.866536557674408,0.762012243270874,0.8991826176643372,0.8034316897392273,0.8753907680511475,0.7813459634780884,0.8737281560897827,0.8772388100624084,0.8614769577980042,0.8210774660110474,1
0.826876163482666,0.32134854793548584,0.8293787837028503,0.29750144481658936,0.8318088054656982,0.2959308624267578,0.8346448540687561,0.29421329498291016,0.8263345956802368,0.29875779151916504,0.8261771202087402,0.29833120107650757,0.8259193301200867,0.2980674207210541,0.8467450141906738,0.2959573268890381,0.8351578712463379,0.29945820569992065,0.8335948586463928,0.33761146664619446,0.8301821947097778,0.3386678099632263,0.8725666403770447,0.3758394122123718,0.8482030630111694,0.3781775236129761,0.8869481086730957,0.5313346982002258,0.840855598449707,0.5043370127677917,0.8521145582199097,0.6289000511169434,0.8326998949050903,0.6089632511138916,0.8471996188163757,0.6575412750244141,0.8229912519454956,0.6372658014297485,0.841052234172821,0.6530724167823792,0.8269785642623901,0.6339377760887146,0.8420177102088928,0.6438012719154358,0.8294360637664795,0.627901554107666,0.9023916125297546,0.6045986413955688,0.8809859156608582,0.5923954844474792,0.831656813621521,0.7348657250404358,0.8176878690719604,0.6721425652503967,0.8783161640167236,0.8094736337661743,0.8637941479682922,0.7644438743591309,0.9000060558319092,0.808193027973175,0.8765435814857483,0.7828758358955383,0.8700498938560486,0.8803801536560059,0.8509334325790405,0.8392208218574524,1
0.8285664319992065,0.32772043347358704,0.8307222127914429,0.30334746837615967,0.8332839012145996,0.3011479079723358,0.8361108899116516,0.2988440692424774,0.8268764019012451,0.3061515688896179,0.826441764831543,0.3060050308704376,0.8260419368743896,0.30576080083847046,0.8469927310943604,0.2987603545188904,0.8335598111152649,0.3058088421821594,0.8356985449790955,0.34125223755836487,0.8314278721809387,0.34359174966812134,0.8731303215026855,0.3757071793079376,0.8476167321205139,0.3801368772983551,0.8855968117713928,0.528867781162262,0.8417016267776489,0.5064530968666077,0.8507833480834961,0.6299796104431152,0.8296110033988953,0.6129282712936401,0.8452277183532715,0.6606632471084595,0.8236465454101562,0.6424233913421631,0.8397756218910217,0.655568540096283,0.8255791664123535,0.6427499651908875,0.8400800228118896,0.6472752690315247,0.8287388682365417,0.629928708076477,0.9009593725204468,0.6058754920959473,0.878695547580719,0.5871248841285706,0.83001309633255,0.7401520013809204,0.8141844868659973,0.6675541400909424,0.8788556456565857,0.8090217709541321,0.8586463928222656,0.7715069055557251,0.8901833295822144,0.8194684982299805,0.8727870583534241,0.7900218367576599,0.868130087852478,0.8869574069976807,0.8486586213111877,0.8368654847145081,1
0.8248240947723389,0.32136106491088867,0.8262490034103394,0.29838937520980835,0.8278717398643494,0.2969094514846802,0.8297577500343323,0.2953666150569916,0.8244889974594116,0.2997012436389923,0.824680745601654,0.29917508363723755,0.8249436616897583,0.29856210947036743,0.8430560827255249,0.29440438747406006,0.8354898691177368,0.29670464992523193,0.8311506509780884,0.3395227789878845,0.8290913701057434,0.3399880826473236,0.8708143830299377,0.3771335780620575,0.8482574820518494,0.373577743768692,0.8847137093544006,0.5330138802528381,0.843904972076416,0.5067658424377441,0.8487063646316528,0.6315658688545227,0.8297572731971741,0.6116642355918884,0.8442572355270386,0.6609708070755005,0.8210291862487793,0.639222264289856,0.8379719257354736,0.6572041511535645,0.822841227054596,0.6395715475082397,0.8391916155815125,0.647208571434021,0.8266286849975586,0.6319239139556885,0.9015718698501587,0.6088942885398865,0.8808138966560364,0.5924081802368164,0.8289598226547241,0.7406092286109924,0.8157052993774414,0.654121458530426,0.8770842552185059,0.8094663619995117,0.8619928359985352,0.7799524068832397,0.8901557922363281,0.8067806363105774,0.8732856512069702,0.7829688787460327,0.8717254996299744,0.8822405338287354,0.8571391701698303,0.8243324756622314,1
0.8243920803070068,0.3240705728530884,0.8254619240760803,0.3013518452644348,0.8271287083625793,0.29911190271377563,0.8290254473686218,0.296736478805542,0.8239198923110962,0.3035784959793091,0.8240141272544861,0.30332687497138977,0.8241563439369202,0.30290794372558594,0.8417660593986511,0.29233285784721375,0.8321604132652283,0.3001294434070587,0.8313807249069214,0.3413231670856476,0.8291518688201904,0.34238117933273315,0.8713147640228271,0.3763996362686157,0.8470818400382996,0.37919357419013977,0.8840801119804382,0.5342166423797607,0.8440899848937988,0.5130048394203186,0.8486591577529907,0.633065938949585,0.8304415941238403,0.6118595004081726,0.8426743149757385,0.6642960906028748,0.8216368556022644,0.6395350694656372,0.8379980325698853,0.6567363142967224,0.8230229616165161,0.6392467021942139,0.8393620848655701,0.6467494368553162,0.8268781304359436,0.6313729286193848,0.898567259311676,0.6103561520576477,0.8762027025222778,0.5895674824714661,0.8293689489364624,0.7411028146743774,0.8152711987495422,0.6606568098068237,0.8787386417388916,0.8158819079399109,0.8642000555992126,0.788151741027832,0.8912950754165649,0.8138882517814636,0.8765827417373657,0.7812846302986145,0.8773875832557678,0.8754163980484009,0.8569040298461914,0.8376979827880859,1
0.8238062262535095,0.32315826416015625,0.8250240087509155,0.2995605766773224,0.8266119956970215,0.2979676425457001,0.8284593820571899,0.29630228877067566,0.8233320713043213,0.30118444561958313,0.8235337734222412,0.3007737398147583,0.8237954378128052,0.3002853989601135,0.8416929841041565,0.2950704097747803,0.8332464694976807,0.2997439503669739,0.8302889466285706,0.3416364789009094,0.8282892107963562,0.34237155318260193,0.8696156144142151,0.3758375346660614,0.8480539321899414,0.3810987174510956,0.884281575679779,0.5341903567314148,0.8458681702613831,0.5065610408782959,0.8477345705032349,0.6345022916793823,0.8299486041069031,0.6138836145401001,0.8415473103523254,0.6666732430458069,0.8207334280014038,0.6412728428840637,0.8369255661964417,0.6597582697868347,0.8223415017127991,0.6415055990219116,0.838329553604126,0.6499022245407104,0.8262786865234375,0.6339353322982788,0.9015955924987793,0.610316812992096,0.8804022073745728,0.593877375125885,0.82903653383255,0.7424677610397339,0.8153076171875,0.6589450836181641,0.8776832818984985,0.8112455606460571,0.8584274649620056,0.7814401388168335,0.89202880859375,0.8155401945114136,0.8729388117790222,0.7821165919303894,0.8720869421958923,0.8831278681755066,0.8548358082771301,0.8365433812141418,1
0.8239408731460571,0.3241133987903595,0.8250197172164917,0.30032017827033997,0.8266810774803162,0.29832854866981506,0.8286007046699524,0.2961818277835846,0.8230512142181396,0.30271056294441223,0.8230960369110107,0.30247974395751953,0.8231914043426514,0.30207744240760803,0.8413499593734741,0.29442131519317627,0.8318615555763245,0.3009936213493347,0.8305416107177734,0.3415478467941284,0.828080415725708,0.3427371382713318,0.8685810565948486,0.3743511736392975,0.8472793698310852,0.3817129135131836,0.8835172653198242,0.5339231491088867,0.846041202545166,0.507684051990509,0.8471413254737854,0.6368216276168823,0.8306556344032288,0.6211614012718201,0.8411878347396851,0.6680228114128113,0.8217012286186218,0.6492176055908203,0.8364017009735107,0.6617549657821655,0.8230992555618286,0.6497076153755188,0.8366004824638367,0.6546944975852966,0.8267430663108826,0.6411216259002686,0.9024873971939087,0.6083488464355469,0.880936861038208,0.5933288335800171,0.8293817043304443,0.7431823015213013,0.8136118054389954,0.6521358489990234,0.8789114952087402,0.8161826133728027,0.8585708737373352,0.7811490297317505,0.8919492363929749,0.8164964914321899,0.8729134202003479,0.781810998916626,0.8719565868377686,0.8843793272972107,0.852727472782135,0.8352788686752319,1
0.8220161199569702,0.321952760219574,0.8233696222305298,0.2992711067199707,0.8250079154968262,0.2977645993232727,0.8268483877182007,0.29622501134872437,0.8214762210845947,0.3010943531990051,0.8216274976730347,0.3008235692977905,0.8218169808387756,0.30049851536750793,0.8398749232292175,0.2955189645290375,0.830826997756958,0.30044323205947876,0.8286577463150024,0.3407358229160309,0.8264514803886414,0.3412781059741974,0.8672513365745544,0.3777826726436615,0.846156120300293,0.3799274265766144,0.8798726797103882,0.5402265191078186,0.8463398218154907,0.507832407951355,0.8463798761367798,0.6411629915237427,0.8303096294403076,0.6168188452720642,0.841156005859375,0.6717871427536011,0.8206326365470886,0.6452480554580688,0.8345649242401123,0.665137529373169,0.8221754431724548,0.6448202133178711,0.836480438709259,0.6554651856422424,0.8261270523071289,0.6365246772766113,0.9028008580207825,0.6155428886413574,0.8789156675338745,0.5960955023765564,0.826248049736023,0.739254891872406,0.8117630481719971,0.6545258164405823,0.8774476051330566,0.8106003999710083,0.856434166431427,0.7630302309989929,0.8909554481506348,0.8178923726081848,0.8695171475410461,0.7716457843780518,0.8703716993331909,0.8852317333221436,0.8519827723503113,0.8294602632522583,1
0.8214448094367981,0.327262282371521,0.8225834965705872,0.30449482798576355,0.8244247436523438,0.3022056818008423,0.8263915181159973,0.299894243478775,0.8208553194999695,0.3067058026790619,0.8209148645401001,0.30647772550582886,0.8210328221321106,0.30606481432914734,0.8391568064689636,0.2962889075279236,0.8292649984359741,0.3038918673992157,0.828774094581604,0.34491419792175293,0.8263799548149109,0.34597617387771606,0.8681874871253967,0.3776469826698303,0.8448570370674133,0.3827272057533264,0.8801383972167969,0.5395479202270508,0.8433834314346313,0.5148742198944092,0.8478590846061707,0.6381036043167114,0.8298889398574829,0.6189531087875366,0.8416209816932678,0.6712382435798645,0.8221246600151062,0.6526464819908142,0.8363954424858093,0.6629027128219604,0.8234120011329651,0.6519857048988342,0.8368935585021973,0.6551721096038818,0.8267455697059631,0.6429094672203064,0.9020959138870239,0.6175626516342163,0.8777440786361694,0.5996028780937195,0.8309423327445984,0.7444168925285339,0.8124628067016602,0.6560294032096863,0.8787887692451477,0.8080659508705139,0.8599660992622375,0.7797690629959106,0.8929628133773804,0.8129600286483765,0.8716371059417725,0.7863537073135376,0.8884946703910828,0.8787037134170532,0.8523897528648376,0.8326452374458313,1
0.8209986686706543,0.3267005681991577,0.8222898840904236,0.30337217450141907,0.8241255283355713,0.30107825994491577,0.8262008428573608,0.29865434765815735,0.8199292421340942,0.3065592050552368,0.8198608756065369,0.3066313862800598,0.8198520541191101,0.30658769607543945,0.8382964134216309,0.2954563796520233,0.8271412253379822,0.3056032955646515,0.8282684683799744,0.3448457717895508,0.8254295587539673,0.34594613313674927,0.8661555647850037,0.37763580679893494,0.8441594839096069,0.3859424293041229,0.8788244724273682,0.5391544699668884,0.8429491519927979,0.5156986117362976,0.8461966514587402,0.6419731378555298,0.8267168402671814,0.6236422657966614,0.8411099910736084,0.6723263263702393,0.8202528953552246,0.647894024848938,0.8344295024871826,0.6663351655006409,0.8218762874603271,0.6473857760429382,0.8362671732902527,0.6562257409095764,0.825605034828186,0.6386467218399048,0.9021948575973511,0.6175225377082825,0.8787205815315247,0.6017604470252991,0.8263078927993774,0.7397957444190979,0.8105663657188416,0.6526482701301575,0.8788807988166809,0.8170635104179382,0.8527838587760925,0.7678478360176086,0.8904418349266052,0.8174337148666382,0.8732569813728333,0.7875046730041504,0.8709908723831177,0.884006142616272,0.848415732383728,0.8341724872589111,1
0.8197295069694519,0.32900136709213257,0.8206074833869934,0.30571040511131287,0.8223522901535034,0.3035679757595062,0.8242143392562866,0.3014133870601654,0.8189691305160522,0.30770862102508545,0.8190696239471436,0.30749422311782837,0.819234311580658,0.3071512281894684,0.8369903564453125,0.2985839247703552,0.8278456926345825,0.3058606684207916,0.8268802165985107,0.3456670939922333,0.8245729207992554,0.34684622287750244,0.8649316430091858,0.37753066420555115,0.8449937105178833,0.3886440396308899,0.8786036968231201,0.5393058061599731,0.8450765013694763,0.5085094571113586,0.8450923562049866,0.6419106125831604,0.829777181148529,0.6188315749168396,0.8400958776473999,0.6717426180839539,0.8197607398033142,0.6467416882514954,0.8336412310600281,0.6664397120475769,0.821523904800415,0.6463039517402649,0.8355976343154907,0.6568472981452942,0.8255496025085449,0.6381337642669678,0.9020810127258301,0.6183450222015381,0.8781883120536804,0.5986596345901489,0.8286355137825012,0.7369495630264282,0.8110647201538086,0.6540937423706055,0.8775852918624878,0.8130561113357544,0.85715252161026,0.7726117372512817,0.888866662979126,0.8217957019805908,0.8738250732421875,0.7880527973175049,0.8666443228721619,0.8900463581085205,0.8488140106201172,0.8375154733657837,1
0.8189373016357422,0.3291648328304291,0.8200080990791321,0.3064958453178406,0.821751594543457,0.30409035086631775,0.8237836956977844,0.30145683884620667,0.8178155422210693,0.3097105026245117,0.8177506327629089,0.30975839495658875,0.8173748254776001,0.310290664434433,0.8359755277633667,0.29722440242767334,0.8248037099838257,0.30800002813339233,0.8266074657440186,0.34703466296195984,0.8237984776496887,0.34825941920280457,0.8647902607917786,0.37837785482406616,0.8423448204994202,0.3869365155696869,0.8790913224220276,0.5409942269325256,0.8417836427688599,0.5150301456451416,0.8464939594268799,0.6354867815971375,0.8293596506118774,0.6171668767929077,0.8398244380950928,0.6628347039222717,0.8198728561401367,0.647576093673706,0.8353096842765808,0.6563975214958191,0.8213993310928345,0.6469833254814148,0.8361804485321045,0.6498417854309082,0.8255202174186707,0.637786328792572,0.8989429473876953,0.6150460243225098,0.8756020069122314,0.5933194160461426,0.8382291793823242,0.7545137405395508,0.8086133599281311,0.6521394848823547,0.8762502670288086,0.815709114074707,0.8534330129623413,0.7732473611831665,0.8893511295318604,0.8227993845939636,0.8711958527565002,0.7951384782791138,0.8622148633003235,0.888271689414978,0.8417434096336365,0.8360297083854675,1
0.8168141841888428,0.3306295573711395,0.8176352977752686,0.30794891715049744,0.8192682862281799,0.30587631464004517,0.8212229013442993,0.30355024337768555,0.8157885074615479,0.31014424562454224,0.8158453702926636,0.30982252955436707,0.8159816265106201,0.3093704283237457,0.8338510394096375,0.29850250482559204,0.8240970373153687,0.30686599016189575,0.8241494297981262,0.34792035818099976,0.8218262791633606,0.349496990442276,0.8645793199539185,0.3783766031265259,0.8407237529754639,0.3915571868419647,0.8809870481491089,0.5385274887084961,0.8390041589736938,0.5213415622711182,0.8460886478424072,0.6404608488082886,0.8283447027206421,0.6244174838066101,0.8399819135665894,0.6716871857643127,0.8190683126449585,0.6533241271972656,0.8353753685951233,0.6634167432785034,0.8221210837364197,0.6491876244544983,0.8366078734397888,0.6500905156135559,0.8243436813354492,0.6442607641220093,0.895252525806427,0.607829213142395,0.8731702566146851,0.5975096821784973,0.8406819701194763,0.7500308752059937,0.8092430830001831,0.6530026793479919,0.8763933181762695,0.8144187927246094,0.8568891286849976,0.7764216661453247,0.8875979781150818,0.8130052089691162,0.870339572429657,0.7910507917404175,0.8769478797912598,0.8837593793869019,0.8468703031539917,0.839963436126709,1
0.8171854019165039,0.3298858404159546,0.8185145854949951,0.3068564534187317,0.8205315470695496,0.3042488396167755,0.8227275013923645,0.30152255296707153,0.8156462907791138,0.3105264902114868,0.8154864311218262,0.31054458022117615,0.8153280019760132,0.310506671667099,0.8339158892631531,0.298581600189209,0.8227404952049255,0.30893027782440186,0.8252505660057068,0.34422898292541504,0.8217464685440063,0.34764522314071655,0.8633906841278076,0.3798276484012604,0.8413575887680054,0.3834572434425354,0.8790493607521057,0.5375599265098572,0.8384515047073364,0.5173523426055908,0.8450970649719238,0.6401501893997192,0.8269890546798706,0.6169864535331726,0.8385614156723022,0.6694613695144653,0.8202320337295532,0.6432467699050903,0.8342674374580383,0.6630597710609436,0.8214559555053711,0.6418434977531433,0.836097002029419,0.6538640260696411,0.8256988525390625,0.6330706477165222,0.8969773054122925,0.6017271876335144,0.8746200799942017,0.584974467754364,0.8422612547874451,0.7456409931182861,0.8087694048881531,0.6489583849906921,0.877135157585144,0.8158954977989197,0.8516908288002014,0.7780829668045044,0.8878894448280334,0.8241555690765381,0.8683667182922363,0.7848907709121704,0.8761618137359619,0.889832615852356,0.842637836933136,0.8370136618614197,1
0.8146800994873047,0.3324296474456787,0.8155112266540527,0.31004953384399414,0.8172866702079773,0.3078642189502716,0.8196424841880798,0.3049735128879547,0.8131711483001709,0.3128829300403595,0.8131243586540222,0.3127196133136749,0.8131203651428223,0.31248176097869873,0.8311434984207153,0.300747811794281,0.8205277919769287,0.31082236766815186,0.822792112827301,0.3488362431526184,0.8199121356010437,0.35104936361312866,0.8608555793762207,0.3795299232006073,0.8386679291725159,0.3894672393798828,0.8792566061019897,0.5395188927650452,0.8367453217506409,0.5146446824073792,0.8449530005455017,0.6381826400756836,0.8272919058799744,0.62263423204422,0.8410722017288208,0.6696316599845886,0.8208619952201843,0.6479618549346924,0.8345532417297363,0.6641702651977539,0.8218739032745361,0.646781325340271,0.8357297778129578,0.6506063342094421,0.826088547706604,0.6370452046394348,0.8939754962921143,0.6028435826301575,0.8726081848144531,0.5930690765380859,0.844306468963623,0.7545022964477539,0.8113147020339966,0.6647321581840515,0.8768430352210999,0.8165785670280457,0.8535839319229126,0.7732768058776855,0.8895835876464844,0.821287989616394,0.8702097535133362,0.7873233556747437,0.8816800713539124,0.8798390626907349,0.8474591374397278,0.841319739818573,1
0.8128994703292847,0.33193734288215637,0.8139965534210205,0.3101363182067871,0.8157225847244263,0.30867883563041687,0.8181519508361816,0.30645573139190674,0.8119245767593384,0.31158456206321716,0.8117584586143494,0.3115400969982147,0.8118429780006409,0.3111823499202728,0.8300424814224243,0.3036365509033203,0.821496844291687,0.3088124394416809,0.8208467364311218,0.3493432402610779,0.8181723356246948,0.3508555293083191,0.8603137135505676,0.3849339783191681,0.8380849361419678,0.3886103332042694,0.8744876384735107,0.5448945164680481,0.8378945589065552,0.5195674300193787,0.8431530594825745,0.646683394908905,0.826901912689209,0.6226295232772827,0.8383069634437561,0.6757747530937195,0.8183269500732422,0.6504974365234375,0.8321012258529663,0.6691997051239014,0.8196941018104553,0.649183452129364,0.8335134387016296,0.6554827690124512,0.8226006627082825,0.6360263228416443,0.8997727036476135,0.6119021773338318,0.8757435083389282,0.5907996892929077,0.8303565382957458,0.7396480441093445,0.8078893423080444,0.6611489057540894,0.8758791089057922,0.8138617277145386,0.8576110005378723,0.7864744067192078,0.8891609311103821,0.8201009631156921,0.8700052499771118,0.7930532693862915,0.8779900670051575,0.893959641456604,0.8452521562576294,0.8487409353256226,1
0.8125936388969421,0.3367379605770111,0.8135685920715332,0.31393980979919434,0.8155252933502197,0.3112812340259552,0.8177765011787415,0.3083571493625641,0.8111305236816406,0.31714823842048645,0.8108712434768677,0.3173329532146454,0.8107808828353882,0.31716179847717285,0.8289108276367188,0.3043730556964874,0.8185245990753174,0.31434714794158936,0.8205534815788269,0.3516910970211029,0.8172644972801208,0.35343149304389954,0.8601428270339966,0.38329407572746277,0.8367243409156799,0.39301514625549316,0.8743699193000793,0.5460821986198425,0.8361107110977173,0.5168449878692627,0.845140814781189,0.6386186480522156,0.8271180391311646,0.6250468492507935,0.8389908671379089,0.6690053939819336,0.8192932605743408,0.6530197262763977,0.8344038724899292,0.6626650094985962,0.8223061561584473,0.6487289667129517,0.8360399603843689,0.6530714631080627,0.8242877721786499,0.6436935663223267,0.8954755663871765,0.6084078550338745,0.8732938170433044,0.5946736335754395,0.8396821022033691,0.7453532218933105,0.8087000846862793,0.6769396066665649,0.8751208782196045,0.8155680894851685,0.8574156165122986,0.7886248230934143,0.888279914855957,0.8204945921897888,0.8695540428161621,0.7935445308685303,0.8734337091445923,0.8935752511024475,0.8421145677566528,0.851633608341217,1
0.8099626898765564,0.3339976370334625,0.8103407621383667,0.31104251742362976,0.8118657469749451,0.3097632825374603,0.8141038417816162,0.3077361583709717,0.8087325692176819,0.3127305209636688,0.8089570999145508,0.31257084012031555,0.8092976808547974,0.31234657764434814,0.8265723586082458,0.30664098262786865,0.8192499279975891,0.31185752153396606,0.8175724148750305,0.34837087988853455,0.8151649832725525,0.35017603635787964,0.8580009937286377,0.38422858715057373,0.837034285068512,0.3901793956756592,0.8736587762832642,0.5366730690002441,0.8352727890014648,0.5209058523178101,0.8451640605926514,0.6424570083618164,0.8261551856994629,0.624977707862854,0.8413178324699402,0.671838104724884,0.819020688533783,0.6531753540039062,0.8353042602539062,0.6671544313430786,0.8220674991607666,0.6488665342330933,0.8360155820846558,0.6527833342552185,0.8238131999969482,0.6437268257141113,0.8923012614250183,0.5993995666503906,0.8730164170265198,0.5933576822280884,0.8359627723693848,0.7402479648590088,0.8126558661460876,0.6806110143661499,0.8769412040710449,0.8209616541862488,0.8608229160308838,0.7884529232978821,0.8847519755363464,0.8182182908058167,0.8740068078041077,0.792421817779541,0.8698734045028687,0.8858186602592468,0.8522049784660339,0.856780469417572,1
0.8097067475318909,0.3411472737789154,0.8098599910736084,0.31851404905319214,0.8114244341850281,0.3168937563896179,0.8136745691299438,0.3144564926624298,0.808003306388855,0.3205214738845825,0.8080874085426331,0.320351243019104,0.8082484006881714,0.32001522183418274,0.8256634473800659,0.3117011785507202,0.8173655271530151,0.31759533286094666,0.8178088068962097,0.357400119304657,0.8153316378593445,0.35842931270599365,0.85561203956604,0.38727545738220215,0.8351052403450012,0.3881032168865204,0.8723479509353638,0.5391469597816467,0.8363567590713501,0.5196076035499573,0.8429920673370361,0.647157609462738,0.823829174041748,0.6274170875549316,0.8395799398422241,0.6768255233764648,0.8173984885215759,0.6499446630477905,0.8343262672424316,0.6686736941337585,0.8197886943817139,0.648815929889679,0.834470272064209,0.6609694957733154,0.8236042857170105,0.6404032707214355,0.8927783966064453,0.6095592379570007,0.8733115196228027,0.601061999797821,0.8395876288414001,0.7464460730552673,0.8154909610748291,0.6795859932899475,0.8716960549354553,0.8160744905471802,0.8599251508712769,0.7963171005249023,0.8841080069541931,0.8212160468101501,0.8757506608963013,0.8043472766876221,0.8696826696395874,0.8997107744216919,0.8552717566490173,0.8658925294876099,1
0.8082409501075745,0.34210073947906494,0.8084571361541748,0.3198544979095459,0.8100490570068359,0.3173794746398926,0.8118544220924377,0.31466642022132874,0.8068692088127136,0.32203561067581177,0.8069316744804382,0.32160845398902893,0.8070753216743469,0.3209274709224701,0.8229495286941528,0.3100937008857727,0.8157310485839844,0.316367506980896,0.8161638379096985,0.35399070382118225,0.8138049244880676,0.3558425307273865,0.8549456596374512,0.38524961471557617,0.8349083662033081,0.3916006088256836,0.871054470539093,0.5381990671157837,0.8356497883796692,0.5135841965675354,0.8434668779373169,0.6444279551506042,0.8263155221939087,0.6204043626785278,0.8385753631591797,0.6774352788925171,0.8174508810043335,0.648464560508728,0.8337108492851257,0.6686016321182251,0.8192011713981628,0.6469107866287231,0.8349227905273438,0.6584163308143616,0.8231311440467834,0.6386003494262695,0.8909143805503845,0.6078122854232788,0.8704943656921387,0.5954862833023071,0.8278186917304993,0.7488529682159424,0.8111537098884583,0.6806610822677612,0.8755704164505005,0.8338190913200378,0.8559828996658325,0.7914049625396729,0.8830784559249878,0.8211361765861511,0.8698766231536865,0.8005561828613281,0.8648364543914795,0.8853563070297241,0.848077118396759,0.8610481023788452,1
0.8048445582389832,0.34147539734840393,0.805413007736206,0.3204283118247986,0.807121753692627,0.31849274039268494,0.8090956211090088,0.3163215219974518,0.8035323619842529,0.3223055601119995,0.8036736845970154,0.3218127191066742,0.8039321899414062,0.321145236492157,0.8207851052284241,0.312707781791687,0.8134934902191162,0.31697767972946167,0.8128606081008911,0.3572210967540741,0.8104358315467834,0.35817715525627136,0.8513230085372925,0.3904673159122467,0.8317567110061646,0.39220166206359863,0.8682416081428528,0.5415705442428589,0.8329298496246338,0.5214198231697083,0.8404553532600403,0.6490684151649475,0.8227551579475403,0.6292809844017029,0.8383044600486755,0.6842465400695801,0.8176084756851196,0.6564726233482361,0.8323656320571899,0.6791027784347534,0.818195104598999,0.6495726704597473,0.8327440619468689,0.664135754108429,0.8221545815467834,0.6417850852012634,0.8898407220840454,0.6082902550697327,0.8719255924224854,0.5991755723953247,0.8265489935874939,0.748447835445404,0.8111711740493774,0.7012010216712952,0.8737433552742004,0.8210551738739014,0.8594954013824463,0.7957440614700317,0.884697675704956,0.8203480839729309,0.8759733438491821,0.8048064112663269,0.8700717687606812,0.894334077835083,0.8566756248474121,0.8698403835296631,1
0.8018537759780884,0.34351763129234314,0.8022519946098328,0.32126447558403015,0.8039519190788269,0.3194369375705719,0.8059926629066467,0.3176136016845703,0.8004269599914551,0.32283124327659607,0.8006183505058289,0.32222262024879456,0.8009380102157593,0.32141929864883423,0.8183819651603699,0.31483137607574463,0.8115357160568237,0.3181670606136322,0.8101047873497009,0.3591110110282898,0.8076842427253723,0.3601055145263672,0.8482356071472168,0.3955293297767639,0.831220269203186,0.3948580324649811,0.865431010723114,0.548938512802124,0.8327241539955139,0.5184348821640015,0.8391811847686768,0.6508240699768066,0.8235126733779907,0.6357308626174927,0.8373333215713501,0.6869277954101562,0.817314624786377,0.6601638197898865,0.8305490612983704,0.6754612326622009,0.8189901113510132,0.6590031385421753,0.8317111134529114,0.6656909584999084,0.8217835426330566,0.6441511511802673,0.8918243646621704,0.6170470714569092,0.8735357522964478,0.6052889823913574,0.8234158754348755,0.7417076826095581,0.8103679418563843,0.6889836192131042,0.8721710443496704,0.8160145282745361,0.8622944951057434,0.8006452322006226,0.8838035464286804,0.8235585689544678,0.8766541481018066,0.804717481136322,0.8629930019378662,0.8896147012710571,0.8603049516677856,0.868579626083374,1
0.801174521446228,0.34905362129211426,0.8013887405395508,0.3261480927467346,0.8031972646713257,0.3238421380519867,0.8051521182060242,0.3211922347545624,0.7991407513618469,0.3284759223461151,0.7991548776626587,0.32799839973449707,0.7992650270462036,0.3273073732852936,0.8165751695632935,0.31636837124824524,0.8092653751373291,0.32211822271347046,0.8087277412414551,0.3599080443382263,0.8063706755638123,0.36211490631103516,0.8461953401565552,0.38702458143234253,0.8305765390396118,0.3897227644920349,0.8645259141921997,0.5367592573165894,0.8354508876800537,0.5172716379165649,0.8392160534858704,0.6456267237663269,0.8240922093391418,0.6209653615951538,0.8340041637420654,0.6737334132194519,0.8164665699005127,0.6489793658256531,0.8297189474105835,0.667719304561615,0.8177751302719116,0.649326503276825,0.8301230669021606,0.6614419221878052,0.8202620148658752,0.6434770822525024,0.8877036571502686,0.6160288453102112,0.8704842329025269,0.6036757826805115,0.817128598690033,0.7449470162391663,0.8110067844390869,0.7020995020866394,0.8755919933319092,0.8347578048706055,0.8623322248458862,0.7917359471321106,0.8847777843475342,0.8268269300460815,0.8785716891288757,0.79420006275177,0.8635244965553284,0.8922320008277893,0.8582848906517029,0.8667775392532349,1
0.797903299331665,0.35162216424942017,0.7987751364707947,0.3281981945037842,0.8006399869918823,0.3258129358291626,0.8027858734130859,0.32298848032951355,0.7965222001075745,0.3307517468929291,0.7966557145118713,0.33028939366340637,0.7969205379486084,0.32967159152030945,0.8134684562683105,0.3193807601928711,0.8058249950408936,0.3255223333835602,0.8056020736694336,0.3624875843524933,0.8028393983840942,0.36376622319221497,0.841231107711792,0.3909660577774048,0.8289722800254822,0.39061373472213745,0.8632948994636536,0.5416353940963745,0.8347806334495544,0.5153698921203613,0.8375458121299744,0.6506567597389221,0.8246314525604248,0.6221885681152344,0.8329041004180908,0.6758327484130859,0.817830502986908,0.6486005187034607,0.8276405334472656,0.6716262102127075,0.8187694549560547,0.6475319266319275,0.8290842771530151,0.6637221574783325,0.8210560083389282,0.6426543593406677,0.889217734336853,0.6187835335731506,0.8739676475524902,0.5986521244049072,0.8179219961166382,0.7347139120101929,0.8129276037216187,0.701287567615509,0.870964765548706,0.8212785720825195,0.8634127974510193,0.7930995225906372,0.8847415447235107,0.8265252113342285,0.8794537782669067,0.7939088344573975,0.8608512282371521,0.890187680721283,0.8629320859909058,0.8603894710540771,1
0.7962492108345032,0.35431501269340515,0.7968440055847168,0.33141475915908813,0.7986832857131958,0.32888495922088623,0.800696074962616,0.32596704363822937,0.7944802641868591,0.33358240127563477,0.7944965958595276,0.33283039927482605,0.794647216796875,0.33187901973724365,0.8111014366149902,0.32032912969589233,0.8033433556556702,0.3268277645111084,0.8037134408950806,0.3635445237159729,0.8008934259414673,0.36524417996406555,0.8406019806861877,0.3897012174129486,0.8257092833518982,0.392437219619751,0.8613260388374329,0.5413851737976074,0.8321594595909119,0.5195410847663879,0.8370196223258972,0.6508749723434448,0.82285076379776,0.6337878704071045,0.8319173455238342,0.6773755550384521,0.8124100565910339,0.6608061790466309,0.8277330994606018,0.6718592047691345,0.814016580581665,0.661398708820343,0.8282661437988281,0.6658387184143066,0.8184892535209656,0.6503870487213135,0.8871549367904663,0.6137990951538086,0.8723435997962952,0.6036758422851562,0.8191481232643127,0.7432892918586731,0.8155152797698975,0.7068198323249817,0.8734241724014282,0.8180240392684937,0.8655093312263489,0.7927888035774231,0.8907762169837952,0.8286342024803162,0.8811280727386475,0.775558590888977,0.8639340400695801,0.8841081857681274,0.8643484115600586,0.8579874038696289,1
0.7941322326660156,0.3596678674221039,0.7943058609962463,0.3371170163154602,0.7964133620262146,0.33443769812583923,0.7986757755279541,0.33127716183662415,0.79158616065979,0.3393298089504242,0.7914422154426575,0.33894866704940796,0.7914807200431824,0.33830294013023376,0.8092635273933411,0.3250056803226471,0.8006011247634888,0.3325342535972595,0.8021168112754822,0.368899405002594,0.7990103363990784,0.37072357535362244,0.8402227163314819,0.39173585176467896,0.8249399662017822,0.3941578269004822,0.8589671850204468,0.5433446764945984,0.8346269726753235,0.5207191705703735,0.8338989019393921,0.6602081656455994,0.8232418298721313,0.6337451934814453,0.8313520550727844,0.6934774518013,0.8149590492248535,0.6668540835380554,0.826287031173706,0.6851471662521362,0.8147928714752197,0.6614294648170471,0.82583087682724,0.6757382154464722,0.8187019228935242,0.6503487229347229,0.886438250541687,0.6182253360748291,0.8684592247009277,0.602907657623291,0.8157323002815247,0.7393014430999756,0.8103072643280029,0.7105904221534729,0.8727478981018066,0.8236544132232666,0.8632620573043823,0.7983782291412354,0.8845424652099609,0.8249115347862244,0.8763059377670288,0.7868720293045044,0.8616154193878174,0.8941631317138672,0.8600103855133057,0.8580505847930908,1
0.790320634841919,0.3648932874202728,0.7903311848640442,0.3435174226760864,0.7921445965766907,0.34130585193634033,0.7941250801086426,0.33870452642440796,0.7882183790206909,0.34485024213790894,0.7882504463195801,0.34394872188568115,0.7883998155593872,0.3428710401058197,0.8053304553031921,0.33082738518714905,0.7977839708328247,0.3364550769329071,0.7978725433349609,0.37406495213508606,0.7953397631645203,0.3754611015319824,0.8365480303764343,0.3938242495059967,0.8223688006401062,0.3970888555049896,0.857671856880188,0.5405697226524353,0.8340417742729187,0.5175939202308655,0.8361941576004028,0.6527899503707886,0.8233804702758789,0.6336071491241455,0.8310697674751282,0.6921567320823669,0.8144813179969788,0.6673523783683777,0.8264521956443787,0.6830527782440186,0.8157389163970947,0.667786180973053,0.8268711566925049,0.6715948581695557,0.8195310235023499,0.6557049751281738,0.8837791085243225,0.6177250742912292,0.8667574524879456,0.6028141379356384,0.8169658780097961,0.7492008209228516,0.8130495548248291,0.7148391604423523,0.8712949752807617,0.8271446228027344,0.8688296675682068,0.7943408489227295,0.8844954967498779,0.8221306800842285,0.8777328133583069,0.7937333583831787,0.8781267404556274,0.9001839756965637,0.8738484382629395,0.8574169278144836,1
0.787027895450592,0.3681943416595459,0.7870916128158569,0.3464905023574829,0.7889887094497681,0.3442736268043518,0.791086733341217,0.34164679050445557,0.7848232984542847,0.3480615019798279,0.7848177552223206,0.34723857045173645,0.7849413156509399,0.3462694585323334,0.8027631640434265,0.33380839228630066,0.7943666577339172,0.34009066224098206,0.7949718832969666,0.3778919577598572,0.7921156883239746,0.3790949881076813,0.8347815275192261,0.3979198932647705,0.8189055919647217,0.4014149010181427,0.8567478656768799,0.5479060411453247,0.8320549130439758,0.5221694707870483,0.8355856537818909,0.6601685881614685,0.8225850462913513,0.6380549073219299,0.830520510673523,0.695080041885376,0.8137543201446533,0.671303927898407,0.82576584815979,0.6856241226196289,0.8147928714752197,0.6713212132453918,0.8261325359344482,0.6741563081741333,0.8185171484947205,0.6596938967704773,0.8855733871459961,0.6237151622772217,0.8677533864974976,0.6072332262992859,0.8156924247741699,0.7506890296936035,0.8119648694992065,0.7178511619567871,0.8706278204917908,0.8286338448524475,0.8677802085876465,0.796190083026886,0.8851764798164368,0.8290420770645142,0.8791620135307312,0.795491635799408,0.8772571086883545,0.9038628935813904,0.8725100755691528,0.8600526452064514,1
0.7837044596672058,0.37516096234321594,0.784334659576416,0.3539522886276245,0.786199688911438,0.3518892824649811,0.7881479263305664,0.3496027886867523,0.7818043231964111,0.3553799092769623,0.7818378806114197,0.3543567657470703,0.7819766998291016,0.3531700670719147,0.7987024188041687,0.3416103720664978,0.7912088632583618,0.34543341398239136,0.792809784412384,0.3851393163204193,0.7896336317062378,0.38576391339302063,0.830623209476471,0.4059145152568817,0.8166323900222778,0.3978399634361267,0.8532528281211853,0.5526013374328613,0.8282549381256104,0.5179077386856079,0.8324202299118042,0.6685219407081604,0.8191194534301758,0.6474827527999878,0.8287447690963745,0.6977842450141907,0.8128266334533691,0.6760921478271484,0.8241860866546631,0.6890290379524231,0.813999593257904,0.676002562046051,0.8239396214485168,0.6796837449073792,0.8159152269363403,0.6694349050521851,0.8844484686851501,0.6248096227645874,0.8694086670875549,0.6053605675697327,0.8124619722366333,0.746873140335083,0.809891939163208,0.7148098349571228,0.8714472055435181,0.8265555500984192,0.8661790490150452,0.7940763235092163,0.8864655494689941,0.8286045789718628,0.8824167847633362,0.787358820438385,0.864810585975647,0.8893301486968994,0.878059446811676,0.8487523794174194,1
0.7797463536262512,0.38077428936958313,0.7797707319259644,0.36055490374565125,0.7816609144210815,0.3578946590423584,0.7835875749588013,0.35518383979797363,0.7777750492095947,0.36203259229660034,0.7779697179794312,0.360855370759964,0.7782896757125854,0.359451025724411,0.7950979471206665,0.3447379171848297,0.788280189037323,0.3500343859195709,0.7881629467010498,0.3884506821632385,0.7857605218887329,0.38938847184181213,0.8290573954582214,0.40831711888313293,0.8149551153182983,0.40807002782821655,0.8498837351799011,0.5583541989326477,0.8317270278930664,0.5404238700866699,0.8274098634719849,0.6736162900924683,0.8189086318016052,0.6517773866653442,0.8227523565292358,0.7049934267997742,0.812923789024353,0.680759608745575,0.8187646269798279,0.6985597014427185,0.8132997751235962,0.6795662641525269,0.8204667568206787,0.6885325908660889,0.8150508403778076,0.6732622981071472,0.883806049823761,0.6180109977722168,0.8680933117866516,0.6027873754501343,0.8149030804634094,0.7394542694091797,0.8124849796295166,0.7045367360115051,0.8712309002876282,0.8201040625572205,0.863063633441925,0.7967953085899353,0.8848246932029724,0.8237901926040649,0.879253089427948,0.7936037182807922,0.8627011775970459,0.8908580541610718,0.8626219630241394,0.8626993298530579,1
0.7771098613739014,0.3870121240615845,0.7764851450920105,0.3676571547985077,0.7778377532958984,0.3657911717891693,0.7792475819587708,0.36381611227989197,0.7751741409301758,0.36815187335014343,0.7754669189453125,0.3666984736919403,0.7758787274360657,0.36496856808662415,0.7898448705673218,0.3522884249687195,0.785321831703186,0.3544268012046814,0.7856341004371643,0.39509403705596924,0.7839015126228333,0.3953872323036194,0.8210476636886597,0.4078526198863983,0.8165207505226135,0.4014620780944824,0.8462446928024292,0.5572182536125183,0.8379887342453003,0.5385676622390747,0.8251584768295288,0.6730000376701355,0.8194717764854431,0.6507140398025513,0.8218551874160767,0.7029304504394531,0.8140566349029541,0.6767202615737915,0.8168227076530457,0.6982678771018982,0.8139798641204834,0.6765388250350952,0.8182290196418762,0.6882528066635132,0.8153595924377441,0.6696943640708923,0.8798142075538635,0.6244029998779297,0.8706570267677307,0.6050494313240051,0.8097572922706604,0.7535923719406128,0.8131522536277771,0.7203537225723267,0.8731269836425781,0.8278970122337341,0.8701157569885254,0.8052432537078857,0.8862498998641968,0.828497588634491,0.8825991749763489,0.8048316836357117,0.8832868337631226,0.8848980069160461,0.8803408741950989,0.8567699790000916,1
0.7717528939247131,0.38776904344558716,0.7711356282234192,0.37037739157676697,0.7725003957748413,0.36919042468070984,0.7740921974182129,0.36782151460647583,0.7698850631713867,0.37019333243370056,0.7702203989028931,0.36884716153144836,0.7707080841064453,0.36731472611427307,0.7861158847808838,0.3583548963069916,0.781436026096344,0.3584827184677124,0.7795508503913879,0.3970654308795929,0.7780649662017822,0.396794855594635,0.8168768286705017,0.4202282726764679,0.8134241700172424,0.4036915600299835,0.8435379862785339,0.5625033378601074,0.8338841795921326,0.528606116771698,0.8221946358680725,0.6745555400848389,0.8198354840278625,0.6377147436141968,0.8192272186279297,0.7039812803268433,0.8157714009284973,0.6593015193939209,0.8150567412376404,0.6953070759773254,0.8139615058898926,0.6591554284095764,0.8154435157775879,0.6872988343238831,0.8149803876876831,0.6541124582290649,0.8755810856819153,0.6263466477394104,0.867655873298645,0.5986721515655518,0.8076262474060059,0.7642409801483154,0.8166174292564392,0.7208763360977173,0.8744869828224182,0.8261110782623291,0.8690978288650513,0.8003796339035034,0.8862495422363281,0.8207221627235413,0.8788244724273682,0.788699746131897,0.8743030428886414,0.8826858401298523,0.8854219317436218,0.846674919128418,1
0.7718695402145386,0.39803820848464966,0.7712549567222595,0.37786543369293213,0.7727989554405212,0.37516486644744873,0.7743698358535767,0.37247416377067566,0.7694403529167175,0.37938356399536133,0.769514799118042,0.37806645035743713,0.7697174549102783,0.3764447271823883,0.7844376564025879,0.36263802647590637,0.7788297533988953,0.36536553502082825,0.7808389067649841,0.4062722325325012,0.7787430286407471,0.4075975716114044,0.8145182728767395,0.42218172550201416,0.8069109916687012,0.41306906938552856,0.8371713161468506,0.5671924352645874,0.8302032947540283,0.5485831499099731,0.8185704350471497,0.6833422183990479,0.814387321472168,0.656335711479187,0.814642071723938,0.7057554721832275,0.8100285530090332,0.6838147640228271,0.8115838766098022,0.6986607909202576,0.8096504211425781,0.68355792760849,0.8132114410400391,0.6892427802085876,0.8104913234710693,0.6785966753959656,0.8736344575881958,0.6251407265663147,0.8631742596626282,0.5997278690338135,0.8118820786476135,0.7606916427612305,0.810327410697937,0.7174592614173889,0.8723129034042358,0.8202506303787231,0.8714825510978699,0.7831708788871765,0.8841421604156494,0.8232287168502808,0.8826034665107727,0.7845160961151123,0.8685027360916138,0.8791394233703613,0.8769725561141968,0.8320983648300171,1
0.7650694847106934,0.4062955379486084,0.764592707157135,0.38943785429000854,0.7657914757728577,0.38785767555236816,0.7670589089393616,0.3861538767814636,0.7632321119308472,0.3888545036315918,0.7633688449859619,0.386888325214386,0.7635855674743652,0.3847042918205261,0.7771530151367188,0.374190092086792,0.7716031670570374,0.3723468482494354,0.7738467454910278,0.4139253795146942,0.7715122699737549,0.4125373959541321,0.8102487921714783,0.43546193838119507,0.8050478100776672,0.41220107674598694,0.8353258967399597,0.5847742557525635,0.8304488658905029,0.5504743456840515,0.8162499070167542,0.6852385997772217,0.8115267157554626,0.6444950699806213,0.8115100860595703,0.7084439396858215,0.8035904765129089,0.6728359460830688,0.8083069324493408,0.7015243768692017,0.8040471076965332,0.673901379108429,0.8100346326828003,0.6899095773696899,0.8066345453262329,0.6636384129524231,0.8777015209197998,0.6128994822502136,0.8672485947608948,0.5871007442474365,0.8147813677787781,0.741813600063324,0.8138028383255005,0.6844136118888855,0.8739041090011597,0.8200564980506897,0.8690791726112366,0.7908982038497925,0.8915261626243591,0.8309427499771118,0.8853937387466431,0.7894343137741089,0.8690711855888367,0.8839227557182312,0.8650180697441101,0.8557928800582886,1
0.7615922689437866,0.4068037271499634,0.7610356211662292,0.39012303948402405,0.7619027495384216,0.389132559299469,0.7627394199371338,0.3882507383823395,0.7604009509086609,0.3888930082321167,0.7607659101486206,0.38705748319625854,0.7615641355514526,0.383926123380661,0.7721468806266785,0.3782625198364258,0.7701122760772705,0.3734489679336548,0.7693591713905334,0.4157508611679077,0.7682197093963623,0.41382724046707153,0.8038418889045715,0.4389488697052002,0.8048752546310425,0.41433101892471313,0.8303490281105042,0.586537778377533,0.832087516784668,0.5554621815681458,0.8149516582489014,0.687210202217102,0.811972975730896,0.6540713906288147,0.8099183440208435,0.7097541093826294,0.8071145415306091,0.6776189804077148,0.8082654476165771,0.7071413993835449,0.8056361079216003,0.6841433644294739,0.8102952837944031,0.6951454877853394,0.8077578544616699,0.6727115511894226,0.8740491271018982,0.6125801801681519,0.8685431480407715,0.5867477655410767,0.8113408088684082,0.7554864883422852,0.8188003301620483,0.6777459979057312,0.8740909099578857,0.818795919418335,0.878571093082428,0.7697051167488098,0.8893149495124817,0.8235350847244263,0.8932926654815674,0.7396921515464783,0.8698785305023193,0.8819211721420288,0.8883975744247437,0.7789669632911682,1
0.758383572101593,0.42062342166900635,0.757466197013855,0.4042587876319885,0.7583942413330078,0.4030294716358185,0.7593411803245544,0.40170130133628845,0.7567242383956909,0.40280258655548096,0.7570335865020752,0.400526762008667,0.7573605179786682,0.3981281518936157,0.7680360078811646,0.3908573389053345,0.7647625803947449,0.384782075881958,0.766481339931488,0.4282812476158142,0.7647068500518799,0.42675918340682983,0.7997443079948425,0.4527076482772827,0.7983720302581787,0.4183189868927002,0.8245691061019897,0.6029478907585144,0.8283774256706238,0.5603466033935547,0.8105726838111877,0.7030503749847412,0.809464156627655,0.6706323623657227,0.8054143190383911,0.7271581292152405,0.8049131035804749,0.6964669227600098,0.8043554425239563,0.7170694470405579,0.8042406439781189,0.6951538324356079,0.8055867552757263,0.7102025747299194,0.8053054213523865,0.6893883943557739,0.8685958981513977,0.6206176280975342,0.8627182841300964,0.5864280462265015,0.8079895973205566,0.7654041051864624,0.8142486810684204,0.6939594745635986,0.8720616698265076,0.824203610420227,0.8708881139755249,0.7934144139289856,0.886827826499939,0.8309198021888733,0.8846434354782104,0.7833003997802734,0.8638589382171631,0.8945449590682983,0.8779197931289673,0.8158981800079346,1
0.7538280487060547,0.4211638569831848,0.7528674602508545,0.4048113226890564,0.7538555264472961,0.40416640043258667,0.7551274299621582,0.40259215235710144,0.7521753907203674,0.40310975909233093,0.7526215314865112,0.4013819992542267,0.7533825635910034,0.39873403310775757,0.76385498046875,0.3948242664337158,0.7616797685623169,0.3897118866443634,0.761588990688324,0.4297999143600464,0.7603409290313721,0.4277966022491455,0.7952718734741211,0.45333752036094666,0.7967174053192139,0.4303433895111084,0.8199204206466675,0.5925637483596802,0.8220953941345215,0.5669191479682922,0.8048706650733948,0.7108051776885986,0.8065415620803833,0.6799123287200928,0.801982581615448,0.7372550964355469,0.800760805606842,0.6987384557723999,0.7985258102416992,0.7311660051345825,0.7982181310653687,0.7019933462142944,0.8003195524215698,0.7192423343658447,0.8023866415023804,0.6949913501739502,0.8636687397956848,0.6243023872375488,0.8623859882354736,0.6003851294517517,0.8042525053024292,0.766014575958252,0.8162580132484436,0.7124494314193726,0.8701837658882141,0.8183606863021851,0.8712284564971924,0.8016736507415771,0.8850534558296204,0.8225257396697998,0.8875751495361328,0.8033673763275146,0.8632273077964783,0.8905642628669739,0.8687111139297485,0.8657397031784058,1
0.7491340637207031,0.42975908517837524,0.7474303841590881,0.41346609592437744,0.748239278793335,0.41247978806495667,0.7491898536682129,0.41139644384384155,0.7471697330474854,0.41283681988716125,0.7476940155029297,0.41148340702056885,0.7483105063438416,0.4100323021411896,0.7582109570503235,0.40423572063446045,0.7571083903312683,0.4020887613296509,0.7565959692001343,0.43851810693740845,0.7559667825698853,0.437610387802124,0.789542019367218,0.46003252267837524,0.7925110459327698,0.43848830461502075,0.8117530345916748,0.6072632074356079,0.8142341375350952,0.5685262084007263,0.7968231439590454,0.7134150266647339,0.7971023321151733,0.6772900223731995,0.7930130958557129,0.735692024230957,0.794319212436676,0.6908965706825256,0.7903600335121155,0.7304162383079529,0.7914333939552307,0.6940944194793701,0.7924079895019531,0.7173255681991577,0.7942364811897278,0.6903527975082397,0.8575535416603088,0.6346978545188904,0.8555552959442139,0.6100071668624878,0.7977437376976013,0.7745460271835327,0.8019009232521057,0.7285271286964417,0.8649438619613647,0.8184526562690735,0.8626998662948608,0.797798216342926,0.8809207677841187,0.814828634262085,0.8773395419120789,0.7909237146377563,0.861282467842102,0.8864753246307373,0.858792245388031,0.8673640489578247,1
0.7432030439376831,0.4429646134376526,0.7417406439781189,0.4249102473258972,0.7424049377441406,0.4232950806617737,0.7434307336807251,0.4208180904388428,0.7417044043540955,0.42509496212005615,0.7422923445701599,0.42371368408203125,0.7431894540786743,0.42137444019317627,0.7523567080497742,0.4120556712150574,0.7514835000038147,0.4115152955055237,0.7506728768348694,0.45017945766448975,0.7504096031188965,0.44963377714157104,0.7822810411453247,0.4693337082862854,0.7888439893722534,0.44860124588012695,0.8030713796615601,0.6177635192871094,0.8036283254623413,0.601874828338623,0.7877011299133301,0.7356094717979431,0.7884130477905273,0.710077166557312,0.7860044240951538,0.7588483095169067,0.7876445055007935,0.7185733318328857,0.7837353944778442,0.7524543404579163,0.7842385172843933,0.7200272679328918,0.7858957648277283,0.7410593032836914,0.786217212677002,0.7186489701271057,0.8492655754089355,0.6415765881538391,0.8512804508209229,0.6247207522392273,0.794800341129303,0.7844703793525696,0.8047451376914978,0.7539946436882019,0.8693729043006897,0.8146781921386719,0.869715690612793,0.7977100014686584,0.8829163908958435,0.8098431825637817,0.8832835555076599,0.7879086136817932,0.865344762802124,0.8859938383102417,0.876000165939331,0.8356451988220215,1
0.7377868294715881,0.4570576250553131,0.7364728450775146,0.43865349888801575,0.7373121380805969,0.43738365173339844,0.7385650277137756,0.43518179655075073,0.736111044883728,0.4383029341697693,0.7366651892662048,0.43682995438575745,0.7373377680778503,0.43522411584854126,0.7478131055831909,0.42798030376434326,0.7462198734283447,0.4240868389606476,0.7449588179588318,0.4654558002948761,0.7444259524345398,0.46477046608924866,0.7785977125167847,0.4977858066558838,0.7808243632316589,0.4622981548309326,0.7956417202949524,0.641753613948822,0.7960041165351868,0.606211245059967,0.7782407999038696,0.7408892512321472,0.7802382111549377,0.7078184485435486,0.771341860294342,0.7646260857582092,0.7740339040756226,0.7193434238433838,0.7700551748275757,0.7498852610588074,0.7709846496582031,0.7213780879974365,0.7716254591941833,0.7454306483268738,0.7738036513328552,0.7198354601860046,0.8461329936981201,0.6492739319801331,0.847366452217102,0.6277996897697449,0.7948529124259949,0.7913588285446167,0.808900773525238,0.7300123572349548,0.8691616058349609,0.8150736093521118,0.8709270358085632,0.7996269464492798,0.8812992572784424,0.8103827238082886,0.882432758808136,0.7897112965583801,0.8647848963737488,0.8881850242614746,0.8760251998901367,0.8272877931594849,1
0.7318037152290344,0.4704451560974121,0.7317859530448914,0.45385199785232544,0.7331992983818054,0.45211106538772583,0.7343816757202148,0.4512747526168823,0.7309874296188354,0.4521622061729431,0.7318522334098816,0.44925469160079956,0.7325777411460876,0.4472545087337494,0.7423027753829956,0.4457530081272125,0.7410264611244202,0.43924251198768616,0.7392398118972778,0.4794972836971283,0.7381995320320129,0.4777684807777405,0.770359992980957,0.5184925198554993,0.7741546630859375,0.4716825485229492,0.7802754640579224,0.6675894856452942,0.7814669609069824,0.6181941628456116,0.7600292563438416,0.7607489228248596,0.7620599865913391,0.6984682679176331,0.7519620656967163,0.7904374599456787,0.7541831731796265,0.7057297229766846,0.7502730488777161,0.7824200391769409,0.7514721155166626,0.7100244760513306,0.7539970874786377,0.7678183317184448,0.7547309398651123,0.7105600833892822,0.8446518778800964,0.6601412892341614,0.8468512296676636,0.6297946572303772,0.795299768447876,0.7967821359634399,0.8065284490585327,0.7240359783172607,0.8683691620826721,0.8184070587158203,0.8682147860527039,0.8006376624107361,0.882172167301178,0.8084644675254822,0.8808507919311523,0.7950992584228516,0.8658304214477539,0.8723587393760681,0.870231568813324,0.8396114110946655,1
0.7248116731643677,0.4879131317138672,0.7253318428993225,0.47007423639297485,0.7259857654571533,0.46939900517463684,0.7266085147857666,0.469001829624176,0.7253387570381165,0.4681336581707001,0.7259584069252014,0.4661508798599243,0.7269221544265747,0.462830126285553,0.7343467473983765,0.4657723605632782,0.7343538403511047,0.45564937591552734,0.7323030233383179,0.49829477071762085,0.7316068410873413,0.4952410161495209,0.7592593431472778,0.5350465178489685,0.764900803565979,0.4966340661048889,0.7593470215797424,0.6907377243041992,0.7609620690345764,0.6431604623794556,0.7408018112182617,0.8012607097625732,0.7437114119529724,0.7575008273124695,0.7312695384025574,0.8210865259170532,0.7266443371772766,0.7445419430732727,0.7269026041030884,0.8200559616088867,0.7291275262832642,0.7665349245071411,0.7309851050376892,0.8112236857414246,0.7354812622070312,0.7736696600914001,0.8470817804336548,0.6718997955322266,0.8439237475395203,0.6419548392295837,0.7912443280220032,0.8146806359291077,0.7949471473693848,0.7665424942970276,0.8651244640350342,0.8304150104522705,0.8585691452026367,0.8014827966690063,0.877625048160553,0.8197162747383118,0.8722016215324402,0.7813826203346252,0.8646775484085083,0.890152096748352,0.8626145720481873,0.8555780649185181,1
0.7178403735160828,0.5036823749542236,0.7178256511688232,0.48518383502960205,0.7188970446586609,0.48539406061172485,0.7199146747589111,0.4856002926826477,0.7175518274307251,0.4825291037559509,0.71821528673172,0.48057663440704346,0.7189382910728455,0.4788670539855957,0.7278364896774292,0.4836469888687134,0.7274019718170166,0.4732048511505127,0.7246977686882019,0.5145571231842041,0.7238785028457642,0.5111273527145386,0.7543021440505981,0.5672531723976135,0.7610283493995667,0.500714898109436,0.7459161281585693,0.7143416404724121,0.7569001913070679,0.6113829612731934,0.7255886793136597,0.832129955291748,0.7335749864578247,0.7085703015327454,0.7161949872970581,0.8449109196662903,0.7215344309806824,0.7054381370544434,0.7124053239822388,0.8409774899482727,0.7189579010009766,0.7123713493347168,0.7180105447769165,0.8372616767883301,0.7233783602714539,0.7178433537483215,0.8425613045692444,0.6806449890136719,0.8411602973937988,0.6447397470474243,0.7951391339302063,0.8104629516601562,0.8005051612854004,0.7585242390632629,0.8657620549201965,0.8319039344787598,0.8619798421859741,0.812376856803894,0.8787786960601807,0.8155562877655029,0.8751461505889893,0.8025756478309631,0.8652200698852539,0.8973082304000854,0.8639122247695923,0.8750023245811462,1
0.7141739726066589,0.5105971693992615,0.7150429487228394,0.4957815408706665,0.7154528498649597,0.4970645308494568,0.7157941460609436,0.4988170862197876,0.7139824032783508,0.48945558071136475,0.7144380211830139,0.4874177575111389,0.7151732444763184,0.4838075339794159,0.7210353016853333,0.5020638704299927,0.7218292951583862,0.483834445476532,0.7201569676399231,0.5213550329208374,0.7202649116516113,0.5154528617858887,0.7410464882850647,0.5888721346855164,0.7502356171607971,0.517822802066803,0.7328857779502869,0.7431908249855042,0.7424407005310059,0.662750780582428,0.710220992565155,0.845034658908844,0.7184351682662964,0.7609959840774536,0.7000024914741516,0.8698782920837402,0.705970287322998,0.763746440410614,0.6966665387153625,0.8676718473434448,0.7053340077400208,0.7692191004753113,0.7006109952926636,0.8569092154502869,0.7102441191673279,0.7722704410552979,0.8404942154884338,0.6811810731887817,0.8358231782913208,0.643525242805481,0.7934074401855469,0.8296864032745361,0.7956604957580566,0.7775352597236633,0.8600636124610901,0.833922803401947,0.8547887206077576,0.8023204803466797,0.8729269504547119,0.8210370540618896,0.8660785555839539,0.7931241989135742,0.8657236695289612,0.8937965631484985,0.8618407845497131,0.8665160536766052,1
0.6977596879005432,0.5555347204208374,0.6955935955047607,0.5422900319099426,0.697119414806366,0.5413110852241516,0.6986175775527954,0.5402816534042358,0.6930303573608398,0.5387614369392395,0.6928386688232422,0.5356654524803162,0.6926132440567017,0.5329378843307495,0.7117943167686462,0.5271322727203369,0.7067027688026428,0.5146564841270447,0.705417811870575,0.5637751221656799,0.7041392922401428,0.5596294403076172,0.7337613105773926,0.6120821833610535,0.7338926792144775,0.5254465341567993,0.7205562591552734,0.77702397108078,0.7179597616195679,0.6600644588470459,0.6910978555679321,0.8937495946884155,0.693957507610321,0.7739685773849487,0.6787452101707458,0.9181475043296814,0.6788022518157959,0.7758809924125671,0.6719914078712463,0.9140415191650391,0.6787246465682983,0.7819121479988098,0.678019642829895,0.9060825109481812,0.6853948831558228,0.7869218587875366,0.8348875045776367,0.6847738027572632,0.8257664442062378,0.6474987268447876,0.7867255806922913,0.8393250703811646,0.7833443880081177,0.79753577709198,0.8551856279373169,0.8295042514801025,0.8400567770004272,0.7929801344871521,0.8665940761566162,0.8138862252235413,0.8493731021881104,0.7742065191268921,0.8679675459861755,0.8937046527862549,0.8546039462089539,0.8416762351989746,1
0.6885538697242737,0.582410991191864,0.685481607913971,0.5651959776878357,0.6864248514175415,0.563751220703125,0.6873549222946167,0.562281608581543,0.6841543912887573,0.5626027584075928,0.684302806854248,0.5594267845153809,0.6844078302383423,0.5566511154174805,0.6945716738700867,0.5497470498085022,0.6905034184455872,0.5428061485290527,0.6924699544906616,0.5864633917808533,0.6924000382423401,0.5850661993026733,0.7172147035598755,0.6199682950973511,0.7242550849914551,0.5834739804267883,0.711907148361206,0.7773483991622925,0.7191938757896423,0.7275182604789734,0.6841078996658325,0.911310076713562,0.6998721361160278,0.8207566738128662,0.6731959581375122,0.9356898069381714,0.6857969760894775,0.8214621543884277,0.6684906482696533,0.9316481351852417,0.6832755208015442,0.8264905214309692,0.6722931861877441,0.9250338077545166,0.6890326142311096,0.8309354186058044,0.8232039213180542,0.6889355182647705,0.8239639401435852,0.6731454730033875,0.7662784457206726,0.8564368486404419,0.7769702672958374,0.7970752716064453,0.8480554819107056,0.8227586150169373,0.8438689708709717,0.8091012835502625,0.8583974242210388,0.8050668835639954,0.850589394569397,0.7878267168998718,0.8652588725090027,0.8834259510040283,0.863256573677063,0.8634260892868042,1
0.6693931221961975,0.6120364665985107,0.6619137525558472,0.5886827707290649,0.6620941162109375,0.5880542993545532,0.6632215976715088,0.5999780893325806,0.6612138152122498,0.5871474146842957,0.6609034538269043,0.5854945778846741,0.6606285572052002,0.5842964053153992,0.6724276542663574,0.5791655778884888,0.6692534685134888,0.567296028137207,0.6797283291816711,0.6068912744522095,0.6794223785400391,0.6048301458358765,0.7134993076324463,0.6350072622299194,0.7136926651000977,0.5682927370071411,0.7125430107116699,0.800929605960846,0.7161250710487366,0.7443928122520447,0.6870054602622986,0.92037433385849,0.6930636167526245,0.853306233882904,0.6732252836227417,0.9399159550666809,0.677081286907196,0.8552400469779968,0.6691470146179199,0.9325677752494812,0.6817894577980042,0.8741841316223145,0.6749182343482971,0.922874927520752,0.680903434753418,0.8664196133613586,0.8275495171546936,0.7279632687568665,0.8246510028839111,0.6950473189353943,0.7719685435295105,0.8525909185409546,0.7714322805404663,0.7790681719779968,0.8505812883377075,0.8419501781463623,0.8396176695823669,0.80939781665802,0.8656241297721863,0.841729998588562,0.850223958492279,0.799854576587677,0.8664427399635315,0.8857908844947815,0.8597526550292969,0.8331970572471619,1
0.6450784802436829,0.612828254699707,0.6441743969917297,0.5931858420372009,0.6450275778770447,0.5937364101409912,0.6458885073661804,0.5953965187072754,0.6433055400848389,0.5903081893920898,0.6435838341712952,0.5885785818099976,0.6434041261672974,0.580292820930481,0.6543450355529785,0.5941095948219299,0.6534092426300049,0.5659129619598389,0.6542362570762634,0.6247143745422363,0.6544067859649658,0.6173017024993896,0.6982006430625916,0.6700448989868164,0.7000027894973755,0.6000399589538574,0.7170460224151611,0.817732572555542,0.7069143056869507,0.7353784441947937,0.6903805732727051,0.9198741912841797,0.6708120107650757,0.8338215351104736,0.6742521524429321,0.9333969354629517,0.6548873782157898,0.8345947861671448,0.6721487045288086,0.9258536696434021,0.652788519859314,0.847894012928009,0.677483081817627,0.9171680212020874,0.659061074256897,0.8505011796951294,0.8134559988975525,0.7651445865631104,0.8136000037193298,0.7088111042976379,0.7910344004631042,0.8639785647392273,0.7890716791152954,0.7645155787467957,0.8570114970207214,0.8492369055747986,0.8508993983268738,0.7961925268173218,0.8676199316978455,0.8437947034835815,0.8589497208595276,0.79848313331604,0.8695388436317444,0.8823699355125427,0.8628379702568054,0.8496900200843811,1
0.6394570469856262,0.6303180456161499,0.642710268497467,0.6078535914421082,0.6438539624214172,0.6076886653900146,0.6449015140533447,0.6083483695983887,0.641471266746521,0.6055799126625061,0.6418452858924866,0.6036444902420044,0.6422677636146545,0.6024967432022095,0.6526368260383606,0.6116123199462891,0.6517350077629089,0.5955259799957275,0.6527550220489502,0.6410068869590759,0.6484543085098267,0.6362731456756592,0.6893584728240967,0.6879581212997437,0.6941409707069397,0.6325308084487915,0.7141329050064087,0.8178645968437195,0.7096691131591797,0.7539838552474976,0.6884961128234863,0.9175326824188232,0.6843521595001221,0.8820092678070068,0.6762055158615112,0.9315458536148071,0.6729519963264465,0.8873814344406128,0.672514021396637,0.9212945699691772,0.6703089475631714,0.9008092880249023,0.676102876663208,0.9165126085281372,0.6751709580421448,0.9009520411491394,0.8113647103309631,0.8043197393417358,0.80952388048172,0.7366880774497986,0.8299991488456726,0.8246651887893677,0.8218546509742737,0.7424241304397583,0.8910493850708008,0.8043577075004578,0.8733868598937988,0.7488711476325989,0.9010084271430969,0.7928110957145691,0.8812829852104187,0.749869704246521,0.8911309242248535,0.8356812596321106,0.8812863230705261,0.7633443474769592,1
0.6392406821250916,0.644896924495697,0.6367077827453613,0.6272240877151489,0.6374319791793823,0.627017617225647,0.6381268501281738,0.6267136931419373,0.6365121603012085,0.621685802936554,0.6363058090209961,0.6102943420410156,0.6378129720687866,0.6145809292793274,0.6475870609283447,0.6193165183067322,0.6455779671669006,0.602875828742981,0.6488513946533203,0.6536889672279358,0.6481229066848755,0.6495368480682373,0.6792128682136536,0.7024909257888794,0.6906733512878418,0.6313943266868591,0.7120530605316162,0.8339954018592834,0.7119623422622681,0.7630954384803772,0.6846336722373962,0.9262306094169617,0.6915070414543152,0.8904896974563599,0.672595202922821,0.942760705947876,0.6799876093864441,0.8908847570419312,0.6703150868415833,0.9313957691192627,0.6765018701553345,0.9029778242111206,0.6743236780166626,0.9233225584030151,0.6808558702468872,0.9040777683258057,0.79234379529953,0.8312948942184448,0.8013164401054382,0.7489000558853149,0.8123594522476196,0.8601018786430359,0.8188837766647339,0.7671080231666565,0.8632512092590332,0.8590537905693054,0.8624528050422668,0.7838111519813538,0.8725864887237549,0.852581799030304,0.8700743913650513,0.7868823409080505,0.8643608689308167,0.8840358257293701,0.8684292435646057,0.796344518661499,1
0.6403254866600037,0.6511675119400024,0.6379388570785522,0.6345173716545105,0.6385259628295898,0.6354491114616394,0.6390781402587891,0.63631272315979,0.638371467590332,0.626550018787384,0.6393386125564575,0.6223583817481995,0.6402223110198975,0.6185632944107056,0.6492024660110474,0.6346021890640259,0.6508086919784546,0.6090691089630127,0.6498152613639832,0.664152204990387,0.6497231721878052,0.6575341820716858,0.6774584054946899,0.7266669273376465,0.692070484161377,0.6469751596450806,0.7119616270065308,0.8687012791633606,0.7152206301689148,0.7727097868919373,0.6830122470855713,0.9306397438049316,0.6897392868995667,0.8986973166465759,0.6705177426338196,0.946377694606781,0.6787104606628418,0.8973214626312256,0.6663621664047241,0.9326202869415283,0.6750169396400452,0.9133325219154358,0.6709734201431274,0.9294456243515015,0.6799625158309937,0.9168602824211121,0.7933650016784668,0.8518944978713989,0.8005015850067139,0.771548330783844,0.8020991683006287,0.8822643756866455,0.7992194294929504,0.7879037261009216,0.8419667482376099,0.87697434425354,0.8230474591255188,0.8198550939559937,0.8450859785079956,0.8698561787605286,0.8299605846405029,0.8283287286758423,0.835150957107544,0.8926897048950195,0.8167039155960083,0.8241549134254456,1
0.6318144798278809,0.624866247177124,0.6302139759063721,0.6069942116737366,0.6305710077285767,0.6084164381027222,0.6308760643005371,0.609755277633667,0.6313304305076599,0.5988615155220032,0.6324710249900818,0.595005989074707,0.63350909948349,0.5915552377700806,0.6403018236160278,0.6130501627922058,0.6440722942352295,0.5859779119491577,0.6400612592697144,0.6414244174957275,0.6404430866241455,0.6341873407363892,0.6637885570526123,0.727623701095581,0.686329185962677,0.6263710856437683,0.702794075012207,0.8582338094711304,0.7103530168533325,0.7747023105621338,0.6807115077972412,0.9280588030815125,0.6895721554756165,0.8858538866043091,0.6705700159072876,0.9455704689025879,0.6765140891075134,0.8953081965446472,0.6684399247169495,0.9294824004173279,0.6717796921730042,0.911040723323822,0.6708642244338989,0.9255552887916565,0.6758317947387695,0.9128053188323975,0.7777002453804016,0.8733726143836975,0.7885140180587769,0.7987761497497559,0.8208701014518738,0.8798366785049438,0.8247252106666565,0.8206979036331177,0.8542534708976746,0.8732098340988159,0.84983891248703,0.8580186367034912,0.8683199882507324,0.8783771395683289,0.8657000660896301,0.8559388518333435,0.8555213212966919,0.8841395378112793,0.8519901633262634,0.8658447265625,1
0.6360169649124146,0.6102862358093262,0.631034255027771,0.5945776700973511,0.6289989352226257,0.6065526604652405,0.628581166267395,0.6095649003982544,0.6337686777114868,0.5856772065162659,0.6350598931312561,0.5822138786315918,0.6362529397010803,0.5791107416152954,0.6314772963523865,0.6219650506973267,0.6439643502235413,0.5922437906265259,0.6365060806274414,0.6444389224052429,0.6443727016448975,0.6215161085128784,0.6537989974021912,0.7543017864227295,0.6968986988067627,0.6305522918701172,0.6940756440162659,0.8871548175811768,0.7480129599571228,0.7582084536552429,0.6885889172554016,0.9146903157234192,0.7576547861099243,0.8678882718086243,0.6791526675224304,0.9215987324714661,0.7606630921363831,0.8749361634254456,0.6770596504211426,0.9158195853233337,0.7560804486274719,0.891086757183075,0.6822678446769714,0.9048977494239807,0.7566720843315125,0.8911977410316467,0.7700982093811035,0.8931249380111694,0.7929501533508301,0.8033949732780457,0.8089674711227417,0.8880345225334167,0.8423028588294983,0.76331627368927,0.8517262935638428,0.891930878162384,0.8776286244392395,0.7717810869216919,0.8632614016532898,0.9047395586967468,0.8871669173240662,0.7904534935951233,0.86098313331604,0.8856201171875,0.876402735710144,0.735327422618866,1
0.637405276298523,0.6388115882873535,0.6338729858398438,0.6270185112953186,0.6333411931991577,0.6301300525665283,0.6327595114707947,0.6331791877746582,0.636748731136322,0.6156250834465027,0.6381503939628601,0.6113125681877136,0.6394637823104858,0.607353687286377,0.632992148399353,0.654772162437439,0.643692672252655,0.618110179901123,0.6433881521224976,0.6574497222900391,0.6456159353256226,0.6475120782852173,0.6613337397575378,0.779193639755249,0.6915203332901001,0.6473802328109741,0.6926722526550293,0.9109289050102234,0.7311545014381409,0.7817791700363159,0.68415766954422,0.9226920008659363,0.7171196937561035,0.8915498852729797,0.6778241991996765,0.9260126352310181,0.7136301398277283,0.8931766152381897,0.6764476895332336,0.9092696905136108,0.7086308002471924,0.913676917552948,0.6801363825798035,0.9104424118995667,0.7111908793449402,0.9168496131896973,0.7673367261886597,0.904625654220581,0.7865725755691528,0.8210322856903076,0.7962914705276489,0.8814380168914795,0.8275223970413208,0.8114713430404663,0.8435607552528381,0.8841869235038757,0.8581849932670593,0.8618898987770081,0.8568078279495239,0.9014081954956055,0.8676292896270752,0.8814002275466919,0.854895830154419,0.8783168792724609,0.8541637063026428,0.8533927798271179,1
0.6430954933166504,0.6665502786636353,0.6323578357696533,0.6596297025680542,0.6307380199432373,0.6619794964790344,0.6291175484657288,0.66424959897995,0.6367577910423279,0.6522332429885864,0.6381570100784302,0.6497685313224792,0.6394600868225098,0.6476345658302307,0.6291994452476501,0.6758862733840942,0.6448454856872559,0.6456484794616699,0.6477985978126526,0.6799808144569397,0.6521624326705933,0.6741151809692383,0.648679256439209,0.7818422317504883,0.6956242322921753,0.6674259901046753,0.6797540783882141,0.8867790699005127,0.7653937935829163,0.7679003477096558,0.6950780153274536,0.8808231949806213,0.8206925988197327,0.8599694967269897,0.694710910320282,0.8826930522918701,0.8363350629806519,0.8788179755210876,0.6977233290672302,0.8659777641296387,0.8359248638153076,0.8727442026138306,0.700840413570404,0.8650000095367432,0.834073007106781,0.8724509477615356,0.7615741491317749,0.9256418347358704,0.7934530377388,0.8709807991981506,0.7968831062316895,0.8655831813812256,0.8363145589828491,0.7773313522338867,0.8484106659889221,0.8855240941047668,0.8845407962799072,0.7838387489318848,0.8607994318008423,0.894916832447052,0.892021894454956,0.8103105425834656,0.8729929327964783,0.8537805676460266,0.8980603814125061,0.7167901396751404,1
0.6489239931106567,0.6248211860656738,0.6378803253173828,0.6190182566642761,0.6365219950675964,0.6225115060806274,0.6351652145385742,0.6259070634841919,0.6406269073486328,0.6107531785964966,0.6410861015319824,0.6087821125984192,0.6414480209350586,0.6071553826332092,0.631190836429596,0.6490808725357056,0.640835165977478,0.6201094388961792,0.6517041325569153,0.6479784250259399,0.6540390253067017,0.6404355764389038,0.6461108326911926,0.7735142111778259,0.680956244468689,0.690726101398468,0.6897950768470764,0.9050552248954773,0.7583814859390259,0.7764647603034973,0.7400833368301392,0.9128414392471313,0.8267099857330322,0.8502299785614014,0.7488129734992981,0.9198929071426392,0.8445864319801331,0.8691688776016235,0.7508120536804199,0.9124909043312073,0.8457608819007874,0.8652220368385315,0.7500221133232117,0.9109491109848022,0.8428057432174683,0.865207850933075,0.759842574596405,0.9230148196220398,0.784467875957489,0.8771462440490723,0.8061037063598633,0.8507065773010254,0.8302001953125,0.7653454542160034,0.8529982566833496,0.8751801252365112,0.8693078756332397,0.7869874238967896,0.8810860514640808,0.8780731558799744,0.8762103319168091,0.8126518726348877,0.872419536113739,0.8584179282188416,0.8776415586471558,0.7332603931427002,1
0.0,0.0,0.0,0.0,0.0,0.0,0.0,0.0,0.0,0.0,0.0,0.0,0.0,0.0,0.0,0.0,0.0,0.0,0.0,0.0,0.0,0.0,0.0,0.0,0.0,0.0,0.0,0.0,0.0,0.0,0.0,0.0,0.0,0.0,0.0,0.0,0.0,0.0,0.0,0.0,0.0,0.0,0.0,0.0,0.0,0.0,0.0,0.0,0.0,0.0,0.0,0.0,0.0,0.0,0.0,0.0,0.0,0.0,0.0,0.0,0.0,0.0,0.0,0.0,0.0,0.0,1
0.6260185241699219,0.7809163331985474,0.616499662399292,0.7846251726150513,0.61531001329422,0.7875021696090698,0.6141532063484192,0.7902359962463379,0.6193300485610962,0.7754753232002258,0.6201248168945312,0.7723726034164429,0.6208480596542358,0.7696622610092163,0.6129684448242188,0.7970277667045593,0.6224531531333923,0.7664737105369568,0.6297469735145569,0.7860934734344482,0.6328477263450623,0.7772524952888489,0.6409735083580017,0.8365053534507751,0.6558648943901062,0.7447322607040405,0.7072762250900269,0.8601857423782349,0.723063588142395,0.7869269847869873,0.7651377320289612,0.8779535889625549,0.7841223478317261,0.8679294586181641,0.7789455056190491,0.8809351325035095,0.7993986010551453,0.8927068710327148,0.7788968682289124,0.8836686611175537,0.8010953068733215,0.8949612975120544,0.7752927541732788,0.8821578025817871,0.7960299849510193,0.8892935514450073,0.7439171075820923,0.9389107823371887,0.7564428448677063,0.8969984650611877,0.7941862344741821,0.8055557608604431,0.797415554523468,0.7363491058349609,0.851105809211731,0.851435661315918,0.8509094715118408,0.8361700773239136,0.8756102919578552,0.862447202205658,0.8667829632759094,0.8460562229156494,0.8901059627532959,0.8343995809555054,0.8802323341369629,0.7960919737815857,1
0.0,0.0,0.0,0.0,0.0,0.0,0.0,0.0,0.0,0.0,0.0,0.0,0.0,0.0,0.0,0.0,0.0,0.0,0.0,0.0,0.0,0.0,0.0,0.0,0.0,0.0,0.0,0.0,0.0,0.0,0.0,0.0,0.0,0.0,0.0,0.0,0.0,0.0,0.0,0.0,0.0,0.0,0.0,0.0,0.0,0.0,0.0,0.0,0.0,0.0,0.0,0.0,0.0,0.0,0.0,0.0,0.0,0.0,0.0,0.0,0.0,0.0,0.0,0.0,0.0,0.0,1
0.6273381114006042,0.7843531966209412,0.6221527457237244,0.786347508430481,0.6224899291992188,0.7870411276817322,0.6228704452514648,0.7876409292221069,0.6203186511993408,0.7842687964439392,0.6194032430648804,0.7840733528137207,0.6184362769126892,0.7841469049453735,0.6223905682563782,0.7962873578071594,0.6173973083496094,0.7900140881538391,0.631858229637146,0.7892123460769653,0.6299898624420166,0.7888239026069641,0.6524733901023865,0.8392086029052734,0.6240818500518799,0.7925151586532593,0.6918190717697144,0.8381015658378601,0.6214039325714111,0.7243353128433228,0.7126603722572327,0.8598564863204956,0.6153057813644409,0.7044175267219543,0.7187861800193787,0.868463397026062,0.6116182804107666,0.6950742602348328,0.7192983031272888,0.8684160709381104,0.6144450902938843,0.7139820456504822,0.7161888480186462,0.8655563592910767,0.6171578168869019,0.7222221493721008,0.715808093547821,0.8975111246109009,0.702887773513794,0.888015627861023,0.7788811922073364,0.8017471432685852,0.7679877877235413,0.7575965523719788,0.8414486646652222,0.839439868927002,0.8462501764297485,0.8274758458137512,0.8554108142852783,0.8715869784355164,0.861980676651001,0.8645167350769043,0.8709048628807068,0.8083246350288391,0.8795672655105591,0.7757010459899902,1
0.0,0.0,0.0,0.0,0.0,0.0,0.0,0.0,0.0,0.0,0.0,0.0,0.0,0.0,0.0,0.0,0.0,0.0,0.0,0.0,0.0,0.0,0.0,0.0,0.0,0.0,0.0,0.0,0.0,0.0,0.0,0.0,0.0,0.0,0.0,0.0,0.0,0.0,0.0,0.0,0.0,0.0,0.0,0.0,0.0,0.0,0.0,0.0,0.0,0.0,0.0,0.0,0.0,0.0,0.0,0.0,0.0,0.0,0.0,0.0,0.0,0.0,0.0,0.0,0.0,0.0,1
0.6325512528419495,0.7680827975273132,0.6261362433433533,0.7680018544197083,0.6260012984275818,0.7668542265892029,0.6259260177612305,0.7655629515647888,0.625751793384552,0.7718474268913269,0.6253294944763184,0.7740023136138916,0.6248614192008972,0.7765010595321655,0.6261980533599854,0.7707427740097046,0.6250452399253845,0.7849733829498291,0.6374876499176025,0.767906129360199,0.6370986700057983,0.7741599082946777,0.6594999432563782,0.775160014629364,0.6395624876022339,0.8093612194061279,0.6932160258293152,0.7817716002464294,0.6457750201225281,0.7846636772155762,0.6991153955459595,0.8328169584274292,0.6289072632789612,0.7704262137413025,0.7035168409347534,0.8488461971282959,0.6247222423553467,0.7685645818710327,0.7011515498161316,0.8533951044082642,0.6234296560287476,0.7736884951591492,0.6986971497535706,0.8487160801887512,0.6258354783058167,0.7764979600906372,0.7358149290084839,0.8623316287994385,0.7289000749588013,0.898684561252594,0.7616243958473206,0.748174786567688,0.7696881890296936,0.7974022626876831,0.8319203853607178,0.835534393787384,0.8295124173164368,0.8513551950454712,0.837519645690918,0.8671667575836182,0.8348321914672852,0.8762640953063965,0.856672465801239,0.7951932549476624,0.8590728640556335,0.8121964335441589,1
0.0,0.0,0.0,0.0,0.0,0.0,0.0,0.0,0.0,0.0,0.0,0.0,0.0,0.0,0.0,0.0,0.0,0.0,0.0,0.0,0.0,0.0,0.0,0.0,0.0,0.0,0.0,0.0,0.0,0.0,0.0,0.0,0.0,0.0,0.0,0.0,0.0,0.0,0.0,0.0,0.0,0.0,0.0,0.0,0.0,0.0,0.0,0.0,0.0,0.0,0.0,0.0,0.0,0.0,0.0,0.0,0.0,0.0,0.0,0.0,0.0,0.0,0.0,0.0,0.0,0.0,1
0.6082932949066162,0.8098977208137512,0.6033770442008972,0.8264815211296082,0.6033986806869507,0.8285816311836243,0.6034737229347229,0.830514132976532,0.5995351076126099,0.8302910327911377,0.5988045930862427,0.830547571182251,0.5980312824249268,0.8302215933799744,0.6079853177070618,0.8360024690628052,0.6020250916481018,0.8364089131355286,0.6145981550216675,0.8041732311248779,0.6159753799438477,0.7996906042098999,0.6492008566856384,0.8149819374084473,0.6320730447769165,0.8118373155593872,0.6913385391235352,0.8125247955322266,0.676914393901825,0.778946578502655,0.7261901497840881,0.8319001197814941,0.6809682846069336,0.7745876908302307,0.7311956882476807,0.8407045006752014,0.6801307797431946,0.7786846160888672,0.7254183888435364,0.8365917205810547,0.6786335706710815,0.7871021032333374,0.7243494391441345,0.8348598480224609,0.6798614263534546,0.7875014543533325,0.7413984537124634,0.8734970092773438,0.7409707307815552,0.8679112792015076,0.7517341375350952,0.7477970123291016,0.763266384601593,0.7718326449394226,0.8249906301498413,0.8121048212051392,0.8238728642463684,0.8230826258659363,0.8375453352928162,0.8391545414924622,0.8319662809371948,0.8500300645828247,0.8507544994354248,0.7896803617477417,0.848106861114502,0.8008896112442017,1
0.6233279705047607,0.7807669043540955,0.6189145445823669,0.7919548749923706,0.6190475225448608,0.7917612791061401,0.6192364692687988,0.7914552092552185,0.6190574765205383,0.7932247519493103,0.6193703413009644,0.7943039536476135,0.6196407675743103,0.7956439256668091,0.6229228377342224,0.7914191484451294,0.623450517654419,0.7968665361404419,0.6289907097816467,0.7716953158378601,0.6296431422233582,0.7737889885902405,0.658556342124939,0.7636624574661255,0.6465863585472107,0.7685871720314026,0.6927074790000916,0.789786696434021,0.6757171154022217,0.7748512029647827,0.7237201929092407,0.8268446922302246,0.6958292126655579,0.7465018033981323,0.7291778922080994,0.8432667851448059,0.6983300447463989,0.7489614486694336,0.7266837358474731,0.8459103107452393,0.6973762512207031,0.7524192929267883,0.7242066860198975,0.8405170440673828,0.6972762942314148,0.7517958879470825,0.7393988370895386,0.8344417214393616,0.7362700700759888,0.8519599437713623,0.7517028450965881,0.7292327880859375,0.763957142829895,0.8198003768920898,0.8166079521179199,0.8041489720344543,0.8207890391349792,0.8724943995475769,0.8247445225715637,0.8330149054527283,0.8264284133911133,0.8872061371803284,0.8430346250534058,0.788318932056427,0.8471787571907043,0.8617237210273743,1
0.6365163922309875,0.7772760391235352,0.6304302215576172,0.7800011038780212,0.6303116679191589,0.778515636920929,0.6302522420883179,0.7769017219543457,0.6302869915962219,0.7836290001869202,0.6301673650741577,0.7849330306053162,0.630012571811676,0.7865006923675537,0.6314182877540588,0.7731569409370422,0.6310819387435913,0.7866379618644714,0.6417946815490723,0.770334780216217,0.6420739889144897,0.7756404280662537,0.6655216813087463,0.7529808878898621,0.6525297164916992,0.7769476175308228,0.6912769079208374,0.7801511883735657,0.6796101331710815,0.7754510641098022,0.7197182774543762,0.8321332931518555,0.7173280119895935,0.7458269596099854,0.7249240279197693,0.8481399416923523,0.7224832773208618,0.7495166063308716,0.7224515676498413,0.8566915988922119,0.7223645448684692,0.7498011589050293,0.7199195027351379,0.8520795106887817,0.7211071252822876,0.7480618357658386,0.7363691926002502,0.8175001740455627,0.7286375164985657,0.8469250202178955,0.7666385769844055,0.7569378614425659,0.760852575302124,0.831193745136261,0.8116746544837952,0.8231126070022583,0.8172833919525146,0.9108743071556091,0.8161440491676331,0.849871039390564,0.8224518895149231,0.9306848645210266,0.8397080302238464,0.8087877631187439,0.848573625087738,0.8843806982040405,1
0.6345437169075012,0.7039424777030945,0.6285614371299744,0.6959559321403503,0.628873348236084,0.6923304200172424,0.6292487382888794,0.688572108745575,0.627143919467926,0.7055336236953735,0.6264349818229675,0.7093421220779419,0.625676155090332,0.7135226726531982,0.6300950050354004,0.6885571479797363,0.6254682540893555,0.7224963903427124,0.6402726769447327,0.7033688426017761,0.638752818107605,0.7157118916511536,0.6634833216667175,0.688629150390625,0.6408129930496216,0.7774432301521301,0.6779130101203918,0.7733277082443237,0.6794160604476929,0.7831801772117615,0.687775731086731,0.8083509802818298,0.6919738054275513,0.7406090497970581,0.6896323561668396,0.8182923197746277,0.6966445446014404,0.7337132692337036,0.6879135370254517,0.8248591423034668,0.6959169507026672,0.7320055365562439,0.6862053275108337,0.8255683779716492,0.6955209374427795,0.7327539920806885,0.7389971017837524,0.8027236461639404,0.722939670085907,0.8703835606575012,0.7558917999267578,0.7065415382385254,0.7372419834136963,0.8526881337165833,0.8084454536437988,0.848810076713562,0.7839545607566833,0.9368663430213928,0.8132237792015076,0.9008926749229431,0.7890623211860657,0.9559556841850281,0.8398982882499695,0.8555445671081543,0.8052089214324951,0.9251987934112549,1
0.6352390646934509,0.7094411253929138,0.6301068067550659,0.700631856918335,0.630585253238678,0.6968058943748474,0.6311407685279846,0.6928637027740479,0.6283770799636841,0.7106325030326843,0.6276110410690308,0.714400589466095,0.6267861127853394,0.7185372114181519,0.6324504017829895,0.6919445395469666,0.6270619630813599,0.7270612716674805,0.6410479545593262,0.7087695002555847,0.6389901638031006,0.7217448949813843,0.6647458672523499,0.6950042843818665,0.638589084148407,0.7810195684432983,0.6838454008102417,0.7420560717582703,0.6567201614379883,0.8441562652587891,0.6833177804946899,0.7566673755645752,0.6688330769538879,0.7860998511314392,0.6853389739990234,0.7556192278862,0.6739357709884644,0.7815418839454651,0.6854972839355469,0.7597125768661499,0.6737520694732666,0.7643817663192749,0.6839072704315186,0.7655212879180908,0.6733543276786804,0.766236424446106,0.7420797348022461,0.8184016942977905,0.719350278377533,0.8777100443840027,0.755609393119812,0.7039095163345337,0.7034955620765686,0.8688393235206604,0.8047068119049072,0.8798878192901611,0.7674530744552612,0.9170554876327515,0.8047251105308533,0.9407720565795898,0.7758026123046875,0.9271546602249146,0.8354234099388123,0.8783491849899292,0.7908770442008972,0.9199620485305786,1
0.6355416178703308,0.698571503162384,0.6300262808799744,0.6902430057525635,0.6304394006729126,0.6874791383743286,0.6309189796447754,0.68461674451828,0.6285957098007202,0.6974185705184937,0.6278747916221619,0.7004944682121277,0.6270833015441895,0.7039192914962769,0.632522702217102,0.6889070868492126,0.6280970573425293,0.7143949866294861,0.6418848037719727,0.7020226120948792,0.6398606300354004,0.7126603722572327,0.6678110361099243,0.7173866033554077,0.6457350850105286,0.7707860469818115,0.6793212890625,0.7901625037193298,0.6632856726646423,0.8295156955718994,0.6922709941864014,0.8175802826881409,0.6583834290504456,0.8482058048248291,0.6942920088768005,0.825684666633606,0.6568033695220947,0.8580423593521118,0.6925918459892273,0.8286497592926025,0.6562114357948303,0.848550021648407,0.6909161806106567,0.8289440870285034,0.6579527258872986,0.8453609943389893,0.7421315312385559,0.8483973741531372,0.7266870737075806,0.892401397228241,0.7463895678520203,0.7012285590171814,0.7353204488754272,0.8680649995803833,0.760772705078125,0.9102236032485962,0.7950525283813477,0.8814365863800049,0.7569849491119385,0.9523437023162842,0.7967932224273682,0.9177442193031311,0.7784286737442017,0.9287018775939941,0.8248927593231201,0.8895813226699829,1
0.0,0.0,0.0,0.0,0.0,0.0,0.0,0.0,0.0,0.0,0.0,0.0,0.0,0.0,0.0,0.0,0.0,0.0,0.0,0.0,0.0,0.0,0.0,0.0,0.0,0.0,0.0,0.0,0.0,0.0,0.0,0.0,0.0,0.0,0.0,0.0,0.0,0.0,0.0,0.0,0.0,0.0,0.0,0.0,0.0,0.0,0.0,0.0,0.0,0.0,0.0,0.0,0.0,0.0,0.0,0.0,0.0,0.0,0.0,0.0,0.0,0.0,0.0,0.0,0.0,0.0,1
0.0,0.0,0.0,0.0,0.0,0.0,0.0,0.0,0.0,0.0,0.0,0.0,0.0,0.0,0.0,0.0,0.0,0.0,0.0,0.0,0.0,0.0,0.0,0.0,0.0,0.0,0.0,0.0,0.0,0.0,0.0,0.0,0.0,0.0,0.0,0.0,0.0,0.0,0.0,0.0,0.0,0.0,0.0,0.0,0.0,0.0,0.0,0.0,0.0,0.0,0.0,0.0,0.0,0.0,0.0,0.0,0.0,0.0,0.0,0.0,0.0,0.0,0.0,0.0,0.0,0.0,1
0.6542675495147705,0.7530661225318909,0.6508379578590393,0.7386758923530579,0.6518082618713379,0.7346669435501099,0.652853786945343,0.7305724620819092,0.6481716632843018,0.7465059757232666,0.6471189260482788,0.7487767338752747,0.6459800601005554,0.7514812350273132,0.6546163558959961,0.7219675183296204,0.6452051401138306,0.7510117888450623,0.6593691110610962,0.7506126165390015,0.6560196280479431,0.7614431381225586,0.6788604855537415,0.7115527987480164,0.6491443514823914,0.8045655488967896,0.6879020929336548,0.7558139562606812,0.6664108037948608,0.8596073985099792,0.6759884357452393,0.7896765470504761,0.670015811920166,0.8242238163948059,0.6780605316162109,0.8004931807518005,0.6741796731948853,0.8232744932174683,0.6755548119544983,0.8021042943000793,0.672217845916748,0.8084719777107239,0.6737460494041443,0.8025794625282288,0.6716970205307007,0.8090179562568665,0.7344470024108887,0.8359779119491577,0.7165011167526245,0.9047384262084961,0.7436807155609131,0.7165177464485168,0.7206628918647766,0.8795260190963745,0.7948213815689087,0.8831347823143005,0.7891634702682495,0.8961938619613647,0.7962059378623962,0.9160831570625305,0.7901656627655029,0.9185453057289124,0.8256241679191589,0.8845332264900208,0.8168343305587769,0.9262547492980957,1
0.6090645790100098,0.6524650454521179,0.6054056882858276,0.644900381565094,0.6058045625686646,0.6434497833251953,0.6062443256378174,0.6419219374656677,0.6038674712181091,0.6483504772186279,0.6032341718673706,0.6493621468544006,0.6025246381759644,0.6505872011184692,0.6066650152206421,0.6424272656440735,0.6016080379486084,0.6545364260673523,0.6129150390625,0.6563212275505066,0.6109837293624878,0.6614476442337036,0.6272244453430176,0.6722551584243774,0.6148320436477661,0.6994880437850952,0.6455627679824829,0.7165582776069641,0.6370621919631958,0.759507954120636,0.6494017839431763,0.7330943942070007,0.6379737257957458,0.7769027352333069,0.6515077352523804,0.7343131899833679,0.6369117498397827,0.7819721698760986,0.6500008702278137,0.7381748557090759,0.6360824704170227,0.7773852944374084,0.6486719846725464,0.7396049499511719,0.637067437171936,0.7753430008888245,0.6700968146324158,0.7863495349884033,0.6646518111228943,0.8137772083282471,0.7162824273109436,0.7680104970932007,0.7103939056396484,0.8109374046325684,0.772584080696106,0.8925501108169556,0.7727859616279602,0.9033902287483215,0.7749558091163635,0.9115464687347412,0.7807469367980957,0.9157000780105591,0.7940002679824829,0.8975069522857666,0.7972137331962585,0.910931408405304,1
0.6044483184814453,0.9222240447998047,0.5966762900352478,0.9224197864532471,0.5967304706573486,0.925115168094635,0.594072699546814,0.9265721440315247,0.5965555906295776,0.9293622970581055,0.5959893465042114,0.9317280054092407,0.5930888056755066,0.9354411959648132,0.5927056670188904,0.9441847801208496,0.5918456315994263,0.9521072506904602,0.6076763272285461,0.9304859638214111,0.6076827645301819,0.9362325668334961,0.619023323059082,0.9773531556129456,0.6206501126289368,1.0111956596374512,0.6439352631568909,0.9348115921020508,0.6409857273101807,0.9692476987838745,0.6286635398864746,0.9074819087982178,0.6210935115814209,0.9091904759407043,0.6240746974945068,0.9011722803115845,0.6165072321891785,0.8925467133522034,0.6204208731651306,0.8973487019538879,0.612518846988678,0.8979538083076477,0.6220580339431763,0.9013178944587708,0.6143447756767273,0.9069823622703552,0.7228051424026489,0.9253507256507874,0.7306095361709595,0.9545157551765442,0.7406336069107056,0.7900102734565735,0.7614582180976868,0.796187162399292,0.7977819442749023,0.8892744183540344,0.800665020942688,0.8929828405380249,0.7991517186164856,0.9176056981086731,0.8020743727684021,0.9220834970474243,0.8173166513442993,0.8704485893249512,0.8339136242866516,0.8750600814819336,1
0.5997970104217529,0.929764449596405,0.5919113755226135,0.9315940141677856,0.5914709568023682,0.930183470249176,0.5910298228263855,0.9289028644561768,0.5925622582435608,0.939164936542511,0.5926135182380676,0.9432703852653503,0.5928369760513306,0.950119137763977,0.5924139618873596,0.9451985359191895,0.5941517353057861,0.9685405492782593,0.6065548658370972,0.9287576675415039,0.6068186163902283,0.9381582736968994,0.6339361071586609,0.9455187320709229,0.6240491271018982,1.029403805732727,0.6816403865814209,0.905203640460968,0.6487542390823364,1.0082213878631592,0.7204526662826538,0.8738576173782349,0.63544762134552,0.9320155382156372,0.7341324090957642,0.8507863283157349,0.6340392827987671,0.9158932566642761,0.731910228729248,0.8580603003501892,0.6285648941993713,0.9118502140045166,0.7267549633979797,0.8661471605300903,0.6307218074798584,0.9210484027862549,0.7403905987739563,0.9130412936210632,0.7444753646850586,0.9642142057418823,0.7477103471755981,0.7591341733932495,0.7569849491119385,0.7908434271812439,0.8030195236206055,0.8825122714042664,0.8059474229812622,0.8831044435501099,0.8077852725982666,0.8982595205307007,0.8087314963340759,0.9066334366798401,0.834006667137146,0.8462309241294861,0.8370867371559143,0.8583022356033325,1
0.59750896692276,0.9340915083885193,0.590667724609375,0.9392603039741516,0.5904447436332703,0.939132809638977,0.590208888053894,0.9391330480575562,0.5909746289253235,0.9435585737228394,0.5909484624862671,0.9467233419418335,0.5910618305206299,0.9525910019874573,0.5922850370407104,0.9546268582344055,0.5929632186889648,0.9733699560165405,0.6035913228988647,0.9348488450050354,0.604287326335907,0.9395973682403564,0.6318414211273193,0.9702423810958862,0.6223468780517578,1.0302624702453613,0.6740297675132751,0.9268788695335388,0.6458786725997925,0.988385021686554,0.6854278445243835,0.8963191509246826,0.6294423937797546,0.9219229221343994,0.6899590492248535,0.886192262172699,0.6264848709106445,0.9083053469657898,0.6866752505302429,0.8861349821090698,0.6219435930252075,0.9074865579605103,0.685090184211731,0.8922328352928162,0.6242989301681519,0.915358304977417,0.7374980449676514,0.9311898946762085,0.7417278289794922,0.9693881273269653,0.7444424033164978,0.7514535188674927,0.748782217502594,0.7756660580635071,0.8021175861358643,0.8776496052742004,0.8040256500244141,0.8880881071090698,0.8047775626182556,0.9008951187133789,0.8092079162597656,0.9103050827980042,0.831820547580719,0.8523940443992615,0.8416995406150818,0.8634834289550781,1
0.5935218930244446,0.9361790418624878,0.5860517024993896,0.9413254261016846,0.5855480432510376,0.9398642182350159,0.585011899471283,0.9383610486984253,0.5872701406478882,0.9489233493804932,0.5860328078269958,0.9549845457077026,0.586237907409668,0.9601306319236755,0.5879184603691101,0.949393630027771,0.588578999042511,0.9854207038879395,0.600345253944397,0.9322937726974487,0.6001527905464172,0.9444114565849304,0.6247531175613403,0.939884603023529,0.6182937622070312,1.0519444942474365,0.6555925607681274,0.8792102336883545,0.6477910280227661,0.9971994757652283,0.6490848064422607,0.847236692905426,0.6269458532333374,0.9192237854003906,0.6487160325050354,0.8358442783355713,0.6234806180000305,0.8987798690795898,0.6442934274673462,0.837163507938385,0.618228554725647,0.9020417332649231,0.6450108885765076,0.8447737097740173,0.6231408715248108,0.901688814163208,0.7295182347297668,0.9178735017776489,0.7365221381187439,0.9907172918319702,0.7419800758361816,0.7429278492927551,0.7702610492706299,0.8485546112060547,0.7975190281867981,0.8808101415634155,0.804722249507904,0.8904322981834412,0.8023998737335205,0.903372585773468,0.8078572750091553,0.9183852672576904,0.8296233415603638,0.859865128993988,0.8438032865524292,0.8699690699577332,1
0.0,0.0,0.0,0.0,0.0,0.0,0.0,0.0,0.0,0.0,0.0,0.0,0.0,0.0,0.0,0.0,0.0,0.0,0.0,0.0,0.0,0.0,0.0,0.0,0.0,0.0,0.0,0.0,0.0,0.0,0.0,0.0,0.0,0.0,0.0,0.0,0.0,0.0,0.0,0.0,0.0,0.0,0.0,0.0,0.0,0.0,0.0,0.0,0.0,0.0,0.0,0.0,0.0,0.0,0.0,0.0,0.0,0.0,0.0,0.0,0.0,0.0,0.0,0.0,0.0,0.0,1
0.0,0.0,0.0,0.0,0.0,0.0,0.0,0.0,0.0,0.0,0.0,0.0,0.0,0.0,0.0,0.0,0.0,0.0,0.0,0.0,0.0,0.0,0.0,0.0,0.0,0.0,0.0,0.0,0.0,0.0,0.0,0.0,0.0,0.0,0.0,0.0,0.0,0.0,0.0,0.0,0.0,0.0,0.0,0.0,0.0,0.0,0.0,0.0,0.0,0.0,0.0,0.0,0.0,0.0,0.0,0.0,0.0,0.0,0.0,0.0,0.0,0.0,0.0,0.0,0.0,0.0,1
0.6306755542755127,0.7095930576324463,0.6291174292564392,0.6943274736404419,0.6307344436645508,0.6909573078155518,0.6323989629745483,0.6875290274620056,0.6243487596511841,0.7025523781776428,0.6225396394729614,0.7052162289619446,0.6206430792808533,0.7082027792930603,0.634215235710144,0.6865261197090149,0.6183525323867798,0.7152537703514099,0.6359312534332275,0.7138486504554749,0.6298828721046448,0.7249901294708252,0.6593902111053467,0.7054426074028015,0.6195507049560547,0.7937523126602173,0.6839206218719482,0.7414947748184204,0.6251463294029236,0.8797389268875122,0.6813329458236694,0.7784552574157715,0.6177077889442444,0.9006140828132629,0.6847164034843445,0.7895721197128296,0.6146342158317566,0.9101650714874268,0.6807258725166321,0.7941827774047852,0.6136220693588257,0.9023151993751526,0.678396999835968,0.7940751910209656,0.6161676049232483,0.8987201452255249,0.6987119317054749,0.8278473019599915,0.6823532581329346,0.8951731324195862,0.7459712028503418,0.7153055667877197,0.7264735698699951,0.8335981965065002,0.7917205691337585,0.8864206075668335,0.7751407027244568,0.9204480648040771,0.7841936349868774,0.9248307943344116,0.7775882482528687,0.9370680451393127,0.8170831203460693,0.8896786570549011,0.8025246858596802,0.9319411516189575,1
0.5913038849830627,0.6117761731147766,0.5873979330062866,0.6000416874885559,0.5882465839385986,0.5980873107910156,0.5891187787055969,0.5960310101509094,0.5846120119094849,0.6053494215011597,0.5833643078804016,0.6075137257575989,0.5820465683937073,0.6099271774291992,0.5897435545921326,0.602458655834198,0.5808181762695312,0.6202989816665649,0.5964913368225098,0.6202822923660278,0.5927096605300903,0.6283975839614868,0.6138229966163635,0.6515172123908997,0.5943901538848877,0.6939703226089478,0.6230067014694214,0.6844379901885986,0.6236653923988342,0.7469838261604309,0.6101638078689575,0.691652238368988,0.6281550526618958,0.7220685482025146,0.6094633340835571,0.694477915763855,0.6300446391105652,0.7210767865180969,0.6077881455421448,0.6995084881782532,0.62874436378479,0.7118805050849915,0.6070641875267029,0.7023317217826843,0.6290140748023987,0.7129315137863159,0.6736055016517639,0.8091046810150146,0.6620773673057556,0.8492839932441711,0.7259219288825989,0.7510254979133606,0.7150741815567017,0.8247764706611633,0.7701562643051147,0.8958929181098938,0.7777293920516968,0.9115291237831116,0.7705730199813843,0.9315044283866882,0.7816049456596375,0.9331268072128296,0.80384361743927,0.8944365978240967,0.8120687007904053,0.906071662902832,1
0.0,0.0,0.0,0.0,0.0,0.0,0.0,0.0,0.0,0.0,0.0,0.0,0.0,0.0,0.0,0.0,0.0,0.0,0.0,0.0,0.0,0.0,0.0,0.0,0.0,0.0,0.0,0.0,0.0,0.0,0.0,0.0,0.0,0.0,0.0,0.0,0.0,0.0,0.0,0.0,0.0,0.0,0.0,0.0,0.0,0.0,0.0,0.0,0.0,0.0,0.0,0.0,0.0,0.0,0.0,0.0,0.0,0.0,0.0,0.0,0.0,0.0,0.0,0.0,0.0,0.0,1
0.6270599961280823,0.6594700813293457,0.6230041980743408,0.6519566178321838,0.6235954761505127,0.6496854424476624,0.6242358684539795,0.6473580598831177,0.6207101941108704,0.659386396408081,0.6196778416633606,0.6626086235046387,0.6185678243637085,0.6661064028739929,0.6256861686706543,0.6550953984260559,0.6185299158096313,0.6800498962402344,0.6328763961791992,0.6645333766937256,0.6297594308853149,0.6755858063697815,0.6516566276550293,0.699715256690979,0.6348310708999634,0.7360967397689819,0.6592805981636047,0.7451293468475342,0.6553616523742676,0.7944308519363403,0.6486583352088928,0.7840627431869507,0.6500768065452576,0.8057189583778381,0.6466370820999146,0.7934917211532593,0.6469796299934387,0.8112227916717529,0.6478031873703003,0.796625554561615,0.6469131708145142,0.809198260307312,0.6482588648796082,0.7934084534645081,0.6489264965057373,0.8076809644699097,0.7113872766494751,0.818651556968689,0.7000085711479187,0.8442850112915039,0.7550383806228638,0.8063098788261414,0.7386289834976196,0.8187165260314941,0.7952372431755066,0.8816137909889221,0.7892069220542908,0.8835341334342957,0.7972642183303833,0.908855676651001,0.793919026851654,0.9134925007820129,0.8214967846870422,0.875330924987793,0.8169719576835632,0.8739719986915588,1
0.6893980503082275,0.792407751083374,0.6889289021492004,0.7915299534797668,0.6902758479118347,0.7898430824279785,0.6917144656181335,0.7881852388381958,0.684137761592865,0.797801673412323,0.6824494004249573,0.7999746799468994,0.6806724071502686,0.802437424659729,0.6921331882476807,0.7895026803016663,0.6766557097434998,0.8133742809295654,0.6932218670845032,0.7945537567138672,0.6883146166801453,0.8013255596160889,0.7121946215629578,0.7989039421081543,0.6672323942184448,0.8503378033638,0.7364304065704346,0.8114693760871887,0.6593014001846313,0.9215002059936523,0.7282594442367554,0.8551273941993713,0.6393754482269287,0.9346241354942322,0.727263867855072,0.870830237865448,0.6313775777816772,0.9390968680381775,0.7245122790336609,0.8699181079864502,0.6310853958129883,0.9361698627471924,0.7237106561660767,0.8640588521957397,0.6349689960479736,0.9341148138046265,0.7219066023826599,0.8450472950935364,0.6957571506500244,0.8743339776992798,0.7649709582328796,0.7740228176116943,0.7374793291091919,0.8093572854995728,0.8016852140426636,0.8840050101280212,0.7836218476295471,0.8954750895500183,0.8019247055053711,0.9153096079826355,0.7858296632766724,0.9047409296035767,0.8258912563323975,0.8746219873428345,0.8037569522857666,0.8998759984970093,1
0.6412931084632874,0.6625456809997559,0.637850821018219,0.6506256461143494,0.6389535069465637,0.6473641991615295,0.6401158571243286,0.6440750360488892,0.6345276832580566,0.6591198444366455,0.6331007480621338,0.6626302599906921,0.6315925717353821,0.6664699912071228,0.6418468356132507,0.6495527029037476,0.6307847499847412,0.6794686317443848,0.6472721695899963,0.6684452295303345,0.6427479386329651,0.6811372637748718,0.6636085510253906,0.6875466108322144,0.6443291902542114,0.7532398700714111,0.6664788126945496,0.7299283742904663,0.6746260523796082,0.8280350565910339,0.6532257795333862,0.7622615098953247,0.6733577847480774,0.8180599212646484,0.6521948575973511,0.7711907625198364,0.6736799478530884,0.8180683851242065,0.6535766124725342,0.7728087306022644,0.6710817813873291,0.8132939338684082,0.6533637046813965,0.7728333473205566,0.6717744469642639,0.8131894469261169,0.720879852771759,0.8182471990585327,0.7073025703430176,0.8614457249641418,0.7547609210014343,0.7770003080368042,0.7342604398727417,0.8235931992530823,0.7958707809448242,0.8872443437576294,0.7873893976211548,0.8877387046813965,0.7997847199440002,0.9201354384422302,0.7884281277656555,0.9133107662200928,0.823007345199585,0.8906061053276062,0.8136407732963562,0.8735530972480774,1
0.6671297550201416,0.7413333058357239,0.6651024222373962,0.7343890070915222,0.666153609752655,0.7321870923042297,0.6672927737236023,0.7299900650978088,0.6614469885826111,0.7403823733329773,0.6599786877632141,0.7426040172576904,0.658420979976654,0.7451298832893372,0.6675833463668823,0.7311743497848511,0.6556038856506348,0.7537297010421753,0.6713891625404358,0.7447962164878845,0.6670656204223633,0.7528955340385437,0.6879472732543945,0.7436516284942627,0.6551104187965393,0.8060785531997681,0.6939272880554199,0.7647041082382202,0.6624176502227783,0.8681878447532654,0.6824072599411011,0.8078345060348511,0.6563293933868408,0.8741991519927979,0.6823336482048035,0.8228365182876587,0.654688835144043,0.8812899589538574,0.6812844276428223,0.8278254270553589,0.6539288759231567,0.8756879568099976,0.6804618239402771,0.8238598108291626,0.6556717157363892,0.8729203939437866,0.7242082357406616,0.8335132598876953,0.7028843760490417,0.8781765103340149,0.7528111934661865,0.7689684629440308,0.7300922274589539,0.8547087907791138,0.7996931672096252,0.8788082003593445,0.7780263423919678,0.9244014620780945,0.8007502555847168,0.9079095721244812,0.7831236124038696,0.9403203129768372,0.8290414214134216,0.8892986178398132,0.8025843501091003,0.9238020777702332,1
0.6036051511764526,0.6669715642929077,0.6014652848243713,0.6538137197494507,0.6029910445213318,0.6514893174171448,0.6045562624931335,0.6491192579269409,0.5967419147491455,0.6597474813461304,0.5948832631111145,0.6618432998657227,0.5929534435272217,0.6641159057617188,0.6049339771270752,0.6508772373199463,0.5894006490707397,0.6718266010284424,0.6081253886222839,0.6739404797554016,0.6021922826766968,0.6825082898139954,0.6228134632110596,0.6888546943664551,0.5959903001785278,0.7420339584350586,0.6330165266990662,0.7410791516304016,0.6304653882980347,0.8195439577102661,0.6163827180862427,0.7563046216964722,0.6457269191741943,0.8070537447929382,0.6144906878471375,0.7612936496734619,0.6495614051818848,0.8062803745269775,0.6112065315246582,0.7627332210540771,0.6475152969360352,0.7952591180801392,0.6111014485359192,0.7641205191612244,0.6470837593078613,0.7949236631393433,0.6604676246643066,0.803573727607727,0.6451955437660217,0.8493787050247192,0.711703896522522,0.7840864658355713,0.6783415079116821,0.8563534617424011,0.7667567729949951,0.9042757749557495,0.7364098429679871,0.9334890842437744,0.7707630395889282,0.935096025466919,0.7423661947250366,0.9517011642456055,0.7955735921859741,0.9106298685073853,0.7622032165527344,0.9267741441726685,1
0.6744212508201599,0.7109569311141968,0.6707563400268555,0.708570122718811,0.6711540222167969,0.7076839804649353,0.6716185212135315,0.7068330645561218,0.6686821579933167,0.7122844457626343,0.6677708625793457,0.713916540145874,0.666800320148468,0.7156903147697449,0.6708351373672485,0.7112777829170227,0.6647129654884338,0.7246798276901245,0.677943766117096,0.7151442170143127,0.675658106803894,0.7204432487487793,0.6871161460876465,0.7448651194572449,0.6738295555114746,0.7457671761512756,0.6786001920700073,0.7867471575737,0.6978433728218079,0.7710748314857483,0.6652694940567017,0.8060187697410583,0.7097846269607544,0.7691731452941895,0.6617276668548584,0.813656747341156,0.7107835412025452,0.7725254893302917,0.662542998790741,0.8144814372062683,0.7113487124443054,0.7667015194892883,0.6636816263198853,0.8114485144615173,0.7118774652481079,0.7655388712882996,0.7273483276367188,0.8207803964614868,0.7131907939910889,0.8263737559318542,0.7674738168716431,0.8082315921783447,0.7449376583099365,0.7943728566169739,0.8045487403869629,0.8875739574432373,0.7823855876922607,0.8864766359329224,0.8084304928779602,0.9192766547203064,0.7845262289047241,0.9027408361434937,0.8320218324661255,0.8841824531555176,0.803076982498169,0.8679342269897461,1
0.655353844165802,0.6612157821655273,0.6510252952575684,0.6553967595100403,0.6514927744865417,0.6534377932548523,0.6520386934280396,0.6514641642570496,0.6490052938461304,0.6621290445327759,0.6480398178100586,0.6652711629867554,0.6469956040382385,0.6686964631080627,0.6524801850318909,0.6608737111091614,0.6463137865066528,0.6843302249908447,0.6604844927787781,0.6680916547775269,0.6578768491744995,0.6776710152626038,0.6748878359794617,0.7035505175590515,0.660079836845398,0.7410833835601807,0.665542483329773,0.7567568421363831,0.6764697432518005,0.7937842607498169,0.6550987958908081,0.7749823927879333,0.6696282625198364,0.8094708919525146,0.6528867483139038,0.7790750861167908,0.6663886308670044,0.817941427230835,0.6567271947860718,0.7811967134475708,0.6668491363525391,0.8183335661888123,0.6571828722953796,0.7812529802322388,0.6692131161689758,0.8147532939910889,0.7372050285339355,0.8214970827102661,0.7226008772850037,0.8470773696899414,0.7734492421150208,0.7877703905105591,0.7461950182914734,0.7997444868087769,0.8040155172348022,0.8809096217155457,0.7867964506149292,0.870038628578186,0.8075718283653259,0.9084970951080322,0.7909324169158936,0.8931323289871216,0.8358671069145203,0.8771635890007019,0.8124588131904602,0.8484453558921814,1
0.6213516592979431,0.5913697481155396,0.6180539131164551,0.585992693901062,0.6182755827903748,0.5852342247962952,0.618533194065094,0.5843921303749084,0.6172703504562378,0.5891631841659546,0.6169707775115967,0.5905027985572815,0.6165935397148132,0.5921993851661682,0.6207846403121948,0.5921862721443176,0.6182358860969543,0.6020858287811279,0.6262259483337402,0.5997112393379211,0.6251301169395447,0.604006826877594,0.6430115699768066,0.6304935216903687,0.6380363702774048,0.6627484560012817,0.6305708289146423,0.6907263994216919,0.6395661234855652,0.7115126252174377,0.5936243534088135,0.7531681060791016,0.5982106328010559,0.7623926997184753,0.595587432384491,0.761967122554779,0.6071652173995972,0.7938583493232727,0.5958300232887268,0.7645609378814697,0.6074166297912598,0.795916736125946,0.5980488061904907,0.7603982090950012,0.6110070943832397,0.7883013486862183,0.7139850854873657,0.7479214668273926,0.7075160145759583,0.7740380764007568,0.7535070180892944,0.7529097199440002,0.7434633374214172,0.7778927087783813,0.8009068965911865,0.8689452409744263,0.795796275138855,0.869555652141571,0.8045642971992493,0.8922550082206726,0.7999392151832581,0.9056922197341919,0.8242630958557129,0.8679054379463196,0.8142725229263306,0.8743165731430054,1
0.0,0.0,0.0,0.0,0.0,0.0,0.0,0.0,0.0,0.0,0.0,0.0,0.0,0.0,0.0,0.0,0.0,0.0,0.0,0.0,0.0,0.0,0.0,0.0,0.0,0.0,0.0,0.0,0.0,0.0,0.0,0.0,0.0,0.0,0.0,0.0,0.0,0.0,0.0,0.0,0.0,0.0,0.0,0.0,0.0,0.0,0.0,0.0,0.0,0.0,0.0,0.0,0.0,0.0,0.0,0.0,0.0,0.0,0.0,0.0,0.0,0.0,0.0,0.0,0.0,0.0,1
0.618259608745575,0.570237934589386,0.6138131022453308,0.565311849117279,0.6139904856681824,0.5647920370101929,0.6142001152038574,0.5641489624977112,0.6127671599388123,0.5688492655754089,0.6122310161590576,0.5707509517669678,0.6116171479225159,0.5730010867118835,0.614993155002594,0.5754911303520203,0.6117315888404846,0.5869621634483337,0.6227606534957886,0.5805538296699524,0.6213638186454773,0.5851842761039734,0.6381431221961975,0.6166743040084839,0.6307326555252075,0.6560113430023193,0.6291428208351135,0.6776794195175171,0.6299954056739807,0.7116397023200989,0.591839075088501,0.7590658068656921,0.5927552580833435,0.7727976441383362,0.5885819792747498,0.7783428430557251,0.588474452495575,0.8042894005775452,0.585625410079956,0.7906597256660461,0.5878713130950928,0.8040716648101807,0.5963646173477173,0.7775058746337891,0.589702308177948,0.792817234992981,0.71616530418396,0.7405340075492859,0.7085349559783936,0.7706759572029114,0.7587442994117737,0.7461981177330017,0.7438421845436096,0.7803090214729309,0.8034793734550476,0.8717498183250427,0.7886204719543457,0.8685407638549805,0.8057490587234497,0.9006705284118652,0.7923295497894287,0.8854773044586182,0.8291959166526794,0.8806605935096741,0.8045265674591064,0.8843031525611877,1
0.0,0.0,0.0,0.0,0.0,0.0,0.0,0.0,0.0,0.0,0.0,0.0,0.0,0.0,0.0,0.0,0.0,0.0,0.0,0.0,0.0,0.0,0.0,0.0,0.0,0.0,0.0,0.0,0.0,0.0,0.0,0.0,0.0,0.0,0.0,0.0,0.0,0.0,0.0,0.0,0.0,0.0,0.0,0.0,0.0,0.0,0.0,0.0,0.0,0.0,0.0,0.0,0.0,0.0,0.0,0.0,0.0,0.0,0.0,0.0,0.0,0.0,0.0,0.0,0.0,0.0,1
0.0,0.0,0.0,0.0,0.0,0.0,0.0,0.0,0.0,0.0,0.0,0.0,0.0,0.0,0.0,0.0,0.0,0.0,0.0,0.0,0.0,0.0,0.0,0.0,0.0,0.0,0.0,0.0,0.0,0.0,0.0,0.0,0.0,0.0,0.0,0.0,0.0,0.0,0.0,0.0,0.0,0.0,0.0,0.0,0.0,0.0,0.0,0.0,0.0,0.0,0.0,0.0,0.0,0.0,0.0,0.0,0.0,0.0,0.0,0.0,0.0,0.0,0.0,0.0,0.0,0.0,1
