kp0_x,kp0_y,kp1_x,kp1_y,kp2_x,kp2_y,kp3_x,kp3_y,kp4_x,kp4_y,kp5_x,kp5_y,kp6_x,kp6_y,kp7_x,kp7_y,kp8_x,kp8_y,kp9_x,kp9_y,kp10_x,kp10_y,kp11_x,kp11_y,kp12_x,kp12_y,kp13_x,kp13_y,kp14_x,kp14_y,kp15_x,kp15_y,kp16_x,kp16_y,kp17_x,kp17_y,kp18_x,kp18_y,kp19_x,kp19_y,kp20_x,kp20_y,kp21_x,kp21_y,kp22_x,kp22_y,kp23_x,kp23_y,kp24_x,kp24_y,kp25_x,kp25_y,kp26_x,kp26_y,kp27_x,kp27_y,kp28_x,kp28_y,kp29_x,kp29_y,kp30_x,kp30_y,kp31_x,kp31_y,kp32_x,kp32_y,label
0.8792990446090698,0.4504554271697998,0.8824838995933533,0.43377888202667236,0.8842740654945374,0.43342915177345276,0.8864094018936157,0.4327869713306427,0.8800081610679626,0.4328392446041107,0.8796296119689941,0.4323529005050659,0.8795794248580933,0.4315895736217499,0.893958330154419,0.43486669659614563,0.885750412940979,0.4327933192253113,0.8856358528137207,0.466193825006485,0.8822136521339417,0.4626702070236206,0.9098361730575562,0.509531557559967,0.8965442776679993,0.48871511220932007,0.9109330773353577,0.6475515961647034,0.9039660692214966,0.5638371706008911,0.8688879609107971,0.7049551606178284,0.8779213428497314,0.5866811275482178,0.8622110486030579,0.7248738408088684,0.8709539771080017,0.5875709056854248,0.8626797795295715,0.7133046984672546,0.8674595355987549,0.5845530033111572,0.8597512245178223,0.7110303640365601,0.871162474155426,0.5875743627548218,0.9311280250549316,0.7116822004318237,0.9240450859069824,0.7080733180046082,0.84418785572052,0.7368611693382263,0.8487727046012878,0.7312144637107849,0.8477452397346497,0.9206680059432983,0.8508711457252502,0.9067171812057495,0.8558589220046997,0.9507133364677429,0.8634714484214783,0.9338358640670776,0.8190564513206482,0.9701971411705017,0.8297093510627747,0.9542438983917236,1
0.8787485957145691,0.4523582458496094,0.8822053074836731,0.4353131353855133,0.8841360211372375,0.43452274799346924,0.8863897323608398,0.4336697459220886,0.8790111541748047,0.4350692331790924,0.8787302374839783,0.4342615008354187,0.8785060048103333,0.433551549911499,0.8936453461647034,0.43638935685157776,0.8841792345046997,0.43556860089302063,0.8850237727165222,0.46884772181510925,0.8811887502670288,0.466272234916687,0.909721851348877,0.5095295906066895,0.8954399228096008,0.4958062469959259,0.9106916785240173,0.6465936899185181,0.9068188667297363,0.6193175315856934,0.867613673210144,0.7033479809761047,0.8850424885749817,0.6329770088195801,0.8566368222236633,0.7234604954719543,0.8779237866401672,0.6454483270645142,0.8538675904273987,0.7142603993415833,0.8756968379020691,0.6409675478935242,0.8582387566566467,0.7087381482124329,0.8801016211509705,0.639924943447113,0.9315866827964783,0.707893431186676,0.9217792749404907,0.7058324217796326,0.8424344062805176,0.7367794513702393,0.8459994196891785,0.7318505644798279,0.849146842956543,0.9206196665763855,0.8497540354728699,0.916049063205719,0.8549442887306213,0.9563733339309692,0.8575363159179688,0.9499115347862244,0.8166313767433167,0.9787596464157104,0.8241923451423645,0.967559814453125,1
0.8755446076393127,0.4553737938404083,0.8784240484237671,0.4386613368988037,0.8801097273826599,0.4382035732269287,0.8819852471351624,0.43759045004844666,0.8762611746788025,0.43787938356399536,0.8763445615768433,0.43695276975631714,0.876496434211731,0.4360007643699646,0.8903298377990723,0.43798908591270447,0.8831315040588379,0.43640705943107605,0.881482720375061,0.4695785343647003,0.8785830736160278,0.4675861895084381,0.9071221947669983,0.5113558769226074,0.8948783278465271,0.5018922686576843,0.9091398119926453,0.6462648510932922,0.9042264819145203,0.6409133076667786,0.8676820397377014,0.7049882411956787,0.8838137984275818,0.7284297347068787,0.8570008873939514,0.7225663065910339,0.8768693804740906,0.7487910985946655,0.8542855381965637,0.7147830128669739,0.8744407892227173,0.7478646039962769,0.8582648038864136,0.709301233291626,0.8788800835609436,0.7430476546287537,0.9274608492851257,0.7133191823959351,0.9193099737167358,0.7080814838409424,0.842510461807251,0.742563784122467,0.8469201922416687,0.7378247976303101,0.8490889668464661,0.9294999241828918,0.8494971990585327,0.920869767665863,0.8545249104499817,0.9579072594642639,0.8562556505203247,0.9466191530227661,0.8179110884666443,0.9756710529327393,0.823963463306427,0.958791971206665,1
0.87432861328125,0.45296624302864075,0.8776885867118835,0.43670934438705444,0.8795543313026428,0.4362744092941284,0.8815443515777588,0.43581950664520264,0.8750225305557251,0.43589848279953003,0.8749345541000366,0.43505021929740906,0.8748978972434998,0.43427202105522156,0.8890998363494873,0.43725037574768066,0.8808837532997131,0.4352087378501892,0.8801701068878174,0.469365656375885,0.876815140247345,0.4662044048309326,0.906488299369812,0.514339804649353,0.8914116024971008,0.4963906705379486,0.9078958630561829,0.6476506590843201,0.9001932740211487,0.6246525645256042,0.8629764318466187,0.7103338241577148,0.8695229887962341,0.702196478843689,0.851010799407959,0.7272498607635498,0.8673710823059082,0.734362006187439,0.8475609421730042,0.7181311845779419,0.8658558130264282,0.7343447208404541,0.851518988609314,0.7132538557052612,0.8711150884628296,0.7293225526809692,0.926872968673706,0.7121292948722839,0.9156078696250916,0.7013921737670898,0.8442791104316711,0.742287278175354,0.8470147252082825,0.7343413829803467,0.8490561842918396,0.9305482506752014,0.8492639660835266,0.9231882691383362,0.8556995391845703,0.9578688144683838,0.8581460118293762,0.9498661160469055,0.8189355731010437,0.9790202975273132,0.8297568559646606,0.9580339193344116,1
0.8718651533126831,0.45684656500816345,0.8746870756149292,0.4394358992576599,0.876248300075531,0.4389127790927887,0.8781905770301819,0.43831008672714233,0.8723761439323425,0.4391072988510132,0.872359037399292,0.4382779896259308,0.8723905086517334,0.437565416097641,0.8857998251914978,0.4404962658882141,0.8783767819404602,0.4372653067111969,0.8776952028274536,0.4720095098018646,0.8746210932731628,0.4695367217063904,0.9046260714530945,0.5152512788772583,0.8922291994094849,0.4991803765296936,0.9034672975540161,0.6544045805931091,0.9035550355911255,0.6326941251754761,0.8626439571380615,0.7094152569770813,0.8742218017578125,0.7218255400657654,0.8512337803840637,0.724349856376648,0.866310715675354,0.7386947870254517,0.8479171395301819,0.7155402898788452,0.8638821840286255,0.7397433519363403,0.8517719507217407,0.7110795378684998,0.8687923550605774,0.736595094203949,0.9320054650306702,0.7101414799690247,0.9219868779182434,0.7003621459007263,0.8440258502960205,0.737348735332489,0.8498426079750061,0.7359228134155273,0.8468356132507324,0.9247980117797852,0.8493562936782837,0.9171619415283203,0.8551157116889954,0.9534150958061218,0.856896162033081,0.9448009729385376,0.8164782524108887,0.9738706946372986,0.8212421536445618,0.9642780423164368,1
0.8684729337692261,0.4552192986011505,0.8714532852172852,0.4393656849861145,0.8733037710189819,0.4390944242477417,0.8754247426986694,0.4386616051197052,0.8685212731361389,0.4384665787220001,0.868254542350769,0.43763989210128784,0.868054986000061,0.43689095973968506,0.8829216957092285,0.44118592143058777,0.8743916153907776,0.43879643082618713,0.8742462396621704,0.4711919128894806,0.8705973029136658,0.46840959787368774,0.9002224802970886,0.5141454935073853,0.8858765363693237,0.5015163421630859,0.9061017036437988,0.6471143364906311,0.9018447995185852,0.6360264420509338,0.861728847026825,0.7032150626182556,0.8736476302146912,0.7021045088768005,0.8508339524269104,0.7215573191642761,0.8737848401069641,0.7434517741203308,0.8475249409675598,0.7091114521026611,0.8718329668045044,0.7418986558914185,0.8521186709403992,0.7077456116676331,0.8767567873001099,0.73658686876297,0.925303041934967,0.7106394171714783,0.9150121212005615,0.7011795043945312,0.8417258262634277,0.7405088543891907,0.8561387062072754,0.7291894555091858,0.8484166860580444,0.9241194725036621,0.8771948218345642,0.884853184223175,0.8537493348121643,0.9511339664459229,0.867546558380127,0.9295659065246582,0.8197289705276489,0.9767929315567017,0.8626744151115417,0.9312766790390015,1
0.8648871183395386,0.4641719162464142,0.8665581941604614,0.447888046503067,0.8679823279380798,0.4474583566188812,0.8697863817214966,0.4468429386615753,0.8647891283035278,0.4471935033798218,0.8648562431335449,0.4463222026824951,0.8650152087211609,0.44548964500427246,0.8791014552116394,0.44636815786361694,0.8720338344573975,0.4450848698616028,0.8709524869918823,0.47937914729118347,0.8682339787483215,0.477405309677124,0.899293065071106,0.5155901908874512,0.885427713394165,0.509541392326355,0.9065912365913391,0.643397331237793,0.8959513306617737,0.6402530670166016,0.8634399175643921,0.7068674564361572,0.8756285309791565,0.7260432243347168,0.8551101684570312,0.7219811677932739,0.8683933019638062,0.7477184534072876,0.851770281791687,0.7125827670097351,0.8658536672592163,0.7485806345939636,0.8535109162330627,0.7094001173973083,0.8705301284790039,0.7423049211502075,0.925683856010437,0.7062591910362244,0.9154549837112427,0.702861487865448,0.841585636138916,0.7415326237678528,0.8472601771354675,0.7366983294487,0.8514419794082642,0.9188920259475708,0.8500306010246277,0.917570173740387,0.8583589792251587,0.9451303482055664,0.8570844531059265,0.9431049823760986,0.8229256868362427,0.9736541509628296,0.8249413967132568,0.9670767784118652,1
0.862483024597168,0.4669649600982666,0.8639066219329834,0.45002517104148865,0.8654088973999023,0.44915270805358887,0.8669906854629517,0.44830191135406494,0.8627260327339172,0.44884568452835083,0.8629812002182007,0.44759225845336914,0.8633019924163818,0.44635334610939026,0.875927746295929,0.44699791073799133,0.8705982565879822,0.44540584087371826,0.867946445941925,0.48062482476234436,0.8660576939582825,0.47837185859680176,0.8961300253868103,0.5164159536361694,0.8866870403289795,0.5137836337089539,0.9012383222579956,0.6494321823120117,0.8963274359703064,0.638762354850769,0.863623857498169,0.7085318565368652,0.8777555227279663,0.7499872446060181,0.8569747805595398,0.732401967048645,0.8716334104537964,0.7706398367881775,0.8545589447021484,0.7195804119110107,0.8697747588157654,0.7723119258880615,0.8531671166419983,0.71233731508255,0.8737278580665588,0.765658974647522,0.9291621446609497,0.7078800201416016,0.9203160405158997,0.7040024399757385,0.8443952202796936,0.7364236116409302,0.8485699892044067,0.7352174520492554,0.84998619556427,0.9267231225967407,0.8503681421279907,0.9178661108016968,0.8578873872756958,0.946640133857727,0.8570637106895447,0.9424843788146973,0.8232488632202148,0.9823557138442993,0.8233998417854309,0.9683083295822144,1
0.8588395714759827,0.4687049090862274,0.8602774739265442,0.45171111822128296,0.8618096113204956,0.45055878162384033,0.8635828495025635,0.4491863548755646,0.8588122129440308,0.4515308737754822,0.859026312828064,0.45057588815689087,0.8593306541442871,0.44959238171577454,0.8734951019287109,0.44638898968696594,0.8667818307876587,0.4481661021709442,0.8649677634239197,0.48156988620758057,0.862634539604187,0.48034363985061646,0.8948736190795898,0.5135563611984253,0.8802273869514465,0.5198866128921509,0.9018837213516235,0.6394000053405762,0.8819617033004761,0.635254442691803,0.8606706261634827,0.7088326811790466,0.8496033549308777,0.7179695963859558,0.8521955013275146,0.7303489446640015,0.8499349355697632,0.7481586933135986,0.8490724563598633,0.7203916907310486,0.8438500165939331,0.736030101776123,0.8516399264335632,0.7152356505393982,0.8470417261123657,0.7288463115692139,0.9298951625823975,0.7018059492111206,0.9177706241607666,0.7030268311500549,0.8455361127853394,0.7382628321647644,0.843908429145813,0.7377094626426697,0.8521308898925781,0.9243594408035278,0.8509822487831116,0.9240379333496094,0.8601342439651489,0.9447171092033386,0.857516348361969,0.947601854801178,0.8248960971832275,0.9782217741012573,0.8258374333381653,0.976764440536499,1
0.8552606701850891,0.4726904034614563,0.8559973239898682,0.45466241240501404,0.8571789264678955,0.4537341296672821,0.8584722876548767,0.45277050137519836,0.8548590540885925,0.4546589255332947,0.8551235198974609,0.4538225531578064,0.855475127696991,0.45293986797332764,0.8684579730033875,0.44955766201019287,0.8625866770744324,0.4512057900428772,0.8610600829124451,0.4839003086090088,0.8588881492614746,0.4832119345664978,0.8917192220687866,0.5161129236221313,0.8771235942840576,0.5228291749954224,0.8894634246826172,0.6542210578918457,0.8750472068786621,0.6429617404937744,0.8537834882736206,0.7216871380805969,0.8438014388084412,0.7230917811393738,0.844796895980835,0.7485480308532715,0.837764322757721,0.7388982176780701,0.8417299389839172,0.7358075976371765,0.8361263871192932,0.7335320711135864,0.847091019153595,0.7244472503662109,0.8398655652999878,0.7272002100944519,0.9314268231391907,0.7031404376029968,0.9186514019966125,0.7045697569847107,0.8456089496612549,0.7380123734474182,0.8454152941703796,0.7422775030136108,0.8550043106079102,0.9211646318435669,0.8536837100982666,0.9207181334495544,0.8620165586471558,0.9433419704437256,0.8608898520469666,0.9441157579421997,0.829729437828064,0.9781919121742249,0.830053985118866,0.975023090839386,1
0.8513198494911194,0.4766564667224884,0.8514674305915833,0.4575938880443573,0.8526471853256226,0.45600393414497375,0.8540188074111938,0.45443013310432434,0.8504519462585449,0.4587997794151306,0.8507609367370605,0.458175390958786,0.8508670926094055,0.45813336968421936,0.8649861216545105,0.45011699199676514,0.8586198687553406,0.45478111505508423,0.8574081659317017,0.48762136697769165,0.8554527163505554,0.4881546199321747,0.8900108933448792,0.5136743187904358,0.8739216327667236,0.5299314856529236,0.8953818678855896,0.6421543955802917,0.8738541603088379,0.6452231407165527,0.8549662828445435,0.7192222476005554,0.8429534435272217,0.7226917147636414,0.8463572263717651,0.7514036893844604,0.8351200222969055,0.7413511276245117,0.842404842376709,0.7396264672279358,0.8339700698852539,0.7285959124565125,0.8478784561157227,0.7226173281669617,0.8390701413154602,0.7260088920593262,0.9294157028198242,0.7026358842849731,0.9153397083282471,0.7105849981307983,0.8442179560661316,0.7362785339355469,0.8413458466529846,0.7444524168968201,0.8543496131896973,0.9109485149383545,0.8543192148208618,0.9252367615699768,0.8621215224266052,0.9387750625610352,0.8594643473625183,0.943518877029419,0.8355080485343933,0.9724838733673096,0.8321499824523926,0.9821383953094482,1
0.8469832539558411,0.4767693877220154,0.847137451171875,0.4589170217514038,0.848351001739502,0.45711207389831543,0.8497424721717834,0.4552677869796753,0.8458507657051086,0.46104344725608826,0.8460626602172852,0.46074801683425903,0.8463426828384399,0.46034640073776245,0.8604049682617188,0.44986698031425476,0.8529626131057739,0.4579404890537262,0.853475034236908,0.48661065101623535,0.8512898683547974,0.48812735080718994,0.887986421585083,0.5094679594039917,0.8689505457878113,0.5331289172172546,0.898276150226593,0.6361550092697144,0.8675124049186707,0.6473363637924194,0.8594809770584106,0.7102687358856201,0.8432692885398865,0.7206122875213623,0.8516017198562622,0.732434093952179,0.8376902341842651,0.7426897287368774,0.848353922367096,0.7227960824966431,0.8375595808029175,0.7346651554107666,0.8493794202804565,0.7193016409873962,0.8405202627182007,0.7273244857788086,0.9260953664779663,0.6975931525230408,0.91042560338974,0.7086215019226074,0.8447726368904114,0.7455021142959595,0.8402514457702637,0.7497663497924805,0.8564319610595703,0.9270293116569519,0.853754460811615,0.9303836226463318,0.8648888468742371,0.943394124507904,0.8608718514442444,0.9489375352859497,0.8363929390907288,0.9988102912902832,0.8351842761039734,0.9987042546272278,1
0.844594419002533,0.4835786819458008,0.8442571759223938,0.46534422039985657,0.8454354405403137,0.4634741246700287,0.8467153310775757,0.4615791440010071,0.8428348302841187,0.4673555791378021,0.8429600596427917,0.46693697571754456,0.8431351184844971,0.4664020538330078,0.8575389385223389,0.4543062150478363,0.8494506478309631,0.4629657566547394,0.8512223362922668,0.49352461099624634,0.8489538431167603,0.49481064081192017,0.8866168260574341,0.5132156014442444,0.863723635673523,0.5336186289787292,0.8952792882919312,0.6396779417991638,0.8629517555236816,0.6450209021568298,0.8584606647491455,0.7099170684814453,0.8403398990631104,0.7218437194824219,0.8496807217597961,0.7329609990119934,0.834021270275116,0.7393615245819092,0.8467512130737305,0.7238879799842834,0.8345656991004944,0.7322490811347961,0.8495607376098633,0.7173388004302979,0.8373812437057495,0.7257178425788879,0.9223167300224304,0.6998896598815918,0.9052788615226746,0.7054433822631836,0.8431559801101685,0.7462537884712219,0.8390411138534546,0.7508213520050049,0.8569647669792175,0.9301856160163879,0.8541201949119568,0.9346492290496826,0.8657917380332947,0.9446908831596375,0.8610212802886963,0.9597338438034058,0.833281397819519,1.0060466527938843,0.8324704766273499,1.0035011768341064,1
0.8424254655838013,0.4866069555282593,0.8421096801757812,0.4677521884441376,0.8433948755264282,0.46581971645355225,0.8452361226081848,0.4630977511405945,0.8403627872467041,0.4699627757072449,0.840428352355957,0.4695046544075012,0.8405583500862122,0.4689587950706482,0.855350911617279,0.45666614174842834,0.8470374345779419,0.4661240577697754,0.8494569063186646,0.49624931812286377,0.8470219969749451,0.49800628423690796,0.8851816654205322,0.5130761861801147,0.8615317940711975,0.5359158515930176,0.8926023244857788,0.6424505114555359,0.8614323139190674,0.6456044912338257,0.8570860028266907,0.7098782062530518,0.8388628363609314,0.7194459438323975,0.8487705588340759,0.7334000468254089,0.8334805965423584,0.740047037601471,0.8454459309577942,0.7209492921829224,0.8339282870292664,0.7330513000488281,0.847980260848999,0.7151401042938232,0.8367964029312134,0.7260685563087463,0.9220160841941833,0.6952624917030334,0.9024025797843933,0.7047655582427979,0.8450952768325806,0.7444225549697876,0.8370410203933716,0.7505301833152771,0.8560675978660583,0.9266543388366699,0.8533666729927063,0.9316696524620056,0.8653592467308044,0.9423060417175293,0.8605079650878906,0.957708477973938,0.8332153558731079,1.002057433128357,0.8324665427207947,0.9996120929718018,1
0.8387171030044556,0.48967328667640686,0.8376716375350952,0.4732203185558319,0.8389649391174316,0.47099339962005615,0.8403002023696899,0.4688074588775635,0.8365895748138428,0.4746711552143097,0.836745023727417,0.4741226136684418,0.8369835615158081,0.4734252989292145,0.8506100177764893,0.459878534078598,0.8437149524688721,0.4691772758960724,0.8454537391662598,0.49862536787986755,0.8436110615730286,0.4999977946281433,0.881284236907959,0.5092356204986572,0.8596057891845703,0.5376420021057129,0.891505777835846,0.629881739616394,0.8620548248291016,0.6448108553886414,0.855383574962616,0.7090603113174438,0.8419992923736572,0.7160977125167847,0.8485900163650513,0.7248564958572388,0.8348463773727417,0.7377190589904785,0.8435583710670471,0.7204906940460205,0.8345019221305847,0.7315593957901001,0.8462260365486145,0.7148318290710449,0.8378238677978516,0.7246910333633423,0.9166544675827026,0.6938894987106323,0.8991386890411377,0.7081776261329651,0.8385894298553467,0.7453052401542664,0.8353004455566406,0.7510042190551758,0.8559281826019287,0.9352896213531494,0.8540880680084229,0.9285780787467957,0.8651407957077026,0.9516081809997559,0.8630664348602295,0.9555764198303223,0.836400032043457,1.0083026885986328,0.8337988257408142,0.9965494871139526,1
0.8358947038650513,0.48913493752479553,0.8347325921058655,0.4729071259498596,0.8358418941497803,0.47054383158683777,0.8370988368988037,0.4680987000465393,0.8337906002998352,0.47514382004737854,0.8339475989341736,0.4748683571815491,0.8341941237449646,0.4744192361831665,0.8465281128883362,0.4588412940502167,0.8407496809959412,0.4686056077480316,0.8427024483680725,0.49866509437561035,0.8412625789642334,0.5004286170005798,0.8767054080963135,0.5080609321594238,0.8587521910667419,0.5333278775215149,0.8894022703170776,0.6240051984786987,0.8665887117385864,0.6431533098220825,0.8542275428771973,0.7103316187858582,0.8444995284080505,0.7193321585655212,0.8458839654922485,0.7291632890701294,0.8360500931739807,0.7370924353599548,0.84273362159729,0.7212620973587036,0.8354796171188354,0.7303387522697449,0.8449860215187073,0.7164445519447327,0.838429868221283,0.7242148518562317,0.9140124917030334,0.692141056060791,0.8973140716552734,0.700250506401062,0.8389835953712463,0.7513585090637207,0.8367802500724792,0.7579630613327026,0.8549491763114929,0.9302675724029541,0.8543579578399658,0.9303174018859863,0.8640633225440979,0.9449769258499146,0.8637248277664185,0.9589015245437622,0.835343062877655,0.9990366697311401,0.8347136974334717,0.9973195791244507,1
0.8328443169593811,0.4904930591583252,0.8318948149681091,0.4739778935909271,0.8330684900283813,0.4714309573173523,0.8343857526779175,0.46880006790161133,0.8309053778648376,0.47644734382629395,0.831089437007904,0.4761592745780945,0.8313756585121155,0.47566521167755127,0.8442139029502869,0.45853278040885925,0.8381301164627075,0.46947431564331055,0.8396398425102234,0.4996466636657715,0.8382291793823242,0.5017801523208618,0.8742362260818481,0.5053470730781555,0.8558929562568665,0.5378745794296265,0.8874905705451965,0.6209902763366699,0.8642075061798096,0.6439798474311829,0.8535301089286804,0.7071715593338013,0.8410500288009644,0.7198291420936584,0.8459270000457764,0.7216923832893372,0.8339883089065552,0.7403509616851807,0.8413448929786682,0.7179920673370361,0.832631528377533,0.7297418117523193,0.8436520099639893,0.71317458152771,0.8353796005249023,0.7239766120910645,0.9137734174728394,0.6889088153839111,0.8973315358161926,0.6984501481056213,0.8397956490516663,0.744351327419281,0.8358287811279297,0.7586037516593933,0.8548195958137512,0.9314884543418884,0.8529592156410217,0.9383382797241211,0.8637459874153137,0.9451006650924683,0.8639753460884094,0.9611905813217163,0.8360256552696228,1.000616431236267,0.8356153964996338,1.0008964538574219,1
0.8313124179840088,0.489376962184906,0.8305381536483765,0.4720328450202942,0.8316507339477539,0.4695360064506531,0.8329272866249084,0.466973215341568,0.8292555809020996,0.47525131702423096,0.8293918371200562,0.47513705492019653,0.8296226859092712,0.4749217629432678,0.8424228429794312,0.45673978328704834,0.8361238241195679,0.47014668583869934,0.8382982611656189,0.4978635013103485,0.8367564678192139,0.5011642575263977,0.8725622892379761,0.5023529529571533,0.8543357253074646,0.5397592782974243,0.886687695980072,0.6169551610946655,0.8633713722229004,0.6513708829879761,0.8517956137657166,0.7003766894340515,0.8403538465499878,0.7281733155250549,0.8433375954627991,0.7208238244056702,0.8357298374176025,0.744644045829773,0.8395256996154785,0.7138680219650269,0.8320353627204895,0.7363913059234619,0.8416146039962769,0.7102150321006775,0.8349601030349731,0.7300471067428589,0.9120844602584839,0.682208240032196,0.8963978886604309,0.7001145482063293,0.8395736217498779,0.7438318729400635,0.8341419100761414,0.7593973875045776,0.8547971248626709,0.9261419177055359,0.853516161441803,0.9448211193084717,0.8606290817260742,0.9488726258277893,0.8625938296318054,0.968914806842804,0.8370707035064697,1.0057365894317627,0.838357150554657,1.01655113697052,1
0.8292115926742554,0.48958873748779297,0.8287733793258667,0.4729958474636078,0.8298629522323608,0.47050952911376953,0.8310059905052185,0.46772632002830505,0.8274736404418945,0.47610002756118774,0.8276156187057495,0.4758685231208801,0.8278480768203735,0.47554221749305725,0.8406955003738403,0.4572840929031372,0.8342281579971313,0.4709480404853821,0.836269736289978,0.4974400997161865,0.8350479602813721,0.5021986365318298,0.8704449534416199,0.5009272694587708,0.8523377180099487,0.5447227358818054,0.8827455043792725,0.6147433519363403,0.8632125854492188,0.6524758338928223,0.8494884967803955,0.7009826898574829,0.8406119346618652,0.7288196682929993,0.8416964411735535,0.7141351699829102,0.8343201279640198,0.7486848831176758,0.8362979888916016,0.7115397453308105,0.8330225944519043,0.7417976260185242,0.8395071029663086,0.7108781933784485,0.8357909917831421,0.7360456585884094,0.9119769930839539,0.683193564414978,0.8953960537910461,0.7038236856460571,0.8401840329170227,0.7363108992576599,0.8345262408256531,0.7600209712982178,0.8551380038261414,0.9276344180107117,0.854133665561676,0.9421228170394897,0.8654419183731079,0.9402390718460083,0.8656529188156128,0.9678252935409546,0.8396401405334473,1.0058469772338867,0.8399072885513306,1.019180178642273,1
0.828731894493103,0.49005502462387085,0.8277469277381897,0.4723241627216339,0.8288542032241821,0.4697813093662262,0.8300786018371582,0.46719691157341003,0.8264243602752686,0.47579821944236755,0.826553225517273,0.475728303194046,0.8267592191696167,0.4755436182022095,0.8395352363586426,0.4567286968231201,0.8330556154251099,0.47080937027931213,0.8357684016227722,0.49843597412109375,0.8341044187545776,0.502288818359375,0.8677147030830383,0.49989837408065796,0.850467324256897,0.5430046319961548,0.8801999092102051,0.6143421530723572,0.8609165549278259,0.6506917476654053,0.8452467918395996,0.7052104473114014,0.8396825790405273,0.7296635508537292,0.837308406829834,0.723663330078125,0.8320454359054565,0.7468405365943909,0.8331804871559143,0.7177366018295288,0.830796480178833,0.7409758567810059,0.8354969620704651,0.7142817378044128,0.8337396383285522,0.7347133159637451,0.9054573178291321,0.6870410442352295,0.8905962109565735,0.7001281380653381,0.8328832983970642,0.7448803186416626,0.8295670747756958,0.7668250799179077,0.8555237650871277,0.9333149790763855,0.8531203269958496,0.9440380930900574,0.8653965592384338,0.9454642534255981,0.8649404048919678,0.9674712419509888,0.8397908210754395,1.0128285884857178,0.8402909636497498,1.0204675197601318,1
0.827086865901947,0.4871341288089752,0.8262974619865417,0.47169870138168335,0.8272311091423035,0.46917635202407837,0.8283621072769165,0.4666846692562103,0.8251949548721313,0.4746597409248352,0.8253511190414429,0.47449353337287903,0.8255752921104431,0.4741847813129425,0.8378835916519165,0.4564952254295349,0.831505537033081,0.46945369243621826,0.8338867425918579,0.4953914284706116,0.8326361775398254,0.49970394372940063,0.8657514452934265,0.4988786280155182,0.8488213419914246,0.5427166223526001,0.8769742846488953,0.6156923770904541,0.8570780158042908,0.6501811742782593,0.8463602066040039,0.6968053579330444,0.8356518745422363,0.7234736084938049,0.8379448652267456,0.7166200280189514,0.8291724920272827,0.7450236082077026,0.8344084620475769,0.7133737206459045,0.8272784948348999,0.7350111603736877,0.837209939956665,0.7082989811897278,0.8304140567779541,0.7286000847816467,0.9014329314231873,0.684097409248352,0.8883050084114075,0.6964384913444519,0.8329273462295532,0.7507776021957397,0.830521285533905,0.7713630795478821,0.854494571685791,0.937319278717041,0.8551392555236816,0.9433124661445618,0.8732180595397949,0.9537569880485535,0.8656055927276611,0.9623346328735352,0.8436651229858398,1.021702527999878,0.8428511023521423,1.0173214673995972,1
0.8266807198524475,0.48645538091659546,0.825676679611206,0.46880975365638733,0.8266626000404358,0.466369092464447,0.828253448009491,0.46316224336624146,0.8243260383605957,0.471784770488739,0.8245238661766052,0.47148260474205017,0.8247539401054382,0.47106409072875977,0.8373985886573792,0.45470666885375977,0.8316165804862976,0.46471211314201355,0.8335323333740234,0.4942505359649658,0.8319176435470581,0.49758052825927734,0.8668181300163269,0.4984443783760071,0.8467091917991638,0.5376551747322083,0.8708204030990601,0.6216475367546082,0.8519722819328308,0.641987681388855,0.8417335748672485,0.713860809803009,0.828477144241333,0.7139158844947815,0.8359200358390808,0.7426440119743347,0.822357177734375,0.7347385883331299,0.8309834599494934,0.7350269556045532,0.8220251798629761,0.7286770343780518,0.8341566920280457,0.7258122563362122,0.8249863982200623,0.7222012281417847,0.8989818096160889,0.6825365424156189,0.8837824463844299,0.7001557350158691,0.8323050737380981,0.7546170949935913,0.8306254148483276,0.7713764905929565,0.8635437488555908,0.928557276725769,0.8576138615608215,0.9286404252052307,0.8750422596931458,0.9410768747329712,0.8686884045600891,0.9436125159263611,0.8422398567199707,1.0017374753952026,0.8394861817359924,0.9946885108947754,1
0.8262367248535156,0.48216712474823,0.8252158761024475,0.46447744965553284,0.8263207077980042,0.46208876371383667,0.8277572393417358,0.4591454267501831,0.8240041732788086,0.46783798933029175,0.8239989280700684,0.4680674374103546,0.8241615295410156,0.4679836630821228,0.8363857865333557,0.45119839906692505,0.8303252458572388,0.4634281396865845,0.832832396030426,0.48968741297721863,0.8312315344810486,0.4935941994190216,0.8648589849472046,0.4923231303691864,0.8446301221847534,0.5333106517791748,0.8803080320358276,0.5912324786186218,0.8467291593551636,0.6325063705444336,0.8504803776741028,0.6872193217277527,0.8232572078704834,0.7089143991470337,0.8473654389381409,0.7187036871910095,0.8168589472770691,0.7303189039230347,0.8415393829345703,0.7110500931739807,0.8168229460716248,0.7232841849327087,0.8406921029090881,0.7015323042869568,0.8194919228553772,0.714766263961792,0.8938083052635193,0.6726531982421875,0.8773418068885803,0.6863664388656616,0.8330963850021362,0.7703120708465576,0.8337259888648987,0.7785676717758179,0.8530376553535461,0.9404887557029724,0.8634302020072937,0.9175055027008057,0.8597703576087952,0.9491883516311646,0.8718196153640747,0.9259892106056213,0.8338682055473328,1.001322627067566,0.8548186421394348,0.9829611778259277,1
0.825687050819397,0.4796946048736572,0.8248003125190735,0.46242281794548035,0.8259093761444092,0.45969706773757935,0.8274528980255127,0.4561062157154083,0.8232944011688232,0.46660998463630676,0.8231316804885864,0.46742430329322815,0.8231583833694458,0.4676542580127716,0.8354784250259399,0.4473598301410675,0.8282254338264465,0.46414026618003845,0.8330773115158081,0.486234188079834,0.8308494091033936,0.4911424517631531,0.8644593954086304,0.489509642124176,0.8423846364021301,0.5355005264282227,0.8835039734840393,0.579811692237854,0.8405184149742126,0.6348744630813599,0.8547171354293823,0.675620436668396,0.8181846737861633,0.7023478150367737,0.8517577648162842,0.7074893712997437,0.8127822875976562,0.7191765904426575,0.8456355929374695,0.7004027962684631,0.812585175037384,0.7143226265907288,0.8453706502914429,0.6872013211250305,0.8156705498695374,0.7106400728225708,0.8912685513496399,0.6738043427467346,0.87582927942276,0.6849042773246765,0.8326098918914795,0.7656461000442505,0.8341897130012512,0.7845321297645569,0.85220867395401,0.9314504265785217,0.8664785623550415,0.9263560771942139,0.8599516749382019,0.944151759147644,0.8752288818359375,0.9344382286071777,0.8338002562522888,0.9958833456039429,0.8586491942405701,0.9964293241500854,1
0.8250626921653748,0.4781191349029541,0.8243350386619568,0.46073687076568604,0.8258416652679443,0.4574664235115051,0.8274619579315186,0.45396432280540466,0.8225373029708862,0.46500808000564575,0.8224592804908752,0.4654034972190857,0.8221980333328247,0.4662102460861206,0.8354790806770325,0.4458199441432953,0.8274128437042236,0.46238985657691956,0.8322887420654297,0.48570430278778076,0.8297502398490906,0.49081528186798096,0.8639130592346191,0.4874594807624817,0.8411394357681274,0.5354181528091431,0.8809391856193542,0.5807260870933533,0.8379005789756775,0.6372436285018921,0.8537786602973938,0.6772587895393372,0.8140570521354675,0.7044035196304321,0.850238025188446,0.6987836360931396,0.8074735999107361,0.7218862771987915,0.8442292213439941,0.6905462145805359,0.8072122931480408,0.7172014117240906,0.84664386510849,0.6822741031646729,0.8103694319725037,0.711368203163147,0.8913756012916565,0.670570433139801,0.8754796981811523,0.6864349842071533,0.8352068066596985,0.7625660300254822,0.8372361063957214,0.7939122915267944,0.8530036211013794,0.9176223278045654,0.8655007481575012,0.9262949824333191,0.8615599870681763,0.9303056001663208,0.8745507001876831,0.935563862323761,0.8363425731658936,0.9909701347351074,0.8543316125869751,0.9973093271255493,1
0.8237427473068237,0.47653263807296753,0.8229349851608276,0.4602600336074829,0.8242429494857788,0.45722252130508423,0.8256665468215942,0.45388129353523254,0.8217063546180725,0.46441182494163513,0.8215269446372986,0.46509894728660583,0.821665346622467,0.46526727080345154,0.833602249622345,0.44526776671409607,0.8267443180084229,0.46189337968826294,0.8303999900817871,0.4827064871788025,0.828334629535675,0.48777562379837036,0.8627922534942627,0.47988036274909973,0.8379191160202026,0.5427961349487305,0.8855986595153809,0.557930052280426,0.8346380591392517,0.6276540756225586,0.8591437935829163,0.6421809196472168,0.808323085308075,0.6901130080223083,0.8539549112319946,0.6648732423782349,0.8020381927490234,0.7088238000869751,0.8490591049194336,0.6628053784370422,0.8019363284111023,0.7035079598426819,0.8502575755119324,0.6585666537284851,0.8039983510971069,0.6990241408348083,0.8870187401771545,0.6681514382362366,0.8687683939933777,0.6877986788749695,0.8321903347969055,0.7674697041511536,0.835801362991333,0.7993231415748596,0.8506245017051697,0.9109762907028198,0.8615635633468628,0.9288053512573242,0.8600539565086365,0.9203526973724365,0.8708444833755493,0.9369701147079468,0.8354509472846985,0.9843597412109375,0.8454240560531616,0.9907565116882324,1
0.8245943784713745,0.4768844246864319,0.8238848447799683,0.46239134669303894,0.8251518607139587,0.4590969979763031,0.8262989521026611,0.4561450481414795,0.8229398727416992,0.4656602740287781,0.8226028084754944,0.46645355224609375,0.8227881789207458,0.4663817882537842,0.8331676125526428,0.44917750358581543,0.827591598033905,0.4631946384906769,0.8308240175247192,0.4812009632587433,0.8287801742553711,0.4873027503490448,0.8629628419876099,0.48138150572776794,0.8364104628562927,0.5432853102684021,0.8842232823371887,0.5533786416053772,0.8278071880340576,0.6192837357521057,0.8577876091003418,0.6220667362213135,0.7988671064376831,0.6735034584999084,0.8545912504196167,0.6433431506156921,0.7931048274040222,0.6937922835350037,0.8497087955474854,0.6405512094497681,0.7934095859527588,0.6901596188545227,0.8498049974441528,0.6358563899993896,0.7956395745277405,0.6840721368789673,0.8870129585266113,0.6624442338943481,0.8694052696228027,0.6856305003166199,0.8357405662536621,0.7544430494308472,0.8328399062156677,0.7924414873123169,0.8512963652610779,0.9067801237106323,0.8505886197090149,0.934010922908783,0.8590056300163269,0.9112039804458618,0.8596389889717102,0.9449041485786438,0.8351874947547913,0.9783050417900085,0.8344370126724243,1.0012141466140747,1
0.8253645300865173,0.4756081700325012,0.8247862458229065,0.46029341220855713,0.8262947797775269,0.45713651180267334,0.8274593949317932,0.45360320806503296,0.8229662775993347,0.4643200635910034,0.8229802250862122,0.46455448865890503,0.8230389952659607,0.4646725654602051,0.8337500095367432,0.4467901885509491,0.8273102045059204,0.46351099014282227,0.8318626284599304,0.4800398647785187,0.8292496204376221,0.48442623019218445,0.8617276549339294,0.47860872745513916,0.8345964550971985,0.5297747254371643,0.8839299082756042,0.5472283363342285,0.8191260099411011,0.6044455766677856,0.8592574596405029,0.5872966647148132,0.7944557666778564,0.6541415452957153,0.85589599609375,0.6039060354232788,0.7880145311355591,0.6722425222396851,0.8520046472549438,0.5987002849578857,0.7881375551223755,0.6733130812644958,0.8519620895385742,0.5955156087875366,0.7906039357185364,0.6672273278236389,0.8848146796226501,0.6530225872993469,0.8663910627365112,0.6715226769447327,0.8443694114685059,0.7675309777259827,0.8330817818641663,0.7507467865943909,0.8500674962997437,0.9076254963874817,0.8477843999862671,0.8884104490280151,0.8572824001312256,0.9220898747444153,0.8559373617172241,0.9028117060661316,0.8331798315048218,0.9691236019134521,0.8351241946220398,0.9471160173416138,1
0.825493574142456,0.47683238983154297,0.824974536895752,0.45856475830078125,0.8263241052627563,0.45519310235977173,0.8277038335800171,0.4517832398414612,0.8235534429550171,0.4636395275592804,0.8235280513763428,0.4642254114151001,0.8232287168502808,0.46482977271080017,0.8350077271461487,0.4437060058116913,0.8277681469917297,0.46281886100769043,0.8316309452056885,0.4802602231502533,0.8290941119194031,0.4883323609828949,0.8598687052726746,0.4720151424407959,0.8336746692657471,0.5352362394332886,0.8819594383239746,0.5240709185600281,0.8211701512336731,0.6061348915100098,0.8584514260292053,0.5619677901268005,0.7872727513313293,0.638897180557251,0.8556230068206787,0.5833630561828613,0.7816813588142395,0.6565825939178467,0.8519253134727478,0.5787046551704407,0.7820320129394531,0.6560457348823547,0.8521448969841003,0.5745708346366882,0.7843079566955566,0.650519847869873,0.8821244239807129,0.6558509469032288,0.8627820611000061,0.6831654906272888,0.8390438556671143,0.7310603260993958,0.8372032642364502,0.7955905795097351,0.8473465442657471,0.8996380567550659,0.8551667332649231,0.9377594590187073,0.8531119227409363,0.9211277961730957,0.8641127347946167,0.9520718455314636,0.8230673670768738,0.973396360874176,0.8446366786956787,1.0126502513885498,1
0.8311455845832825,0.46703091263771057,0.8305625319480896,0.45118796825408936,0.8322614431381226,0.44824275374412537,0.8334541320800781,0.4458858370780945,0.8272088170051575,0.45774853229522705,0.8266524076461792,0.4590784013271332,0.8261419534683228,0.4602987766265869,0.8366204500198364,0.44528093934059143,0.8276112675666809,0.46407440304756165,0.8364453911781311,0.47127217054367065,0.8324321508407593,0.4784086346626282,0.861802339553833,0.47877830266952515,0.8289654850959778,0.5336670875549316,0.8839438557624817,0.5328319072723389,0.8046225905418396,0.5810832977294922,0.8550155162811279,0.5270893573760986,0.7808434367179871,0.6094998717308044,0.8493963479995728,0.5312828421592712,0.775987982749939,0.6200088858604431,0.8468078970909119,0.5245510339736938,0.7756426930427551,0.6167262196540833,0.8474005460739136,0.5231661200523376,0.777880847454071,0.6141336560249329,0.880117654800415,0.6500148773193359,0.8603549599647522,0.6688230037689209,0.8402186036109924,0.7406202554702759,0.8338723182678223,0.7504337430000305,0.8430521488189697,0.8882344961166382,0.8504267334938049,0.8784749507904053,0.8478243350982666,0.9070870280265808,0.858876645565033,0.8927714824676514,0.8239015936851501,0.9415026307106018,0.8368362784385681,0.9410916566848755,1
0.8270437717437744,0.47105610370635986,0.8280924558639526,0.453437477350235,0.8297414779663086,0.4505523443222046,0.8317513465881348,0.44715431332588196,0.8250264525413513,0.45807918906211853,0.8246196508407593,0.45842376351356506,0.823784589767456,0.4593549966812134,0.8357588052749634,0.44385796785354614,0.8270065188407898,0.45883437991142273,0.8332775831222534,0.47647154331207275,0.8290735483169556,0.482424259185791,0.8583179712295532,0.476775199174881,0.8276190757751465,0.5299153923988342,0.8812767863273621,0.5210528373718262,0.8006603121757507,0.568549633026123,0.8494492769241333,0.5048334002494812,0.775930643081665,0.5834593772888184,0.8453406691551208,0.5157769918441772,0.7713975310325623,0.5789017677307129,0.839218258857727,0.5055378675460815,0.7719331383705139,0.5766826272010803,0.843076229095459,0.4972189664840698,0.7740939259529114,0.5755254626274109,0.8782085180282593,0.6621801853179932,0.859743058681488,0.6784045696258545,0.8337998390197754,0.7419301271438599,0.8219769597053528,0.7673515677452087,0.8438593149185181,0.9017530679702759,0.8443197011947632,0.8880273103713989,0.8528870940208435,0.9224221110343933,0.8501975536346436,0.9059170484542847,0.8263280987739563,0.9762954711914062,0.8309468030929565,0.9669647812843323,1
0.8275673389434814,0.4669456481933594,0.8292667269706726,0.45073333382606506,0.8307006359100342,0.4486530125141144,0.8327547311782837,0.4461859464645386,0.8259678483009338,0.4544365406036377,0.8255521059036255,0.45477819442749023,0.8251649141311646,0.45491349697113037,0.8365942239761353,0.4457227885723114,0.8275214433670044,0.4563744366168976,0.8330309987068176,0.4728526175022125,0.8291890025138855,0.47720566391944885,0.8594961166381836,0.48710930347442627,0.8267219066619873,0.5269829034805298,0.8795663118362427,0.5199045538902283,0.7990304827690125,0.5573283433914185,0.8487748503684998,0.4957183599472046,0.7699182033538818,0.5675708651542664,0.8428285121917725,0.49081146717071533,0.7619106769561768,0.5692829489707947,0.8402799367904663,0.48788657784461975,0.7635377645492554,0.5645717978477478,0.8424650430679321,0.48811084032058716,0.7665445804595947,0.5642942190170288,0.8742923140525818,0.6637475490570068,0.8561311960220337,0.6772215366363525,0.8323926329612732,0.7510451674461365,0.8313302993774414,0.7775101065635681,0.8388060331344604,0.9062932729721069,0.8526990413665771,0.8568868637084961,0.8384444713592529,0.931800901889801,0.8603219389915466,0.8609355688095093,0.8193263411521912,0.9659532308578491,0.841785728931427,0.9157935380935669,1
0.8293097019195557,0.4691963791847229,0.8314967155456543,0.45330747961997986,0.8330167531967163,0.4515628218650818,0.8349179625511169,0.4492698907852173,0.8281103372573853,0.45619940757751465,0.8275572657585144,0.456274151802063,0.8270285725593567,0.4562649130821228,0.8385787010192871,0.4495095908641815,0.8288554549217224,0.4587782025337219,0.8344433307647705,0.4772055745124817,0.8301159143447876,0.480823814868927,0.8589081168174744,0.49311190843582153,0.8250598311424255,0.5244668126106262,0.8769737482070923,0.5301975607872009,0.7978110313415527,0.550265371799469,0.8546774983406067,0.4971470832824707,0.7670827507972717,0.5550701022148132,0.8495708703994751,0.4925740361213684,0.7584137916564941,0.5563983917236328,0.8477665185928345,0.4859631061553955,0.759280264377594,0.5509843826293945,0.8486783504486084,0.48891758918762207,0.7617079019546509,0.5533350110054016,0.8717851638793945,0.6737298369407654,0.8550189137458801,0.6897751688957214,0.8282032608985901,0.7463208436965942,0.8340917229652405,0.7984954118728638,0.8326337337493896,0.8977704048156738,0.8599728941917419,0.8524012565612793,0.8285108804702759,0.9281856417655945,0.8673155903816223,0.8523551225662231,0.8131576180458069,0.9528486728668213,0.8527975082397461,0.9070871472358704,1
0.8282146453857422,0.47402775287628174,0.830363392829895,0.4581731855869293,0.832014799118042,0.45679500699043274,0.8336085081100464,0.4551375210285187,0.8273637294769287,0.45993030071258545,0.8269113898277283,0.4596787393093109,0.826519250869751,0.459338515996933,0.8387020826339722,0.45490363240242004,0.8291314840316772,0.46073880791664124,0.8328603506088257,0.48248475790023804,0.8291301131248474,0.48356419801712036,0.8581262230873108,0.496596097946167,0.825883150100708,0.5261760950088501,0.8758981823921204,0.5420531630516052,0.7982140779495239,0.554524302482605,0.855842113494873,0.5080715417861938,0.7657853364944458,0.5493603944778442,0.8552966713905334,0.5040931701660156,0.7567967772483826,0.5448830723762512,0.8505209684371948,0.49360036849975586,0.7566093802452087,0.5422607660293579,0.8515967130661011,0.497241735458374,0.7598974108695984,0.5431382060050964,0.8685116171836853,0.6808532476425171,0.8513503670692444,0.6983018517494202,0.8272801041603088,0.7368301749229431,0.8277463912963867,0.8140534162521362,0.8373358249664307,0.8894044160842896,0.8445004224777222,0.8995155692100525,0.8431859612464905,0.9004449248313904,0.8622059226036072,0.9011427760124207,0.8164119720458984,0.9551383256912231,0.8448195457458496,0.9581779837608337,1
0.8276323080062866,0.4784717857837677,0.8300611972808838,0.46267998218536377,0.8319554328918457,0.46139347553253174,0.8336668014526367,0.4601498246192932,0.8269538879394531,0.4642321765422821,0.8261951208114624,0.46440795063972473,0.8258072137832642,0.46431800723075867,0.8386425971984863,0.4613814949989319,0.8283926248550415,0.46714258193969727,0.8321517109870911,0.4877505600452423,0.8280260562896729,0.4899057447910309,0.8568477630615234,0.5092322826385498,0.8249656558036804,0.535236120223999,0.8732710480690002,0.5458172559738159,0.7957517504692078,0.5671592950820923,0.8529839515686035,0.5099103450775146,0.7662901878356934,0.5510592460632324,0.8548190593719482,0.5094053149223328,0.7572950124740601,0.5443897843360901,0.8505123853683472,0.4995909333229065,0.7580066919326782,0.539665937423706,0.8510043621063232,0.5036872625350952,0.7612023949623108,0.5420335531234741,0.8634436130523682,0.6911970973014832,0.8488849997520447,0.7059218883514404,0.8257542848587036,0.7354152798652649,0.8307785391807556,0.8265402913093567,0.8324882984161377,0.8843497037887573,0.8500480651855469,0.925891637802124,0.8352958559989929,0.9050446152687073,0.8571966290473938,0.9344068765640259,0.8117821216583252,0.9482114315032959,0.8393205404281616,0.9770337343215942,1
0.8284721374511719,0.4845215082168579,0.8312288522720337,0.4683665633201599,0.8331705927848816,0.4669745862483978,0.8346787691116333,0.4655047655105591,0.8264803886413574,0.4707689881324768,0.8255900144577026,0.4709799289703369,0.824333906173706,0.47146081924438477,0.8381578922271729,0.46604540944099426,0.8254950046539307,0.47440364956855774,0.8337591290473938,0.49431154131889343,0.8282288312911987,0.497356653213501,0.8552039265632629,0.5160825848579407,0.8214999437332153,0.5470993518829346,0.8659818172454834,0.5598480701446533,0.7956253290176392,0.5840888619422913,0.8478733897209167,0.5263145565986633,0.7674560546875,0.5664079189300537,0.8424944281578064,0.5104372501373291,0.7605047821998596,0.5572043657302856,0.8418743014335632,0.5034311413764954,0.7613958120346069,0.5529956817626953,0.8422574996948242,0.5070681571960449,0.7633344531059265,0.5555887222290039,0.8612169623374939,0.6909542679786682,0.8400692939758301,0.7054131031036377,0.8283282518386841,0.7530667781829834,0.8166717886924744,0.8315640687942505,0.824855387210846,0.9246007204055786,0.8418958783149719,0.8997252583503723,0.8285775184631348,0.9446380734443665,0.8595992922782898,0.90404212474823,0.8087508678436279,0.9628154039382935,0.8422946929931641,0.9561336040496826,1
0.8262341022491455,0.4967508614063263,0.8285040855407715,0.48008450865745544,0.8302227258682251,0.4786457419395447,0.8317363858222961,0.47715651988983154,0.8245609402656555,0.4824935793876648,0.8237097859382629,0.4827328622341156,0.8229253888130188,0.4828450083732605,0.8354074954986572,0.4783284366130829,0.8239563703536987,0.48585838079452515,0.8307476043701172,0.5056114196777344,0.8258199691772461,0.508427619934082,0.8536704778671265,0.5255341529846191,0.8191445469856262,0.5569121241569519,0.865415096282959,0.585567057132721,0.7996997833251953,0.604566216468811,0.8533713817596436,0.5620587468147278,0.7857176661491394,0.5665541291236877,0.8514242768287659,0.5619958639144897,0.7808335423469543,0.5628504753112793,0.8490434288978577,0.5491510629653931,0.7808721661567688,0.5498121380805969,0.8494446873664856,0.5522938966751099,0.7834072113037109,0.5530668497085571,0.8587891459465027,0.6880466341972351,0.8393658995628357,0.7049092650413513,0.8303375244140625,0.7284243106842041,0.8252748250961304,0.8121280670166016,0.829785943031311,0.891223669052124,0.8423716425895691,0.9068816900253296,0.832168698310852,0.9203778505325317,0.849261462688446,0.9148598909378052,0.8083841800689697,0.9497756958007812,0.8323876261711121,0.9602109789848328,1
0.8282253742218018,0.5081121921539307,0.8305781483650208,0.4911629557609558,0.8324699401855469,0.4899100959300995,0.8343116044998169,0.48847654461860657,0.8249679803848267,0.4937910735607147,0.8234483599662781,0.4943258464336395,0.8219226598739624,0.49491995573043823,0.8363490104675293,0.4888797700405121,0.821151852607727,0.49909281730651855,0.8324065208435059,0.5169326663017273,0.8260976672172546,0.5202430486679077,0.8534267544746399,0.5398430824279785,0.8158800005912781,0.567658543586731,0.870177686214447,0.6163343191146851,0.7957504987716675,0.6350937485694885,0.8454612493515015,0.6189538240432739,0.7894980907440186,0.5919604301452637,0.8382553458213806,0.6264721155166626,0.7874486446380615,0.5859236717224121,0.8370630145072937,0.6100789308547974,0.7881522178649902,0.5675590634346008,0.8380863070487976,0.6080306768417358,0.7905222177505493,0.572546660900116,0.8566985726356506,0.6973845362663269,0.8345429301261902,0.7182443141937256,0.8234726786613464,0.7439833283424377,0.8253864049911499,0.8051589131355286,0.8295918703079224,0.8990821242332458,0.836392879486084,0.9234647750854492,0.835267186164856,0.918369710445404,0.8417437076568604,0.9347754716873169,0.8119766712188721,0.9535312652587891,0.8296748399734497,0.9819763898849487,1
0.8232139945030212,0.5181514024734497,0.8256878852844238,0.501808762550354,0.8276285529136658,0.5002666115760803,0.8294886946678162,0.4987933933734894,0.8208388686180115,0.5045827031135559,0.819629967212677,0.5049731731414795,0.8184530138969421,0.5052582621574402,0.8320363163948059,0.49884864687919617,0.8185888528823853,0.5078731775283813,0.8274701833724976,0.5261510610580444,0.8218516111373901,0.5295157432556152,0.8503779172897339,0.549197793006897,0.8142402768135071,0.5788301229476929,0.8647643327713013,0.6249223947525024,0.7978665828704834,0.6551023721694946,0.8367879390716553,0.644094705581665,0.7836025357246399,0.6701716184616089,0.829319953918457,0.6548004150390625,0.7813048958778381,0.6683335304260254,0.82616126537323,0.6450090408325195,0.7828934788703918,0.6554690003395081,0.8270330429077148,0.6421748399734497,0.7858272790908813,0.6547671556472778,0.8529866337776184,0.7100844383239746,0.8304875493049622,0.7220419645309448,0.8254536390304565,0.7486092448234558,0.821923553943634,0.7827631831169128,0.8285718560218811,0.905786395072937,0.8336057066917419,0.9270685315132141,0.8316765427589417,0.9228475689888,0.8348888754844666,0.9456846117973328,0.8175462484359741,0.9663169980049133,0.8231979012489319,0.9862352013587952,1
0.8194088935852051,0.5321110486984253,0.8210324048995972,0.5155907869338989,0.8227843046188354,0.5135948061943054,0.8244643807411194,0.5115886330604553,0.8165282607078552,0.5192410945892334,0.8153733015060425,0.5197023153305054,0.8143547177314758,0.5199680328369141,0.8274503350257874,0.5106695890426636,0.8148669004440308,0.5212092995643616,0.8236791491508484,0.5390385389328003,0.8183490633964539,0.5425034165382385,0.8464727997779846,0.5596312880516052,0.8124412298202515,0.5851142406463623,0.854806125164032,0.6411406993865967,0.8020178079605103,0.6680639982223511,0.8232877850532532,0.6643104553222656,0.7892177700996399,0.6917780637741089,0.8182331323623657,0.6731531620025635,0.7827782034873962,0.7098827362060547,0.8152737617492676,0.663292407989502,0.7849562168121338,0.6926234364509583,0.8161667585372925,0.6613494157791138,0.788367509841919,0.6911342144012451,0.845027506351471,0.7172971963882446,0.826099693775177,0.7259400486946106,0.8237854838371277,0.7898773550987244,0.8169761896133423,0.7947269082069397,0.833504855632782,0.944843053817749,0.8304094672203064,0.9410789608955383,0.8381381630897522,0.9610031843185425,0.8363257050514221,0.9556524753570557,0.8227096199989319,1.0044820308685303,0.8261057734489441,0.996944785118103,1
0.8123650550842285,0.5446107387542725,0.813591718673706,0.5305116176605225,0.8154515027999878,0.5285452008247375,0.8170683979988098,0.5264274477958679,0.8101734519004822,0.5336040258407593,0.8091220855712891,0.5341436862945557,0.8084640502929688,0.5342720746994019,0.8210898041725159,0.5254733562469482,0.8102687001228333,0.5345398187637329,0.8168329000473022,0.5522248148918152,0.8125780820846558,0.5559841394424438,0.8404741287231445,0.5745759010314941,0.8099173307418823,0.5950965881347656,0.8456693291664124,0.6562058329582214,0.8049319982528687,0.6871286034584045,0.8168508410453796,0.6835236549377441,0.8003846406936646,0.7325242757797241,0.8121719360351562,0.6912611722946167,0.795581579208374,0.7464438676834106,0.8094582557678223,0.6830390095710754,0.7955361008644104,0.741118311882019,0.810178816318512,0.6856342554092407,0.7990025281906128,0.7372641563415527,0.8380354642868042,0.743772029876709,0.8216390609741211,0.7492580413818359,0.8266046047210693,0.8300451636314392,0.8210006356239319,0.8344988822937012,0.8395107984542847,0.9552193284034729,0.8331415057182312,0.9476726055145264,0.8460172414779663,0.9712097644805908,0.8378170132637024,0.9624418020248413,0.8266897797584534,0.9999971389770508,0.8287060260772705,0.986046552658081,1
0.8059034943580627,0.5698056817054749,0.8073661923408508,0.5519400835037231,0.8096193075180054,0.5499095320701599,0.8112433552742004,0.5479986071586609,0.8032276034355164,0.5547327399253845,0.8017553687095642,0.5550520420074463,0.8008077144622803,0.5550062656402588,0.8152275681495667,0.5455731153488159,0.8019212484359741,0.555273175239563,0.8107423782348633,0.5788004398345947,0.8055956959724426,0.5830479860305786,0.8347360491752625,0.588998019695282,0.8020073771476746,0.6268124580383301,0.834888219833374,0.6728534698486328,0.7986242175102234,0.7234718203544617,0.8036723732948303,0.7225729823112488,0.7861091494560242,0.7868366241455078,0.796551525592804,0.7401684522628784,0.7786461114883423,0.8004844784736633,0.795708954334259,0.7313861846923828,0.7793475389480591,0.7978658080101013,0.7966468334197998,0.7295766472816467,0.7839264273643494,0.7911912202835083,0.8417306542396545,0.740980863571167,0.8202429413795471,0.7727974057197571,0.8505372405052185,0.7762221097946167,0.812210738658905,0.8435615301132202,0.8981820940971375,0.8525775671005249,0.8479146361351013,0.9486751556396484,0.9053552150726318,0.859196662902832,0.8542214035987854,0.9525404572486877,0.9092488884925842,0.8961122035980225,0.8578910827636719,1.0052175521850586,1
0.7999938726425171,0.5882097482681274,0.8022350668907166,0.5728612542152405,0.8037207126617432,0.5709653496742249,0.8054724335670471,0.5686208009719849,0.797279417514801,0.5782105326652527,0.796424150466919,0.5792709589004517,0.7951576709747314,0.5801568031311035,0.8081549406051636,0.5712332725524902,0.7966533899307251,0.5819320678710938,0.8055874705314636,0.5918844938278198,0.7999162673950195,0.5971204042434692,0.8249905109405518,0.6136978268623352,0.8000817894935608,0.6400811672210693,0.8258096575737,0.6961680054664612,0.8011977076530457,0.7183001041412354,0.800159215927124,0.7468933463096619,0.8019551634788513,0.7442818284034729,0.794708251953125,0.7658793330192566,0.8010345101356506,0.7571291327476501,0.7910228967666626,0.7586987614631653,0.8019997477531433,0.7501087188720703,0.793086588382721,0.7532259821891785,0.8034989237785339,0.7461653351783752,0.8327239155769348,0.7495102882385254,0.817326009273529,0.754161536693573,0.8209989070892334,0.8049736022949219,0.8067398071289062,0.791782557964325,0.834640622138977,0.9127395749092102,0.8260154724121094,0.8983066082000732,0.8386856317520142,0.9254757165908813,0.8322025537490845,0.9115667343139648,0.8296692967414856,0.9544572234153748,0.8215543627738953,0.9359533190727234,1
0.8209162354469299,0.6841834187507629,0.8216980695724487,0.6772226691246033,0.8221014738082886,0.6771356463432312,0.8225215673446655,0.6770167350769043,0.8210826516151428,0.6772095561027527,0.8209505081176758,0.6771915555000305,0.820755660533905,0.6771931648254395,0.8237359523773193,0.6787853837013245,0.8214523196220398,0.6789302825927734,0.821742057800293,0.6902883648872375,0.820751428604126,0.6902444362640381,0.8258787393569946,0.7089329957962036,0.8204371333122253,0.7140412330627441,0.8202929496765137,0.7464351058006287,0.8118098974227905,0.7615458369255066,0.803379476070404,0.7686252593994141,0.7984383702278137,0.7989463210105896,0.799609899520874,0.7727320194244385,0.795497477054596,0.8053475022315979,0.7985274195671082,0.7685979604721069,0.7951698899269104,0.8045367002487183,0.7998760938644409,0.7687013149261475,0.7965157628059387,0.8030567765235901,0.8276081085205078,0.7936747670173645,0.8242367506027222,0.7932831048965454,0.8216943740844727,0.8260028958320618,0.820511519908905,0.8217886686325073,0.8201287984848022,0.8911817073822021,0.8238644599914551,0.8852237462997437,0.8210172653198242,0.9012964963912964,0.8253712058067322,0.8963301777839661,0.8160061836242676,0.9033486843109131,0.8214277029037476,0.8955279588699341,1
0.5609961748123169,0.6566557884216309,0.5609755516052246,0.6395454406738281,0.5613067150115967,0.6386109590530396,0.5616567134857178,0.6375613212585449,0.5590097904205322,0.6402273774147034,0.5578857064247131,0.6395765542984009,0.5566311478614807,0.6390012502670288,0.5581139326095581,0.6332324743270874,0.5510693788528442,0.6357619166374207,0.5591627359390259,0.6646988391876221,0.5566522479057312,0.6645212173461914,0.553473949432373,0.6695338487625122,0.5355899930000305,0.689976692199707,0.5580266118049622,0.6803263425827026,0.5372617840766907,0.7479916214942932,0.5402519702911377,0.6683640480041504,0.5486100912094116,0.7016757726669312,0.5355939865112305,0.6650518178939819,0.5521974563598633,0.6916214227676392,0.5345923900604248,0.6649279594421387,0.5516512393951416,0.6809504628181458,0.5352540612220764,0.6680023670196533,0.5509770512580872,0.6849830150604248,0.5644752979278564,0.875158965587616,0.553428053855896,0.8870599269866943,0.5514154434204102,0.8205126523971558,0.5462641716003418,0.818584144115448,0.5523032546043396,0.8676038980484009,0.5489637851715088,0.8883528113365173,0.548762857913971,0.8725635409355164,0.5456623435020447,0.9002723693847656,0.5603122115135193,0.8955322504043579,0.5590494871139526,0.9120761752128601,1
0.5556317567825317,0.7093379497528076,0.5557891130447388,0.6916229128837585,0.5566829442977905,0.6901801228523254,0.5576027035713196,0.6886545419692993,0.5519288182258606,0.6928839087486267,0.549899697303772,0.692254900932312,0.5477616190910339,0.6917400360107422,0.553267776966095,0.6826010346412659,0.5393810868263245,0.6878546476364136,0.5543182492256165,0.7163214683532715,0.5492828488349915,0.717383861541748,0.5536022782325745,0.7059088945388794,0.5181211829185486,0.739540696144104,0.5733020901679993,0.7045438885688782,0.5166811943054199,0.770408034324646,0.5641188025474548,0.7212333083152771,0.5266019105911255,0.7026045322418213,0.5631716847419739,0.7285910248756409,0.5291442275047302,0.6877821683883667,0.5593529939651489,0.732948362827301,0.5276692509651184,0.6806886196136475,0.5586111545562744,0.7320305109024048,0.527715265750885,0.6875905394554138,0.5646407604217529,0.8760627508163452,0.5449557900428772,0.9004255533218384,0.5642733573913574,0.7629159092903137,0.5436841249465942,0.7696996927261353,0.5644596815109253,0.7543397545814514,0.5554755330085754,0.7571107149124146,0.5618346929550171,0.7546370029449463,0.5549630522727966,0.7598965167999268,0.5689086318016052,0.7643352150917053,0.5659952759742737,0.7552387714385986,1
0.564012885093689,0.6619917750358582,0.563154935836792,0.6446924209594727,0.5640246272087097,0.6440029144287109,0.5649300217628479,0.6432363390922546,0.5599460601806641,0.6455965638160706,0.5583829879760742,0.6456370949745178,0.5566624999046326,0.6458166837692261,0.5625228881835938,0.6437928676605225,0.5513368844985962,0.6478071808815002,0.56492680311203,0.6725451946258545,0.5602207183837891,0.6737666130065918,0.5692449808120728,0.6856416463851929,0.5377106070518494,0.7196356654167175,0.5859334468841553,0.738872766494751,0.5316386818885803,0.8023419380187988,0.5768752694129944,0.8181864619255066,0.5415657162666321,0.8085449934005737,0.5750383734703064,0.8420677185058594,0.5436133742332458,0.8139125108718872,0.5708925724029541,0.8458691835403442,0.5447607040405273,0.8017486333847046,0.5709363222122192,0.8404918313026428,0.544991135597229,0.8007821440696716,0.5784695744514465,0.8589997291564941,0.5618686079978943,0.8828976154327393,0.5710803866386414,0.8062451481819153,0.5536034107208252,0.814742386341095,0.5723391175270081,0.865662157535553,0.5640589594841003,0.8874091506004333,0.5675344467163086,0.871380627155304,0.5612212419509888,0.8948751091957092,0.5822634100914001,0.8963730335235596,0.578326940536499,0.9154351949691772,1
0.5499927401542664,0.7191263437271118,0.5469499230384827,0.7089411020278931,0.5468742847442627,0.7069982290267944,0.5468093156814575,0.7050067186355591,0.5463654398918152,0.7137230038642883,0.5458950400352478,0.7149907946586609,0.5453083515167236,0.7164130210876465,0.544845461845398,0.7000334858894348,0.5425006747245789,0.7160874009132385,0.5511660575866699,0.7198861241340637,0.5502849817276001,0.725178599357605,0.5495565533638,0.7114343047142029,0.5438340902328491,0.7447805404663086,0.5647497773170471,0.6766953468322754,0.5481470823287964,0.7609804272651672,0.5495791435241699,0.6875638961791992,0.5496258735656738,0.7224287986755371,0.5454318523406982,0.6908378601074219,0.551662266254425,0.7132952213287354,0.5445355772972107,0.6955153346061707,0.5491922497749329,0.7104750871658325,0.5460920929908752,0.6968837380409241,0.5488893985748291,0.7149578928947449,0.5695071220397949,0.8372405171394348,0.5644659399986267,0.8591361045837402,0.5580108165740967,0.7336001992225647,0.5484857559204102,0.7225771546363831,0.5653916597366333,0.8145576119422913,0.564203679561615,0.8310402035713196,0.5612331032752991,0.8283487558364868,0.5601055026054382,0.8501542806625366,0.581941545009613,0.8372076749801636,0.5854369401931763,0.8555867671966553,1
0.5669538378715515,0.6858204007148743,0.5681795477867126,0.6666960716247559,0.5694719552993774,0.6654729843139648,0.5707970261573792,0.6641747951507568,0.5633898973464966,0.6672624945640564,0.5611599683761597,0.6663686037063599,0.5588016510009766,0.6655930280685425,0.5675719380378723,0.6575600504875183,0.5508768558502197,0.6603723764419556,0.5665464401245117,0.6934001445770264,0.5603325963020325,0.693520724773407,0.5701239705085754,0.6867798566818237,0.5274294018745422,0.7141777873039246,0.5892086029052734,0.70082026720047,0.5218921899795532,0.7509940266609192,0.5726652145385742,0.6952223777770996,0.5332515239715576,0.6869189143180847,0.5685825347900391,0.694862961769104,0.5354266166687012,0.6728140711784363,0.5662420392036438,0.694184422492981,0.53561931848526,0.6638937592506409,0.5663127899169922,0.6960272192955017,0.5361151695251465,0.6702252626419067,0.5709326863288879,0.87724369764328,0.5488515496253967,0.8921728730201721,0.5691596269607544,0.8482671976089478,0.5463319420814514,0.8377266526222229,0.5665028691291809,0.8588818907737732,0.559058666229248,0.8656039834022522,0.564470648765564,0.8592292070388794,0.5613048076629639,0.8727465867996216,0.5669543743133545,0.8808164000511169,0.5618931651115417,0.8787655234336853,1
0.5499393343925476,0.6895461678504944,0.5472681522369385,0.6776887774467468,0.5472379922866821,0.6757534742355347,0.5472268462181091,0.6737492084503174,0.546363890171051,0.6823230981826782,0.5456449389457703,0.683566689491272,0.5448077321052551,0.6849336624145508,0.5441930890083313,0.6707495450973511,0.540807843208313,0.6862878799438477,0.5503048300743103,0.6930267214775085,0.5488762855529785,0.6980863213539124,0.5455148816108704,0.6908667087554932,0.5391069650650024,0.7287862300872803,0.5572505593299866,0.657366931438446,0.5454333424568176,0.7496544122695923,0.541337788105011,0.6401346921920776,0.5449928045272827,0.678335428237915,0.5367568135261536,0.6351680159568787,0.5469459295272827,0.6607697010040283,0.5361977219581604,0.6370677351951599,0.543139636516571,0.6540987491607666,0.5378127098083496,0.6411997675895691,0.5426539778709412,0.6612162590026855,0.5683339834213257,0.8403459787368774,0.5624355673789978,0.8644481301307678,0.5588444471359253,0.7570409774780273,0.5514008402824402,0.7556030750274658,0.565368115901947,0.8296949863433838,0.5647371411323547,0.8550913333892822,0.5617671012878418,0.8408809304237366,0.5612062215805054,0.8724546432495117,0.5798671841621399,0.8565495014190674,0.5833563208580017,0.8813216686248779,1
0.5778724551200867,0.7085313200950623,0.5790571570396423,0.6884320974349976,0.5810075402259827,0.6876140832901001,0.5830024480819702,0.6867489218711853,0.5726980566978455,0.6883010268211365,0.5698644518852234,0.6877307891845703,0.5669040083885193,0.6872406601905823,0.5802240371704102,0.6851837635040283,0.5581311583518982,0.686880886554718,0.578735888004303,0.7191236019134521,0.5701029300689697,0.7190844416618347,0.5839210748672485,0.7203944325447083,0.5320048332214355,0.7570701837539673,0.5982022881507874,0.7527890801429749,0.5172949433326721,0.8229252696037292,0.5963332653045654,0.7922191023826599,0.5299490094184875,0.7518776655197144,0.5970314741134644,0.8044986724853516,0.5316712856292725,0.7379348278045654,0.5930565595626831,0.8091435432434082,0.5340518355369568,0.7198938131332397,0.5912302136421204,0.8079023361206055,0.534684956073761,0.7251368165016174,0.5773650407791138,0.9047063589096069,0.5516459345817566,0.9276453852653503,0.5709882378578186,0.8679603338241577,0.5467800498008728,0.8708615899085999,0.5687796473503113,0.8665498495101929,0.5564670562744141,0.8655054569244385,0.56691974401474,0.8642861247062683,0.5584691762924194,0.8648266196250916,0.5674231648445129,0.8922786712646484,0.5617775917053223,0.8776424527168274,1
0.5577276945114136,0.6638683676719666,0.5563644766807556,0.6496871113777161,0.5570252537727356,0.6489218473434448,0.5577220916748047,0.648087739944458,0.5534555315971375,0.6510921120643616,0.5519517064094543,0.6513251066207886,0.550300121307373,0.6516830325126648,0.5546775460243225,0.648891031742096,0.54438316822052,0.654598593711853,0.5581761002540588,0.673513650894165,0.5542412400245667,0.6749649047851562,0.5620216131210327,0.6837781667709351,0.5327162146568298,0.7094128131866455,0.5860117077827454,0.6947110891342163,0.5277854800224304,0.7473105192184448,0.5808840394020081,0.7472542524337769,0.5349199175834656,0.6948308348655701,0.5806997418403625,0.7602395415306091,0.536609411239624,0.6818113923072815,0.5767175555229187,0.7694063186645508,0.5358754396438599,0.6759973764419556,0.5759315490722656,0.7667871117591858,0.5362327098846436,0.6829209923744202,0.5727128386497498,0.8375382423400879,0.5562500357627869,0.8574819564819336,0.5627626776695251,0.7303619384765625,0.5427347421646118,0.7355183362960815,0.5581969618797302,0.7675415873527527,0.5519801378250122,0.7911200523376465,0.5541029572486877,0.7726531028747559,0.5508096218109131,0.8002759218215942,0.5643970370292664,0.7864835262298584,0.5612787008285522,0.8100401163101196,1
0.5677889585494995,0.6470470428466797,0.5649762153625488,0.6367841958999634,0.5642115473747253,0.6362537741661072,0.5634638071060181,0.6356545090675354,0.5658271312713623,0.6378940343856812,0.5656847953796387,0.6379579305648804,0.5654044151306152,0.6381016969680786,0.5589930415153503,0.6356943845748901,0.5614814758300781,0.6394081115722656,0.5659570693969727,0.6538192629814148,0.5667992234230042,0.6543710231781006,0.5548439025878906,0.670006513595581,0.5593356490135193,0.6818671226501465,0.5681368708610535,0.707210898399353,0.5694010257720947,0.736687183380127,0.5626236200332642,0.7069488763809204,0.5759347677230835,0.7418215274810791,0.5599799156188965,0.7024898529052734,0.5774064660072327,0.7406922578811646,0.5597097873687744,0.7039803862571716,0.576028048992157,0.7403210401535034,0.5606263279914856,0.7067009210586548,0.5760148167610168,0.7404139637947083,0.5730685591697693,0.8256857991218567,0.5748439431190491,0.8378426432609558,0.5580265522003174,0.7545734643936157,0.5607471466064453,0.7545405626296997,0.5621785521507263,0.7825993299484253,0.5642479658126831,0.7993959188461304,0.558259129524231,0.7856365442276001,0.5591769814491272,0.8068063259124756,0.5742599964141846,0.7972208261489868,0.5767892003059387,0.8114520907402039,1
0.562345027923584,0.6273701786994934,0.559891939163208,0.6149305105209351,0.5598333477973938,0.6144357919692993,0.5597947835922241,0.6138637065887451,0.5590450167655945,0.6158126592636108,0.558293879032135,0.6158862113952637,0.5574035048484802,0.6160966753959656,0.5562159419059753,0.6150199770927429,0.5530836582183838,0.618368923664093,0.5621412396430969,0.6362525224685669,0.5606587529182434,0.6372711658477783,0.5569043159484863,0.655326247215271,0.5493317246437073,0.6666761040687561,0.5650773048400879,0.6914253234863281,0.5557851195335388,0.7205785512924194,0.5573154091835022,0.731865406036377,0.5641902089118958,0.7267230153083801,0.5553984642028809,0.7458606958389282,0.5664052963256836,0.7310854196548462,0.5536248087882996,0.7479477524757385,0.5658940076828003,0.725688636302948,0.554399847984314,0.7442790269851685,0.5655313730239868,0.725515604019165,0.5739414691925049,0.8229237198829651,0.5691999197006226,0.8286142945289612,0.5648661851882935,0.7493259310722351,0.5614266991615295,0.7296826243400574,0.5670031905174255,0.8134617805480957,0.5666234493255615,0.8340384364128113,0.5636680722236633,0.8196699619293213,0.562393307685852,0.8497171998023987,0.5777703523635864,0.8384585976600647,0.5801516175270081,0.8610001802444458,1
0.557494044303894,0.7341050505638123,0.5560983419418335,0.7203338742256165,0.5570532083511353,0.7170348167419434,0.5580245852470398,0.7136690616607666,0.552531361579895,0.7281104922294617,0.5508720874786377,0.7303044199943542,0.549096405506134,0.7325859665870667,0.5564194321632385,0.7045001983642578,0.5435594320297241,0.7315170168876648,0.5590295195579529,0.7313756942749023,0.5543876886367798,0.740061342716217,0.5610025525093079,0.7023964524269104,0.5344815850257874,0.764924168586731,0.5816328525543213,0.7143844366073608,0.5427537560462952,0.8175778985023499,0.5750439167022705,0.7633799910545349,0.5574700236320496,0.8094538450241089,0.5745947957038879,0.7743299603462219,0.5613759160041809,0.8110742568969727,0.5712890028953552,0.7778996229171753,0.5615308880805969,0.8028019070625305,0.5706937909126282,0.7773438096046448,0.5608913898468018,0.8014930486679077,0.5686385631561279,0.8117716908454895,0.5550633668899536,0.8475781083106995,0.5682154297828674,0.7807204723358154,0.5525433421134949,0.8009080290794373,0.5705273747444153,0.8290571570396423,0.5631468892097473,0.8551497459411621,0.5655066967010498,0.8369683027267456,0.5590219497680664,0.8644044995307922,0.5871796011924744,0.8557483553886414,0.582886815071106,0.8782235383987427,1
0.56497722864151,0.667169988155365,0.5616795420646667,0.654994785785675,0.5613362789154053,0.6537045240402222,0.5610058903694153,0.6523579955101013,0.5613524317741394,0.6584742069244385,0.5607824921607971,0.6594674587249756,0.5600903034210205,0.660577654838562,0.557308554649353,0.6521464586257935,0.5560451745986938,0.6639042496681213,0.5650109052658081,0.6737781763076782,0.5643152594566345,0.6775256395339966,0.5604230165481567,0.6892803311347961,0.5578389763832092,0.716042697429657,0.5775941610336304,0.7108504176139832,0.5767214894294739,0.769353985786438,0.5733110904693604,0.7302584648132324,0.5848346948623657,0.784279465675354,0.5704532861709595,0.7324659824371338,0.5859967470169067,0.7865884900093079,0.5704432725906372,0.7377428412437439,0.5844921469688416,0.7865484356880188,0.5714536309242249,0.7387431859970093,0.5851333737373352,0.7851570248603821,0.5814974308013916,0.8329212069511414,0.5780136585235596,0.8488900661468506,0.5689150094985962,0.7553218603134155,0.563409149646759,0.7655144929885864,0.5707024931907654,0.8194938898086548,0.5717546939849854,0.8414143919944763,0.5674538612365723,0.8307257294654846,0.5688592791557312,0.8551283478736877,0.5805491209030151,0.8346686959266663,0.5847810506820679,0.8564144372940063,1
0.5824267864227295,0.7167927026748657,0.5821126699447632,0.7007657885551453,0.5819525718688965,0.69878089427948,0.5817971229553223,0.6967250108718872,0.580629825592041,0.7036594152450562,0.5794392228126526,0.7034674286842346,0.5781131982803345,0.7034018039703369,0.5757688283920288,0.684537410736084,0.5698096752166748,0.6943497657775879,0.578902006149292,0.7183886170387268,0.5770898461341858,0.7204010486602783,0.5638378858566284,0.6892076134681702,0.5472158789634705,0.7284179925918579,0.5771228075027466,0.6790897250175476,0.5508803129196167,0.7336977124214172,0.5745163559913635,0.6985312700271606,0.5666959881782532,0.6821227669715881,0.5717199444770813,0.7018616199493408,0.5703913569450378,0.6710085272789001,0.5700105428695679,0.7051715850830078,0.5692124366760254,0.6589986085891724,0.5712502002716064,0.7049971222877502,0.5680482387542725,0.6620794534683228,0.5726069211959839,0.854693591594696,0.5647963285446167,0.8754140138626099,0.5670204162597656,0.8460868000984192,0.5569572448730469,0.8467888832092285,0.5683704018592834,0.8696271777153015,0.5634986758232117,0.8859314322471619,0.5640116930007935,0.8687262535095215,0.5603535175323486,0.8898830413818359,0.5782371759414673,0.892863929271698,0.5751343369483948,0.9016212224960327,1
0.5729030966758728,0.6486965417861938,0.568879246711731,0.6345787048339844,0.5685484409332275,0.6333295106887817,0.5682589411735535,0.6320081949234009,0.5681796669960022,0.6377726793289185,0.5673831701278687,0.6388517618179321,0.5664321780204773,0.6400603652000427,0.562980592250824,0.6330730319023132,0.5602030754089355,0.6443091034889221,0.5723597407341003,0.657262921333313,0.5711899399757385,0.6607308983802795,0.5655913352966309,0.6670604944229126,0.5539393424987793,0.7096378207206726,0.586787760257721,0.7199749946594238,0.5527275204658508,0.766014814376831,0.5984752178192139,0.800950825214386,0.5555819272994995,0.7764080762863159,0.600124716758728,0.8134955167770386,0.5541378855705261,0.7759475111961365,0.5974772572517395,0.824180006980896,0.5535978078842163,0.7693971991539001,0.5970470905303955,0.8220498561859131,0.5547414422035217,0.7689355611801147,0.5780692100524902,0.8405137062072754,0.5733010172843933,0.8641067147254944,0.56878662109375,0.774897575378418,0.5591626763343811,0.7801562547683716,0.568711519241333,0.7821379899978638,0.5678282380104065,0.8019078373908997,0.5658962726593018,0.7810385227203369,0.5674502849578857,0.8047209978103638,0.5757952332496643,0.7857990860939026,0.5734933614730835,0.8024424314498901,1
0.5545028448104858,0.7149829864501953,0.5515302419662476,0.7002910375595093,0.5524507164955139,0.6981187462806702,0.5534073114395142,0.6959073543548584,0.5483537316322327,0.7058231830596924,0.5469030737876892,0.7079208493232727,0.545336127281189,0.7101334929466248,0.5524523258209229,0.6968898177146912,0.5415751934051514,0.7167989015579224,0.5578025579452515,0.7201576232910156,0.5532082915306091,0.7275433540344238,0.5637069940567017,0.7242317795753479,0.5393765568733215,0.780086100101471,0.576554000377655,0.7434921264648438,0.542778730392456,0.838253378868103,0.5677307844161987,0.7865186333656311,0.5545944571495056,0.8169155716896057,0.5651606917381287,0.7982849478721619,0.5576064586639404,0.8146198987960815,0.56270831823349,0.8037968873977661,0.5566191673278809,0.8032310605049133,0.5633682012557983,0.8025331497192383,0.5560939908027649,0.8035191297531128,0.5762612223625183,0.86701899766922,0.5640938878059387,0.8995165824890137,0.5683138370513916,0.8071432709693909,0.5543744564056396,0.827597439289093,0.5702322125434875,0.838739812374115,0.5651559829711914,0.8699139952659607,0.5659162402153015,0.8448847532272339,0.5617557168006897,0.878484845161438,0.5846611857414246,0.8496801257133484,0.5835880041122437,0.874083399772644,1
0.570815920829773,0.783266007900238,0.5691718459129333,0.7650099396705627,0.5708604454994202,0.7617066502571106,0.5725883841514587,0.7583993077278137,0.5629139542579651,0.77291339635849,0.5604848861694336,0.7753307223320007,0.5579451322555542,0.7778491377830505,0.571100115776062,0.7514973878860474,0.5505778193473816,0.7794317603111267,0.5739830732345581,0.785408616065979,0.566871702671051,0.7949183583259583,0.5828499794006348,0.753402590751648,0.5365967154502869,0.8305278420448303,0.6096137762069702,0.771819531917572,0.5319151282310486,0.8792033195495605,0.6342579126358032,0.8603867888450623,0.5495259165763855,0.8838347792625427,0.6443820595741272,0.8716861605644226,0.5501229166984558,0.8880192637443542,0.639516294002533,0.884354293346405,0.550620436668396,0.8740923404693604,0.634168803691864,0.8855133652687073,0.5516202449798584,0.8725207448005676,0.5834768414497375,0.8626260757446289,0.5618439316749573,0.9015907645225525,0.5786401033401489,0.8416659832000732,0.559338390827179,0.8604683876037598,0.5786731839179993,0.854111909866333,0.5670207142829895,0.8950233459472656,0.5754084587097168,0.8520769476890564,0.5648860931396484,0.8991846442222595,0.5876104831695557,0.8733806610107422,0.5818716883659363,0.9025350213050842,1
0.5714004635810852,0.6777969598770142,0.5687875747680664,0.663154661655426,0.5690269470214844,0.6619812846183777,0.5693011283874512,0.6607676148414612,0.567260205745697,0.6655660271644592,0.5663264393806458,0.6661320328712463,0.5652269124984741,0.6668317317962646,0.5665913224220276,0.65972501039505,0.5607670545578003,0.6685272455215454,0.5723193287849426,0.6845819354057312,0.5699267387390137,0.68742835521698,0.5738211274147034,0.6891810297966003,0.5552878975868225,0.7198808789253235,0.5985140204429626,0.7359642386436462,0.5592054128646851,0.7752203941345215,0.6041079759597778,0.809118390083313,0.5631834268569946,0.7835205793380737,0.6063100099563599,0.8268566131591797,0.5641556978225708,0.7860315442085266,0.6026030778884888,0.8332129716873169,0.563085675239563,0.7809047698974609,0.6011334657669067,0.828582763671875,0.5635507702827454,0.7800353765487671,0.5820839405059814,0.8485516905784607,0.5740218162536621,0.867040753364563,0.5776431560516357,0.7958430647850037,0.566236674785614,0.7962778806686401,0.5794946551322937,0.8277044296264648,0.5762131810188293,0.8527366518974304,0.5749168992042542,0.8288571238517761,0.5735119581222534,0.8589547872543335,0.5923231840133667,0.8492432236671448,0.5886781811714172,0.8729636073112488,1
0.575431227684021,0.6631782054901123,0.5733721256256104,0.6503167152404785,0.5729104280471802,0.6495077610015869,0.5724589228630066,0.6486434936523438,0.5737653374671936,0.6518778204917908,0.5735607147216797,0.6519955396652222,0.573215663433075,0.6522127985954285,0.5693550705909729,0.6475663185119629,0.5702855587005615,0.6526127457618713,0.5744608640670776,0.669924259185791,0.5746797323226929,0.6710964441299438,0.5673312544822693,0.682272732257843,0.5696871876716614,0.6971858739852905,0.5752983689308167,0.726229190826416,0.5761857032775879,0.7464892864227295,0.5724348425865173,0.7542117834091187,0.5744815468788147,0.7443296313285828,0.5705997347831726,0.7573513984680176,0.5740765929222107,0.7403751611709595,0.5701852440834045,0.7624853253364563,0.5720312595367432,0.7393671870231628,0.5708694458007812,0.7622233629226685,0.5729495882987976,0.7404881119728088,0.582339346408844,0.837420642375946,0.582557737827301,0.8444130420684814,0.5710747838020325,0.8024356961250305,0.5663073062896729,0.7804338932037354,0.5714744329452515,0.8404918909072876,0.5725952386856079,0.8229717016220093,0.5687004327774048,0.8464772701263428,0.571242094039917,0.8283689618110657,0.5756314992904663,0.8486968874931335,0.5785797834396362,0.8327838182449341,1
0.5634409189224243,0.7081453800201416,0.5590030550956726,0.6941184401512146,0.559177815914154,0.6912344098091125,0.5593855381011963,0.6882889270782471,0.5573601722717285,0.7013629078865051,0.5563796758651733,0.703951358795166,0.5552980303764343,0.7066351175308228,0.5565460324287415,0.6863487958908081,0.5509605407714844,0.7116862535476685,0.5651570558547974,0.710002064704895,0.562753438949585,0.7191020250320435,0.5641806125640869,0.7025842070579529,0.5496394634246826,0.7732293605804443,0.5819746255874634,0.7053968906402588,0.5562914609909058,0.8234275579452515,0.579818844795227,0.7336534857749939,0.5660496950149536,0.7878003716468811,0.5778718590736389,0.7370350956916809,0.5685806274414062,0.7811651229858398,0.5764461755752563,0.7467423677444458,0.5661099553108215,0.7726837396621704,0.5770083069801331,0.7487022876739502,0.56532883644104,0.7730755805969238,0.581378698348999,0.8425557613372803,0.5738084316253662,0.8786620497703552,0.5713313221931458,0.8012348413467407,0.5624672174453735,0.8351044654846191,0.566028356552124,0.8338739275932312,0.5659650564193726,0.8721389770507812,0.5615668296813965,0.8416563868522644,0.5629801154136658,0.8809660077095032,0.5765491127967834,0.8378453850746155,0.5786792635917664,0.873167097568512,1
0.5672294497489929,0.648860514163971,0.5661155581474304,0.635704517364502,0.5665019750595093,0.6353256702423096,0.5669283866882324,0.6348662376403809,0.564079761505127,0.6360570788383484,0.5629781484603882,0.6358600854873657,0.5617222785949707,0.6357700824737549,0.5640702843666077,0.6351381540298462,0.5567609071731567,0.6371180415153503,0.5671586990356445,0.658170759677887,0.5643342137336731,0.65826815366745,0.5683204531669617,0.670567512512207,0.5458658337593079,0.6893818974494934,0.5744479298591614,0.689397394657135,0.5383393168449402,0.7318927645683289,0.5609529614448547,0.7246569991111755,0.5392770767211914,0.7016810178756714,0.5582011938095093,0.736047625541687,0.5396631360054016,0.6961110234260559,0.5556119680404663,0.7403398752212524,0.5399397611618042,0.6884036064147949,0.5560494661331177,0.7374671101570129,0.5404931306838989,0.6913495659828186,0.5775434970855713,0.8355112671852112,0.5647341012954712,0.8489375710487366,0.5679489374160767,0.7846761345863342,0.5527985095977783,0.7708908319473267,0.5668118000030518,0.833864152431488,0.5633848905563354,0.8364500999450684,0.5625942945480347,0.8382229804992676,0.5619114637374878,0.8441909551620483,0.5748748779296875,0.8620602488517761,0.572979211807251,0.8628668785095215,1
0.5728200674057007,0.6484391093254089,0.570085346698761,0.6376943588256836,0.569309651851654,0.6367400288581848,0.5685421824455261,0.6357377171516418,0.5713145136833191,0.6400398015975952,0.5714749097824097,0.640526294708252,0.5715014934539795,0.6410965323448181,0.5652515292167664,0.6347226500511169,0.569405734539032,0.6419578790664673,0.5718101263046265,0.6541380882263184,0.5730634927749634,0.6562455296516418,0.5614205002784729,0.6716431379318237,0.5729696750640869,0.6855149865150452,0.5630343556404114,0.7350932955741882,0.584121584892273,0.7467663884162903,0.5630431175231934,0.7771472930908203,0.5829498171806335,0.7777027487754822,0.5622921586036682,0.7850342392921448,0.5824741721153259,0.7841890454292297,0.562831461429596,0.7911830544471741,0.5809343457221985,0.7854507565498352,0.5634185671806335,0.7891096472740173,0.5816513299942017,0.7826660871505737,0.5781289339065552,0.8157186508178711,0.5819969773292542,0.8217304944992065,0.5620574951171875,0.7965575456619263,0.5632097125053406,0.781803548336029,0.5699379444122314,0.8586915135383606,0.5716649889945984,0.8685361742973328,0.5687184929847717,0.8649478554725647,0.569682776927948,0.8783708810806274,0.5766197443008423,0.8791764974594116,0.5804385542869568,0.8930604457855225,1
0.567425012588501,0.6488164663314819,0.5665453672409058,0.635016918182373,0.5670204162597656,0.6343824863433838,0.5675336122512817,0.6336662769317627,0.5643466114997864,0.635697066783905,0.5631877183914185,0.6354715824127197,0.5618661642074585,0.6353654265403748,0.5650025606155396,0.6324632167816162,0.5570324659347534,0.6353820562362671,0.567494809627533,0.6573216915130615,0.564489483833313,0.6578668355941772,0.5702627301216125,0.6652204394340515,0.5458120703697205,0.6852556467056274,0.5828596949577332,0.6887341737747192,0.5400426387786865,0.7315816879272461,0.5710921287536621,0.7301942110061646,0.5412542819976807,0.7069805264472961,0.5690473914146423,0.7442976236343384,0.5418210029602051,0.7032641172409058,0.5652278661727905,0.7471639513969421,0.5414754748344421,0.6949580311775208,0.5653550028800964,0.7435691356658936,0.5419971942901611,0.6974808573722839,0.5796871185302734,0.8291926383972168,0.5658628940582275,0.8432642817497253,0.5732723474502563,0.7763363718986511,0.5586099624633789,0.7677334547042847,0.5709660053253174,0.8232817053794861,0.5656923651695251,0.8381006717681885,0.5670822858810425,0.8269833326339722,0.563298761844635,0.846500813961029,0.5775658488273621,0.8500345349311829,0.5746138095855713,0.8658208847045898,1
0.5691050291061401,0.6436123847961426,0.5667986869812012,0.6316202282905579,0.5665305852890015,0.6305365562438965,0.5662795901298523,0.6293838620185852,0.5667994022369385,0.6344882845878601,0.5665621757507324,0.6352475881576538,0.5661755800247192,0.6360985040664673,0.5641632080078125,0.6293187141418457,0.5639128088951111,0.6385197639465332,0.5692917108535767,0.6499541401863098,0.5690601468086243,0.6527478098869324,0.5672277212142944,0.6633859872817993,0.5648723244667053,0.6892213821411133,0.5710012912750244,0.7077534198760986,0.5728374123573303,0.7414511442184448,0.5689852833747864,0.7592001557350159,0.5763583779335022,0.7597423195838928,0.5685877203941345,0.7702672481536865,0.5773100256919861,0.7640329599380493,0.5672889947891235,0.7769901156425476,0.5765666365623474,0.7620444893836975,0.5674319863319397,0.7746023535728455,0.5770003795623779,0.7600675821304321,0.5816529393196106,0.8112156987190247,0.5777676701545715,0.8266386985778809,0.5703624486923218,0.7837702631950378,0.562671422958374,0.7749951481819153,0.5730642080307007,0.8359938263893127,0.5713568329811096,0.8270518779754639,0.571029782295227,0.8430880904197693,0.5705323815345764,0.8316280841827393,0.5774251222610474,0.851962685585022,0.5787477493286133,0.8453003764152527,1
0.566504955291748,0.6446875333786011,0.563019871711731,0.6331166625022888,0.5622262954711914,0.6319535374641418,0.5614458322525024,0.6307255625724792,0.5643392205238342,0.6356591582298279,0.5645071864128113,0.6361575126647949,0.5645594000816345,0.6367049217224121,0.5581858158111572,0.6298518776893616,0.562529981136322,0.6380451321601868,0.5657304525375366,0.6501190662384033,0.5670793652534485,0.6525665521621704,0.5556208491325378,0.6646117568016052,0.5686416029930115,0.6830402612686157,0.5561239123344421,0.7044495344161987,0.5829744935035706,0.7437365055084229,0.5525056719779968,0.7070745229721069,0.582854151725769,0.7527676820755005,0.5501065254211426,0.7037835717201233,0.5827155113220215,0.7535330653190613,0.5522968173027039,0.7072259783744812,0.5809844136238098,0.7526237964630127,0.5534198880195618,0.7097570300102234,0.5814806222915649,0.7512669563293457,0.5757494568824768,0.8315840363502502,0.5806509852409363,0.8385637998580933,0.5615232586860657,0.8126789927482605,0.5655540227890015,0.808847963809967,0.5681621432304382,0.8594002723693848,0.570758044719696,0.8627777695655823,0.5674968361854553,0.8664560317993164,0.5695311427116394,0.8711317181587219,0.5738179087638855,0.8728959560394287,0.5777551531791687,0.875215470790863,1
0.5713194012641907,0.6467491388320923,0.5714882016181946,0.6311333179473877,0.5724673271179199,0.6307218074798584,0.5735012292861938,0.6302304863929749,0.5681619644165039,0.630146861076355,0.5665848255157471,0.629082202911377,0.5648466348648071,0.6281251907348633,0.5713030099868774,0.627333402633667,0.5594151020050049,0.6251338720321655,0.5716087222099304,0.655178964138031,0.5669736862182617,0.6540324091911316,0.5774161219596863,0.6554155349731445,0.5420182943344116,0.6727722883224487,0.5991424322128296,0.6614844799041748,0.5276748538017273,0.724112868309021,0.591329038143158,0.6578361392021179,0.5340068936347961,0.6931260228157043,0.5905919075012207,0.663150429725647,0.5356496572494507,0.6918135285377502,0.5875675678253174,0.6603083610534668,0.5366085171699524,0.6807298064231873,0.587069034576416,0.6608712673187256,0.5366464853286743,0.6838504672050476,0.5782511830329895,0.8482195138931274,0.5593059659004211,0.8566844463348389,0.5681383013725281,0.8336608409881592,0.5558164119720459,0.8219890594482422,0.5763701796531677,0.8731896281242371,0.5662373900413513,0.8917660713195801,0.5749430060386658,0.8722382187843323,0.5647565722465515,0.8980225324630737,0.5836750268936157,0.9124590754508972,0.5767716765403748,0.9305363297462463,1
0.585946261882782,0.8188987970352173,0.5904508233070374,0.8058485388755798,0.5915525555610657,0.8041212558746338,0.5926645398139954,0.8023766279220581,0.5858975648880005,0.805618405342102,0.5839793682098389,0.8033277988433838,0.5819512009620667,0.8011006116867065,0.5903218984603882,0.7799191474914551,0.5735084414482117,0.779180645942688,0.5825915932655334,0.8134571313858032,0.5779717564582825,0.8115761280059814,0.5812347531318665,0.7501183152198792,0.5372946262359619,0.7680610418319702,0.5842884182929993,0.7152636051177979,0.5206459164619446,0.7558227181434631,0.5726367235183716,0.6988081932067871,0.5354843735694885,0.677790641784668,0.5709474682807922,0.6934455633163452,0.5385687947273254,0.6563045382499695,0.5692563056945801,0.6946843266487122,0.5385434627532959,0.6506937742233276,0.5688561797142029,0.6959710121154785,0.5385602116584778,0.6587933897972107,0.5700814127922058,0.8549763560295105,0.5449762940406799,0.8687667846679688,0.5692207217216492,0.7899084687232971,0.5414817333221436,0.786218523979187,0.570101261138916,0.7668817043304443,0.5558639168739319,0.7650601267814636,0.5685997009277344,0.7596884369850159,0.5574355125427246,0.7626269459724426,0.5670393705368042,0.7835266590118408,0.5597749948501587,0.7672235369682312,1
0.5888941287994385,0.7883327603340149,0.591812252998352,0.7752256393432617,0.5928488969802856,0.7734431028366089,0.5939171314239502,0.7716164588928223,0.5868530869483948,0.776918888092041,0.5849791765213013,0.7759497761726379,0.5829576253890991,0.7750322222709656,0.5915020108222961,0.7538869976997375,0.5746697783470154,0.7598578929901123,0.5867916941642761,0.7868947386741638,0.5823788642883301,0.7871595025062561,0.5876762866973877,0.733169436454773,0.5432434678077698,0.7607536911964417,0.5937225222587585,0.7162284851074219,0.5204424858093262,0.7727503180503845,0.5897833108901978,0.7706744074821472,0.5275670289993286,0.7561859488487244,0.5929932594299316,0.7782453298568726,0.5254642963409424,0.7538802623748779,0.5893555283546448,0.782416045665741,0.529810905456543,0.7400741577148438,0.5869351625442505,0.7811670899391174,0.5314264297485352,0.7415415644645691,0.5766381025314331,0.834507405757904,0.5540152192115784,0.8459500074386597,0.5656082034111023,0.8321418762207031,0.5494177937507629,0.8308867812156677,0.5682749152183533,0.8514528274536133,0.5545705556869507,0.8587396740913391,0.5672302842140198,0.8430734872817993,0.554263710975647,0.855171799659729,0.56798255443573,0.8880744576454163,0.5597128868103027,0.8846786618232727,1
0.5872097611427307,0.809641420841217,0.5909106135368347,0.7934595346450806,0.5924397110939026,0.7915117740631104,0.5939919352531433,0.7895123958587646,0.5845381021499634,0.7951563000679016,0.5821083784103394,0.793961226940155,0.5795412063598633,0.7928261756896973,0.5917832255363464,0.7698040008544922,0.569908618927002,0.7757889032363892,0.5854374766349792,0.8079797029495239,0.579337477684021,0.8081315159797668,0.5883585810661316,0.7410677075386047,0.5350865125656128,0.7726373076438904,0.5982769727706909,0.7083223462104797,0.5122388601303101,0.7777997851371765,0.5920716524124146,0.7513071298599243,0.5278040766716003,0.7327869534492493,0.5951924920082092,0.7548239827156067,0.5269821882247925,0.7205957174301147,0.5908889174461365,0.7589791417121887,0.5313372015953064,0.706100583076477,0.5880059599876404,0.7602417469024658,0.5333759188652039,0.7112917900085449,0.5770848393440247,0.8405947089195251,0.5489944219589233,0.8594204783439636,0.5717589855194092,0.8499032258987427,0.5491341352462769,0.8609667420387268,0.5707546472549438,0.8709420561790466,0.5523144006729126,0.879371702671051,0.5688917636871338,0.8645498156547546,0.5510876774787903,0.875584602355957,0.5706168413162231,0.9088108539581299,0.5603834390640259,0.9040008187294006,1
0.5605320930480957,0.7011929750442505,0.5592910051345825,0.6894976496696472,0.5596721172332764,0.689094603061676,0.5600780844688416,0.6886579394340515,0.5574540495872498,0.6898713707923889,0.5565374493598938,0.6897863149642944,0.555522084236145,0.6898267269134521,0.5578895807266235,0.6892603635787964,0.5519302487373352,0.6911027431488037,0.5609393119812012,0.7092199325561523,0.5582894682884216,0.710181474685669,0.5602883100509644,0.7255107164382935,0.5463637709617615,0.747719407081604,0.5626068115234375,0.7374613285064697,0.5478892922401428,0.8068934679031372,0.5631773471832275,0.7216086983680725,0.5578871965408325,0.7733864188194275,0.5621460676193237,0.7154849171638489,0.560969889163971,0.7656351923942566,0.5641337633132935,0.7189429998397827,0.5600579977035522,0.7551798820495605,0.563917875289917,0.7232012748718262,0.5593034029006958,0.7570963501930237,0.5729974508285522,0.8663298487663269,0.5658416748046875,0.8832720518112183,0.5681049227714539,0.8466870784759521,0.5600841641426086,0.8479037284851074,0.5734965801239014,0.8982675671577454,0.5705792903900146,0.9063369631767273,0.5702149868011475,0.9065678119659424,0.5678027868270874,0.9133546352386475,0.5828036069869995,0.9103386402130127,0.5830280780792236,0.920647919178009,1
0.5711049437522888,0.6884269714355469,0.5704813599586487,0.6748000383377075,0.5708829164505005,0.6736723184585571,0.5713095664978027,0.672486424446106,0.5684857368469238,0.6764674186706543,0.5674900412559509,0.6763386726379395,0.5663548707962036,0.6762406826019287,0.5695642232894897,0.6683566570281982,0.5624882578849792,0.6735289096832275,0.5713257193565369,0.6941335201263428,0.5689302086830139,0.6954152584075928,0.5750943422317505,0.6993051767349243,0.5533394813537598,0.7116714715957642,0.5812318325042725,0.7190953493118286,0.5448290109634399,0.743106484413147,0.5609585046768188,0.7537973523139954,0.5445292592048645,0.7146784663200378,0.5563896894454956,0.7607314586639404,0.5437577366828918,0.7045865654945374,0.553459107875824,0.7662155032157898,0.5443796515464783,0.7018145322799683,0.5545132756233215,0.7641080021858215,0.5454619526863098,0.7062429189682007,0.5800527334213257,0.837333083152771,0.565965473651886,0.8474382162094116,0.5721160769462585,0.7614805698394775,0.5535123944282532,0.7477076649665833,0.5655202865600586,0.72449791431427,0.5596835017204285,0.7108714580535889,0.5625454783439636,0.7201659083366394,0.5589408874511719,0.7087215185165405,0.5684579610824585,0.7166638374328613,0.5657345056533813,0.6984254121780396,1
0.564995527267456,0.6834685802459717,0.5612107515335083,0.6730569005012512,0.5610603094100952,0.6711972951889038,0.5609309673309326,0.6692767143249512,0.5606865286827087,0.6781772971153259,0.5601955652236938,0.6798631548881531,0.5595822930335999,0.6816885471343994,0.5590416789054871,0.6682029962539673,0.5569005012512207,0.6857261657714844,0.5665552616119385,0.6862117648124695,0.5657020211219788,0.6920090913772583,0.5689895749092102,0.6857302188873291,0.5611914992332458,0.7285911440849304,0.588672935962677,0.6830815076828003,0.5740163922309875,0.7662476301193237,0.5866944193840027,0.7312992811203003,0.5787968635559082,0.7931013107299805,0.5855286717414856,0.7396338582038879,0.578581690788269,0.7994228005409241,0.5842348337173462,0.7497820258140564,0.5787481069564819,0.8012239336967468,0.5847596526145935,0.7491344809532166,0.5798552632331848,0.7977803945541382,0.592557430267334,0.8224155902862549,0.5875197052955627,0.8421777486801147,0.5669554471969604,0.778206467628479,0.5665438175201416,0.7916544079780579,0.5714868307113647,0.8129160404205322,0.5722346305847168,0.8300215005874634,0.5692811608314514,0.8178749084472656,0.5702611804008484,0.8360198736190796,0.5819385051727295,0.8254553079605103,0.58278489112854,0.8414573669433594,1
0.5572493076324463,0.7116691470146179,0.5550706386566162,0.6971885561943054,0.5554543733596802,0.6946033835411072,0.555850088596344,0.6919467449188232,0.552981972694397,0.7025654911994934,0.5519136786460876,0.7037878632545471,0.5507434606552124,0.7051400542259216,0.5533899664878845,0.6841982007026672,0.5459490418434143,0.7029660940170288,0.5578538775444031,0.7123187780380249,0.5551815629005432,0.7183359861373901,0.5552986264228821,0.6885298490524292,0.5375168323516846,0.7527453899383545,0.5620827674865723,0.6666300296783447,0.5427837371826172,0.8016953468322754,0.5496793389320374,0.6641542315483093,0.556186318397522,0.7620351910591125,0.5456991195678711,0.6621749401092529,0.560829222202301,0.7558286190032959,0.5460471510887146,0.6660271883010864,0.5590934157371521,0.7451478838920593,0.5472379922866821,0.6697586178779602,0.5574907660484314,0.7454958558082581,0.5733889937400818,0.832202136516571,0.5639641284942627,0.8665143847465515,0.5659704208374023,0.8100436329841614,0.5576264262199402,0.8404772281646729,0.5683251023292542,0.8559057116508484,0.5658009052276611,0.8924321532249451,0.5634962916374207,0.8636302351951599,0.562328040599823,0.9020664691925049,0.5840307474136353,0.8750906586647034,0.5831441879272461,0.9057921767234802,1
0.5494682192802429,0.6834980249404907,0.5472291707992554,0.6714842319488525,0.5472181439399719,0.6710130572319031,0.5472162961959839,0.6704379916191101,0.5462541580200195,0.6720766425132751,0.5454808473587036,0.6719377040863037,0.5445914268493652,0.6720823645591736,0.5436540842056274,0.6689413785934448,0.539812445640564,0.6721526384353638,0.5486859083175659,0.6908680200576782,0.5474697351455688,0.6909538507461548,0.5450010895729065,0.691109299659729,0.5338336229324341,0.7082980275154114,0.5669668316841125,0.6636985540390015,0.5358763933181763,0.725462794303894,0.5663897395133972,0.6892221570014954,0.5372093915939331,0.6832135915756226,0.5664067268371582,0.6943399906158447,0.5381343960762024,0.6708704233169556,0.5644267797470093,0.7019736766815186,0.5366917252540588,0.6702628135681152,0.5639492869377136,0.7018454670906067,0.5368353128433228,0.6761043667793274,0.5846356153488159,0.841966450214386,0.5787754654884338,0.8514408469200134,0.5786005258560181,0.7645617723464966,0.5578924417495728,0.7575435638427734,0.5719529390335083,0.8286733627319336,0.5726628303527832,0.8214895725250244,0.5664800405502319,0.844169557094574,0.5704082250595093,0.8341906070709229,0.5807961225509644,0.8336399793624878,0.583953320980072,0.8395152688026428,1
0.5532619953155518,0.6881433725357056,0.5504169464111328,0.6776421070098877,0.5505920052528381,0.6767444014549255,0.5507829785346985,0.675762951374054,0.5494828820228577,0.6794635057449341,0.5490104556083679,0.6798321008682251,0.5484170317649841,0.6805042624473572,0.5507848262786865,0.6744468212127686,0.5473713278770447,0.6813403367996216,0.5556445121765137,0.6927342414855957,0.5545076727867126,0.6948729157447815,0.5637527108192444,0.6931529641151428,0.5519841909408569,0.7077970504760742,0.5758970379829407,0.677208423614502,0.5460475087165833,0.7029320001602173,0.5688315629959106,0.7153777480125427,0.5349450707435608,0.6697742342948914,0.5667611360549927,0.7229021787643433,0.5316298007965088,0.6568697094917297,0.5660592913627625,0.7313098311424255,0.5306231379508972,0.6618497967720032,0.5666805505752563,0.7291733026504517,0.5326493382453918,0.6675589084625244,0.603376567363739,0.8291773796081543,0.5972415804862976,0.8369588255882263,0.5896920561790466,0.7909473180770874,0.5809566974639893,0.7853372097015381,0.5884825587272644,0.8463132977485657,0.590441107749939,0.8549883365631104,0.5858558416366577,0.8557333946228027,0.5907263159751892,0.8660768270492554,0.5906311869621277,0.8784924745559692,0.5938073992729187,0.878893256187439,1
0.5558239221572876,0.7112348675727844,0.5525307655334473,0.7024331092834473,0.5524964332580566,0.7007478475570679,0.5524888038635254,0.6989954113960266,0.5520920753479004,0.7067731618881226,0.5517883896827698,0.7080655694007874,0.5513474941253662,0.7095599174499512,0.551956832408905,0.6941910982131958,0.5499420166015625,0.7093542814254761,0.5579086542129517,0.7113707065582275,0.5573714971542358,0.716060221195221,0.5646763443946838,0.7018201351165771,0.5532020330429077,0.7311040759086609,0.5778061151504517,0.7061532139778137,0.5526676177978516,0.7546336054801941,0.5632743239402771,0.7792794108390808,0.5489273071289062,0.7465114593505859,0.5603645443916321,0.7993708848953247,0.5485973358154297,0.7457413673400879,0.5573335289955139,0.8054814338684082,0.5479272603988647,0.7444316148757935,0.5587621927261353,0.7992063760757446,0.548774242401123,0.7458439469337463,0.5916367173194885,0.8141658306121826,0.5821033716201782,0.832511305809021,0.5751909017562866,0.764068067073822,0.5495755672454834,0.7778152227401733,0.5763677954673767,0.8405442237854004,0.5744326710700989,0.860463559627533,0.5726130604743958,0.8458740711212158,0.5742416381835938,0.868681013584137,0.5869814157485962,0.8723441958427429,0.590853214263916,0.8932310342788696,1
0.0,0.0,0.0,0.0,0.0,0.0,0.0,0.0,0.0,0.0,0.0,0.0,0.0,0.0,0.0,0.0,0.0,0.0,0.0,0.0,0.0,0.0,0.0,0.0,0.0,0.0,0.0,0.0,0.0,0.0,0.0,0.0,0.0,0.0,0.0,0.0,0.0,0.0,0.0,0.0,0.0,0.0,0.0,0.0,0.0,0.0,0.0,0.0,0.0,0.0,0.0,0.0,0.0,0.0,0.0,0.0,0.0,0.0,0.0,0.0,0.0,0.0,0.0,0.0,0.0,0.0,1
0.5454049706459045,0.7246410846710205,0.5431879758834839,0.7105622291564941,0.5433191061019897,0.7082797884941101,0.5434638261795044,0.7059268951416016,0.5416609048843384,0.715103268623352,0.5405256748199463,0.7160777449607849,0.5392889380455017,0.7172383666038513,0.5390005707740784,0.6999495625495911,0.5329789519309998,0.7161557674407959,0.544635534286499,0.7272023558616638,0.5424116253852844,0.7320467233657837,0.5350826978683472,0.705111563205719,0.5241434574127197,0.7521939277648926,0.5575027465820312,0.6553208231925964,0.5364359617233276,0.7550992965698242,0.5419576168060303,0.6548372507095337,0.5412440299987793,0.6857954859733582,0.5378158092498779,0.6596335768699646,0.5453025698661804,0.6719712018966675,0.534951388835907,0.6617652773857117,0.5404922962188721,0.665153443813324,0.536521852016449,0.6623945236206055,0.539228618144989,0.6707895994186401,0.5596426725387573,0.8547593951225281,0.5540350675582886,0.8824228048324585,0.5580152273178101,0.7491567730903625,0.5506818294525146,0.7532545924186707,0.5657710433006287,0.8164211511611938,0.5637961030006409,0.8339800238609314,0.5627564787864685,0.8294263482093811,0.5605028867721558,0.8515454530715942,0.5792191028594971,0.8335140943527222,0.5808266401290894,0.848279595375061,1
0.5494951009750366,0.7228841185569763,0.5475900173187256,0.7093597054481506,0.5475650429725647,0.7073844075202942,0.5475542545318604,0.705346941947937,0.5463857054710388,0.7133326530456543,0.5453816652297974,0.7140706181526184,0.5442696213722229,0.7149547338485718,0.5430124998092651,0.6998376846313477,0.538114070892334,0.7135318517684937,0.548225998878479,0.7261444330215454,0.5464326739311218,0.730039656162262,0.5381104946136475,0.7082229256629944,0.5281585454940796,0.751695990562439,0.553141713142395,0.6633124351501465,0.5334522724151611,0.7422140836715698,0.5367549657821655,0.6455690860748291,0.5332817435264587,0.6481435298919678,0.5319386720657349,0.643273651599884,0.5354160666465759,0.6254587173461914,0.5301562547683716,0.6445762515068054,0.530683159828186,0.6202390193939209,0.5318015813827515,0.6474028825759888,0.5301517248153687,0.6289927959442139,0.5613081455230713,0.861819863319397,0.5555789470672607,0.8888232111930847,0.559154748916626,0.7633320689201355,0.5521905422210693,0.7674624919891357,0.5664175748825073,0.8220771551132202,0.5657159090042114,0.8491399884223938,0.5630106329917908,0.8303627967834473,0.5627132654190063,0.8639883995056152,0.5795705914497375,0.8469173312187195,0.5812435150146484,0.8702873587608337,1
0.5791617631912231,0.7133893966674805,0.5799917578697205,0.710975170135498,0.5790596008300781,0.7113531231880188,0.578126847743988,0.7117164134979248,0.581335723400116,0.7101331949234009,0.5813873410224915,0.7095054984092712,0.5813462138175964,0.7091104388237,0.5734387040138245,0.7121638059616089,0.577513575553894,0.7090145349502563,0.5743317008018494,0.7174944877624512,0.5759316682815552,0.7149396538734436,0.5555874705314636,0.7294466495513916,0.568678081035614,0.7222744226455688,0.5548820495605469,0.6716039776802063,0.5631393790245056,0.6766801476478577,0.5470795035362244,0.6563864350318909,0.5431103706359863,0.6384156942367554,0.5431281924247742,0.6543967723846436,0.5383903980255127,0.6263206601142883,0.5447713732719421,0.6578980684280396,0.5363742113113403,0.6335850954055786,0.5462755560874939,0.6578421592712402,0.5377680063247681,0.6374729871749878,0.5940914154052734,0.8516374826431274,0.6019871234893799,0.8451504707336426,0.5811904668807983,0.8384491801261902,0.5924773216247559,0.8169432878494263,0.5811586380004883,0.8398392796516418,0.5856826305389404,0.8424663543701172,0.5800446271896362,0.837603747844696,0.5836108326911926,0.8433420658111572,0.5830885171890259,0.8449184894561768,0.5840549468994141,0.8610252141952515,1
0.0,0.0,0.0,0.0,0.0,0.0,0.0,0.0,0.0,0.0,0.0,0.0,0.0,0.0,0.0,0.0,0.0,0.0,0.0,0.0,0.0,0.0,0.0,0.0,0.0,0.0,0.0,0.0,0.0,0.0,0.0,0.0,0.0,0.0,0.0,0.0,0.0,0.0,0.0,0.0,0.0,0.0,0.0,0.0,0.0,0.0,0.0,0.0,0.0,0.0,0.0,0.0,0.0,0.0,0.0,0.0,0.0,0.0,0.0,0.0,0.0,0.0,0.0,0.0,0.0,0.0,1
0.5658813714981079,0.7125779986381531,0.5633814930915833,0.7057252526283264,0.563095211982727,0.704801082611084,0.5628256797790527,0.7038143277168274,0.5632997751235962,0.7078850865364075,0.5629928112030029,0.7085352540016174,0.5625767111778259,0.7094587087631226,0.560303270816803,0.7031266689300537,0.5596537590026855,0.7115142345428467,0.5656305551528931,0.7153552770614624,0.5654538869857788,0.7177960872650146,0.5604962706565857,0.7128225564956665,0.5580644607543945,0.7392865419387817,0.5703763365745544,0.6735097765922546,0.5569123029708862,0.7166523337364197,0.5612715482711792,0.6532843112945557,0.5424352884292603,0.6471191644668579,0.5571753978729248,0.6486445665359497,0.5400515198707581,0.6280565857887268,0.5565583109855652,0.649945080280304,0.5355615019798279,0.6259365081787109,0.5582416653633118,0.6523393392562866,0.5361179709434509,0.6328274011611938,0.5935364365577698,0.8357293009757996,0.5935719013214111,0.8479626774787903,0.5866802334785461,0.8249692916870117,0.5836415886878967,0.8340311646461487,0.5840629935264587,0.861372709274292,0.5871751308441162,0.8771095275878906,0.5819722414016724,0.8642795085906982,0.5870976448059082,0.8822461366653442,0.5887912511825562,0.8750373721122742,0.5885941386222839,0.893369197845459,1
0.5499797463417053,0.724083423614502,0.5478945374488831,0.7106322050094604,0.5478376150131226,0.7088116407394409,0.5477904081344604,0.7069258689880371,0.5468818545341492,0.7140400409698486,0.54599928855896,0.7145531177520752,0.5450096726417542,0.7152270674705505,0.5434603095054626,0.7011615633964539,0.5391689538955688,0.7132184505462646,0.5488384366035461,0.7273966670036316,0.5473157167434692,0.7306510210037231,0.5382793545722961,0.7109968066215515,0.5308606028556824,0.7481555342674255,0.5608366131782532,0.6784076690673828,0.5417640209197998,0.7489616870880127,0.548924446105957,0.6725623607635498,0.5433481931686401,0.6670905351638794,0.5452398061752319,0.6742333173751831,0.5463230013847351,0.6476175785064697,0.5429379940032959,0.6740056276321411,0.5410586595535278,0.6404696702957153,0.5442857146263123,0.6752609014511108,0.5400524139404297,0.6478292942047119,0.5615573525428772,0.8572554588317871,0.5586338639259338,0.8820886611938477,0.5520186424255371,0.7598476409912109,0.5491797924041748,0.7626008987426758,0.5684143304824829,0.8107593655586243,0.5679943561553955,0.8338527083396912,0.5659598708152771,0.8189921379089355,0.5652439594268799,0.848119854927063,0.5852863192558289,0.829241156578064,0.5859841108322144,0.8483156561851501,1
0.5538694262504578,0.6872770190238953,0.5511545538902283,0.6767512559890747,0.551074206829071,0.6752541661262512,0.5510243773460388,0.673690140247345,0.5507373809814453,0.6796322464942932,0.5503432750701904,0.6801444292068481,0.5498334169387817,0.6808232665061951,0.5496698021888733,0.6702781915664673,0.547825276851654,0.6804198622703552,0.5549278855323792,0.6900085210800171,0.55413419008255,0.6934186816215515,0.5567474961280823,0.6855930089950562,0.5507838129997253,0.7098697423934937,0.5659993886947632,0.6622653007507324,0.5463322401046753,0.724647045135498,0.5470682382583618,0.6681404113769531,0.5350973010063171,0.6596688032150269,0.5418233871459961,0.6710577607154846,0.533609926700592,0.6422563195228577,0.5411648750305176,0.6739367246627808,0.5309463143348694,0.640116274356842,0.5430666208267212,0.674111545085907,0.5318006873130798,0.6471009850502014,0.5859495997428894,0.8382462859153748,0.582433819770813,0.8482205867767334,0.5548655390739441,0.7717732787132263,0.5499924421310425,0.7502909898757935,0.5662760138511658,0.810418963432312,0.5651730895042419,0.8138763904571533,0.5663313865661621,0.8131232261657715,0.5658825635910034,0.8241814374923706,0.5745046734809875,0.8277934193611145,0.5742668509483337,0.8314431309700012,1
0.5604465007781982,0.7153201103210449,0.5584708452224731,0.7042938470840454,0.5582435131072998,0.7025730609893799,0.5580300688743591,0.7007828950881958,0.557912290096283,0.7075192928314209,0.5572509765625,0.7079344391822815,0.5564690232276917,0.7085080146789551,0.5541712641716003,0.6946154832839966,0.5514194965362549,0.7059844732284546,0.5592566728591919,0.7171233892440796,0.5584117770195007,0.7200928926467896,0.5499880313873291,0.7007585763931274,0.5445401668548584,0.7321230173110962,0.5647050142288208,0.6555072069168091,0.5485491156578064,0.7314602732658386,0.550698459148407,0.6564806699752808,0.5441629886627197,0.660459041595459,0.5463718771934509,0.6578311920166016,0.5450007319450378,0.6422637701034546,0.5455344319343567,0.66074138879776,0.5409842729568481,0.6386219263076782,0.5472126007080078,0.6614660620689392,0.5407722592353821,0.6452635526657104,0.5733621120452881,0.839209794998169,0.5703370571136475,0.8577110767364502,0.5531843304634094,0.7651735544204712,0.5521414875984192,0.7617266178131104,0.5646423697471619,0.806198239326477,0.5633459091186523,0.8241673111915588,0.5624897480010986,0.8088299036026001,0.5602793097496033,0.8345460295677185,0.5779871344566345,0.8287855982780457,0.5782029032707214,0.8424199223518372,1
0.5556882619857788,0.6889808773994446,0.5536283850669861,0.6748266220092773,0.5535204410552979,0.6731574535369873,0.553437352180481,0.6714022159576416,0.5526547431945801,0.6777924299240112,0.551756739616394,0.6781390309333801,0.5507398247718811,0.6786582469940186,0.5490005612373352,0.6671762466430664,0.5450379848480225,0.6774736642837524,0.5544567704200745,0.6942060589790344,0.5529968738555908,0.6970263123512268,0.5474582314491272,0.6851189732551575,0.5366222262382507,0.7241746783256531,0.5622090101242065,0.6669797301292419,0.5401860475540161,0.7364507913589478,0.5452982187271118,0.6561226844787598,0.5365881323814392,0.6569821834564209,0.5408512949943542,0.6554509997367859,0.5373008251190186,0.6385594010353088,0.5390075445175171,0.6570591926574707,0.5337182879447937,0.632208526134491,0.540404200553894,0.6588386297225952,0.5337333083152771,0.6391128301620483,0.5749205946922302,0.8486348986625671,0.5687965750694275,0.8719165325164795,0.5604439377784729,0.7690778970718384,0.5555863380432129,0.7619732022285461,0.5715927481651306,0.8146044611930847,0.5703005194664001,0.8267466425895691,0.570430338382721,0.8203935027122498,0.5693736672401428,0.8387916088104248,0.5817091464996338,0.835349440574646,0.582630455493927,0.8425176739692688,1
0.5488901734352112,0.7212460041046143,0.5468493103981018,0.7082628607749939,0.5470055341720581,0.7064601182937622,0.547182023525238,0.7045944333076477,0.5450909733772278,0.7119914889335632,0.5438845753669739,0.7127522230148315,0.5425578951835632,0.7136293053627014,0.5427474975585938,0.6992202997207642,0.5360913276672363,0.7123663425445557,0.5481442213058472,0.7247101068496704,0.5456928014755249,0.7286298274993896,0.5405568480491638,0.7128878235816956,0.5265530347824097,0.7493106722831726,0.5644254088401794,0.6826673150062561,0.5387898087501526,0.7719499468803406,0.5548670291900635,0.6957399845123291,0.5509947538375854,0.7346651554107666,0.5523455739021301,0.7008764147758484,0.5555575489997864,0.7278929948806763,0.54976886510849,0.7045265436172485,0.552833616733551,0.7215291261672974,0.5505719184875488,0.705298125743866,0.5515317916870117,0.7252914309501648,0.557080090045929,0.8555729985237122,0.5484001040458679,0.8825306296348572,0.5589620471000671,0.7450753450393677,0.5491556525230408,0.7556838989257812,0.5639628171920776,0.8183914422988892,0.5608534812927246,0.853316605091095,0.5587061047554016,0.8301001787185669,0.5552600622177124,0.8708247542381287,0.5815539360046387,0.8462761044502258,0.5834495425224304,0.8785521984100342,1
0.5653096437454224,0.6664097309112549,0.5643478035926819,0.6511291265487671,0.564241886138916,0.6502146124839783,0.5641502737998962,0.6492151021957397,0.5629792213439941,0.6524469256401062,0.5618654489517212,0.6521871089935303,0.5606164932250977,0.6520549058914185,0.558847188949585,0.6458749771118164,0.5535682439804077,0.6506762504577637,0.5627924799919128,0.6745942831039429,0.5609317421913147,0.6751253008842468,0.553589940071106,0.6774455904960632,0.5397106409072876,0.700729489326477,0.5702975988388062,0.6649582982063293,0.5476513504981995,0.7164789438247681,0.56413733959198,0.6778804063796997,0.5572836995124817,0.6627743244171143,0.5615234375,0.6795896291732788,0.5596511960029602,0.6486798524856567,0.5591326951980591,0.6855795383453369,0.5580935478210449,0.6420618891716003,0.55964595079422,0.6858210563659668,0.5579332113265991,0.6472848653793335,0.5715014934539795,0.8578550815582275,0.5641520023345947,0.8727670907974243,0.5616025924682617,0.7724640369415283,0.5543803572654724,0.7674893140792847,0.5569972991943359,0.8028393983840942,0.5575453639030457,0.8098083734512329,0.5522391200065613,0.807816743850708,0.5547959208488464,0.817477822303772,0.5631545782089233,0.8191405534744263,0.5643131732940674,0.8242219686508179,1
0.5472580790519714,0.6757829785346985,0.545444130897522,0.662655234336853,0.5458123087882996,0.6613081693649292,0.5461925864219666,0.6598443984985352,0.5436893701553345,0.6654484272003174,0.5426852107048035,0.666031002998352,0.5415449738502502,0.6668279767036438,0.5437489151954651,0.6576182246208191,0.5372806191444397,0.6673710346221924,0.5479876399040222,0.6817353963851929,0.5454775094985962,0.6847964525222778,0.5511707663536072,0.6781522035598755,0.5305172801017761,0.7171729803085327,0.5782007575035095,0.6562318801879883,0.5296229720115662,0.7419054508209229,0.5713416934013367,0.6948308944702148,0.5326211452484131,0.6932229995727539,0.5708194971084595,0.7060798406600952,0.5345646142959595,0.6827192306518555,0.5672709345817566,0.7134054899215698,0.5329813957214355,0.6765474081039429,0.5670157074928284,0.7122621536254883,0.532889723777771,0.6824451684951782,0.5753586888313293,0.8174087405204773,0.5636712312698364,0.8490779995918274,0.5651953816413879,0.7136310935020447,0.5510549545288086,0.721847414970398,0.5770373940467834,0.8009468913078308,0.573141872882843,0.8114967346191406,0.5736798644065857,0.8160417675971985,0.5712023377418518,0.826503574848175,0.5933154225349426,0.827125608921051,0.5938485264778137,0.8372646570205688,1
0.5740904808044434,0.6711069941520691,0.5738733410835266,0.654921293258667,0.5741822719573975,0.6535255908966064,0.5745131373405457,0.6520293354988098,0.5712692737579346,0.6567298173904419,0.5696430206298828,0.6563861966133118,0.5678733587265015,0.6561810970306396,0.5690339803695679,0.6456277966499329,0.5594010353088379,0.6522119045257568,0.5716044306755066,0.6773471236228943,0.5682476162910461,0.6785164475440979,0.5651146769523621,0.666934609413147,0.5389944911003113,0.7007554173469543,0.5928127765655518,0.649677038192749,0.5434358716011047,0.7424664497375488,0.5769237279891968,0.6657077074050903,0.5569977760314941,0.6976104974746704,0.5722404718399048,0.67161625623703,0.5608449578285217,0.6889029145240784,0.5678597092628479,0.6731424927711487,0.5598649978637695,0.6787930727005005,0.5689598321914673,0.6726964116096497,0.559287428855896,0.6824353933334351,0.576400637626648,0.859549880027771,0.5624068379402161,0.8738877773284912,0.5702314376831055,0.7994096875190735,0.5571836829185486,0.7706389427185059,0.5649811029434204,0.8136379718780518,0.5611101984977722,0.811154842376709,0.5605853199958801,0.8158074021339417,0.5584163069725037,0.8196433186531067,0.5700121521949768,0.828799843788147,0.568053662776947,0.8260160684585571,1
0.5704187154769897,0.7496933937072754,0.572069525718689,0.7290889024734497,0.5736277103424072,0.7261468172073364,0.5752369165420532,0.7231520414352417,0.5660520195960999,0.7334375381469727,0.5637655258178711,0.7333654761314392,0.5613147616386414,0.7333447933197021,0.5739657282829285,0.705750584602356,0.5533468127250671,0.7207624912261963,0.5710062980651855,0.7496983408927917,0.5648490786552429,0.7537096738815308,0.5831210017204285,0.6919375658035278,0.5275135040283203,0.7359672784805298,0.6143670678138733,0.678817629814148,0.508500874042511,0.7466611862182617,0.6113450527191162,0.740503191947937,0.5207547545433044,0.7211513519287109,0.6155881881713867,0.752027153968811,0.5209866762161255,0.7187795042991638,0.6086847186088562,0.7576075792312622,0.5243712663650513,0.7057257890701294,0.6052513122558594,0.7565712332725525,0.5255486369132996,0.7086371183395386,0.5778228640556335,0.8436167240142822,0.5495216250419617,0.8629634380340576,0.5741411447525024,0.738772988319397,0.5479777455329895,0.7437443733215332,0.5749366879463196,0.7566468715667725,0.560500979423523,0.7703605890274048,0.574705183506012,0.7532870769500732,0.5631225109100342,0.772114098072052,0.5726599097251892,0.7876936197280884,0.5641540288925171,0.7909194827079773,1
0.5597370266914368,0.70073401927948,0.559109091758728,0.6837078332901001,0.5593119263648987,0.681922435760498,0.5595179200172424,0.6800524592399597,0.556861400604248,0.6867830157279968,0.5553987622261047,0.6868688464164734,0.5538177490234375,0.687128484249115,0.5539820790290833,0.6722702383995056,0.5455116629600525,0.6830436587333679,0.5572656989097595,0.7061800956726074,0.5543616414070129,0.7086644172668457,0.5476320385932922,0.6920748949050903,0.528171956539154,0.7377038598060608,0.5732108950614929,0.6904263496398926,0.544840395450592,0.7871760129928589,0.5719942450523376,0.7307542562484741,0.5611288547515869,0.7760401368141174,0.5714680552482605,0.7398767471313477,0.5652502775192261,0.7750800848007202,0.568913459777832,0.7458052635192871,0.5639292597770691,0.7679635882377625,0.5684672594070435,0.7449314594268799,0.5630764365196228,0.7674978375434875,0.5651806592941284,0.8615223169326782,0.5560874938964844,0.8875518441200256,0.5681347250938416,0.7951112985610962,0.5631970763206482,0.8108127117156982,0.5680615901947021,0.8600939512252808,0.5654356479644775,0.8844890594482422,0.5629911422729492,0.8699246644973755,0.5601996183395386,0.8965638279914856,0.5793166160583496,0.8862935304641724,0.579261839389801,0.9098029136657715,1
0.5565598607063293,0.6713586449623108,0.5547290444374084,0.6565118432044983,0.5547417998313904,0.6553106307983398,0.5547574758529663,0.654018759727478,0.5532285571098328,0.6588162183761597,0.552105724811554,0.659011721611023,0.5508455634117126,0.6594063639640808,0.5499757528305054,0.650536060333252,0.5441544055938721,0.6587790250778198,0.5552604794502258,0.6781957745552063,0.5531348586082458,0.6801425218582153,0.5462377667427063,0.6715292930603027,0.5330147743225098,0.7049890756607056,0.5669606328010559,0.629348874092102,0.5415215492248535,0.7142272591590881,0.5538963079452515,0.6441504955291748,0.5472615957260132,0.6617053747177124,0.5493575930595398,0.6492235660552979,0.5500363111495972,0.6485247015953064,0.5477290749549866,0.6535756587982178,0.5465982556343079,0.6450114250183105,0.5493065118789673,0.6534981727600098,0.5460497736930847,0.6499686241149902,0.5705655217170715,0.8409953117370605,0.5645467638969421,0.8617661595344543,0.5614830851554871,0.756095826625824,0.5570274591445923,0.750525951385498,0.565999448299408,0.831391453742981,0.565983235836029,0.8577754497528076,0.5604987144470215,0.8385055661201477,0.560100793838501,0.8732577562332153,0.5821772813796997,0.8667824268341064,0.5796574950218201,0.9007660150527954,1
0.5611218810081482,0.652841329574585,0.5590578317642212,0.6392143368721008,0.5589624047279358,0.6383867263793945,0.5588913559913635,0.6374742984771729,0.5579933524131775,0.640432596206665,0.5570608973503113,0.6403600573539734,0.5559824705123901,0.6404411792755127,0.5543030500411987,0.6359506845474243,0.5501506328582764,0.6408367156982422,0.5597794651985168,0.6606494188308716,0.5581351518630981,0.6617379188537598,0.5516332387924194,0.6641659736633301,0.5415740013122559,0.6940847039222717,0.5633606314659119,0.6595779657363892,0.5497614741325378,0.7605918645858765,0.5474772453308105,0.6461997628211975,0.5586209893226624,0.7519074082374573,0.5428639054298401,0.6435608863830566,0.5618981122970581,0.7513079047203064,0.5416200160980225,0.6446270942687988,0.5604628324508667,0.7453597784042358,0.5431157946586609,0.6471087336540222,0.5598350167274475,0.7450769543647766,0.5739956498146057,0.841196596622467,0.5681459307670593,0.8579132556915283,0.5654575824737549,0.7791469097137451,0.5574629306793213,0.783133327960968,0.5645385980606079,0.847728431224823,0.5642921924591064,0.8658023476600647,0.5591506958007812,0.8582926988601685,0.5597505569458008,0.879997968673706,0.5776523351669312,0.8729607462882996,0.5790237188339233,0.8888864517211914,1
0.5557507276535034,0.7020198106765747,0.5539900064468384,0.6932613253593445,0.5540251135826111,0.6922380924224854,0.554092526435852,0.6911178827285767,0.5531307458877563,0.695591926574707,0.5524934530258179,0.6963223218917847,0.5517387390136719,0.6972102522850037,0.5518709421157837,0.6923480033874512,0.5484808683395386,0.7009649872779846,0.555786669254303,0.7074747085571289,0.5544909238815308,0.7101607322692871,0.5561282634735107,0.7115955352783203,0.5442686676979065,0.7427443265914917,0.5656780004501343,0.6924582719802856,0.5445752739906311,0.7364912033081055,0.5563384294509888,0.6984277963638306,0.5385253429412842,0.6630474328994751,0.5536705255508423,0.6983609199523926,0.5376898050308228,0.643464207649231,0.5520101189613342,0.7046765685081482,0.534954309463501,0.6392576098442078,0.5525360703468323,0.7061887979507446,0.5355677604675293,0.6466708183288574,0.5796737670898438,0.8536537885665894,0.5726429224014282,0.8707597255706787,0.5654664635658264,0.8253013491630554,0.5608127117156982,0.8338181972503662,0.568671703338623,0.848845899105072,0.5679686665534973,0.858269214630127,0.5678579807281494,0.8533846139907837,0.5681471824645996,0.8640419244766235,0.5737320780754089,0.854973316192627,0.5734497904777527,0.8612837195396423,1
0.563738226890564,0.7143034934997559,0.5616070628166199,0.7019549608230591,0.5616598725318909,0.7000040411949158,0.5617230534553528,0.6980020403862,0.5606598258018494,0.7060388922691345,0.5600441098213196,0.7068659067153931,0.5592949986457825,0.7078392505645752,0.559870183467865,0.691053032875061,0.5560629367828369,0.7050281167030334,0.5643341541290283,0.7150263786315918,0.5630754232406616,0.7192666530609131,0.5640906095504761,0.7036389112472534,0.5524197220802307,0.7382830381393433,0.5805701017379761,0.7318574786186218,0.5617329478263855,0.7856323719024658,0.5775565505027771,0.7916621565818787,0.5688061118125916,0.800236701965332,0.5774065256118774,0.8056361675262451,0.5706214904785156,0.8050205707550049,0.5750892758369446,0.811978280544281,0.5698497295379639,0.8033510446548462,0.5748014450073242,0.8086914420127869,0.5699136853218079,0.8008570075035095,0.5797427892684937,0.8315131664276123,0.5736827850341797,0.8484241366386414,0.5575615167617798,0.8191487789154053,0.5577836036682129,0.8197624683380127,0.5736883878707886,0.8668215274810791,0.5706915855407715,0.8891827464103699,0.5713117122650146,0.8706144094467163,0.566632091999054,0.8978323340415955,0.5911529064178467,0.8924813270568848,0.5902779698371887,0.9136587381362915,1
0.5628573298454285,0.6835212707519531,0.5614765882492065,0.6682403683662415,0.5611496567726135,0.6666673421859741,0.5608218908309937,0.6650080680847168,0.561002254486084,0.670828104019165,0.5602508783340454,0.6707819700241089,0.5593779683113098,0.6708788871765137,0.5555232763290405,0.6582714915275574,0.5531255602836609,0.6669260263442993,0.5603151321411133,0.688225507736206,0.559345543384552,0.6901822090148926,0.5450549125671387,0.6775146722793579,0.5413799285888672,0.7141802906990051,0.5591873526573181,0.6683724522590637,0.5541645884513855,0.769912838935852,0.5520147681236267,0.6682558655738831,0.5664275884628296,0.7651939392089844,0.5485185384750366,0.6682420969009399,0.5704525709152222,0.7660982012748718,0.5493712425231934,0.6699402332305908,0.5682805180549622,0.7601448893547058,0.5507305860519409,0.6718543171882629,0.5672896504402161,0.7591722011566162,0.5649632215499878,0.8444628119468689,0.5633150935173035,0.8638404011726379,0.5604647994041443,0.7652181386947632,0.5595058798789978,0.7694935202598572,0.5667534470558167,0.8259865641593933,0.5677751302719116,0.8461199998855591,0.5622485280036926,0.8353451490402222,0.5624436736106873,0.8608791828155518,0.5819126963615417,0.8477616906166077,0.586500883102417,0.862302839756012,1
0.563407301902771,0.6307781338691711,0.560415506362915,0.6162944436073303,0.5603427290916443,0.615656852722168,0.5602939128875732,0.6149157285690308,0.5592374801635742,0.6173665523529053,0.5582014322280884,0.6174110174179077,0.5570077300071716,0.6176257133483887,0.5551739931106567,0.6149519681930542,0.5505865216255188,0.6194140911102295,0.5624915957450867,0.640162467956543,0.5605280995368958,0.6413630247116089,0.5553915500640869,0.6510683298110962,0.5429932475090027,0.6755752563476562,0.5805082321166992,0.6629037857055664,0.5493981838226318,0.7403848767280579,0.5788401365280151,0.6926288604736328,0.5657352805137634,0.7405848503112793,0.5780420303344727,0.7029356956481934,0.5706966519355774,0.7434632778167725,0.5752483606338501,0.7043738961219788,0.5699309706687927,0.7347826361656189,0.5755831599235535,0.7031733989715576,0.5686613321304321,0.7352360486984253,0.5757253766059875,0.8340482711791992,0.5696597099304199,0.8484695553779602,0.5719585418701172,0.7269849181175232,0.5648686289787292,0.711134135723114,0.570877730846405,0.8001003861427307,0.5696803331375122,0.816670298576355,0.5658877491950989,0.8093647360801697,0.5644280314445496,0.8340541124343872,0.5832701325416565,0.8256451487541199,0.5848238468170166,0.8429908752441406,1
0.5726930499076843,0.6672137379646301,0.5720008611679077,0.6489933729171753,0.5724675059318542,0.6468732953071594,0.572961151599884,0.644653856754303,0.5692280530929565,0.6527302265167236,0.5676027536392212,0.6531316041946411,0.5658313035964966,0.6536798477172852,0.5682491064071655,0.6377289295196533,0.5580777525901794,0.650634765625,0.5712793469429016,0.6725077629089355,0.5676171183586121,0.6761109828948975,0.5667672157287598,0.6551964282989502,0.5397973656654358,0.7029365301132202,0.5903358459472656,0.6362406015396118,0.5362389087677002,0.7287836670875549,0.5754798054695129,0.650978147983551,0.5460975766181946,0.6710348725318909,0.5710994601249695,0.6555466651916504,0.5488238334655762,0.6588647365570068,0.5672584176063538,0.6578134298324585,0.547917366027832,0.6493326425552368,0.5682587623596191,0.6587836742401123,0.5478631258010864,0.6544870138168335,0.5772814750671387,0.860649585723877,0.5634983777999878,0.8774416446685791,0.570854127407074,0.8177979588508606,0.5609236359596252,0.7972785830497742,0.5653664469718933,0.8426789045333862,0.5614504814147949,0.8456103801727295,0.5618950724601746,0.8428948521614075,0.5595155954360962,0.8532719612121582,0.5701143145561218,0.8662165403366089,0.5659070611000061,0.8672577738761902,1
0.5649216175079346,0.659846842288971,0.5633339881896973,0.6454716920852661,0.562883734703064,0.6448469161987305,0.5624482035636902,0.6441466808319092,0.5626034140586853,0.6462056636810303,0.5615951418876648,0.645763635635376,0.5604485869407654,0.645474374294281,0.5559411644935608,0.6422625780105591,0.5528684854507446,0.6451525688171387,0.5617284178733826,0.6693359613418579,0.560541033744812,0.6693000793457031,0.5476163029670715,0.6777893304824829,0.5404785871505737,0.7004833817481995,0.5580409169197083,0.6667301058769226,0.5474568605422974,0.7444118857383728,0.5513516068458557,0.6579427123069763,0.5600200295448303,0.7362378239631653,0.5477473139762878,0.6551632881164551,0.5627997517585754,0.7346177697181702,0.5466910004615784,0.6592578887939453,0.5620217323303223,0.7304108142852783,0.5479799509048462,0.661022424697876,0.5619860291481018,0.7305465340614319,0.5698452591896057,0.8676766157150269,0.5654991865158081,0.8785925507545471,0.562287449836731,0.7813587784767151,0.5524433255195618,0.7631515264511108,0.559327244758606,0.8134880065917969,0.5597589612007141,0.8098307847976685,0.5549701452255249,0.8194789886474609,0.5574610829353333,0.8196226954460144,0.5648488998413086,0.8268728852272034,0.5661644339561462,0.8201084733009338,1
0.57700514793396,0.6506944894790649,0.5742403864860535,0.6366262435913086,0.5738722085952759,0.6362308263778687,0.57353675365448,0.6357710361480713,0.5736129283905029,0.637062132358551,0.5726867318153381,0.6368439197540283,0.5715854167938232,0.6367636919021606,0.5672540068626404,0.6355306506156921,0.5643851161003113,0.6375595331192017,0.5747513771057129,0.660781979560852,0.573547899723053,0.6606484651565552,0.5638250708580017,0.6751253008842468,0.5530697107315063,0.6978085041046143,0.5794047117233276,0.7283416986465454,0.5607039332389832,0.771480917930603,0.5812442302703857,0.7901031374931335,0.5676942467689514,0.8065036535263062,0.5810421705245972,0.8027241826057434,0.5675898194313049,0.8132678270339966,0.5789957642555237,0.8075519800186157,0.5672330856323242,0.8089877367019653,0.5791473388671875,0.8050666451454163,0.5681982636451721,0.8069382309913635,0.5791121125221252,0.8488644361495972,0.5731639862060547,0.8642982244491577,0.5647566318511963,0.8258064985275269,0.557324230670929,0.8191490769386292,0.5676520466804504,0.8669726848602295,0.5660532116889954,0.885595977306366,0.5631141662597656,0.8690603971481323,0.5614443421363831,0.8943580985069275,0.5811372995376587,0.8894103169441223,0.5827202796936035,0.9039051532745361,1
0.5773728489875793,0.691977322101593,0.5755703449249268,0.6762651205062866,0.5753854513168335,0.6743542551994324,0.5752260684967041,0.6723640561103821,0.5740596055984497,0.679840087890625,0.57279372215271,0.680351734161377,0.5713903903961182,0.6809877753257751,0.5686408877372742,0.6659539937973022,0.5628687143325806,0.6785600781440735,0.5745533108711243,0.6970261335372925,0.5724716186523438,0.7003734111785889,0.5609957575798035,0.6841765642166138,0.5452134609222412,0.7385654449462891,0.5799590945243835,0.6817847490310669,0.5503694415092468,0.7932822704315186,0.5725294947624207,0.7087447047233582,0.5622915029525757,0.7826767563819885,0.5683918595314026,0.7125964164733887,0.5641184449195862,0.7815399169921875,0.5658127665519714,0.719620406627655,0.5631929039955139,0.772092342376709,0.5674329400062561,0.7207752466201782,0.5631743669509888,0.7710939645767212,0.5745997428894043,0.8503563404083252,0.5661472082138062,0.8790507316589355,0.5670444965362549,0.7899869084358215,0.5544628500938416,0.7980528473854065,0.5625289678573608,0.8172249794006348,0.5596150159835815,0.8389554619789124,0.5570474863052368,0.8205456137657166,0.5552561283111572,0.8473619222640991,0.5725768804550171,0.8285683393478394,0.5734657645225525,0.8433842062950134,1
0.5672423839569092,0.6725049018859863,0.5649285912513733,0.6591445207595825,0.5646413564682007,0.6582420468330383,0.5643749237060547,0.6572839617729187,0.5643259286880493,0.6610622406005859,0.5635645389556885,0.6613050103187561,0.5626512169837952,0.6616652607917786,0.5598045587539673,0.6558800935745239,0.557266116142273,0.662359356880188,0.5660056471824646,0.6804759502410889,0.5649142861366272,0.682127058506012,0.5591135025024414,0.6937945485115051,0.5505634546279907,0.7183879017829895,0.572708010673523,0.7395981550216675,0.5587499141693115,0.7858473062515259,0.5681685209274292,0.7766710519790649,0.5643767714500427,0.7977792620658875,0.5660093426704407,0.7837616801261902,0.5649697184562683,0.7986565828323364,0.564643919467926,0.787307858467102,0.5638357400894165,0.7949537038803101,0.5652545690536499,0.7865914106369019,0.5646487474441528,0.7946534752845764,0.575443685054779,0.8482205271720886,0.5689758062362671,0.865987241268158,0.5666491389274597,0.8031828999519348,0.5557228922843933,0.8045493364334106,0.5696558952331543,0.8589913249015808,0.5675411820411682,0.8766408562660217,0.565136194229126,0.8658881187438965,0.5640267133712769,0.8869332075119019,0.5818330645561218,0.8808767199516296,0.5832841396331787,0.8962313532829285,1
0.5673917531967163,0.6361439228057861,0.5656070709228516,0.6257348656654358,0.5658971071243286,0.6250538229942322,0.5662000775337219,0.6243230700492859,0.5642767548561096,0.6279276013374329,0.5635748505592346,0.6288149952888489,0.5627541542053223,0.6298405528068542,0.5651227831840515,0.6286473870277405,0.5607314705848694,0.6361950635910034,0.5688395500183105,0.6448817253112793,0.5668198466300964,0.6476972103118896,0.5705793499946594,0.6753494739532471,0.561451256275177,0.6895701289176941,0.5702831149101257,0.7270276546478271,0.56325364112854,0.7611078023910522,0.5587442517280579,0.7726468443870544,0.5669196844100952,0.7880986332893372,0.5558874607086182,0.7852191925048828,0.5672953128814697,0.7953292727470398,0.5548915863037109,0.788553774356842,0.5674156546592712,0.792699933052063,0.5559346079826355,0.7853895425796509,0.5680217146873474,0.790743887424469,0.5887779593467712,0.8275243043899536,0.5824496150016785,0.8272702097892761,0.5698350071907043,0.8435941934585571,0.5693966746330261,0.8230356574058533,0.5734265446662903,0.8839033246040344,0.5708006024360657,0.8912690877914429,0.572273850440979,0.890028178691864,0.5674091577529907,0.9033931493759155,0.5804733037948608,0.89350426197052,0.581254243850708,0.9033103585243225,1
0.5646761655807495,0.6709288954734802,0.5619298815727234,0.6586042642593384,0.5618663430213928,0.6573845148086548,0.561818540096283,0.656138002872467,0.5614955425262451,0.6613653898239136,0.561139702796936,0.6620534658432007,0.5606525540351868,0.6629050970077515,0.5604149699211121,0.6550751328468323,0.5588903427124023,0.6643151640892029,0.5661015510559082,0.6765599846839905,0.5652430653572083,0.6799768209457397,0.5660392642021179,0.6913684606552124,0.5620986819267273,0.7107052206993103,0.575747549533844,0.7499879002571106,0.5630737543106079,0.7979243993759155,0.5704429149627686,0.8038313984870911,0.5648723840713501,0.8539482951164246,0.5692200064659119,0.8165708184242249,0.5651767253875732,0.8676120638847351,0.5683603286743164,0.8217027187347412,0.5654948353767395,0.8670427799224854,0.5690430998802185,0.8184480667114258,0.5661099553108215,0.8619241714477539,0.5841477513313293,0.8342853784561157,0.582278311252594,0.8386778831481934,0.5659834742546082,0.8195255398750305,0.5646710991859436,0.8149312734603882,0.5723058581352234,0.8784229159355164,0.5718327760696411,0.8915086984634399,0.5704803466796875,0.8854898810386658,0.5692688226699829,0.9021146297454834,0.5827959179878235,0.8943901062011719,0.5829269886016846,0.9104452729225159,1
0.5503430366516113,0.7113754749298096,0.547608494758606,0.699378490447998,0.5477954745292664,0.6971069574356079,0.5479993224143982,0.6947847604751587,0.5462000966072083,0.7048808336257935,0.5453494787216187,0.7064284086227417,0.544390082359314,0.7081086039543152,0.5456993579864502,0.6893503069877625,0.5406162738800049,0.7082108855247498,0.5515040755271912,0.7124782800674438,0.5496009588241577,0.7187530994415283,0.5489524006843567,0.7014590501785278,0.5409818291664124,0.7429832816123962,0.5610754489898682,0.6726623177528381,0.5527457594871521,0.7705855369567871,0.5475645661354065,0.697541356086731,0.5626928806304932,0.7655314207077026,0.5434344410896301,0.7057658433914185,0.565641462802887,0.7657055854797363,0.542436420917511,0.7116363048553467,0.5639666318893433,0.7630500197410583,0.5441201329231262,0.7113081216812134,0.5637578964233398,0.7631142735481262,0.5685693621635437,0.8274294137954712,0.562224805355072,0.852458119392395,0.5568748712539673,0.7398890256881714,0.551006555557251,0.7465639114379883,0.5686602592468262,0.7976694703102112,0.5667125582695007,0.8207153081893921,0.5651508569717407,0.8092048764228821,0.5626369714736938,0.8351292014122009,0.5864755511283875,0.8118816614151001,0.5891757607460022,0.8323739171028137,1
0.5641017556190491,0.6664774417877197,0.5616098642349243,0.6523321270942688,0.5611317157745361,0.6509343981742859,0.5606638193130493,0.6494696140289307,0.5610482096672058,0.6550107598304749,0.5601898431777954,0.6554051041603088,0.5592197775840759,0.655927836894989,0.5546352863311768,0.6466580629348755,0.5526955723762512,0.6558405160903931,0.5617722272872925,0.6729381084442139,0.560764729976654,0.6757994890213013,0.5465156435966492,0.6780098080635071,0.5434004068374634,0.7158784866333008,0.5574325919151306,0.685659646987915,0.5565140843391418,0.7723075151443481,0.549436092376709,0.6797407865524292,0.5667085647583008,0.769009530544281,0.5443952679634094,0.6766653656959534,0.5686895251274109,0.7692224979400635,0.5448548197746277,0.6825937032699585,0.566312313079834,0.7653916478157043,0.5467860102653503,0.6853805780410767,0.5660969018936157,0.7633193731307983,0.5680559873580933,0.8544237613677979,0.5658799409866333,0.8748688101768494,0.5658597946166992,0.8008509874343872,0.5587947368621826,0.8068535327911377,0.5673127770423889,0.8519884943962097,0.5683663487434387,0.879693329334259,0.5617913603782654,0.8626528978347778,0.5635362267494202,0.8941609263420105,0.5808393359184265,0.8622511029243469,0.5844815969467163,0.8888916969299316,1
