kp0_x,kp0_y,kp1_x,kp1_y,kp2_x,kp2_y,kp3_x,kp3_y,kp4_x,kp4_y,kp5_x,kp5_y,kp6_x,kp6_y,kp7_x,kp7_y,kp8_x,kp8_y,kp9_x,kp9_y,kp10_x,kp10_y,kp11_x,kp11_y,kp12_x,kp12_y,kp13_x,kp13_y,kp14_x,kp14_y,kp15_x,kp15_y,kp16_x,kp16_y,kp17_x,kp17_y,kp18_x,kp18_y,kp19_x,kp19_y,kp20_x,kp20_y,kp21_x,kp21_y,kp22_x,kp22_y,kp23_x,kp23_y,kp24_x,kp24_y,kp25_x,kp25_y,kp26_x,kp26_y,kp27_x,kp27_y,kp28_x,kp28_y,kp29_x,kp29_y,kp30_x,kp30_y,kp31_x,kp31_y,kp32_x,kp32_y,label
0.8333486914634705,0.33122125267982483,0.8343344926834106,0.30960607528686523,0.836082398891449,0.3072007894515991,0.8380807042121887,0.3041699230670929,0.8320003747940063,0.3121793568134308,0.8319060802459717,0.3118821680545807,0.8319247961044312,0.3113715946674347,0.851382851600647,0.29419946670532227,0.8413781523704529,0.3067350685596466,0.8409287333488464,0.3449057340621948,0.8377376794815063,0.34610632061958313,0.8918067216873169,0.36602237820625305,0.8535659313201904,0.38573017716407776,0.9071008563041687,0.5135053396224976,0.8478294610977173,0.5132870674133301,0.8684521913528442,0.6236993074417114,0.8387508392333984,0.6155913472175598,0.8601218461990356,0.6602151989936829,0.8336999416351318,0.6461675763130188,0.8556197285652161,0.6513327360153198,0.8367016911506653,0.6571481823921204,0.8561750650405884,0.6430560350418091,0.8405969142913818,0.6467171311378479,0.9036616086959839,0.6196186542510986,0.8806769847869873,0.6104516386985779,0.8330070972442627,0.7426498532295227,0.8149918913841248,0.7104657292366028,0.8647183179855347,0.8880305290222168,0.8568894863128662,0.8795985579490662,0.8781039118766785,0.9040951728820801,0.8709880709648132,0.8979066610336304,0.8404377698898315,0.9660881757736206,0.8333920240402222,0.9534236192703247,1
0.8322290182113647,0.33041149377822876,0.8329734802246094,0.30887535214424133,0.8344217538833618,0.30624720454216003,0.8361369967460632,0.30326300859451294,0.8314098119735718,0.3115234971046448,0.8316218256950378,0.3109913766384125,0.8319618701934814,0.3101498484611511,0.8498866558074951,0.2960909903049469,0.8416608572006226,0.3053557872772217,0.8399108052253723,0.3439817428588867,0.8376681208610535,0.34656333923339844,0.8883569240570068,0.3677002191543579,0.8543025851249695,0.3881625831127167,0.9058758616447449,0.5201141834259033,0.8496332168579102,0.5190535187721252,0.8673129081726074,0.6205414533615112,0.8364439010620117,0.6196885704994202,0.8611775636672974,0.6513442397117615,0.8325039148330688,0.6629023551940918,0.8550670146942139,0.6463907361030579,0.8335372805595398,0.6604121923446655,0.8563660979270935,0.6368710398674011,0.8375301361083984,0.6496832966804504,0.901810348033905,0.6236004829406738,0.8801796436309814,0.6077423095703125,0.8345255851745605,0.7501466870307922,0.815420389175415,0.7145622968673706,0.8643293380737305,0.8900282382965088,0.8592207431793213,0.8806933760643005,0.8773375153541565,0.9073381423950195,0.8696895241737366,0.8948041200637817,0.8402297496795654,0.9660990834236145,0.8351651430130005,0.9485839605331421,1
0.8294541239738464,0.32854408025741577,0.8304420709609985,0.30718180537223816,0.8318246006965637,0.3046753704547882,0.8335849046707153,0.30179962515830994,0.828831136226654,0.3101869523525238,0.8290227055549622,0.30979135632514954,0.8293627500534058,0.309124231338501,0.8470432758331299,0.296152800321579,0.8391425013542175,0.30540531873703003,0.8369150757789612,0.3416247069835663,0.8346683979034424,0.34394142031669617,0.8870757818222046,0.36872580647468567,0.8526856899261475,0.3924231231212616,0.9063061475753784,0.5191423892974854,0.8481672406196594,0.5157808661460876,0.8684625625610352,0.617485761642456,0.8343963623046875,0.6158541440963745,0.8623172640800476,0.6501197814941406,0.8277170658111572,0.6444029211997986,0.8555078506469727,0.6396800875663757,0.8290538787841797,0.6433358192443848,0.857090413570404,0.6310386061668396,0.8333092927932739,0.6363736391067505,0.9033064842224121,0.6180907487869263,0.8810387849807739,0.6043838858604431,0.8378542065620422,0.7649185657501221,0.8149349689483643,0.7142442464828491,0.8670143485069275,0.891661524772644,0.8589245676994324,0.8752924203872681,0.8789156675338745,0.9076422452926636,0.8725199699401855,0.8955729007720947,0.8414309024810791,0.9648088216781616,0.8364088535308838,0.9472386837005615,1
0.8275166749954224,0.33401745557785034,0.8279613852500916,0.3106728196144104,0.8294006586074829,0.3083845376968384,0.8311037421226501,0.30595770478248596,0.826607346534729,0.3132690191268921,0.8268941044807434,0.31287506222724915,0.8273281455039978,0.3122618794441223,0.8454689383506775,0.3015517592430115,0.8375176191329956,0.3095342516899109,0.8345063328742981,0.34525102376937866,0.8322916030883789,0.34695544838905334,0.8863674402236938,0.37011945247650146,0.8502833843231201,0.39526447653770447,0.9102571606636047,0.5121389627456665,0.8484887480735779,0.519386887550354,0.8697224259376526,0.6176164150238037,0.8355934619903564,0.6203134655952454,0.8631238341331482,0.6458823084831238,0.8290493488311768,0.6472609043121338,0.8565233945846558,0.6391134858131409,0.8300941586494446,0.6464822292327881,0.8579983711242676,0.6312615871429443,0.8340131640434265,0.6390333771705627,0.903193473815918,0.6232476830482483,0.8784788250923157,0.609555721282959,0.8432199358940125,0.766654908657074,0.8156898617744446,0.7121848464012146,0.8674966096878052,0.8966212272644043,0.8594272136688232,0.8750643730163574,0.8780726790428162,0.9138025045394897,0.870956540107727,0.8885945081710815,0.8452515006065369,0.9695901870727539,0.8339999914169312,0.944487452507019,1
0.8265815377235413,0.33575016260147095,0.8273510336875916,0.31237849593162537,0.8289371132850647,0.30996957421302795,0.8307637572288513,0.3073972165584564,0.8256511688232422,0.315242201089859,0.8257946372032166,0.3149610757827759,0.8257251977920532,0.31475433707237244,0.8450064063072205,0.3024624288082123,0.835955798625946,0.31126081943511963,0.8334494233131409,0.34721457958221436,0.8307563066482544,0.34921249747276306,0.8860947489738464,0.3710255026817322,0.8461410403251648,0.3956739008426666,0.9107038974761963,0.515009343624115,0.8446033596992493,0.5201722383499146,0.8700103163719177,0.6205966472625732,0.8324915766716003,0.6254144310951233,0.8626099228858948,0.6517338752746582,0.8289440274238586,0.6494439244270325,0.8576112389564514,0.6428973078727722,0.8300103545188904,0.6478881239891052,0.8577563762664795,0.6359242796897888,0.8336369395256042,0.6366156935691833,0.9033125638961792,0.6184217929840088,0.8780380487442017,0.6056687235832214,0.8450261950492859,0.7724717855453491,0.8165193200111389,0.7128362655639648,0.8668057322502136,0.8962862491607666,0.8603032827377319,0.8737608194351196,0.879012942314148,0.9130361080169678,0.8715208172798157,0.8855116367340088,0.8433352708816528,0.9677165746688843,0.835703432559967,0.944133996963501,1
0.8242856860160828,0.335075318813324,0.8250492215156555,0.313658207654953,0.8264135718345642,0.3111112415790558,0.828039824962616,0.3083696961402893,0.8236885666847229,0.3163526654243469,0.8239224553108215,0.31578779220581055,0.8242628574371338,0.31497621536254883,0.8423392176628113,0.3014126718044281,0.8338768482208252,0.31016355752944946,0.831738293170929,0.3489648699760437,0.8295677900314331,0.35123592615127563,0.8833752274513245,0.3708218038082123,0.8471380472183228,0.39567169547080994,0.9066223502159119,0.5150633454322815,0.8454210758209229,0.5143059492111206,0.8700830936431885,0.6172088980674744,0.8346852660179138,0.6186782717704773,0.8645226955413818,0.6479277610778809,0.8309677243232727,0.640454888343811,0.857822060585022,0.6411458253860474,0.8321501612663269,0.6386268138885498,0.8587805032730103,0.6278377175331116,0.8360260128974915,0.6311715245246887,0.9035872220993042,0.6149559020996094,0.8788543343544006,0.6060471534729004,0.845058023929596,0.7649548053741455,0.8180204033851624,0.7134413123130798,0.8672205209732056,0.8974696397781372,0.8582441210746765,0.8673191070556641,0.8787766695022583,0.9075353741645813,0.873104453086853,0.8914185762405396,0.8442983627319336,0.9667024612426758,0.8376311659812927,0.9442266225814819,1
0.8229079246520996,0.3368217945098877,0.8237669467926025,0.3147214353084564,0.8251347541809082,0.31201663613319397,0.8267788887023926,0.3091336786746979,0.8222814798355103,0.31773728132247925,0.8224793672561646,0.31722819805145264,0.822486400604248,0.3168686628341675,0.8409819602966309,0.30211013555526733,0.8323125243186951,0.3110275864601135,0.8304019570350647,0.3506481647491455,0.8280580639839172,0.35286298394203186,0.8827382326126099,0.37407293915748596,0.8453130125999451,0.3965936005115509,0.9059473276138306,0.5191258788108826,0.8442713022232056,0.5174135565757751,0.8696210384368896,0.61980140209198,0.8343275785446167,0.6196802258491516,0.8643547296524048,0.6533622741699219,0.831212043762207,0.6480542421340942,0.8580566644668579,0.648286759853363,0.8340765833854675,0.6507154107093811,0.8588881492614746,0.6353881359100342,0.8380177021026611,0.6409869194030762,0.9027838110923767,0.6156949400901794,0.8763617873191833,0.6068362593650818,0.8460190296173096,0.7700229287147522,0.8178589940071106,0.7203158140182495,0.867557168006897,0.8911973237991333,0.8576927781105042,0.8654199242591858,0.8802506327629089,0.9047703146934509,0.8720371723175049,0.8897464275360107,0.8455311059951782,0.9664939045906067,0.8366255760192871,0.944581925868988,1
0.8228382468223572,0.3405952453613281,0.8237400650978088,0.3171651065349579,0.825392484664917,0.3143022656440735,0.8273347616195679,0.31111443042755127,0.821546196937561,0.32098519802093506,0.8215030431747437,0.32089340686798096,0.8212729692459106,0.32081547379493713,0.8409358263015747,0.3045491576194763,0.8302217125892639,0.3163973391056061,0.8304287791252136,0.35229551792144775,0.8271780610084534,0.3558124303817749,0.88265061378479,0.369495153427124,0.8394303917884827,0.39893838763237,0.9090830087661743,0.5117819309234619,0.8400382995605469,0.5165106058120728,0.8707028031349182,0.6247562766075134,0.832504153251648,0.6239911913871765,0.8656619787216187,0.6572662591934204,0.8294112682342529,0.6518462896347046,0.8593223094940186,0.6517470479011536,0.8323283195495605,0.652935266494751,0.8599721193313599,0.641534149646759,0.8360055685043335,0.6428095698356628,0.9039113521575928,0.6139348745346069,0.8717561364173889,0.6037010550498962,0.8441103100776672,0.7781581878662109,0.8151068687438965,0.7252479791641235,0.8689274191856384,0.8905852437019348,0.8591283559799194,0.8746894598007202,0.8805054426193237,0.9080309271812439,0.868500828742981,0.8896738886833191,0.8473162055015564,0.9685041308403015,0.8366039991378784,0.9502429962158203,1
0.8218934535980225,0.34399136900901794,0.8231897354125977,0.3214220702648163,0.8250138759613037,0.31816723942756653,0.8269084692001343,0.31475117802619934,0.8208754062652588,0.3251572549343109,0.820525050163269,0.3251652121543884,0.8204631805419922,0.3245927691459656,0.839850664138794,0.3068757653236389,0.8278945684432983,0.32018956542015076,0.8298460841178894,0.3556118309497833,0.8263352513313293,0.35929030179977417,0.8815844058990479,0.37125033140182495,0.8376366496086121,0.40044698119163513,0.9088172912597656,0.5059176683425903,0.8380715847015381,0.5195546746253967,0.8736263513565063,0.6223500370979309,0.8306412696838379,0.627549409866333,0.8680518269538879,0.6568825244903564,0.8267772197723389,0.6601468324661255,0.8620022535324097,0.6499462127685547,0.8299310207366943,0.6591489911079407,0.8624033331871033,0.6372402310371399,0.8339170813560486,0.648938000202179,0.8981886506080627,0.6187909245491028,0.8676333427429199,0.6112953424453735,0.8401894569396973,0.7917113304138184,0.8148101568222046,0.7285189628601074,0.8690587878227234,0.8866760730743408,0.8569284081459045,0.8619444370269775,0.8774955868721008,0.8954855799674988,0.8684036731719971,0.8790056705474854,0.8494035601615906,0.964874267578125,0.8349562287330627,0.9424716830253601,1
0.8192178606987,0.3476470708847046,0.8200494050979614,0.3248756527900696,0.821771502494812,0.3221777379512787,0.8236267566680908,0.3191787898540497,0.8179706335067749,0.3278702199459076,0.8178078532218933,0.32770347595214844,0.8178310394287109,0.3271864354610443,0.8369357585906982,0.3112877607345581,0.8260432481765747,0.32449424266815186,0.8262456059455872,0.357364684343338,0.8231885433197021,0.36043569445610046,0.8803339600563049,0.36996954679489136,0.8339789509773254,0.4094468653202057,0.9112920761108398,0.5019824504852295,0.8353620171546936,0.5254554748535156,0.8744454979896545,0.6200308203697205,0.829133152961731,0.6280723214149475,0.8672095537185669,0.6586557626724243,0.8246654868125916,0.6538084149360657,0.8613086342811584,0.6526778340339661,0.8281168341636658,0.6535302400588989,0.8616828918457031,0.6395525932312012,0.8294219970703125,0.646713137626648,0.8957118391990662,0.6201959252357483,0.8627949953079224,0.6160127520561218,0.8389310836791992,0.7885872721672058,0.810387134552002,0.7335192561149597,0.8689707517623901,0.8933923244476318,0.855163037776947,0.8619162440299988,0.8772164583206177,0.9027482867240906,0.8645554184913635,0.8756070137023926,0.8488094806671143,0.9695278406143188,0.8341511487960815,0.9443185329437256,1
0.8183491826057434,0.3498798608779907,0.8191375136375427,0.3262808918952942,0.820834755897522,0.3234977424144745,0.8226521015167236,0.3204324543476105,0.8171086311340332,0.32933521270751953,0.8169090747833252,0.32912561297416687,0.8169275522232056,0.3284980058670044,0.8356842398643494,0.3132151663303375,0.8249430656433105,0.3253709077835083,0.82524174451828,0.3596823513507843,0.8222271800041199,0.3628186285495758,0.8773824572563171,0.37028589844703674,0.8324198722839355,0.411355584859848,0.9109315872192383,0.5000051259994507,0.8344626426696777,0.5277385711669922,0.8748117685317993,0.6235787868499756,0.8307115435600281,0.6172192692756653,0.8693678379058838,0.6562327742576599,0.8261359333992004,0.6524062752723694,0.8621209859848022,0.6529505252838135,0.8303213119506836,0.6494364738464355,0.8626712560653687,0.6412389278411865,0.83356773853302,0.6400644779205322,0.8918243646621704,0.6237882375717163,0.8613995909690857,0.617554783821106,0.8363476991653442,0.7902433276176453,0.8106153607368469,0.7317527532577515,0.8686844706535339,0.8982527256011963,0.8554495573043823,0.8663405776023865,0.8784633278846741,0.9086343050003052,0.8676509857177734,0.8827824592590332,0.8494340181350708,0.9723802804946899,0.8368667364120483,0.94837486743927,1
0.8156740069389343,0.34826916456222534,0.8167356252670288,0.32432612776756287,0.8185327649116516,0.32144251465797424,0.8204933404922485,0.31829047203063965,0.8142653703689575,0.32783183455467224,0.8141212463378906,0.3275785744190216,0.8140442967414856,0.3270561993122101,0.8334649801254272,0.31089892983436584,0.8222998976707458,0.3239213824272156,0.8227963447570801,0.35707202553749084,0.8194438219070435,0.3608746826648712,0.8774441480636597,0.37091660499572754,0.8285931944847107,0.41218695044517517,0.9098191857337952,0.49985358119010925,0.8314800262451172,0.530385434627533,0.8750025629997253,0.6223098635673523,0.8273513317108154,0.6313136219978333,0.8702184557914734,0.6595202684402466,0.8231197595596313,0.6646720767021179,0.8635152578353882,0.6543505787849426,0.8264002799987793,0.6652311086654663,0.8627117276191711,0.6418773531913757,0.8299458622932434,0.6506956815719604,0.893707275390625,0.6192194223403931,0.8600764870643616,0.6176614761352539,0.8400272130966187,0.790316641330719,0.809770405292511,0.7382976412773132,0.8688867092132568,0.8953924179077148,0.8555901646614075,0.8657516241073608,0.8771327137947083,0.9061115980148315,0.8663694262504578,0.8768419027328491,0.8487898707389832,0.9690443277359009,0.8345953226089478,0.9472349882125854,1
0.8135770559310913,0.350240558385849,0.8144612312316895,0.3263179361820221,0.8161329030990601,0.3234069049358368,0.8179671168327332,0.32018524408340454,0.812393069267273,0.3297618329524994,0.8122251033782959,0.3296070098876953,0.8122469782829285,0.32904985547065735,0.8314810991287231,0.3127972483634949,0.8204451203346252,0.3254733383655548,0.8207039833068848,0.35868769884109497,0.8175394535064697,0.36238229274749756,0.8757950067520142,0.37080907821655273,0.8276823163032532,0.413303941488266,0.906580924987793,0.5031079053878784,0.8308279514312744,0.5342411398887634,0.8756752610206604,0.6209825277328491,0.8256286382675171,0.6381641030311584,0.8689094185829163,0.6615430116653442,0.8226034045219421,0.6691203713417053,0.8629812002182007,0.6558464169502258,0.8237020969390869,0.6719160676002502,0.8630600571632385,0.6421980857849121,0.826299786567688,0.655432939529419,0.8928551077842712,0.6192180514335632,0.8603312373161316,0.6150842308998108,0.8484538793563843,0.7758960127830505,0.8121923208236694,0.7380742430686951,0.8683570623397827,0.8946672677993774,0.8572263121604919,0.8648214936256409,0.8779565691947937,0.9037485122680664,0.8702959418296814,0.8761899471282959,0.8513347506523132,0.9723602533340454,0.8370975255966187,0.9461185932159424,1
0.8123680353164673,0.35084807872772217,0.8133866786956787,0.3267103433609009,0.8151723742485046,0.3239451050758362,0.8171466588973999,0.32074370980262756,0.8108759522438049,0.33038195967674255,0.8106861710548401,0.3303373456001282,0.810565710067749,0.32995539903640747,0.8303884863853455,0.3127307891845703,0.8184900879859924,0.3275924324989319,0.8194677233695984,0.3597739338874817,0.8159730434417725,0.36380735039711,0.8748716711997986,0.3686963617801666,0.825015127658844,0.4179729223251343,0.9073715209960938,0.5014878511428833,0.8278948068618774,0.5361472368240356,0.8753406405448914,0.6222835779190063,0.8235232830047607,0.6431286334991455,0.8708469271659851,0.6563056707382202,0.8194066882133484,0.6748426556587219,0.8634029626846313,0.6508347392082214,0.8208630084991455,0.6780744791030884,0.8635505437850952,0.6412848234176636,0.8240510821342468,0.661449134349823,0.8908376693725586,0.6213810443878174,0.8569918274879456,0.6214669346809387,0.8425702452659607,0.7969003915786743,0.8104451298713684,0.741061270236969,0.8687232732772827,0.8970949649810791,0.8565842509269714,0.8677772879600525,0.8785035610198975,0.9144195318222046,0.8663530349731445,0.8785152435302734,0.8530433773994446,0.9775338172912598,0.8375717401504517,0.947748064994812,1
0.8132482171058655,0.3590504825115204,0.8143303394317627,0.33594897389411926,0.816161036491394,0.33285030722618103,0.8183746933937073,0.3288617432117462,0.8111063241958618,0.33957594633102417,0.8106809258460999,0.3392595946788788,0.8103569746017456,0.33852145075798035,0.8305881023406982,0.3178671598434448,0.81630539894104,0.33487051725387573,0.8210667967796326,0.36759239435195923,0.8166674375534058,0.37174931168556213,0.8730039000511169,0.37216952443122864,0.8239087462425232,0.41949033737182617,0.9067469239234924,0.505007266998291,0.8258482217788696,0.5410723686218262,0.87445467710495,0.6249532699584961,0.8221514225006104,0.6449649333953857,0.8711965680122375,0.6572296023368835,0.8174747228622437,0.6772964596748352,0.8630480170249939,0.651962161064148,0.8188722729682922,0.680127739906311,0.8620906472206116,0.6443851590156555,0.8223013877868652,0.6626430153846741,0.8878993988037109,0.6223143339157104,0.8528113961219788,0.6205191612243652,0.8369141221046448,0.8024519681930542,0.8095744848251343,0.7459651231765747,0.86704421043396,0.8999375104904175,0.8561347723007202,0.8632935285568237,0.8775262832641602,0.9127011299133301,0.866000235080719,0.8743873834609985,0.8506078720092773,0.9742801189422607,0.8390832543373108,0.9452903270721436,1
0.8107970952987671,0.36107173562049866,0.8117371797561646,0.33695748448371887,0.8134720325469971,0.33377355337142944,0.8155701160430908,0.3297351002693176,0.8088755011558533,0.3403753340244293,0.8085893988609314,0.339763343334198,0.8083767294883728,0.33870506286621094,0.8275003433227539,0.319424569606781,0.8155838847160339,0.3325614333152771,0.8186118006706238,0.36997416615486145,0.8147414922714233,0.3740810751914978,0.8710931539535522,0.3720584213733673,0.8217475414276123,0.41675546765327454,0.9065046310424805,0.501166820526123,0.823960542678833,0.537381649017334,0.8749869465827942,0.6231696605682373,0.8192735910415649,0.6432480216026306,0.871799647808075,0.6544378995895386,0.8123785853385925,0.6783115267753601,0.8638718128204346,0.6485527157783508,0.81585693359375,0.6761220693588257,0.8630995154380798,0.64043128490448,0.8193128108978271,0.6595866084098816,0.8860058188438416,0.6189994812011719,0.8528270125389099,0.617058515548706,0.8359695076942444,0.7996172904968262,0.808774471282959,0.7500560879707336,0.8686285614967346,0.8942837715148926,0.8585190176963806,0.8801416754722595,0.8789750337600708,0.906670093536377,0.8681348562240601,0.8865765333175659,0.8512784242630005,0.9723280668258667,0.8386171460151672,0.9456185698509216,1
0.8078444004058838,0.36250731348991394,0.8082667589187622,0.3385360538959503,0.8098311424255371,0.33546343445777893,0.8115905523300171,0.33221670985221863,0.8063332438468933,0.34188026189804077,0.8061531782150269,0.3416561186313629,0.8061642050743103,0.3409712612628937,0.8253442049026489,0.32303526997566223,0.8135489225387573,0.33704861998558044,0.8148275017738342,0.3709893524646759,0.8115727305412292,0.3746955990791321,0.8690088391304016,0.37526312470436096,0.8191163539886475,0.42129331827163696,0.9039368629455566,0.5033674836158752,0.8219413161277771,0.53887939453125,0.8739772439002991,0.6240528225898743,0.8181976675987244,0.6448182463645935,0.8709526658058167,0.6537114977836609,0.8119404315948486,0.6803839802742004,0.8639106750488281,0.6533420085906982,0.8152244091033936,0.6779496669769287,0.8626790642738342,0.6412870287895203,0.8164728283882141,0.6649271845817566,0.8851807713508606,0.6190381050109863,0.851347804069519,0.6182985305786133,0.840488076210022,0.8045840859413147,0.8087459802627563,0.7520864009857178,0.8689312934875488,0.8930486440658569,0.8581526875495911,0.8775033950805664,0.8791272044181824,0.9049914479255676,0.8673872947692871,0.8820053339004517,0.8579736948013306,0.9943820834159851,0.8396913409233093,0.9471720457077026,1
0.8063622713088989,0.36657819151878357,0.806513249874115,0.34304890036582947,0.8080435395240784,0.33987006545066833,0.8097357153892517,0.3361258804798126,0.8046174049377441,0.3465188443660736,0.8044127821922302,0.34621942043304443,0.8044037818908691,0.3454127311706543,0.8231430053710938,0.3263402283191681,0.811393141746521,0.340707004070282,0.8140301704406738,0.37513458728790283,0.8103045225143433,0.37857818603515625,0.8665140271186829,0.3796022832393646,0.8183677196502686,0.41993579268455505,0.9010158181190491,0.5084068775177002,0.8200951814651489,0.5364202857017517,0.8729583024978638,0.6285591721534729,0.8159320950508118,0.644019365310669,0.869868814945221,0.6618170738220215,0.810819685459137,0.673120379447937,0.8639060258865356,0.6557149291038513,0.8122763633728027,0.6745927929878235,0.8630031943321228,0.6481345891952515,0.8152921199798584,0.6598823070526123,0.883146345615387,0.6191046833992004,0.850481390953064,0.6176242828369141,0.853413462638855,0.7787237167358398,0.8089888691902161,0.7533977031707764,0.8710401654243469,0.893549382686615,0.8589176535606384,0.877097487449646,0.8798820376396179,0.905243992805481,0.8680122494697571,0.8801062703132629,0.8605127930641174,0.9733600616455078,0.8396440744400024,0.9489688873291016,1
0.8043351173400879,0.3689440190792084,0.804899275302887,0.34522587060928345,0.8066793084144592,0.3423082232475281,0.808664858341217,0.3389427959918976,0.8024194240570068,0.34852030873298645,0.8022221922874451,0.3481474220752716,0.8020831942558289,0.34742748737335205,0.8225548267364502,0.3294669985771179,0.8095780611038208,0.34307900071144104,0.8118190765380859,0.37866678833961487,0.8080666065216064,0.3821111023426056,0.8655712008476257,0.38068318367004395,0.8155598044395447,0.423807829618454,0.900053858757019,0.5066938996315002,0.8202432990074158,0.5472099184989929,0.8728736639022827,0.6288294196128845,0.8140716552734375,0.6536674499511719,0.8699713945388794,0.6613695025444031,0.8078007698059082,0.6788510084152222,0.863146185874939,0.655630350112915,0.8091366291046143,0.6806082725524902,0.8630890250205994,0.6474860310554504,0.8125179409980774,0.6727323532104492,0.8819485902786255,0.6193653345108032,0.8476280570030212,0.6212471723556519,0.8528850078582764,0.7802649140357971,0.8082390427589417,0.75563645362854,0.8708570003509521,0.893455445766449,0.8588201999664307,0.8767913579940796,0.8795888423919678,0.9037286043167114,0.8681281208992004,0.878639817237854,0.8596522808074951,0.9741095304489136,0.8425242304801941,0.9532232284545898,1
0.8008395433425903,0.37171757221221924,0.8010264039039612,0.3471367657184601,0.8026015162467957,0.34393298625946045,0.8047661781311035,0.34012529253959656,0.798936128616333,0.35129719972610474,0.7988934516906738,0.35099801421165466,0.7985920906066895,0.35072189569473267,0.8181257247924805,0.3321755826473236,0.8048244714736938,0.3465707302093506,0.8087656497955322,0.3811931312084198,0.804797887802124,0.38475728034973145,0.8635756969451904,0.3864877223968506,0.8119612336158752,0.42694219946861267,0.8990294337272644,0.5048907399177551,0.8165086507797241,0.5426156520843506,0.8714008927345276,0.6302134990692139,0.811874508857727,0.6518292427062988,0.8694291710853577,0.6620105504989624,0.8076597452163696,0.6754006743431091,0.8618613481521606,0.6579543948173523,0.8090221285820007,0.6751101016998291,0.8605298399925232,0.6506378650665283,0.8120725750923157,0.666401743888855,0.8823378682136536,0.6198371648788452,0.848328709602356,0.6248948574066162,0.8385031223297119,0.8090810775756836,0.8064996600151062,0.7570586204528809,0.8689292669296265,0.8917824029922485,0.8591076135635376,0.8723354339599609,0.8775495290756226,0.9030159711837769,0.8669804930686951,0.866395115852356,0.8534526824951172,0.9732460975646973,0.8399981260299683,0.9441907405853271,1
0.797986626625061,0.3692226707935333,0.7988038063049316,0.3458736538887024,0.8004469275474548,0.3429506719112396,0.8022857904434204,0.3397826850414276,0.7966997623443604,0.34950128197669983,0.7966417074203491,0.34911397099494934,0.7964490652084351,0.34868183732032776,0.8163089156150818,0.3320106863975525,0.8040667176246643,0.34421980381011963,0.8057234287261963,0.38007861375808716,0.8023917078971863,0.38398972153663635,0.8613071441650391,0.3883570432662964,0.8117100596427917,0.42144423723220825,0.8963137865066528,0.503813624382019,0.8156980872154236,0.5448377728462219,0.8699937462806702,0.6248533129692078,0.8112114667892456,0.6461654305458069,0.8670520782470703,0.6622755527496338,0.8058675527572632,0.6743690967559814,0.8602555990219116,0.65718674659729,0.8073838949203491,0.6756932735443115,0.8595549464225769,0.643034815788269,0.810748815536499,0.6611877083778381,0.8792983293533325,0.6273511648178101,0.844867467880249,0.6269212961196899,0.8495528697967529,0.7910273671150208,0.8044794797897339,0.7616435289382935,0.8708183169364929,0.892387866973877,0.8569189310073853,0.8757156133651733,0.8787356019020081,0.8999905586242676,0.8667972087860107,0.8799930214881897,0.8704980611801147,0.9888597130775452,0.8422277569770813,0.9483768939971924,1
0.7945189476013184,0.37625765800476074,0.7949205636978149,0.3535284101963043,0.7964059114456177,0.35040783882141113,0.7981857061386108,0.34692564606666565,0.7928246259689331,0.3572499752044678,0.7927377820014954,0.3568406403064728,0.7925721406936646,0.35633009672164917,0.8115361332893372,0.33687883615493774,0.7992632389068604,0.3507326543331146,0.8024659156799316,0.3888085186481476,0.7990278601646423,0.3922089636325836,0.857689619064331,0.39089545607566833,0.8089375495910645,0.4278450608253479,0.8952761888504028,0.5052530765533447,0.8143346309661865,0.5487310290336609,0.8683528304100037,0.62818443775177,0.8111879229545593,0.648129940032959,0.8657416701316833,0.6654601693153381,0.8040741086006165,0.6734727025032043,0.8587721586227417,0.6609641909599304,0.805371880531311,0.6746271252632141,0.858443558216095,0.6518186330795288,0.8091573119163513,0.6649308204650879,0.8808265328407288,0.6277303099632263,0.8473135232925415,0.6349090337753296,0.8327414989471436,0.8224380016326904,0.8041356205940247,0.7626816034317017,0.8681833744049072,0.8884479999542236,0.8559920191764832,0.8628700375556946,0.8779259324073792,0.8918876647949219,0.8672663569450378,0.8688121438026428,0.8548908233642578,0.9670373201370239,0.8433419466018677,0.9425258636474609,1
0.7913534641265869,0.3815336525440216,0.7919402122497559,0.3582002818584442,0.7934942245483398,0.3550085425376892,0.7953389883041382,0.3514900505542755,0.7896808981895447,0.36194947361946106,0.7895290851593018,0.36147254705429077,0.789336085319519,0.3608546853065491,0.8084514737129211,0.34233415126800537,0.7960406541824341,0.3553374707698822,0.7994875311851501,0.3945164978504181,0.7959522604942322,0.3976167142391205,0.8544664978981018,0.39527425169944763,0.8058361411094666,0.42842811346054077,0.8937769532203674,0.5077488422393799,0.8099713921546936,0.5472644567489624,0.8666099309921265,0.6286370754241943,0.8086447715759277,0.6467431783676147,0.8634815216064453,0.6639280915260315,0.8039220571517944,0.6758072972297668,0.856224536895752,0.6577668786048889,0.8052833676338196,0.676173985004425,0.8559961915016174,0.6485404968261719,0.8083915710449219,0.6628662943840027,0.8774377107620239,0.6352275609970093,0.8439323306083679,0.6356641054153442,0.8371250033378601,0.8195632100105286,0.8028457164764404,0.7632632851600647,0.8671020865440369,0.8709753751754761,0.8517960906028748,0.8542635440826416,0.8742437362670898,0.8709943890571594,0.8631526827812195,0.8636839389801025,0.8573217988014221,0.9575037956237793,0.8410764932632446,0.9385963082313538,1
0.7887345552444458,0.3870355784893036,0.7890723943710327,0.36406201124191284,0.7906943559646606,0.3609384298324585,0.7926199436187744,0.3574351370334625,0.7867310047149658,0.3683730959892273,0.786607563495636,0.3682405948638916,0.7863185405731201,0.36809611320495605,0.8053183555603027,0.34880316257476807,0.7925851941108704,0.363576203584671,0.797130823135376,0.39785248041152954,0.7930485010147095,0.40048858523368835,0.8538314700126648,0.39902663230895996,0.8021185398101807,0.435075968503952,0.8916702270507812,0.5124242305755615,0.8059228658676147,0.5559440851211548,0.8653728365898132,0.6334755420684814,0.8027428388595581,0.6610428690910339,0.8622992038726807,0.6725313663482666,0.7976163029670715,0.6837806105613708,0.8561418652534485,0.6661719679832458,0.7989110946655273,0.685161292552948,0.8555330634117126,0.6559610962867737,0.802497923374176,0.6763738989830017,0.8728635907173157,0.6366558074951172,0.8402184844017029,0.6386933922767639,0.8386140465736389,0.8095177412033081,0.7984976768493652,0.7664522528648376,0.8682133555412292,0.8861321806907654,0.8531802296638489,0.8608536720275879,0.8764910697937012,0.8987300395965576,0.8639307618141174,0.867255687713623,0.8580620288848877,0.9705314636230469,0.8408405780792236,0.9477407336235046,1
0.7840428352355957,0.3952697515487671,0.7845203876495361,0.3712034821510315,0.786078691482544,0.3681100308895111,0.7879488468170166,0.36467963457107544,0.7821407318115234,0.37504225969314575,0.7819561958312988,0.3746044933795929,0.7816811203956604,0.374104768037796,0.8009191751480103,0.3546831011772156,0.7880123257637024,0.36895719170570374,0.7922495007514954,0.4070354402065277,0.7885632514953613,0.41048672795295715,0.8483870029449463,0.4036807119846344,0.7972439527511597,0.44186750054359436,0.8888382911682129,0.5089591145515442,0.8008787631988525,0.5614845752716064,0.860469400882721,0.6327924132347107,0.8005554676055908,0.6601937413215637,0.8579973578453064,0.6673209071159363,0.795246958732605,0.6857649683952332,0.8508745431900024,0.6604167222976685,0.7980421185493469,0.6838589310646057,0.8505733609199524,0.6504472494125366,0.8006206154823303,0.6763845086097717,0.8731436133384705,0.6406575441360474,0.8415788412094116,0.6493968367576599,0.8338524699211121,0.8106570243835449,0.7984437942504883,0.767776608467102,0.8642997741699219,0.8692832589149475,0.849522590637207,0.8549101948738098,0.8710421323776245,0.8694788217544556,0.8611107468605042,0.8627245426177979,0.8596411347389221,0.9577014446258545,0.8400593996047974,0.9425489902496338,1
0.7800066471099854,0.40586721897125244,0.7794302701950073,0.3804551064968109,0.7812037467956543,0.3770526945590973,0.7830564379692078,0.3733438551425934,0.7769664525985718,0.3848456144332886,0.7766624689102173,0.38474220037460327,0.7765516638755798,0.3842286765575409,0.7959383130073547,0.3595464527606964,0.7831349968910217,0.3791098892688751,0.7886118292808533,0.41363662481307983,0.7848035097122192,0.418500155210495,0.8442134857177734,0.4081469178199768,0.7925418615341187,0.4510924518108368,0.8833027482032776,0.5160316228866577,0.7975122928619385,0.5728950500488281,0.8543199300765991,0.6415456533432007,0.7949584722518921,0.671136200428009,0.8532241582870483,0.6736029982566833,0.7899392247200012,0.6992160677909851,0.8467108011245728,0.6729608774185181,0.7917400002479553,0.6995472311973572,0.8461852669715881,0.659145712852478,0.7952582836151123,0.6884438395500183,0.8702884316444397,0.6428691148757935,0.8384215235710144,0.657633900642395,0.836037814617157,0.8052164316177368,0.794335126876831,0.7715845108032227,0.8672366738319397,0.8899384140968323,0.850912868976593,0.8573923110961914,0.8747414350509644,0.8967554569244385,0.8623960018157959,0.8631194829940796,0.8559767603874207,0.9666434526443481,0.8421674966812134,0.9445595741271973,1
0.7776532173156738,0.41920027136802673,0.7774271965026855,0.394743949174881,0.7791348099708557,0.390767902135849,0.7809156179428101,0.3868645131587982,0.7742157578468323,0.3987700641155243,0.7737613916397095,0.398077130317688,0.7734251022338867,0.3970467150211334,0.7919436097145081,0.3726128041744232,0.7797439098358154,0.38933292031288147,0.786579430103302,0.4265688955783844,0.7824198603630066,0.43095076084136963,0.8394567370414734,0.4141344428062439,0.7884159088134766,0.45511192083358765,0.8782432079315186,0.5192433595657349,0.7929369211196899,0.5753864049911499,0.8519654870033264,0.6379234790802002,0.7902362942695618,0.6720309257507324,0.8488519191741943,0.6720278263092041,0.7853013277053833,0.698745846748352,0.8418653607368469,0.6654013395309448,0.7880984544754028,0.6968324184417725,0.842056930065155,0.6491544246673584,0.7909907698631287,0.686725914478302,0.8667630553245544,0.6349948644638062,0.8352333307266235,0.6547390222549438,0.8275629281997681,0.7898450493812561,0.7916877269744873,0.7736196517944336,0.8644547462463379,0.8761685490608215,0.8509835600852966,0.851983368396759,0.8737195134162903,0.8864445090293884,0.8610631227493286,0.8516920208930969,0.8589445352554321,0.9636520743370056,0.843643307685852,0.9426369667053223,1
0.769827663898468,0.42721766233444214,0.7701184153556824,0.40508463978767395,0.7718815803527832,0.40152883529663086,0.7736644148826599,0.39776691794395447,0.7672262787818909,0.4093182384967804,0.7669262886047363,0.40889009833335876,0.7667250037193298,0.40809619426727295,0.7854512333869934,0.3840838074684143,0.7735767364501953,0.400764137506485,0.7790567874908447,0.4344654381275177,0.7753067016601562,0.43874678015708923,0.8338664174079895,0.4205459952354431,0.7844668030738831,0.46969497203826904,0.8719618320465088,0.5347955226898193,0.7898355722427368,0.590677797794342,0.8409402966499329,0.6521527171134949,0.7842494249343872,0.6870071291923523,0.8367788195610046,0.690021276473999,0.7799869775772095,0.7128134369850159,0.8300339579582214,0.6837965846061707,0.7819706201553345,0.7101314067840576,0.8302274942398071,0.6736047267913818,0.784006655216217,0.7027768492698669,0.8654992580413818,0.6395372152328491,0.8324808478355408,0.6567422747612,0.8402105569839478,0.7778621912002563,0.7893848419189453,0.7754734754562378,0.8681813478469849,0.8773531913757324,0.8469067215919495,0.8564245700836182,0.872409999370575,0.876865029335022,0.8582650423049927,0.8542742729187012,0.8593708276748657,0.9639445543289185,0.8383505344390869,0.9442583322525024,1
0.7664761543273926,0.4424375891685486,0.7660217881202698,0.4205417037010193,0.7676862478256226,0.4168054461479187,0.7693320512771606,0.41267263889312744,0.7631908655166626,0.42435070872306824,0.7628099322319031,0.42365363240242004,0.762458324432373,0.4226588010787964,0.7801761627197266,0.39554065465927124,0.7681760191917419,0.4138990044593811,0.7758088111877441,0.44853103160858154,0.7713208794593811,0.45206302404403687,0.8279933929443359,0.4300401210784912,0.7790234684944153,0.47982099652290344,0.8594393730163574,0.5567355155944824,0.7852335572242737,0.6011623740196228,0.8295407295227051,0.6729604601860046,0.7772067785263062,0.7005534172058105,0.8266748189926147,0.7110980749130249,0.773024320602417,0.7263009548187256,0.8206732273101807,0.7048529386520386,0.7743595242500305,0.7237677574157715,0.8196597695350647,0.6918412446975708,0.7767900228500366,0.715997576713562,0.8607943058013916,0.6431841254234314,0.8283089995384216,0.6637833118438721,0.8310741782188416,0.7861876487731934,0.7842133045196533,0.7876057624816895,0.8662419319152832,0.8683490753173828,0.8445683717727661,0.8460313677787781,0.8724335432052612,0.8744670152664185,0.8581476211547852,0.8293972015380859,0.8653602600097656,0.9498090744018555,0.8376457095146179,0.938616156578064,1
0.7592759132385254,0.45145559310913086,0.7579007148742676,0.4306562840938568,0.7591559886932373,0.4278440475463867,0.7608499526977539,0.4243028461933136,0.7561253309249878,0.43319040536880493,0.7560784220695496,0.43226081132888794,0.7555703520774841,0.4319770336151123,0.772379994392395,0.4079879820346832,0.7619674801826477,0.4232988953590393,0.7683296799659729,0.4575892388820648,0.7648171186447144,0.46098464727401733,0.8206453919410706,0.44277456402778625,0.7745353579521179,0.48983117938041687,0.8476964235305786,0.5715689063072205,0.7763717174530029,0.6103957891464233,0.8158348202705383,0.6819191575050354,0.7705290913581848,0.7133252024650574,0.8111310005187988,0.7160924077033997,0.7644633054733276,0.7423046827316284,0.8064547777175903,0.7036399245262146,0.766787052154541,0.7393968105316162,0.8082082271575928,0.6894221305847168,0.7694634795188904,0.7310327291488647,0.8592955470085144,0.6494771242141724,0.8281290531158447,0.6671106815338135,0.8212599754333496,0.8201019167900085,0.7806718349456787,0.783883810043335,0.8651207089424133,0.8770389556884766,0.8444387316703796,0.8355615735054016,0.8710931539535522,0.8702844381332397,0.8587035536766052,0.8261182904243469,0.863767683506012,0.9564951658248901,0.8413295149803162,0.9310374855995178,1
0.7557147741317749,0.47129058837890625,0.7539421319961548,0.45049935579299927,0.7551391124725342,0.44778305292129517,0.7568271160125732,0.44379594922065735,0.7522364258766174,0.45321038365364075,0.7521021962165833,0.4519581198692322,0.7520294189453125,0.4504764676094055,0.7681470513343811,0.42305728793144226,0.7575579285621643,0.44032591581344604,0.7645202875137329,0.4747229218482971,0.7605078220367432,0.4776837229728699,0.81214839220047,0.45083802938461304,0.7688429355621338,0.4984176754951477,0.8323949575424194,0.5952827334403992,0.7708097100257874,0.6231815814971924,0.8032752275466919,0.7010591626167297,0.7660195231437683,0.722730278968811,0.797909677028656,0.7328500747680664,0.7604320049285889,0.7541353702545166,0.7891305685043335,0.7318551540374756,0.7631075978279114,0.7506822943687439,0.7907124757766724,0.7205696702003479,0.7658665776252747,0.7408497333526611,0.8528103828430176,0.6543936133384705,0.8251299262046814,0.6745612621307373,0.8158233165740967,0.8328225016593933,0.7740897536277771,0.7939417362213135,0.8582357168197632,0.879244327545166,0.8414515256881714,0.8575705289840698,0.8666386008262634,0.8575824499130249,0.8528823256492615,0.8387736082077026,0.8568986058235168,0.9610004425048828,0.8363011479377747,0.9380847215652466,1
0.7495070695877075,0.4831780195236206,0.7478423118591309,0.4627963900566101,0.7493863701820374,0.45888054370880127,0.7510254979133606,0.454536110162735,0.745631217956543,0.4670683443546295,0.7454146146774292,0.4666997194290161,0.7452360987663269,0.46605923771858215,0.7610719203948975,0.4355204701423645,0.7503361701965332,0.45832860469818115,0.7579150199890137,0.48700642585754395,0.7541906833648682,0.4906569719314575,0.8045990467071533,0.46054577827453613,0.7620537877082825,0.5153778791427612,0.8247318267822266,0.6006861329078674,0.7628907561302185,0.6448243260383606,0.787936806678772,0.6990593075752258,0.7588303089141846,0.7453156113624573,0.7808842658996582,0.7455400824546814,0.7552005648612976,0.768803060054779,0.7731114625930786,0.7315863370895386,0.7555304765701294,0.7671539783477783,0.776930034160614,0.7207555770874023,0.7580429315567017,0.7574998140335083,0.8477287292480469,0.6524210572242737,0.8207902908325195,0.6903606653213501,0.8163895606994629,0.7992834448814392,0.7683184146881104,0.8182972073554993,0.8531189560890198,0.8723803758621216,0.838316798210144,0.8511245846748352,0.8628973364830017,0.8754236102104187,0.8537872433662415,0.8506184816360474,0.8455180525779724,0.9520701766014099,0.8376893997192383,0.9387682676315308,1
0.7421807050704956,0.4982384443283081,0.7406141757965088,0.47845542430877686,0.7422341704368591,0.4754819869995117,0.7442118525505066,0.4714450240135193,0.7379081845283508,0.48130837082862854,0.7376397252082825,0.48036491870880127,0.7374619245529175,0.47908174991607666,0.7552931904792786,0.45440810918807983,0.7438170909881592,0.4694932997226715,0.7530918121337891,0.5026586651802063,0.7480953335762024,0.5050061941146851,0.7952984571456909,0.48391401767730713,0.7584489583969116,0.5181264877319336,0.8075421452522278,0.6484466195106506,0.7596609592437744,0.6447216868400574,0.7656951546669006,0.7407184839248657,0.7519147396087646,0.7467833757400513,0.7599209547042847,0.7775755524635315,0.7441129088401794,0.7824289798736572,0.7533941268920898,0.7646616697311401,0.7439159750938416,0.7814602851867676,0.7565799951553345,0.7543432712554932,0.7479972839355469,0.7684942483901978,0.846976637840271,0.6729268431663513,0.8207277059555054,0.6874270439147949,0.8007038235664368,0.8132470846176147,0.7638547420501709,0.8273202180862427,0.853283703327179,0.8640816807746887,0.8359997868537903,0.8604564666748047,0.8611690402030945,0.8504891991615295,0.8497445583343506,0.8466489315032959,0.8485037684440613,0.9435856342315674,0.8411780595779419,0.9408729672431946,1
0.7348057627677917,0.5101074576377869,0.7333492636680603,0.4899987578392029,0.7350066304206848,0.48756349086761475,0.7368506789207458,0.48458629846572876,0.7308900356292725,0.4912179112434387,0.730663537979126,0.49002206325531006,0.7305535078048706,0.4887120723724365,0.747654914855957,0.4685829281806946,0.7372235655784607,0.4790281653404236,0.7441793084144592,0.5164170265197754,0.7397647500038147,0.5178098678588867,0.7861650586128235,0.5092560648918152,0.7502262592315674,0.5410771369934082,0.7873481512069702,0.6728447079658508,0.7520561814308167,0.6603255867958069,0.7468495965003967,0.7681653499603271,0.7404289841651917,0.7666127681732178,0.7388861179351807,0.8005000352859497,0.7331781387329102,0.7979490756988525,0.7374312281608582,0.7900277972221375,0.7327491641044617,0.7986736297607422,0.7390123605728149,0.7828169465065002,0.7363998293876648,0.7840484380722046,0.8433270454406738,0.6774997711181641,0.8227001428604126,0.7013812065124512,0.7969372868537903,0.8057931065559387,0.7679795026779175,0.836959719657898,0.8538429141044617,0.8674920797348022,0.8411740064620972,0.8631623387336731,0.8624386787414551,0.8587627410888672,0.8543116450309753,0.8517928123474121,0.8495585918426514,0.9474704265594482,0.8444222211837769,0.9444505572319031,1
0.7278987169265747,0.5285593867301941,0.7266722321510315,0.5073405504226685,0.7281513214111328,0.5055316686630249,0.7300185561180115,0.502432644367218,0.7242323756217957,0.5078694820404053,0.7239891290664673,0.506563663482666,0.7238609790802002,0.5051723718643188,0.7398353815078735,0.4883992373943329,0.7306842803955078,0.49507397413253784,0.737021803855896,0.5351423621177673,0.7327791452407837,0.5368791222572327,0.7775366306304932,0.5273628830909729,0.7459904551506042,0.536034107208252,0.7815718650817871,0.6973979473114014,0.7423816323280334,0.647346556186676,0.7382902503013611,0.7831830382347107,0.7258539795875549,0.7509768009185791,0.7299177646636963,0.8154275417327881,0.7183526158332825,0.7752180099487305,0.7265447974205017,0.8102147579193115,0.7216712832450867,0.7919883728027344,0.7292302250862122,0.7989159822463989,0.7258874177932739,0.7927549481391907,0.8366019129753113,0.7092854976654053,0.8192464113235474,0.7195149660110474,0.7855623364448547,0.8352833390235901,0.782288670539856,0.8302012085914612,0.8447220921516418,0.8714850544929504,0.8501247763633728,0.8321371674537659,0.8587327599525452,0.8636540770530701,0.8608995079994202,0.8155497312545776,0.8461388945579529,0.9421204924583435,0.8643769025802612,0.887644350528717,1
0.7226073741912842,0.5419870615005493,0.7211949229240417,0.5233954191207886,0.7223306894302368,0.5216200947761536,0.7234373688697815,0.519858717918396,0.7198600769042969,0.5245208740234375,0.7200865745544434,0.5236541032791138,0.7203290462493896,0.5225504040718079,0.7335616946220398,0.507276177406311,0.7279849648475647,0.5127876996994019,0.7310273051261902,0.5473406910896301,0.7290799617767334,0.5479602217674255,0.7673944234848022,0.5493579506874084,0.7543445825576782,0.5573182106018066,0.7602072954177856,0.6936697363853455,0.7463165521621704,0.6645596027374268,0.7269180417060852,0.8038294315338135,0.72572922706604,0.779816746711731,0.7169115543365479,0.8335590362548828,0.712060272693634,0.797879159450531,0.713828444480896,0.8276856541633606,0.7114889621734619,0.7965465188026428,0.7165626883506775,0.823627769947052,0.7162885069847107,0.7904758453369141,0.8278287053108215,0.7365608215332031,0.8117367625236511,0.7481972575187683,0.7936505079269409,0.8349937796592712,0.7722592949867249,0.8735169172286987,0.8516395092010498,0.8752453327178955,0.8363324403762817,0.889670729637146,0.8628270030021667,0.873082160949707,0.8468047976493835,0.8742800951004028,0.8532348275184631,0.9445686936378479,0.8440491557121277,0.9416694641113281,1
0.7118933200836182,0.573747456073761,0.7111760377883911,0.5530111789703369,0.7130531072616577,0.5496837496757507,0.7147173881530762,0.5473150610923767,0.7100141644477844,0.5531817078590393,0.7108126878738403,0.5503777265548706,0.7115161418914795,0.5480862259864807,0.7250041961669922,0.5374774932861328,0.720754861831665,0.5362842082977295,0.7202058434486389,0.5811288356781006,0.7184308767318726,0.5810624361038208,0.755493700504303,0.6025267839431763,0.7468750476837158,0.5693274140357971,0.7403777241706848,0.750163733959198,0.7353171706199646,0.6960535049438477,0.7124387621879578,0.8634344339370728,0.7111548781394958,0.8136852383613586,0.7031493186950684,0.8650645613670349,0.699643075466156,0.8213033080101013,0.7003785371780396,0.8456271290779114,0.6995265483856201,0.8211711645126343,0.702854335308075,0.8402389883995056,0.7048107385635376,0.8263133764266968,0.8255338072776794,0.7535855770111084,0.8191848993301392,0.7366607189178467,0.7740796208381653,0.8625695705413818,0.7914892435073853,0.8336009979248047,0.848404586315155,0.8872343301773071,0.8495955467224121,0.8788814544677734,0.8603912591934204,0.8765857219696045,0.8568843603134155,0.8685756921768188,0.844475507736206,0.9349419474601746,0.8482005596160889,0.9363596439361572,1
0.7013100981712341,0.6007490158081055,0.7027304172515869,0.576154351234436,0.7041701078414917,0.5732554197311401,0.7055597901344299,0.5708205103874207,0.7007542252540588,0.5793318748474121,0.70103520154953,0.5776944756507874,0.7018496990203857,0.5741077661514282,0.7139462232589722,0.5643869042396545,0.7087511420249939,0.5632913112640381,0.7109081149101257,0.6071434020996094,0.7077742218971252,0.6067805290222168,0.7456592321395874,0.6319073438644409,0.7350094318389893,0.6042629480361938,0.7343457937240601,0.7642424702644348,0.7278195023536682,0.7331642508506775,0.7095847129821777,0.876471757888794,0.712082028388977,0.8419016003608704,0.7045086622238159,0.9090742468833923,0.7085009217262268,0.8569386005401611,0.6993698477745056,0.8978152871131897,0.7059685587882996,0.8614894151687622,0.701099693775177,0.8895713090896606,0.7083717584609985,0.8586241006851196,0.82523113489151,0.7479673027992249,0.8087140321731567,0.7482485175132751,0.7897617816925049,0.8864501714706421,0.7606214880943298,0.8800544142723083,0.8417037129402161,0.8880213499069214,0.8304319381713867,0.870772659778595,0.8532277345657349,0.8722276091575623,0.8409737348556519,0.8534975647926331,0.8481021523475647,0.9460578560829163,0.8368362784385681,0.9253969788551331,1
0.6988316178321838,0.6410250067710876,0.6986783146858215,0.61528480052948,0.6995665431022644,0.6116849184036255,0.7004373073577881,0.6083431243896484,0.6972524523735046,0.6216455698013306,0.697409987449646,0.6207047700881958,0.6974915862083435,0.6198747158050537,0.7082585096359253,0.598160982131958,0.7038962841033936,0.6094828248023987,0.7058954238891602,0.6402269601821899,0.7047551870346069,0.6444740295410156,0.7361533045768738,0.6260548830032349,0.7300928235054016,0.6503655910491943,0.7264571189880371,0.7662371397018433,0.7303237915039062,0.7679246068000793,0.702115535736084,0.8687938451766968,0.717535138130188,0.8763536214828491,0.6947841644287109,0.901145339012146,0.7146581411361694,0.9009577035903931,0.6872850656509399,0.8957465887069702,0.7129706740379333,0.8979287147521973,0.6907113790512085,0.8864150643348694,0.7146980166435242,0.8880106210708618,0.8172011971473694,0.7434847354888916,0.8029946684837341,0.7703871726989746,0.7847217917442322,0.8895953893661499,0.750633716583252,0.9139262437820435,0.8395788073539734,0.8883508443832397,0.8223872780799866,0.8768280744552612,0.8518629670143127,0.870058000087738,0.831703782081604,0.8540308475494385,0.8519628643989563,0.9491892457008362,0.8387174606323242,0.9328707456588745,1
0.6918242573738098,0.6751329302787781,0.6895663738250732,0.6616351008415222,0.6899484992027283,0.6599874496459961,0.6907735466957092,0.6549395322799683,0.6888481974601746,0.6616164445877075,0.6886314749717712,0.6600351333618164,0.6882240176200867,0.6584933996200562,0.6977605223655701,0.6398346424102783,0.6909555196762085,0.6415709853172302,0.6968563199043274,0.6730374097824097,0.69566410779953,0.6726965308189392,0.7266321778297424,0.6635093092918396,0.7056735157966614,0.6280962228775024,0.7247235774993896,0.7965013384819031,0.6788821816444397,0.6824216842651367,0.6999304294586182,0.9051363468170166,0.6335105895996094,0.7607799172401428,0.6931208968162537,0.9208964109420776,0.5969544649124146,0.7569507956504822,0.6864010691642761,0.9136050939559937,0.5963937640190125,0.7553361058235168,0.6882591247558594,0.9098870754241943,0.6235137581825256,0.7668797969818115,0.8096188902854919,0.7633698582649231,0.7964305877685547,0.7600721716880798,0.7633450031280518,0.9191360473632812,0.7459649443626404,0.8994026184082031,0.8373060822486877,0.8885989785194397,0.8189148306846619,0.8775500059127808,0.8420794606208801,0.8771257996559143,0.8219553232192993,0.8609210252761841,0.860787034034729,0.9511309862136841,0.847637951374054,0.934963583946228,1
0.6520346999168396,0.6316095590591431,0.6512240171432495,0.6127991676330566,0.6526628732681274,0.6110352277755737,0.6540994048118591,0.6091489195823669,0.6483534574508667,0.6127678155899048,0.6477861404418945,0.6111648678779602,0.6471561789512634,0.6100997924804688,0.6616297960281372,0.5973237752914429,0.6520490646362305,0.5978847742080688,0.6604846119880676,0.6365723609924316,0.6570146083831787,0.6376944780349731,0.6980583667755127,0.640388011932373,0.6749320030212402,0.6296026706695557,0.7199727296829224,0.7676659226417542,0.6716101169586182,0.7147001624107361,0.7000468969345093,0.8950101733207703,0.6480980515480042,0.7978201508522034,0.6943151950836182,0.9192371368408203,0.6386004686355591,0.8109154105186462,0.6881952285766602,0.9131065011024475,0.6378779411315918,0.8129886388778687,0.6903160810470581,0.904430627822876,0.6428062319755554,0.8099332451820374,0.792039155960083,0.7591087222099304,0.7745360136032104,0.77198326587677,0.7794303894042969,0.9049267768859863,0.7495999336242676,0.9053764343261719,0.8407904505729675,0.887528121471405,0.8155399560928345,0.8886764645576477,0.8452663421630859,0.8796473741531372,0.8250525593757629,0.8704950213432312,0.8557461500167847,0.9519217610359192,0.8391157984733582,0.9370030760765076,1
0.6579722762107849,0.7121114134788513,0.6592482924461365,0.7020442485809326,0.6596056818962097,0.7002740502357483,0.6597247123718262,0.6983348727226257,0.6587570309638977,0.7019086480140686,0.6586252450942993,0.6968045830726624,0.6581336855888367,0.6940176486968994,0.664414644241333,0.6751440167427063,0.6609206199645996,0.6742469072341919,0.6670376062393188,0.7094858288764954,0.6666578054428101,0.7104843854904175,0.689556360244751,0.6802281141281128,0.6837218403816223,0.6497524380683899,0.7223936319351196,0.8008078336715698,0.6858726143836975,0.7214644551277161,0.6996274590492249,0.9029374718666077,0.6528972387313843,0.8054167628288269,0.6948769688606262,0.921297550201416,0.6406211256980896,0.817035973072052,0.6896711587905884,0.9145063757896423,0.6389989852905273,0.8225619196891785,0.6923083662986755,0.9071230292320251,0.6439839005470276,0.8190755248069763,0.7851465940475464,0.783404529094696,0.7794637680053711,0.7746860980987549,0.776220440864563,0.9026106595993042,0.7653599381446838,0.8783289194107056,0.8420679569244385,0.8865606784820557,0.829188346862793,0.8754814267158508,0.8500795364379883,0.8747897744178772,0.840054988861084,0.8656229972839355,0.8607606291770935,0.9444758296012878,0.8514761924743652,0.9311869740486145,1
0.6639319062232971,0.7459431290626526,0.6619757413864136,0.7307805418968201,0.6621168255805969,0.7289056777954102,0.6616529226303101,0.7265801429748535,0.6616952419281006,0.731796145439148,0.6615904569625854,0.730523943901062,0.6613655686378479,0.7291300296783447,0.6664505004882812,0.7067350149154663,0.6640996336936951,0.71042799949646,0.6707349419593811,0.7413744330406189,0.6701882481575012,0.7441124320030212,0.6962984800338745,0.6968338489532471,0.692277729511261,0.6983945369720459,0.7190982103347778,0.8128804564476013,0.7132271528244019,0.7731115221977234,0.6922568082809448,0.9133597612380981,0.6927602887153625,0.8655350804328918,0.6890299320220947,0.9251039624214172,0.6850684881210327,0.884646475315094,0.6843389868736267,0.9179930686950684,0.683571994304657,0.8854550123214722,0.6881473660469055,0.9103987812995911,0.6870362162590027,0.8772721290588379,0.7844252586364746,0.7717586159706116,0.7788474559783936,0.7876721024513245,0.7778571844100952,0.8486552238464355,0.7533721923828125,0.8838120698928833,0.8481245636940002,0.8762806057929993,0.828960120677948,0.8733394742012024,0.86025071144104,0.8691862225532532,0.8408176302909851,0.8591381907463074,0.8611519932746887,0.9342025518417358,0.8514994978904724,0.929482638835907,1
0.6672418117523193,0.7703450322151184,0.6633843183517456,0.7586978673934937,0.6638093590736389,0.7549088597297668,0.66339111328125,0.7512854337692261,0.6633430123329163,0.7605892419815063,0.6633226275444031,0.759918212890625,0.6631998419761658,0.7591559290885925,0.6677576899528503,0.7258694767951965,0.6657780408859253,0.7400481700897217,0.6736780405044556,0.7677545547485352,0.6728103160858154,0.7699187994003296,0.6970588564872742,0.6983472108840942,0.6890745162963867,0.727312445640564,0.7208865284919739,0.7987667918205261,0.7180353999137878,0.7998758554458618,0.6957125663757324,0.9044300317764282,0.704759955406189,0.8805637359619141,0.6890574097633362,0.9217106103897095,0.7074486017227173,0.9093230962753296,0.6816759705543518,0.9184985160827637,0.7016348838806152,0.890938401222229,0.6855807900428772,0.9119824171066284,0.7007483839988708,0.8892797231674194,0.7755485773086548,0.774549663066864,0.7642517685890198,0.818855881690979,0.7842758893966675,0.8025561571121216,0.7569879293441772,0.9301691651344299,0.8459221124649048,0.8612257242202759,0.8212029933929443,0.8713414669036865,0.8573145866394043,0.8594672679901123,0.833606481552124,0.851520836353302,0.8581119775772095,0.9211702346801758,0.8399558663368225,0.915243923664093,1
0.6675686240196228,0.7813235521316528,0.6616663932800293,0.7696676850318909,0.6617642045021057,0.762715220451355,0.6612521409988403,0.7590855360031128,0.6621273756027222,0.7742476463317871,0.6619579792022705,0.7749095559120178,0.661602258682251,0.7755609154701233,0.6623761653900146,0.7352662682533264,0.6617427468299866,0.7638827562332153,0.6733319759368896,0.7736230492591858,0.6730688214302063,0.7799832224845886,0.6868836283683777,0.6919230222702026,0.6829511523246765,0.7734839916229248,0.7170621752738953,0.7845156192779541,0.7154601812362671,0.8129777312278748,0.6977502703666687,0.8971406817436218,0.7037845253944397,0.8732876181602478,0.6950626373291016,0.9140824675559998,0.7054623961448669,0.8999313116073608,0.6882195472717285,0.9132810235023499,0.7028616666793823,0.8937110304832458,0.6887148022651672,0.9097655415534973,0.6982250213623047,0.8830947279930115,0.7706237435340881,0.7630243301391602,0.7565430402755737,0.8375500440597534,0.7922306656837463,0.7451149821281433,0.7436976432800293,0.8980004191398621,0.8423762917518616,0.837209939956665,0.8180176019668579,0.8482069969177246,0.8513107299804688,0.8582644462585449,0.8306647539138794,0.8248564004898071,0.8660049438476562,0.8894392251968384,0.8431146740913391,0.8801105618476868,1
0.6620966792106628,0.7935167551040649,0.6579402089118958,0.7823496460914612,0.6578463912010193,0.7798699736595154,0.6575043201446533,0.7770479917526245,0.6580886244773865,0.7856116890907288,0.6580495238304138,0.7856354713439941,0.6577962040901184,0.7854366302490234,0.6602858304977417,0.7476385831832886,0.6580498218536377,0.7674871683120728,0.6689161062240601,0.786703884601593,0.6679865717887878,0.7909489274024963,0.6886525750160217,0.7122518420219421,0.6742570400238037,0.7233920097351074,0.7103316783905029,0.8078904151916504,0.6777815222740173,0.7501304745674133,0.6914060711860657,0.9064099192619324,0.6513007283210754,0.8003974556922913,0.6846540570259094,0.9195148944854736,0.6422330737113953,0.8126493692398071,0.6779182553291321,0.9150872230529785,0.6418367624282837,0.8071063160896301,0.6820584535598755,0.9082609415054321,0.6462884545326233,0.8036404252052307,0.7549098134040833,0.8075727820396423,0.7423014640808105,0.8311809301376343,0.7810729146003723,0.755827009677887,0.743279218673706,0.8905772566795349,0.8373788595199585,0.8107317090034485,0.8029105067253113,0.829159677028656,0.846660315990448,0.8209571242332458,0.8149141073226929,0.7951032519340515,0.8549773097038269,0.856236457824707,0.8214202523231506,0.8448298573493958,1
0.6618237495422363,0.7982334494590759,0.6563587188720703,0.7903492450714111,0.6562818884849548,0.7846658229827881,0.6557390689849854,0.7788788676261902,0.6567815542221069,0.7972397804260254,0.6568008661270142,0.7982053160667419,0.6566735506057739,0.7990304231643677,0.6551015973091125,0.7544329166412354,0.656925618648529,0.7871096730232239,0.6683803200721741,0.786188542842865,0.6681132912635803,0.7968606948852539,0.6797587275505066,0.7110067009925842,0.6802775263786316,0.7580939531326294,0.7017656564712524,0.7757599949836731,0.711424708366394,0.8179515600204468,0.6931338906288147,0.8999447226524353,0.7020896673202515,0.8710893392562866,0.6857026219367981,0.919215202331543,0.7039914727210999,0.8976550102233887,0.6820141077041626,0.9111888408660889,0.7028501033782959,0.8912254571914673,0.6833097338676453,0.9078178405761719,0.6981005668640137,0.8784599304199219,0.7514153122901917,0.7790303826332092,0.7433950304985046,0.8318730592727661,0.7648892998695374,0.736336350440979,0.7393338680267334,0.878111720085144,0.8347511291503906,0.7852185368537903,0.8099883198738098,0.7998616695404053,0.8442094922065735,0.7945626378059387,0.8180139660835266,0.7786404490470886,0.8525171279907227,0.8301551938056946,0.8381472826004028,0.8211126327514648,1
0.6629561185836792,0.8085157871246338,0.6585743427276611,0.8006340265274048,0.6584488153457642,0.7987701296806335,0.6581491231918335,0.7963179349899292,0.6583954691886902,0.8022164106369019,0.6581787467002869,0.8016265034675598,0.657791793346405,0.8006444573402405,0.6576325297355652,0.7666237354278564,0.6578127145767212,0.7745929956436157,0.6675552129745483,0.7998487949371338,0.6672082543373108,0.8009673953056335,0.6801016330718994,0.7310705780982971,0.6790897250175476,0.7022742629051208,0.7013633251190186,0.836243748664856,0.7048339247703552,0.7418146133422852,0.6924517154693604,0.8986756205558777,0.7024374008178711,0.8256348967552185,0.688027560710907,0.9195700883865356,0.6983870267868042,0.8401766419410706,0.6822358965873718,0.9099219441413879,0.6983059048652649,0.8443328738212585,0.6834402680397034,0.9055787920951843,0.7003270387649536,0.8435276746749878,0.7440671920776367,0.8307475447654724,0.7416951656341553,0.8001670837402344,0.8021194338798523,0.7679628133773804,0.7638636231422424,0.8066696524620056,0.8695747256278992,0.726534903049469,0.8241759538650513,0.7624726295471191,0.8774439096450806,0.7105293869972229,0.8334589600563049,0.7445948719978333,0.8961180448532104,0.7363675832748413,0.8493311405181885,0.7926833629608154,1
0.6647999286651611,0.8074607253074646,0.6566351056098938,0.7877829074859619,0.6567279100418091,0.787390947341919,0.6567431092262268,0.7870115041732788,0.6564258933067322,0.7895825505256653,0.6563679575920105,0.7903785705566406,0.6562546491622925,0.7910303473472595,0.6579136848449707,0.7720330357551575,0.6570062637329102,0.778769850730896,0.668534517288208,0.7962896823883057,0.6657830476760864,0.7936518788337708,0.6851860284805298,0.7254911065101624,0.6689026355743408,0.7364836931228638,0.6998092532157898,0.8014675378799438,0.6565173864364624,0.7713640928268433,0.6891129016876221,0.8732810616493225,0.6257530450820923,0.8150505423545837,0.69277024269104,0.9063167572021484,0.6155261397361755,0.8222755193710327,0.680569052696228,0.8895955085754395,0.6149428486824036,0.8203853368759155,0.6840610504150391,0.8798555135726929,0.6192948818206787,0.8203179240226746,0.7150107026100159,0.7913727164268494,0.7021046876907349,0.799727737903595,0.7533242106437683,0.7243747115135193,0.7170419692993164,0.7499902844429016,0.8161919116973877,0.7475484609603882,0.765387773513794,0.778810977935791,0.8256845474243164,0.7502672672271729,0.7730369567871094,0.7837373614311218,0.8294141888618469,0.7441241145133972,0.7749993205070496,0.7852396965026855,1
0.6590486764907837,0.8086016178131104,0.6556468605995178,0.802665650844574,0.6560392379760742,0.8039723038673401,0.6585484147071838,0.8045406937599182,0.6555129885673523,0.8009519577026367,0.655754804611206,0.8011109828948975,0.6559698581695557,0.8056440353393555,0.6614646911621094,0.7870275378227234,0.6565227508544922,0.7912880778312683,0.660758376121521,0.7962945103645325,0.660530149936676,0.7936105132102966,0.6824450492858887,0.7598235607147217,0.6587756872177124,0.7543967366218567,0.6837129592895508,0.7969270944595337,0.644259512424469,0.7769108414649963,0.6807994842529297,0.8248525857925415,0.6192710399627686,0.8153918385505676,0.6820855736732483,0.8329152464866638,0.6102363467216492,0.8183445930480957,0.6805379390716553,0.8223924040794373,0.6107430458068848,0.819586992263794,0.6797823905944824,0.819752037525177,0.6141170859336853,0.8196709156036377,0.6952909231185913,0.7882483601570129,0.6853480339050293,0.805627703666687,0.7347224950790405,0.7038971185684204,0.7249545454978943,0.7532689571380615,0.797051191329956,0.7321633696556091,0.7784227728843689,0.7676910758018494,0.8061159253120422,0.7228426337242126,0.7848048806190491,0.7719777822494507,0.8112710118293762,0.711968183517456,0.7946441173553467,0.7601216435432434,1
0.6577212810516357,0.820522665977478,0.6527666449546814,0.789876401424408,0.6524272561073303,0.7904327511787415,0.6560171842575073,0.8159443736076355,0.6533194780349731,0.7898157835006714,0.6533458232879639,0.7903041839599609,0.6532483696937561,0.7910085320472717,0.6599931120872498,0.8006516695022583,0.6538017988204956,0.7934214472770691,0.6615525484085083,0.8132643103599548,0.6618820428848267,0.8146383762359619,0.6797313690185547,0.790665328502655,0.6722171306610107,0.7685009241104126,0.6840715408325195,0.8325172662734985,0.673270046710968,0.802804708480835,0.6759888529777527,0.8643324375152588,0.6590609550476074,0.8397232294082642,0.6742020845413208,0.8699688911437988,0.6534950733184814,0.837635338306427,0.6738590598106384,0.8601232767105103,0.6527315378189087,0.8413941860198975,0.6747252941131592,0.8570038676261902,0.6549395322799683,0.8415729999542236,0.6872899532318115,0.8059394359588623,0.6842063665390015,0.8095206618309021,0.7270911931991577,0.74444180727005,0.7165946364402771,0.7593804597854614,0.7867031693458557,0.7260643839836121,0.7611221671104431,0.7636362314224243,0.7985934615135193,0.7298591732978821,0.7688115835189819,0.7646462321281433,0.7931638360023499,0.6974747180938721,0.7679742574691772,0.7547694444656372,1
0.6455579996109009,0.6868469715118408,0.6462805271148682,0.6733201742172241,0.6478192210197449,0.6720694899559021,0.649399995803833,0.6707568168640137,0.6419146656990051,0.6751565933227539,0.6406540274620056,0.6749703884124756,0.6392866373062134,0.6749148964881897,0.6528663039207458,0.6606152057647705,0.6375837326049805,0.6686959862709045,0.6495145559310913,0.6893528699874878,0.6449518799781799,0.6914172768592834,0.67458575963974,0.6762758493423462,0.6293768882751465,0.6933192610740662,0.6871824264526367,0.7274691462516785,0.60942542552948,0.7509682178497314,0.6706604957580566,0.8263261914253235,0.5964630246162415,0.7979975938796997,0.6675228476524353,0.8452523350715637,0.5903235077857971,0.8086522817611694,0.6613085269927979,0.8413452506065369,0.5918962955474854,0.8058511018753052,0.6626914143562317,0.8336517214775085,0.5950517654418945,0.8036932349205017,0.6808494925498962,0.7706925868988037,0.6592862606048584,0.7909867167472839,0.7215787172317505,0.7653819918632507,0.6662572026252747,0.773951530456543,0.7670213580131531,0.752284586429596,0.7030957341194153,0.782937228679657,0.7727968096733093,0.7571945190429688,0.7071352601051331,0.7882833480834961,0.7844401001930237,0.7274235486984253,0.7091167569160461,0.770950436592102,1
0.6651155352592468,0.8538821339607239,0.6660381555557251,0.8483182191848755,0.667697548866272,0.8461960554122925,0.6694119572639465,0.844218909740448,0.6615313291549683,0.8506072759628296,0.6603516936302185,0.8502482175827026,0.6591022610664368,0.8499270677566528,0.6738170385360718,0.8214775323867798,0.6574740409851074,0.8315459489822388,0.6685555577278137,0.8407866954803467,0.6643034219741821,0.8436373472213745,0.6923335790634155,0.7687169313430786,0.6514182090759277,0.7935724854469299,0.7034388184547424,0.7678642272949219,0.6386493444442749,0.8151019811630249,0.6976918578147888,0.7805290818214417,0.6214540004730225,0.8381489515304565,0.6980423927307129,0.7918007969856262,0.6148689985275269,0.8455346822738647,0.6965676546096802,0.7799165844917297,0.6154429316520691,0.8412444591522217,0.6958584785461426,0.7764455080032349,0.618729293346405,0.8379656672477722,0.693115234375,0.7937111258506775,0.6737504601478577,0.819202184677124,0.7336286902427673,0.7891718149185181,0.6856674551963806,0.7910825610160828,0.7711299061775208,0.7127277255058289,0.7059074640274048,0.7682902812957764,0.776507556438446,0.707501232624054,0.7105857133865356,0.7666482329368591,0.7808215618133545,0.6881426572799683,0.7095326781272888,0.7653996348381042,1
0.6427198052406311,0.6553970575332642,0.6433390974998474,0.6408713459968567,0.6447442173957825,0.6391077041625977,0.6462130546569824,0.6373437643051147,0.6399426460266113,0.643993616104126,0.639085590839386,0.6444540023803711,0.6381115913391113,0.6449964642524719,0.6512482762336731,0.6308819651603699,0.6394273638725281,0.6424951553344727,0.64776611328125,0.6599039435386658,0.6438164710998535,0.6641274690628052,0.6725521087646484,0.6618673205375671,0.6433684825897217,0.6769031882286072,0.6910988092422485,0.6945970058441162,0.6350739002227783,0.7334906458854675,0.6762122511863708,0.7721028327941895,0.6278476715087891,0.8022159337997437,0.6772051453590393,0.8101040124893188,0.622948944568634,0.8184409141540527,0.6651391983032227,0.7907681465148926,0.6251363158226013,0.8162339925765991,0.6726516485214233,0.7980554103851318,0.6276863813400269,0.811781108379364,0.6910004019737244,0.8027188181877136,0.6764733791351318,0.8113067150115967,0.7115983963012695,0.7891130447387695,0.6782540678977966,0.7714612483978271,0.7721511721611023,0.7227959632873535,0.7137601971626282,0.7557986974716187,0.7818325161933899,0.7082613706588745,0.7157480716705322,0.7508854866027832,0.781453013420105,0.7263510227203369,0.7246987819671631,0.7552564740180969,1
0.6385037899017334,0.6662917137145996,0.6389163732528687,0.6597856283187866,0.6402676105499268,0.6591790318489075,0.6417081952095032,0.6584709882736206,0.6352900862693787,0.6604053974151611,0.6342889070510864,0.6601781845092773,0.6331995725631714,0.6601132750511169,0.6455458402633667,0.6549463272094727,0.6331287026405334,0.659750759601593,0.6431266665458679,0.6730279326438904,0.6393129825592041,0.6744301915168762,0.6679781079292297,0.6799036860466003,0.6375824213027954,0.6853516101837158,0.6933960318565369,0.7093895673751831,0.6350404620170593,0.7533355951309204,0.674044668674469,0.7679031491279602,0.6210913062095642,0.807324230670929,0.6760396957397461,0.7953856587409973,0.6144028902053833,0.820684552192688,0.6694351434707642,0.786880612373352,0.6151601672172546,0.8163872957229614,0.6705384254455566,0.7781774401664734,0.6178005933761597,0.8144024014472961,0.6961297988891602,0.7757912278175354,0.6788201928138733,0.7963827252388,0.7199220061302185,0.7674122452735901,0.6679500937461853,0.8438618183135986,0.7784299850463867,0.7201230525970459,0.7137077450752258,0.7969858050346375,0.7859935760498047,0.713574230670929,0.7200813293457031,0.7850745916366577,0.7946586608886719,0.7112072110176086,0.7208757996559143,0.8049265742301941,1
0.6641631722450256,0.7793318033218384,0.663764476776123,0.776089608669281,0.6645992994308472,0.774133026599884,0.6655030250549316,0.7721311450004578,0.6612749099731445,0.7797720432281494,0.6605663895606995,0.7802981734275818,0.6598178744316101,0.7809633016586304,0.666365921497345,0.7591056823730469,0.6576873660087585,0.7749978303909302,0.6663934588432312,0.7742416858673096,0.6642889976501465,0.7781842350959778,0.6790044903755188,0.7201719880104065,0.6546734571456909,0.7704862952232361,0.6971092820167542,0.7075015306472778,0.6669842600822449,0.7930898070335388,0.6711757183074951,0.7657110095024109,0.6555259227752686,0.8349102139472961,0.6638543009757996,0.7832563519477844,0.6510213017463684,0.8469101786613464,0.660236656665802,0.7804977297782898,0.6480942964553833,0.8466946482658386,0.6613125801086426,0.7778818607330322,0.6500616669654846,0.8431828022003174,0.6895389556884766,0.7401933670043945,0.6753571033477783,0.7783721685409546,0.7035655379295349,0.7327954769134521,0.6806733012199402,0.8662939667701721,0.7511603832244873,0.7524921298027039,0.703423261642456,0.8190040588378906,0.756770670413971,0.755206823348999,0.7073297500610352,0.8067202568054199,0.7690128684043884,0.7591741681098938,0.705677330493927,0.8259730339050293,1
0.0,0.0,0.0,0.0,0.0,0.0,0.0,0.0,0.0,0.0,0.0,0.0,0.0,0.0,0.0,0.0,0.0,0.0,0.0,0.0,0.0,0.0,0.0,0.0,0.0,0.0,0.0,0.0,0.0,0.0,0.0,0.0,0.0,0.0,0.0,0.0,0.0,0.0,0.0,0.0,0.0,0.0,0.0,0.0,0.0,0.0,0.0,0.0,0.0,0.0,0.0,0.0,0.0,0.0,0.0,0.0,0.0,0.0,0.0,0.0,0.0,0.0,0.0,0.0,0.0,0.0,1
0.6762597560882568,0.7364757657051086,0.6758763790130615,0.7293831706047058,0.6770044565200806,0.7270579934120178,0.6781946420669556,0.7247394919395447,0.6722061038017273,0.7360448837280273,0.67110276222229,0.7377774715423584,0.6699252128601074,0.7397072315216064,0.6792947053909302,0.7158604860305786,0.6668258905410767,0.7404006123542786,0.6792256236076355,0.734672486782074,0.6757752299308777,0.7411443591117859,0.6929111480712891,0.6967714428901672,0.6613151431083679,0.7676675319671631,0.7136114239692688,0.7088077664375305,0.6670533418655396,0.8090082406997681,0.6924945116043091,0.7673996090888977,0.6568248867988586,0.8441966772079468,0.6899135708808899,0.788260281085968,0.6520527005195618,0.8563829064369202,0.6822248697280884,0.7843616604804993,0.6503837704658508,0.8522554636001587,0.6836317181587219,0.7778114676475525,0.652967095375061,0.8477250337600708,0.7093445658683777,0.7558349370956421,0.6921709775924683,0.8064707517623901,0.720801591873169,0.6599987745285034,0.6846907734870911,0.851961612701416,0.7646843194961548,0.6869103312492371,0.7169974446296692,0.7910829186439514,0.7703343033790588,0.6917673945426941,0.7207571268081665,0.7788984775543213,0.7727155685424805,0.6740641593933105,0.7232632040977478,0.7688708901405334,1
0.6798793077468872,0.7884470224380493,0.6784981489181519,0.7854324579238892,0.6791600584983826,0.7828641533851624,0.6799163222312927,0.7802326679229736,0.6761941909790039,0.7917614579200745,0.6756349802017212,0.792960524559021,0.6749935746192932,0.7943864464759827,0.6812726259231567,0.7650322914123535,0.6729059219360352,0.7893989682197571,0.6825581192970276,0.7811376452445984,0.681066632270813,0.7868797183036804,0.6977619528770447,0.7171002626419067,0.6696707606315613,0.7891110777854919,0.7100328803062439,0.6860033273696899,0.6711616516113281,0.8196967244148254,0.7097500562667847,0.7153973579406738,0.6577709317207336,0.8344699144363403,0.7090567350387573,0.7224454283714294,0.6524255871772766,0.8400882482528687,0.7028141021728516,0.7196589112281799,0.650580644607544,0.8356512784957886,0.7029981017112732,0.7184868454933167,0.6528741121292114,0.8336771130561829,0.7131648063659668,0.7523587346076965,0.6945711374282837,0.8027040362358093,0.7164469957351685,0.6472817063331604,0.6701907515525818,0.8545485734939575,0.7366608381271362,0.7357028722763062,0.693131148815155,0.8257390856742859,0.735672116279602,0.7495661973953247,0.6946291923522949,0.8171049356460571,0.7369298338890076,0.7469728589057922,0.6957806944847107,0.8068739771842957,1
0.0,0.0,0.0,0.0,0.0,0.0,0.0,0.0,0.0,0.0,0.0,0.0,0.0,0.0,0.0,0.0,0.0,0.0,0.0,0.0,0.0,0.0,0.0,0.0,0.0,0.0,0.0,0.0,0.0,0.0,0.0,0.0,0.0,0.0,0.0,0.0,0.0,0.0,0.0,0.0,0.0,0.0,0.0,0.0,0.0,0.0,0.0,0.0,0.0,0.0,0.0,0.0,0.0,0.0,0.0,0.0,0.0,0.0,0.0,0.0,0.0,0.0,0.0,0.0,0.0,0.0,1
0.6348922848701477,0.5771079063415527,0.6333268284797668,0.568743884563446,0.633131742477417,0.5706399083137512,0.6330028772354126,0.572437047958374,0.6345055103302002,0.5621962547302246,0.635081946849823,0.5596994757652283,0.6355381608009338,0.5574515461921692,0.6335644125938416,0.5776921510696411,0.6374621987342834,0.5570722222328186,0.6358227133750916,0.5900347828865051,0.6367253065109253,0.5832784175872803,0.6395966410636902,0.6310155987739563,0.6483423113822937,0.6030891537666321,0.6551991105079651,0.7219133973121643,0.6811601519584656,0.6663060188293457,0.6527256965637207,0.8149604797363281,0.6867947578430176,0.7505066990852356,0.6536482572555542,0.8423629999160767,0.687795877456665,0.7713475823402405,0.6488947868347168,0.83577960729599,0.6854202747344971,0.774273157119751,0.6493107676506042,0.8272874355316162,0.6850285530090332,0.769481897354126,0.6756615042686462,0.7516969442367554,0.6786156892776489,0.7510585784912109,0.6897308230400085,0.7364134788513184,0.6709900498390198,0.8235114812850952,0.7261703014373779,0.7437309622764587,0.7112264633178711,0.8387945890426636,0.7315194606781006,0.7460429072380066,0.7162271738052368,0.8355228304862976,0.7359080910682678,0.7403825521469116,0.7181036472320557,0.8536303043365479,1
0.6460597515106201,0.5879894495010376,0.6464946269989014,0.574592649936676,0.6474395990371704,0.5744632482528687,0.6484169363975525,0.5742871761322021,0.6443577408790588,0.5736575722694397,0.6437610387802124,0.5730268955230713,0.6430574655532837,0.5726149082183838,0.6505002975463867,0.5753757357597351,0.6432181596755981,0.5733347535133362,0.6486592292785645,0.599042534828186,0.6459503769874573,0.5980204939842224,0.6621544361114502,0.6179171800613403,0.6453220844268799,0.6309267282485962,0.6839079856872559,0.7043734788894653,0.6578258275985718,0.7098626494407654,0.6690943837165833,0.7851791381835938,0.6608142256736755,0.7761957049369812,0.6707374453544617,0.826920211315155,0.6612358093261719,0.7959148287773132,0.6645647883415222,0.8238195180892944,0.6609818935394287,0.7933900356292725,0.6650810837745667,0.8141928911209106,0.6616922616958618,0.7873774766921997,0.6923904418945312,0.7499278783798218,0.6822438836097717,0.7686057090759277,0.683891773223877,0.7674576044082642,0.668635368347168,0.8428066372871399,0.71180659532547,0.8163647055625916,0.731408953666687,0.8555667400360107,0.7165248394012451,0.8189906477928162,0.7429339289665222,0.8540735840797424,0.7177279591560364,0.8447815179824829,0.7357115149497986,0.8943361639976501,1
0.0,0.0,0.0,0.0,0.0,0.0,0.0,0.0,0.0,0.0,0.0,0.0,0.0,0.0,0.0,0.0,0.0,0.0,0.0,0.0,0.0,0.0,0.0,0.0,0.0,0.0,0.0,0.0,0.0,0.0,0.0,0.0,0.0,0.0,0.0,0.0,0.0,0.0,0.0,0.0,0.0,0.0,0.0,0.0,0.0,0.0,0.0,0.0,0.0,0.0,0.0,0.0,0.0,0.0,0.0,0.0,0.0,0.0,0.0,0.0,0.0,0.0,0.0,0.0,0.0,0.0,1
0.6742862462997437,0.7077235579490662,0.6742717027664185,0.6933094263076782,0.6757798790931702,0.6914299130439758,0.6773324608802795,0.689532995223999,0.6705517172813416,0.6959177255630493,0.6694684624671936,0.6960657238960266,0.6682896614074707,0.6964077353477478,0.6814508438110352,0.6788774132728577,0.6682324409484863,0.6900060176849365,0.6791726350784302,0.7096176743507385,0.6750092506408691,0.7131249904632568,0.7024198174476624,0.6871883869171143,0.6695551872253418,0.7129793167114258,0.7104659676551819,0.7806584239006042,0.6744928359985352,0.7850618362426758,0.6776602864265442,0.8362764716148376,0.6664760708808899,0.8266030550003052,0.6713786125183105,0.8599880337715149,0.6631056666374207,0.8391109704971313,0.6642298698425293,0.8429725170135498,0.6620004773139954,0.8323195576667786,0.6670244932174683,0.835395336151123,0.6645717024803162,0.8286064267158508,0.7245108485221863,0.7753777503967285,0.7057905793190002,0.8021150827407837,0.7081934213638306,0.7365782856941223,0.6905444264411926,0.8603281378746033,0.7396383881568909,0.8396816253662109,0.7402769327163696,0.9216815829277039,0.7454109787940979,0.851288914680481,0.7561205625534058,0.9096577167510986,0.7454383969306946,0.8831580281257629,0.743219256401062,0.9682483673095703,1
0.6756078004837036,0.7474812865257263,0.6761837601661682,0.7387644648551941,0.6775605082511902,0.7380132079124451,0.6790094375610352,0.7372419238090515,0.6729518175125122,0.7375826239585876,0.672097384929657,0.7362906336784363,0.6711329221725464,0.7352076768875122,0.6831818222999573,0.7235674858093262,0.6714330911636353,0.7230597734451294,0.6795715689659119,0.7475917339324951,0.6764887571334839,0.7465850710868835,0.70340496301651,0.7224587798118591,0.6716575026512146,0.7115182280540466,0.7109950184822083,0.8012546300888062,0.6730629205703735,0.7595481872558594,0.674289882183075,0.8477074503898621,0.6672342419624329,0.8003795742988586,0.6667943000793457,0.8695517182350159,0.6635735034942627,0.8121373653411865,0.6596029996871948,0.8497347831726074,0.6639618873596191,0.8077675700187683,0.6627048254013062,0.8426913619041443,0.6666731238365173,0.8058739900588989,0.7214009761810303,0.7893248796463013,0.7032424211502075,0.7973317503929138,0.6934860944747925,0.7996358275413513,0.692849338054657,0.8663382530212402,0.6957597732543945,0.8663637638092041,0.7353876233100891,0.9233211278915405,0.6977201104164124,0.8729574084281921,0.7435529232025146,0.9260955452919006,0.6911159157752991,0.8912609219551086,0.7371934056282043,0.9512655138969421,1
0.0,0.0,0.0,0.0,0.0,0.0,0.0,0.0,0.0,0.0,0.0,0.0,0.0,0.0,0.0,0.0,0.0,0.0,0.0,0.0,0.0,0.0,0.0,0.0,0.0,0.0,0.0,0.0,0.0,0.0,0.0,0.0,0.0,0.0,0.0,0.0,0.0,0.0,0.0,0.0,0.0,0.0,0.0,0.0,0.0,0.0,0.0,0.0,0.0,0.0,0.0,0.0,0.0,0.0,0.0,0.0,0.0,0.0,0.0,0.0,0.0,0.0,0.0,0.0,0.0,0.0,1
0.6586448550224304,0.8157899975776672,0.6573823094367981,0.800775945186615,0.6579161882400513,0.8001841306686401,0.6611964702606201,0.792934238910675,0.654630184173584,0.8104124665260315,0.6626372337341309,0.8223737478256226,0.661620557308197,0.8247696757316589,0.6729044318199158,0.7807304859161377,0.6612834334373474,0.8160476088523865,0.6707545518875122,0.804462730884552,0.6713250279426575,0.8264718651771545,0.6965253353118896,0.7417610287666321,0.6672015190124512,0.8094539046287537,0.699677586555481,0.8266301155090332,0.6702443957328796,0.8483693599700928,0.6572878956794739,0.8451141715049744,0.6566559076309204,0.853257417678833,0.647922158241272,0.8570058941841125,0.6516054272651672,0.860289454460144,0.6420652866363525,0.8626296520233154,0.649829626083374,0.8484390377998352,0.6454707384109497,0.8510112762451172,0.6529502272605896,0.8442885875701904,0.7251744866371155,0.8030408620834351,0.7089757323265076,0.8571427464485168,0.7243049144744873,0.7591135501861572,0.6954789757728577,0.9013444781303406,0.7761743068695068,0.8719799518585205,0.7553838491439819,0.9644002318382263,0.7803632020950317,0.89615797996521,0.7650123834609985,0.964020311832428,0.7905837893486023,0.9284027814865112,0.7680716514587402,1.0334360599517822,1
0.6724520325660706,0.8376580476760864,0.6686692833900452,0.8248838186264038,0.6693416237831116,0.8197992444038391,0.6701077222824097,0.8146363496780396,0.6669110059738159,0.8345770239830017,0.6664572954177856,0.8364772796630859,0.6659218072891235,0.8385937213897705,0.6734564304351807,0.7894155979156494,0.6663880348205566,0.8249627351760864,0.6780695915222168,0.8250418901443481,0.6765644550323486,0.8365789651870728,0.6948164701461792,0.7306985855102539,0.676395833492279,0.8130586743354797,0.7026358842849731,0.7935359477996826,0.6710484623908997,0.8495674729347229,0.6565097570419312,0.8304401636123657,0.6468631029129028,0.8743224143981934,0.6462079882621765,0.8449907898902893,0.6370816826820374,0.884086012840271,0.6401524543762207,0.8336961269378662,0.6369825601577759,0.883211076259613,0.6445488333702087,0.8308810591697693,0.6406346559524536,0.8759331703186035,0.7392416000366211,0.8233362436294556,0.7232826352119446,0.8756831884384155,0.7272157073020935,0.793951153755188,0.6992483139038086,0.9051344990730286,0.7756507992744446,0.86859130859375,0.7579065561294556,0.9548504948616028,0.7789993286132812,0.8806313872337341,0.7661885023117065,0.9577614068984985,0.7923676371574402,0.9225109219551086,0.7730090618133545,1.0227887630462646,1
0.6695379018783569,0.8262516856193542,0.6667399406433105,0.8160720467567444,0.6671752333641052,0.8113847374916077,0.6677111983299255,0.8065943717956543,0.6653664708137512,0.8273841142654419,0.665020227432251,0.8303699493408203,0.6645974516868591,0.8336053490638733,0.6708008050918579,0.790385365486145,0.6652240753173828,0.830159068107605,0.6742979884147644,0.8170475363731384,0.6730722188949585,0.8299891352653503,0.6935122013092041,0.7453046441078186,0.6744219064712524,0.8454413414001465,0.6935115456581116,0.7462643384933472,0.669563889503479,0.8842944502830505,0.6605801582336426,0.8098853230476379,0.6481480002403259,0.8848927617073059,0.6514058709144592,0.8264561891555786,0.6403394341468811,0.8922143578529358,0.6492698788642883,0.8288160562515259,0.6396145820617676,0.889723539352417,0.6504186391830444,0.819081723690033,0.6429371237754822,0.881938636302948,0.729849100112915,0.8267837166786194,0.7169811725616455,0.8903460502624512,0.7226225733757019,0.8185381293296814,0.6995198130607605,0.9529361128807068,0.7795725464820862,0.8726997971534729,0.761199951171875,0.9537307024002075,0.7830958366394043,0.8872365951538086,0.7700752019882202,0.9478551149368286,0.7995302677154541,0.9204691648483276,0.767895519733429,1.0083355903625488,1
0.6579339504241943,0.8161585330963135,0.6556442975997925,0.8077864646911621,0.6576346158981323,0.8000162243843079,0.6582938432693481,0.7974017262458801,0.654697835445404,0.8161752223968506,0.6532072424888611,0.8239830136299133,0.653074324131012,0.8270880579948425,0.6611971855163574,0.785859227180481,0.6551441550254822,0.821919858455658,0.661683201789856,0.8014260530471802,0.6669649481773376,0.8271675109863281,0.6817131042480469,0.7317096590995789,0.6648226976394653,0.8135743141174316,0.6965423822402954,0.8173515796661377,0.6498501300811768,0.8337805271148682,0.6522923111915588,0.8790737390518188,0.6185740828514099,0.8448889851570129,0.6445499658584595,0.8943490982055664,0.6097067594528198,0.8513630628585815,0.6421952247619629,0.8910690546035767,0.6079592704772949,0.8429646492004395,0.6446844339370728,0.8835270404815674,0.6122725009918213,0.8398932218551636,0.7334972620010376,0.8280356526374817,0.7184638381004333,0.8806963562965393,0.7247353792190552,0.8088402152061462,0.700376570224762,0.9201061129570007,0.7782779932022095,0.880366861820221,0.758975088596344,0.9536081552505493,0.7839969396591187,0.8821269869804382,0.7675397396087646,0.9463050961494446,0.8003966212272644,0.9254783391952515,0.7773009538650513,1.015279769897461,1
0.6574550271034241,0.8178796768188477,0.6588090658187866,0.8174446821212769,0.6598171591758728,0.8125102519989014,0.6608996391296387,0.807542085647583,0.6561579704284668,0.8264948725700378,0.6553676724433899,0.8283436894416809,0.6545008420944214,0.830397367477417,0.6642081141471863,0.7833555340766907,0.654133677482605,0.8174353837966919,0.6643471121788025,0.8106716871261597,0.6603102087974548,0.823135495185852,0.6881909966468811,0.7385432124137878,0.6599739193916321,0.8075900673866272,0.6969640851020813,0.8144180178642273,0.6713684797286987,0.8294910192489624,0.6542288661003113,0.8809170722961426,0.6702499985694885,0.8452596664428711,0.6446265578269958,0.9021203517913818,0.6691569089889526,0.8528184294700623,0.6422985792160034,0.8962506055831909,0.6675118803977966,0.8461132049560547,0.6450077295303345,0.8885374069213867,0.6690523028373718,0.8415694236755371,0.7211562991142273,0.8105364441871643,0.703882098197937,0.8638889789581299,0.7373288869857788,0.7895827889442444,0.7043635845184326,0.9081120491027832,0.7809615135192871,0.8781452178955078,0.7557548880577087,0.9528949856758118,0.7834758758544922,0.8924140334129333,0.7640419006347656,0.9564282894134521,0.7990512251853943,0.9270793199539185,0.7718192338943481,1.0024292469024658,1
0.6533089876174927,0.8133965730667114,0.6530222296714783,0.8040194511413574,0.6534622311592102,0.8013303279876709,0.6527621746063232,0.7936753630638123,0.6509802341461182,0.8157728910446167,0.6508378386497498,0.8181390762329102,0.6494532227516174,0.8248953223228455,0.6589118838310242,0.7705360651016235,0.6523838639259338,0.8121148943901062,0.65972900390625,0.795825183391571,0.6598301529884338,0.8163979053497314,0.676956295967102,0.7333619594573975,0.6624419689178467,0.8343265652656555,0.6969112157821655,0.7914673686027527,0.6682865619659424,0.8842039108276367,0.6558159589767456,0.8816168904304504,0.6545166969299316,0.8920753598213196,0.6501791477203369,0.895626962184906,0.6553004384040833,0.9122210144996643,0.6457214951515198,0.8945931196212769,0.6473948955535889,0.8997416496276855,0.6481429934501648,0.8897076845169067,0.6486763954162598,0.8980522155761719,0.7186568379402161,0.8190430998802185,0.7049041390419006,0.8831053376197815,0.7319373488426208,0.8168343305587769,0.7034144401550293,0.9080506563186646,0.7778518199920654,0.8962118625640869,0.7605746388435364,0.9630417823791504,0.7841734290122986,0.9024428129196167,0.7697030305862427,0.9609249830245972,0.8001854419708252,0.932539701461792,0.7812984585762024,1.0139055252075195,1
0.6526816487312317,0.8124118447303772,0.6513646841049194,0.8087792992591858,0.6529106497764587,0.8014139533042908,0.6533149480819702,0.7976938486099243,0.6517932415008545,0.8227159976959229,0.6504943370819092,0.8303509950637817,0.6503865718841553,0.8328736424446106,0.6563912630081177,0.7858315110206604,0.6517932415008545,0.8156295418739319,0.658703088760376,0.8019273281097412,0.6595991253852844,0.8215910196304321,0.6855036616325378,0.7366755604743958,0.6639688014984131,0.8366162180900574,0.6972313523292542,0.8090015053749084,0.670095682144165,0.8850293159484863,0.6576243042945862,0.8896206021308899,0.6560540199279785,0.8947587013244629,0.6565842628479004,0.9028524160385132,0.6567171812057495,0.9025854468345642,0.6483082175254822,0.8973472714424133,0.6477872133255005,0.8979011178016663,0.6551954746246338,0.8883013725280762,0.6514710783958435,0.8902013301849365,0.725486695766449,0.8304023146629333,0.711357593536377,0.8962642550468445,0.7306898236274719,0.8224638104438782,0.7030699253082275,0.93211829662323,0.7746308445930481,0.9004116058349609,0.761474609375,0.9673706889152527,0.7844572067260742,0.9175326228141785,0.7695387005805969,0.964844822883606,0.7935314774513245,0.9382054209709167,0.7783755660057068,1.0141056776046753,1
0.6565386056900024,0.8145796060562134,0.6518568396568298,0.8102543950080872,0.6537268161773682,0.8017691373825073,0.6541420221328735,0.7977683544158936,0.6523352861404419,0.8239474296569824,0.6506996750831604,0.8321442604064941,0.6505952477455139,0.8341312408447266,0.6572210192680359,0.7829834222793579,0.6517253518104553,0.810491681098938,0.6595436334609985,0.8025546669960022,0.6603327989578247,0.8192466497421265,0.6853235960006714,0.7376432418823242,0.6637229323387146,0.8240085244178772,0.6969375610351562,0.8175244331359863,0.6743595004081726,0.8569112420082092,0.6577072739601135,0.8957239985466003,0.6708880066871643,0.8639024496078491,0.6507390737533569,0.9075226783752441,0.6697354912757874,0.8724585771560669,0.6476255655288696,0.9001462459564209,0.6681234240531921,0.8661962747573853,0.648708701133728,0.8981540203094482,0.6696727871894836,0.8608185648918152,0.7235895395278931,0.8229237794876099,0.7103601694107056,0.8843688368797302,0.7323042154312134,0.8239003419876099,0.7038170099258423,0.9391738176345825,0.7763354182243347,0.8937390446662903,0.759842038154602,0.9603707194328308,0.7839390635490417,0.9119064807891846,0.7687753438949585,0.956311821937561,0.7951720952987671,0.9348815083503723,0.779049277305603,1.0128746032714844,1
0.6542901396751404,0.8222577571868896,0.6490997076034546,0.8104410171508789,0.65105801820755,0.8043032884597778,0.6514067053794861,0.8021633625030518,0.6485534906387329,0.8163037300109863,0.6490881443023682,0.8179032802581787,0.6480454802513123,0.8193529844284058,0.6566141247749329,0.7878820896148682,0.6479023098945618,0.8102083802223206,0.6595810055732727,0.8153924345970154,0.6563502550125122,0.8231862187385559,0.6842737793922424,0.7599260807037354,0.647923469543457,0.8032314777374268,0.6988378167152405,0.8299781680107117,0.6447463035583496,0.8398982882499695,0.6566184759140015,0.8927173614501953,0.6351202130317688,0.8623212575912476,0.6478546261787415,0.91231369972229,0.6325047612190247,0.869227409362793,0.6443074345588684,0.9028699994087219,0.6306678652763367,0.8657229542732239,0.6468358635902405,0.8949711322784424,0.6329566836357117,0.8631748557090759,0.7046158909797668,0.8161017298698425,0.6844279170036316,0.8562216758728027,0.7210700511932373,0.8235716819763184,0.6905956268310547,0.9281500577926636,0.7700779438018799,0.8859532475471497,0.7583503723144531,0.9625934958457947,0.771939754486084,0.8967939019203186,0.7662104964256287,0.9677324295043945,0.7915898561477661,0.92913419008255,0.7703619003295898,1.0103013515472412,1
0.6524161696434021,0.8096970915794373,0.6516664624214172,0.800834596157074,0.6527592539787292,0.7982392907142639,0.6539384722709656,0.7955936789512634,0.6488142013549805,0.8047651648521423,0.648048460483551,0.8051460981369019,0.6471905708312988,0.8057617545127869,0.6578813195228577,0.7799760103225708,0.6472666263580322,0.7967684864997864,0.6572684645652771,0.8049774765968323,0.654577910900116,0.8099700212478638,0.6822130084037781,0.7604309320449829,0.6501685380935669,0.7955133318901062,0.6956928968429565,0.8399006128311157,0.6564294099807739,0.8481569886207581,0.6566498875617981,0.896230936050415,0.6470655798912048,0.8864229321479797,0.6499966382980347,0.9169878363609314,0.6440942287445068,0.8970011472702026,0.6459824442863464,0.907656192779541,0.6423053741455078,0.8942826986312866,0.6484107375144958,0.9008654356002808,0.6446610689163208,0.8896611928939819,0.7034328579902649,0.8186095952987671,0.6842795610427856,0.8513791561126709,0.7239890098571777,0.8396012187004089,0.6939218044281006,0.9164422750473022,0.7676903605461121,0.9179137349128723,0.7586888670921326,0.9631943702697754,0.7724918127059937,0.9241935014724731,0.7664479613304138,0.9668720364570618,0.7837397456169128,0.9612302780151367,0.7720201015472412,1.0094213485717773,1
0.6625459790229797,0.8089302182197571,0.6612575054168701,0.796462893486023,0.6624152660369873,0.7929338216781616,0.6636524200439453,0.7893578410148621,0.6583425998687744,0.8027526140213013,0.6575276851654053,0.80387282371521,0.6566232442855835,0.8052168488502502,0.6678038835525513,0.7724343538284302,0.6567559242248535,0.7970223426818848,0.6677277684211731,0.8031448125839233,0.6645954251289368,0.8108677864074707,0.6903501749038696,0.7509855031967163,0.6586281061172485,0.7958870530128479,0.6960862278938293,0.8360300064086914,0.6500400900840759,0.8293155431747437,0.6564507484436035,0.8969407677650452,0.6380451321601868,0.8657326698303223,0.6501690149307251,0.9136712551116943,0.6335265040397644,0.8798012733459473,0.6460464596748352,0.9045425653457642,0.6337884664535522,0.8743603825569153,0.6469451785087585,0.9021804928779602,0.6366795897483826,0.8682893514633179,0.7140527367591858,0.8210188150405884,0.6966686844825745,0.8630750775337219,0.7366631627082825,0.8274953961372375,0.6985964775085449,0.9284913539886475,0.7799896001815796,0.8894727826118469,0.7588176727294922,0.9614458084106445,0.7858831882476807,0.8947415351867676,0.7659956216812134,0.9669417142868042,0.802094578742981,0.9299312233924866,0.7708616256713867,1.0150023698806763,1
0.6570612788200378,0.843613862991333,0.6520054340362549,0.8246938586235046,0.653447151184082,0.815545380115509,0.6533412933349609,0.8124100565910339,0.6502056121826172,0.8369550704956055,0.6494550704956055,0.8385525941848755,0.6486247181892395,0.8404080867767334,0.6538673043251038,0.7913467884063721,0.6481378078460693,0.822494387626648,0.6589614152908325,0.8148796558380127,0.6586134433746338,0.8233635425567627,0.6760473251342773,0.7267246842384338,0.656220018863678,0.8026583194732666,0.6966661214828491,0.8419284224510193,0.6661516427993774,0.8131090998649597,0.6563243865966797,0.9039825201034546,0.6677381992340088,0.8279615044593811,0.6488933563232422,0.9224897027015686,0.667557954788208,0.8374555110931396,0.6457854509353638,0.9157071709632874,0.666997492313385,0.8281421065330505,0.6480185389518738,0.9079421758651733,0.6684670448303223,0.8226932883262634,0.729254424571991,0.8106650710105896,0.7100106477737427,0.873559832572937,0.7301713228225708,0.8108770251274109,0.697411298751831,0.939858078956604,0.7852191925048828,0.8793877959251404,0.7602912187576294,0.9543666839599609,0.7912595868110657,0.882511556148529,0.7694035768508911,0.9508365988731384,0.8039929866790771,0.9299041628837585,0.7826117277145386,1.016326904296875,1
0.6565628051757812,0.832159698009491,0.6549117565155029,0.8182117342948914,0.6548049449920654,0.8149005174636841,0.6547194123268127,0.8122895359992981,0.6534572243690491,0.836414635181427,0.6527099013328552,0.8383590579032898,0.6518864035606384,0.8405538201332092,0.6551141738891602,0.7940872311592102,0.6506788730621338,0.8243793249130249,0.661584734916687,0.8091850876808167,0.6595346331596375,0.8243375420570374,0.6757839322090149,0.7294684052467346,0.656076967716217,0.8072679042816162,0.6959138512611389,0.8255187273025513,0.6669968962669373,0.8197793960571289,0.6568100452423096,0.8984034061431885,0.6679379343986511,0.8486424088478088,0.6499120593070984,0.9162298440933228,0.6667674779891968,0.8619258999824524,0.6458767652511597,0.9082616567611694,0.6663960814476013,0.8549302816390991,0.647097110748291,0.9045112729072571,0.66820228099823,0.8475981950759888,0.7215498685836792,0.8089208602905273,0.7051811218261719,0.8650122284889221,0.7301634550094604,0.8151001334190369,0.7043143510818481,0.9180574417114258,0.786279559135437,0.8787049651145935,0.7602881789207458,0.9540994167327881,0.7900458574295044,0.8863629102706909,0.7694031596183777,0.9495483636856079,0.8021936416625977,0.9284490346908569,0.7804474234580994,1.0074856281280518,1
0.6546087265014648,0.8294938206672668,0.6494258046150208,0.8185871839523315,0.650599479675293,0.8114969730377197,0.6504762768745422,0.8092001676559448,0.6492841243743896,0.8258483409881592,0.6490775942802429,0.82844078540802,0.6483803391456604,0.8399398922920227,0.6514419913291931,0.7900049090385437,0.6488465070724487,0.8305025100708008,0.6602374911308289,0.8085954189300537,0.6586552262306213,0.8213826417922974,0.6736550331115723,0.723616361618042,0.6571996212005615,0.7996455430984497,0.6889542937278748,0.8150619864463806,0.6733182668685913,0.8198554515838623,0.6556548476219177,0.8982176780700684,0.6770925521850586,0.8400952219963074,0.6482540369033813,0.915243923664093,0.6771512627601624,0.8510960340499878,0.643980860710144,0.9069578051567078,0.676179826259613,0.8449503183364868,0.6454575061798096,0.9035105109214783,0.6775734424591064,0.8391236066818237,0.7279371023178101,0.8078503608703613,0.7112458944320679,0.8721017241477966,0.7395497560501099,0.8111000061035156,0.7056898474693298,0.92256098985672,0.7870158553123474,0.8714750409126282,0.7624801993370056,0.9596472978591919,0.7914510369300842,0.8793997764587402,0.770727813243866,0.9546171426773071,0.8053892850875854,0.9299507737159729,0.7819767594337463,1.0229344367980957,1
0.6542539596557617,0.8390085101127625,0.6521685719490051,0.8255404233932495,0.6520645022392273,0.822842538356781,0.652005136013031,0.8207708597183228,0.6505253911018372,0.8371360898017883,0.6499295234680176,0.8435889482498169,0.6491705179214478,0.8448641300201416,0.653045117855072,0.7981511950492859,0.6500146389007568,0.8270847797393799,0.6606056690216064,0.8140082359313965,0.6585767269134521,0.8272159099578857,0.6777303814888,0.7295228242874146,0.6587920188903809,0.7893289923667908,0.6964809894561768,0.850010335445404,0.6661148071289062,0.8068081140518188,0.6540911197662354,0.9045911431312561,0.6632941961288452,0.8302286863327026,0.6477794647216797,0.917259693145752,0.6611558794975281,0.8398855328559875,0.6445537805557251,0.9109416007995605,0.6606812477111816,0.8318015933036804,0.6457064151763916,0.9080071449279785,0.6630325317382812,0.8268678784370422,0.7321194410324097,0.8181933164596558,0.7136189341545105,0.8673336505889893,0.733246922492981,0.8138554692268372,0.6997313499450684,0.9555801749229431,0.7838857769966125,0.8788805603981018,0.7629227638244629,0.9595208168029785,0.7872689366340637,0.8801760077476501,0.771054208278656,0.9551194310188293,0.8038550019264221,0.928101658821106,0.7822178602218628,1.0306503772735596,1
0.6570624113082886,0.833040714263916,0.6516384482383728,0.8191525340080261,0.6516627669334412,0.8162640333175659,0.6532395482063293,0.8076691627502441,0.6504815220832825,0.8376718759536743,0.64985191822052,0.8392293453216553,0.6491461992263794,0.8410504460334778,0.6524645090103149,0.792350709438324,0.6486504077911377,0.8227423429489136,0.66080641746521,0.8152362108230591,0.6584559679031372,0.8309742212295532,0.6757232546806335,0.7289589643478394,0.6567565202713013,0.8024359345436096,0.6937114596366882,0.8328480124473572,0.6550504565238953,0.8088799118995667,0.6543154120445251,0.8967442512512207,0.6454687714576721,0.8235121965408325,0.64656662940979,0.9158267378807068,0.6420815587043762,0.8331736922264099,0.6421641707420349,0.9070211052894592,0.6417627930641174,0.8231415748596191,0.6459999680519104,0.901656985282898,0.6442779898643494,0.8175089359283447,0.729357123374939,0.8169054985046387,0.7126171588897705,0.8728834986686707,0.7325683236122131,0.8056748509407043,0.705076277256012,0.916126012802124,0.7842064499855042,0.8821402788162231,0.7615028023719788,0.9553331136703491,0.790334165096283,0.88188636302948,0.7703132033348083,0.9517974257469177,0.804474413394928,0.9270095229148865,0.7824018597602844,1.018996000289917,1
0.6591686606407166,0.8474298715591431,0.654802143573761,0.8321865797042847,0.655591607093811,0.8267232179641724,0.6564618349075317,0.8212229609489441,0.6526622772216797,0.8411539793014526,0.6520067453384399,0.8424622416496277,0.6512701511383057,0.8440461158752441,0.654744565486908,0.7977374196052551,0.6496468782424927,0.8284019827842712,0.6605214476585388,0.8164304494857788,0.6580893993377686,0.8315629959106445,0.6764021515846252,0.7291553020477295,0.6569342017173767,0.8041210770606995,0.6956212520599365,0.8362430930137634,0.6541522145271301,0.8225113749504089,0.6563743948936462,0.90036541223526,0.6423987746238708,0.8604789972305298,0.6504595279693604,0.9150362014770508,0.6376779079437256,0.8756837844848633,0.645145058631897,0.9126484394073486,0.637714684009552,0.8673523664474487,0.6478796601295471,0.904961109161377,0.6410402655601501,0.8600186109542847,0.7285619974136353,0.8167731761932373,0.7110843062400818,0.8710243701934814,0.7318950295448303,0.796888530254364,0.7012757062911987,0.9102839231491089,0.7863711714744568,0.883540689945221,0.7612926959991455,0.9571142196655273,0.7926483154296875,0.8852633237838745,0.7701820731163025,0.9538794755935669,0.8036436438560486,0.926716148853302,0.7820029258728027,1.0175340175628662,1
0.6579742431640625,0.8408579230308533,0.6550166606903076,0.8235780596733093,0.6554132103919983,0.8201771378517151,0.655685544013977,0.8173964023590088,0.6520230174064636,0.8342480659484863,0.6515459418296814,0.8349140882492065,0.650983989238739,0.8359237909317017,0.6568493247032166,0.79327791929245,0.6503166556358337,0.8266035318374634,0.662792980670929,0.8146358728408813,0.6626126766204834,0.8362058401107788,0.6792770028114319,0.7291402816772461,0.6586366891860962,0.7940568923950195,0.6895268559455872,0.8443487286567688,0.6439495086669922,0.7725080251693726,0.6548745632171631,0.898698627948761,0.6272709965705872,0.763178288936615,0.6463363170623779,0.9169217944145203,0.6234214305877686,0.7667533755302429,0.6426910758018494,0.9108799695968628,0.6232394576072693,0.7554608583450317,0.6437627077102661,0.908734142780304,0.6257350444793701,0.7535426616668701,0.7350869178771973,0.809030294418335,0.7198411226272583,0.8785656094551086,0.7339544296264648,0.7898857593536377,0.6967115998268127,0.9542697668075562,0.7824530005455017,0.8768631815910339,0.7615123987197876,0.9657759666442871,0.789460301399231,0.8773759603500366,0.7701133489608765,0.9583011865615845,0.8055825233459473,0.9234521389007568,0.7768442630767822,1.0310804843902588,1
0.6601319909095764,0.8471813797950745,0.6563326716423035,0.827701210975647,0.6568046808242798,0.8255065083503723,0.6571565270423889,0.8240088224411011,0.6548917293548584,0.8408301472663879,0.6541918516159058,0.841101348400116,0.6534103155136108,0.8416715860366821,0.6587253212928772,0.8017572164535522,0.6518982648849487,0.8298361897468567,0.6638064384460449,0.8206030130386353,0.6637053489685059,0.8422836065292358,0.6822945475578308,0.7442680597305298,0.6567018628120422,0.7929579615592957,0.6947094202041626,0.8471130132675171,0.6394544839859009,0.780158519744873,0.6566372513771057,0.897540807723999,0.6146412491798401,0.795455276966095,0.6491605043411255,0.9150717854499817,0.6072332262992859,0.8011665940284729,0.6447361707687378,0.9063982963562012,0.6071078777313232,0.794764518737793,0.6473281979560852,0.8994746804237366,0.6111968159675598,0.7923480272293091,0.729333221912384,0.8209166526794434,0.7109535932540894,0.8665841221809387,0.7325458526611328,0.799798846244812,0.694776713848114,0.9546919465065002,0.7861883640289307,0.8799644708633423,0.7637292742729187,0.9619742035865784,0.7906444072723389,0.8872358202934265,0.7728123664855957,0.9553837776184082,0.8067722320556641,0.9288569092750549,0.7798981070518494,1.0394213199615479,1
0.6568774580955505,0.8303858041763306,0.6524286866188049,0.8154392838478088,0.6526276469230652,0.8131290078163147,0.6543994545936584,0.8058475255966187,0.6511218547821045,0.823868989944458,0.6506749391555786,0.8247831463813782,0.6501506567001343,0.8259620070457458,0.6544414162635803,0.7916918992996216,0.6504002213478088,0.8093805313110352,0.6601723432540894,0.8066778779029846,0.6609939336776733,0.8279003500938416,0.6776912808418274,0.7304885983467102,0.6610203981399536,0.7950527667999268,0.6892891526222229,0.8315404057502747,0.6616831421852112,0.8225617408752441,0.655968189239502,0.8927227854728699,0.6485746502876282,0.8594524264335632,0.6479478478431702,0.9111204147338867,0.6439265012741089,0.8749140501022339,0.6448022127151489,0.9055396318435669,0.6434659361839294,0.8662099838256836,0.6476606726646423,0.8978358507156372,0.6463384628295898,0.8595743775367737,0.730311393737793,0.8187975287437439,0.7160123586654663,0.8691514730453491,0.7207456827163696,0.8029782176017761,0.6981200575828552,0.9177480936050415,0.7850560545921326,0.8823853731155396,0.7610488533973694,0.9639338850975037,0.7908650040626526,0.892730176448822,0.7701698541641235,0.9638893008232117,0.8049964904785156,0.9334298968315125,0.7807453870773315,1.034519076347351,1
0.6565170884132385,0.8290141820907593,0.6535232067108154,0.820432722568512,0.6538100838661194,0.8181867003440857,0.6560397744178772,0.8107539415359497,0.6529968976974487,0.832709014415741,0.6523260474205017,0.8326712250709534,0.6515716314315796,0.8329004645347595,0.6562191247940063,0.7950074672698975,0.65184485912323,0.8140373229980469,0.6602233052253723,0.8125686645507812,0.662258505821228,0.834805428981781,0.6807560920715332,0.7410825490951538,0.657134473323822,0.7851579189300537,0.6942559480667114,0.8517065644264221,0.6487953662872314,0.8168210983276367,0.6558383107185364,0.8980307579040527,0.6261905431747437,0.8520793318748474,0.6480108499526978,0.9163373112678528,0.618431031703949,0.8623010516166687,0.6443802118301392,0.9076792001724243,0.6179617643356323,0.8551959991455078,0.6458832621574402,0.9038313627243042,0.6223759055137634,0.8519505262374878,0.7284237146377563,0.8167275786399841,0.7099609971046448,0.8543553352355957,0.7220631837844849,0.8087198734283447,0.6933692693710327,0.9280004501342773,0.7805389761924744,0.8937948346138,0.7601044178009033,0.9653570652008057,0.7877866625785828,0.8924448490142822,0.7690408825874329,0.9640788435935974,0.8039116263389587,0.9329697489738464,0.7766719460487366,1.0391570329666138,1
0.6569926738739014,0.8154393434524536,0.6547242403030396,0.8046707510948181,0.6548453569412231,0.8010622262954712,0.6549360156059265,0.7975825667381287,0.6531054377555847,0.8188158273696899,0.652873694896698,0.822467029094696,0.6530139446258545,0.8238592743873596,0.656423807144165,0.7805461287498474,0.6534074544906616,0.8125101327896118,0.6618752479553223,0.7935958504676819,0.6634158492088318,0.8224607706069946,0.6756906509399414,0.7175273895263672,0.6653538346290588,0.8313370943069458,0.6897864937782288,0.8167045712471008,0.6784173846244812,0.8748735785484314,0.6537660360336304,0.8844845294952393,0.6622213125228882,0.9088125228881836,0.6462732553482056,0.9039573669433594,0.6567038297653198,0.9226664900779724,0.6427697539329529,0.8987235426902771,0.6447864174842834,0.9130347371101379,0.6451005935668945,0.8905189037322998,0.6576391458511353,0.9088305234909058,0.7279796600341797,0.8070766925811768,0.7172435522079468,0.8709464073181152,0.7271552681922913,0.7833397388458252,0.7037099599838257,0.9119651317596436,0.7835363745689392,0.8858784437179565,0.7621797919273376,0.9610686302185059,0.788676917552948,0.9005972743034363,0.7708612084388733,0.9617348313331604,0.801805853843689,0.9317032098770142,0.7835398316383362,1.020959734916687,1
0.6562583446502686,0.8181902766227722,0.6557834148406982,0.80533367395401,0.6562851667404175,0.8031251430511475,0.6567918062210083,0.8013274073600769,0.6529468297958374,0.817785382270813,0.6541434526443481,0.8260305523872375,0.6533032655715942,0.827105700969696,0.6608351469039917,0.7855622172355652,0.6539232730865479,0.8117727041244507,0.6627952456474304,0.8076226711273193,0.6645196676254272,0.8302092552185059,0.6823080778121948,0.7352490425109863,0.6594315767288208,0.7917435169219971,0.6948308348655701,0.8363096117973328,0.6381105184555054,0.7912371158599854,0.65581876039505,0.8880788683891296,0.5922906398773193,0.7887781858444214,0.6479156613349915,0.9072514772415161,0.5968062281608582,0.808234691619873,0.6446083188056946,0.9017893075942993,0.5860161781311035,0.7999339699745178,0.646210253238678,0.8991209268569946,0.6011119484901428,0.797545850276947,0.7375171184539795,0.8221343755722046,0.7197784185409546,0.8682970404624939,0.7257797122001648,0.7895429730415344,0.701019823551178,0.917824923992157,0.7833962440490723,0.884267270565033,0.7610818147659302,0.9665820598602295,0.7902586460113525,0.8840564489364624,0.770258903503418,0.9604798555374146,0.8057801723480225,0.9266538023948669,0.7787140011787415,1.046006202697754,1
0.6584646701812744,0.813511073589325,0.6547470092773438,0.8078749179840088,0.6548448204994202,0.8053377270698547,0.6549779176712036,0.8031742572784424,0.6533694267272949,0.819916844367981,0.6534371376037598,0.8227202296257019,0.6535241603851318,0.8260267376899719,0.657986581325531,0.78652024269104,0.6544316411018372,0.8264991044998169,0.6621595621109009,0.7998830080032349,0.6626522541046143,0.8176805973052979,0.6782116293907166,0.7263394594192505,0.6660696864128113,0.8233996033668518,0.688151478767395,0.8165830969810486,0.6665091514587402,0.8425899147987366,0.6526297330856323,0.8800259828567505,0.6458195447921753,0.872797966003418,0.6463825106620789,0.8961032629013062,0.6392704248428345,0.8891130685806274,0.6425309181213379,0.891327440738678,0.6384164690971375,0.8772612810134888,0.6460009813308716,0.8935153484344482,0.6419535279273987,0.8689366579055786,0.7389631867408752,0.8264492750167847,0.7259771823883057,0.88796067237854,0.7325202226638794,0.8089478611946106,0.6989322304725647,0.9450162053108215,0.7836635112762451,0.8882170915603638,0.7658618092536926,0.9598523378372192,0.7910139560699463,0.8907545804977417,0.7739757895469666,0.9499433040618896,0.805704653263092,0.9280446171760559,0.7856987714767456,1.0179734230041504,1
0.6611953973770142,0.8410491347312927,0.6555313467979431,0.8213832378387451,0.6579521894454956,0.8134467601776123,0.6583652496337891,0.811994731426239,0.655717670917511,0.8348954916000366,0.6550135016441345,0.8354988098144531,0.6542233824729919,0.8363800048828125,0.6589680910110474,0.7971662878990173,0.6547731757164001,0.820703387260437,0.6625581383705139,0.8139985203742981,0.6650051474571228,0.8385710120201111,0.6912713646888733,0.7565776705741882,0.6592438220977783,0.7973107099533081,0.6936232447624207,0.843596875667572,0.6367835998535156,0.7841783761978149,0.6559359431266785,0.8927627801895142,0.5930371284484863,0.778718888759613,0.6486347913742065,0.9129597544670105,0.5925934910774231,0.7909592986106873,0.6442851424217224,0.9044764637947083,0.5853843092918396,0.7839877605438232,0.6456462740898132,0.901549756526947,0.5965394973754883,0.7807974815368652,0.7345280647277832,0.8276439309120178,0.7158252000808716,0.8741198182106018,0.7327671647071838,0.78019118309021,0.6956819891929626,0.936149001121521,0.784293532371521,0.8892227411270142,0.7618058919906616,0.9600479602813721,0.7909828424453735,0.8917849063873291,0.771012544631958,0.955575168132782,0.8052921295166016,0.9290802478790283,0.7787410020828247,1.0349143743515015,1
0.6585879921913147,0.8366657495498657,0.6564372777938843,0.8222202658653259,0.6586077213287354,0.8133977651596069,0.6587787866592407,0.8103965520858765,0.6529080271720886,0.8287032842636108,0.6525000333786011,0.8299348950386047,0.6520043015480042,0.8314527869224548,0.6594038605690002,0.7870338559150696,0.6521923542022705,0.8218863010406494,0.6633513569831848,0.813270092010498,0.6635677814483643,0.834526777267456,0.6886277198791504,0.7358595132827759,0.6644269227981567,0.7974594831466675,0.6929105520248413,0.8453885912895203,0.6653014421463013,0.8286600708961487,0.6530719995498657,0.8978137969970703,0.6511488556861877,0.8547114133834839,0.6465946435928345,0.9199027419090271,0.6463114023208618,0.865182638168335,0.6425022482872009,0.9113752841949463,0.6447113156318665,0.8569446802139282,0.6451855897903442,0.9031981229782104,0.6479882001876831,0.8525020480155945,0.7357299327850342,0.7990172505378723,0.7218925356864929,0.8701454997062683,0.7173222899436951,0.791241466999054,0.6903859972953796,0.9268063306808472,0.7845543622970581,0.8937574625015259,0.7607442140579224,0.9627164006233215,0.7909777760505676,0.8938625454902649,0.7700386047363281,0.9620651006698608,0.8027212619781494,0.9398030042648315,0.7780051231384277,1.0340999364852905,1
0.6580073833465576,0.8311530947685242,0.6556618809700012,0.8219271898269653,0.6578483581542969,0.8125690221786499,0.6581425070762634,0.8093629479408264,0.6518147587776184,0.8253977298736572,0.6512419581413269,0.8263723850250244,0.6505794525146484,0.827616810798645,0.6591953039169312,0.785327136516571,0.6512985229492188,0.8105260133743286,0.6622628569602966,0.8106911182403564,0.6621882319450378,0.8312674164772034,0.6887521147727966,0.737202525138855,0.6594666838645935,0.7911590337753296,0.6924172043800354,0.8415272235870361,0.6507421731948853,0.8162736892700195,0.6540295481681824,0.898490846157074,0.6283572912216187,0.8404631614685059,0.6470780968666077,0.9184232950210571,0.6213018298149109,0.8490068316459656,0.643928587436676,0.9125825762748718,0.6197638511657715,0.8409754633903503,0.6464321613311768,0.9043074250221252,0.623928427696228,0.8379173874855042,0.7352487444877625,0.814816415309906,0.7178987264633179,0.8649734854698181,0.7198156118392944,0.7835922241210938,0.6907630562782288,0.9248793721199036,0.7812790274620056,0.8886442184448242,0.7599044442176819,0.9639111757278442,0.7900561094284058,0.8918564319610596,0.7696805596351624,0.9626829624176025,0.8045159578323364,0.9325723648071289,0.7779874801635742,1.0382808446884155,1
0.6609405279159546,0.840112030506134,0.6556621789932251,0.8171426057815552,0.6562584638595581,0.8147961497306824,0.6568098068237305,0.8131277561187744,0.6524695754051208,0.8294353485107422,0.6521021127700806,0.8304315805435181,0.6549863815307617,0.8372103571891785,0.6599288582801819,0.7916614413261414,0.6539900898933411,0.8205438852310181,0.662734866142273,0.8066321611404419,0.6658915877342224,0.8375263810157776,0.689607560634613,0.738374650478363,0.6674802899360657,0.8017624616622925,0.6918302178382874,0.8373873233795166,0.6606054306030273,0.8361793160438538,0.655685305595398,0.8962395191192627,0.6424625515937805,0.8655577301979065,0.6483651995658875,0.9159159660339355,0.6369147300720215,0.8785982131958008,0.6448068618774414,0.9097151160240173,0.6355621814727783,0.8683672547340393,0.6473255157470703,0.9015147089958191,0.6388600468635559,0.8631808757781982,0.7354757785797119,0.8165061473846436,0.720552384853363,0.8675481081008911,0.7182843685150146,0.7809860706329346,0.6893881559371948,0.9232170581817627,0.7832364439964294,0.8872199654579163,0.761400043964386,0.961348295211792,0.7867657542228699,0.8976905345916748,0.7716348171234131,0.9596928954124451,0.8040040731430054,0.9363113045692444,0.7781457901000977,1.0265862941741943,1
0.6609759330749512,0.8310713768005371,0.6567346453666687,0.819736659526825,0.657074511051178,0.8167532682418823,0.6557480096817017,0.8105198740959167,0.6587191820144653,0.8308411836624146,0.6588011980056763,0.8303267955780029,0.6587929725646973,0.8301444053649902,0.6596702337265015,0.7906194925308228,0.6555166244506836,0.811835527420044,0.6647148132324219,0.8109187483787537,0.6689621210098267,0.8327578902244568,0.6917033791542053,0.7503136992454529,0.675259530544281,0.7808489799499512,0.68992680311203,0.8405259251594543,0.6693171858787537,0.7946158051490784,0.6531573534011841,0.9016594886779785,0.6417818069458008,0.8060529828071594,0.6461864709854126,0.911358654499054,0.6343996524810791,0.8124488592147827,0.6427756547927856,0.9065597057342529,0.6322456002235413,0.8026880025863647,0.6434137225151062,0.9043838381767273,0.6358669996261597,0.8016247153282166,0.7449604272842407,0.8113219141960144,0.7372061014175415,0.8706159591674805,0.7256895303726196,0.7960430979728699,0.6965033411979675,0.9192625284194946,0.7826887965202332,0.8783528804779053,0.763590395450592,0.9660229086875916,0.7911577224731445,0.8875040411949158,0.7718614339828491,0.9625856876373291,0.8025010824203491,0.9324513077735901,0.77779620885849,1.0416254997253418,1
0.6617953181266785,0.844276487827301,0.656219482421875,0.8276461362838745,0.656395435333252,0.825699508190155,0.6584377884864807,0.8177475929260254,0.6555960178375244,0.8307971954345703,0.6554055213928223,0.8311295509338379,0.6552261114120483,0.8317802548408508,0.6590100526809692,0.7990864515304565,0.6568124890327454,0.8207324743270874,0.6677964925765991,0.833622395992279,0.6668193936347961,0.8401497602462769,0.6929855346679688,0.7636298537254333,0.6685246229171753,0.7931336164474487,0.6927614212036133,0.8597352504730225,0.6488367915153503,0.7908512353897095,0.6559401750564575,0.8985240459442139,0.5963794589042664,0.7936627864837646,0.6478331089019775,0.9120998382568359,0.6040579080581665,0.7977784276008606,0.6444265842437744,0.9067209959030151,0.5913153290748596,0.7904318571090698,0.6463799476623535,0.8995921611785889,0.6079082489013672,0.7859378457069397,0.7447516918182373,0.8452500104904175,0.7283617258071899,0.8849014043807983,0.7281602025032043,0.8081027269363403,0.6974614858627319,0.9456373453140259,0.785385012626648,0.8896294236183167,0.7641079425811768,0.9646189212799072,0.7921300530433655,0.8928823471069336,0.773354172706604,0.9577272534370422,0.806603193283081,0.9327606558799744,0.782162606716156,1.0314185619354248,1
0.6606804132461548,0.8273944854736328,0.6564828753471375,0.8165601491928101,0.6567127108573914,0.8132519125938416,0.6559646725654602,0.8080167770385742,0.6557039618492126,0.8244333267211914,0.6545504927635193,0.8306214809417725,0.6544095277786255,0.8327305316925049,0.6595906019210815,0.7901392579078674,0.6558836102485657,0.8230146765708923,0.6644733548164368,0.8078093528747559,0.6695573925971985,0.8343056440353394,0.6881693601608276,0.7325323224067688,0.6696593761444092,0.8157296776771545,0.6907414197921753,0.8273606896400452,0.6819314360618591,0.8035793304443359,0.6529650688171387,0.8912161588668823,0.6719120144844055,0.8018088340759277,0.6464912295341492,0.9089887738227844,0.6696964502334595,0.8091960549354553,0.6431760191917419,0.9048075675964355,0.6675435304641724,0.7977890968322754,0.6448526978492737,0.8967500329017639,0.6691455841064453,0.7938163876533508,0.7443777918815613,0.8096048831939697,0.7353771328926086,0.888733983039856,0.7266959547996521,0.783231794834137,0.6990703344345093,0.9208180904388428,0.7856195569038391,0.8720837831497192,0.7641490697860718,0.9659836292266846,0.7926725149154663,0.8849513530731201,0.7724633812904358,0.961593747138977,0.8055699467658997,0.9266520738601685,0.7811285853385925,1.037116289138794,1
0.6631008386611938,0.8205075263977051,0.6585979461669922,0.8120560646057129,0.6591874361038208,0.8094629049301147,0.6598445177078247,0.807264506816864,0.6557926535606384,0.8230645656585693,0.655434250831604,0.8243687152862549,0.6552743315696716,0.8260794878005981,0.6621744632720947,0.7848031520843506,0.656190812587738,0.8117016553878784,0.6678488850593567,0.80284583568573,0.6643527150154114,0.8137192726135254,0.696252167224884,0.7454569339752197,0.6728768348693848,0.783282995223999,0.6926049590110779,0.8558102250099182,0.6530551314353943,0.7822141647338867,0.6539545059204102,0.8985498547554016,0.6206122636795044,0.7839537262916565,0.6464693546295166,0.9167181253433228,0.6111703515052795,0.7898992300033569,0.6441813111305237,0.9036731719970703,0.6108396053314209,0.7765265703201294,0.6449354887008667,0.9024029970169067,0.6153042912483215,0.774289608001709,0.7507200241088867,0.8123477697372437,0.7363590598106384,0.8736630082130432,0.7218620777130127,0.7991143465042114,0.6995437145233154,0.9125427007675171,0.7864961624145508,0.8819352388381958,0.7620688676834106,0.9719481468200684,0.7995274066925049,0.8884981274604797,0.7724552154541016,0.9685715436935425,0.8068912625312805,0.9444197416305542,0.7803843021392822,1.0614278316497803,1
0.6571009159088135,0.8170996904373169,0.6546263694763184,0.8099515438079834,0.6566651463508606,0.8026710152626038,0.6573812961578369,0.8005709052085876,0.6534135341644287,0.8155900239944458,0.6531895995140076,0.8173218965530396,0.6530818343162537,0.8190573453903198,0.6600316762924194,0.789562463760376,0.6553475260734558,0.8106064200401306,0.6645870208740234,0.8064154386520386,0.6707540154457092,0.8266046047210693,0.6862486004829407,0.7320990562438965,0.6731352806091309,0.7812502384185791,0.6938540935516357,0.8440538644790649,0.6622591018676758,0.7688878774642944,0.6555506587028503,0.8952576518058777,0.635593831539154,0.7598291039466858,0.6478086113929749,0.9140084981918335,0.6283138394355774,0.762665331363678,0.6423736214637756,0.9055811166763306,0.6270714402198792,0.750617504119873,0.6461408138275146,0.8991477489471436,0.6306636929512024,0.7495449185371399,0.7492521405220032,0.8126518130302429,0.7400650978088379,0.8728927969932556,0.7237770557403564,0.7943518757820129,0.7010058164596558,0.9441370368003845,0.78718101978302,0.8791154623031616,0.7621514201164246,0.9686844348907471,0.7934232950210571,0.8851754069328308,0.7722541093826294,0.9643908143043518,0.8066999316215515,0.9323146939277649,0.7783605456352234,1.0523096323013306,1
0.6602295637130737,0.8249925374984741,0.6579352021217346,0.8080258965492249,0.6585469841957092,0.8052482008934021,0.6592726111412048,0.8030243515968323,0.6553595662117004,0.8206255435943604,0.6551737189292908,0.8227523565292358,0.6551873087882996,0.8252028226852417,0.6600630879402161,0.7885225415229797,0.6559396982192993,0.8119678497314453,0.6663544774055481,0.8004313111305237,0.6630358695983887,0.8138212561607361,0.6953673362731934,0.7474475502967834,0.6734353303909302,0.7855691909790039,0.6935167908668518,0.8524720668792725,0.6594012975692749,0.7800543308258057,0.6556832790374756,0.8999870419502258,0.6310591697692871,0.7799652814865112,0.6465662121772766,0.9158953428268433,0.6230380535125732,0.7851805686950684,0.6426706910133362,0.9100072383880615,0.6223109364509583,0.7728503942489624,0.6458765268325806,0.9030892848968506,0.6262270212173462,0.7709404826164246,0.7482825517654419,0.8120591640472412,0.7398428916931152,0.8742007613182068,0.7264596819877625,0.7966228723526001,0.7021491527557373,0.9459322690963745,0.787277102470398,0.8785698413848877,0.7616589665412903,0.9696429371833801,0.7933574318885803,0.8846240043640137,0.7719840407371521,0.9649748206138611,0.806392252445221,0.9349319934844971,0.7784169316291809,1.0515406131744385,1
